,Suboptimal proxy structure,Base pair,Energy (kcal/mol),MFE distance,AptaMat,Probability
0,.......((.(((......))).)).....((((...(((.......(((....)))...........))))))).,15,-7.845,0,0,0.051671
1,.......((.(((......))).))..((((.......)))).....(((....)))...................,12,-6.995,19,0,0.012294
2,.......((.(((......))).)).....((((...(((....((((((....)))........)))))))))).,18,-6.722,6,0,0.007762
3,.......((.(((......))).)).....(((....(((.......(((....)))...........))).))).,14,-6.718,2,0,0.007706
4,.......((.(((......))).))..((((.......)))).....(((....))).....(.(...).).....,14,-6.638,21,0,0.006732
5,.......((.(((......))).))....((.......)).......(((....)))...................,10,-6.572,15,0,0.006022
6,.......((.(((......))).))..((((.......)))).(((((((....)))........)))).......,16,-6.544,26,0,0.005748
7,.......((.(((......))).))............(((.......(((....)))...........))).....,11,-6.51,8,0,0.005421
8,.......((.(((......))).)).....(((.(((.((......))..))).)))...................,13,-6.402,27,0,0.004522
9,.......((.(((......))).)).....((((.............(((....)))..............)))).,12,-6.364,6,0,0.004241
10,.......((.(((......))).))...(((.......)))......(((....)))...................,11,-6.348,17,0,0.004130
11,.......((.(((......))).))..((((.......)))).....(((....)))..((.(.(...).)..)).,16,-6.319,23,0,0.003931
12,.......((.(((......))).)).....((((...(((.(.....(((....))).........).))))))).,16,-6.3,2,0,0.003803
13,.......((.(((......))).))....((.......))...(((((((....)))........)))).......,14,-6.256,22,0,0.003534
14,.......((.(((......))).))..((((.......)))).....(((....))).......(...).......,13,-6.246,20,0,0.003477
15,.......((.(((......))).))..((((.......)))).....(((....)))...(.(.(...)).)....,15,-6.243,22,0,0.003456
16,...........((((....)))).......((((...(((.......(((....)))...........))))))).,14,-6.24,13,0,0.003438
17,.......((.(((......))).))....((.......)).......(((....))).....(.(...).).....,12,-6.215,17,0,0.003297
18,.......((.(((......))).)).....(((((............(((....))).............))))).,13,-6.214,7,0,0.003291
19,.......((.(((......))).))..((((.......)))).....(((....)))...(.(......).)....,14,-6.176,21,0,0.003085
20,.......((.(((......))).)).....((((..((.....(((((((....)))........)))))))))).,18,-6.165,14,0,0.003029
21,.......((.(((......))).))......................(((....)))...................,8,-6.139,14,0,0.002902
22,..........(((......)))........((((...(((.......(((....)))...........))))))).,13,-6.129,4,0,0.002852
23,.......((.(((......))).)).....((((...(((....(..(((....)))..)........))))))).,16,-6.094,2,0,0.002688
24,.......((.(((......))).)).....((((....((.......(((....)))...........)).)))).,14,-6.09,2,0,0.002668
25,.......((.(((......))).)).....((((...((....(((((((....)))........)))))))))).,18,-6.069,9,0,0.002575
26,.......((.(((......))).))......((.((....)).))..(((....)))...................,12,-6.056,20,0,0.002520
27,.......((.(((......))).)).....(((.(((.((......))..))).))).....(.(...).).....,15,-6.045,29,0,0.002476
28,.......((.(((......))).))...(((.......)))..(((((((....)))........)))).......,15,-6.033,24,0,0.002424
29,.......((.(((......))).)).............(....)...(((....)))...................,9,-5.992,15,0,0.002264
30,.......((.(((......))).))...(((.......)))......(((....))).....(.(...).).....,13,-5.992,19,0,0.002261
31,.......((.(((......))).))..((((.......)))).....(((....))).....((.......))...,14,-5.979,21,0,0.002215
32,.......((.(((......))).))..((((.......)))).....(((....)))..((............)).,14,-5.952,21,0,0.002116
33,.......((.(((......))).)).....((((...(((..(....(((....))).........).))))))).,16,-5.948,2,0,0.002099
34,.......((.(((......))).)).....((((...(((....(..(((....))).).........))))))).,16,-5.933,2,0,0.002049
35,.......((.(((......))).))....((.......)).......(((....)))..((.(.(...).)..)).,14,-5.896,19,0,0.001925
36,.......((.(((......))).)).....((((...(((......((((....)))..)........))))))).,16,-5.883,2,0,0.001882
37,.......((.(((......))).)).....((((...(((........((....))............))))))).,14,-5.865,2,0,0.001827
38,.......((.(((......))).)).....((((...(((......((((....)))....)......))))))).,16,-5.855,2,0,0.001796
39,.......((.((........)).)).....((((...(((.......(((....)))...........))))))).,14,-5.837,2,0,0.001743
40,.......((.(((......))).))..................(((((((....)))........)))).......,12,-5.824,21,0,0.001703
41,.......((.(((......))).))....((.......)).......(((....))).......(...).......,11,-5.824,16,0,0.001703
42,.......((.(((......))).))..((((.......)))).....(((....)))............(....).,13,-5.823,19,0,0.001700
43,.......((.(((......))).))....((.......)).......(((....)))...(.(.(...)).)....,13,-5.82,18,0,0.001693
44,.......((.(((......))).)).....(((((...((.......(((....)))...........))))))).,15,-5.797,3,0,0.001627
45,.......((.(((......))).))......................(((....))).....(.(...).).....,10,-5.783,16,0,0.001589
46,...........(((......))).......((((...(((.......(((....)))...........))))))).,13,-5.767,12,0,0.001547
47,.......((.(((......))).))....((.......)).......(((....)))...(.(......).)....,12,-5.753,17,0,0.001511
48,.......((.(((......))).))..((((.......)))).....(((....)))..........((...))..,14,-5.733,20,0,0.001460
49,.......((.(((......))).)).....(((.(((.((......))..))).)))..((.(.(...).)..)).,17,-5.727,31,0,0.001446
50,...(((.((.(((......))).)).....)))....(((.......(((....)))...........))).....,14,-5.709,11,0,0.001404
51,.......((.(((......))).))......((.((....)).))..(((....))).....(.(...).).....,14,-5.699,22,0,0.001380
52,.......((.(((......))).))...(((.......)))......(((....)))..((.(.(...).)..)).,15,-5.673,21,0,0.001320
53,.......((.(((.(...)))).)).....((((...(((.......(((....)))...........))))))).,16,-5.668,2,0,0.001309
54,.......((.(((......))).)).....((((.........(((((((....)))........))))..)))).,16,-5.661,13,0,0.001294
55,.......((.(((......))).)).....(((.(((.((......))..))).))).......(...).......,14,-5.654,28,0,0.001279
56,.......((.(((......))).)).....(((.(((.((......))..))).)))...(.(.(...)).)....,16,-5.65,30,0,0.001271
57,.......((.(((......))).)).............(....)...(((....))).....(.(...).).....,11,-5.636,17,0,0.001240
58,.......((.(((......))).))..((((.......)))).....(((....)))..........(.....)..,13,-5.627,20,0,0.001222
59,.......((.(((......))).)).....(((...((.....(((((((....)))........)))))).))).,17,-5.614,16,0,0.001196
60,.......((.(((......))).)).....((((...(((............................))))))).,12,-5.602,6,0,0.001171
61,.......((.(((......))).))...(((.......)))......(((....))).......(...).......,12,-5.6,18,0,0.001168
62,.......((.(((......))).))...(((.......)))......(((....)))...(.(.(...)).)....,14,-5.597,20,0,0.001161
63,.......((.(((......))).)).....(((....(((....((((((....)))........)))))).))).,17,-5.595,8,0,0.001158
64,.......((.(((......))).)).....((((((.......(((((((....)))........)))))))))).,18,-5.583,15,0,0.001135
65,.......((.(((......))).)).....(((.(((.((......))..))).)))...(.(......).)....,15,-5.583,29,0,0.001135
66,.......((.(((......))).))..((((.......)))).....(((....)))..(.((.(...).))..).,16,-5.559,23,0,0.001090
67,.......((.(((......))).))....((.......)).......(((....))).....((.......))...,12,-5.556,17,0,0.001085
68,.......((.(((......))).)).....((((...(((........((....))((......))..))))))).,16,-5.53,5,0,0.001037
69,.......((.(((......))).))....((.......)).......(((....)))..((............)).,12,-5.529,17,0,0.001036
70,.......((.(((......))).))...(((.......)))......(((....)))...(.(......).)....,13,-5.529,19,0,0.001036
71,.......((.(((......))).))......(((...(((.......(((....)))...........))))))..,14,-5.516,2,0,0.001013
72,.......((.(((......))).)).....((((...(((..(.(.((((....)))....)..).).))))))).,18,-5.504,6,0,0.000994
73,.......((.(((......))).)).....((((...(((...((..(((....)))....)).....))))))).,17,-5.468,4,0,0.000934
74,.......((.(((......))).))......................(((....)))..((.(.(...).)..)).,12,-5.464,18,0,0.000928
75,.......((.(((......))).))..((((.......)))).....(((....)))........(........).,13,-5.45,20,0,0.000907
76,.....(.((.(((......))).)).)...((((...(((.......(((....)))...........))))))).,16,-5.448,2,0,0.000904
77,.......((..((((....))))..))...((((...(((.......(((....)))...........))))))).,16,-5.448,15,0,0.000904
78,.......((.(((......))).))..((((.......))))...(((.((.................)).)))..,14,-5.425,28,0,0.000869
79,.......((.(((......))).)).....((((...(((.....(((((....)))........)).))))))).,17,-5.42,4,0,0.000862
80,.......((.(((......))).)).....((((...((........(((....))).......)).....)))).,14,-5.417,8,0,0.000857
81,..(.....)..((((....)))).......((((...(((.......(((....)))...........))))))).,15,-5.402,14,0,0.000836
82,......(((.(((......))).)).)...((((...(((.......(((....)))...........))))))).,16,-5.402,2,0,0.000836
83,.......((.(((......))).))....((.......)).......(((....)))............(....).,11,-5.4,15,0,0.000833
84,.......((.(((......))).)).........((....)).....(((....)))...................,10,-5.394,18,0,0.000825
85,.......((.(((......))).))......................(((....))).......(...).......,9,-5.391,15,0,0.000821
86,...........((((....))))....((((.......)))).....(((....)))...................,11,-5.389,32,0,0.000818
87,.......((.(((......))).))......................(((....)))...(.(.(...)).)....,11,-5.387,17,0,0.000816
88,.......((.(((......))).)).....(((.(((.((......))..))).))).....((.......))...,15,-5.387,29,0,0.000815
89,.......((.(((......))).))............(((....((((((....)))........)))))).....,14,-5.387,14,0,0.000814
90,.......((.(((......))).))......((.((....)).))..(((....)))..((.(.(...).)..)).,16,-5.38,24,0,0.000806
91,.......((.(((......))).)).....(((((..((........(((....))).......))....))))).,15,-5.363,9,0,0.000782
92,.......((.(((......))).)).....(((.(((.((......))..))).)))..((............)).,15,-5.36,29,0,0.000778
93,.......((.(((......))).))......((..........))..(((....)))...................,10,-5.343,16,0,0.000757
94,...(((.((.(((......))).)).....)))..............(((....)))...................,11,-5.339,17,0,0.000751
95,.......((.(((......))).))...(((.......)))......(((....))).....((.......))...,13,-5.333,19,0,0.000744
96,..((...))..((((....)))).......((((...(((.......(((....)))...........))))))).,16,-5.331,15,0,0.000741
97,.......((.(((......))).)).(.....)....(((.......(((....)))...........))).....,12,-5.329,9,0,0.000740
98,.......((.(((......))).))......................(((....)))...(.(......).)....,10,-5.32,16,0,0.000728
99,.......((.(((......))).)).............(....)...(((....)))..((.(.(...).)..)).,13,-5.317,19,0,0.000724
100,.......((.(((......))).)).....((((...(((...(...(((....))).....).....))))))).,16,-5.314,2,0,0.000721
101,.......((.(((......))).))....((.......)).......(((....)))..........((...))..,12,-5.31,16,0,0.000715
102,...(((.((..((((....))))..))...)))....(((.......(((....)))...........))).....,15,-5.309,26,0,0.000715
103,.......((.(((......))).))..((((.......)))).....(((....))).....(.(...))......,14,-5.309,21,0,0.000714
104,.......((.(((......))).))......((.((....)).))..(((....))).......(...).......,13,-5.307,21,0,0.000713
105,.......((.(((......))).))...(((.......)))......(((....)))..((............)).,13,-5.306,19,0,0.000711
106,.......((.(((......))).))......((.((....)).))..(((....)))...(.(.(...)).)....,15,-5.304,23,0,0.000708
107,.......((.(((......))).)).((...))....(((.......(((....)))...........))).....,13,-5.302,10,0,0.000706
108,.......((.(((......))).))..((((.......)))).....(((....)))..((.((.......)))).,16,-5.296,23,0,0.000699
109,.......((.(((......))).))..((((.......))))......((....))....................,11,-5.283,21,0,0.000684
110,..........(((......))).....((((.......)))).....(((....)))...................,10,-5.278,23,0,0.000679
111,.......((.(((......))).))..((((.......)))).....(((....))).......(.........).,13,-5.273,20,0,0.000672
112,.......((.(((......))).))..((((.......)))).....(((....)))..(..............).,13,-5.266,20,0,0.000664
113,.....................(((....)))......(((.......(((....)))...........))).....,9,-5.26,21,0,0.000658
114,.......(..(((......)))..).....((((...(((.......(((....)))...........))))))).,14,-5.258,2,0,0.000656
115,.......((.(((......))).)).............(....)...(((....))).......(...).......,10,-5.244,16,0,0.000640
116,.......((.(((......))).)).......(.((....)).)...(((....)))...................,11,-5.244,19,0,0.000640
117,.......((.(((......))).))..((((.......)))).....(((....))).....(......)......,13,-5.241,20,0,0.000638
118,.......((.(((......))).))..((((.......))))....((((....)))..)................,13,-5.241,21,0,0.000637
119,.......((.(((......))).)).............(....)...(((....)))...(.(.(...)).)....,12,-5.241,18,0,0.000637
120,.......((.(((......))).))..((((.......)))).....(((....)))..((...(...)....)).,15,-5.24,22,0,0.000636
121,.......((.(((......))).)).....((((...(((.......(((....)))...(.....).))))))).,16,-5.238,2,0,0.000633
122,.......((.(((......))).)).....((((...(((..(.(..(((....))).......).).))))))).,17,-5.237,4,0,0.000633
123,.......((.(((......))).))......((.((....)).))..(((....)))...(.(......).)....,14,-5.236,22,0,0.000632
124,.......((.(((......))).))..((((.......)))).....(((....))).....(.........)...,13,-5.233,20,0,0.000628
125,.......((.(((......))).)).....(((.(((.((......))..))).)))............(....).,14,-5.23,27,0,0.000626
126,.......((.(((......))).)).....((((((.((........(((....))).......))...)))))).,16,-5.229,10,0,0.000624
127,.......((.(((......))).))....((.......)).......(((....)))..........(.....)..,11,-5.204,16,0,0.000598
128,...(((.((.(((......))).)).....))).....(....)...(((....)))...................,12,-5.192,18,0,0.000586
129,.......((.(((......))).)).......((...(((.......(((....)))...........)))))...,13,-5.18,4,0,0.000575
130,.......((.(((......))).))...(((.......)))......(((....)))............(....).,12,-5.176,17,0,0.000571
131,.......((.(((......))).))..((((.......)))).....(((....))).....(((...)..))...,15,-5.175,22,0,0.000570
132,.......((.(((......))).)).............(....)...(((....)))...(.(......).)....,11,-5.173,17,0,0.000568
133,.......((.(((......))).)).....(((....(((.(.....(((....))).........).))).))).,15,-5.172,4,0,0.000567
134,.......((.(((......))).)).....(((.(((.((......))..))).)))..........((...))..,15,-5.14,28,0,0.000537
135,.......((.(((......))).))....((.......)).......(((....)))..(.((.(...).))..).,14,-5.136,19,0,0.000534
136,.......((.(((......))).)).....(((((.((.........(((....))).......))....))))).,15,-5.124,10,0,0.000523
137,.......((.(((......))).))......................(((....))).....((.......))...,10,-5.124,16,0,0.000523
138,.......((.(((......))).))..(((.........))).....(((....)))...................,11,-5.121,19,0,0.000520
139,.......((.(((......))).))..((((.......)))).....(((....))).............(...).,13,-5.118,19,0,0.000518
140,...........((((....)))).......((((...(((....((((((....)))........)))))))))).,17,-5.117,19,0,0.000516
141,...........((((....)))).......(((....(((.......(((....)))...........))).))).,13,-5.112,15,0,0.000513
142,........(.(((......))).)......((((...(((.......(((....)))...........))))))).,14,-5.108,2,0,0.000509
143,.......((.(((......)))...))...((((...(((.......(((....)))...........))))))).,15,-5.101,6,0,0.000503
144,.......((.(((.....).)).)).....((((...(((.......(((....)))...........))))))).,15,-5.101,3,0,0.000503
145,.......((.(((......))).))......................(((....)))..((............)).,10,-5.097,16,0,0.000499
146,.......((.(((......))).))...(((.......)))......(((....)))..........((...))..,13,-5.086,18,0,0.000491
147,.......((.(((......))).))..((((.......)))).....(((....)))...........(...)...,13,-5.086,19,0,0.000490
148,.......((.(((......))).)).....((((...(((....(..(((....)))...).......))))))).,16,-5.079,2,0,0.000485
149,.......((.(((......))).)).....((((..((.........(((....))).......)).....)))).,14,-5.067,9,0,0.000475
150,.......((.(((......))).)).....((((...(((.......(((....)))(......)...))))))).,16,-5.062,2,0,0.000471
151,.......((.(((......))).)).......(......).......(((....)))...................,9,-5.055,14,0,0.000465
152,.......((.(((......))).))......((.((....)).))..(((....))).....((.......))...,14,-5.04,22,0,0.000454
153,.......((.(((......))).))..((((.......))))...(((((....)))........)).........,14,-5.04,23,0,0.000454
154,.......((.(((......))).)).........((....)).....(((....))).....(.(...).).....,12,-5.037,20,0,0.000452
155,.......((.(((......))).)).....(((.(((.((......))..))).)))..........(.....)..,14,-5.034,28,0,0.000449
156,.......((.(((......))).))..((((.......)))).....(((....)))...(.....).........,13,-5.033,21,0,0.000449
157,...........((((....))))....((((.......)))).....(((....))).....(.(...).).....,13,-5.032,34,0,0.000448
158,.......((.(((......))).)).....((((...(((....(((..................)))))))))).,15,-5.029,12,0,0.000446
159,.......((.(((......))).))....((.......)).......(((....)))........(........).,11,-5.027,16,0,0.000444
160,.......((.(((......))).)).....((((...(((.........(....).((......))..))))))).,15,-5.027,7,0,0.000444
161,.......((..((......))..)).....((((...(((.......(((....)))...........))))))).,14,-5.027,2,0,0.000444
162,...(((.((.(((......))).)).....)))..........(((((((....)))........)))).......,15,-5.023,24,0,0.000441
163,.......((.(((......))).))..((((.......)))).....(((....))).....(.......).....,13,-5.021,20,0,0.000439
164,.......((.(((......))).)).....((((...((((......(((....))).........).))))))).,16,-5.014,2,0,0.000434
165,.......((.(((......))).)).....((((...(((....(..(((....)))....)......))))))).,16,-5.014,2,0,0.000434
166,.......((.(((......))).))......((.((....)).))..(((....)))..((............)).,14,-5.013,22,0,0.000434
167,.......((.(((......))).)).........((.....))....(((....)))...................,10,-5.008,18,0,0.000430
168,..........(((......)))........((((...(((....((((((....)))........)))))))))).,16,-5.006,10,0,0.000428
169,.......((.(((......))).)).....((((..((.........(((....)))............)))))).,14,-5.005,7,0,0.000427
170,.......((.(((......))).))....((.......)).....(((.((.................)).)))..,12,-5.002,24,0,0.000425
171,..........(((......)))........(((....(((.......(((....)))...........))).))).,12,-5.002,6,0,0.000425
172,.......((.((........)).))..((((.......)))).....(((....)))...................,11,-4.987,21,0,0.000415
173,.......((.(((......))).))......((..........))..(((....))).....(.(...).).....,12,-4.986,18,0,0.000414
174,.......((.(((......))).)).....((((...(.....(((((((....)))........))))).)))).,17,-4.986,13,0,0.000414
175,...(((.((.(((......))).)).....)))..............(((....))).....(.(...).).....,13,-4.982,19,0,0.000411
176,.......((.(((......))).))...(((.......)))......(((....)))..........(.....)..,12,-4.98,18,0,0.000410
177,.......((.(((......))).)).............(....)...(((....))).....((.......))...,11,-4.977,17,0,0.000408
178,.......((..(((......)))..))...((((...(((.......(((....)))...........))))))).,15,-4.975,14,0,0.000407
179,.......((.(((......))).))..((((.......)))).....(((....)))....(............).,13,-4.969,20,0,0.000402
180,.......((.(((......))).))......................(((....)))............(....).,9,-4.967,14,0,0.000401
181,.......((.(((......))).)).....(((.(((.((......))..))).)))..(.((.(...).))..).,17,-4.967,31,0,0.000401
182,.......((.(((......))).)).....(((....(((....(..(((....)))..)........))).))).,15,-4.967,4,0,0.000401
183,.......((.(((......))).)).....((((....((....((((((....)))........))))).)))).,17,-4.966,8,0,0.000401
184,...........((((....))))......((.......)).......(((....)))...................,9,-4.966,28,0,0.000401
185,.......((.(((......))).))............(((.(.....(((....))).........).))).....,12,-4.964,10,0,0.000399
186,...(((.((.(((......)))...))...)))....(((.......(((....)))...........))).....,14,-4.962,17,0,0.000398
187,.......((.(((......))).)).(.....)..............(((....)))...................,9,-4.959,15,0,0.000396
188,.......((.(((......))).))..((((.......)))).....(((......((......))......))).,14,-4.954,28,0,0.000392
189,.......((.(((......))).)).............(....)...(((....)))..((............)).,11,-4.95,17,0,0.000390
190,.......((.(((......))).))..((((.......)))).......(....).....................,10,-4.947,23,0,0.000388
191,.......((.(((......))).)).....(((((((.((......))..)))..................)))).,14,-4.944,19,0,0.000386
192,.......((.(((......))).)).........((....)).(((((((....)))........)))).......,14,-4.944,25,0,0.000386
193,.......((.(((......))).)).....(((....((....(((((((....)))........)))))).))).,17,-4.941,11,0,0.000384
194,.......((.(((......))).)).....((((...(((......((((....))).......)...))))))).,16,-4.94,2,0,0.000384
195,...........((((....))))....((((.......)))).(((((((....)))........)))).......,15,-4.939,39,0,0.000382
196,...(((.((..((((....))))..))...)))..............(((....)))...................,12,-4.939,32,0,0.000382
197,.......((.(((......))).)).((...))..............(((....)))...................,10,-4.932,16,0,0.000378
198,..(.....)..(((......))).......((((...(((.......(((....)))...........))))))).,14,-4.929,13,0,0.000376
199,.......((.(((......))).))..((((.......))))......((....))......(.(...).).....,13,-4.926,23,0,0.000375
200,...........((........)).......((((...(((.......(((....)))...........))))))).,12,-4.924,11,0,0.000373
201,..........(((......))).....((((.......)))).....(((....))).....(.(...).).....,12,-4.922,25,0,0.000372
202,...........(((......)))....((((.......)))).....(((....)))...................,10,-4.916,31,0,0.000368
203,.......((.(((......))).))...(((.......)))......(((....)))..(.((.(...).))..).,15,-4.913,21,0,0.000366
204,...........((((....))))..............(((.......(((....)))...........))).....,10,-4.904,21,0,0.000361
205,.....................(((....)))................(((....)))...................,6,-4.89,27,0,0.000352
206,.......((.(((......))).)).......(.((....)).)...(((....))).....(.(...).).....,13,-4.887,21,0,0.000350
207,.......((.(((......))).))....((.......)).......(((....))).....(.(...))......,12,-4.886,17,0,0.000350
208,.......((.(((......))).))..((((.......))))....((((....)))..)..(.(...).).....,15,-4.884,23,0,0.000349
209,.......((.(((......))).))......((.((....)).))..(((....)))............(....).,13,-4.884,20,0,0.000348
210,.......((.(((......))).))..((((.......)))).......((.................))......,11,-4.882,26,0,0.000347
211,.......((.(((......))).))......................(((....)))..........((...))..,10,-4.877,15,0,0.000345
212,.......((.(((......))).)).............((......))........((......))..........,9,-4.873,24,0,0.000342
213,.......((.(((......))).))....((.......)).......(((....)))..((.((.......)))).,14,-4.873,19,0,0.000342
214,.......((.(((......))).))....((.......))........((....))....................,9,-4.86,17,0,0.000335
215,.......((.(((......))).)).....(((.(((.((......))..))).)))........(........).,14,-4.858,28,0,0.000334
216,..((...))..(((......))).......((((...(((.......(((....)))...........))))))).,15,-4.857,14,0,0.000333
217,..........(((......))).......((.......)).......(((....)))...................,8,-4.856,19,0,0.000332
218,.......((.(((......))).))..((((.......)))).((((..................)))).......,13,-4.851,32,0,0.000330
219,.......((.(((......))).))....((.......)).......(((....))).......(.........).,11,-4.85,16,0,0.000329
220,.......((.(((......))).))..((((.......)))).....((((.....((......)).....)))).,15,-4.85,29,0,0.000329
221,.......((.(((......))).))....((.......)).......(((....)))..(..............).,11,-4.843,16,0,0.000325
222,.......((.(((......))).)).....((((...(((......(.((....))...)........))))))).,15,-4.843,4,0,0.000325
223,.......(((((((((((.(((((....))).......)).)))))))........))))................,16,-4.842,48,0,0.000325
224,...(((.((..(((......)))..))...)))....(((.......(((....)))...........))).....,14,-4.836,25,0,0.000321
225,.......((.(((......))).))..((((.......)))).....(((....)))....(......).......,13,-4.835,20,0,0.000321
226,...(((.((.(((......))).)).....))).....(....)...(((....))).....(.(...).).....,14,-4.835,20,0,0.000321
227,..........(((......))).....((((.......)))).(((((((....)))........)))).......,14,-4.828,30,0,0.000317
228,.......((.(((......))).)).....(.....)..........(((....)))...................,9,-4.823,15,0,0.000315
229,.......((.(((......))).)).............(....)...(((....)))............(....).,10,-4.82,15,0,0.000313
230,.......((.(((......))).)).....(((....(((..(....(((....))).........).))).))).,15,-4.82,4,0,0.000313
231,.......((.(((......))).))....((.......)).......(((....))).....(......)......,11,-4.819,16,0,0.000312
232,.......((.(((......))).))....((.......))......((((....)))..)................,11,-4.818,17,0,0.000312
233,.......((.(((......))).))....((.......)).......(((....)))..((...(...)....)).,13,-4.817,18,0,0.000312
234,.......((.(((.(...)))).))..((((.......)))).....(((....)))...................,13,-4.817,21,0,0.000312
235,.......((.(((......))).))..((((.......))))...(((.((.....((......))..)).)))..,16,-4.816,31,0,0.000311
236,.......((.(((......))).)).(.....).....(....)...(((....)))...................,10,-4.812,16,0,0.000309
237,.......((.(((......))).)).....((((...(((.......(((....)))(.......)..))))))).,16,-4.81,2,0,0.000308
238,.......((.(((......))).))....((.......)).......(((....))).....(.........)...,11,-4.81,16,0,0.000308
239,.......((.(((......))).)).....((((...(((.......((......))...........))))))).,14,-4.808,2,0,0.000307
240,.......((.(((......))).)).....(((..((.((......))..))..)))...................,12,-4.806,25,0,0.000306
241,.......((.(((......))).)).....(((....(((....(..(((....))).).........))).))).,15,-4.806,4,0,0.000306
242,.......((.(((......))).))...(((.......)))......(((....)))........(........).,12,-4.804,18,0,0.000305
243,...........((((....)))).......(((.(((.((......))..))).)))...................,12,-4.797,40,0,0.000301
244,.......((.(((......))).))......((.((....)).))..(((....)))..........((...))..,14,-4.793,21,0,0.000299
245,..........(((......)))...............(((.......(((....)))...........))).....,9,-4.793,12,0,0.000299
246,.......((.(((......))).))(.((((.......))))..)..(((....)))...................,13,-4.792,21,0,0.000299
247,...(((.((..((((....))))..))...))).....(....)...(((....)))...................,13,-4.792,33,0,0.000298
248,...........((((....))))..(.((((.......))))..)..(((....)))...................,12,-4.791,34,0,0.000298
249,.......((.(((......))).))............(.....)...(((....)))...................,9,-4.788,15,0,0.000297
250,.......((.(((......))).)).............((......))............................,7,-4.787,21,0,0.000296
251,.......((.(((......))).)).....((((.(.......(((((((....)))........))))).)))).,17,-4.785,14,0,0.000295
252,.......((.(((......))).)).((...)).....(....)...(((....)))...................,11,-4.785,17,0,0.000295
253,.......((.(((......))).))...(((.......)))....(((.((.................)).)))..,13,-4.778,26,0,0.000292
254,.......((.(((......))).))..((((.......))))....((.((.................)).))...,13,-4.778,27,0,0.000292
255,.......((.(((......))).))......................(((....)))..........(.....)..,9,-4.771,15,0,0.000288
256,.......((.(((......))).))..((((.......)))).....(((....)))....(((.......)).).,15,-4.77,22,0,0.000288
257,.......((.(((......))).))..(((.........))).....(((....))).....(.(...).).....,13,-4.764,21,0,0.000285
258,...........((((....)))).......((((.............(((....)))..............)))).,11,-4.759,19,0,0.000282
259,.......((.(((......))).))............(((....(..(((....)))..)........))).....,12,-4.758,10,0,0.000282
260,.......((.(((......))).))..((((.......)))).(((((((....)))........))))(....).,17,-4.757,26,0,0.000282
261,.......((.(((......))).)).....(((....(((......((((....)))..)........))).))).,15,-4.756,4,0,0.000281
262,.......((.(((......))).))....((.......)).......(((....))).....(((...)..))...,13,-4.752,18,0,0.000279
263,..(.....).(((......)))........((((...(((.......(((....)))...........))))))).,14,-4.749,5,0,0.000278
264,.....................(((....))).......(....)...(((....)))...................,7,-4.743,28,0,0.000275
265,...........((((....)))).....(((.......)))......(((....)))...................,10,-4.743,30,0,0.000275
266,..(.((....(((......)))..)).)..((((...(((.......(((....)))...........))))))).,16,-4.741,9,0,0.000274
267,.......((.(((......))).)).......(......)...(((((((....)))........)))).......,13,-4.739,21,0,0.000273
268,.......((.(((......))).)).....(((....(((........((....))............))).))).,13,-4.738,4,0,0.000273
269,...........(.(((....))).).....((((...(((.......(((....)))...........))))))).,14,-4.735,14,0,0.000271
270,.......((.(((......))).))............((....(((((((....)))........)))))).....,14,-4.733,17,0,0.000270
271,.......((.(((......))).)).............(....)...(((....)))..........((...))..,11,-4.73,16,0,0.000269
272,.......((.(((......))).)).....(((....(((......((((....)))....)......))).))).,15,-4.728,4,0,0.000268
273,.......((.(((......))).)).....((((...(((.(.((..(((....)))....))...).))))))).,18,-4.726,6,0,0.000267
274,.......((.(((......))).)).........((....)).....(((....)))..((.(.(...).)..)).,14,-4.718,22,0,0.000264
275,.......((.(((......))).)).............((.......(((....)))...........))......,10,-4.716,10,0,0.000263
276,.......((.(((......))).)).....(((.(((.((......))..))).))).....(.(...))......,15,-4.716,29,0,0.000263
277,.......((.(((......))).)).....((((...(((...((.((((....)))..).)).....))))))).,18,-4.715,6,0,0.000262
278,.......((.((........)).)).....((((...(((....((((((....)))........)))))))))).,17,-4.714,8,0,0.000262
279,...........((((....))))....((((.......)))).....(((....)))..((.(.(...).)..)).,15,-4.714,36,0,0.000262
280,.......((.((........)).)).....(((....(((.......(((....)))...........))).))).,13,-4.71,4,0,0.000260
281,.......((.(((......))).))..((((.......))))...(((((....))).............))....,14,-4.71,21,0,0.000260
282,.......((.(((......))).))......................(((....)))..(.((.(...).))..).,12,-4.704,18,0,0.000257
283,.......((.(((......))).)).....(((.(((.((......))..))).)))..((.((.......)))).,17,-4.703,31,0,0.000257
284,.......((.(((......))).))..((((.......)))).....(((....)))..((.(.......)..)).,15,-4.702,22,0,0.000256
285,.......((.(((......))).)).......(......).......(((....))).....(.(...).).....,11,-4.698,16,0,0.000255
286,.......((.(((......))).))....(.........).......(((....)))...................,9,-4.698,15,0,0.000255
287,.......((.(((......))).))..((((.......)))).....(((......................))).,12,-4.697,25,0,0.000254
288,.......((.(((......))).))....((.......)).......(((....))).............(...).,11,-4.695,15,0,0.000254
289,.......((.(((......))).)).....((((((...........(((....)))............)))))).,14,-4.694,8,0,0.000253
290,...........((((....)))).......((((...(((.(.....(((....))).........).))))))).,15,-4.694,15,0,0.000253
291,.......((.(((......))).))......((.(((.((......))..))).))....................,12,-4.691,27,0,0.000252
292,.......((.(((......))).))..((((.......))))....((....................))......,11,-4.69,26,0,0.000251
293,.......((.(((......))).))..((((.......)))).....((((....................)))).,13,-4.689,26,0,0.000251
294,.......((.(((......))).))......((.((....)).))..(((....)))..........(.....)..,13,-4.688,21,0,0.000250
295,..........(((......)))........(((.(((.((......))..))).)))...................,11,-4.686,31,0,0.000250
296,.......((.(((......))).))..((((.......))))..............((......))..........,11,-4.684,28,0,0.000249
297,.......((.(((......))).)).....(((.(((.((......))..))).))).......(.........).,14,-4.68,28,0,0.000247
298,..........(((......)))...(.((((.......))))..)..(((....)))...................,11,-4.68,25,0,0.000247
299,.......((.(((......))).))...........((.....(((((((....)))........)))))).....,14,-4.679,22,0,0.000247
300,..((...)).(((......)))........((((...(((.......(((....)))...........))))))).,15,-4.677,6,0,0.000246
301,.......((.(((......))).))............((........(((....))).......))..........,10,-4.677,16,0,0.000246
302,.......((.(((......))).)).....(((((...((....((((((....)))........)))))))))).,18,-4.673,9,0,0.000244
303,.......((.(((......))).)).....(((.(((.((......))..))).)))..(..............).,14,-4.673,28,0,0.000244
304,.......((.(((......))).))..((((.......)))).....(((....)))..(........).......,13,-4.671,20,0,0.000243
305,.......((.(((......))).))..(((.........))).(((((((....)))........)))).......,15,-4.671,26,0,0.000243
306,.......((.(((......))).))......((..........))..(((....)))..((.(.(...).)..)).,14,-4.667,20,0,0.000242
307,...(((.((.(((......))).)).....)))..............(((....)))..((.(.(...).)..)).,15,-4.663,21,0,0.000240
308,.......((.(((......))).))....((.......)).......(((....)))...........(...)...,11,-4.663,15,0,0.000240
309,.......((.(((......))).))...(((.......)))......(((....))).....(.(...))......,13,-4.662,19,0,0.000240
310,.......((.(((......))).)).....((...))..........(((....)))...................,10,-4.653,16,0,0.000236
311,.......((.(((......))).)).........((.....))....(((....))).....(.(...).).....,12,-4.651,20,0,0.000235
312,...........((((....))))......((.......))...(((((((....)))........)))).......,13,-4.651,35,0,0.000235
313,.......((.(((......))).))...(((.......)))......(((....)))..((.((.......)))).,15,-4.649,21,0,0.000235
314,.......((.(((......))).)).....(((.(((.((......))..))).))).....(......)......,14,-4.649,28,0,0.000235
315,..........(((......)))........((((.............(((....)))..............)))).,10,-4.648,10,0,0.000234
316,.......((.(((......))).)).....(((.(((.((......))..))).)))..((...(...)....)).,16,-4.648,30,0,0.000234
317,.......((.(((......))).)).........((....)).....(((....))).......(...).......,11,-4.646,19,0,0.000233
318,.......((.(((......))).))..((((.......))))......((....))((......))..........,13,-4.645,24,0,0.000233
319,.......((.(((......))).)).(.....)..........(((((((....)))........)))).......,13,-4.644,22,0,0.000232
320,...........(((......))).......((((...(((....((((((....)))........)))))))))).,16,-4.643,18,0,0.000232
321,.......((.(((......))).)).........((....)).....(((....)))...(.(.(...)).)....,13,-4.642,21,0,0.000232
322,...........((((....))))....((((.......)))).....(((....))).......(...).......,12,-4.641,33,0,0.000231
323,.......((.(((......))).)).....(((.(((.((......))..))).))).....(.........)...,14,-4.64,28,0,0.000231
324,...........(((......))).......(((....(((.......(((....)))...........))).))).,12,-4.639,14,0,0.000231
325,.......((.(((......))).))..((((.......)))).....(((....)))..........(...)....,13,-4.638,20,0,0.000230
326,...........((((....))))....((((.......)))).....(((....)))...(.(.(...)).)....,14,-4.637,35,0,0.000230
327,.......((.(((......))).))...(((.......))).......((....))....................,10,-4.637,19,0,0.000230
328,..........(((......)))......(((.......)))......(((....)))...................,9,-4.632,21,0,0.000228
329,...(((....(((......)))........)))....(((.......(((....)))...........))).....,12,-4.632,15,0,0.000228
330,.......((.(((......))).))..((((.......)))).....(((....))).(.(.(.(...)).).)..,16,-4.632,23,0,0.000228
331,.......((.((........)).))..((((.......)))).....(((....))).....(.(...).).....,13,-4.63,23,0,0.000227
332,.......((.(((......))).))...(((.......)))......(((....))).......(.........).,12,-4.626,18,0,0.000226
333,.......((.(((......))).)).............(....)...(((....)))..........(.....)..,10,-4.624,16,0,0.000225
334,...(((.((..((((....))))..))...)))..........(((((((....)))........)))).......,16,-4.623,39,0,0.000224
335,.......((.(((......))).))......((.(.....)..))..(((....)))...................,11,-4.623,18,0,0.000224
336,.......((.(((......))).))......((.((....)).))..(((....)))..(.((.(...).))..).,16,-4.62,24,0,0.000223
337,.......((.(((......))).))...(((.......)))......(((....)))..(..............).,12,-4.619,18,0,0.000223
338,.......((.(((......))).))....((.......)).....(((((....)))........)).........,12,-4.617,19,0,0.000222
339,.......((.(((......))).)).((...))..........(((((((....)))........)))).......,14,-4.616,23,0,0.000222
340,.......((.(((......))).))............(((..(....(((....))).........).))).....,12,-4.612,10,0,0.000220
341,.......((.(((......))).))....((.......)).......(((....)))...(.....).........,11,-4.61,17,0,0.000220
342,...........((((....))))......((.......)).......(((....))).....(.(...).).....,11,-4.609,30,0,0.000219
343,...........((((....)))).......(((((............(((....))).............))))).,12,-4.608,20,0,0.000219
344,.......((.(((......))).))..((((.......))))......((....))...((.(.(...).)..)).,15,-4.608,25,0,0.000219
345,..........(((......))).....((((.......)))).....(((....)))..((.(.(...).)..)).,14,-4.603,27,0,0.000217
346,.......((.(((......))).)).(.....)..............(((....))).....(.(...).).....,11,-4.602,17,0,0.000217
347,.......((.(((......))).))....((.......)).......(((....))).....(.......).....,11,-4.598,16,0,0.000215
348,.......((.(((......))).))..((((.......))))..................................,9,-4.598,25,0,0.000215
349,.......((.(((......))).))............(((....(..(((....))).).........))).....,12,-4.597,10,0,0.000215
350,.......((.(((......))).))...(((.......)))......(((....))).....(......)......,12,-4.595,18,0,0.000214
351,.......((.(((......))).))......................(((....)))........(........).,9,-4.595,15,0,0.000214
352,.......((.(((......))).))...(((.......))).....((((....)))..)................,12,-4.595,19,0,0.000214
353,.......((.(((......))).))......((..........))..(((....))).......(...).......,11,-4.595,17,0,0.000214
354,.......((((((((((..(((((....))).......))..))))))........))))................,15,-4.594,46,0,0.000214
355,.......((.(((......))).))...(((.......)))......(((....)))..((...(...)....)).,14,-4.594,20,0,0.000214
356,...(((.((.(((......)))...))...)))..............(((....)))...................,11,-4.592,23,0,0.000213
357,.......((.(((......))).)).........(((.((......))..)))...((......))..........,12,-4.591,30,0,0.000213
358,.......((.(((......))).))......((..........))..(((....)))...(.(.(...)).)....,13,-4.591,19,0,0.000213
359,...(((.((.(((......))).)).....)))..............(((....))).......(...).......,12,-4.591,18,0,0.000213
360,.......((.(((......))).))..((((.......)))).......(....).......(.(...).).....,12,-4.59,25,0,0.000212
361,...(((.((.(((......))).)).....)))..............(((....)))...(.(.(...)).)....,14,-4.587,20,0,0.000211
362,.......((.(((......))).))...(((.......)))......(((....))).....(.........)...,12,-4.587,18,0,0.000211
363,...(((.((.(((......))).)).....)))....(((....((((((....)))........)))))).....,17,-4.586,17,0,0.000211
364,.......((.(((......))).)).............((.........)).....((......))..........,9,-4.585,24,0,0.000210
365,..........(((......)))........((((...(((.(.....(((....))).........).))))))).,14,-4.583,6,0,0.000210
366,.......((.(((......))).)).....(((.(((.((......))..))).))).....(((...)..))...,16,-4.582,30,0,0.000209
367,...(((.((..((((....))))..))...)))..............(((....))).....(.(...).).....,14,-4.582,34,0,0.000209
368,.......((.(((......))).)).....(((((........(((((((....)))........)))).))))).,17,-4.575,14,0,0.000207
369,.......((.(((......))).)).((...))..............(((....))).....(.(...).).....,12,-4.575,18,0,0.000207
370,.......((.(((......))).)).........((....)).....(((....)))...(.(......).)....,12,-4.575,20,0,0.000207
371,.....................(((....)))............(((((((....)))........)))).......,10,-4.574,34,0,0.000207
372,.......((.(((......))).)).....((((...(((.(.(...(((....))).....)...).))))))).,17,-4.573,4,0,0.000206
373,...........((((....))))....((((.......)))).....(((....)))...(.(......).)....,13,-4.57,34,0,0.000205
374,.......((.(((......))).))....................(((.((.................)).)))..,10,-4.569,23,0,0.000205
375,.......((.(((......))).)).......(.((....)).)...(((....)))..((.(.(...).)..)).,15,-4.568,23,0,0.000205
376,.......((.(((......))).))...........((((.......(((....)))...........))).)...,12,-4.567,9,0,0.000204
377,.......((.(((......))).))..((((.......)))).....(((....))).(.(.(......).).)..,15,-4.564,22,0,0.000203
378,.......((.((........)).))....((.......)).......(((....)))...................,9,-4.564,17,0,0.000203
379,.......((.(((......))).))....((.......))...((((..................)))).......,11,-4.563,28,0,0.000203
380,...........((((....)))).......((((..((.....(((((((....)))........)))))))))).,17,-4.559,27,0,0.000202
381,...........(((......)))....((((.......)))).....(((....))).....(.(...).).....,12,-4.559,33,0,0.000201
382,.......((.(((......))).)).............(....)...(((....)))..(.((.(...).))..).,13,-4.557,19,0,0.000201
383,..(.....)..((((....))))....((((.......)))).....(((....)))...................,12,-4.551,33,0,0.000199
384,.......((.(((......))).))..((((.......)))).....(((....)))..((.(.........))).,15,-4.549,22,0,0.000198
385,.......((.(((......))).)).....((((...(((.....((.......))((......))..))))))).,16,-4.548,11,0,0.000198
386,.......((.(((......))).))............(((......((((....)))..)........))).....,12,-4.547,10,0,0.000198
387,.......((.(((......))).))....((.......)).......(((....)))....(............).,11,-4.546,16,0,0.000197
388,.......((.(((.(...)))).)).....((((...(((....((((((....)))........)))))))))).,19,-4.545,8,0,0.000197
389,.......((.(((......))).)).....((((....((.(.....(((....))).........).)).)))).,15,-4.544,4,0,0.000196
390,.......((.(((......))).))..............((..(((((((....)))........))))....)).,14,-4.541,22,0,0.000195
391,.......((.(((.(...)))).)).....(((....(((.......(((....)))...........))).))).,15,-4.54,4,0,0.000195
392,..........(((......))).......((.......))...(((((((....)))........)))).......,12,-4.54,26,0,0.000195
393,.......((.((........)).))..((((.......)))).(((((((....)))........)))).......,15,-4.536,28,0,0.000194
394,.......((.(((......))).))..((((.......))))......((....))........(...).......,12,-4.535,22,0,0.000193
395,.......((.(((......))).))..((((.......)))).(((((((....)))........)))).(...).,17,-4.534,26,0,0.000193
396,...........((((....))))........................(((....)))...................,7,-4.534,27,0,0.000193
397,.....................(((....)))................(((....))).....(.(...).).....,8,-4.533,29,0,0.000193
398,.......((.(((......))).)).....((((...(((..(.(...................).).))))))).,14,-4.531,10,0,0.000192
399,.......((.(((......))).))..((((.......))))......((....))....(.(.(...)).)....,14,-4.531,24,0,0.000192
400,.......((.(((......))).))....((.......)).......(((......((......))......))).,12,-4.531,24,0,0.000192
401,.......((.(((......))).)).......(..........)...(((....)))...................,9,-4.531,15,0,0.000192
402,..........(((......))).....((((.......)))).....(((....))).......(...).......,11,-4.53,24,0,0.000192
403,.......((.(((......))).))............(((........((....))............))).....,10,-4.53,10,0,0.000192
404,.......((.(((......))).))...(((.......)))......(((....))).....(((...)..))...,14,-4.528,20,0,0.000191
405,.......((.(((......))).)).....(((.(((.............))).)))...................,11,-4.527,26,0,0.000191
406,.......((.(((......))).))..((((.......)))).......(....).((......))..........,12,-4.527,26,0,0.000191
407,..........(((......))).....((((.......)))).....(((....)))...(.(.(...)).)....,13,-4.527,26,0,0.000191
408,.......((.(((......))).)).....(((.(((.((......))..))).))).............(...).,14,-4.526,27,0,0.000190
409,.......((.(((......))).))....((.......)).........(....).....................,8,-4.524,19,0,0.000190
410,.......((.(((......))).))......((..........))..(((....)))...(.(......).)....,12,-4.524,18,0,0.000190
411,.......((.(((......))).)).....((((...(((...(..((((....)))..)..).....))))))).,17,-4.52,4,0,0.000189
412,...(((.((.(((......))).)).....)))..............(((....)))...(.(......).)....,13,-4.52,19,0,0.000189
413,.......((.(((......))).))............(((......((((....)))....)......))).....,12,-4.519,10,0,0.000188
414,...(((.((.(((......))).)).....))).....(....)...(((....)))..((.(.(...).)..)).,16,-4.516,22,0,0.000187
415,.......((.(((......))).))...............(..(((((((....)))........))))..)....,13,-4.514,22,0,0.000187
416,.........(.....).....(((....)))......(((.......(((....)))...........))).....,10,-4.514,23,0,0.000187
417,.......((.(((......))).))......((.((....)).))..(((....)))........(........).,13,-4.511,21,0,0.000186
418,.......((.(((......))).)).....((((...(((...(...(((....))))..........))))))).,16,-4.509,2,0,0.000185
419,.......((.(((......))).)).....(.....)......(((((((....)))........)))).......,13,-4.507,22,0,0.000185
420,.......((.(((......))).)).........(((.((......))..))).......................,10,-4.505,27,0,0.000184
421,.......((.(((......))).)).....((((...(((.......(((....)).)..........))))))).,15,-4.504,3,0,0.000184
422,.......((.(((......))).))....((.......))........((....))......(.(...).).....,11,-4.504,19,0,0.000183
423,.......((.((........)).))............(((.......(((....)))...........))).....,10,-4.502,10,0,0.000183
424,.......((.(((......))).))..((((.......)))).....(((....))).....(.(...)...)...,14,-4.5,21,0,0.000182
425,.......((.(((......))).))..((((.......)))).(...(((....))))..................,13,-4.499,21,0,0.000182
426,.......((.(((......))).))..((((.......)))).....(((....)))((............))...,14,-4.499,21,0,0.000182
427,..........(((......))).......((.......)).......(((....))).....(.(...).).....,10,-4.499,21,0,0.000182
428,.......((.(((......))).)).............((.........)).........................,7,-4.498,21,0,0.000182
429,..........(((......)))........(((((............(((....))).............))))).,11,-4.498,11,0,0.000182
430,.......((.(((......))).))..((((.......)))).....(((....))).......((.......)).,14,-4.496,21,0,0.000181
431,.......((.(((......))).)).......(.((....)).)...(((....))).......(...).......,12,-4.495,20,0,0.000181
432,.......((.(((......))).)).....(((.(((.((......))..))).)))...........(...)...,14,-4.493,27,0,0.000180
433,...........(((......)))......((.......)).......(((....)))...................,8,-4.493,27,0,0.000180
434,.......((.(((......))).))..((((.......))))....((((....)))..)....(...).......,14,-4.493,22,0,0.000180
435,.......((.(((......))).)).......(.((....)).)...(((....)))...(.(.(...)).)....,14,-4.492,22,0,0.000180
436,.......((.(((......))).))..((((.......)))).....(((....)))..((.(((...)..)))).,17,-4.491,24,0,0.000180
437,...........((((....)))).......((((...(((....(..(((....)))..)........))))))).,15,-4.488,15,0,0.000179
438,.......((.(((......))).)).....((((...(((.....((.......))............))))))).,14,-4.485,8,0,0.000178
439,.......(((((((((((.(((((....))).......)).)))))))........))))..(.(...).).....,18,-4.485,50,0,0.000178
440,...........((((....)))).......((((....((.......(((....)))...........)).)))).,13,-4.484,15,0,0.000177
441,..((...))..((((....))))....((((.......)))).....(((....)))...................,13,-4.48,34,0,0.000176
442,.......((.(((......))).))..((((.......)))).....((((...((((......)).))..)))).,17,-4.479,30,0,0.000176
443,.......((.(((......))).))...((.........))......(((....)))...................,10,-4.475,17,0,0.000175
444,.......((.(((......))).)).....(((....(((............................))).))).,11,-4.474,8,0,0.000175
445,.......((.(((......))).))...(((.......)))......(((....))).............(...).,12,-4.472,17,0,0.000174
446,.......((.(((......))).)).....((((..((.....((((..................)))))))))).,15,-4.472,20,0,0.000174
447,.......((.((..(...).)).)).....((((...(((.......(((....)))...........))))))).,15,-4.472,4,0,0.000174
448,.......((.(((......))).))....((.......))...(((((((....)))........))))(....).,15,-4.469,22,0,0.000173
449,.......((.(((......))).)).....(.....)..........(((....))).....(.(...).).....,11,-4.466,17,0,0.000172
450,...........(((......)))....((((.......)))).(((((((....)))........)))).......,14,-4.465,38,0,0.000172
451,...(((.((..(((......)))..))...)))..............(((....)))...................,11,-4.465,31,0,0.000172
452,.......((.(((......))).))..((((.......))))......((....))....(.(......).)....,13,-4.464,23,0,0.000172
453,...........((((....)))).......((((...((....(((((((....)))........)))))))))).,17,-4.463,22,0,0.000171
454,.......((.(((......))).)).(((((((.(((.((......))..))).)))..)))).............,17,-4.463,35,0,0.000171
455,.......((.(((......))).))....((.......))......((((....)))..)..(.(...).).....,13,-4.461,19,0,0.000171
456,.......((.(((.(...)))).))..((((.......)))).....(((....))).....(.(...).).....,15,-4.46,23,0,0.000171
457,.......((.(((......))).))......((..(....)..))..(((....)))...................,11,-4.46,18,0,0.000170
458,.......((.(((......))).))..((((.......)))).....(((....))).......(...)(....).,14,-4.459,20,0,0.000170
459,..........(((......))).....((((.......)))).....(((....)))...(.(......).)....,12,-4.459,25,0,0.000170
460,.......((.(((......))).))....((.......)).........((.................))......,9,-4.459,22,0,0.000170
461,.......((.(((......))).)).(.....).....(....)...(((....))).....(.(...).).....,12,-4.455,18,0,0.000169
462,.......((.(((......))).))..((((.......)))).....(((....)))..(..((.......)).).,15,-4.455,22,0,0.000169
463,.......((.(((......))).))..((((.......)))).....(((....)))..((.(.(...))...)).,16,-4.454,23,0,0.000169
464,.......((.(((......))).)).....(((...((.........(((....)))............)).))).,13,-4.454,9,0,0.000169
465,.......((.(((......))).))......................(((....))).....(.(...))......,10,-4.453,16,0,0.000169
466,...........((((....))))........((.((....)).))..(((....)))...................,11,-4.45,33,0,0.000168
467,.......((.(((......))).)).....(((..((.((......))..))..))).....(.(...).).....,14,-4.449,27,0,0.000167
468,..........(((......)))........((((..((.....(((((((....)))........)))))))))).,16,-4.448,18,0,0.000167
469,.......((.(((......))).)).............(....)...(((....)))........(........).,10,-4.448,16,0,0.000167
470,.......((.(((......))).))..(((.........))).....(((....)))..((.(.(...).)..)).,15,-4.445,23,0,0.000166
471,...(((.((.(((......)))...))...))).....(....)...(((....)))...................,12,-4.445,24,0,0.000166
472,...(((.((.(((......))).)).....))).....(....)...(((....))).......(...).......,13,-4.444,19,0,0.000166
473,..............((....))........((((...(((.......(((....)))...........))))))).,12,-4.441,12,0,0.000165
474,.......((.(((......))).)).....(((.(((.((......))..))).)))...(.....).........,14,-4.441,29,0,0.000165
475,.......((.(((......))).))......................(((....)))..((.((.......)))).,12,-4.44,18,0,0.000165
476,...(((.((.(((......))).)).....))).....(....)...(((....)))...(.(.(...)).)....,15,-4.44,21,0,0.000165
477,...........((((....)))).......(((.(((.((......))..))).))).....(.(...).).....,14,-4.44,42,0,0.000165
478,.......((.(((......))).))...(((.......)))......(((....)))...........(...)...,12,-4.439,17,0,0.000165
479,.......((.(((......))).))(.((((.......))))..)..(((....))).....(.(...).).....,15,-4.435,23,0,0.000164
480,...(((.((..((((....))))..))...))).....(....)...(((....))).....(.(...).).....,15,-4.435,35,0,0.000163
481,...........((((....))))..(.((((.......))))..)..(((....))).....(.(...).).....,14,-4.434,36,0,0.000163
482,.......((.(((......))).)).....((((...(((.(....((((....)))..)......).))))))).,17,-4.433,4,0,0.000163
483,.......((.(((......))).))............(.....)...(((....))).....(.(...).).....,11,-4.431,17,0,0.000162
484,...........(((......)))..............(((.......(((....)))...........))).....,9,-4.431,20,0,0.000162
485,......(...(((......)))..).....((((...(((.......(((....)))...........))))))).,14,-4.43,5,0,0.000162
486,.......((.(((......))).)).....((((.(.((........(((....))).......))...).)))).,15,-4.43,9,0,0.000162
487,.......((.(((......))).)).............((......))..............(.(...).).....,9,-4.43,23,0,0.000162
488,.......((.(((......))).)).....(((.(((.((......))..))).))).....(.......).....,14,-4.428,28,0,0.000162
489,.......((.(((......))).)).((...)).....(....)...(((....))).....(.(...).).....,13,-4.428,19,0,0.000162
490,.......((.(((......))).)).......................((....))....................,7,-4.428,16,0,0.000161
491,...........((((....)))).....(((.......)))..(((((((....)))........)))).......,14,-4.427,37,0,0.000161
492,.......((.(((......))).))....((.......)).......((((.....((......)).....)))).,13,-4.427,25,0,0.000161
493,...........((((....))))...(.....)....(((.......(((....)))...........))).....,11,-4.425,22,0,0.000161
494,.......((.(((......))).)).......(.((....)).)...(((....)))...(.(......).)....,13,-4.424,21,0,0.000161
495,..........(((......))).........................(((....)))...................,6,-4.423,18,0,0.000160
496,..(.....)............(((....)))......(((.......(((....)))...........))).....,10,-4.422,22,0,0.000160
497,.......((.(((......))).)).....((((..........(..(((....)))..)...........)))).,13,-4.42,8,0,0.000159
498,.......((.(((......))).))......................(((....))).......(.........).,9,-4.417,15,0,0.000159
499,...................(....).....((((...(((.......(((....)))...........))))))).,11,-4.415,10,0,0.000158
500,.......((.(((......))).))....((.......)).......(((....)))....(......).......,11,-4.413,16,0,0.000157
501,.......((.(((......))).))......................(((....)))..(..............).,9,-4.41,15,0,0.000157
502,.......(..(((......)))..)..((((.......)))).....(((....)))...................,11,-4.408,21,0,0.000156
503,.......((.(((......))).)).....(((....(((........((....))((......))..))).))).,15,-4.402,7,0,0.000155
504,.......((.(((......))).)).....((..(((.((......))..)))..))...................,12,-4.402,27,0,0.000155
505,.......((.(((......))).)).....(((.((....)).(((((((....)))........))))...))).,17,-4.4,19,0,0.000154
506,...........((((....))))...((...))....(((.......(((....)))...........))).....,12,-4.397,23,0,0.000153
507,.......((.(((......))).))..((((.......))))....((((....))............))......,13,-4.396,22,0,0.000153
508,.......((.(((.(...)))).))....((.......)).......(((....)))...................,11,-4.394,17,0,0.000153
509,.......((.((........)).)).....(((.(((.((......))..))).)))...................,12,-4.394,29,0,0.000153
510,.......((.(((......))).))...(((.......)))....(((((....)))........)).........,13,-4.394,21,0,0.000152
511,.......((.(((......))).))....((.......)).....(((.((.....((......))..)).)))..,14,-4.393,27,0,0.000152
512,.......((.(((......))).))......(((...(((....((((((....)))........)))))))))..,17,-4.393,8,0,0.000152
513,.....(.((.(((......))).)).)((((.......)))).....(((....)))...................,13,-4.39,21,0,0.000151
514,.......((..((((....))))..))((((.......)))).....(((....)))...................,13,-4.39,34,0,0.000151
515,.......((.(((......))).))......((....(((.......(((....)))...........))).))..,13,-4.389,4,0,0.000151
516,.......((.(((......))).))..((((.......)))).....(((....)))..((.(......)...)).,15,-4.387,22,0,0.000151
517,.......((.(((......))).))...(((.......)))......(((....)))...(.....).........,12,-4.387,19,0,0.000151
518,...........((((....))))...............(....)...(((....)))...................,8,-4.387,28,0,0.000151
519,.....................(((....))).......(....)...(((....))).....(.(...).).....,9,-4.386,30,0,0.000151
520,.......((.(((......))).))......................(((....))).....(......)......,9,-4.386,15,0,0.000150
521,...........((((....)))).....(((.......)))......(((....))).....(.(...).).....,12,-4.386,32,0,0.000150
522,.......((.(((......))).)).....................((((....)))..)................,9,-4.386,16,0,0.000150
523,.......((.(((......))).))......................(((....)))..((...(...)....)).,11,-4.385,17,0,0.000150
524,.......((.(((......))).)).....((((..............((....))...............)))).,11,-4.384,8,0,0.000150
525,.......((.(((......))).))....(.........)...(((((((....)))........)))).......,13,-4.382,22,0,0.000150
526,.......((.(((......))).)).......(......).......(((....)))..((.(.(...).)..)).,13,-4.379,18,0,0.000149
527,.......((.(((......))).)).........((....)).....(((....))).....((.......))...,12,-4.378,20,0,0.000149
528,..........(((......)))........((((...(((....(..(((....)))..)........))))))).,14,-4.378,6,0,0.000148
529,.......((.(((......))).))......................(((....))).....(.........)...,9,-4.378,15,0,0.000148
530,.......((.(((......))).)).....(((....(((..(.(.((((....)))....)..).).))).))).,17,-4.377,8,0,0.000148
531,.......((.(((......))).))..((((..................))))...((......))..........,11,-4.377,29,0,0.000148
532,.......((.(((......))).)).....(((.(((.((......))..))).)))....(............).,14,-4.376,28,0,0.000148
533,..(.((..(.(((......))).))).)..((((...(((.......(((....)))...........))))))).,17,-4.376,7,0,0.000148
534,.......((.(((......))).)).....((((...((....((((..................)))))))))).,15,-4.376,15,0,0.000148
535,.......((.(((......))).))...(((.......)))......(((....))).....(.......).....,12,-4.374,18,0,0.000148
536,...........((((....))))....((((.......)))).....(((....))).....((.......))...,13,-4.374,34,0,0.000147
537,..........(((......)))........((((....((.......(((....)))...........)).)))).,12,-4.373,6,0,0.000147
538,...(((.((.(((......))).)).....))).....(....)...(((....)))...(.(......).)....,14,-4.373,20,0,0.000147
539,.......((.(((......))).))..(((.........))).....(((....))).......(...).......,12,-4.373,20,0,0.000147
540,.......((.(((......))).))......((.((....)).))..(((....))).....(.(...))......,14,-4.37,22,0,0.000146
541,.......((.(((......))).))..(((.........))).....(((....)))...(.(.(...)).)....,14,-4.369,22,0,0.000146
542,.......((.(((.(...)))).))..((((.......)))).(((((((....)))........)))).......,17,-4.367,28,0,0.000146
543,.......((.(((......))).))................(.(((((((....)))........))))..)....,13,-4.358,22,0,0.000143
544,.......((.(((......))).))......((.((....)).))..(((....)))..((.((.......)))).,16,-4.357,24,0,0.000143
545,.......((.((........)).)).....((((.............(((....)))..............)))).,11,-4.356,8,0,0.000143
546,.......((.(((......))).)).....((((..........(..(((....))).)............)))).,13,-4.356,8,0,0.000143
547,.......((.(((......))).))....((.......))......((.((.................)).))...,11,-4.355,23,0,0.000143
548,.......((.(((......))).)).......(.(((.((......))..))).).....................,11,-4.355,27,0,0.000143
549,..........(((......)))........((((...((....(((((((....)))........)))))))))).,16,-4.352,13,0,0.000142
550,.......((.(((......))).)).........((....)).....(((....)))..((............)).,12,-4.351,20,0,0.000142
551,..((...))............(((....)))......(((.......(((....)))...........))).....,11,-4.351,23,0,0.000142
552,.......((.(((......))).)).....((((...(((..(...((((....))).......).).))))))).,17,-4.347,4,0,0.000141
553,.......((.(((......))).))....((.......)).......(((....)))....(((.......)).).,13,-4.347,18,0,0.000141
554,...........((((....))))....((((.......)))).....(((....)))..((............)).,13,-4.347,34,0,0.000141
555,.........((.......)).(((....)))......(((.......(((....)))...........))).....,11,-4.346,23,0,0.000141
556,.......((.(((......))).))......((.((....)).))...((....))....................,11,-4.344,22,0,0.000140
557,......(((.(((......))).)).)((((.......)))).....(((....)))...................,13,-4.343,21,0,0.000140
558,...........((((....)))).......((((...(((..(....(((....))).........).))))))).,15,-4.342,15,0,0.000140
559,.......((.(((......))).))....(.........).......(((....))).....(.(...).).....,11,-4.341,17,0,0.000140
560,..(.(..((.(((......))).))).)..((((...(((.......(((....)))...........))))))).,17,-4.341,4,0,0.000139
561,.......((.((........)).))...(((.......)))......(((....)))...................,10,-4.34,19,0,0.000139
562,.......((.(((......))).)).....(((....(((...((..(((....)))....)).....))).))).,16,-4.34,6,0,0.000139
563,.......((.(((......))).))...(((.......)))..((((..................)))).......,12,-4.34,30,0,0.000139
564,..........(((......))).........((.((....)).))..(((....)))...................,10,-4.339,24,0,0.000139
565,.......((.(((......))).)).....((((....((....(..(((....)))..)........)).)))).,15,-4.338,4,0,0.000139
566,...........(((((((.(((((....))).......)).)))))))........((......))..........,14,-4.338,47,0,0.000139
567,.......((.(((......))).)).....((...))......(((((((....)))........)))).......,14,-4.337,23,0,0.000139
568,.......((.(((......))).))......((.((.....))))..(((....)))...................,12,-4.334,20,0,0.000138
569,.......((.(((......))).))......((.(((.((......))..))).))......(.(...).).....,14,-4.334,29,0,0.000138
570,.......((.(((......))).))......((.((....)).))..(((....))).......(.........).,13,-4.334,21,0,0.000138
571,.......((.(((.(...)))).))............(((.......(((....)))...........))).....,12,-4.332,10,0,0.000137
572,.......((.(((......))).)).........((.....))....(((....)))..((.(.(...).)..)).,14,-4.332,22,0,0.000137
573,..........(((......)))........(((.(((.((......))..))).))).....(.(...).).....,13,-4.329,33,0,0.000137
574,.......((.(((......))).)).....((((....(....(((((((....)))........)))).))))).,17,-4.329,13,0,0.000137
575,...........((((....)))).......((((...(((....(..(((....))).).........))))))).,15,-4.328,15,0,0.000136
576,.......((.(((......))).))......((..........))..(((....))).....((.......))...,12,-4.327,18,0,0.000136
577,.......((.(((......))).))......((.((....)).))..(((....)))..(..............).,13,-4.327,21,0,0.000136
578,.....(.((.(((......))).)).)...((((...(((....((((((....)))........)))))))))).,19,-4.325,8,0,0.000136
579,.......((..((((....))))..))...((((...(((....((((((....)))........)))))))))).,19,-4.325,21,0,0.000136
580,..........(((......)))...(.((((.......))))..)..(((....))).....(.(...).).....,13,-4.323,27,0,0.000135
581,...........(((......))).......(((.(((.((......))..))).)))...................,11,-4.323,39,0,0.000135
582,...(((.((.(((......))).)).....)))..............(((....))).....((.......))...,13,-4.323,19,0,0.000135
583,.......((.(((......))).))...(((.......)))......(((....)))....(............).,12,-4.323,18,0,0.000135
584,.....(.((.(((......))).)).)...(((....(((.......(((....)))...........))).))).,15,-4.321,4,0,0.000135
585,.......((..((((....))))..))...(((....(((.......(((....)))...........))).))).,15,-4.321,17,0,0.000135
586,.......((.(((......))).)).....((((...(((.(......((....))..........).))))))).,15,-4.32,4,0,0.000135
587,.......((.(((......))).))......................(((....))).....(((...)..))...,11,-4.319,17,0,0.000134
588,...(((.((..(((......)))..))...))).....(....)...(((....)))...................,12,-4.318,32,0,0.000134
589,...........(((......)))..(.((((.......))))..)..(((....)))...................,11,-4.318,33,0,0.000134
590,..........(((......)))......(((.......)))..(((((((....)))........)))).......,13,-4.316,28,0,0.000134
591,..........(((......)))....(.....)....(((.......(((....)))...........))).....,10,-4.314,13,0,0.000133
592,.......((.(((......))).)).....((((....(....(((((((....)))........))))).)))).,17,-4.313,11,0,0.000133
593,.......((.((........)).))..((((.......)))).....(((....)))..((.(.(...).)..)).,15,-4.311,25,0,0.000133
594,.......((.(((......))).)).....((((..(......(((((((....)))........))))).)))).,17,-4.31,14,0,0.000132
595,.......((.(((......))).)).....((((...(((.(....((((....)))....)....).))))))).,17,-4.31,4,0,0.000132
596,.......((.(((......))).))....((.......)).(.(((((((....)))........))))..)....,15,-4.308,23,0,0.000132
597,.......((.(((......))).))...(((.......)))......(((......((......))......))).,13,-4.308,26,0,0.000132
598,.......((.(((......))).)).......(......).......(((....))).......(...).......,10,-4.307,15,0,0.000132
599,.......((.(((......))).)).............(....)...(((....))).....(.(...))......,11,-4.306,17,0,0.000132
600,.......((.(((......))).)).......(......).......(((....)))...(.(.(...)).)....,12,-4.303,17,0,0.000131
601,.......((.(((......))).))......((.((....)).))..(((....))).....(......)......,13,-4.302,21,0,0.000131
602,.......((.(((......))).))..(((.........))).....(((....)))...(.(......).)....,13,-4.302,21,0,0.000131
603,......((((.((((....))))..(.((((.......))))..)..(((....))).....))))..........,16,-4.302,40,0,0.000130
604,.......((.(((......))).))......((.((....)).))..(((....)))..((...(...)....)).,15,-4.301,23,0,0.000130
605,.......((.(((......))).))...(((.......)))........(....).....................,9,-4.301,21,0,0.000130
606,.......((.(((......))).))......((..........))..(((....)))..((............)).,12,-4.3,18,0,0.000130
607,..........(....).....(((....)))......(((.......(((....)))...........))).....,10,-4.3,22,0,0.000130
608,...(((.((.(((......))).)).....)))..............(((....)))..((............)).,13,-4.296,19,0,0.000129
609,.......((.(((......))).)).....((...))..........(((....))).....(.(...).).....,12,-4.296,18,0,0.000129
610,.......((.(((......))).))......((.(......).))..(((....)))...................,11,-4.295,18,0,0.000129
611,.......((.(((......))).))......((.((....)).))..(((....))).....(.........)...,13,-4.294,21,0,0.000129
612,.......((.(((......))).)).............(....)...(((....)))..((.((.......)))).,13,-4.293,19,0,0.000129
613,.......((.(((......))).)).....(((....(((.....(((((....)))........)).))).))).,16,-4.293,6,0,0.000129
614,.......((.((........)).)).....((((...(((.(.....(((....))).........).))))))).,15,-4.292,4,0,0.000128
615,...........((((....))))......((.......)).......(((....)))..((.(.(...).)..)).,13,-4.291,32,0,0.000128
616,.......((.(((......))).))..((((..................)))).......................,9,-4.291,26,0,0.000128
617,.......((.(((......))).))....((.......)).....(((((....))).............))....,12,-4.287,17,0,0.000127
618,..........(((......)))....((...))....(((.......(((....)))...........))).....,11,-4.286,14,0,0.000127
619,...........(((......))).......((((.............(((....)))..............)))).,10,-4.285,18,0,0.000127
620,.......((.(((......))).)).(.....)..............(((....)))..((.(.(...).)..)).,13,-4.284,19,0,0.000127
621,.......((.(((......))).)).............(....)....((....))....................,8,-4.281,17,0,0.000126
622,.......((.(((......))).))...(((.......))).......((....))......(.(...).).....,12,-4.28,21,0,0.000126
623,.......((.(((......))).))....((.......)).......(((....)))..((.(.......)..)).,13,-4.279,18,0,0.000126
624,..(.....)..((((....)))).......((((...(((....((((((....)))........)))))))))).,18,-4.279,20,0,0.000126
625,......(((.(((......))).)).)...((((...(((....((((((....)))........)))))))))).,19,-4.279,8,0,0.000126
626,.......((.(((......))).))....((................(((....)))...........))......,10,-4.278,15,0,0.000125
627,.......((.(((......))).)).....((((...(((.........(....).............))))))).,13,-4.278,4,0,0.000125
628,.......((.(((......))).)).....((((...((........(((....)))............)))))).,14,-4.278,2,0,0.000125
629,.......((.(((......))).)).....(.....).(....)...(((....)))...................,10,-4.277,16,0,0.000125
630,...........((((....)))).......((((...(((......((((....)))..)........))))))).,15,-4.277,15,0,0.000125
631,..........(((......)))................(....)...(((....)))...................,7,-4.276,19,0,0.000125
632,...(((.((.(((......)))...))...)))..........(((((((....)))........)))).......,15,-4.276,30,0,0.000125
633,..........(((......)))......(((.......)))......(((....))).....(.(...).).....,11,-4.275,23,0,0.000125
634,..(.....)..((((....)))).......(((....(((.......(((....)))...........))).))).,14,-4.275,16,0,0.000125
635,.......((.(((......))).))....((.......)).......(((......................))).,10,-4.274,21,0,0.000125
636,......(((.(((......))).)).)...(((....(((.......(((....)))...........))).))).,15,-4.274,4,0,0.000125
637,.......((.(((......))).))..((((.......)))).......((.....((......))..))......,13,-4.273,29,0,0.000124
638,.......((.(((......))).))..((((.......)))).......(....)....((.(.(...).)..)).,14,-4.272,27,0,0.000124
639,.......((.(((......))).)).............(....)...(((....))).......(.........).,10,-4.27,16,0,0.000124
640,.......((.(((......))).)).....(((((.........(..(((....)))..)..........))))).,14,-4.27,9,0,0.000124
641,...........(((......))).....(((.......)))......(((....)))...................,9,-4.27,29,0,0.000124
642,.......((.(((......))).))..((((.......))))......((....))......((.......))...,13,-4.268,23,0,0.000123
643,.......(((((((((((...((...............)).)))))))........))))................,13,-4.268,46,0,0.000123
644,.......((.(((......))).))....((.......))......((....................))......,9,-4.267,22,0,0.000123
645,.......((.(((......))).))....((.......)).......((((....................)))).,11,-4.266,22,0,0.000123
646,.......((.(((......))).))......((.(.....)..))..(((....))).....(.(...).).....,13,-4.266,20,0,0.000123
647,.......((.(((......))).))............(((............................))).....,8,-4.266,14,0,0.000123
648,.......((.(((......))).)).............((......))........((...........)).....,9,-4.265,22,0,0.000123
649,.......((.(((......))).)).............(....)...(((....)))..(..............).,10,-4.263,16,0,0.000122
650,...(((.((..((((....))))..))...)))..............(((....)))..((.(.(...).)..)).,16,-4.263,36,0,0.000122
651,..........(((......))).....((((.......)))).....(((....))).....((.......))...,12,-4.263,25,0,0.000122
652,.......((.(((......))).))......................(((....))).............(...).,9,-4.263,14,0,0.000122
653,...(((....(((......)))........)))..............(((....)))...................,9,-4.262,21,0,0.000122
654,.......((.(((......))).)).....((((...(((....(.((((....)))..).)......))))))).,17,-4.261,4,0,0.000122
655,.......((.(((......))).))....((.......))................((......))..........,9,-4.261,24,0,0.000122
656,...........((((....)))).......((((...(((........((....))............))))))).,13,-4.26,15,0,0.000122
657,.......((.(((......))).)).........((.....))....(((....))).......(...).......,11,-4.259,19,0,0.000121
658,........(.(((......))).)...((((.......)))).....(((....)))...................,11,-4.257,21,0,0.000121
659,.......((.(((......))).)).((...))..............(((....)))..((.(.(...).)..)).,14,-4.256,20,0,0.000121
660,.......((.(((......))).)).........((.....))....(((....)))...(.(.(...)).)....,13,-4.256,21,0,0.000121
661,...........(((((((.(((((....))).......)).)))))))............................,12,-4.252,44,0,0.000120
662,.......((.(((......))).)).....(((((...((.(.....(((....))).........).))))))).,16,-4.251,5,0,0.000120
663,.......((.(((.....).)).))..((((.......)))).....(((....)))...................,12,-4.25,22,0,0.000120
664,...........((((....)))).......((((...(((......((((....)))....)......))))))).,15,-4.25,15,0,0.000120
665,...((((((.(((......))).)).)...)))....(((.......(((....)))...........))).....,15,-4.249,13,0,0.000119
666,.......((.((........)).))....((.......))...(((((((....)))........)))).......,13,-4.248,24,0,0.000119
667,.......((.(((......))).)).....((((...(((.(........................).))))))).,13,-4.248,8,0,0.000119
668,.......((.(((......))).))....((.......)).......(((....)))..(........).......,11,-4.248,16,0,0.000119
669,.......((.(((......))).))....((.......))...(((((((....)))........)))).(...).,15,-4.246,22,0,0.000119
670,.......((.(((......))).))..((((.......)))).....((((...((...........))..)))).,15,-4.246,27,0,0.000119
671,.......((.(((......))).))...(((.......)))..(((((((....)))........))))(....).,16,-4.246,24,0,0.000119
672,.......(((((((((((..........(((.......))))))))))........))))................,14,-4.245,48,0,0.000119
673,.......((((((((((..........((((.......))))))))))........))))................,14,-4.245,48,0,0.000119
674,.......((.(((......))).)).....(((.(((.((......))..))).)))....(......).......,14,-4.243,28,0,0.000118
675,.......((.(((......))).))....((...............))........((......))..........,9,-4.242,25,0,0.000118
676,.......((.(((......))).))..((((.......))))....................(.(...).).....,11,-4.241,27,0,0.000118
677,.......((.(((......))).))..((((.......))))......((....))...((............)).,13,-4.241,23,0,0.000118
678,...........(((......)))....((((.......)))).....(((....)))..((.(.(...).)..)).,14,-4.24,35,0,0.000118
679,.......((.(((......))).)).............(....)...(((....))).....(......)......,10,-4.239,16,0,0.000117
680,.......((.(((......))).)).............(....)..((((....)))..)................,10,-4.239,17,0,0.000117
681,.......((.((........)).))..((((.......)))).....(((....))).......(...).......,12,-4.238,22,0,0.000117
682,.....(..(.(((......))).)..)...((((...(((.......(((....)))...........))))))).,15,-4.238,4,0,0.000117
683,.......((.(((......))).))...(((.......))).....((((....)))..)..(.(...).).....,14,-4.238,21,0,0.000117
684,.......((.(((......))).)).............(....)...(((....)))..((...(...)....)).,12,-4.238,18,0,0.000117
685,.......((((((((((..(((((....))).......))..))))))........))))..(.(...).).....,17,-4.238,48,0,0.000117
686,.......((.(((......))).))..((((.......)))).....(((....))).......(...).(...).,14,-4.236,20,0,0.000117
687,..........(((......))).....((((.......)))).....(((....)))..((............)).,12,-4.236,25,0,0.000117
688,.......((.(((......))).)).......(......).......(((....)))...(.(......).)....,11,-4.236,16,0,0.000117
689,.......((.(((......))).))......((.((....)).))..(((....))).....(((...)..))...,15,-4.236,23,0,0.000117
690,.......((.(((......))).))...(((.......)))........((.................))......,10,-4.235,24,0,0.000117
691,.......((.((........)).))..((((.......)))).....(((....)))...(.(.(...)).)....,14,-4.235,24,0,0.000117
692,...(((.((.(((......)))...))...)))..............(((....))).....(.(...).).....,13,-4.235,25,0,0.000117
693,.......((.(((......))).)).....(((((.............((....))..............))))).,12,-4.234,9,0,0.000116
694,..........(((......)))........((((...(((..(....(((....))).........).))))))).,14,-4.231,6,0,0.000116
695,.......((.(((......))).)).............(....)...(((....))).....(.........)...,10,-4.231,16,0,0.000116
696,.......((.(((......))).))...........((.........(((....))).......))..........,10,-4.23,17,0,0.000116
697,.......((.(((......))).))......................(((....)))...........(...)...,9,-4.23,14,0,0.000116
698,.......((.(((......))).)).......(.((....)).)...(((....))).....((.......))...,13,-4.228,21,0,0.000115
699,.......((.(((......))).)).....((((...(((..........(.....)...........))))))).,13,-4.228,7,0,0.000115
700,.......((.(((......))).))..((((.......))))....((((....)))..)..((.......))...,15,-4.226,23,0,0.000115
701,.......((.(((.(...)))).)).....(((.(((.((......))..))).)))...................,14,-4.225,29,0,0.000115
702,.......((.(((......))).)).........((....)).....(((....)))............(....).,11,-4.222,18,0,0.000114
703,.......((.(((......))).))....((.......))........((....))((......))..........,11,-4.222,20,0,0.000114
704,...........(((......))).......((((...(((.(.....(((....))).........).))))))).,14,-4.221,14,0,0.000114
705,...........((((....))))....................(((((((....)))........)))).......,11,-4.218,34,0,0.000113
706,...........((((....))))......((.......)).......(((....))).......(...).......,10,-4.218,29,0,0.000113
707,...........((((....))))....((((.......)))).....(((....)))............(....).,12,-4.217,32,0,0.000113
708,..........(((......)))........((((...(((....(..(((....))).).........))))))).,14,-4.217,6,0,0.000113
709,.......((.(((......))).))..((((.......))))....((((....)))....)..............,13,-4.216,21,0,0.000113
710,.......((.(((......))).))....((.......)).......(((....)))..........(...)....,11,-4.215,16,0,0.000113
711,.....................(((....)))................(((....)))..((.(.(...).)..)).,10,-4.214,31,0,0.000113
712,...........((((....))))......((.......)).......(((....)))...(.(.(...)).)....,12,-4.214,31,0,0.000113
713,.......((.(((......))).))....((((.((....)).)).))........((......))..........,13,-4.211,31,0,0.000112
714,.......((.(((......))).))....((.......))...(...(((....))))..................,11,-4.211,17,0,0.000112
715,.......((.(((......))).)).(.....)..............(((....))).......(...).......,10,-4.211,16,0,0.000112
716,.......((.(((......))).))....((.......)).......(((....))).(.(.(.(...)).).)..,14,-4.209,19,0,0.000112
717,.......((.(((......))).))..((((.......)))).((..(((....)))....)).............,14,-4.208,23,0,0.000111
718,..((...))..((((....)))).......((((...(((....((((((....)))........)))))))))).,19,-4.208,21,0,0.000111
719,.......((.(((......))).)).(.....)..............(((....)))...(.(.(...)).)....,12,-4.207,18,0,0.000111
720,.......((((...((((.((((....((((.......))))....)).)).))))))))................,16,-4.207,48,0,0.000111
721,.......((.((........)).))....((.......)).......(((....))).....(.(...).).....,11,-4.207,19,0,0.000111
722,.......((.(((......))).)).(.....)....(((....((((((....)))........)))))).....,15,-4.206,15,0,0.000111
723,.......((.((........)).)).....(((((............(((....))).............))))).,12,-4.206,9,0,0.000111
724,.......((.(((......))).)).....(((((.........(..(((....))).)...........))))).,14,-4.206,9,0,0.000111
725,.......((.(((......))).))...(((.......)))......((((.....((......)).....)))).,14,-4.203,27,0,0.000111
726,..((...))..((((....)))).......(((....(((.......(((....)))...........))).))).,15,-4.203,17,0,0.000111
727,.......((.(((......))).)).......(.((....)).)...(((....)))..((............)).,13,-4.201,21,0,0.000110
728,.......((.(((......))).))..((((.......))))....(.((....))...)................,12,-4.201,23,0,0.000110
729,.......((.(((......))).))..((((.......)))).......(....).........(...).......,11,-4.199,24,0,0.000110
730,.......((.(((......))).))..((((.......)))).....(((....((((......)).))...))).,16,-4.199,29,0,0.000110
731,.......((..((((....)))))).....((((...(((.......(((....)))...........))))))).,16,-4.196,9,0,0.000109
732,......(.(.(((......))).)..)...((((...(((.......(((....)))...........))))))).,15,-4.196,4,0,0.000109
733,.......((.(((......))).))..((((.......)))).......(....).....(.(.(...)).)....,13,-4.195,26,0,0.000109
734,..(.....)..((((....))))....((((.......)))).....(((....))).....(.(...).).....,14,-4.194,35,0,0.000109
735,.......((.(((......))).))....((((.(((.((......))..))).)))..)................,14,-4.194,29,0,0.000109
736,.......((.(((......))).))............(((........((....))((......))..))).....,12,-4.194,13,0,0.000109
737,.......((.(((......))).)).....((((..((.(.......(((....)))...........))))))).,15,-4.192,5,0,0.000109
738,.......((.(((......))).)).....((((..(.((.......(((....)))...........))))))).,15,-4.192,3,0,0.000109
739,.......((.(((......))).)).....((((....((..(....(((....))).........).)).)))).,15,-4.192,4,0,0.000108
740,...........((((....)))).......(((((...((.......(((....)))...........))))))).,14,-4.191,16,0,0.000108
741,...(((.((..((((....))))..))...)))..............(((....))).......(...).......,13,-4.19,33,0,0.000108
742,.......((.(((......))).))...(((.......)))......(((....)))....(......).......,12,-4.189,18,0,0.000108
743,.......((((....(((.((((....((((.......))))....)).)).))).))))................,15,-4.189,47,0,0.000108
744,.......((.(((......))).)).........((.....))....(((....)))...(.(......).)....,12,-4.188,20,0,0.000108
745,.......((.(((......))).)).....(((....(((...(...(((....))).....).....))).))).,15,-4.187,4,0,0.000108
746,...(((.((..((((....))))..))...)))..............(((....)))...(.(.(...)).)....,15,-4.187,35,0,0.000108
747,.......((.(((.(...)))).)).....((((.............(((....)))..............)))).,13,-4.187,8,0,0.000107
748,...(((.((..((((....))))..))...)))....(((....((((((....)))........)))))).....,18,-4.186,32,0,0.000107
749,.......((.(((......))).))....((.......))........((....))...((.(.(...).)..)).,13,-4.185,21,0,0.000107
750,.......((.(((......))).))....................(((((....)))........)).........,10,-4.185,18,0,0.000107
751,.......((.(((......))).)).((...))..............(((....))).......(...).......,11,-4.183,17,0,0.000107
752,.......((.(((......))).)).....((((((((.........(((....))).......))...)))))).,16,-4.182,11,0,0.000107
753,..........(((......))).......((.......)).......(((....)))..((.(.(...).)..)).,12,-4.18,23,0,0.000106
754,.......((.(((......))).)).((...))..............(((....)))...(.(.(...)).)....,13,-4.18,19,0,0.000106
755,.......((.(((......))).))......((.((....)).))..(((....))).............(...).,13,-4.179,20,0,0.000106
756,.......((.(((......))).)).....((((...(((.........(.........)........))))))).,13,-4.179,7,0,0.000106
757,.......((.(((......))).)).((...))....(((....((((((....)))........)))))).....,16,-4.179,16,0,0.000106
758,.......((.(((......))).))......................(((....)))...(.....).........,9,-4.178,16,0,0.000106
759,.......((.(((......))).)).....((((....((....(..(((....))).).........)).)))).,15,-4.177,4,0,0.000106
760,...........(((......)))......((.......))...(((((((....)))........)))).......,12,-4.177,34,0,0.000106
761,.......((.(((......))).)).....(((.(((.((......))..))).)))....(((.......)).).,16,-4.177,30,0,0.000106
762,...........((((....))))........................(((....))).....(.(...).).....,9,-4.177,29,0,0.000106
763,.......((.(((......))).))..((((.......)))).....(((....)))(......)...........,13,-4.177,21,0,0.000106
764,.......((..((......))..))..((((.......)))).....(((....)))...................,11,-4.177,21,0,0.000106
765,...(((.((.(((......))).)).....))).....(....)...(((....))).....((.......))...,14,-4.176,20,0,0.000106
766,.....................(....)...((((...(((.......(((....)))...........))))))).,11,-4.175,11,0,0.000105
767,.......((.(((......))).))....((.......))....................................,7,-4.175,21,0,0.000105
768,.....(.((.(((......))).)).)..((.......)).......(((....)))...................,11,-4.175,17,0,0.000105
769,.......((..((((....))))..))..((.......)).......(((....)))...................,11,-4.175,30,0,0.000105
770,.......((.(((......))).)).......(..........)...(((....))).....(.(...).).....,11,-4.174,17,0,0.000105
771,.......((.(((......))).)).............(....)...(((....))).....(((...)..))...,12,-4.172,18,0,0.000105
772,.......((.(((......))).))......((..........))..(((....)))............(....).,11,-4.171,16,0,0.000105
773,.......((.(((.(...)))).))...(((.......)))......(((....)))...................,12,-4.171,19,0,0.000105
774,.......((.(((......))).)).............((......)).(....).....................,8,-4.171,19,0,0.000105
775,.......((.(((......))).)).....(((.(((.............))).))).....(.(...).).....,13,-4.17,28,0,0.000105
776,.......((.(((......))).))...(((.......)))....(((.((.....((......))..)).)))..,15,-4.17,29,0,0.000104
777,.......((.(((......))).))..((((.......))))....((.((.....((......))..)).))...,15,-4.169,30,0,0.000104
778,.......((.(((......))).))............(((..(.(.((((....)))....)..).).))).....,14,-4.169,14,0,0.000104
779,.......((.(((......))).))....((.......)).........(....).......(.(...).).....,10,-4.168,21,0,0.000104
780,...........(((......)))....((((.......)))).....(((....))).......(...).......,11,-4.168,32,0,0.000104
781,.......((.((........)).))..((((.......)))).....(((....)))...(.(......).)....,13,-4.167,23,0,0.000104
782,...(((.((.(((......))).)).....)))..............(((....)))............(....).,12,-4.167,17,0,0.000104
783,..........(((......)))........((((...(((......((((....)))..)........))))))).,14,-4.167,6,0,0.000104
784,.......((.(((......))).))......................(((....))).....(.......).....,9,-4.165,15,0,0.000104
785,.......((.(((......))).)).....(((((.((.........(((....))).......)).)...)))).,15,-4.164,11,0,0.000103
786,...........(((......)))....((((.......)))).....(((....)))...(.(.(...)).)....,13,-4.164,34,0,0.000103
787,.......((.(((......))).)).....(((((..((........(((....))).......)).)...)))).,15,-4.164,10,0,0.000103
788,...(((.((.(((......))).)).....)))....(((.(.....(((....))).........).))).....,15,-4.163,13,0,0.000103
789,.......(((((((((((..((((....))).......)..)))))))........))))................,15,-4.161,48,0,0.000103
790,.......((.(((......))).))...((.........))..(((((((....)))........)))).......,14,-4.159,24,0,0.000103
791,.......((.(((......))).))...........(......)...(((....)))...................,9,-4.157,16,0,0.000102
792,.......((.((........)).)).....((((..((.....(((((((....)))........)))))))))).,17,-4.157,16,0,0.000102
793,.......((.(((......))).))....((...............))............................,7,-4.156,22,0,0.000102
794,.......((.(((......))).)).....((((...((.(......(((....))).........)..)))))).,15,-4.156,4,0,0.000102
795,.......((.(((......))).)).....((((...(((......(..............)......))))))).,13,-4.151,8,0,0.000101
796,.......((.(((......))).)).....((((.(.((........(((....))).......)).)...)))).,15,-4.15,10,0,0.000101
797,...(((.((..(((......)))..))...)))..........(((((((....)))........)))).......,15,-4.15,38,0,0.000101
798,...(((.((.(((......))).)).....))).....(....)...(((....)))..((............)).,14,-4.149,20,0,0.000101
799,..((...........))....(((....)))......(((.......(((....)))...........))).....,11,-4.149,25,0,0.000101
800,...........((......))(((....)))......(((.......(((....)))...........))).....,11,-4.149,17,0,0.000101
801,..........(((......)))........((((...(((........((....))............))))))).,12,-4.149,6,0,0.000101
802,.......((.(((......))).)).........(((.((......))..))).........(.(...).).....,12,-4.148,29,0,0.000101
803,.......((.(((......))).)).....(.....)..........(((....)))..((.(.(...).)..)).,13,-4.147,19,0,0.000101
804,.......((.(((......))).)).....(((..............(((....)))...............))).,11,-4.147,8,0,0.000101
805,...........((((....))))......((.......)).......(((....)))...(.(......).)....,11,-4.147,30,0,0.000101
806,.......((.(((......))).))......((.((....)).))..(((....)))...........(...)...,13,-4.147,20,0,0.000100
807,.....................(((....)))...((....)).....(((....)))...................,8,-4.145,31,0,0.000100
808,.........(.....).....(((....)))................(((....)))...................,7,-4.143,29,0,0.000100
809,.......((.(((......))).))..((((.......)))).(...(((....))))....(.(...).).....,15,-4.142,23,0,0.000100
810,.....................(((....)))................(((....))).......(...).......,7,-4.142,28,0,0.000100
811,.......((.(((......))).)).............((.........))...........(.(...).).....,9,-4.142,23,0,0.000100
812,.......((.(((......))).))....((.......)).......(((....))).(.(.(......).).)..,13,-4.142,18,0,0.000100
813,.......((.(((.(...)))).))..((((.......)))).....(((....)))..((.(.(...).)..)).,17,-4.142,25,0,0.000100
814,.......((.(((......))).)).(.....)..............(((....)))...(.(......).)....,11,-4.14,17,0,0.000099
815,..........(((......)))........((((...(((......((((....)))....)......))))))).,14,-4.139,6,0,0.000099
816,.....................(((....)))................(((....)))...(.(.(...)).)....,9,-4.138,30,0,0.000099
817,.....................(((....)))......(((....((((((....)))........)))))).....,12,-4.137,27,0,0.000099
818,.......((.(((......))).)).(.....).....(....)...(((....)))..((.(.(...).)..)).,14,-4.137,20,0,0.000099
819,...........(((......)))......((.......)).......(((....))).....(.(...).).....,10,-4.136,29,0,0.000099
820,...((.....)).........(((....)))......(((.......(((....)))...........))).....,11,-4.136,23,0,0.000099
821,.......(..(((......)))..).....((((...(((....((((((....)))........)))))))))).,17,-4.135,8,0,0.000099
822,...........(((......))).......(((((............(((....))).............))))).,11,-4.135,19,0,0.000098
823,.......((..((........))..))...((((...(((.......(((....)))...........))))))).,14,-4.133,13,0,0.000098
824,.......((.(((......))).))............(((...((..(((....)))....)).....))).....,13,-4.132,12,0,0.000098
825,.......((.(((......))).)).........((....)).....(((....)))..........((...))..,12,-4.132,19,0,0.000098
826,.......((.(((......))).))...(((.......))).....((.((.................)).))...,12,-4.132,25,0,0.000098
827,.......((.((........)).))......................(((....)))...................,7,-4.131,16,0,0.000098
828,.......(..(((......)))..).....(((....(((.......(((....)))...........))).))).,13,-4.131,4,0,0.000098
829,.......((.(((......))).))..................((((..................)))).......,9,-4.131,27,0,0.000098
830,.......((.(((......))).)).....(((..((.((......))..))..)))..((.(.(...).)..)).,16,-4.131,29,0,0.000098
831,..(.....)..((((....))))......((.......)).......(((....)))...................,10,-4.128,29,0,0.000097
832,......(((.(((......))).)).)..((.......)).......(((....)))...................,11,-4.128,17,0,0.000097
833,.......((.(((......))).))..((((.......)))).......(....).....(.(......).)....,12,-4.128,25,0,0.000097
834,.......((.(((......))).)).....((((....((......((((....)))..)........)).)))).,15,-4.127,4,0,0.000097
835,...........((((....))))....((((.......)))).....(((....)))..........((...))..,13,-4.127,33,0,0.000097
836,.......((.(((......))).))....((.......)).......(((....)))..((.(.........))).,13,-4.126,18,0,0.000097
837,.......((.(((......))).))..((((.......)))).....(((....)))...(..........)....,13,-4.126,20,0,0.000097
838,.......((.(((......))).))....((((.((....)).)).))............................,11,-4.125,28,0,0.000097
839,.......((.(((......))).)).....(.....)(((.......(((....)))...........))).....,12,-4.124,9,0,0.000097
840,.......(((((((((((...(((....)))..........)))))))........))))................,14,-4.124,48,0,0.000097
841,.......((.(((......))).))...(((.......)))......(((....)))....(((.......)).).,14,-4.123,20,0,0.000097
842,..((...))..((((....))))....((((.......)))).....(((....))).....(.(...).).....,15,-4.123,36,0,0.000097
843,.......((.(((.(...)))).)).....((((...(((.(.....(((....))).........).))))))).,17,-4.122,4,0,0.000096
844,..........((........))........((((...(((.......(((....)))...........))))))).,12,-4.121,6,0,0.000096
845,...........((((....)))).......(((.(((.((......))..))).)))..((.(.(...).)..)).,16,-4.121,44,0,0.000096
846,...(((.((..((((....))))..))...)))..............(((....)))...(.(......).)....,14,-4.12,34,0,0.000096
847,.......((.(((......))).))...((.........))......(((....))).....(.(...).).....,12,-4.118,19,0,0.000096
848,.......((.(((......))).))(.((((.......))))..)..(((....)))..((.(.(...).)..)).,17,-4.117,25,0,0.000096
849,...(((.((..((((....))))..))...))).....(....)...(((....)))..((.(.(...).)..)).,17,-4.116,37,0,0.000095
850,.......((.(((......))).)).....(((((..(.....(((((((....)))........)))))))))).,18,-4.116,14,0,0.000095
851,.......((.(((......))).)).............(....)...(((....))).............(...).,10,-4.116,15,0,0.000095
852,...........((((....))))..(.((((.......))))..)..(((....)))..((.(.(...).)..)).,16,-4.115,38,0,0.000095
853,...(((....(((......)))........))).....(....)...(((....)))...................,10,-4.115,22,0,0.000095
854,.......((.(((......))).))......................(((....)))....(............).,9,-4.114,15,0,0.000095
855,.......((.(((......))).))..((((.......)))).....(((....)))........(.((...))).,15,-4.113,21,0,0.000095
856,.......((.(((......))).)).....((((............((((....)))..)...........)))).,13,-4.113,8,0,0.000095
857,.....(.((.(((......))).)).)..........(((.......(((....)))...........))).....,12,-4.113,10,0,0.000095
858,.......((.(((......))).)).((...))..............(((....)))...(.(......).)....,12,-4.113,18,0,0.000095
859,.......((..((((....))))..))..........(((.......(((....)))...........))).....,12,-4.112,23,0,0.000095
860,.......((.(((......))).))............(.....)...(((....)))..((.(.(...).)..)).,13,-4.112,19,0,0.000095
861,.......((.(((......))).))....((.......))........((....))........(...).......,10,-4.112,18,0,0.000095
862,.......((.(((......))).)).............((......))...........((.(.(...).)..)).,11,-4.111,25,0,0.000095
863,.......((.(((......))).))..((((.......))))......((....)).............(....).,12,-4.111,21,0,0.000095
864,.......((.(((......))).)).....(((....(((.......(((....)))...(.....).))).))).,15,-4.11,4,0,0.000094
865,...........((......)).........((((...(((.......(((....)))...........))))))).,12,-4.11,6,0,0.000094
866,.......((.(((......))).)).....(((....(((..(.(..(((....))).......).).))).))).,16,-4.11,6,0,0.000094
867,.......((.(((......))).)).....(((.(((.((......))..))).)))..((.(.......)..)).,16,-4.109,30,0,0.000094
868,.......((.(((......))).)).....((((....((........((....))............)).)))).,13,-4.109,4,0,0.000094
869,.......((.(((......))).)).((...)).....(....)...(((....)))..((.(.(...).)..)).,15,-4.109,21,0,0.000094
870,...(((.((..(((......)))..))...)))..............(((....))).....(.(...).).....,13,-4.109,33,0,0.000094
871,.......((.(((......))).))....((.......))........((....))....(.(.(...)).)....,12,-4.108,20,0,0.000094
872,.......((.(((......))).)).....((...)).(....)...(((....)))...................,11,-4.108,17,0,0.000094
873,..........(((......))).....................(((((((....)))........)))).......,10,-4.107,25,0,0.000094
874,..........(((......))).......((.......)).......(((....))).......(...).......,9,-4.107,20,0,0.000094
875,..........(((......))).....((((.......)))).....(((....)))............(....).,11,-4.106,23,0,0.000094
876,.......((.(((......))).))..(((.........))).....(((....))).....((.......))...,13,-4.105,21,0,0.000094
877,.......((.(((......))).)).............((......)).((.................))......,9,-4.105,22,0,0.000094
878,.......((.(((......))).))....((.......)).........(....).((......))..........,10,-4.104,22,0,0.000093
879,..........(((......))).......((.......)).......(((....)))...(.(.(...)).)....,11,-4.104,22,0,0.000093
880,..............................((((...(((.......(((....)))...........))))))).,10,-4.103,10,0,0.000093
881,.......((.(((......))).))......((..(....)..))..(((....))).....(.(...).).....,13,-4.103,20,0,0.000093
882,..(.....)..((((....))))....((((.......)))).(((((((....)))........)))).......,16,-4.101,40,0,0.000093
883,.......((.(((......))).)).....((((....((......((((....)))....)......)).)))).,15,-4.099,4,0,0.000093
884,.......((.(((......))).))......................(((......((......))......))).,10,-4.098,23,0,0.000093
885,...........(((......)))....((((.......)))).....(((....)))...(.(......).)....,12,-4.097,33,0,0.000092
886,.......((.(((......))).))......((.((....)).))..(((....)))...(.....).........,13,-4.094,22,0,0.000092
887,.......(((((((((((.(((((....))).......)).)))))))........))))....(...).......,17,-4.093,49,0,0.000092
888,...........((((....))))........((.((....)).))..(((....))).....(.(...).).....,13,-4.093,35,0,0.000092
889,.......((.(((......))).))........................(....).....................,6,-4.092,18,0,0.000092
890,...........((((((..(((((....))).......))..))))))........((......))..........,13,-4.091,45,0,0.000091
891,.......((.(((......))).))..((((.......)))).....(((....)))((..(......)..))...,15,-4.091,22,0,0.000091
892,.......((.(((......))).))..((((.(..............).))))...((......))..........,12,-4.09,29,0,0.000091
893,.......((.(((......))).)).....((((...(((..(.......................).))))))).,13,-4.088,8,0,0.000091
894,...(((.((.(((......)))...))...))).....(....)...(((....))).....(.(...).).....,14,-4.088,26,0,0.000091
895,..(.....)..((........)).......((((...(((.......(((....)))...........))))))).,13,-4.086,12,0,0.000091
896,.......((.((........)).)).....((((...(((....(..(((....)))..)........))))))).,15,-4.086,4,0,0.000091
897,...........(((......))).......((((..((.....(((((((....)))........)))))))))).,16,-4.086,26,0,0.000091
898,.......((.(((......))).))............(((.....(((((....)))........)).))).....,13,-4.084,12,0,0.000090
899,.......((.(((......))).)).............(....)...(((....)))...........(...)...,10,-4.083,15,0,0.000090
900,.......((.(((......))).))..((((.......))))...(((((....)))...............))..,14,-4.083,21,0,0.000090
901,.......((.(((......))).))......((.((....)).))..(((....))).....(.......).....,13,-4.082,21,0,0.000090
902,.......((.((........)).)).....((((....((.......(((....)))...........)).)))).,13,-4.081,4,0,0.000090
903,.......((.(((......))).))......((..........))..(((....)))..........((...))..,12,-4.081,17,0,0.000090
904,.......((.(((......))).))..((((.......))))....((((....))).......)...........,13,-4.08,21,0,0.000090
905,..........(((......)))........(((((...((.......(((....)))...........))))))).,13,-4.08,7,0,0.000090
906,.........(.((.(((........))).)).)....(((.......(((....)))...........))).....,12,-4.08,26,0,0.000090
907,.......((.(((.(...)))).))....((.......))...(((((((....)))........)))).......,15,-4.079,24,0,0.000090
908,.......((.(((......))).))..(((.........))).....(((....)))..((............)).,13,-4.078,21,0,0.000090
909,.......((.(((......))).)).....(((.(((.((......))..))).)))..(........).......,14,-4.078,28,0,0.000090
910,..(.....)..(((......)))....((((.......)))).....(((....)))...................,11,-4.078,32,0,0.000089
911,.......((.(((......))).))....((.......)).......(((....))).....(.(...)...)...,12,-4.077,17,0,0.000089
912,...(((.((.(((......))).)).....)))..............(((....)))..........((...))..,13,-4.077,18,0,0.000089
913,.......((.(((......))).))..((((.......))))..............((...........)).....,11,-4.076,26,0,0.000089
914,.......((.(((......))).))....((.......)).......(((....)))((............))...,12,-4.076,17,0,0.000089
915,.......((.(((......))).)).....(.....)..........(((....))).......(...).......,10,-4.075,16,0,0.000089
916,...........((........))....((((.......)))).....(((....)))...................,9,-4.074,30,0,0.000089
917,.......((.(((......))).))....((.......)).......(((....))).......((.......)).,12,-4.073,17,0,0.000089
918,...(((.((.(((......))).)).....))).....((......))........((......))..........,12,-4.072,27,0,0.000089
919,.......((.(((......))).)).......(.((....)).)...(((....)))............(....).,12,-4.072,19,0,0.000089
920,.......((.(((......))).)).......................((....))......(.(...).).....,9,-4.071,18,0,0.000088
921,.......((.(((......))).)).....(.....)..........(((....)))...(.(.(...)).)....,12,-4.071,18,0,0.000088
922,.....................(((....)))................(((....)))...(.(......).)....,8,-4.071,29,0,0.000088
923,.......((.(((......))).))....((.......))......((((....)))..)....(...).......,12,-4.07,18,0,0.000088
924,.......((.(((......))).))..((((.......))))....((((....)))..).........(....).,14,-4.069,21,0,0.000088
925,.......((.(((.(...)))).))..((((.......)))).....(((....))).......(...).......,14,-4.069,22,0,0.000088
926,.......((.(((......))).))....((.......)).......(((....)))..((.(((...)..)))).,15,-4.068,20,0,0.000088
927,.....................(((....))).......(....)...(((....)))..((.(.(...).)..)).,11,-4.067,32,0,0.000088
928,...........((((....)))).....(((.......)))......(((....)))..((.(.(...).)..)).,14,-4.067,34,0,0.000088
929,..........(((......))).........................(((....))).....(.(...).).....,8,-4.066,20,0,0.000088
930,..(.....)..((((....))))..............(((.......(((....)))...........))).....,11,-4.066,22,0,0.000088
931,......(((.(((......))).)).)..........(((.......(((....)))...........))).....,12,-4.066,10,0,0.000088
932,.......((.(((.(...)))).))..((((.......)))).....(((....)))...(.(.(...)).)....,16,-4.065,24,0,0.000088
933,.......((.(((......))).))..((((.......)))).....((((.....((...........)))))).,15,-4.065,27,0,0.000088
934,.......((.(((......))).)).....((((((....)).(((((((....)))........))))..)))).,18,-4.065,17,0,0.000088
935,.......((.(((......))).)).(.....).....(....)...(((....))).......(...).......,11,-4.064,17,0,0.000087
936,.......((.(((......))).)).........(.....)......(((....)))...................,9,-4.064,16,0,0.000087
937,.......((.(((......))).))...(((.......)))....(((((....))).............))....,13,-4.063,19,0,0.000087
938,.......((.((........)).)).....((((...((....(((((((....)))........)))))))))).,17,-4.061,11,0,0.000087
939,...........(((......)))........................(((....)))...................,6,-4.06,26,0,0.000087
940,.......((.(((......))).)).(.....).....(....)...(((....)))...(.(.(...)).)....,13,-4.06,19,0,0.000087
941,.......((.(((......))).)).....((((...((..(.....(((....))).........)..)))))).,15,-4.059,4,0,0.000087
942,...(...)...((((....)))).......((((...(((.......(((....)))...........))))))).,15,-4.059,14,0,0.000087
943,.......((.(((......))).)).....((((...(((..........((...))...........))))))).,14,-4.058,8,0,0.000087
944,.......((.(((......))).)).....(((..((.((......))..))..))).......(...).......,13,-4.058,26,0,0.000086
945,..((...))..((((....))))......((.......)).......(((....)))...................,11,-4.057,30,0,0.000086
946,.......((.(((......))).)).......((...(((....((((((....)))........))))))))...,16,-4.057,10,0,0.000086
947,.......((.(((......))).))....((.......)).......((((...((((......)).))..)))).,15,-4.056,26,0,0.000086
948,.......((.(((......))).))...(((.......)))......(((....)))..((.(.......)..)).,14,-4.056,20,0,0.000086
949,.......((.(((......))).))......(..((....))..)..(((....)))...................,11,-4.055,19,0,0.000086
950,...........((((....)))).......((((.........(((((((....)))........))))..)))).,15,-4.055,26,0,0.000086
951,.......((((...((((.((((..(.((((.......))))..).)).)).))))))))................,17,-4.055,50,0,0.000086
952,.......((.(((......))).))..((((.......)))).(...(((....))).....).............,13,-4.055,21,0,0.000086
953,...........((((....))))...(.....)..............(((....)))...................,8,-4.054,28,0,0.000086
954,.......((.(((......))).)).....(((..((.((......))..))..)))...(.(.(...)).)....,15,-4.054,28,0,0.000086
955,.......((.(((......))).)).......(....(((.......(((....)))...........))).)...,12,-4.053,6,0,0.000086
956,..(.....)............(((....)))................(((....)))...................,7,-4.052,28,0,0.000086
957,.......((.(((......))).))......((.(((.((......))..))).))((......))..........,14,-4.052,30,0,0.000086
958,.......((.(((......))).)).....((((...(((...(...(((....))).........).))))))).,16,-4.052,2,0,0.000086
959,.......((.(((......))).))...(((.......)))......(((......................))).,11,-4.051,23,0,0.000085
960,.......(..(((......)))..)..((((.......)))).....(((....))).....(.(...).).....,13,-4.051,23,0,0.000085
961,...........((((....)))).......(((.(((.((......))..))).))).......(...).......,13,-4.048,41,0,0.000085
962,.......((.((........)).))......((.((....)).))..(((....)))...................,11,-4.048,22,0,0.000085
963,.......((.(((......))).)).....(((.(((.((......))..))).)))..........(...)....,14,-4.046,28,0,0.000085
964,.......((.(((......))).)).....((..(((.((......))..)))..)).....(.(...).).....,14,-4.045,29,0,0.000085
965,.......((.(((......))).)).....(((((...((....(..(((....)))..)........))))))).,16,-4.045,5,0,0.000085
966,...........((((....)))).......(((.(((.((......))..))).)))...(.(.(...)).)....,15,-4.045,43,0,0.000085
967,.......((.(((......))).))(.((((.......))))..)..(((....))).......(...).......,14,-4.044,22,0,0.000084
968,.......((.(((......))).)).....((((...(((..(.(.((((....)))..)....).).))))))).,18,-4.044,6,0,0.000084
969,...(((.((..((((....))))..))...))).....(....)...(((....))).......(...).......,14,-4.043,34,0,0.000084
970,.......((.(((......))).))..((((.......)))).....(((....)))..((((.(...).)).)).,17,-4.043,24,0,0.000084
971,.......((.(((......))).))...(((.......))).....((....................))......,10,-4.043,24,0,0.000084
972,.......((.(((......))).))...(((.......)))......((((....................)))).,12,-4.043,24,0,0.000084
973,.......((.(((......)))...))((((.......)))).....(((....)))...................,12,-4.043,25,0,0.000084
974,...........((((....))))..(.((((.......))))..)..(((....))).......(...).......,13,-4.043,35,0,0.000084
975,.......((.(((......))).))....((.......))........((....))....(.(......).)....,11,-4.041,19,0,0.000084
976,.......((.(((......))).))(.((((.......))))..)..(((....)))...(.(.(...)).)....,16,-4.04,24,0,0.000084
977,...(((.((..((((....))))..))...))).....(....)...(((....)))...(.(.(...)).)....,16,-4.04,36,0,0.000084
978,.......((.(((......))).))............(.....)...(((....))).......(...).......,10,-4.04,16,0,0.000084
979,.......((.(((......))).))......((..(.....).))..(((....)))...................,11,-4.04,18,0,0.000084
980,.......((.(((......))).)).......(......).......(((....))).....((.......))...,11,-4.039,16,0,0.000084
981,.......((.(((......))).)).....(((.(((.((......))..))).))).(.(.(.(...)).).)..,17,-4.039,31,0,0.000084
982,...........((((....))))..(.((((.......))))..)..(((....)))...(.(.(...)).)....,15,-4.039,37,0,0.000084
983,.......((.(((......))).)).............((......))................(...).......,8,-4.039,22,0,0.000084
984,.......((.(((......))).))...(((.......)))...............((......))..........,10,-4.038,26,0,0.000084
985,.......((.(((.(...)))).))....((.......)).......(((....))).....(.(...).).....,13,-4.037,19,0,0.000084
986,.......((.((........)).)).....(((.(((.((......))..))).))).....(.(...).).....,14,-4.037,31,0,0.000084
987,.......((((....(((.((((..(.((((.......))))..).)).)).))).))))................,16,-4.037,49,0,0.000083
988,.......((.(((......))).))..((((.......))))......((....))((...........)).....,13,-4.037,22,0,0.000083
989,.......((.(((......))).))..................(((((((....)))........))))(....).,13,-4.037,21,0,0.000083
990,.......((.(((......))).)).((...)).....(....)...(((....))).......(...).......,12,-4.037,18,0,0.000083
991,.......((.(((......))).))....((.......)).......(((....))).......(...)(....).,12,-4.037,16,0,0.000083
992,..........(((......))).......((.......)).......(((....)))...(.(......).)....,10,-4.036,21,0,0.000083
993,.......((.(((.(...)))).)).....(((((............(((....))).............))))).,14,-4.036,9,0,0.000083
994,.......((.(((......))).))............(.....)...(((....)))...(.(.(...)).)....,12,-4.036,18,0,0.000083
995,.......((.(((......))).)).............((......))............(.(.(...)).)....,10,-4.035,24,0,0.000083
996,.......((.(((......))).))......(((.............(((....)))..............)))..,11,-4.035,8,0,0.000083
997,.....(.((.(((......))).)).)((((.......)))).....(((....))).....(.(...).).....,15,-4.033,23,0,0.000083
998,.......((..((((....))))..))((((.......)))).....(((....))).....(.(...).).....,15,-4.033,36,0,0.000083
999,.......((.(((......))).)).((...)).....(....)...(((....)))...(.(.(...)).)....,14,-4.033,20,0,0.000083
1000,.......((.(((......))).))....((.......)).......(((....)))..(..((.......)).).,13,-4.032,18,0,0.000083
1001,.......((.(((......))).))....((.......)).......(((....)))..((.(.(...))...)).,14,-4.032,19,0,0.000083
1002,.....................((......))......(((.......(((....)))...........))).....,8,-4.031,20,0,0.000083
1003,.......((.(((......))).)).............(....)...(((....)))...(.....).........,10,-4.031,17,0,0.000083
1004,...........((((....))))...............(....)...(((....))).....(.(...).).....,10,-4.03,30,0,0.000082
1005,.......((.(((......))).))......((.((....)).))..(((....)))....(............).,13,-4.03,21,0,0.000082
1006,..((...))..((((....))))....((((.......)))).(((((((....)))........)))).......,17,-4.03,41,0,0.000082
1007,.......((.(((......))).)).....................((((....)))..)..(.(...).).....,11,-4.029,18,0,0.000082
1008,...........((((....))))...((...))..............(((....)))...................,9,-4.027,29,0,0.000082
1009,.......((.(((......))).))........................((.................))......,7,-4.026,21,0,0.000082
1010,.......((.(((......))).)).........((....)).....(((....)))..........(.....)..,11,-4.026,19,0,0.000082
1011,.......((.((........)).))...(((.......)))..(((((((....)))........)))).......,14,-4.025,26,0,0.000082
1012,.......((.(((......))).))...(((.......)))......(((....)))..(........).......,12,-4.025,18,0,0.000082
1013,.......((.(((......))).))..((((.......)))).....(((....)))....((.........).).,14,-4.023,21,0,0.000082
1014,.......((.(((......))).))...(((.......)))..(((((((....)))........)))).(...).,16,-4.023,24,0,0.000081
1015,.......((.(((......))).))....(.........).......(((....)))..((.(.(...).)..)).,13,-4.022,19,0,0.000081
1016,.......((.(((......))).)).....((((...(((.......(((....))).(.......).))))))).,16,-4.022,2,0,0.000081
1017,.......((.(((......))).)).....((((...(((........((....)).(......)...))))))).,15,-4.022,4,0,0.000081
1018,...........((((....))))....((((.......)))).....(((....)))..........(.....)..,12,-4.021,33,0,0.000081
1019,.......((.(((......))).))..((((.......))))......((....))...........((...))..,13,-4.021,22,0,0.000081
1020,.......((.(((......))).)).....(((..........(((((((....)))........))))...))).,15,-4.021,15,0,0.000081
1021,...(((.((.(((......))).)).....))).....(....)...(((....)))............(....).,13,-4.02,18,0,0.000081
1022,.......((.(((......))).)).....(((((...(....(((((((....)))........)))))))))).,18,-4.02,12,0,0.000081
1023,.......((.(((......))).))..((((.......))))...((..((.................))..))..,13,-4.019,28,0,0.000081
1024,.......((.(((......))).)).............(....)...(((....))).....(.......).....,10,-4.018,16,0,0.000081
1025,..........(((......))).....((((.......)))).....(((....)))..........((...))..,12,-4.016,24,0,0.000081
1026,.......((.(((......))).))..((((.......)))).....((((...(.((......))..)..)))).,16,-4.016,29,0,0.000081
1027,..((...))..((........)).......((((...(((.......(((....)))...........))))))).,14,-4.015,13,0,0.000080
1028,.......((.(((......))).))......((.(((.((......))..))).))...((.(.(...).)..)).,16,-4.015,31,0,0.000080
1029,...........(((......))).......((((...(((....(..(((....)))..)........))))))).,14,-4.015,14,0,0.000080
1030,.......((.(((......))).))......((.((....)).))..(((......((......))......))).,14,-4.015,29,0,0.000080
1031,.......((.(((......))).)).....((((...(((...(.....)......((......))..))))))).,15,-4.014,10,0,0.000080
1032,.......((.(((......))).)).......(......).......(((....)))..((............)).,11,-4.012,16,0,0.000080
1033,...........(((......))).......((((....((.......(((....)))...........)).)))).,12,-4.011,14,0,0.000080
1034,..........(((......)))........(((.(((.((......))..))).)))..((.(.(...).)..)).,15,-4.01,35,0,0.000080
1035,(...)..((.(((......))).)).....((((...(((.......(((....)))...........))))))).,16,-4.009,2,0,0.000080
1036,...........((((....)))).......(((...((.....(((((((....)))........)))))).))).,16,-4.008,29,0,0.000080
1037,.......((.(((......))).))......((.((....)).))....(....).....................,10,-4.008,24,0,0.000080
1038,.......((.(((......))).))..((((.......)))).....(((....)))........(.(.....)).,14,-4.008,21,0,0.000079
1039,..((...))..(((......)))....((((.......)))).....(((....)))...................,12,-4.007,33,0,0.000079
1040,.....(.((.(((......))).)).)...(((.(((.((......))..))).)))...................,14,-4.005,29,0,0.000079
1041,.......((..((((....))))..))...(((.(((.((......))..))).)))...................,14,-4.005,42,0,0.000079
1042,...........((((((..(((((....))).......))..))))))............................,11,-4.005,42,0,0.000079
1043,..........(((......)))...(.((((.......))))..)..(((....)))..((.(.(...).)..)).,15,-4.005,29,0,0.000079
1044,.......((.(((......))).))...(((((.(((.((......))..))).)))..))...............,15,-4.004,31,0,0.000079
1045,.......((.(((......))).))..((((.(..............).)))).......................,10,-4.004,26,0,0.000079
1046,.......((.(((......))).)).....(.....)..........(((....)))...(.(......).)....,11,-4.004,17,0,0.000079
1047,...(((.((.(((......))).)).....))).((....)).....(((....)))...................,13,-4.001,21,0,0.000079
1048,......(.(.(((......))).)).....((((...(((.......(((....)))...........))))))).,15,-4.0,3,0,0.000078
1049,.......((.(((......))).))...(((.......))).......((....))((......))..........,12,-3.998,22,0,0.000078
1050,.......((.(((.(...)))).))..((((.......)))).....(((....)))...(.(......).)....,15,-3.998,23,0,0.000078
1051,.......((.(((......))).)).......(.(((.((......))..))).).......(.(...).).....,13,-3.998,29,0,0.000078
1052,.........(.....).....(((....))).......(....)...(((....)))...................,8,-3.996,30,0,0.000078
1053,...........((((....)))).......((((...(((............................))))))).,11,-3.996,19,0,0.000078
1054,..((...))..((((....))))..............(((.......(((....)))...........))).....,12,-3.995,23,0,0.000078
1055,.....................(((....))).......(....)...(((....))).......(...).......,8,-3.995,29,0,0.000078
1056,...........((((....)))).....(((.......)))......(((....))).......(...).......,11,-3.994,31,0,0.000078
1057,.......((.(((......))).))......................((((.....((......)).....)))).,11,-3.994,24,0,0.000078
1058,...(((.((..((........))..))...)))....(((.......(((....)))...........))).....,13,-3.994,24,0,0.000078
1059,.......((.(((......))).)).(.....).....(....)...(((....)))...(.(......).)....,12,-3.993,18,0,0.000078
1060,.......((.(((......))).)).........((.....))....(((....))).....((.......))...,12,-3.992,20,0,0.000077
1061,.......((.(((......))).))...(((.......)))......(((....)))..........(...)....,12,-3.992,18,0,0.000077
1062,.....................(((....))).......(....)...(((....)))...(.(.(...)).)....,10,-3.991,31,0,0.000077
1063,...........((((....)))).....(((.......)))......(((....)))...(.(.(...)).)....,13,-3.991,33,0,0.000077
1064,...........(((......))).......((((...((....(((((((....)))........)))))))))).,16,-3.99,21,0,0.000077
1065,...........((((....)))).......(((....(((....((((((....)))........)))))).))).,16,-3.989,21,0,0.000077
1066,.......((.(((......))).))...(((.......)))..(...(((....))))..................,12,-3.988,19,0,0.000077
1067,...(((.((.(((......))).)).....)))....(.....)...(((....)))...................,12,-3.987,18,0,0.000077
1068,.......((.(((......))).))......((.((....)).))...((....))......(.(...).).....,13,-3.987,24,0,0.000077
1069,.......((.(((.(...)))).)).....((((..((.....(((((((....)))........)))))))))).,19,-3.987,16,0,0.000077
1070,.......((.(((......))).))..((((.......)))).....(((....))).......(((.....))).,15,-3.987,22,0,0.000077
1071,.......((.(((......))).)).....(((..((.((......))..))..)))...(.(......).)....,14,-3.987,27,0,0.000077
1072,.......((.(((......))).)).....((((...(((...((...))......((......))..))))))).,16,-3.987,11,0,0.000077
1073,.......((.(((......))).)).....((((...(((......(............)........))))))).,13,-3.987,8,0,0.000077
1074,......(((.(((......))).)).)((((.......)))).....(((....))).....(.(...).).....,15,-3.986,23,0,0.000077
1075,...(((.((.(((......))).)).....))).....((......))............................,10,-3.986,24,0,0.000077
1076,.......((.(((......))).))...(((.......)))......(((....))).(.(.(.(...)).).)..,15,-3.985,21,0,0.000077
1077,........(.(((......))).)......((((...(((....((((((....)))........)))))))))).,17,-3.985,8,0,0.000076
1078,.......(..(((......)))..)....((.......)).......(((....)))...................,9,-3.985,17,0,0.000076
1079,.......((.((........)).)).............(....)...(((....)))...................,8,-3.984,17,0,0.000076
1080,.......((.((........)).))...(((.......)))......(((....))).....(.(...).).....,12,-3.984,21,0,0.000076
1081,.......((.(((......))).)).........(((.((......))..)))...((...........)).....,12,-3.983,28,0,0.000076
1082,..........(((......))).........((.((....)).))..(((....))).....(.(...).).....,12,-3.983,26,0,0.000076
1083,.......((.(((......))).)).......(.((....)).)...(((....)))..........((...))..,13,-3.981,20,0,0.000076
1084,..((...))............(((....)))................(((....)))...................,8,-3.981,29,0,0.000076
1085,........(.(((......))).)......(((....(((.......(((....)))...........))).))).,13,-3.981,4,0,0.000076
1086,.......((.(((......))).))......................(((....)))....(......).......,9,-3.98,15,0,0.000076
1087,.......((.(((......))).))..((((.......))))....((((....)))..).......((...))..,15,-3.979,22,0,0.000076
1088,.......((.(((......))).))............(((...(...(((....))).....).....))).....,12,-3.979,10,0,0.000076
1089,.......((.(((......)))...))...((((...(((....((((((....)))........)))))))))).,18,-3.978,12,0,0.000076
1090,...........((((....)))).......((((((.......(((((((....)))........)))))))))).,17,-3.978,28,0,0.000076
1091,.......((.(((.....).)).)).....((((...(((....((((((....)))........)))))))))).,18,-3.978,9,0,0.000076
1092,.......((.(((......))).))...(.((((...(((.......(((....)))...........)))))))),16,-3.978,2,0,0.000076
1093,.......((.(((......))).)).....((...))..........(((....)))..((.(.(...).)..)).,14,-3.978,20,0,0.000076
1094,...........((((....)))).......(((.(((.((......))..))).)))...(.(......).)....,14,-3.977,42,0,0.000075
1095,.......((.(((......))).))......((.((.....))))..(((....))).....(.(...).).....,14,-3.977,22,0,0.000075
1096,.......((.(((......))).)).............((.........)).....((...........)).....,9,-3.977,22,0,0.000075
1097,...........(((......)))........((.((....)).))..(((....)))...................,10,-3.977,32,0,0.000075
1098,.........((.......)).(((....)))................(((....)))...................,8,-3.976,29,0,0.000075
1099,.......((.(((......))).))..((((.......))))...(((.((.(.............).)).)))..,15,-3.975,30,0,0.000075
1100,.......((.(((......))).))......((..........))..(((....)))..........(.....)..,11,-3.975,17,0,0.000075
1101,.......((.(((......)))...))...(((....(((.......(((....)))...........))).))).,14,-3.974,8,0,0.000075
1102,.......((.(((.....).)).)).....(((....(((.......(((....)))...........))).))).,14,-3.973,5,0,0.000075
1103,.......((.(((......))).)).....((((...(((.(.((.((((....)))..).))...).))))))).,19,-3.973,8,0,0.000075
1104,.......((.(((......))).))(.((((.......))))..)..(((....)))...(.(......).)....,15,-3.973,23,0,0.000075
1105,.......((.(((......))).))....((.......))......((((....))............))......,11,-3.973,18,0,0.000075
1106,...(((.((..((((....))))..))...))).....(....)...(((....)))...(.(......).)....,15,-3.973,35,0,0.000075
1107,.......((.(((......))).)).....(((.(((.((......))..))).))).(.(.(......).).)..,16,-3.972,30,0,0.000075
1108,...........((((....))))..(.((((.......))))..)..(((....)))...(.(......).)....,14,-3.972,36,0,0.000075
1109,.......((.((........)).))..((((.......)))).....(((....))).....((.......))...,13,-3.971,23,0,0.000075
1110,...(((.((.(((......))).)).....)))..............(((....)))..........(.....)..,12,-3.971,18,0,0.000075
1111,.......((.(((......))).))......(((...(((.(.....(((....))).........).))))))..,15,-3.97,4,0,0.000075
1112,.......((.(((......))).))............(.....)...(((....)))...(.(......).)....,11,-3.969,17,0,0.000074
1113,.......((.(((......))).)).....((((.........((((..................))))..)))).,13,-3.968,19,0,0.000074
1114,.......((.(((......))).)).............((......))............(.(......).)....,9,-3.968,23,0,0.000074
1115,.......((.(((......))).)).....((((...(((..(.....((....))..........).))))))).,15,-3.967,4,0,0.000074
1116,.....(.((.(((......))).)).)...((((.............(((....)))..............)))).,13,-3.967,8,0,0.000074
1117,.......((..((((....))))..))...((((.............(((....)))..............)))).,13,-3.967,21,0,0.000074
1118,.......((.(((......))).)).............(....)...(((....)))....(............).,10,-3.967,16,0,0.000074
1119,...........(((......))).......(((.(((.((......))..))).))).....(.(...).).....,13,-3.967,41,0,0.000074
1120,.......((.(((......))).)).((...)).....(....)...(((....)))...(.(......).)....,13,-3.966,19,0,0.000074
1121,.......((.(((......))).))..((((.......)))).....(((....((...........))...))).,14,-3.965,26,0,0.000074
1122,.......((.(((......))).))..((((.......)))).....(((....)))....((((...)..)).).,16,-3.965,23,0,0.000074
1123,.......((.(((......))).)).........((.....))....(((....)))..((............)).,12,-3.965,20,0,0.000074
1124,.......((.(((......))).))....((.......)).......(((....)))..((.(......)...)).,13,-3.964,18,0,0.000074
1125,.......((.(((......))).)).....(((((...........((((....)))..)..........))))).,14,-3.963,9,0,0.000074
1126,.......((.(((.(...)))).))......................(((....)))...................,9,-3.962,16,0,0.000074
1127,...(((.((..(((......)))..))...))).....(....)...(((....))).....(.(...).).....,14,-3.962,34,0,0.000074
1128,.......((.(((......))).))...(((.......))).......((....))...((.(.(...).)..)).,14,-3.961,23,0,0.000073
1129,.......((.(((......))).))....................(((.((.....((......))..)).)))..,12,-3.961,26,0,0.000073
1130,...........(((......)))..(.((((.......))))..)..(((....))).....(.(...).).....,13,-3.961,35,0,0.000073
1131,.......((((...(((..((((....((((.......))))....)).))..)))))))................,15,-3.96,46,0,0.000073
1132,..........(((......)))..(....)((((...(((.......(((....)))...........))))))).,14,-3.959,5,0,0.000073
1133,..(.....)..((((....)))).......(((.(((.((......))..))).)))...................,13,-3.959,41,0,0.000073
1134,......(((.(((......))).)).)...(((.(((.((......))..))).)))...................,14,-3.959,29,0,0.000073
1135,.......((.(((......))).)).........((....)).....(((....)))..(.((.(...).))..).,14,-3.958,22,0,0.000073
1136,...(((.((.(((......))).)).....)))....(((....(..(((....)))..)........))).....,15,-3.958,13,0,0.000073
1137,.......((.(((......))).))..((((.......)))).....((......))...................,11,-3.957,21,0,0.000073
1138,.......((.(((......))).)).....((((...(((..(...((((....)))....)....).))))))).,17,-3.957,4,0,0.000073
1139,.......(..(((......)))..)..((((.......)))).(((((((....)))........)))).......,15,-3.957,28,0,0.000073
1140,.......((.(((......))).)).....(((.(((.((......))..))).)))..((.(.........))).,16,-3.957,30,0,0.000073
1141,..........(((......)))......(((.......)))......(((....)))..((.(.(...).)..)).,13,-3.957,25,0,0.000073
1142,.......((.(((......))).)).....((...))(((.......(((....)))...........))).....,13,-3.955,10,0,0.000073
1143,.......((.(((......))).)).....((((...(((.(..(.((((....)))....).)..).))))))).,18,-3.954,6,0,0.000073
1144,.......((.(((......))).))....((..................)).....((......))..........,9,-3.954,25,0,0.000073
1145,...........(((......))).....(((.......)))..(((((((....)))........)))).......,13,-3.954,36,0,0.000073
1146,......((..((.((((....(((....))).......(....)...(((....)))...)))).))..)).....,15,-3.954,39,0,0.000073
1147,...........((((....))))....((((.......)))).....(((....)))..(.((.(...).))..).,15,-3.954,36,0,0.000073
1148,..(.....)..((((....))))..(.((((.......))))..)..(((....)))...................,13,-3.953,35,0,0.000072
1149,.......((.(((......))).)).....(((....(((....(..(((....)))...).......))).))).,15,-3.952,4,0,0.000072
1150,..........(((.(...))))........((((...(((.......(((....)))...........))))))).,14,-3.952,6,0,0.000072
1151,.......((.(((......))).)).............(....)...(((......((......))......))).,11,-3.952,24,0,0.000072
1152,.......((.(((......))).))...(((.......)))...................................,8,-3.951,23,0,0.000072
1153,...........(((......)))...(.....)....(((.......(((....)))...........))).....,10,-3.951,21,0,0.000072
1154,......((..((.((((....(((....)))((.((....)).))..(((....)))...)))).))..)).....,18,-3.951,44,0,0.000072
1155,...........((((....))))......((.......)).......(((....))).....((.......))...,11,-3.951,30,0,0.000072
1156,.......((.(((......))).))....(.........).......(((....))).......(...).......,10,-3.95,16,0,0.000072
1157,.......((.(((......))).))...(((.......)))(.(((((((....)))........))))..)....,16,-3.949,25,0,0.000072
1158,.......((.(((......))).))..(((.........))).....(((....)))............(....).,12,-3.949,19,0,0.000072
1159,...(...)..(((......)))........((((...(((.......(((....)))...........))))))).,14,-3.948,5,0,0.000072
1160,.......((.(((......))).))......((.(.....)..))..(((....)))..((.(.(...).)..)).,15,-3.947,22,0,0.000072
1161,.......((.(((......))).))....(.........).......(((....)))...(.(.(...)).)....,12,-3.946,18,0,0.000072
1162,...(((....(((......)))........)))..........(((((((....)))........)))).......,13,-3.946,28,0,0.000072
1163,.......((.(((......))).)).............(....).....(....).....................,7,-3.945,19,0,0.000071
1164,..........(((......)))........((((.........(((((((....)))........))))..)))).,14,-3.945,17,0,0.000071
1165,.......((.((........)).))..((((.......)))).....(((....)))..((............)).,13,-3.944,23,0,0.000071
1166,.......((.(((......))).)).....((((...(((.......(.(....)..)..........))))))).,14,-3.944,5,0,0.000071
1167,.......((.(((......))).))...(((.......)))........(....).......(.(...).).....,11,-3.944,23,0,0.000071
1168,.......((.(((......))).)).(.....)..............(((....))).....((.......))...,11,-3.944,17,0,0.000071
1169,..........(((......)))....(.....)..............(((....)))...................,7,-3.944,19,0,0.000071
1170,.......((.(((......))).))......((.((....)).))....((.................))......,11,-3.943,27,0,0.000071
1171,.......((.(((......))).))......((.(((.((......))..))).))........(...).......,13,-3.942,28,0,0.000071
1172,.......((.(((......))).))..((((.......)))).....(((....)))..(.((.......))..).,15,-3.942,22,0,0.000071
1173,.......((((....((..((((....((((.......))))....)).))..)).))))................,14,-3.942,45,0,0.000071
1174,.......((.(((......))).)).....((((...(((.(..(..(((....)))......)..).))))))).,17,-3.941,4,0,0.000071
1175,.......((.(((......))).))....((.(.((....)).)..))........((......))..........,12,-3.94,30,0,0.000071
1176,.....(.((.(((......))).)).)((((.......)))).(((((((....)))........)))).......,17,-3.94,28,0,0.000071
1177,.......((.((........)).)).....((((...(((..(....(((....))).........).))))))).,15,-3.939,4,0,0.000071
1178,.......((..((((....))))..))((((.......)))).(((((((....)))........)))).......,17,-3.939,41,0,0.000071
1179,.......((.(((......))).))......((.(((.((......))..))).))....(.(.(...)).)....,15,-3.939,30,0,0.000071
1180,......((((.((((....))))....((((.......)))).....(((....))).....))))..........,15,-3.939,38,0,0.000071
1181,.......((.(((......))).))......((.(......).))..(((....))).....(.(...).).....,13,-3.938,20,0,0.000071
1182,..........(((......)))........(((.(((.((......))..))).))).......(...).......,12,-3.938,32,0,0.000071
1183,.......(..(((......)))).......((((...(((.......(((....)))...........))))))).,14,-3.937,5,0,0.000070
1184,.......((.(((......))).))..((((.......)))).....(((....)))...(.(.(...).))....,15,-3.936,22,0,0.000070
1185,.......((.(((......))).)).....(((....(((.......(((....)))(......)...))).))).,15,-3.934,4,0,0.000070
1186,.......((.(((......))).)).......(.(((.((......))..))).).((......))..........,13,-3.934,30,0,0.000070
1187,..........(((......)))........(((.(((.((......))..))).)))...(.(.(...)).)....,14,-3.934,34,0,0.000070
1188,.......((.(((......))).))..((((..................)))).........(.(...).).....,11,-3.934,28,0,0.000070
1189,...(((.((.(((......))).)).....)))....((....(((((((....)))........)))))).....,17,-3.932,20,0,0.000070
1190,..........(((......)))...(.((((.......))))..)..(((....))).......(...).......,12,-3.932,26,0,0.000070
1191,.......((.(((......))).))..((((.......)))).......(....).......((.......))...,12,-3.932,25,0,0.000070
1192,..........(....).....(((....)))................(((....)))...................,7,-3.93,28,0,0.000070
1193,.......((.(((......))).))..((((.......)))).....(((....)))..((..(.......).)).,15,-3.93,22,0,0.000070
1194,...(((.((.(((......))).)).....))).....(....)...(((....)))..........((...))..,14,-3.93,19,0,0.000070
1195,...............((......)).....((((...(((.......(((....)))...........))))))).,12,-3.929,12,0,0.000070
1196,..........(((......)))...(.((((.......))))..)..(((....)))...(.(.(...)).)....,14,-3.928,28,0,0.000069
1197,.........(.(((((((.(((((....))).......)).))))))).)......((......))..........,15,-3.928,48,0,0.000069
1198,.......((.((........)).)).....((((...(((....(..(((....))).).........))))))).,15,-3.925,4,0,0.000069
1199,...........((((....)))).......((((...(((........((....))((......))..))))))).,15,-3.924,18,0,0.000069
1200,.......((.(((......))).)).............(....)....((....))......(.(...).).....,10,-3.924,19,0,0.000069
1201,...........(((......)))...((...))....(((.......(((....)))...........))).....,11,-3.924,22,0,0.000069
1202,.....................(((....))).......(....)...(((....)))...(.(......).)....,9,-3.924,30,0,0.000069
1203,...........((((....))))......((.......)).......(((....)))..((............)).,11,-3.924,30,0,0.000069
1204,...........((((....)))).....(((.......)))......(((....)))...(.(......).)....,12,-3.924,32,0,0.000069
1205,...(((.((..((((....))))..))...)))..............(((....))).....((.......))...,14,-3.923,34,0,0.000069
1206,......((((.((((....)))).......(((.(((.((......))..))).))).....))))..........,16,-3.923,46,0,0.000069
1207,.......(..(((......)))..)............(((.......(((....)))...........))).....,10,-3.923,10,0,0.000069
1208,.......((.(((......))).)).....................((.((.................)).))...,9,-3.922,22,0,0.000069
1209,.......((.(((......))).))..((((.......)))).................((.(.(...).)..)).,13,-3.922,29,0,0.000069
1210,.......((.(((......))).)).....(((...((.....((((..................)))))).))).,14,-3.921,22,0,0.000069
1211,..(.....)..((((....)))).......((((.............(((....)))..............)))).,12,-3.921,20,0,0.000069
1212,.......((.(((......))).)).....(.....).(....)...(((....))).....(.(...).).....,12,-3.92,18,0,0.000069
1213,......(((.(((......))).)).)...((((.............(((....)))..............)))).,13,-3.92,8,0,0.000069
1214,.......((.(((......))).))....((.......))...((..(((....)))....)).............,12,-3.92,19,0,0.000068
1215,..........(((......)))................(....)...(((....))).....(.(...).).....,9,-3.919,21,0,0.000068
1216,.......((.(((......))).))..((((.......)))).......(....).((...........)).....,12,-3.919,24,0,0.000068
1217,.......((.(((......))).))...(((.......)))......(((....))).(.(.(......).).)..,14,-3.918,20,0,0.000068
1218,..(((.........)))....(((....)))......(((.......(((....)))...........))).....,12,-3.918,27,0,0.000068
1219,.......((.(((......))).))..((((.......))))....((((....)))........)..........,13,-3.917,21,0,0.000068
1220,.......((.(((......))).)).(.....)..............(((....)))..((............)).,11,-3.917,17,0,0.000068
1221,.......((..(((......)))..))((((.......)))).....(((....)))...................,12,-3.917,33,0,0.000068
1222,.......((.(((.(...)))).)).....((((...(((....(..(((....)))..)........))))))).,17,-3.916,4,0,0.000068
1223,.......((.(((......))).)).((...))..............(((....))).....((.......))...,12,-3.916,18,0,0.000068
1224,..........(((......)))....((...))..............(((....)))...................,8,-3.916,20,0,0.000068
1225,...(((.((.(((......)))...))...)))..............(((....)))..((.(.(...).)..)).,15,-3.916,27,0,0.000068
1226,...(((.((.(((......))).)).....))).....((.......(((....)))...........))......,13,-3.916,13,0,0.000068
1227,.......((.(((......))).)).............(....).(((.((.................)).)))..,11,-3.916,24,0,0.000068
1228,.......((.(((......))).))..((((.......))))......((....))...........(.....)..,12,-3.915,22,0,0.000068
1229,.......((.(((......))).))......................(((....)))....(((.......)).).,11,-3.914,17,0,0.000068
1230,...........(((......)))...............(....)...(((....)))...................,7,-3.913,27,0,0.000068
1231,...........(((......))).....(((.......)))......(((....))).....(.(...).).....,11,-3.913,31,0,0.000068
1232,.......((.(((.(...)))).)).....((((....((.......(((....)))...........)).)))).,15,-3.912,4,0,0.000068
1233,.......((.(((......))).))......((.((....)).))..((((.....((......)).....)))).,15,-3.911,30,0,0.000067
1234,.......(((((((((((...((...............)).)))))))........))))..(.(...).).....,15,-3.911,48,0,0.000067
1235,..........(((......))).....((((.......)))).....(((....)))..........(.....)..,11,-3.91,24,0,0.000067
1236,...........((((....))))........(((...(((.......(((....)))...........))))))..,13,-3.91,15,0,0.000067
1237,.......((.(((......))).)).....(((.(((.((......))..))).))).....(.(...)...)...,15,-3.908,29,0,0.000067
1238,.......((.(((......))).))......((..........))..(((....)))..(.((.(...).))..).,14,-3.907,20,0,0.000067
1239,...........((((....))))...(.....).....(....)...(((....)))...................,9,-3.907,29,0,0.000067
1240,.......((.(((......))).)).....(((.(((.((......))..))).)))((............))...,15,-3.906,29,0,0.000067
1241,..(.....)............(((....))).......(....)...(((....)))...................,8,-3.905,29,0,0.000067
1242,..(.....)..((((....)))).....(((.......)))......(((....)))...................,11,-3.905,31,0,0.000067
1243,.......((.(((......))).)).....((...))..........(((....))).......(...).......,11,-3.905,17,0,0.000067
1244,.......((.(((......))).))..((((.......)))).......(....)....((............)).,12,-3.905,25,0,0.000067
1245,...(((....(((......)))........)))..............(((....))).....(.(...).).....,11,-3.905,23,0,0.000067
1246,.......((..((......))..)).....((((...(((....((((((....)))........)))))))))).,17,-3.904,8,0,0.000067
1247,.......((.(((......))).)).....(((.(((.((......))..))).))).......((.......)).,15,-3.904,29,0,0.000067
1248,...(((.((.(((......))).)).....)))..............(((....)))..(.((.(...).))..).,15,-3.903,21,0,0.000067
1249,.......((.(((......))).))...(((.......)))......(((....)))..((.(.........))).,14,-3.903,20,0,0.000067
1250,.....(.((.(((......))).)).)...((((...(((.(.....(((....))).........).))))))).,17,-3.903,4,0,0.000067
1251,.......((..((((....))))..))...((((...(((.(.....(((....))).........).))))))).,17,-3.902,17,0,0.000067
1252,.......((.(((......))).))............(((.......(((....)))...(.....).))).....,12,-3.902,10,0,0.000066
1253,.......((.(((......))).)).....(((....(((....(((..................)))))).))).,14,-3.902,14,0,0.000066
1254,.......((.(((......))).))............(((..(.(..(((....))).......).).))).....,13,-3.901,12,0,0.000066
1255,.......((.(((......))).)).....((...))..........(((....)))...(.(.(...)).)....,13,-3.901,19,0,0.000066
1256,........(.(((......))).)...((((.......)))).....(((....))).....(.(...).).....,13,-3.901,23,0,0.000066
1257,...........(((......)))....((((.......)))).....(((....))).....((.......))...,12,-3.9,33,0,0.000066
1258,.......((.(((......))).)).....(((....(((.........(....).((......))..))).))).,14,-3.9,9,0,0.000066
1259,.......((..((......))..)).....(((....(((.......(((....)))...........))).))).,13,-3.9,4,0,0.000066
1260,...........((((....)))).......((((...(((..(.(.((((....)))....)..).).))))))).,17,-3.899,19,0,0.000066
1261,.......((.(((......))).)).....(((((...((..(....(((....))).........).))))))).,16,-3.899,5,0,0.000066
1262,.......((.(((......))).)).....(((.(((.((......))..))).)))..((.(((...)..)))).,18,-3.899,32,0,0.000066
1263,..(.....).(((......))).....((((.......)))).....(((....)))...................,11,-3.898,24,0,0.000066
1264,..........(((......)))........(((...((.....(((((((....)))........)))))).))).,15,-3.898,20,0,0.000066
1265,..(.....)..(.(((....))).).....((((...(((.......(((....)))...........))))))).,15,-3.897,15,0,0.000066
1266,.......((.(((......))).)).....(((.......(..(((((((....)))........))))..)))).,16,-3.897,16,0,0.000066
1267,.......((.(((......))).))......((.((....)).))..(((....)))....(......).......,13,-3.896,21,0,0.000066
1268,...(((.((..((((....))))..))...)))..............(((....)))..((............)).,14,-3.896,34,0,0.000066
1269,.......((.(((......))).)).....((((.(...........(((....)))............).)))).,13,-3.896,7,0,0.000066
1270,...........(((((((.(((((....))).......)).)))))))..............(.(...).).....,14,-3.895,46,0,0.000066
1271,.......((.(((.....).)).))..((((.......)))).....(((....))).....(.(...).).....,14,-3.893,24,0,0.000066
1272,......(((.(((......))).)).)((((.......)))).(((((((....)))........)))).......,17,-3.893,28,0,0.000065
1273,.......((.(((.(...)))).)).....((((...((....(((((((....)))........)))))))))).,19,-3.891,11,0,0.000065
1274,.......((.(((......))).)).....((((((.......((((..................)))))))))).,15,-3.89,21,0,0.000065
1275,.......((.(((......))).)).....((((.........((..(((....)))....))........)))).,14,-3.89,10,0,0.000065
1276,.......((.(((......))).)).((...))..............(((....)))..((............)).,12,-3.889,18,0,0.000065
1277,.......((.(((......))).))...(((.......))).......((....))........(...).......,11,-3.889,20,0,0.000065
1278,.......((.((........)).))....((.......)).......(((....)))..((.(.(...).)..)).,13,-3.888,21,0,0.000065
1279,.......((((((((((..........((((.......))))))))))........))))..(.(...).).....,16,-3.888,50,0,0.000065
1280,.......(((((((((((..........(((.......))))))))))........))))..(.(...).).....,16,-3.888,50,0,0.000065
1281,..((...))..((((....)))).......(((.(((.((......))..))).)))...................,14,-3.887,42,0,0.000065
1282,.......((.(((......))).)).....(((....((((......(((....))).........).))).))).,15,-3.886,4,0,0.000065
1283,.......((.(((......))).)).....(((....(((....(..(((....)))....)......))).))).,15,-3.886,4,0,0.000065
1284,..........(((......)))........((((...(((............................))))))).,10,-3.885,10,0,0.000065
1285,.......((.(((......))).))...(((.......))).......((....))....(.(.(...)).)....,13,-3.885,22,0,0.000065
1286,...........(.(((....))).)..((((.......)))).....(((....)))...................,11,-3.885,33,0,0.000065
1287,.......((.(((......))).))......((((............(((....))).............))))..,12,-3.884,9,0,0.000065
1288,.......((.(((......))).)).....(((((...((....(..(((....))).).........))))))).,16,-3.884,5,0,0.000065
1289,..........(((......)))......(((.......)))......(((....))).......(...).......,10,-3.884,22,0,0.000064
1290,.......((.(((......))).)).......(......).......(((....)))............(....).,10,-3.883,14,0,0.000064
1291,.......((.(((......))).)).............(....)..((((....)))..)..(.(...).).....,12,-3.882,19,0,0.000064
1292,..((...))..((((....))))..(.((((.......))))..)..(((....)))...................,14,-3.882,36,0,0.000064
1293,.......((.(((......))).))...(((.......)))........(....).((......))..........,11,-3.88,24,0,0.000064
1294,..........(((......)))......(((.......)))......(((....)))...(.(.(...)).)....,12,-3.88,24,0,0.000064
1295,...........((((....))))...((...)).....(....)...(((....)))...................,10,-3.88,30,0,0.000064
1296,.......((.(((......))).)).............(....).....((.................))......,8,-3.879,22,0,0.000064
1297,.......((.(((......))).))....(.........).......(((....)))...(.(......).)....,11,-3.879,17,0,0.000064
1298,...((((((.(((......))).)).)...)))..............(((....)))...................,12,-3.879,19,0,0.000064
1299,..........(((......)))........(((....(((....((((((....)))........)))))).))).,15,-3.879,12,0,0.000064
1300,...(((.((.(((......))).)).....)))...((.....(((((((....)))........)))))).....,17,-3.878,25,0,0.000064
1301,.......((.(((.(...)))).))......((.((....)).))..(((....)))...................,13,-3.878,22,0,0.000064
1302,.......((.(((......))).))....(.............)...(((....)))...................,9,-3.877,16,0,0.000064
1303,...(((.((.(((......))).)).....)))....((........(((....))).......))..........,13,-3.877,19,0,0.000064
1304,..(.....)..((((....))))....((((.......)))).....(((....)))..((.(.(...).)..)).,16,-3.876,37,0,0.000064
1305,.......((.(((......))).)).......(.((....)).)...(((....)))..........(.....)..,12,-3.876,20,0,0.000064
1306,.......((.((........)).)).....((((...(((......((((....)))..)........))))))).,15,-3.875,4,0,0.000063
1307,.......((.(((......))).))......((.(.....)..))..(((....))).......(...).......,12,-3.875,19,0,0.000063
1308,.....................(((....)))................(((....))).....((.......))...,8,-3.874,29,0,0.000063
1309,.......((.(((......))).)).....(((.(((.(........)..))).)))...................,12,-3.874,26,0,0.000063
1310,..........(((......)))((....))((((...(((.......(((....)))...........))))))).,15,-3.874,7,0,0.000063
1311,...........(((......)))....((((.......)))).....(((....)))..((............)).,12,-3.873,33,0,0.000063
1312,.......((.(((......))).))..((((.......))))....((((....)))..).......(.....)..,14,-3.873,22,0,0.000063
1313,.......((.(((......))).))......((.(((.((......))..))).))....(.(......).)....,14,-3.871,29,0,0.000063
1314,.......((.(((......))).))......((.(.....)..))..(((....)))...(.(.(...)).)....,14,-3.871,21,0,0.000063
1315,...........(((......))).......((((...(((..(....(((....))).........).))))))).,14,-3.869,14,0,0.000063
1316,.......((.(((......))).)).............((......))((....))....................,9,-3.868,17,0,0.000063
1317,.......((.(((......))).))..((((.......)))).....(((....)))......(.......)....,13,-3.868,20,0,0.000063
1318,.......((.(((......))).))..((((.......))))...(((((....)))........))..(....).,15,-3.868,23,0,0.000063
1319,.......((.(((.(...)))).)).....(((.(((.((......))..))).))).....(.(...).).....,16,-3.868,31,0,0.000063
1320,.......((.(((......))).))....((..................)).........................,7,-3.868,22,0,0.000063
1321,..........(((......)))........((((((.......(((((((....)))........)))))))))).,16,-3.867,19,0,0.000063
1322,.......((.(((......))).)).....(((.(((.((......))..))).))).......(...)(....).,15,-3.867,28,0,0.000063
1323,..........(((......)))........(((.(((.((......))..))).)))...(.(......).)....,13,-3.867,33,0,0.000063
1324,.......((.(((......))).)).....((((...(((.........(...........)......))))))).,13,-3.863,7,0,0.000062
1325,.......((.(((......))).)).....(((.(((.((......))..))).)))..(..((.......)).).,16,-3.863,30,0,0.000062
1326,...........((((....)))).......((((...(((...((..(((....)))....)).....))))))).,16,-3.862,17,0,0.000062
1327,.......((.(((......))).)).....(((.(((.((......))..))).)))..((.(.(...))...)).,17,-3.862,31,0,0.000062
1328,.......((.(((......))).))..((((.......)))).....(((....)))...(.....)..(....).,14,-3.861,21,0,0.000062
1329,..........(((......)))...(.((((.......))))..)..(((....)))...(.(......).)....,13,-3.861,27,0,0.000062
1330,........((.((.(((........))).)).))...(((.......(((....)))...........))).....,13,-3.859,26,0,0.000062
1331,.....(.((.(((......))).)).)..((.......))...(((((((....)))........)))).......,15,-3.859,24,0,0.000062
1332,.......((..((((....))))..))..((.......))...(((((((....)))........)))).......,15,-3.859,37,0,0.000062
1333,.......((.(((......))).))..(((.........))).....(((....)))..........((...))..,13,-3.859,20,0,0.000062
1334,...........((((....))))........................(((....)))..((.(.(...).)..)).,11,-3.858,31,0,0.000062
1335,.......((.((........)).)).....((((...(((........((....))............))))))).,13,-3.857,4,0,0.000062
1336,..(.....)..((((....)))).......((((...(((.(.....(((....))).........).))))))).,16,-3.856,16,0,0.000062
1337,......(((.(((......))).)).)...((((...(((.(.....(((....))).........).))))))).,17,-3.856,4,0,0.000062
1338,.......((.(((......))).))..........(....)......(((....)))...................,9,-3.856,16,0,0.000061
1339,.......((.(((......))).)).......(..........)...(((....)))..((.(.(...).)..)).,13,-3.855,19,0,0.000061
1340,.......((.(((.(...)))).))...(((.......)))..(((((((....)))........)))).......,16,-3.855,26,0,0.000061
1341,...........(((......))).......((((...(((....(..(((....))).).........))))))).,14,-3.854,14,0,0.000061
1342,.......((.(((......))).))....((.......))...(...(((....))))....(.(...).).....,13,-3.854,19,0,0.000061
1343,.......((.(((......))).))....................(((((....))).............))....,10,-3.854,16,0,0.000061
1344,.......((.(((......))).))...(((.......)))......(((....))).....(.(...)...)...,13,-3.854,19,0,0.000061
1345,.......((.(((......))).))....((.(.((....)).)..))............................,10,-3.853,27,0,0.000061
1346,.......((.(((......))).))..((((.......))))....((((...............)).))......,13,-3.853,28,0,0.000061
1347,.......((.(((......))).))...(((.......)))......(((....)))((............))...,13,-3.853,19,0,0.000061
1348,.......((..(((......)))..))...((((...(((....((((((....)))........)))))))))).,18,-3.852,20,0,0.000061
1349,.......((.(((......))).)).....(((.(((.............))).)))..((.(.(...).)..)).,15,-3.852,30,0,0.000061
1350,............(.....)..(((....)))......(((.......(((....)))...........))).....,10,-3.852,22,0,0.000061
1351,.....(....)..........(((....)))......(((.......(((....)))...........))).....,10,-3.851,22,0,0.000061
1352,.......((((...((((.((((....((((.......))))....)).)).))))))))..(.(...).).....,18,-3.85,50,0,0.000061
1353,.......((.(((......))).))....((.......)).........((.....((......))..))......,11,-3.85,25,0,0.000061
1354,.......((.(((......))).))...(((.......)))......(((....))).......((.......)).,13,-3.85,19,0,0.000061
1355,.......((.(((......))).))..((((.......))))......................(...).......,10,-3.849,26,0,0.000061
1356,.......((.(((......))).)).........((....)).....(((....)))........(........).,11,-3.849,19,0,0.000061
1357,..((...))..((((....)))).......((((.............(((....)))..............)))).,13,-3.849,21,0,0.000061
1358,.......((.(((......))).))....((.......)).........(....)....((.(.(...).)..)).,12,-3.849,23,0,0.000061
1359,...........(..((....))..).....((((...(((.......(((....)))...........))))))).,13,-3.848,12,0,0.000061
1360,.......((.(((......))).))..((((.......))))......((....))...(.((.(...).))..).,15,-3.848,25,0,0.000061
1361,.......((..(((......)))..))...(((....(((.......(((....)))...........))).))).,14,-3.848,16,0,0.000061
1362,.....................(((....)))................(((....)))..((............)).,8,-3.848,29,0,0.000061
1363,.....(.((.(((......))).)).).(((.......)))......(((....)))...................,12,-3.847,19,0,0.000061
1364,.......((.(((......))).)).............(....)...((((.....((......)).....)))).,12,-3.847,25,0,0.000061
1365,.......((..((((....))))..)).(((.......)))......(((....)))...................,12,-3.847,32,0,0.000061
1366,.......((.((........)).)).....((((...(((......((((....)))....)......))))))).,15,-3.847,4,0,0.000061
1367,.......((.(((......))).)).............((...(((((((....)))........))))..))...,14,-3.847,21,0,0.000061
1368,.......((.(((......))).))......................(((....)))..((.(.......)..)).,11,-3.847,17,0,0.000061
1369,.......((.(((......))).))...(((.......))).....((((....)))..)....(...).......,13,-3.847,20,0,0.000061
1370,.......((.(((......))).))..((((.......))))..(..(((....))).).................,13,-3.846,21,0,0.000061
1371,.......((((((((((..(((((....))).......))..))))))........))))....(...).......,16,-3.846,47,0,0.000060
1372,.......((.(((......))).))..((((.......))))..................(.(.(...)).)....,12,-3.846,28,0,0.000060
1373,.......((.(((......))).)).....((((....((............................)).)))).,11,-3.846,8,0,0.000060
1374,.......((.(((......))).))....((.......))........((....))......((.......))...,11,-3.845,19,0,0.000060
1375,.......((.(((......))).))...(((.......)))......(((....)))..((.(((...)..)))).,16,-3.845,22,0,0.000060
1376,...........((((....))))....((((.......)))).....(((....)))........(........).,12,-3.845,33,0,0.000060
1377,.......((.(((......))).))..((((.......))))....(.((....))...)..(.(...).).....,14,-3.844,25,0,0.000060
1378,.......((.(((......))).))..((((.......))))......((....)).((............))...,13,-3.844,23,0,0.000060
1379,...(((.((.(((......)))...))...)))..............(((....))).......(...).......,12,-3.843,24,0,0.000060
1380,..........(((......))).....((((.......)))).....(((....)))..(.((.(...).))..).,14,-3.843,27,0,0.000060
1381,.........(.(((((((.(((((....))).......)).))))))).)..........................,13,-3.842,45,0,0.000060
1382,.......((.(((......))).))......................(((......................))).,8,-3.842,20,0,0.000060
1383,..........(((......))).......((.......)).......(((....))).....((.......))...,10,-3.84,21,0,0.000060
1384,...(((.((.(((......)))...))...)))..............(((....)))...(.(.(...)).)....,14,-3.84,26,0,0.000060
1385,...(((.((.(((......)))...))...)))....(((....((((((....)))........)))))).....,17,-3.839,23,0,0.000060
1386,.......((.(((......))).)).....((((...(((...(...(((....))))..(.....).))))))).,17,-3.838,4,0,0.000060
1387,.......((.(((......))).))....((((.(((.((......))..))).)))..)..(.(...).).....,16,-3.838,31,0,0.000060
1388,.......(...((((....)))).).....((((...(((.......(((....)))...........))))))).,15,-3.836,11,0,0.000059
1389,.......((.(((......))).)).........((.....))....(((....)))............(....).,11,-3.835,18,0,0.000059
1390,.......((.(((......))).))......(((..((.....(((((((....)))........)))))))))..,17,-3.835,16,0,0.000059
1391,........(.(((......))).).....((.......)).......(((....)))...................,9,-3.835,17,0,0.000059
1392,.......((.(((......))).)).....................((....................))......,7,-3.834,21,0,0.000059
1393,.......((.(((......))).)).....(((((...((......((((....)))..)........))))))).,16,-3.834,5,0,0.000059
1394,..((...))............(((....))).......(....)...(((....)))...................,9,-3.834,30,0,0.000059
1395,.......((.(((......))).)).....((...))..........(((....)))...(.(......).)....,12,-3.834,18,0,0.000059
1396,.......((.(((......))).)).....((((...(((..(.(...((....))........).).))))))).,16,-3.834,6,0,0.000059
1397,.......((.(((......))).))......................((((....................)))).,9,-3.834,21,0,0.000059
1398,..((...))..((((....)))).....(((.......)))......(((....)))...................,12,-3.834,32,0,0.000059
1399,.......((.(((......))).)).............(....)...(((....)))....(......).......,10,-3.833,16,0,0.000059
1400,.......((.(((......))).))...(((.......)))......((((...((((......)).))..)))).,16,-3.833,28,0,0.000059
1401,.......((((....(((.((((....((((.......))))....)).)).))).))))..(.(...).).....,17,-3.832,49,0,0.000059
1402,.......((.(((......))).))......((.((....)).))..(((....)))....(((.......)).).,15,-3.831,23,0,0.000059
1403,.......((.(((......))).)).........(((.((......))..)))......((.(.(...).)..)).,14,-3.829,31,0,0.000059
1404,.........((.......)).(((....))).......(....)...(((....)))...................,9,-3.829,30,0,0.000059
1405,.......((.(((......))).))...............................((......))..........,7,-3.828,23,0,0.000059
1406,......((((.(((......)))..(.((((.......))))..)..(((....))).....))))..........,15,-3.828,39,0,0.000059
1407,.........(.....).....(((....)))............(((((((....)))........)))).......,11,-3.828,36,0,0.000059
1408,.......((.(((......)))...))..((.......)).......(((....)))...................,10,-3.827,21,0,0.000059
1409,.......((.(((.....).)).))....((.......)).......(((....)))...................,10,-3.827,18,0,0.000059
1410,..((...)).(((......))).....((((.......)))).....(((....)))...................,12,-3.827,25,0,0.000059
1411,.......(((((((((((.(((((....))).......)).)))))))........))))..((.......))...,18,-3.826,50,0,0.000058
1412,..((...))..(.(((....))).).....((((...(((.......(((....)))...........))))))).,16,-3.826,16,0,0.000058
1413,.......((.(((......))).)).............((......))......((.....)).............,9,-3.826,23,0,0.000058
1414,.......((.(((......))).)).....(.((...(((.......(((....)))...........))))).).,14,-3.826,2,0,0.000058
1415,.......((.(((......))).)).....((((...(((.......(.(....).)...........))))))).,14,-3.826,2,0,0.000058
1416,...(((.....((((....)))).......)))....(((.......(((....)))...........))).....,13,-3.826,24,0,0.000058
1417,.......((.(((......))).)).....((((...(.........(((....)))............).)))).,13,-3.826,6,0,0.000058
1418,...(((.((.(((......))).)).....))).....(....)...(((....)))..........(.....)..,13,-3.824,19,0,0.000058
1419,.......((.(((......))).)).........((....))...(((.((.................)).)))..,12,-3.824,27,0,0.000058
1420,.......((.(((......))).))....((.......)).......((((...((...........))..)))).,13,-3.823,23,0,0.000058
1421,.......((.(((......))).)).............((.........))........((.(.(...).)..)).,11,-3.823,25,0,0.000058
1422,.......((.(((......))).)).........((.....))(((((((....)))........)))).......,14,-3.823,25,0,0.000058
1423,.......((.(((......))).))..((((.......))))....((.(....).((......))..))......,14,-3.823,27,0,0.000058
1424,.......((..((......))..))..((((.......)))).....(((....))).....(.(...).).....,13,-3.82,23,0,0.000058
1425,...........((((....))))....((((.......))))...(((.((.................)).)))..,13,-3.819,41,0,0.000058
1426,.......((.(((......))).))....((.......))......................(.(...).).....,9,-3.818,23,0,0.000058
1427,.....(.((.(((......))).)).)..((.......)).......(((....))).....(.(...).).....,13,-3.818,19,0,0.000058
1428,.......((..((((....))))..))..((.......)).......(((....))).....(.(...).).....,13,-3.818,32,0,0.000058
1429,.......((.(((......))).))....((.......))........((....))...((............)).,11,-3.818,19,0,0.000058
1430,.......((.(((......))).))...(((.......))).......((....))....(.(......).)....,12,-3.818,21,0,0.000058
1431,...........(((......)))......((.......)).......(((....)))..((.(.(...).)..)).,12,-3.817,31,0,0.000058
1432,.....(.((.(((......))).)).)...(((((............(((....))).............))))).,14,-3.817,9,0,0.000058
1433,.......((..((((....))))..))...(((((............(((....))).............))))).,14,-3.817,22,0,0.000058
1434,.......((.(((......))).))..((((.......)))).....(((....)))..((.(.(...)...))).,16,-3.817,23,0,0.000058
1435,.......((.(((......))).)).....(((((...((........((....))............))))))).,14,-3.816,5,0,0.000058
1436,.......((.((........)).))..................(((((((....)))........)))).......,11,-3.816,23,0,0.000057
1437,.......((.((........)).))....((.......)).......(((....))).......(...).......,10,-3.816,18,0,0.000057
1438,.......((.(((......))).))......................(((....)))..(........).......,9,-3.816,15,0,0.000057
1439,.......(..(((......)))..).....(((.(((.((......))..))).)))...................,12,-3.815,29,0,0.000057
1440,.......((.(((.(...)))).)).............(....)...(((....)))...................,10,-3.815,17,0,0.000057
1441,.......((.((........)).))..((((.......)))).....(((....)))............(....).,12,-3.815,21,0,0.000057
1442,...........((((....)))).......((((...(((.....(((((....)))........)).))))))).,16,-3.815,17,0,0.000057
1443,.......((.(((.(...)))).))...(((.......)))......(((....))).....(.(...).).....,14,-3.814,21,0,0.000057
1444,.......((.(((......))).)).............((......)).(....).......(.(...).).....,10,-3.814,21,0,0.000057
1445,.......((.(((......))).))..................(((((((....)))........)))).(...).,13,-3.814,21,0,0.000057
1446,.......((.(((......))).))......((.((....)).)).((((....)))..)................,13,-3.814,22,0,0.000057
1447,.......((.(((......))).))....((.......)).......(((....))).......(...).(...).,12,-3.814,16,0,0.000057
1448,..........(((......)))........((((...(((........((....))((......))..))))))).,14,-3.813,9,0,0.000057
1449,..........(((......))).......((.......)).......(((....)))..((............)).,10,-3.813,21,0,0.000057
1450,.......((.(((......))).))...(((.......)))......(((....))).......(...)(....).,13,-3.813,18,0,0.000057
1451,.......((.(((......))).)).....(((....(((......((((....))).......)...))).))).,15,-3.813,4,0,0.000057
1452,..........(((......)))......(((.......)))......(((....)))...(.(......).)....,11,-3.813,23,0,0.000057
1453,..(.....)..((((....))))......((.......))...(((((((....)))........)))).......,14,-3.813,36,0,0.000057
1454,......(((.(((......))).)).)..((.......))...(((((((....)))........)))).......,15,-3.813,24,0,0.000057
1455,.......((.((........)).))....((.......)).......(((....)))...(.(.(...)).)....,12,-3.812,20,0,0.000057
1456,...........((((....)))).......((((...((........(((....))).......)).....)))).,13,-3.811,21,0,0.000057
1457,...(((.((.(((......))).)).....)))....(((..(....(((....))).........).))).....,15,-3.811,13,0,0.000057
1458,.......((.(((......))).)).......(.(.....)..)...(((....)))...................,10,-3.811,17,0,0.000057
1459,.......((.(((......))).))...(((.......)))......(((....)))..(..((.......)).).,14,-3.809,20,0,0.000057
1460,.......((.(((......))).)).......(.((....)).)...(((....)))..(.((.(...).))..).,15,-3.808,23,0,0.000057
1461,.......((.(((......))).))...(((.......)))......(((....)))..((.(.(...))...)).,15,-3.808,21,0,0.000057
1462,.......((((...(((..((((..(.((((.......))))..).)).))..)))))))................,16,-3.808,48,0,0.000057
1463,.......((.(((......))).)).....(.....)..........(((....))).....((.......))...,11,-3.807,17,0,0.000057
1464,........(.(((......))).)...((((.......)))).(((((((....)))........)))).......,15,-3.807,28,0,0.000057
1465,.......((.(((......))).)).....((((.....................................)))).,9,-3.807,12,0,0.000057
1466,.......((.(((......))).)).....(((((...((......((((....)))....)......))))))).,16,-3.806,5,0,0.000057
1467,..(.....)..(((......))).......((((...(((....((((((....)))........)))))))))).,17,-3.806,19,0,0.000056
1468,.......(((((((((((..((((....))).......)..)))))))........))))..(.(...).).....,17,-3.804,50,0,0.000056
1469,..((...))..((((....))))....((((.......)))).....(((....)))..((.(.(...).)..)).,17,-3.804,38,0,0.000056
1470,...........(((......))).......((((...(((......((((....)))..)........))))))).,14,-3.804,14,0,0.000056
1471,.......((.(((......))).))......((.(.....)..))..(((....)))...(.(......).)....,13,-3.804,20,0,0.000056
1472,..(.....)..((((....))))....((((.......)))).....(((....))).......(...).......,13,-3.803,34,0,0.000056
1473,.......((.(((......))).))....((.......))......((((....)))..)..((.......))...,13,-3.803,19,0,0.000056
1474,.......((.(((.(...)))).))..((((.......)))).....(((....))).....((.......))...,15,-3.802,23,0,0.000056
1475,..(.....)..(((......))).......(((....(((.......(((....)))...........))).))).,13,-3.801,15,0,0.000056
1476,...........((........)).......((((...(((....((((((....)))........)))))))))).,15,-3.801,17,0,0.000056
1477,......(((.(((......))).)).).(((.......)))......(((....)))...................,12,-3.801,19,0,0.000056
1478,.......((.(((......))).)).....(((........(.(((((((....)))........))))..)))).,16,-3.8,16,0,0.000056
1479,.......((.(((......))).)).....((((...(((..(.(.(..............)..).).))))))).,15,-3.8,12,0,0.000056
1480,.......((.(((......))).))...........(......)...(((....))).....(.(...).).....,11,-3.8,18,0,0.000056
1481,.......((.(((.....).)).))..((((.......)))).(((((((....)))........)))).......,16,-3.8,29,0,0.000056
1482,..........(((......))).........(((...(((.......(((....)))...........))))))..,12,-3.8,6,0,0.000056
1483,..(.....)..((((....))))....((((.......)))).....(((....)))...(.(.(...)).)....,15,-3.799,36,0,0.000056
1484,.....(....(((......)))..).....((((...(((.......(((....)))...........))))))).,14,-3.799,5,0,0.000056
1485,.......((.(((......))).))....((...............))..............(.(...).).....,9,-3.799,24,0,0.000056
1486,.......((.(((......))).))...((.........))......(((....)))..((.(.(...).)..)).,14,-3.799,21,0,0.000056
1487,.......((.(((......))).))......((..........))..(((....)))........(........).,11,-3.798,17,0,0.000056
1488,...(((.((.(((......))).)).....)))....(((....(..(((....))).).........))).....,15,-3.797,13,0,0.000056
1489,...........((........)).......(((....(((.......(((....)))...........))).))).,11,-3.797,13,0,0.000056
1490,.......((.(((......))).)).(.....).....(....)...(((....))).....((.......))...,12,-3.797,18,0,0.000056
1491,..........(((......)))....(.....).....(....)...(((....)))...................,8,-3.797,20,0,0.000056
1492,.......((.(((......))).)).....((((...(((.(....((((....))).......).).))))))).,17,-3.795,4,0,0.000056
1493,.......((.(((......))).)).....(((.(((.((......))..))).)))..((.(......)...)).,16,-3.795,30,0,0.000055
1494,...(((.((.(((......))).)).....)))..............(((....)))........(........).,12,-3.794,18,0,0.000055
1495,...........((((....))))......((.......)).......(((....)))............(....).,10,-3.794,28,0,0.000055
1496,.......((.(((......))).))....((.......))......((((....)))....)..............,11,-3.793,17,0,0.000055
1497,.......((.(((......))).)).......(......).......(((....)))..........((...))..,11,-3.793,15,0,0.000055
1498,.......((.(((......))).)).....(((..((.((......))..))..))).....((.......))...,14,-3.791,27,0,0.000055
1499,...(((.((..(((......)))..))...)))..............(((....)))..((.(.(...).)..)).,15,-3.79,35,0,0.000055
1500,.......((((....((..((((..(.((((.......))))..).)).))..)).))))................,15,-3.79,47,0,0.000055
1501,.......((.(((......))).)).......................((....))((......))..........,9,-3.789,19,0,0.000055
1502,.......((.((........)).)).....(((((...((.......(((....)))...........))))))).,14,-3.788,5,0,0.000055
1503,...........((((....))))...........((....)).....(((....)))...................,9,-3.788,31,0,0.000055
1504,..........(((......)))........((((...(((..(.(.((((....)))....)..).).))))))).,16,-3.788,10,0,0.000055
1505,.....................(((....)))...((....)).....(((....))).....(.(...).).....,10,-3.788,33,0,0.000055
1506,.......((.(((......))).)).(.....)..............(((....)))............(....).,10,-3.787,15,0,0.000055
1507,.........(.....).....(((....)))................(((....))).....(.(...).).....,9,-3.786,31,0,0.000055
1508,...........(((......))).......((((...(((........((....))............))))))).,12,-3.786,14,0,0.000055
1509,.......(((((((((((...((.((.........)).)).)))))))........))))................,15,-3.786,49,0,0.000055
1510,...........((((....))))........................(((....))).......(...).......,8,-3.785,28,0,0.000055
1511,..((...))..((((....)))).......((((...(((.(.....(((....))).........).))))))).,17,-3.785,17,0,0.000055
1512,.......((.(((......))).)).....(......).........(((....)))...................,9,-3.784,14,0,0.000054
1513,.......((.(((......))).))......((..(....)..))..(((....)))..((.(.(...).)..)).,15,-3.784,22,0,0.000054
1514,...(((.((.(((......))).)).....))).....((.........)).....((......))..........,12,-3.784,27,0,0.000054
1515,.......((.(((......))).)).(.....)....(((.(.....(((....))).........).))).....,13,-3.784,11,0,0.000054
1516,..........(....).....(((....))).......(....)...(((....)))...................,8,-3.783,29,0,0.000054
1517,.......((.(((......))).))......(............)..(((....)))...................,9,-3.783,15,0,0.000054
1518,.......((.(((......))).))......................(((....)))..........(...)....,9,-3.783,15,0,0.000054
1519,.......((.(((......))).)).......(..........)...(((....))).......(...).......,10,-3.783,16,0,0.000054
1520,...........((((....))))........................(((....)))...(.(.(...)).)....,10,-3.782,30,0,0.000054
1521,...........((((....)))).......(((.(((.((......))..))).))).....((.......))...,14,-3.781,42,0,0.000054
1522,...........((((....))))..............(((....((((((....)))........)))))).....,13,-3.781,27,0,0.000054
1523,.......((.(((......))).)).....(.....)..........(((....)))..((............)).,11,-3.78,17,0,0.000054
1524,.......((.(((......))).)).....((((...(((.(..(..(((....)))..)......).))))))).,17,-3.779,4,0,0.000054
1525,..((...........))....(((....)))................(((....)))...................,8,-3.779,31,0,0.000054
1526,.......((.(((......))).)).......(..........)...(((....)))...(.(.(...)).)....,12,-3.779,18,0,0.000054
1527,.......((.(((......))).)).....(((.(((.............))).))).......(...).......,12,-3.779,27,0,0.000054
1528,...........((......))(((....)))................(((....)))...................,8,-3.779,23,0,0.000054
1529,.......((.(((......))).)).....((((...(((.(.(..((((....)))..)..)...).))))))).,18,-3.779,6,0,0.000054
1530,.......((.(((......))).))..((((.......))))..................(.(......).)....,11,-3.779,27,0,0.000054
1531,.......((.(((......))).))..................(...(((....))))..................,9,-3.779,16,0,0.000054
1532,.......((.(((......))).))....((.......))......(.((....))...)................,10,-3.778,19,0,0.000054
1533,.......(..(((......)))..).....((((.............(((....)))..............)))).,11,-3.777,8,0,0.000054
1534,.......((.(((......))).))(.((((.......))))..)..(((....))).....((.......))...,15,-3.777,23,0,0.000054
1535,.......((.(((......))).))......................(((....))).(.(.(.(...)).).)..,12,-3.776,18,0,0.000054
1536,...........(((......))).......((((...(((......((((....)))....)......))))))).,14,-3.776,14,0,0.000054
1537,...(((.((..((((....))))..))...))).....(....)...(((....))).....((.......))...,15,-3.776,35,0,0.000054
1538,.......((.(((......))).))....((.......)).........(....).........(...).......,9,-3.776,20,0,0.000054
1539,.......((.(((......))).))....((.......)).......(((....((((......)).))...))).,14,-3.776,25,0,0.000054
1540,.......((.(((......))).)).............(....)..((.((.................)).))...,10,-3.776,23,0,0.000054
1541,...........((((....))))..(.((((.......))))..)..(((....))).....((.......))...,14,-3.775,36,0,0.000054
1542,.......((.(((......))).)).....(((.(((.............))).)))...(.(.(...)).)....,14,-3.775,29,0,0.000054
1543,.......((.(((......))).))..((((.......)))).......(....)..............(....).,11,-3.775,23,0,0.000054
1544,.......((.(((.(...)))).))..((((.......)))).....(((....)))..((............)).,15,-3.775,23,0,0.000054
1545,...........((((....))))........((.((....)).))..(((....)))..((.(.(...).)..)).,15,-3.774,37,0,0.000054
1546,.......((.((........)).))......................(((....))).....(.(...).).....,9,-3.774,18,0,0.000054
1547,.......((.(((......))).))..((((.......)))).....(((....)))(.(........).).....,14,-3.774,21,0,0.000054
1548,.......((.(((......))).)).....((((....((........((....))((......))..)).)))).,15,-3.774,7,0,0.000054
1549,.......((.(((......))).))..((((.......)))).....(((....)))..((.(.(...)).)..).,16,-3.773,23,0,0.000054
1550,.......((.(((......))).))....((.......)).........(....).....(.(.(...)).)....,11,-3.773,22,0,0.000053
1551,.......((.(((......))).))............(.....)...(((....))).....((.......))...,11,-3.772,17,0,0.000053
1552,........(.(((......))).).............(((.......(((....)))...........))).....,10,-3.772,10,0,0.000053
1553,...(((.((.(((......)))...))...)))..............(((....)))...(.(......).)....,13,-3.772,25,0,0.000053
1554,..(.....)..((((....))))......((.......)).......(((....))).....(.(...).).....,12,-3.772,31,0,0.000053
1555,......(((.(((......))).)).)..((.......)).......(((....))).....(.(...).).....,13,-3.771,19,0,0.000053
1556,.......((.(((......))).)).............((......))..............((.......))...,9,-3.771,23,0,0.000053
1557,.......((.(((......))).))..((((.......)))).....(((....)))...(.(.(...).)..)..,15,-3.771,22,0,0.000053
1558,..(.....)..((((....)))).......(((((............(((....))).............))))).,13,-3.77,21,0,0.000053
1559,.......((.(((......))).)).....((((...(((........((....)).(.......)..))))))).,15,-3.77,4,0,0.000053
1560,......(((.(((......))).)).)...(((((............(((....))).............))))).,14,-3.77,9,0,0.000053
1561,.......((.(((.(...)))).)).....((((...(((..(....(((....))).........).))))))).,17,-3.77,4,0,0.000053
1562,.......((.(((......))).)).(.....).....(....)...(((....)))..((............)).,12,-3.77,18,0,0.000053
1563,.......((.(((......))).)).((...)).....(....)...(((....))).....((.......))...,13,-3.769,19,0,0.000053
1564,..........(((......)))....((...)).....(....)...(((....)))...................,9,-3.769,21,0,0.000053
1565,.......((.(((......))).))..((((..................))))...((...........)).....,11,-3.769,27,0,0.000053
1566,...(((.((.(((......)))...))...))).....(....)...(((....)))..((.(.(...).)..)).,16,-3.769,28,0,0.000053
1567,...(((.((.(((......))).)).....)))............(((.((.................)).)))..,13,-3.769,26,0,0.000053
1568,.......((.(((......))).))....((((.((....)).)).))..............(.(...).).....,13,-3.768,30,0,0.000053
1569,.....(.((.(((......))).)).)...((((..((.....(((((((....)))........)))))))))).,19,-3.768,16,0,0.000053
1570,.......((..((((....))))..))...((((..((.....(((((((....)))........)))))))))).,19,-3.768,29,0,0.000053
1571,.......((.(((......))).))..((((.......)))).....(((....)).)..................,12,-3.767,22,0,0.000053
1572,.......((.(((......))).)).............(....)...(((....)))....(((.......)).).,12,-3.767,18,0,0.000053
1573,.......(((((((((((...(((....)))..........)))))))........))))..(.(...).).....,16,-3.767,50,0,0.000053
1574,...(((.((..((((....))))..))...)))..............(((....)))............(....).,13,-3.767,32,0,0.000053
1575,...(((.((.(((......))).)).....)))...((((.......(((....)))...........))).)...,15,-3.767,12,0,0.000053
1576,.......((.(((......))).))....((.......))...(...(((....))).....).............,11,-3.766,17,0,0.000053
1577,...((.....)).........(((....)))................(((....)))...................,8,-3.766,29,0,0.000053
1578,.......((.(((......)))...))..........(((.......(((....)))...........))).....,11,-3.765,14,0,0.000053
1579,.......((.(((.....).)).))............(((.......(((....)))...........))).....,11,-3.765,11,0,0.000053
1580,.......((.(((......))).))......(((...(((....(..(((....)))..)........))))))..,15,-3.764,4,0,0.000053
1581,...........(((((((...((...............)).)))))))........((......))..........,11,-3.764,45,0,0.000053
1582,.......((.(((......))).)).....(((..((.((......))..))..)))..((............)).,14,-3.764,27,0,0.000053
1583,...(((.((..((((....))))..))...)))....(((.(.....(((....))).........).))).....,16,-3.763,28,0,0.000053
1584,.......((.(((......))).))......((.((....)).))..(((....)))..((.(.......)..)).,15,-3.763,23,0,0.000053
1585,.......(((((((((((.(((((....))).......)).))))))).(....).))))................,17,-3.763,46,0,0.000053
1586,.......(..(((......)))..)...(((.......)))......(((....)))...................,10,-3.761,19,0,0.000052
1587,.......((.(((......))).))..((((.......)))).....(((....)))....((.(...).)...).,15,-3.761,22,0,0.000052
1588,.......((.(((......))).))......(((....((.......(((....)))...........)).)))..,13,-3.76,4,0,0.000052
1589,.......((.(((......))).)).((...))..............(((....)))............(....).,11,-3.76,16,0,0.000052
1590,.......((.(((......))).)).....((((...(((..(((..(((....)))....))...).))))))).,18,-3.759,6,0,0.000052
1591,.....................(((....)))...((.....))....(((....)))...................,8,-3.758,31,0,0.000052
1592,.......((.(((......))).))......((.((....)).))..(((......................))).,12,-3.758,26,0,0.000052
1593,...(((....(((......)))........))).....(....)...(((....))).....(.(...).).....,12,-3.758,24,0,0.000052
1594,...........((((....)))).......(((((..((........(((....))).......))....))))).,14,-3.757,22,0,0.000052
1595,.......((.(((......))).)).........(((.((......))..)))...........(...).......,11,-3.757,28,0,0.000052
1596,...(((.((.(((......))).)).....))).....(....)...(((....)))..(.((.(...).))..).,16,-3.756,22,0,0.000052
1597,.......((.(((......))).)).((...))....(((.(.....(((....))).........).))).....,14,-3.756,12,0,0.000052
1598,.......((.(((.(...)))).)).....((((...(((....(..(((....))).).........))))))).,17,-3.756,4,0,0.000052
1599,.......((.(((......))).)).....((((...(((....(.((((....)))....).)....))))))).,17,-3.754,4,0,0.000052
1600,...........((((....)))).......(((.(((.((......))..))).)))..((............)).,14,-3.754,42,0,0.000052
1601,.......((.(((......))).))....((.......)).......(((....)))(......)...........,11,-3.754,17,0,0.000052
1602,.......((..((......))..))....((.......)).......(((....)))...................,9,-3.754,17,0,0.000052
1603,.......((.(((......))).)).........(((.((......))..))).......(.(.(...)).)....,13,-3.753,30,0,0.000052
1604,.......((.(((......))).))..(((.........))).....(((....)))..........(.....)..,12,-3.753,20,0,0.000052
1605,.......((.(((......))).)).......................((....))...((.(.(...).)..)).,11,-3.752,20,0,0.000052
1606,.......((.(((......))).)).....((((...((.....((((((....)))........))).)))))).,17,-3.752,8,0,0.000052
1607,..........(((......)))........((((...(((...((..(((....)))....)).....))))))).,15,-3.751,8,0,0.000052
1608,.......((.(((......))).))..((((.......)))).....(((....))).......(.(.....).).,14,-3.751,21,0,0.000052
1609,.......((.(((......))).))..((((.......)))).(...(((....))))......(...).......,14,-3.751,22,0,0.000052
1610,.......((.(((......))).)).....((...)).(....)...(((....))).....(.(...).).....,13,-3.751,19,0,0.000051
1611,.......((.(((......))).)).............((.........)).............(...).......,8,-3.75,22,0,0.000051
1612,.......((.(((......))).))......((.((....)).))..((((....................)))).,13,-3.75,27,0,0.000051
1613,.......((.(((......))).)).............((......)).(....).((......))..........,10,-3.75,22,0,0.000051
1614,.......((.(((......))).))(.((((.......))))..)..(((....)))..((............)).,15,-3.75,23,0,0.000051
1615,.......((.(((......))).))...(((.......))).....((((....))............))......,12,-3.749,20,0,0.000051
1616,...(((.((..((((....))))..))...))).....(....)...(((....)))..((............)).,15,-3.749,35,0,0.000051
1617,.......((.(((......))).)).....((((....((..(.(.((((....)))....)..).).)).)))).,17,-3.749,8,0,0.000051
1618,...........((((....))))..(.((((.......))))..)..(((....)))..((............)).,14,-3.748,36,0,0.000051
1619,.......((.(((......))).)).........(.....)..(((((((....)))........)))).......,13,-3.748,23,0,0.000051
1620,..........(((......))).........................(((....)))..((.(.(...).)..)).,10,-3.748,22,0,0.000051
1621,.......((.(((......))).))..((((.......)))).(...(((....))))..(.(.(...)).)....,16,-3.747,24,0,0.000051
1622,...(((.((.(((......))).)).....)))....(((......((((....)))..)........))).....,15,-3.747,13,0,0.000051
1623,.......((.(((......))).)).............((.........)).........(.(.(...)).)....,10,-3.747,24,0,0.000051
1624,.......((.(((......))).))....((.......))......((.((.....((......))..)).))...,13,-3.746,26,0,0.000051
1625,.......((.(((......))).))............(.....)...(((....)))..((............)).,11,-3.745,17,0,0.000051
1626,.......((.(((......))).)).........((.....))....(((....)))..........((...))..,12,-3.745,19,0,0.000051
1627,.......(((((((((((.((.((...........)).)).)))))))........))))................,15,-3.745,48,0,0.000051
1628,.......((.(((......))).)).....(((.....((......))......)))...................,10,-3.745,21,0,0.000051
1629,...........(((......)))....................(((((((....)))........)))).......,10,-3.745,33,0,0.000051
1630,.......((.(((......))).))......((.((....)).))...........((......))..........,11,-3.745,29,0,0.000051
1631,...........(((......)))......((.......)).......(((....))).......(...).......,9,-3.745,28,0,0.000051
1632,.......((.((........)).))....((.......)).......(((....)))...(.(......).)....,11,-3.745,19,0,0.000051
1633,......(...(((......)))).......((((...(((.......(((....)))...........))))))).,14,-3.744,6,0,0.000051
1634,.......((.(((......))).)).............((......))...........((............)).,9,-3.744,23,0,0.000051
1635,...........(((......)))....((((.......)))).....(((....)))............(....).,11,-3.744,31,0,0.000051
1636,.......((.(((......))).))............(((....(..(((....)))...).......))).....,12,-3.743,10,0,0.000051
1637,.......((.(((......))).))...................................................,5,-3.742,20,0,0.000051
1638,.......((.(((......))).)).((...)).....(....)...(((....)))..((............)).,13,-3.742,19,0,0.000051
1639,.....(.((.(((......))).)).)....................(((....)))...................,9,-3.742,16,0,0.000051
1640,.......((..((((....))))..))....................(((....)))...................,9,-3.742,29,0,0.000051
1641,..((...))..((((....))))......((.......))...(((((((....)))........)))).......,15,-3.741,37,0,0.000051
1642,...........(((......)))......((.......)).......(((....)))...(.(.(...)).)....,11,-3.741,30,0,0.000051
1643,...........(((((((..........(((.......))))))))))........((......))..........,12,-3.741,47,0,0.000051
1644,...........((((((..........((((.......))))))))))........((......))..........,12,-3.741,47,0,0.000051
1645,.......((.(((......))).)).....((((...(((....(..(((....)))......)....))))))).,16,-3.741,2,0,0.000051
1646,.......((.(((......))).))...(((.......)))......(((....)))..((.(......)...)).,14,-3.741,20,0,0.000051
1647,.......((.(((......))).)).....(((.((...............)).)))...................,10,-3.741,24,0,0.000051
1648,...(((.((.(((......))).)).....)))......((..(((((((....)))........))))....)).,17,-3.74,25,0,0.000051
1649,.......((.(((......))).)).....(((((........((..(((....)))....)).......))))).,15,-3.74,11,0,0.000051
1650,......((..((.((((....(((....)))...((....)).....(((....)))...)))).))..)).....,16,-3.74,42,0,0.000051
1651,.......((.(((......))).))......(((...((....(((((((....)))........)))))))))..,17,-3.739,11,0,0.000050
1652,.......((.(((......))).))..((((.......))))......((....)).........(........).,12,-3.739,22,0,0.000050
1653,...........((((....))))...(.....)..........(((((((....)))........)))).......,12,-3.739,35,0,0.000050
1654,...........((((....))))........((..........))..(((....)))...................,9,-3.737,29,0,0.000050
1655,.......((.(((......))).)).....((((.........(...(((....))).....)........)))).,13,-3.737,8,0,0.000050
1656,.......((.(((......))).)).....((((...(((..(.(.((((....)))....).)..).))))))).,18,-3.737,6,0,0.000050
1657,..(.....)............(((....)))............(((((((....)))........)))).......,11,-3.736,35,0,0.000050
1658,.......((.(((......))).)).....((((...(((...((..(((....)))..)..).....))))))).,17,-3.736,4,0,0.000050
1659,......((..((.((((..(....)..((((.......)))).....(((....)))...)))).))..)).....,16,-3.736,40,0,0.000050
1660,.......((.(((......))).))..((((.......)))).....(((....(.((......))..)...))).,15,-3.735,28,0,0.000050
1661,.......((.(((......))).))........................(....).......(.(...).).....,8,-3.735,20,0,0.000050
1662,.......((.(((......))).)).....((((...(((......(.......).((......))..))))))).,15,-3.735,10,0,0.000050
1663,..((...))..(((......))).......((((...(((....((((((....)))........)))))))))).,18,-3.734,20,0,0.000050
1664,..........(((......))).....((((.......)))).....(((....)))........(........).,11,-3.734,24,0,0.000050
1665,.......((.(((......))).))..((((.......)))).....(((....)))(.......)..........,13,-3.733,21,0,0.000050
1666,.......(..(((......)))..)..((((.......)))).....(((....)))..((.(.(...).)..)).,15,-3.732,25,0,0.000050
1667,..(.....)..((((....))))....((((.......)))).....(((....)))...(.(......).)....,14,-3.732,35,0,0.000050
1668,...((((((.(((......))).)).)...))).....(....)...(((....)))...................,13,-3.732,20,0,0.000050
1669,.......((.(((......))).))......((.((....)).))..(((....)))..(........).......,13,-3.732,21,0,0.000050
1670,..((...))..((((....))))....((((.......)))).....(((....))).......(...).......,14,-3.732,35,0,0.000050
1671,.......((.(((......))).))...(((..................)))....((......))..........,10,-3.73,27,0,0.000050
1672,...........(((((((.(((((....))).......)).)))))))........((...........)).....,14,-3.73,45,0,0.000050
1673,..((...))..(((......))).......(((....(((.......(((....)))...........))).))).,14,-3.73,16,0,0.000050
1674,...(((.((.(((......))).)).....)))....(((........((....))............))).....,13,-3.729,13,0,0.000050
1675,..((...))..((((....))))....((((.......)))).....(((....)))...(.(.(...)).)....,16,-3.728,37,0,0.000050
1676,.....................(((....))).......(....)...(((....))).....((.......))...,9,-3.728,30,0,0.000050
1677,.......((.(((......))).)).....((((...(((.....((..................)).))))))).,14,-3.727,10,0,0.000049
1678,...........((((....)))).....(((.......)))......(((....))).....((.......))...,12,-3.727,32,0,0.000049
1679,.......((.(((......))).)).....((..(((.((......))..)))..))..((.(.(...).)..)).,16,-3.726,31,0,0.000049
1680,.......((.(((......))).))...((.........))......(((....))).......(...).......,11,-3.726,18,0,0.000049
1681,.......((..((......))..))..((((.......)))).(((((((....)))........)))).......,15,-3.726,28,0,0.000049
1682,.......((.(((......))).))............(((.......(((....)))(......)...))).....,12,-3.726,10,0,0.000049
1683,.......((.(((......))).))..((((.......))))...((.......))....................,11,-3.725,27,0,0.000049
1684,.......((.((........)).))..((((.......)))).....(((....)))..........((...))..,13,-3.724,22,0,0.000049
1685,.......((.(((......))).)).....((((...(((..(.(..(((....)))......)..).))))))).,17,-3.724,4,0,0.000049
1686,.......(((((((((((.((.................)).)))))))........))))................,13,-3.724,45,0,0.000049
1687,.......((..(((......))))).....((((...(((.......(((....)))...........))))))).,15,-3.723,8,0,0.000049
1688,.......((.(((......))).))...((.........))......(((....)))...(.(.(...)).)....,13,-3.723,20,0,0.000049
1689,..(.....)..((((....)))).......((((..((.....(((((((....)))........)))))))))).,18,-3.721,28,0,0.000049
1690,..(.....)..(((......)))....((((.......)))).....(((....))).....(.(...).).....,13,-3.721,34,0,0.000049
1691,......(((.(((......))).)).)...((((..((.....(((((((....)))........)))))))))).,19,-3.721,16,0,0.000049
1692,......((..((.((((..(....).....(((.(((.((......))..))).)))...)))).))..)).....,17,-3.721,48,0,0.000049
1693,.......((.(((......))).))..((((.......))))...(((.((..(............).)).)))..,15,-3.719,30,0,0.000049
1694,...(((.((.(((......))).)).....)))....(((......((((....)))....)......))).....,15,-3.719,13,0,0.000049
1695,.......((.(((.(...)))).))....((.......)).......(((....)))..((.(.(...).)..)).,15,-3.719,21,0,0.000049
1696,.......((.((........)).)).....(((.(((.((......))..))).)))..((.(.(...).)..)).,16,-3.719,33,0,0.000049
1697,.......((.(((......))).)).....(((.(............(((....))).............).))).,12,-3.718,9,0,0.000049
1698,.....................(((....)))................(((....)))............(....).,7,-3.718,27,0,0.000049
1699,...........(((......))).......(((((...((.......(((....)))...........))))))).,13,-3.718,15,0,0.000049
1700,...(((.((..(((......)))..))...)))..............(((....))).......(...).......,12,-3.717,32,0,0.000049
1701,...........((........))....((((.......)))).....(((....))).....(.(...).).....,11,-3.717,32,0,0.000049
1702,.......((.(((......))).)).....(((....(((......(.((....))...)........))).))).,14,-3.715,6,0,0.000049
1703,.....................(((....)))......(((.(.....(((....))).........).))).....,10,-3.715,23,0,0.000048
1704,...........((((....))))........................(((....)))...(.(......).)....,9,-3.715,29,0,0.000048
1705,.....(.((.(((......))).)).)((((.......)))).....(((....)))..((.(.(...).)..)).,17,-3.714,25,0,0.000048
1706,.......((..((((....))))..))((((.......)))).....(((....)))..((.(.(...).)..)).,17,-3.714,38,0,0.000048
1707,...(((.((..(((......)))..))...)))..............(((....)))...(.(.(...)).)....,14,-3.714,34,0,0.000048
1708,...(((.((.(((......))).)).....))).......(..(((((((....)))........))))..)....,16,-3.713,25,0,0.000048
1709,...(((.((..(((......)))..))...)))....(((....((((((....)))........)))))).....,17,-3.713,31,0,0.000048
1710,.......(..(((......)))..).....((((...(((.(.....(((....))).........).))))))).,15,-3.713,4,0,0.000048
1711,.....(....)((((....)))).......((((...(((.......(((....)))...........))))))).,15,-3.712,14,0,0.000048
1712,.......((.(((......))).)).....((((....((...((..(((....)))....)).....)).)))).,16,-3.712,6,0,0.000048
1713,.......((.(((......))).)).......(..........)...(((....)))...(.(......).)....,11,-3.712,17,0,0.000048
1714,.......((.(((......))).))......((..(....)..))..(((....))).......(...).......,12,-3.711,19,0,0.000048
1715,...........((((....))))...............(....)...(((....)))..((.(.(...).)..)).,12,-3.711,32,0,0.000048
1716,...........((((....))))...((...))..........(((((((....)))........)))).......,13,-3.711,36,0,0.000048
1717,.........(.((.(((........))).)).)..............(((....)))...................,9,-3.71,32,0,0.000048
1718,.......((.(((......))).))......................(((....))).(.(.(......).).)..,11,-3.709,17,0,0.000048
1719,...........((((....)))).......((((...(((...(...(((....))).....).....))))))).,15,-3.709,15,0,0.000048
1720,.......((.(((......))).))..((((.......)))).....(((....)))..(..(.........).).,14,-3.709,21,0,0.000048
1721,..........(((......))).....((((.......))))...(((.((.................)).)))..,12,-3.708,32,0,0.000048
1722,.......((.(((......))).)).....(((.(((.............))).)))...(.(......).)....,13,-3.708,28,0,0.000048
1723,.......((.(((......))).)).........((....)).....(((....))).....(.(...))......,12,-3.708,20,0,0.000048
1724,.......((.(((......))).))......((..(....)..))..(((....)))...(.(.(...)).)....,14,-3.708,21,0,0.000048
1725,.......((.(((......))).)).....(((((((.((......))..))..................))))).,14,-3.707,18,0,0.000048
1726,.......((.(((......))).)).........(.....)......(((....))).....(.(...).).....,11,-3.707,18,0,0.000048
1727,.......((.(((......))).))..((((.......)))).....(((....)))..((.(......).)..).,15,-3.706,22,0,0.000048
1728,.......((.(((......))).))......((.((....)).))...((....))((......))..........,13,-3.705,25,0,0.000048
1729,.......((.(((.(...)))).)).....((((...(((......((((....)))..)........))))))).,17,-3.705,4,0,0.000048
1730,.......((.(((......))).))....((.......)).........(....).....(.(......).)....,10,-3.705,21,0,0.000048
1731,...........((((....))))......((.......)).......(((....)))..........((...))..,11,-3.704,29,0,0.000048
1732,..........(((......)))........((((...(((.....(((((....)))........)).))))))).,15,-3.704,8,0,0.000048
1733,...........(((......)))........................(((....))).....(.(...).).....,8,-3.704,28,0,0.000048
1734,.......((.(((......))).))....((.......)).......(((....)))...(..........)....,11,-3.703,16,0,0.000048
1735,...........((((....))))....((((.......)))).....(((....))).....(.(...))......,13,-3.703,34,0,0.000048
1736,.......((.(((......))).))..((((((.((....)).))....))))...((......))..........,15,-3.703,35,0,0.000047
1737,.......((.(((......))).))..((((.......)))).....(((....)))...(...(...)..)....,14,-3.702,21,0,0.000047
1738,...........((((....))))........((.((....)).))..(((....))).......(...).......,12,-3.702,34,0,0.000047
1739,.......((..(((......)))..))..((.......)).......(((....)))...................,10,-3.701,29,0,0.000047
1740,...(((.((.((........)).)).....)))....(((.......(((....)))...........))).....,13,-3.701,13,0,0.000047
1741,.......((.(((......))).)).............((......))........((......))...(....).,10,-3.701,24,0,0.000047
1742,..........(((......)))........((((...((........(((....))).......)).....)))).,12,-3.701,12,0,0.000047
1743,.....................(((....))).......(....)...(((....)))..((............)).,9,-3.701,30,0,0.000047
1744,..((...))..((((....))))......((.......)).......(((....))).....(.(...).).....,13,-3.7,32,0,0.000047
1745,...........((((....)))).....(((.......)))......(((....)))..((............)).,12,-3.7,32,0,0.000047
1746,.......((.(((......))).)).............(....)...(((....)))..((.(.......)..)).,12,-3.7,18,0,0.000047
1747,.......((.(((......))).)).......(.((....)).)...(((....)))........(........).,12,-3.699,20,0,0.000047
1748,..((...))..((((....)))).......(((((............(((....))).............))))).,14,-3.699,22,0,0.000047
1749,.......((.(((......))).))......((.((....)).))..(((....)))..........(...)....,13,-3.699,21,0,0.000047
1750,.......((.(((......))).)).......((.............(((....)))..............))...,10,-3.699,10,0,0.000047
1751,.......((.(((......))).))......(..((....))..)..(((....))).....(.(...).).....,13,-3.699,21,0,0.000047
1752,.......((((...((((.((((..(.((((.......))))..).)).)).))))))))..(.(...).).....,19,-3.698,52,0,0.000047
1753,...........((((....))))........((.((....)).))..(((....)))...(.(.(...)).)....,14,-3.698,36,0,0.000047
1754,...(((.((.(((......))).)).....))).....((.........)).........................,10,-3.698,24,0,0.000047
1755,...........((((....))))...(.....)..............(((....))).....(.(...).).....,10,-3.697,30,0,0.000047
1756,.......((.(((......))).)).....((((...((.....(..(((....))).).....)).....)))).,15,-3.697,10,0,0.000047
1757,.......((.(((......))).)).(.....)..............(((....)))..........((...))..,11,-3.697,16,0,0.000047
1758,.....(.((.(((......))).)).)...((((...(((....(..(((....)))..)........))))))).,17,-3.697,4,0,0.000047
1759,.......((..((((....))))..))...((((...(((....(..(((....)))..)........))))))).,17,-3.697,17,0,0.000047
1760,.......((.(((......))).))..((((.......))))....((((....)))..).....(........).,14,-3.697,22,0,0.000047
1761,.......((.(((......))).)).....((((...(((..(...((((....)))..)......).))))))).,17,-3.697,4,0,0.000047
1762,...(((.((.(((......)))...))...))).....(....)...(((....))).......(...).......,13,-3.696,25,0,0.000047
1763,.......((.(((......))).))...(((.......)))..((..(((....)))....)).............,13,-3.696,21,0,0.000047
1764,..(.....)..((((....))))........................(((....)))...................,8,-3.696,28,0,0.000047
1765,......(((.(((......))).)).)....................(((....)))...................,9,-3.696,16,0,0.000047
1766,..(.....)............(((....)))................(((....))).....(.(...).).....,9,-3.695,30,0,0.000047
1767,.......((.(((......))).)).............(....)...(((......................))).,9,-3.695,21,0,0.000047
1768,.......((.(((......))).)).........((....)).....(((....)))..((.((.......)))).,14,-3.695,22,0,0.000047
1769,.....................(((....)))...((....)).(((((((....)))........)))).......,12,-3.694,38,0,0.000047
1770,.......((.(((......))).))......................(((....)))..((.(.........))).,11,-3.694,17,0,0.000047
1771,.......((.(((......))).))............(((....(((..................)))))).....,11,-3.694,20,0,0.000047
1772,.......((.(((......))).)).....((((...(((..........(......)..........))))))).,13,-3.693,8,0,0.000047
1773,.......((.(((......))).)).(.....).....((......))........((......))..........,10,-3.693,25,0,0.000047
1774,.......((.(((......))).))......((.((....)).))..(((....))).(.(.(.(...)).).)..,16,-3.693,24,0,0.000047
1775,...(((.((.(((......)))...))...))).....(....)...(((....)))...(.(.(...)).)....,15,-3.693,27,0,0.000047
1776,.......((.(((......))).)).(((((.......)))....))(((....)))...................,13,-3.692,21,0,0.000047
1777,.....(.((.(((......))).)).)...((((....((.......(((....)))...........)).)))).,15,-3.692,4,0,0.000047
1778,.......((..((((....))))..))...((((....((.......(((....)))...........)).)))).,15,-3.692,17,0,0.000047
1779,.......((.(((......))).))............(((.........(....).((......))..))).....,11,-3.692,15,0,0.000047
1780,.......((..((......))..))............(((.......(((....)))...........))).....,10,-3.691,10,0,0.000047
1781,.......((.((........)).))......((.((....)).))..(((....))).....(.(...).).....,13,-3.691,24,0,0.000047
1782,.......((.(((......))).))....((.......)).......(((....)))........(.((...))).,13,-3.691,17,0,0.000047
1783,.....(....(((......)))).......((((...(((.......(((....)))...........))))))).,14,-3.69,6,0,0.000047
1784,...........((((....))))....((((.......)))).....(((....)))..((.((.......)))).,15,-3.69,36,0,0.000046
1785,.......((.(((......))).))....((.......))........((....)).............(....).,10,-3.688,17,0,0.000046
1786,.......((.(((......))).)).....((((...(((.......(((....))).....).)).....)))).,15,-3.688,9,0,0.000046
1787,.......((.(((.(...)))).)).....((((...(((........((....))............))))))).,15,-3.688,4,0,0.000046
1788,.......((.(((......))).)).............(....)..((....................))......,8,-3.687,22,0,0.000046
1789,.......((.(((......))).)).......(......).......(((....)))..........(.....)..,10,-3.687,15,0,0.000046
1790,.......((.(((......))).)).............(....)...((((....................)))).,10,-3.687,22,0,0.000046
1791,.......((.(((......))).))..((((.......))))....((((....))((......))..))......,15,-3.686,25,0,0.000046
1792,.......((.(((......))).)).........(((.((......))..))).......(.(......).)....,12,-3.686,29,0,0.000046
1793,.......((.(((......)))...))((((.......)))).....(((....))).....(.(...).).....,14,-3.686,27,0,0.000046
1794,.......((.(((......))).))..(((.........))).....(((....)))..(.((.(...).))..).,15,-3.685,23,0,0.000046
1795,.......((.(((......))).))..((((.......)))).......(....)............((...))..,12,-3.685,24,0,0.000046
1796,.......((.(((......))).)).....((((...(((....(((((......))........)))))))))).,17,-3.685,8,0,0.000046
1797,..........(((......))).......((.......)).......(((....)))............(....).,9,-3.684,19,0,0.000046
1798,.......((.(((......))).))......((..(.....).))..(((....))).....(.(...).).....,13,-3.683,20,0,0.000046
1799,.......((.(((......))).)).....(((....(((.......(((....)))(.......)..))).))).,15,-3.683,4,0,0.000046
1800,...........(.((((....(((....))).......(....)...(((....)))...)))).)..........,12,-3.683,37,0,0.000046
1801,.......((.(((......))).))....(.........).......(((....))).....((.......))...,11,-3.682,17,0,0.000046
1802,.......((.(((......))).))..((((.......)))).(.(((.((.................)).)))).,15,-3.682,29,0,0.000046
1803,.......((.(((......))).)).........((....))......((....))....................,9,-3.682,20,0,0.000046
1804,.......((.(((......))).))..((((.......))))...(((.((..(.(........).).)).)))..,16,-3.682,31,0,0.000046
1805,.......((.(((......))).)).............(....)............((......))..........,8,-3.681,24,0,0.000046
1806,.........(.((((((..(((((....))).......))..)))))).)......((......))..........,14,-3.681,46,0,0.000046
1807,.......((.(((......))).)).....(((....(((.......((......))...........))).))).,13,-3.681,4,0,0.000046
1808,.......((((....(((.((((..(.((((.......))))..).)).)).))).))))..(.(...).).....,18,-3.68,51,0,0.000046
1809,.......((.(((......))).))..((((.......)))).(...(((....))))..(.(......).)....,15,-3.68,23,0,0.000046
1810,...........(.((((....(((....)))((.((....)).))..(((....)))...)))).)..........,15,-3.68,42,0,0.000046
1811,.......((.(((......))).)).......................((....))........(...).......,8,-3.68,17,0,0.000046
1812,.......((.(((......))).)).............((.........)).........(.(......).)....,9,-3.679,23,0,0.000046
1813,.......((.(((......))).)).......(.(((.((......))..))).)....((.(.(...).)..)).,15,-3.679,31,0,0.000046
1814,.......((.(((......))).))............((((......(((....))).........).))).....,12,-3.678,10,0,0.000046
1815,.......((.(((......))).))............(((....(..(((....)))....)......))).....,12,-3.678,10,0,0.000046
1816,...........(((((((...((...............)).)))))))............................,9,-3.678,42,0,0.000046
1817,.......((.(((.(...)))).)).....((((...(((......((((....)))....)......))))))).,17,-3.678,4,0,0.000046
1818,..........(((......)))............((....)).....(((....)))...................,8,-3.678,22,0,0.000046
1819,...........((((....))))....((((.......))))......((....))....................,10,-3.678,34,0,0.000046
1820,...(((.((..((((....))))..))...)))..............(((....)))..........((...))..,14,-3.676,33,0,0.000045
1821,.......((.(((......))).)).......................((....))....(.(.(...)).)....,10,-3.676,19,0,0.000045
1822,.......((.(((......))).))......((.(((.((......))..))).))......((.......))...,14,-3.675,29,0,0.000045
1823,.......((.(((......))).)).....((((...(((...((.(.((....))...).)).....))))))).,17,-3.675,8,0,0.000045
1824,..........(((......))).........................(((....))).......(...).......,7,-3.675,19,0,0.000045
1825,...........(((......)))......((.......)).......(((....)))...(.(......).)....,10,-3.674,29,0,0.000045
1826,...(((.((..((((....))))..))...))).....((......))........((......))..........,13,-3.672,42,0,0.000045
1827,.......((.(((......))).)).........((....)).....(((....))).......(.........).,11,-3.672,19,0,0.000045
1828,.....(.((.(((......))).)).)...((((...((....(((((((....)))........)))))))))).,19,-3.672,11,0,0.000045
1829,.......((..((((....))))..))...((((...((....(((((((....)))........)))))))))).,19,-3.671,24,0,0.000045
1830,.......((.(((......))).)).....((((.(...........(((....)))..........)...)))).,13,-3.671,8,0,0.000045
1831,.......((.(((......))).))........................(....).((......))..........,8,-3.671,21,0,0.000045
1832,..........(((......))).........................(((....)))...(.(.(...)).)....,9,-3.671,21,0,0.000045
1833,..........(((......)))........(((.(((.((......))..))).))).....((.......))...,13,-3.67,33,0,0.000045
1834,..........(((......)))...............(((....((((((....)))........)))))).....,12,-3.67,18,0,0.000045
1835,...........((((....))))...((...))..............(((....))).....(.(...).).....,11,-3.67,31,0,0.000045
1836,.......((.(((......))).)).....((.(...(((.......(((....)))...........)))).)).,14,-3.67,2,0,0.000045
1837,.......(((((((((((.(((((....))).......)).)))))))........)))).........(....).,17,-3.67,48,0,0.000045
1838,.......((.(((......))).)).((...))..............(((....)))..........((...))..,12,-3.67,17,0,0.000045
1839,.......((.(((......))).))..((((.......)))).....(((....)))..(((....)......)).,15,-3.669,23,0,0.000045
1840,.......(..(((......)))..)....((.......))...(((((((....)))........)))).......,13,-3.669,24,0,0.000045
1841,.......((.(((......))).)).....((((...(((.......(((....))......).....))))))).,15,-3.669,3,0,0.000045
1842,.......((.(((......))).))......((.((....)).))...((....))...((.(.(...).)..)).,15,-3.669,26,0,0.000045
1843,.......((.(((......))).)).............(....)...(((....)))..(........).......,10,-3.669,16,0,0.000045
1844,.........(.....)...(....).....((((...(((.......(((....)))...........))))))).,12,-3.668,12,0,0.000045
1845,......(((.(((......))).)).)((((.......)))).....(((....)))..((.(.(...).)..)).,17,-3.668,25,0,0.000045
1846,.......((.(((......))).))....((.......)).......(((....)))((..(......)..))...,13,-3.668,18,0,0.000045
1847,.......((.(((......))).))....((.(..............).)).....((......))..........,10,-3.667,25,0,0.000045
1848,...........((((....))))....((((.......)))).....(((....))).......(.........).,12,-3.667,33,0,0.000045
1849,.......((.(((......))).)).((...)).....((......))........((......))..........,11,-3.665,26,0,0.000045
1850,..((...))............(((....)))............(((((((....)))........)))).......,12,-3.665,36,0,0.000045
1851,.......((.(((......))).)).....((((...(((....(.((((....)))....)..)...))))))).,17,-3.665,4,0,0.000045
1852,........(.(((......))).)......(((.(((.((......))..))).)))...................,12,-3.665,29,0,0.000045
1853,.......((.((........)).))...(((.......)))......(((....)))..((.(.(...).)..)).,14,-3.665,23,0,0.000045
1854,.......((.(((......))).)).........((....)).....(((....)))..(..............).,11,-3.665,19,0,0.000045
1855,..........(((......)))...(.((((.......))))..)..(((....))).....((.......))...,13,-3.665,27,0,0.000045
1856,.......((.(((......))).)).....((((....((.....(((((....)))........)).)).)))).,16,-3.664,6,0,0.000045
1857,.......((.(((......))).))..(((((...)..)))).....(((....)))...................,13,-3.664,20,0,0.000044
1858,..........(((......))).........((.((....)).))..(((....)))..((.(.(...).)..)).,14,-3.664,28,0,0.000044
1859,.......((.(((......))).)).....((((...(((.(..............((......))).))))))).,15,-3.662,11,0,0.000044
1860,.....................((......))................(((....)))...................,5,-3.661,26,0,0.000044
1861,..((...))..((((....))))....((((.......)))).....(((....)))...(.(......).)....,15,-3.661,36,0,0.000044
1862,.......((.(((......))).))....((.......)).....(((((....)))...............))..,12,-3.66,17,0,0.000044
1863,...........((((....))))....((((.......)))).....(((....)))..(..............).,12,-3.66,33,0,0.000044
1864,.........((.......)).(((....)))............(((((((....)))........)))).......,12,-3.66,36,0,0.000044
1865,.......(..(((......)))..)..((((.......)))).....(((....))).......(...).......,12,-3.659,22,0,0.000044
1866,.......((.(((......))).))......((.((....)).))...............................,9,-3.659,26,0,0.000044
1867,.....(.((.(((......))).)).)....((.((....)).))..(((....)))...................,13,-3.659,22,0,0.000044
1868,.......((.(((......))).))......((.((.....))))..(((....)))..((.(.(...).)..)).,16,-3.659,24,0,0.000044
1869,.......((..((((....))))..))....((.((....)).))..(((....)))...................,13,-3.658,35,0,0.000044
1870,.......((.(((......)))...))...(((.(((.((......))..))).)))...................,13,-3.658,33,0,0.000044
1871,.......((.(((......))).)).....((((...(((....((....................))))))))).,14,-3.658,10,0,0.000044
1872,...........(((((((..((((....))).......)..)))))))........((......))..........,13,-3.658,47,0,0.000044
1873,.......((.(((.....).)).)).....(((.(((.((......))..))).)))...................,13,-3.658,30,0,0.000044
1874,.......((.(((......))).))....((.......))......((((....))).......)...........,11,-3.657,17,0,0.000044
1875,.......((.(((......))).))......((..........))..(((....))).....(.(...))......,12,-3.657,18,0,0.000044
1876,.......((.(((......))).))..((((.......)))).....(((....)))(..............)...,13,-3.656,20,0,0.000044
1877,.......((.(((......))).)).....(((((.((.(.......(((....))).....).))....))))).,16,-3.656,11,0,0.000044
1878,.......(..(((......)))..)..((((.......)))).....(((....)))...(.(.(...)).)....,14,-3.656,24,0,0.000044
1879,.......((.(((......))).)).....((((...(.....(((((((....)))........)))).))))).,17,-3.656,11,0,0.000044
1880,.......((.(((......))).))....(.........).......(((....)))..((............)).,11,-3.656,17,0,0.000044
1881,.......((.(((......))).))...((.........))......(((....)))...(.(......).)....,12,-3.655,19,0,0.000044
1882,..(.....)..(((......)))......((.......)).......(((....)))...................,9,-3.655,28,0,0.000044
1883,...........((((((..........((((.......))))))))))............................,10,-3.655,44,0,0.000044
1884,...........(((((((..........(((.......))))))))))............................,10,-3.655,44,0,0.000044
1885,......((..((.((((..........((((..................)))).......)))).))..)).....,12,-3.654,47,0,0.000044
1886,.......((.(((......))).)).....((..(((.((......))..)))..)).......(...).......,13,-3.654,28,0,0.000044
1887,...........(((......)))....((((.......)))).....(((....)))..........((...))..,12,-3.654,32,0,0.000044
1888,.......((.(((......))).))....((.......))................((...........)).....,9,-3.653,22,0,0.000044
1889,...(((.((.(((......))).)).....)))..............(((....))).....(.(...))......,13,-3.653,19,0,0.000044
1890,.......((.((........)).)).....((((.........(((((((....)))........))))..)))).,15,-3.653,15,0,0.000044
1891,.......((.(((......))).))......((.((....)).))....(....).......(.(...).).....,12,-3.651,26,0,0.000044
1892,.......((.(((......))).)).....(.....)..........(((....)))............(....).,10,-3.651,15,0,0.000044
1893,...........((........))......((.......)).......(((....)))...................,7,-3.651,26,0,0.000044
1894,.......((.(((......))).))..((((.......)))).....(((....)))..(..(((...)..)).).,16,-3.651,23,0,0.000043
1895,..(.....)..((((....)))).......((((...(((....(..(((....)))..)........))))))).,16,-3.65,16,0,0.000043
1896,......(((.(((......))).)).)...((((...(((....(..(((....)))..)........))))))).,17,-3.65,4,0,0.000043
1897,.......((.(((......))).)).....((..(((.((......))..)))..))...(.(.(...)).)....,15,-3.65,30,0,0.000043
1898,..((...))..((((....)))).......((((..((.....(((((((....)))........)))))))))).,19,-3.65,29,0,0.000043
1899,..((...))..(((......)))....((((.......)))).....(((....))).....(.(...).).....,14,-3.65,35,0,0.000043
1900,.......((.(((......))).))..((((.......)))).....(((....)))........(..(...).).,14,-3.65,20,0,0.000043
1901,.....(.((.(((......))).)).)...(((.(((.((......))..))).))).....(.(...).).....,16,-3.648,31,0,0.000043
1902,.......((..((((....))))..))...(((.(((.((......))..))).))).....(.(...).).....,16,-3.648,44,0,0.000043
1903,.......((.(((......))).))......((.(((.((......))..))).))...((............)).,14,-3.648,29,0,0.000043
1904,...........((((((..(((((....))).......))..))))))..............(.(...).).....,13,-3.648,44,0,0.000043
1905,...........(((......))).......(((.(((.((......))..))).)))..((.(.(...).)..)).,15,-3.648,43,0,0.000043
1906,.......((.(((......))).)).......(..(....)..)...(((....)))...................,10,-3.648,17,0,0.000043
1907,...(((.((.(((......))).)).....))).....(....)...(((....)))........(........).,13,-3.647,19,0,0.000043
1908,.......((.(((......))).))..((((.(..............).)))).........(.(...).).....,12,-3.647,28,0,0.000043
1909,.......((.(((......))).))..((((.......)))).....(((....)))..(..(.(...).)...).,15,-3.647,22,0,0.000043
1910,..........(((......)))........(((((..((........(((....))).......))....))))).,13,-3.646,13,0,0.000043
1911,.......((.(((......))).))....((.......))......((((....)))..).........(....).,12,-3.646,17,0,0.000043
1912,...(((.((..(((......)))..))...)))..............(((....)))...(.(......).)....,13,-3.646,33,0,0.000043
1913,.......((.(((.(...)))).))..................(((((((....)))........)))).......,13,-3.646,23,0,0.000043
1914,..(.....)..((((....)))).......((((....((.......(((....)))...........)).)))).,14,-3.646,16,0,0.000043
1915,.......((.(((.(...)))).))....((.......)).......(((....))).......(...).......,12,-3.646,18,0,0.000043
1916,.......((.((........)).)).....(((.(((.((......))..))).))).......(...).......,13,-3.646,30,0,0.000043
1917,......(((.(((......))).)).)...((((....((.......(((....)))...........)).)))).,15,-3.646,4,0,0.000043
1918,.......((.(((......))).)).....((((...(((.(..(.((((....)))....)..).).))))))).,18,-3.646,6,0,0.000043
1919,.......((.(((.(...)))).))..((((.......)))).....(((....)))............(....).,14,-3.645,21,0,0.000043
1920,.......((((........((((....((((.......))))....)).)).....))))................,12,-3.645,42,0,0.000043
1921,.......((.(((......))).))......................(((....))).....(.(...)...)...,10,-3.645,16,0,0.000043
1922,.......((.(((......))).))...(((..................)))........................,8,-3.644,24,0,0.000043
1923,.......((.(((......))).)).....(((.(((.((......))..))).))).......(...).(...).,15,-3.644,28,0,0.000043
1924,.......((.(((......))).))......((..........))..(((....)))..((.((.......)))).,14,-3.644,20,0,0.000043
1925,...(((.((.(((......))).)).....))).((....)).....(((....))).....(.(...).).....,15,-3.644,23,0,0.000043
1926,.......((.(((......))).))......................(((....)))((............))...,10,-3.643,16,0,0.000043
1927,..........(((......)))........(((.(((.((......))..))).)))..((............)).,13,-3.643,33,0,0.000043
1928,.........(.((................)).)....(((.......(((....)))...........))).....,9,-3.643,20,0,0.000043
1929,...(((.((..(((......)))..))...))).....(....)...(((....)))..((.(.(...).)..)).,16,-3.643,36,0,0.000043
1930,.......((.(((......))).)).....(((((..((.....(..(((....))).).....))....))))).,16,-3.643,11,0,0.000043
1931,.......(((((((((((.......................)))))))........))))................,11,-3.643,45,0,0.000043
1932,.......((.(((.(...)))).))....((.......)).......(((....)))...(.(.(...)).)....,14,-3.642,20,0,0.000043
1933,.......((.((........)).)).....(((.(((.((......))..))).)))...(.(.(...)).)....,15,-3.642,32,0,0.000043
1934,.......((.(((......))).))....((.......)).......((((.....((...........)))))).,13,-3.642,23,0,0.000043
1935,.......((.(((......))).)).............(....)....((....))((......))..........,10,-3.642,20,0,0.000043
1936,...........(((......)))..(.((((.......))))..)..(((....)))..((.(.(...).)..)).,15,-3.642,37,0,0.000043
1937,.......((.(((......))).)).....(((...((.(.......(((....)))...........))).))).,14,-3.642,7,0,0.000043
1938,.......((.(((......))).)).....(((...(.((.......(((....)))...........))).))).,14,-3.642,5,0,0.000043
1939,.....(.((.(((......))).)).)((((.......)))).....(((....))).......(...).......,14,-3.642,22,0,0.000043
1940,.......((..((((....))))..))((((.......)))).....(((....))).......(...).......,14,-3.642,35,0,0.000043
1941,.......((.(((......))).))......................(((....))).......((.......)).,10,-3.641,16,0,0.000043
1942,.......((.(((......))).)).........((....)).....(((....))).....(......)......,11,-3.641,19,0,0.000043
1943,.......((.(((......))).))..((((.......)))).....(((....)))..(((......)....)).,15,-3.641,22,0,0.000043
1944,.......((.(((......))).))......((..(....)..))..(((....)))...(.(......).)....,13,-3.64,20,0,0.000043
1945,.......((.(((......))).)).........((....))....((((....)))..)................,11,-3.64,20,0,0.000043
1946,.......((.(((......))).)).(.....).....(....)...(((....)))............(....).,11,-3.64,16,0,0.000043
1947,...(((.((.(((......))).)).....)))..............(((....)))..((.((.......)))).,15,-3.64,21,0,0.000043
1948,.......((.(((......))).)).........((.....))....(((....)))..........(.....)..,11,-3.64,19,0,0.000043
1949,.........(.....).....(((....))).......(....)...(((....))).....(.(...).).....,10,-3.639,32,0,0.000043
1950,.......((.(((......))).)).........((....)).....(((....)))..((...(...)....)).,13,-3.639,21,0,0.000043
1951,.......((..(((......)))..))..........(((.......(((....)))...........))).....,11,-3.639,22,0,0.000043
1952,...........((((....))))...............(....)...(((....))).......(...).......,9,-3.638,29,0,0.000043
1953,.....(.((.(((......))).)).)((((.......)))).....(((....)))...(.(.(...)).)....,16,-3.638,24,0,0.000043
1954,...........((((....)))).........(.((....)).)...(((....)))...................,10,-3.638,32,0,0.000043
1955,.......((..((((....))))..))((((.......)))).....(((....)))...(.(.(...)).)....,16,-3.638,37,0,0.000043
1956,..........(((......)))...(.((((.......))))..)..(((....)))..((............)).,13,-3.638,27,0,0.000043
1957,.......((.(((......))).)).....((((...(((..(.(..(((....))......).).).))))))).,17,-3.638,7,0,0.000043
1958,.......((.(((......))).)).....((...))..........(((....))).....((.......))...,12,-3.638,18,0,0.000043
1959,.......((.(((......))).)).....................((((....)))..)....(...).......,10,-3.638,17,0,0.000043
1960,.......((.(((......))).))..((...........)).....(((....)))...................,10,-3.637,18,0,0.000042
1961,.......((.(((......))).))..((((.......))))............((.....)).............,11,-3.637,27,0,0.000042
1962,...........(((((((.(((((....))).......)).))))))).(....).....................,13,-3.636,42,0,0.000042
1963,...........((((....))))....((((.......)))).....(((....))).....(......)......,12,-3.636,33,0,0.000042
1964,.......((.(((......))).))......................(((....)))..((.(((...)..)))).,13,-3.636,19,0,0.000042
1965,.......((.(((......))).)).............(....)...(((....)))..........(...)....,10,-3.636,16,0,0.000042
1966,...........((((....))))....((((.......))))....((((....)))..)................,12,-3.636,34,0,0.000042
1967,...........((((....))))...............(....)...(((....)))...(.(.(...)).)....,11,-3.635,31,0,0.000042
1968,.......((.(((......))).))....((...............))........((...........)).....,9,-3.634,23,0,0.000042
1969,...........((((....))))....((((.......)))).....(((....)))..((...(...)....)).,14,-3.634,35,0,0.000042
1970,.......((.(((......))).)).......((...(((.(.....(((....))).........).)))))...,14,-3.634,6,0,0.000042
1971,.......((.(((......))).)).....(((..((.((......))..))..)))............(....).,13,-3.634,25,0,0.000042
1972,.......((.(((......))).)).....(((((..(((.......(((....))).....).))....))))).,16,-3.634,10,0,0.000042
1973,.......((.(((......))).)).........(......).....(((....)))...................,9,-3.633,16,0,0.000042
1974,.......((.(((......))).)).........((....)).....(((....))).....(.........)...,11,-3.632,19,0,0.000042
1975,...........((((....)))).......((((...(((.......(((....)))...(.....).))))))).,15,-3.632,15,0,0.000042
1976,..((...........))....(((....))).......(....)...(((....)))...................,9,-3.632,32,0,0.000042
1977,...........((......))(((....))).......(....)...(((....)))...................,9,-3.632,24,0,0.000042
1978,...........((((....)))).......((((...(((..(.(..(((....))).......).).))))))).,16,-3.632,17,0,0.000042
1979,.......((.(((......))).))......((..........))...((....))....................,9,-3.631,18,0,0.000042
1980,...........((((....))))........((.((....)).))..(((....)))...(.(......).)....,13,-3.631,35,0,0.000042
1981,.......((.(((......))).))...(((.......)))..(...(((....))))....(.(...).).....,14,-3.631,21,0,0.000042
1982,...(((.((.(((......))).)).....)))....(.....)...(((....))).....(.(...).).....,14,-3.631,20,0,0.000042
1983,...(((.((.(((......))).)).....))).....((......))..............(.(...).).....,12,-3.629,26,0,0.000042
1984,.......((.(((......))).)).............(....)...(((....))).(.(.(.(...)).).)..,13,-3.629,19,0,0.000042
1985,.......((.(((......))).))....((...(((.((......))..)))...((......))..))......,14,-3.629,31,0,0.000042
1986,.......(..(((......)))..)....((.......)).......(((....))).....(.(...).).....,11,-3.628,19,0,0.000042
1987,..........(((......)))....(.....)..........(((((((....)))........)))).......,11,-3.628,26,0,0.000042
1988,.....................(((....)))................(((....)))..........((...))..,8,-3.628,28,0,0.000042
1989,..(.....)..(((......)))....((((.......)))).(((((((....)))........)))).......,15,-3.628,39,0,0.000042
1990,.......((.((........)).)).............(....)...(((....))).....(.(...).).....,10,-3.627,19,0,0.000042
1991,...(((.((.(((......))).)).....)))...............((....))....................,10,-3.627,19,0,0.000042
1992,...........((((....))))....((((.......)))).....(((....))).....(.........)...,12,-3.627,33,0,0.000042
1993,.......((.(((......))).))...(((.......)))........((.....((......))..))......,12,-3.627,27,0,0.000042
1994,........(.(((......))).)......((((.............(((....)))..............)))).,11,-3.627,8,0,0.000042
1995,.......(..(((......)))..).....(((((............(((....))).............))))).,12,-3.627,9,0,0.000042
1996,..........(((......))).........((..........))..(((....)))...................,8,-3.627,20,0,0.000042
1997,.......(((((((((((.(((((....))).......)).)))))))((....))))))................,18,-3.626,44,0,0.000042
1998,..(.....).(((......)))........((((...(((....((((((....)))........)))))))))).,17,-3.626,11,0,0.000042
1999,.......((.(((......))).))......((.((....)).))..(((....))).(.(.(......).).)..,15,-3.625,23,0,0.000042
2000,.......((.(((......))).))...(((.......)))........(....)....((.(.(...).)..)).,13,-3.625,25,0,0.000042
2001,...(((.((.(((......)))...))...))).....(....)...(((....)))...(.(......).)....,14,-3.625,26,0,0.000042
2002,..(.....)..((((....)))).......((((...((....(((((((....)))........)))))))))).,18,-3.625,23,0,0.000042
2003,......(((.(((......))).)).)...((((...((....(((((((....)))........)))))))))).,19,-3.625,11,0,0.000042
2004,..((...))..((((....))))........................(((....)))...................,9,-3.625,29,0,0.000042
2005,...........((((....)))).......(((.(((.((......))..))).)))............(....).,13,-3.625,40,0,0.000042
2006,..((...))............(((....)))................(((....))).....(.(...).).....,10,-3.624,31,0,0.000042
2007,.......((.(((......))).))......................((((...((((......)).))..)))).,13,-3.624,25,0,0.000042
2008,.....................(((....))).......((......))........((......))..........,7,-3.624,37,0,0.000042
2009,...........((........))....((((.......)))).(((((((....)))........)))).......,13,-3.623,37,0,0.000042
2010,...(((.((..((........))..))...)))..............(((....)))...................,10,-3.623,30,0,0.000042
2011,...........((((....)))).......((((((.((........(((....))).......))...)))))).,15,-3.623,23,0,0.000041
2012,.......((.(((......))).)).....((((...(((...((..(((....))).)...).....))))))).,17,-3.622,4,0,0.000041
2013,..(.....).(((......)))........(((....(((.......(((....)))...........))).))).,13,-3.621,7,0,0.000041
2014,.......((.(((......))).))...(((.......))).......((....))......((.......))...,12,-3.621,21,0,0.000041
2015,.......((.((..(...).)).))..((((.......)))).....(((....)))...................,12,-3.621,23,0,0.000041
2016,.......((.(((......))).))......((..........))..(((....))).......(.........).,11,-3.621,17,0,0.000041
2017,.......((.(((......))).)).(.....).((....)).....(((....)))...................,11,-3.621,19,0,0.000041
2018,.......((.(((......))).))....((.......)).......(((....)))..((((.(...).)).)).,15,-3.621,20,0,0.000041
2019,.......((.(((......))).))(.((((.......))))..)..(((....)))............(....).,14,-3.62,21,0,0.000041
2020,...........(((((((...(((....)))..........)))))))........((......))..........,12,-3.62,47,0,0.000041
2021,...........(((......)))........((.((....)).))..(((....))).....(.(...).).....,12,-3.62,34,0,0.000041
2022,.......((.(((......)))...))...((((.............(((....)))..............)))).,12,-3.62,12,0,0.000041
2023,...(((.((..((((....))))..))...))).....(....)...(((....)))............(....).,14,-3.62,33,0,0.000041
2024,.......((.(((.....).)).)).....((((.............(((....)))..............)))).,12,-3.62,9,0,0.000041
2025,.......((.(((......))).)).......(......).......(((....)))..(.((.(...).))..).,13,-3.62,18,0,0.000041
2026,.......((.(((......))).))......((.(......).))..(((....)))..((.(.(...).)..)).,15,-3.619,22,0,0.000041
2027,.......((.(((.(...)))).)).....(((((...((.......(((....)))...........))))))).,16,-3.619,5,0,0.000041
2028,...((.....)).........(((....))).......(....)...(((....)))...................,9,-3.619,30,0,0.000041
2029,...........((((....))))..(.((((.......))))..)..(((....)))............(....).,13,-3.619,34,0,0.000041
2030,.........((.......)).(((....)))................(((....))).....(.(...).).....,10,-3.619,31,0,0.000041
2031,.......((.((........)).))..((((.......)))).....(((....)))..........(.....)..,12,-3.619,22,0,0.000041
2032,.......((.(((......))).))......(((...(((..(....(((....))).........).))))))..,15,-3.618,4,0,0.000041
2033,.......((.(((......))).)).....(((((...................................))))).,10,-3.618,13,0,0.000041
2034,..(.((....(((......)))..)).)..((((...(((....((((((....)))........)))))))))).,19,-3.618,15,0,0.000041
2035,...(((.((.(((......))).)).....)))..............(((....))).......(.........).,12,-3.617,18,0,0.000041
2036,.......((.(((......))).))..((((((.((....)).))....)))).......................,13,-3.617,32,0,0.000041
2037,..........(((......)))......(((.......)))......(((....))).....((.......))...,11,-3.617,23,0,0.000041
2038,.......((.(((......))).))............(.....)...(((....)))............(....).,10,-3.616,15,0,0.000041
2039,.......((.(((......))).))..((((..................))))......((.(.(...).)..)).,13,-3.615,30,0,0.000041
2040,.......((.(((......))).)).............((......)).....................(....).,8,-3.615,21,0,0.000041
2041,..(....((.(((......))).))...).((((...(((.......(((....)))...........))))))).,16,-3.614,2,0,0.000041
2042,..........(....).....(((....)))............(((((((....)))........)))).......,11,-3.614,35,0,0.000041
2043,...(((.((.(((......))).)).....))).((.....))....(((....)))...................,13,-3.614,21,0,0.000041
2044,.......((.(((......))).))....((.......))........((....))((...........)).....,11,-3.614,18,0,0.000041
2045,.......((.(((......))).))......((..........))..(((....)))..(..............).,11,-3.614,17,0,0.000041
2046,..(.((....(((......)))..)).)..(((....(((.......(((....)))...........))).))).,15,-3.613,11,0,0.000041
2047,......((((.(((((((.(((((....))).......)).)))))))((....))......))))..........,18,-3.613,46,0,0.000041
2048,.......((.(((......))).)).((...)).....(....)...(((....)))............(....).,12,-3.613,17,0,0.000041
2049,.......(((((((((((.((((......)).......)).)))))))........))))................,15,-3.612,47,0,0.000041
2050,..(.....)..((((....))))........((.((....)).))..(((....)))...................,12,-3.612,34,0,0.000041
2051,...........(.(((....))).).....((((...(((....((((((....)))........)))))))))).,17,-3.612,20,0,0.000041
2052,......(((.(((......))).)).)....((.((....)).))..(((....)))...................,13,-3.612,22,0,0.000041
2053,........(.(((......))).)....(((.......)))......(((....)))...................,10,-3.611,19,0,0.000041
2054,.......((.(((......))).)).....((...))..........(((....)))..((............)).,12,-3.611,18,0,0.000041
2055,.......((.(((......))).))......((.((....)).))..(((....)))..((.(.........))).,15,-3.61,23,0,0.000041
2056,...(((.((.(((......))).)).....)))..............(((....)))..(..............).,12,-3.61,18,0,0.000041
2057,.......((.(((......))).)).......................((....))....(.(......).)....,9,-3.609,18,0,0.000041
2058,.......((.(((......))).)).....((((...(((...((................)).....))))))).,14,-3.608,10,0,0.000040
2059,.......((.(((......))).)).....((((...(((..............((.....)).....))))))).,14,-3.608,8,0,0.000040
2060,...........(.(((....))).).....(((....(((.......(((....)))...........))).))).,13,-3.608,16,0,0.000040
2061,.......((.(((......))).)).(.....)....(.....)...(((....)))...................,10,-3.608,16,0,0.000040
2062,.......((.(((......))).))......((.(.....)..))..(((....))).....((.......))...,13,-3.607,20,0,0.000040
2063,...........((.(((........))).))......(((.......(((....)))...........))).....,11,-3.607,25,0,0.000040
2064,.......((.(((......))).)).(.....).....((......))............................,8,-3.607,22,0,0.000040
2065,.......((.(((......))).)).......(.(((.((......))..))).).........(...).......,12,-3.606,28,0,0.000040
2066,.......((.((........)).)).....(((...((.....(((((((....)))........)))))).))).,16,-3.606,18,0,0.000040
2067,.......((.(((......))).)).....((((...(((..((...(((....))).....)...).))))))).,17,-3.605,4,0,0.000040
2068,.......((.(((......))).)).............(....)....((....))...((.(.(...).)..)).,12,-3.605,21,0,0.000040
2069,.......((.(((......))).)).....((((............((((....)))....).........)))).,13,-3.605,8,0,0.000040
2070,.......((.(((......))).)).....((((.........(...(((....)))).............)))).,13,-3.605,8,0,0.000040
2071,.......((.(((.(...)))).))......................(((....))).....(.(...).).....,11,-3.605,18,0,0.000040
2072,.......((.(((......))).))............(((......((((....))).......)...))).....,12,-3.605,10,0,0.000040
2073,.......((.(((......))).))......................(((....))).......(...)(....).,10,-3.604,15,0,0.000040
2074,..........(((......))).........................(((....)))...(.(......).)....,8,-3.604,20,0,0.000040
2075,.......((.(((.....).)).))...(((.......)))......(((....)))...................,11,-3.604,20,0,0.000040
2076,.......((.(((......))).))......(((...(((....(..(((....))).).........))))))..,15,-3.604,4,0,0.000040
2077,..(.....).....((....))........((((...(((.......(((....)))...........))))))).,13,-3.604,13,0,0.000040
2078,.......((.(((......))).))....((((.((....)).)).))........((...........)).....,13,-3.603,29,0,0.000040
2079,.......((((...(((..((((....((((.......))))....)).))..)))))))..(.(...).).....,17,-3.603,48,0,0.000040
2080,.......((.(((......))).))....((...((....))....))........((......))..........,11,-3.603,29,0,0.000040
2081,.......((.(((......))).)).......(.(((.((......))..))).).....(.(.(...)).)....,14,-3.603,30,0,0.000040
2082,..(.....)..((((....)))).......(((.(((.((......))..))).))).....(.(...).).....,15,-3.602,43,0,0.000040
2083,.......((.(((......))).)).....(.....).(....)...(((....)))..((.(.(...).)..)).,14,-3.602,20,0,0.000040
2084,......(((.(((......))).)).)...(((.(((.((......))..))).))).....(.(...).).....,16,-3.602,31,0,0.000040
2085,.......((.(((......))).))..((((.......)))).....((......)).....(.(...).).....,13,-3.601,23,0,0.000040
2086,.......((.(((......))).))....((.......)).......(((....)))....((.........).).,12,-3.601,17,0,0.000040
2087,..........(((......)))................(....)...(((....)))..((.(.(...).)..)).,11,-3.601,23,0,0.000040
2088,..........(((......)))....((...))..........(((((((....)))........)))).......,12,-3.601,27,0,0.000040
2089,...(((.((..((((....))))..))...))).((....)).....(((....)))...................,14,-3.6,36,0,0.000040
2090,.......((.(((......))).))......................(((....)))..(..((.......)).).,11,-3.6,17,0,0.000040
2091,.......((.(((......))).))..((((.......))))....((((....)))............)......,13,-3.6,20,0,0.000040
2092,.......((.(((......))).))...(((.......)))......((((...((...........))..)))).,14,-3.6,25,0,0.000040
2093,.......((.(((......))).)).....((((..((.(.......(((....))).....).)).....)))).,15,-3.599,10,0,0.000040
2094,.......((.(((......))).))......................(((....)))..((.(.(...))...)).,12,-3.599,18,0,0.000040
2095,.......((.(((......))).)).....(((....(((.(.((..(((....)))....))...).))).))).,17,-3.598,8,0,0.000040
2096,...........((((....))))......((.......)).......(((....)))..........(.....)..,10,-3.598,29,0,0.000040
2097,..........(((......)))........((((...(((...(...(((....))).....).....))))))).,14,-3.598,6,0,0.000040
2098,.......((.(((......))).))....((.......))........((....))...........((...))..,11,-3.598,18,0,0.000040
2099,.......((.(((......))).))..((((.......))))......((....))......(.(...))......,13,-3.597,23,0,0.000040
2100,..(.....)..((((....))))..(.((((.......))))..)..(((....))).....(.(...).).....,15,-3.596,37,0,0.000040
2101,.......((.(((......))).))....((.......)).....((..((.................))..))..,11,-3.596,24,0,0.000040
2102,.......((.(((......))).))......((.((....)).))...((....))........(...).......,12,-3.596,23,0,0.000040
2103,.......((.(((......))).)).............(....)................................,6,-3.595,21,0,0.000040
2104,.....(.((.(((......))).)).)...........(....)...(((....)))...................,10,-3.595,17,0,0.000040
2105,.......((..((((....))))..))...........(....)...(((....)))...................,10,-3.595,30,0,0.000040
2106,......(((.(((......))).)).)((((.......)))).....(((....))).......(...).......,14,-3.595,22,0,0.000040
2107,.........(.((((((..(((((....))).......))..)))))).)..........................,12,-3.595,43,0,0.000040
2108,.......((.(((......))).))...(((.......))).....................(.(...).).....,10,-3.595,25,0,0.000040
2109,.......((.(((......))).))...(((.......))).......((....))...((............)).,12,-3.594,21,0,0.000040
2110,...........(((......))).....(((.......)))......(((....)))..((.(.(...).)..)).,13,-3.594,33,0,0.000040
2111,.......((.((........)).)).....((((...(((............................))))))).,11,-3.593,8,0,0.000039
2112,.......((.(((......))).)).((...)).((....)).....(((....)))...................,12,-3.593,20,0,0.000039
2113,..........(((......))).......((.......)).......(((....)))..........((...))..,10,-3.593,20,0,0.000039
2114,.......((.(((......))).)).............((....((((((....)))........)))))......,13,-3.593,16,0,0.000039
2115,..(.....)..(((......)))..............(((.......(((....)))...........))).....,10,-3.593,21,0,0.000039
2116,.......((.(((......))).))....((.......)).......((((...(.((......))..)..)))).,14,-3.593,25,0,0.000039
2117,..........(((......))).....((((.......)))).....(((....))).....(.(...))......,12,-3.592,25,0,0.000039
2118,.......((.(((......))).))......((.((....)).))...((....))....(.(.(...)).)....,14,-3.592,25,0,0.000039
2119,.......((.(((......)))...))((((.......)))).(((((((....)))........)))).......,16,-3.592,32,0,0.000039
2120,.......((.((........)).))...(((.......)))......(((....))).......(...).......,11,-3.592,20,0,0.000039
2121,......(((.(((......))).)).)((((.......)))).....(((....)))...(.(.(...)).)....,16,-3.591,24,0,0.000039
2122,.......((.(((......))).)).(.....)..............(((....)))..........(.....)..,10,-3.591,16,0,0.000039
2123,..........(((......))).........((.((....)).))..(((....))).......(...).......,11,-3.591,25,0,0.000039
2124,..............((....)).....((((.......)))).....(((....)))...................,9,-3.591,31,0,0.000039
2125,.......((.(((......))).))...(((.......)))......(((....))).......(...).(...).,13,-3.59,18,0,0.000039
2126,..........(((......)))......(((.......)))......(((....)))..((............)).,11,-3.59,23,0,0.000039
2127,.......((.(((......))).))......((..........))..(((....))).....(......)......,11,-3.59,17,0,0.000039
2128,..(.....)..((((....)))).....(((.......)))..(((((((....)))........)))).......,15,-3.589,38,0,0.000039
2129,...........((........))..............(((.......(((....)))...........))).....,8,-3.589,19,0,0.000039
2130,.......(..(((......)))..)..((((.......)))).....(((....)))...(.(......).)....,13,-3.588,23,0,0.000039
2131,.......((.((........)).))...(((.......)))......(((....)))...(.(.(...)).)....,13,-3.588,22,0,0.000039
2132,.......((.(((......))).))......((..........))..(((....)))..((...(...)....)).,13,-3.588,19,0,0.000039
2133,.......((.(((......))).)).............(....).....(....).......(.(...).).....,9,-3.588,21,0,0.000039
2134,.......((.(((......))).)).....(((....(((...((.((((....)))..).)).....))).))).,17,-3.588,8,0,0.000039
2135,.......((.(((......))).))......((.((....)).))....(....).((......))..........,12,-3.588,27,0,0.000039
2136,..........(((......))).........((.((....)).))..(((....)))...(.(.(...)).)....,13,-3.587,27,0,0.000039
2137,...(((.((..((((....))))..))...)))....(.....)...(((....)))...................,13,-3.587,33,0,0.000039
2138,..........(((......)))....(.....)..............(((....))).....(.(...).).....,9,-3.587,21,0,0.000039
2139,.......((.((........)).)).....(((....(((....((((((....)))........)))))).))).,16,-3.587,10,0,0.000039
2140,.......((.(((......))).)).....(((((........(...(((....))).....).......))))).,14,-3.587,9,0,0.000039
2141,..(.....)..((((....))))...(.....)....(((.......(((....)))...........))).....,12,-3.587,23,0,0.000039
2142,...(((.((..((((....))))..))...))).....((......))............................,11,-3.586,39,0,0.000039
2143,...(((....(((......)))........)))..............(((....)))..((.(.(...).)..)).,13,-3.586,25,0,0.000039
2144,...(...)...(((......))).......((((...(((.......(((....)))...........))))))).,14,-3.586,13,0,0.000039
2145,.......((.(((......))).))......((.((.....))))..(((....))).......(...).......,13,-3.586,21,0,0.000039
2146,...(((.((.(((......))).)).....)))..............(((....))).....(......)......,12,-3.586,18,0,0.000039
2147,...(((.((.(((......))).)).....))).............((((....)))..)................,12,-3.585,19,0,0.000039
2148,.......((((....((..((((....((((.......))))....)).))..)).))))..(.(...).).....,16,-3.585,47,0,0.000039
2149,.......((.(((......))).))....((.......)).......(((....)))........(.(.....)).,12,-3.585,17,0,0.000039
2150,...(((.((.(((......))).)).....)))..............(((....)))..((...(...)....)).,14,-3.584,20,0,0.000039
2151,.......((.(((......))).))..((((.......)))).....(((....)))..((.....(.....))).,15,-3.584,22,0,0.000039
2152,.......((.(((......))).))..((((.......))))......((....))...((.((.......)))).,15,-3.584,25,0,0.000039
2153,.......((.(((......))).)).....(((.(((.((......))..))).)))(......)...........,14,-3.584,29,0,0.000039
2154,.......((..((......))..)).....(((.(((.((......))..))).)))...................,12,-3.584,29,0,0.000039
2155,..((...))..(((......)))......((.......)).......(((....)))...................,10,-3.584,29,0,0.000039
2156,.......((.(((......))).))..((((.......)))).....(((....)))....(..(...).....).,14,-3.584,21,0,0.000039
2157,.......((.(((......))).))...(.(((.(((.((......))..))).))).).................,14,-3.583,29,0,0.000039
2158,.......((.(((......))).)).....((..(((.((......))..)))..))...(.(......).)....,14,-3.583,29,0,0.000039
2159,.......((.(((......))).))......((.((.....))))..(((....)))...(.(.(...)).)....,15,-3.582,23,0,0.000039
2160,.......((.(((......))).))..((((.......))))....................((.......))...,11,-3.582,27,0,0.000039
2161,...........(((......))).......((((.........(((((((....)))........))))..)))).,14,-3.582,25,0,0.000039
2162,........(.(((......))).)...((((.......)))).....(((....)))..((.(.(...).)..)).,15,-3.582,25,0,0.000039
2163,.......((.(((......))).))..((((.......))))....((.(...............)..))......,12,-3.582,27,0,0.000039
2164,......(.....)........(((....)))......(((.......(((....)))...........))).....,10,-3.582,22,0,0.000039
2165,.......((.(((......))).))..((((.......))))...(((.((.(...((......))).)).)))..,17,-3.581,33,0,0.000039
2166,.......((.(((......))).))....((.(..............).)).........................,8,-3.581,22,0,0.000039
2167,.......((.(((......))).))......((..........))..(((....))).....(.........)...,11,-3.581,17,0,0.000039
2168,...........(((......)))...(.....)..............(((....)))...................,7,-3.581,27,0,0.000039
2169,.......((.(((......))).))......((.(.....)..))..(((....)))..((............)).,13,-3.58,20,0,0.000039
2170,.......((.(((......))).)).((...))....(.....)...(((....)))...................,11,-3.58,17,0,0.000039
2171,......(...(((......)))..)..((((.......)))).....(((....)))...................,11,-3.579,24,0,0.000039
2172,.......(((((((((((.(((((....))).......)).)))))))........)))).......((...))..,18,-3.579,49,0,0.000039
2173,..........(((......))).....((((.......)))).....(((....)))..((.((.......)))).,14,-3.579,27,0,0.000039
2174,.......((.(((......))).))...(((.......))).....((((....)))..)..((.......))...,14,-3.579,21,0,0.000039
2175,.......((.(((......))).))..((((.......)))).......(....)............(.....)..,11,-3.579,24,0,0.000039
2176,.......((.(((......))).)).((...)).....((......))............................,9,-3.579,23,0,0.000039
2177,..((...))..((((....)))).......((((...(((....(..(((....)))..)........))))))).,17,-3.579,17,0,0.000039
2178,.......((((((((((..(((((....))).......))..))))))........))))..((.......))...,17,-3.579,48,0,0.000039
2179,.......((.(((......))).)).(.....)....(((....(..(((....)))..)........))).....,13,-3.578,11,0,0.000038
2180,.......((.(((......))).)).....(((.....((......)).((.................))..))).,12,-3.578,16,0,0.000038
2181,.......(..(((......)))..).....((((..((.....(((((((....)))........)))))))))).,17,-3.578,16,0,0.000038
2182,.......((.(((......))).))..((((.......)))).....(((....))).(..((.(...).)).)..,16,-3.577,23,0,0.000038
2183,..(.....)..........(....).....((((...(((.......(((....)))...........))))))).,12,-3.577,11,0,0.000038
2184,...(((.((.(((......))).)).....)))..............(((....))).....(.........)...,12,-3.577,18,0,0.000038
2185,.......((.(((......))).))..(((.........))).....(((....)))........(........).,12,-3.576,20,0,0.000038
2186,...........(((((((.(((((....))).......)).)))))))...........((.(.(...).)..)).,16,-3.576,48,0,0.000038
2187,...(((.((.(((......)))...))...)))..............(((....))).....((.......))...,13,-3.576,25,0,0.000038
2188,.......((.((........)).)).....((((((.......(((((((....)))........)))))))))).,17,-3.575,17,0,0.000038
2189,.......((.(((.(...)))).))....((.......)).......(((....)))...(.(......).)....,13,-3.575,19,0,0.000038
2190,...........(((......))).......(((.(((.((......))..))).))).......(...).......,12,-3.575,40,0,0.000038
2191,.......((.((........)).)).....(((.(((.((......))..))).)))...(.(......).)....,14,-3.575,31,0,0.000038
2192,..((...))..((((....)))).......((((....((.......(((....)))...........)).)))).,15,-3.575,17,0,0.000038
2193,.......((.(((.....).)).))..((((.......)))).....(((....)))..((.(.(...).)..)).,16,-3.575,26,0,0.000038
2194,...........((((....)))).........((...(((.......(((....)))...........)))))...,12,-3.574,17,0,0.000038
2195,.......((.(((......))).)).........((....)).....(((....))).....(((...)..))...,13,-3.574,21,0,0.000038
2196,..........(....).....(((....)))................(((....))).....(.(...).).....,9,-3.573,30,0,0.000038
2197,.......((.(((......))).)).........((.....))....(((....)))..(.((.(...).))..).,14,-3.572,22,0,0.000038
2198,...........(((((((..((((....))).......)..)))))))............................,11,-3.572,44,0,0.000038
2199,...........(((......))).......(((.(((.((......))..))).)))...(.(.(...)).)....,14,-3.571,42,0,0.000038
2200,.....................(((....))).......(....)...(((....)))............(....).,8,-3.571,28,0,0.000038
2201,...(((.((..((((....))))..))...)))..............(((....)))..........(.....)..,13,-3.571,33,0,0.000038
2202,...........((((....)))).....(((.......)))......(((....)))............(....).,11,-3.571,30,0,0.000038
2203,.....(.((.(((......))).)).)((((.......)))).....(((....)))...(.(......).)....,15,-3.571,23,0,0.000038
2204,.......((..((((....))))..))((((.......)))).....(((....)))...(.(......).)....,15,-3.571,36,0,0.000038
2205,...........(((((((.(((((....))).......)).))))))).((.................))......,14,-3.57,45,0,0.000038
2206,...(((.((..(((......)))..))...))).....(....)...(((....))).......(...).......,13,-3.57,33,0,0.000038
2207,.......((.(((......))).))...(((.......))).....((((....)))....)..............,12,-3.57,19,0,0.000038
2208,.......((.(((......))).)).....((((...((.....(..(((....)))..)....)).....)))).,15,-3.569,10,0,0.000038
2209,...........(((......)))..(.((((.......))))..)..(((....))).......(...).......,12,-3.569,34,0,0.000038
2210,...........((((....))))....((((.......)))).....(((....))).....(((...)..))...,14,-3.569,35,0,0.000038
2211,.......((.(((......))).))..((((.......)))).....(((....)))(...........)......,13,-3.569,20,0,0.000038
2212,...........((((....))))...............(....)...(((....)))...(.(......).)....,10,-3.568,30,0,0.000038
2213,.......((.(((......))).)).....((((....(........(((....)))........).....)))).,13,-3.567,7,0,0.000038
2214,..........(((......))).....((((.......))))......((....))....................,9,-3.567,25,0,0.000038
2215,...........((((....)))).......(((....(((.(.....(((....))).........).))).))).,14,-3.567,17,0,0.000038
2216,...(((.((..(((......)))..))...))).....(....)...(((....)))...(.(.(...)).)....,15,-3.567,35,0,0.000038
2217,.......((.(((......))).)).............(....(((((((....)))........))))...)...,13,-3.566,21,0,0.000038
2218,...........(((......)))..(.((((.......))))..)..(((....)))...(.(.(...)).)....,14,-3.566,36,0,0.000038
2219,.......((.(((......))).)).....((((...(((......(.((....)).....)......))))))).,15,-3.565,4,0,0.000038
2220,...................(....)..((((.......)))).....(((....)))...................,8,-3.564,29,0,0.000038
2221,.......((.(((......))).))....((.......)).......(((....))).......(((.....))).,13,-3.564,18,0,0.000038
2222,.......((.(((......))).)).((...))..............(((....)))..........(.....)..,11,-3.564,17,0,0.000038
2223,.......((.(((......))).)).....((((....((......)).((.................)).)))).,13,-3.564,14,0,0.000038
2224,...((((((.(((......))).)).)...)))..........(((((((....)))........)))).......,16,-3.563,26,0,0.000038
2225,.........(.((.(((........))).)).).....(....)...(((....)))...................,10,-3.563,33,0,0.000038
2226,........(.(((......))).)......((((...(((.(.....(((....))).........).))))))).,15,-3.562,4,0,0.000037
2227,.......((.(((......))).)).............(....)...(((....))).(.(.(......).).)..,12,-3.562,18,0,0.000037
2228,.......((.(((......))).))..((((.......))))......((....))........(.........).,12,-3.561,22,0,0.000037
2229,.......((.(((......))).))......((.((....)).))..(((....))).....(.(...)...)...,14,-3.561,22,0,0.000037
2230,.......((.(((......))).)).....(.....)..........(((....)))..........((...))..,11,-3.561,16,0,0.000037
2231,.......((.(((......))).))......((.((....)).))..(((....)))((............))...,14,-3.56,22,0,0.000037
2232,.......((..(((......)))..))((((.......)))).....(((....))).....(.(...).).....,14,-3.56,35,0,0.000037
2233,..........(((......)))....((...))..............(((....))).....(.(...).).....,10,-3.559,22,0,0.000037
2234,..(.....)..((((....))))...((...))....(((.......(((....)))...........))).....,13,-3.559,24,0,0.000037
2235,.......((.(((......))).)).....((((....((...(...(((....))).....).....)).)))).,15,-3.559,4,0,0.000037
2236,...........((((....))))...(((((((.(((.((......))..))).)))..)))).............,16,-3.558,48,0,0.000037
2237,.......((.(((......))).)).......(.((....)).)...(((....))).....(.(...))......,13,-3.558,21,0,0.000037
2238,...(((.((..((((....))))..))...)))....(((....(..(((....)))..)........))).....,16,-3.558,28,0,0.000037
2239,...(((.((.(((......))).)).....)))........(.(((((((....)))........))))..)....,16,-3.557,25,0,0.000037
2240,.......((.(((......))).))......((.((....)).))..(((....))).......((.......)).,14,-3.557,22,0,0.000037
2241,...........(((......)))...............(....)...(((....))).....(.(...).).....,9,-3.557,29,0,0.000037
2242,..........(((......))).....((((.......)))).....(((....))).......(.........).,11,-3.556,24,0,0.000037
2243,..((...))..(((......)))....((((.......)))).(((((((....)))........)))).......,16,-3.556,40,0,0.000037
2244,.......((.(((......))).))..((((.......))))...(((.((..(..((......))).)).)))..,17,-3.556,33,0,0.000037
2245,.......((.(((......))).))....((.......))......((((....)))..).......((...))..,13,-3.556,18,0,0.000037
2246,.......((.(((......)))...))...((((...(((.(.....(((....))).........).))))))).,16,-3.555,8,0,0.000037
2247,.......((.(((......))).))..((((.......)))).................((............)).,11,-3.555,27,0,0.000037
2248,.......((.(((......))).))..((((.......))))....((((....)))..)..(.(...))......,15,-3.555,23,0,0.000037
2249,.......((.(((.....).)).)).....((((...(((.(.....(((....))).........).))))))).,16,-3.555,5,0,0.000037
2250,.......((.(((.(...)))).))..((((.......)))).....(((....)))..........((...))..,15,-3.555,22,0,0.000037
2251,.......((.(((......))).))...(((.......))).....(.((....))...)................,11,-3.555,21,0,0.000037
2252,..((...)).(((......)))........((((...(((....((((((....)))........)))))))))).,18,-3.554,12,0,0.000037
2253,.......((.(((......))).))..((((.......))))......((....))...(..............).,12,-3.554,22,0,0.000037
2254,..((...))..((((....)))).......((((...((....(((((((....)))........)))))))))).,19,-3.554,24,0,0.000037
2255,...........(((......)))...((...))..............(((....)))...................,8,-3.554,28,0,0.000037
2256,.......((.(((......))).))......(((...(((......((((....)))..)........))))))..,15,-3.553,4,0,0.000037
2257,.......((.(((......))).)).(.....)....((....(((((((....)))........)))))).....,15,-3.553,18,0,0.000037
2258,.......((.(((......))).))...(((.......)))........(....).........(...).......,10,-3.553,22,0,0.000037
2259,.......((.(((......))).)).....(((((...((............................))))))).,12,-3.553,9,0,0.000037
2260,.......((.(((......))).))...(((.......)))......(((....((((......)).))...))).,15,-3.553,27,0,0.000037
2261,.......(..(((......)))..)......................(((....)))...................,7,-3.552,16,0,0.000037
2262,.......((.(((......))).))....((.......)).....(((.((.(.............).)).)))..,13,-3.552,26,0,0.000037
2263,.......((.(((......))).))......((.((....)).))..(((....)))..((.(((...)..)))).,17,-3.552,25,0,0.000037
2264,.......(....)........(((....)))......(((.......(((....)))...........))).....,10,-3.551,21,0,0.000037
2265,.......((.((........)).))..((((.......)))).....(((....)))..(.((.(...).))..).,15,-3.551,25,0,0.000037
2266,.......((.(((......))).)).....((((...(((.......(((....)))(...)......))))))).,16,-3.551,2,0,0.000037
2267,.......((.(((......))).))..(((.........)))...(((.((.................)).)))..,13,-3.551,28,0,0.000037
2268,.......((.(((......))).)).((...))....(((....(..(((....)))..)........))).....,14,-3.551,12,0,0.000037
2269,...........((((....))))...(.....).....(....)...(((....))).....(.(...).).....,11,-3.55,31,0,0.000037
2270,.....(.((.(((......))).)).)...((((...(((..(....(((....))).........).))))))).,17,-3.55,4,0,0.000037
2271,.......((..((((....))))..))...((((...(((..(....(((....))).........).))))))).,17,-3.55,17,0,0.000037
2272,...(((.((.(((......))).)).....))).((....)).(((((((....)))........)))).......,17,-3.55,28,0,0.000037
2273,..((...)).(((......)))........(((....(((.......(((....)))...........))).))).,14,-3.55,8,0,0.000037
2274,.......((.(((......))).)).(.....).....(....)...(((....)))..........((...))..,12,-3.55,17,0,0.000037
2275,..........(((......))).....((((.......)))).....(((....)))..(..............).,11,-3.549,24,0,0.000037
2276,.......((.(((.(...)))).)).....(((.(((.((......))..))).)))..((.(.(...).)..)).,18,-3.549,33,0,0.000037
2277,.......((.(((......))).))...(((.......)))........(....).....(.(.(...)).)....,12,-3.549,24,0,0.000037
2278,...(((.((.(((......)))...))...)))..............(((....)))..((............)).,13,-3.549,25,0,0.000037
2279,..(.....)..((((....))))...............(....)...(((....)))...................,9,-3.549,29,0,0.000037
2280,......((((.....(((.((((....((((.......))))....)).)).))).......))))..........,15,-3.549,49,0,0.000037
2281,......(((.(((......))).)).)...........(....)...(((....)))...................,10,-3.549,17,0,0.000037
2282,.......((.(((......))).)).......(((............(((....))).............)))...,11,-3.548,11,0,0.000037
2283,..(.....)............(((....))).......(....)...(((....))).....(.(...).).....,10,-3.548,31,0,0.000037
2284,.......((.((........)).))....((.......)).......(((....))).....((.......))...,11,-3.548,19,0,0.000037
2285,..(.....)..((((....)))).....(((.......)))......(((....))).....(.(...).).....,13,-3.548,33,0,0.000037
2286,...........(((......)))....((((.......)))).....(((....)))..........(.....)..,11,-3.548,32,0,0.000037
2287,..(((.........)))....(((....)))................(((....)))...................,9,-3.548,33,0,0.000037
2288,.......((.(((......))).)).............(....)...(((....)))..((.(.........))).,12,-3.547,18,0,0.000037
2289,.......((.(((......))).))......((.(......).))..(((....))).......(...).......,12,-3.547,19,0,0.000036
2290,.......((..((......))..)).....((((.............(((....)))..............)))).,11,-3.546,8,0,0.000036
2291,......((..((.((((....(((....)))...((.....))....(((....)))...)))).))..)).....,16,-3.546,42,0,0.000036
2292,.......((.(((......))).)).......(.((....)).)...(((....)))..((.((.......)))).,15,-3.545,23,0,0.000036
2293,.......((.(((......))).)).....(((..((.((......))..))..)))..........((...))..,14,-3.544,26,0,0.000036
2294,.......((.(((......))).)).....((((((.((........(((....))).......)).)..))))).,16,-3.544,11,0,0.000036
2295,.......((.(((......))).)).....((((...(((........((....))(........)..))))))).,15,-3.543,3,0,0.000036
2296,.......((.(((......))).))......((.(......).))..(((....)))...(.(.(...)).)....,14,-3.543,21,0,0.000036
2297,.......((.(((......))).))...(((.......)))..(...(((....))).....).............,12,-3.543,19,0,0.000036
2298,.......((.(((......))).))....((.......)).......(((....((...........))...))).,12,-3.543,22,0,0.000036
2299,.......((.(((......))).))..((((..................))))...........(...).......,10,-3.542,27,0,0.000036
2300,.......((.(((......))).))....((.......)).......(((....)))....((((...)..)).).,14,-3.542,19,0,0.000036
2301,.......((.(((......))).)).....((((...(((......(...).....((......))..))))))).,15,-3.542,11,0,0.000036
2302,.......((.(((......))).))..............((.((((((((....)))........))))..).)).,15,-3.541,23,0,0.000036
2303,..(.....).(((......))).....((((.......)))).....(((....))).....(.(...).).....,13,-3.541,26,0,0.000036
2304,..((...))..((((....))))........((.((....)).))..(((....)))...................,13,-3.541,35,0,0.000036
2305,.......((.(((......))).)).....((((...(((..(.............((......))).))))))).,15,-3.541,11,0,0.000036
2306,.......((.(((......))).))..((((.......)))).....(((....)))(............).....,13,-3.54,20,0,0.000036
2307,.......((.(((......))).)).....................((((....))............))......,9,-3.54,17,0,0.000036
2308,.......((.(((......))).))......((.((....)).))..((((...((((......)).))..)))).,17,-3.54,31,0,0.000036
2309,.......((.(((......))).))..........(....)..(((((((....)))........)))).......,13,-3.54,23,0,0.000036
2310,.......((.(((......))).))....((...............)).(....).....................,8,-3.54,20,0,0.000036
2311,.......((.(((......))).))......(..((.....)).)..(((....)))...................,11,-3.539,19,0,0.000036
2312,.......((.(((......))).))..((((..................)))).......(.(.(...)).)....,12,-3.539,29,0,0.000036
2313,.....................(((....)))......(.....)...(((....)))...................,7,-3.539,28,0,0.000036
2314,......((..((.((((..(((((....))).......)).......(((....)))...)))).))..)).....,16,-3.539,38,0,0.000036
2315,.....................(((....))).......((......))............................,5,-3.537,34,0,0.000036
2316,.......((.(((......))).)).............((.........))...((.....)).............,9,-3.537,23,0,0.000036
2317,.......((.(((......))).))..((((.......)))).......(.........)................,10,-3.537,26,0,0.000036
2318,.......((((.....(((..((....((((.......))))....))..)))...))))................,13,-3.537,47,0,0.000036
2319,.......((.(((......))).)).(.....).....((.......(((....)))...........))......,11,-3.536,11,0,0.000036
2320,.....(.((.(((......))).)).)...((((...(((....(..(((....))).).........))))))).,17,-3.536,4,0,0.000036
2321,.......((..((((....))))..))...((((...(((....(..(((....))).).........))))))).,17,-3.536,17,0,0.000036
2322,.......((.(((......))).))......(((...(((........((....))............))))))..,13,-3.536,4,0,0.000036
2323,..(.....)..((((....))))....((((.......)))).....(((....))).....((.......))...,14,-3.536,35,0,0.000036
2324,.......((.(((......))).)).......(.(((.((......))..))).).....(.(......).)....,13,-3.536,29,0,0.000036
2325,...........(((......))).......(((...((.....(((((((....)))........)))))).))).,15,-3.535,28,0,0.000036
2326,.......((.(((......))).))....((.......)).......((......))...................,9,-3.535,17,0,0.000036
2327,...........((((....)))).......(((.(((.((......))..))).)))..........((...))..,14,-3.534,41,0,0.000036
2328,.......((.(((......))).))..((((.......(....).....))))...((......))..........,12,-3.534,30,0,0.000036
2329,...........(((((((...(((....)))..........)))))))............................,10,-3.534,44,0,0.000036
2330,.......((.(((......))).)).....(((.(((.((......))..))).)))...(..........)....,14,-3.534,28,0,0.000036
2331,.....(....(((......)))....)...((((...(((.......(((....)))...........))))))).,14,-3.533,6,0,0.000036
2332,.......((.(((......))).)).............(....)....((....))........(...).......,9,-3.533,18,0,0.000036
2333,.......((.(((......))).))..((((.......))))....((((....))).............).....,13,-3.533,20,0,0.000036
2334,..((...)).....((....))........((((...(((.......(((....)))...........))))))).,14,-3.532,14,0,0.000036
2335,...(((.((..((((....))))..))...)))....((....(((((((....)))........)))))).....,18,-3.532,35,0,0.000036
2336,.......((.(((......))).)).......(.((....)).)....((....))....................,10,-3.532,21,0,0.000036
2337,.......((..(((......)))..))...(((.(((.((......))..))).)))...................,13,-3.532,41,0,0.000036
2338,.....(.((.(((......))).)).).(((.......)))..(((((((....)))........)))).......,16,-3.532,26,0,0.000036
2339,.......((.(((......))).))......................(((....)))..((.(......)...)).,11,-3.532,17,0,0.000036
2340,.......((..((((....))))..)).(((.......)))..(((((((....)))........)))).......,16,-3.532,39,0,0.000036
2341,...(((.((.(((.(...)))).)).....)))....(((.......(((....)))...........))).....,15,-3.532,13,0,0.000036
2342,......((((.(((((((.(((((....))).......)).))))))).(....).......))))..........,17,-3.531,48,0,0.000036
2343,.......((.(((......))).)).............(....).(((((....)))........)).........,11,-3.531,19,0,0.000036
2344,...........((((....))))......((.......)).......(((....)))..(.((.(...).))..).,13,-3.531,32,0,0.000036
2345,..((...))..((((....)))).......(((.(((.((......))..))).))).....(.(...).).....,16,-3.531,44,0,0.000036
2346,.......((.(((......))).))...(((.......)))......(((....)))(......)...........,12,-3.53,19,0,0.000035
2347,.......((..((......))..))...(((.......)))......(((....)))...................,10,-3.53,19,0,0.000035
2348,.......((.(((......))).))(.((((.......))))..)..(((....)))..........((...))..,15,-3.53,22,0,0.000035
2349,.......((.(((......))).))..((((.......))))......((....))......(......)......,12,-3.53,22,0,0.000035
2350,.......((.(((......))).))..((((.......)))).....(((....)))..(.(....).).......,14,-3.53,22,0,0.000035
2351,...(((.((..((((....))))..))...))).....(....)...(((....)))..........((...))..,15,-3.53,34,0,0.000035
2352,.......((.(((......))).)).....(.....).(....)...(((....))).......(...).......,11,-3.529,17,0,0.000035
2353,.......((.(((......))).)).............(....)....((....))....(.(.(...)).)....,11,-3.529,20,0,0.000035
2354,...........((((....))))..(.((((.......))))..)..(((....)))..........((...))..,14,-3.529,35,0,0.000035
2355,.......((.(((......))).))..((((.......))))......((....))...((...(...)....)).,14,-3.529,24,0,0.000035
2356,..........(((......)))................(....)...(((....))).......(...).......,8,-3.528,20,0,0.000035
2357,...........(.(((....))).)..((((.......)))).....(((....))).....(.(...).).....,13,-3.528,35,0,0.000035
2358,.......((.(((......))).))..((((.......))))...(((.((...((.....)).....)).)))..,16,-3.528,30,0,0.000035
2359,..........(((......)))..........(.((....)).)...(((....)))...................,9,-3.527,23,0,0.000035
2360,.......((((...((((..(((....((((.......))))....)).)..))))))))................,15,-3.527,47,0,0.000035
2361,.......((.(((......))).)).....((((...(((...(....((....))......).....))))))).,15,-3.527,4,0,0.000035
2362,.......((.(((......))).))....(.........).......(((....)))............(....).,10,-3.526,15,0,0.000035
2363,.......((.(((......))).))......(((...(((......((((....)))....)......))))))..,15,-3.526,4,0,0.000035
2364,.......((.(((......))).))............(.....)...(((....)))..........((...))..,11,-3.526,16,0,0.000035
2365,...(...((.(((......))).))....)((((...(((.......(((....)))...........))))))).,16,-3.526,2,0,0.000035
2366,.......((.(((......))).)).....(.....).(....)...(((....)))...(.(.(...)).)....,13,-3.525,19,0,0.000035
2367,.......((.(((......))).)).((...))....((....(((((((....)))........)))))).....,16,-3.525,19,0,0.000035
2368,..........(((......))).....((((.......)))).....(((....))).....(......)......,11,-3.525,24,0,0.000035
2369,.......((.(((......))).))......((.((....)).))...((....))....(.(......).)....,13,-3.525,24,0,0.000035
2370,..((...))..((((....))))..(.((((.......))))..)..(((....))).....(.(...).).....,16,-3.525,38,0,0.000035
2371,..........(((......))).....((((.......))))....((((....)))..)................,11,-3.525,25,0,0.000035
2372,.......((.(((......))).)).............((......))...................((...))..,9,-3.525,22,0,0.000035
2373,.......((.(((......))).)).............(....).....(....).((......))..........,9,-3.524,22,0,0.000035
2374,..........(((......)))................(....)...(((....)))...(.(.(...)).)....,10,-3.524,22,0,0.000035
2375,......(((.(((......))).)).)((((.......)))).....(((....)))...(.(......).)....,15,-3.524,23,0,0.000035
2376,..........(((......))).....((((.......)))).....(((....)))..((...(...)....)).,13,-3.524,26,0,0.000035
2377,.......((.(((......))).)).(.....)..............(((....)))..(.((.(...).))..).,13,-3.524,19,0,0.000035
2378,.......((.(((......))).))..((((.......)))).....(((....)))((...(.(...).)))...,16,-3.524,23,0,0.000035
2379,...........((((....))))...((...)).....(....)...(((....))).....(.(...).).....,12,-3.523,32,0,0.000035
2380,.......((.(((......))).))...(((.......))).....((.((.....((......))..)).))...,14,-3.523,28,0,0.000035
2381,.......((.(((......))).))......((..........))..(((....))).....(((...)..))...,13,-3.523,19,0,0.000035
2382,.......((.(..........).)).....((((...(((.......(((....)))...........))))))).,13,-3.523,4,0,0.000035
2383,...........(((......))).......((((...(((............................))))))).,10,-3.523,18,0,0.000035
2384,.......((.(((......))).)).((...)).....(....)...(((....)))..........((...))..,13,-3.523,18,0,0.000035
2385,.......((.(((......))).)).......(.((.....)))...(((....)))...................,11,-3.522,19,0,0.000035
2386,.....................(((....)))................(((....)))..........(.....)..,7,-3.522,28,0,0.000035
2387,...((((((.(((......))).)).)...)))..............(((....))).....(.(...).).....,14,-3.522,21,0,0.000035
2388,.......((.((........)).)).....((((...(((........((....))((......))..))))))).,15,-3.522,7,0,0.000035
2389,.......((.(((......))).)).......(.((....)).)...(((....))).......(.........).,12,-3.522,20,0,0.000035
2390,..((...))..(((......)))..............(((.......(((....)))...........))).....,11,-3.522,22,0,0.000035
2391,..........(((......)))........((((...(((.......(((....)))...(.....).))))))).,14,-3.521,6,0,0.000035
2392,.......((.(((......))).))..((((.......))))......((....))......(.........)...,12,-3.521,22,0,0.000035
2393,.......((.(((......))).))..((((.......))))......((....)).(......)...........,12,-3.521,23,0,0.000035
2394,.......((.((........)).))....((.......)).......(((....)))..((............)).,11,-3.521,19,0,0.000035
2395,.......((.(((.(...)))).))......((.((....)).))..(((....))).....(.(...).).....,15,-3.521,24,0,0.000035
2396,...........(((......))).....(((.......)))......(((....))).......(...).......,10,-3.521,30,0,0.000035
2397,.......((.((........)).))...(((.......)))......(((....)))...(.(......).)....,12,-3.521,21,0,0.000035
2398,.......((.(((......))).)).....(((.(((.((......))..))).)))........(.((...))).,16,-3.521,29,0,0.000035
2399,..........(((......)))........((((...(((..(.(..(((....))).......).).))))))).,15,-3.521,8,0,0.000035
2400,.......((.(((......))).))....(.............)...(((....))).....(.(...).).....,11,-3.52,18,0,0.000035
2401,.......((.(((......))).))......((.((....)).))..(((....))).......(...)(....).,14,-3.52,21,0,0.000035
2402,..........(((......))).........((.((....)).))..(((....)))...(.(......).)....,12,-3.52,26,0,0.000035
2403,.......((.(((......))).))..((((.......)))).......(....)..((............))...,12,-3.52,25,0,0.000035
2404,.......(((((((((((...((...............)).)))))))........))))....(...).......,14,-3.519,47,0,0.000035
2405,.......((.(((......))).))....((.......)).......(((....)))..(.((.......))..).,13,-3.519,18,0,0.000035
2406,.......((.(((......))).))..((((.......))))....((((....)))..)....(.........).,14,-3.519,22,0,0.000035
2407,........(.(((......))).).....((.......))...(((((((....)))........)))).......,13,-3.519,24,0,0.000035
2408,.......((.(((......))).))...........((.........(((....)))............)).....,10,-3.519,15,0,0.000035
2409,...(((.((.(((......))).)).....)))..............(((....))).....(((...)..))...,14,-3.519,20,0,0.000035
2410,.......((.(((......))).))......((.(((.((......))..))).)).............(....).,13,-3.519,27,0,0.000035
2411,...........((((....)))).......(((((.((.........(((....))).......))....))))).,14,-3.518,23,0,0.000035
2412,...........((((....))))........................(((....))).....((.......))...,9,-3.518,29,0,0.000035
2413,..((...))..((((....)))).....(((.......)))..(((((((....)))........)))).......,16,-3.518,39,0,0.000035
2414,...........(((......))).....(((.......)))......(((....)))...(.(.(...)).)....,12,-3.518,32,0,0.000035
2415,.......((.(((......))).)).....(((.(((.(........)..))).))).....(.(...).).....,14,-3.517,28,0,0.000035
2416,.......((.(((......))).)).........((....)).....(((....))).............(...).,11,-3.517,18,0,0.000035
2417,.......((.(((......))).))..............(((.(((((((....)))........))))..).)).,15,-3.517,23,0,0.000035
2418,.......((.(((......))).))....((...((....))....))............................,9,-3.517,26,0,0.000035
2419,..........(((......))).....((((.......)))).....(((....))).....(.........)...,11,-3.517,24,0,0.000035
2420,.......((.(((......))).))......((.((....)).))..(((....)))..(..((.......)).).,15,-3.516,23,0,0.000035
2421,...........(((......))).......(((....(((....((((((....)))........)))))).))).,15,-3.516,20,0,0.000035
2422,...(((.((..((((....))))..))...))).....((.......(((....)))...........))......,14,-3.516,28,0,0.000035
2423,.......((.(((......))).)).....((((..((..(......(((....))).........)..)))))).,15,-3.516,9,0,0.000035
2424,..((...))..((((....))))...(.....)....(((.......(((....)))...........))).....,13,-3.515,24,0,0.000035
2425,.......((.(((......))).))......((.((....)).))..(((....)))..((.(.(...))...)).,16,-3.515,24,0,0.000035
2426,.......((.(((......))).)).......(..........)...(((....))).....((.......))...,11,-3.515,17,0,0.000035
2427,.......((((((((((..(((((....))).......))..)))))).(....).))))................,16,-3.515,44,0,0.000035
2428,...........((((....))))....(((.........))).....(((....)))...................,10,-3.515,32,0,0.000035
2429,.......((.(((......))).)).....(((((..((.....(..(((....)))..)....))....))))).,16,-3.515,11,0,0.000035
2430,.......((.(((......))).))......((.((.....))))..(((....)))...(.(......).)....,14,-3.515,22,0,0.000035
2431,.......((.(((......))).)).......(.((....)).)...(((....)))..(..............).,12,-3.514,20,0,0.000035
2432,..........(((......)))........(((.(((.((......))..))).)))............(....).,12,-3.514,31,0,0.000035
2433,.....................((......)).......(....)...(((....)))...................,6,-3.514,27,0,0.000035
2434,...(((....(((......)))........)))..............(((....))).......(...).......,10,-3.513,22,0,0.000034
2435,.......((.(((......))).)).....(((((...(........(((....)))........)....))))).,14,-3.513,8,0,0.000034
2436,.......((.(((......))).))....((.......)).......(((....)))...(.(.(...).))....,13,-3.513,18,0,0.000034
2437,...........((((....))))....((((.......)))).....(((....))).............(...).,12,-3.512,32,0,0.000034
2438,..........(((......)))........((((((.((........(((....))).......))...)))))).,14,-3.512,14,0,0.000034
2439,.......((.(((......))).))..((((.......)))).......(....)....(.((.(...).))..).,14,-3.512,27,0,0.000034
2440,.......((.(((......)))...))..((.......))...(((((((....)))........)))).......,14,-3.512,28,0,0.000034
2441,.......((.(((......))).))..((((.......))))..............((......))...(....).,12,-3.512,28,0,0.000034
2442,.......((.(((......))).)).....(((.(((.............))).))).....((.......))...,13,-3.512,28,0,0.000034
2443,.......((.(((.....).)).))....((.......))...(((((((....)))........)))).......,14,-3.512,25,0,0.000034
2444,..........(((......))).(....).((((...(((.......(((....)))...........))))))).,14,-3.512,5,0,0.000034
2445,.......((.(((......))).)).............((......))((....))......(.(...).).....,11,-3.511,19,0,0.000034
2446,.......((.(((......))).))....((..................))...........(.(...).).....,9,-3.511,24,0,0.000034
2447,.......((.(((......))).)).......(......).......(((....)))........(........).,10,-3.51,15,0,0.000034
2448,...(((....(((......)))........)))..............(((....)))...(.(.(...)).)....,12,-3.51,24,0,0.000034
2449,........(.(((......))).)...((((.......)))).....(((....))).......(...).......,12,-3.509,22,0,0.000034
2450,.......((.(((......))).))....((.......)).........(....).......((.......))...,10,-3.509,21,0,0.000034
2451,.......((.(((......))).))....((((.((....)).)).)).(....).....................,12,-3.509,26,0,0.000034
2452,.....................(((....)))......(((....(..(((....)))..)........))).....,10,-3.509,23,0,0.000034
2453,..(.....)..((((....))))....((((.......)))).....(((....)))..((............)).,14,-3.509,35,0,0.000034
2454,...(((....(((......)))........)))....(((....((((((....)))........)))))).....,15,-3.509,21,0,0.000034
2455,.......((.(((......))).)).((...)).....((.......(((....)))...........))......,12,-3.509,12,0,0.000034
2456,.......((((....(((..(((....((((.......))))....)).)..))).))))................,14,-3.509,46,0,0.000034
2457,.......((.(((......))).)).....((((((.((.....(..(((....))).).....))...)))))).,17,-3.509,12,0,0.000034
2458,..........(((......)))...(.((((.......))))..)..(((....)))............(....).,12,-3.508,25,0,0.000034
2459,.......((.((........)).))......(((...(((.......(((....)))...........))))))..,13,-3.508,4,0,0.000034
2460,.......((.(((......))).))..((((.......)))).((((((......))........)))).......,15,-3.507,28,0,0.000034
2461,.......((.(((......))).))............(((......(.((....))...)........))).....,11,-3.507,12,0,0.000034
2462,.......(..(((......)))..).....((((...(((....(..(((....)))..)........))))))).,15,-3.507,4,0,0.000034
2463,.......((.(((......))).))....((.......)).......(((....)))..((..(.......).)).,13,-3.507,18,0,0.000034
2464,..((...))..........(....).....((((...(((.......(((....)))...........))))))).,13,-3.506,12,0,0.000034
2465,...(((.((.(((......))).)).....))).....(....)...(((....))).....(.(...))......,14,-3.506,20,0,0.000034
2466,........(.(((......))).)...((((.......)))).....(((....)))...(.(.(...)).)....,14,-3.506,24,0,0.000034
2467,.......((.(((......))).))............((........(((....))).......))...(....).,11,-3.505,16,0,0.000034
2468,.......((.(((......))).)).....((((.(((.........(((....))).......)).)...)))).,15,-3.505,11,0,0.000034
2469,...........(((......))).......((((((.......(((((((....)))........)))))))))).,16,-3.504,27,0,0.000034
2470,...........(((......))).......(((.(((.((......))..))).)))...(.(......).)....,13,-3.504,41,0,0.000034
2471,..(.....)..((((....)))).......((((...(((..(....(((....))).........).))))))).,16,-3.504,16,0,0.000034
2472,......(((.(((......))).)).)...((((...(((..(....(((....))).........).))))))).,17,-3.504,4,0,0.000034
2473,...........(((((((.(((((....))).......)).)))))))................(...).......,13,-3.504,45,0,0.000034
2474,...(((.((..((((....))))..))...)))..............(((....)))..(.((.(...).))..).,16,-3.503,36,0,0.000034
2475,.......(..(((......)))..).....((((....((.......(((....)))...........)).)))).,13,-3.502,4,0,0.000034
2476,.......((.(((.....).)).))..((((.......)))).....(((....))).......(...).......,13,-3.502,23,0,0.000034
2477,......(((((((......)))...(.((((.......))))..)..(((....))).....))))..........,15,-3.502,31,0,0.000034
2478,.......((..((......))..))..((((.......)))).....(((....)))..((.(.(...).)..)).,15,-3.501,25,0,0.000034
2479,.......((.(((......))).)).....(((((.((......(..(((....))).).....))....))))).,16,-3.5,12,0,0.000034
2480,..(.....)..(((((((.(((((....))).......)).)))))))........((......))..........,15,-3.5,48,0,0.000034
2481,.......((.(((......)))...)).(((.......)))......(((....)))...................,11,-3.5,23,0,0.000034
2482,...........(((((((.(((((....))).......)).)))))))............(.(.(...)).)....,15,-3.5,47,0,0.000034
2483,.......((.(((......))).)).....((((((.(((.......(((....))).....).))...)))))).,17,-3.5,11,0,0.000034
2484,.......((.(((......))).))....((.......))...................((.(.(...).)..)).,11,-3.499,25,0,0.000034
2485,.......((.(((......))).)).......((..((.....(((((((....)))........))))))))...,16,-3.499,18,0,0.000034
2486,...(((.((..(((......)))..))...))).....(....)...(((....)))...(.(......).)....,14,-3.499,34,0,0.000034
2487,.....(.((.(((......))).)).)..((.......)).......(((....)))..((.(.(...).)..)).,15,-3.499,21,0,0.000034
2488,.......((..((((....))))..))..((.......)).......(((....)))..((.(.(...).)..)).,15,-3.499,34,0,0.000034
2489,.......((.(((......))).))..........(....)......(((....))).....(.(...).).....,11,-3.499,18,0,0.000034
2490,.......((.(((......))).)).(.....)...((.....(((((((....)))........)))))).....,15,-3.499,23,0,0.000034
2491,...........(((......)))..(.((((.......))))..)..(((....)))...(.(......).)....,13,-3.498,35,0,0.000034
2492,.......((.(((......))).)).....((((...(((.(....((((....)))........)).))))))).,17,-3.498,4,0,0.000034
2493,.......((.(((......))).))....((((..........)).))........((......))..........,11,-3.498,27,0,0.000034
2494,.......((.(((.....).)).))..((((.......)))).....(((....)))...(.(.(...)).)....,15,-3.498,25,0,0.000034
2495,.......((.(((......))).)).....(((.(((.((......))..))).)))((..(......)..))...,16,-3.498,30,0,0.000034
2496,.......((((((((((..((.((...........)).))..))))))........))))................,14,-3.498,46,0,0.000034
2497,.......((.(((......))).)).............(....)...(((....))).....(.(...)...)...,11,-3.498,17,0,0.000034
2498,.......((.(((......))).)).(.....)....((........(((....))).......))..........,11,-3.497,17,0,0.000034
2499,.......((.(((......))).)).............((......)).((.....((......))..))......,11,-3.497,25,0,0.000034
2500,.......((.(((......))).))....((.(.((....)).)..))..............(.(...).).....,12,-3.497,29,0,0.000034
2501,.......((.(((......))).)).............(....)...(((....)))((............))...,11,-3.497,17,0,0.000034
2502,.......((.((........)).)).....((((...(((..(.(.((((....)))....)..).).))))))).,17,-3.496,8,0,0.000034
2503,.......((((((((((..........((((.......))))))))))........))))....(...).......,15,-3.496,49,0,0.000034
2504,.......(((((((((((..........(((.......))))))))))........))))....(...).......,15,-3.496,49,0,0.000034
2505,.......((.(((......))).)).((...))..............(((....)))..(.((.(...).))..).,14,-3.496,20,0,0.000034
2506,.......((.(((......))).))....((.......)).........(....).((...........)).....,10,-3.496,20,0,0.000034
2507,.......((.(((.(...)))).))...(((.......)))......(((....)))..((.(.(...).)..)).,16,-3.495,23,0,0.000033
2508,.......((.(((......))).)).............((......)).(....)....((.(.(...).)..)).,12,-3.495,23,0,0.000033
2509,.......((.(((......))).))....((.......))......((((....)))........)..........,11,-3.494,17,0,0.000033
2510,.......((.(((......))).)).............(....)...(((....))).......((.......)).,11,-3.494,17,0,0.000033
2511,.......((..(((......)))..))...((((.............(((....)))..............)))).,12,-3.494,20,0,0.000033
2512,.......((((........((((..(.((((.......))))..).)).)).....))))................,13,-3.493,44,0,0.000033
2513,...(((.((.(((......))).)).....))).....(....)...(((....)))..((.((.......)))).,16,-3.493,22,0,0.000033
2514,.......((.(((......))).))....((.......))........((....))...........(.....)..,10,-3.492,18,0,0.000033
2515,.......((.(((......))).)).....((((..........((((((....)))........)))...)))).,15,-3.491,12,0,0.000033
2516,...........((((....))))........................(((....)))..((............)).,9,-3.491,29,0,0.000033
2517,........(.(((......))).).(.((((.......))))..)..(((....)))...................,12,-3.491,23,0,0.000033
2518,.....(.((.(((......))).)).).(((.......)))......(((....))).....(.(...).).....,14,-3.491,21,0,0.000033
2519,.......((..((((....))))..)).(((.......)))......(((....))).....(.(...).).....,14,-3.491,34,0,0.000033
2520,.......((.(((......))).)).............(....)..((((....)))..)....(...).......,11,-3.491,18,0,0.000033
2521,......(...(((......)))....)...((((...(((.......(((....)))...........))))))).,14,-3.49,6,0,0.000033
2522,.......((.(((......))).)).......(.((....)).)...(((....))).....(......)......,12,-3.49,20,0,0.000033
2523,.......((.(((......))).)).......(.((....)).)..((((....)))..)................,12,-3.49,21,0,0.000033
2524,..(.....)..((((....)))).......((((...(((....(..(((....))).).........))))))).,16,-3.49,16,0,0.000033
2525,......(((.(((......))).)).)...((((...(((....(..(((....))).).........))))))).,17,-3.49,4,0,0.000033
2526,.......((.(((......))).)).........(((.((......))..))).........((.......))...,12,-3.489,29,0,0.000033
2527,.......((.(((......))).))..((((.......))))..(..(((....))).)...(.(...).).....,15,-3.489,23,0,0.000033
2528,.......((.(((......))).)).......(.((....)).)...(((....)))..((...(...)....)).,14,-3.489,22,0,0.000033
2529,........((.((.(((........))).)).)).............(((....)))...................,10,-3.489,32,0,0.000033
2530,.......((.(((......))).)).............(....)...(((....)))..((.(((...)..)))).,14,-3.489,20,0,0.000033
2531,.......((.(((......))).)).......(..........)...(((....)))..((............)).,11,-3.488,17,0,0.000033
2532,..((...))..((((....))))...((...))....(((.......(((....)))...........))).....,14,-3.488,25,0,0.000033
2533,.......((.(((......))).))..((((.......))))....((((....)))..)..(......)......,14,-3.488,22,0,0.000033
2534,..........(((......))).......((.......)).......(((....)))..........(.....)..,9,-3.488,20,0,0.000033
2535,.......((.(((......))).))..................((..(((....)))....)).............,10,-3.487,18,0,0.000033
2536,.....(.((.(((......))).)).)...((((...(((......((((....)))..)........))))))).,17,-3.486,4,0,0.000033
2537,.......((..((((....))))..))...((((...(((......((((....)))..)........))))))).,17,-3.486,17,0,0.000033
2538,..(.....)..(((......))).......(((.(((.((......))..))).)))...................,12,-3.486,40,0,0.000033
2539,.........(.(((((((.(((((....))).......)).))))))).)............(.(...).).....,15,-3.485,47,0,0.000033
2540,......(((.(((......))).)).).(((.......)))..(((((((....)))........)))).......,16,-3.485,26,0,0.000033
2541,.......((.(((......))).)).......(......).....(((.((.................)).)))..,11,-3.485,23,0,0.000033
2542,.......((.(((......))).)).........((....)).....(((....)))...........(...)...,11,-3.485,18,0,0.000033
2543,.......((.(((......))).)).....(((.(((.............))).)))..((............)).,13,-3.485,28,0,0.000033
2544,.......((.(((......))).))..((((.......)))).(...(((....))))....((.......))...,15,-3.484,23,0,0.000033
2545,.....................(((....)))......((....(((((((....)))........)))))).....,12,-3.483,30,0,0.000033
2546,.......((.(((......))).)).............((......))......((((......)).)).......,11,-3.483,25,0,0.000033
2547,.......((.(((.(...)))).)).....((((.........(((((((....)))........))))..)))).,17,-3.483,15,0,0.000033
2548,...........((((((..(((((....))).......))..))))))........((...........)).....,13,-3.483,43,0,0.000033
2549,.......((.(((......))).)).............((.........))...........((.......))...,9,-3.483,23,0,0.000033
2550,.......((.(((......))).)).....((((...(((....(((..(...........)...)))))))))).,16,-3.483,13,0,0.000033
2551,.......((.(((......))).)).......(.(......).)...(((....)))...................,10,-3.483,17,0,0.000033
2552,.......((.(((......))).))..((((.(..............).))))...((...........)).....,12,-3.482,27,0,0.000033
2553,.......((.(((......))).))..((((.......)))).....(((....))).......(..((...))).,15,-3.482,21,0,0.000033
2554,.......((.(((......))).))....((.......)).........(....)....((............)).,10,-3.482,21,0,0.000033
2555,.......((.(((......))).)).....((((....((.......(((....)))...(.....).)).)))).,15,-3.482,4,0,0.000033
2556,.......((.(((......))).)).......(.((....)).)...(((....))).....(.........)...,12,-3.482,20,0,0.000033
2557,.......((.(((......))).))...(((.......)))........(....).....(.(......).)....,11,-3.482,23,0,0.000033
2558,.......((.(((......))).))...........(......)...(((....)))..((.(.(...).)..)).,13,-3.482,20,0,0.000033
2559,.......(..(((......)))..).....((((...((....(((((((....)))........)))))))))).,17,-3.482,11,0,0.000033
2560,.......((..((......))..)).....((((...(((.(.....(((....))).........).))))))).,15,-3.481,4,0,0.000033
2561,.......((.(((......))).)).....((((....((..(.(..(((....))).......).).)).)))).,16,-3.481,6,0,0.000033
2562,............(.....)..(((....)))................(((....)))...................,7,-3.481,28,0,0.000033
2563,...........((........)).......(((.(((.((......))..))).)))...................,10,-3.481,38,0,0.000033
2564,.......((.(((......))).)).....((...))..........(((....)))............(....).,11,-3.481,16,0,0.000033
2565,......((..((.((((....(....)...(((.(((.((......))..))).)))...)))).))..)).....,17,-3.481,49,0,0.000033
2566,.....(....)..........(((....)))................(((....)))...................,7,-3.481,28,0,0.000033
2567,.......((.(((......))).)).....(((((...((........((....))((......))..))))))).,16,-3.481,8,0,0.000033
2568,.....................(((....))).......(....)...(((....)))..........((...))..,9,-3.481,29,0,0.000033
2569,.......((.(((......))).))....((...............))...........((.(.(...).)..)).,11,-3.481,26,0,0.000033
2570,...........((((....)))).....(((.......)))......(((....)))..........((...))..,12,-3.481,31,0,0.000033
2571,.......((.(((......))).))..((((.......)))).....(((....)))..(.(.........)..).,14,-3.481,21,0,0.000033
2572,...........(((......)))....((((.......)))).....(((....)))..(.((.(...).))..).,14,-3.48,35,0,0.000033
2573,...(((.((.(((......))).)).....))).....(....)....((....))....................,11,-3.48,20,0,0.000033
2574,.......((.(((......))).)).....((((...(((...(..(.((....))...)..).....))))))).,16,-3.48,6,0,0.000033
2575,...........((((....))))....((((.......)))).....(((....)))...........(...)...,12,-3.48,32,0,0.000033
2576,.........(.(((((....)))......)).)....(((.......(((....)))...........))).....,12,-3.48,24,0,0.000033
2577,.......((.(((......))).))..((((.......)))).(((....................))).......,12,-3.48,30,0,0.000033
2578,..(.....)..(((......)))..(.((((.......))))..)..(((....)))...................,12,-3.48,34,0,0.000033
2579,.......((.(((......))).))...(((.......)))......(((....)))...(..........)....,12,-3.48,18,0,0.000033
2580,.......((.(((......))).))...(((((.(((.((......))..))).)))..)).(.(...).).....,17,-3.479,33,0,0.000033
2581,.......((.(((......))).))..((((.......))))....((((....)))..)..(.........)...,14,-3.479,22,0,0.000033
2582,...(((.((..((((....))))..))...)))...((.....(((((((....)))........)))))).....,18,-3.478,40,0,0.000033
2583,........(.(((......))).).....((.......)).......(((....))).....(.(...).).....,11,-3.478,19,0,0.000032
2584,.......((.(((......))).)).....((((...(((.......(..............).....))))))).,13,-3.478,7,0,0.000032
2585,..((...))..((((....))))...............(....)...(((....)))...................,10,-3.478,30,0,0.000032
2586,...........(((......)))......((.......)).......(((....))).....((.......))...,10,-3.477,29,0,0.000032
2587,..((...))............(((....))).......(....)...(((....))).....(.(...).).....,11,-3.477,32,0,0.000032
2588,.......((.(((......))).)).............(....)...((((...((((......)).))..)))).,14,-3.477,26,0,0.000032
2589,..((...))..((((....)))).....(((.......)))......(((....))).....(.(...).).....,14,-3.477,34,0,0.000032
2590,........(.(((......))).)......(((((............(((....))).............))))).,12,-3.477,9,0,0.000032
2591,...(((.((..((((....))))..))...)))....((........(((....))).......))..........,14,-3.477,34,0,0.000032
2592,.......((.(((......))).)).....((((...(((......((((....)).).)........))))))).,16,-3.476,5,0,0.000032
2593,.......((((((((((..((.................))..))))))........))))................,12,-3.476,43,0,0.000032
2594,.......((.(((.(...)))).)).....(((.(((.((......))..))).))).......(...).......,15,-3.476,30,0,0.000032
2595,...(((.((..((........))..))...))).....(....)...(((....)))...................,11,-3.476,31,0,0.000032
2596,.......((.(((......))).))......((.(......).))..(((....)))...(.(......).)....,13,-3.476,20,0,0.000032
2597,...........((........))..(.((((.......))))..)..(((....)))...................,10,-3.475,32,0,0.000032
2598,..(.....).(((......))).......((.......)).......(((....)))...................,9,-3.475,20,0,0.000032
2599,.......((.(((......))).))....((...............)).((.................))......,9,-3.474,23,0,0.000032
2600,.......((.(((......))).))............(((.......(((....)))(.......)..))).....,12,-3.474,10,0,0.000032
2601,.......((.(((......))).))..((((.......)))).....(((....)))......(.(.....).)..,14,-3.474,21,0,0.000032
2602,.......((.(((......))).)).....((((...(((......(..(.........).)......))))))).,14,-3.474,9,0,0.000032
2603,.......(((((((((((.(((((....))).......)).)))))))........)))).......(.....)..,17,-3.474,49,0,0.000032
2604,...........((((....)))).......((((...(((....(..(((....)))...).......))))))).,15,-3.473,15,0,0.000032
2605,.......((.(((.(...)))).)).....(((.(((.((......))..))).)))...(.(.(...)).)....,17,-3.473,32,0,0.000032
2606,.......((.(((......))).))..((((.......))))......((....))((......))...(....).,14,-3.473,24,0,0.000032
2607,.......((.(((......))).))............(((.......((......))...........))).....,10,-3.472,10,0,0.000032
2608,.........((.......)).(((....))).......(....)...(((....))).....(.(...).).....,11,-3.472,32,0,0.000032
2609,.......((.(((......))).)).....(((.((.....))(((((((....)))........))))...))).,17,-3.472,19,0,0.000032
2610,.......((.(((......))).))..((((..................)))).......(.(......).)....,11,-3.471,28,0,0.000032
2611,.......((.(((......))).)).((...))...((.....(((((((....)))........)))))).....,16,-3.471,24,0,0.000032
2612,.......((.(((......)))...))..((.......)).......(((....))).....(.(...).).....,12,-3.471,23,0,0.000032
2613,.......((.(((.....).)).))....((.......)).......(((....))).....(.(...).).....,12,-3.47,20,0,0.000032
2614,.......((.(((......))).)).............((......))..(.....)...................,8,-3.47,22,0,0.000032
2615,.......((.(((......))).))..((((.......))))..((((((....)))........)))........,15,-3.47,25,0,0.000032
2616,..((...)).(((......))).....((((.......)))).....(((....))).....(.(...).).....,14,-3.47,27,0,0.000032
2617,...(((.((.(((......))).)).....))).....(....)...(((....))).......(.........).,13,-3.47,19,0,0.000032
2618,.......((.(((......))).)).((...))....((........(((....))).......))..........,12,-3.47,18,0,0.000032
2619,.......((.(((......)))...))...(((((............(((....))).............))))).,13,-3.469,13,0,0.000032
2620,.......((.(((.....).)).)).....(((((............(((....))).............))))).,13,-3.469,10,0,0.000032
2621,.....................(((....)))...((....)).....(((....)))..((.(.(...).)..)).,12,-3.469,35,0,0.000032
2622,.......(..(((......)))..)......((.((....)).))..(((....)))...................,11,-3.469,22,0,0.000032
2623,...........(.((((....(((....)))...((....)).....(((....)))...)))).)..........,13,-3.469,40,0,0.000032
2624,.......((.(((......))).)).....(......).....(((((((....)))........)))).......,13,-3.469,21,0,0.000032
2625,.....(.((.(((......))).)).)...((((...(((........((....))............))))))).,15,-3.468,4,0,0.000032
2626,.......((..((((....))))..))...((((...(((........((....))............))))))).,15,-3.468,17,0,0.000032
2627,.........(.....).....(((....)))................(((....)))..((.(.(...).)..)).,11,-3.468,33,0,0.000032
2628,.......((.(((......))).))..((((.......))))....((((....)))....)..(...).......,14,-3.468,22,0,0.000032
2629,.......((.(((......))).))...(((.......)))......(((....)))........(.((...))).,14,-3.467,19,0,0.000032
2630,.......((.(((......))).))......((((...((.......(((....)))...........))))))..,14,-3.467,5,0,0.000032
2631,.....................(((....))).......((.......(((....)))...........))......,8,-3.467,23,0,0.000032
2632,.......((.(((......))).))......((..........))..(((....))).............(...).,11,-3.466,16,0,0.000032
2633,.......((..(((......)))..))((((.......)))).(((((((....)))........)))).......,16,-3.466,40,0,0.000032
2634,......((((.(((......)))....((((.......)))).....(((....))).....))))..........,14,-3.465,37,0,0.000032
2635,...(((.((.(((......))).)).....)))....(((............................))).....,11,-3.465,17,0,0.000032
2636,...........(.((((..(....)..((((.......)))).....(((....)))...)))).)..........,13,-3.465,38,0,0.000032
2637,.......((.(((......))).))...(((.......))).......((....)).............(....).,11,-3.465,19,0,0.000032
2638,...(((.((.(((......))).)).....))).....((......))........((...........)).....,12,-3.465,25,0,0.000032
2639,..((...))..((((....))))....((((.......)))).....(((....))).....((.......))...,15,-3.464,36,0,0.000032
2640,..........(((......)))..........((...(((.......(((....)))...........)))))...,11,-3.464,8,0,0.000032
2641,..((...........))....(((....)))............(((((((....)))........)))).......,12,-3.463,38,0,0.000032
2642,...........((......))(((....)))............(((((((....)))........)))).......,12,-3.463,30,0,0.000032
2643,.......((.(((......))).))..((((.......))))......((....))......(((...)..))...,14,-3.463,24,0,0.000032
2644,.......((.(((......))).)).........((.....))....(((....)))........(........).,11,-3.463,19,0,0.000032
2645,.......((.(((......))).))....((.......))...(...(((....))))......(...).......,12,-3.463,18,0,0.000032
2646,...(((.((.(((......))).)).....))).....(....)...(((....)))..(..............).,13,-3.463,19,0,0.000032
2647,.......((.(((......))).)).........(((.((......))..)))......((............)).,12,-3.463,29,0,0.000032
2648,...(((.((.(((......))).)).....)))..............(((....))).............(...).,12,-3.462,17,0,0.000032
2649,...........(.(((....))).)....((.......)).......(((....)))...................,9,-3.462,29,0,0.000032
2650,.......((.(((......))).)).............(....)....((....))....(.(......).)....,10,-3.462,19,0,0.000032
2651,...........((((....)))).......((((..((.........(((....))).......)).....)))).,13,-3.462,22,0,0.000032
2652,..........(((......)))......(((.......)))......(((....)))............(....).,10,-3.46,21,0,0.000032
2653,.......((.((........)).)).....((((...(((...((..(((....)))....)).....))))))).,16,-3.46,6,0,0.000032
2654,.......((.(((......))).))....((.......))...(...(((....))))..(.(.(...)).)....,14,-3.459,20,0,0.000031
2655,.......((.(((......))).))...((.........))......(((....))).....((.......))...,12,-3.459,19,0,0.000031
2656,.......((((...((((.((((....((((.......))))....)).)).))))))))....(...).......,17,-3.459,49,0,0.000031
2657,.......(..(((......)))..).....(((.(((.((......))..))).))).....(.(...).).....,14,-3.458,31,0,0.000031
2658,..........(((......))).....((((.......)))).....(((....))).....(((...)..))...,13,-3.458,26,0,0.000031
2659,.....(.((.(((......))).)).)...((((...(((......((((....)))....)......))))))).,17,-3.458,4,0,0.000031
2660,.......((.(((......))).)).....(.....).(....)...(((....)))...(.(......).)....,12,-3.458,18,0,0.000031
2661,.......((..((((....))))..))...((((...(((......((((....)))....)......))))))).,17,-3.458,17,0,0.000031
2662,.......((.(((.(...)))).)).............(....)...(((....))).....(.(...).).....,12,-3.458,19,0,0.000031
2663,.......((.(((......))).))..((((.......)))).....((((...((.(......)..))..)))).,16,-3.458,29,0,0.000031
2664,.......((((...((((.((((.(..((((.......))))..).)).)).))))))))................,17,-3.457,49,0,0.000031
2665,.......((.(((......))).)).............(....)...(((....))).......(...)(....).,11,-3.457,16,0,0.000031
2666,..........(((......)))................(....)...(((....)))...(.(......).)....,9,-3.457,21,0,0.000031
2667,.......((.(((......))).))......((.((....)).)).((((....)))..)..(.(...).).....,15,-3.457,24,0,0.000031
2668,.......((.(((......))).)).....(((((...........((....................))))))).,12,-3.457,14,0,0.000031
2669,.......((.(((......))).)).....(((((..............((.................))))))).,12,-3.457,14,0,0.000031
2670,...........((((....)))).......((((...(((.......(((....)))(......)...))))))).,15,-3.456,15,0,0.000031
2671,..........(((......)))........(((....(((.(.....(((....))).........).))).))).,13,-3.456,8,0,0.000031
2672,.......((.(((......))).)).............((.........))........((............)).,9,-3.456,23,0,0.000031
2673,.......((.((........)).))......................(((....)))..((.(.(...).)..)).,11,-3.456,20,0,0.000031
2674,.......((.(((......))).)).....(((((...((..(.(.((((....)))....)..).).))))))).,18,-3.456,9,0,0.000031
2675,...(((.....((((....)))).......)))..............(((....)))...................,10,-3.455,30,0,0.000031
2676,.......((.(((......))).)).....((((...(((...(..................).....))))))).,13,-3.455,8,0,0.000031
2677,.......((.(((......))).))..((((.......)))).((.((((....)))..).)).............,15,-3.455,25,0,0.000031
2678,..........(....)...(....).....((((...(((.......(((....)))...........))))))).,12,-3.455,11,0,0.000031
2679,.......((.(((......))).)).....(.....)..........(((....)))..........(.....)..,10,-3.455,16,0,0.000031
2680,.......((.(((......))).)).....(((((...........((((....)))....)........))))).,14,-3.455,9,0,0.000031
2681,.......((.(((......))).)).....(((((........(...(((....))))............))))).,14,-3.455,9,0,0.000031
2682,.....................(((....)))................(((....)))..(.((.(...).))..).,10,-3.455,31,0,0.000031
2683,.......((.(((......))).)).......(.(.....)..)...(((....))).....(.(...).).....,12,-3.454,19,0,0.000031
2684,..(.....)..((((....))))......((.......)).......(((....)))..((.(.(...).)..)).,14,-3.453,33,0,0.000031
2685,.......((.(((......))).)).............(....)...(((....)))..(..((.......)).).,12,-3.453,18,0,0.000031
2686,.......((.(((......))).))..((((.......))))....(.((....))...)....(...).......,13,-3.453,24,0,0.000031
2687,......(((.(((......))).)).)..((.......)).......(((....)))..((.(.(...).)..)).,15,-3.453,21,0,0.000031
2688,.......((.(((......))).))....((...((.....))...))........((......))..........,11,-3.452,29,0,0.000031
2689,.......((.(((......))).)).............(....)...(((....)))..((.(.(...))...)).,13,-3.452,19,0,0.000031
2690,.......((((...(((..((((..(.((((.......))))..).)).))..)))))))..(.(...).).....,18,-3.451,50,0,0.000031
2691,.......((.(((......))).)).....(((.(((.((......))..))).)))..((((.(...).)).)).,18,-3.451,32,0,0.000031
2692,.......((.(((......))).))......((.(.....)..))..(((....)))............(....).,12,-3.451,18,0,0.000031
2693,...........(((......))).......((((...(((........((....))((......))..))))))).,14,-3.451,17,0,0.000031
2694,...........(((......)))......((.......)).......(((....)))..((............)).,10,-3.45,29,0,0.000031
2695,.......((.(((......))).))....((.......))......((((....)))..).......(.....)..,12,-3.45,18,0,0.000031
2696,...........(((......))).....(((.......)))......(((....)))...(.(......).)....,11,-3.45,31,0,0.000031
2697,...((.....)).........(((....)))............(((((((....)))........)))).......,12,-3.45,36,0,0.000031
2698,.......((.(((......))).)).....((((...........(((((....)))........))....)))).,14,-3.45,10,0,0.000031
2699,...(((.((..(((......)))..))...)))..............(((....))).....((.......))...,13,-3.45,33,0,0.000031
2700,......((((.(((......))).......(((.(((.((......))..))).))).....))))..........,15,-3.45,45,0,0.000031
2701,...........(.((((..(....).....(((.(((.((......))..))).)))...)))).)..........,14,-3.449,46,0,0.000031
2702,.......((.(((......))).))....((((.((....)).)).))...........((.(.(...).)..)).,15,-3.449,32,0,0.000031
2703,...........((((....)))).........(......).......(((....)))...................,8,-3.449,27,0,0.000031
2704,.......((.(((.(...)))).))..((((.......)))).....(((....)))..........(.....)..,14,-3.449,22,0,0.000031
2705,.......((.(((......))).))..((((.......(....).....)))).......................,10,-3.448,27,0,0.000031
2706,.......((.(((......))).))......((.((....)).))..(((....)))..((.(......)...)).,15,-3.448,23,0,0.000031
2707,..(.....).(((......))).....((((.......)))).(((((((....)))........)))).......,15,-3.448,31,0,0.000031
2708,..(.....)..(((......))).......((((.............(((....)))..............)))).,11,-3.447,19,0,0.000031
2709,..........(((......)))....(((((((.(((.((......))..))).)))..)))).............,15,-3.447,39,0,0.000031
2710,.......((.(((......))).)).....((((...(((..(.(..(..............).).).))))))).,15,-3.446,11,0,0.000031
2711,.......((.(((......))).))....((((.(((.((......))..))).)))..)....(...).......,15,-3.446,30,0,0.000031
2712,.......(..(((......)))..)...(((.......)))..(((((((....)))........)))).......,14,-3.446,26,0,0.000031
2713,.......((.(((......))).)).....(((....(((.(.(...(((....))).....)...).))).))).,16,-3.445,6,0,0.000031
2714,.......((.(((......))).))....((.......)).......(((....)))......(.......)....,11,-3.445,16,0,0.000031
2715,.......((.(((......))).))....((.......)).....(((((....)))........))..(....).,13,-3.445,19,0,0.000031
2716,.......((.(((......))).))......((.(((.((......))..))).))((...........)).....,14,-3.444,28,0,0.000031
2717,.......((.(((......))).)).(.....).....(....)...(((....)))..........(.....)..,11,-3.444,17,0,0.000031
2718,.......((.(((......))).))...(((.......)))......(((....)))((..(......)..))...,14,-3.444,20,0,0.000031
2719,.......((.(((......))).))......((..(....)..))..(((....))).....((.......))...,13,-3.444,20,0,0.000031
2720,......(((.(((......))).)).).(((.......)))......(((....))).....(.(...).).....,14,-3.444,21,0,0.000031
2721,.......((.(((......))).))...........((((....((((((....)))........)))))).)...,15,-3.444,15,0,0.000031
2722,.......((.(((......))).))...(((.(..............).)))....((......))..........,11,-3.444,27,0,0.000031
2723,.......((.(((......))).)).....((((..((......(..(((....))).).....)).....)))).,15,-3.443,11,0,0.000031
2724,.......((.(((......))).))....((((.((....)).)).)).((.................))......,13,-3.443,29,0,0.000031
2725,...........((........)).......((((.............(((....)))..............)))).,9,-3.443,17,0,0.000031
2726,...(((....(((......)))........)))..............(((....)))...(.(......).)....,11,-3.442,23,0,0.000031
2727,.......((.((........)).))..((((.......)))).....(((....)))........(........).,12,-3.442,22,0,0.000031
2728,.......((((....(((.((((....((((.......))))....)).)).))).))))....(...).......,16,-3.441,48,0,0.000031
2729,.....(.((.((........)).)).)...((((...(((.......(((....)))...........))))))).,15,-3.44,4,0,0.000030
2730,..........(((......)))....(.....).....(....)...(((....))).....(.(...).).....,10,-3.44,22,0,0.000030
2731,..(.....)..((((....)))).......((((...(((......((((....)))..)........))))))).,16,-3.439,16,0,0.000030
2732,......(((.(((......))).)).)...((((...(((......((((....)))..)........))))))).,17,-3.439,4,0,0.000030
2733,.......((.(((......))).)).........((....))...(((((....)))........)).........,12,-3.439,22,0,0.000030
2734,...(((....(((......)))........))).....(....)...(((....)))..((.(.(...).)..)).,14,-3.439,26,0,0.000030
2735,.......((((....(((.((((.(..((((.......))))..).)).)).))).))))................,16,-3.439,48,0,0.000030
2736,.......((.(((......))).)).....((((..(..........(((....)))............).)))).,13,-3.439,7,0,0.000030
2737,...(((.((.(((......))).)).....))).....(....)...(((....))).....(......)......,13,-3.439,19,0,0.000030
2738,.......((.(((......))).))....((.......)).......(((....)))...(.....)..(....).,12,-3.438,17,0,0.000030
2739,...(((.((.(((......))).)).....))).....(....)..((((....)))..)................,13,-3.438,20,0,0.000030
2740,........(.(((......))).)...((((.......)))).....(((....)))...(.(......).)....,13,-3.438,23,0,0.000030
2741,.......((.(((......))).)).....(((..((.((......))..))..)))..........(.....)..,13,-3.438,26,0,0.000030
2742,.......((..((......))..))....((.......))...(((((((....)))........)))).......,13,-3.438,24,0,0.000030
2743,.......((.(((......))).))..((((......).))).....(((....)))...................,12,-3.438,19,0,0.000030
2744,.......((.(((......))).)).........((.....))..(((.((.................)).)))..,12,-3.437,27,0,0.000030
2745,..((...))..((((....))))....((((.......)))).....(((....)))..((............)).,15,-3.437,36,0,0.000030
2746,...(((.((.(((......))).)).....))).....(....)...(((....)))..((...(...)....)).,15,-3.437,21,0,0.000030
2747,...........(((......)))........(((...(((.......(((....)))...........))))))..,12,-3.437,14,0,0.000030
2748,.......((.(((......))).))...(((.......)))....(((((....)))...............))..,13,-3.437,19,0,0.000030
2749,.......((.(((......))).)).....((((...((.........((....))........)).....)))).,13,-3.437,10,0,0.000030
2750,.......((.(((.(...)))).)).....(((...((.....(((((((....)))........)))))).))).,18,-3.437,18,0,0.000030
2751,.......((.(((......))).))..((((.......))))....((((....)))...............)...,13,-3.436,20,0,0.000030
2752,.......((.(((......))).))..........(.....).....(((....)))...................,9,-3.436,16,0,0.000030
2753,.......((.(((......))).))....(.........).......(((....)))..........((...))..,11,-3.436,16,0,0.000030
2754,.......((.(((......))).))..((((.......))))......((....)).((..(......)..))...,14,-3.435,24,0,0.000030
2755,.......((.(((......))).))..(((.........))).....(((....))).....(.(...))......,13,-3.435,21,0,0.000030
2756,...........((((....))))........((.((....)).))..(((....))).....((.......))...,13,-3.434,35,0,0.000030
2757,.....(..(.(((......))).)).....((((...(((.......(((....)))...........))))))).,15,-3.434,3,0,0.000030
2758,...........((((....))))....((((.......))))...(((((....)))........)).........,13,-3.434,36,0,0.000030
2759,...........(.(((....))).)..((((.......)))).(((((((....)))........)))).......,15,-3.434,40,0,0.000030
2760,...........(((......)))...(.....).....(....)...(((....)))...................,8,-3.434,28,0,0.000030
2761,.......((.(((......))).))...(((.......))).....((((....))).......)...........,12,-3.434,19,0,0.000030
2762,.......((.(((......))).))......((..........))..(((....)))...........(...)...,11,-3.434,16,0,0.000030
2763,.........(.((..((........))..)).)....(((.......(((....)))...........))).....,11,-3.434,24,0,0.000030
2764,.......((.(((......))).))..((((.......)))).....(((....))).(.......).........,13,-3.433,21,0,0.000030
2765,.......((.(((......))).)).....((((...(((....(.((((....)))........).)))))))).,17,-3.433,4,0,0.000030
2766,.......((.(((......))).))...(((...............))).......((......))..........,10,-3.433,26,0,0.000030
2767,.......((((....((..((((..(.((((.......))))..).)).))..)).))))..(.(...).).....,17,-3.433,49,0,0.000030
2768,..((...))..((((....)))).......((((...(((..(....(((....))).........).))))))).,17,-3.433,17,0,0.000030
2769,...........(((((((.(((((....))).......)).)))))))............(.(......).)....,14,-3.433,46,0,0.000030
2770,.......((.(((......))).)).........((....)).....(((....)))...(.....).........,11,-3.432,20,0,0.000030
2771,.......((.(((......))).))..((((.......)))).......((.(.............).))......,12,-3.432,28,0,0.000030
2772,.......((.(((......))).))...((.........))......(((....)))..((............)).,12,-3.432,19,0,0.000030
2773,.......((.(((......))).)).....((...)).(....)...(((....)))..((.(.(...).)..)).,15,-3.432,21,0,0.000030
2774,..(.....)..(((......))).....(((.......)))......(((....)))...................,10,-3.432,30,0,0.000030
2775,.......((.(((......))).)).(.....)....(((..(....(((....))).........).))).....,13,-3.432,11,0,0.000030
2776,...........((((....))))...........((....)).....(((....))).....(.(...).).....,11,-3.431,33,0,0.000030
2777,.......((.(((......))).)).....(((.(((.((......))..))).)))....((.........).).,15,-3.431,29,0,0.000030
2778,.......((.(((.....).)).))..((((.......)))).....(((....)))...(.(......).)....,14,-3.431,24,0,0.000030
2779,..(....((.(((......))).))..)..((((...(((.......(((....)))...........))))))).,16,-3.431,2,0,0.000030
2780,..........(((......)))..((.((((..................))))..))...................,9,-3.431,31,0,0.000030
2781,.......((.(((......))).))....((.......))......((((...............)).))......,11,-3.43,24,0,0.000030
2782,...(((.((.(((......))).)).....))).....(....)...(((....))).....(.........)...,13,-3.43,19,0,0.000030
2783,...(((.((.(((......))).)).....)))...((.........(((....))).......))..........,13,-3.43,20,0,0.000030
2784,.......((.(((......))).))...(((.......)))...............((...........)).....,10,-3.43,24,0,0.000030
2785,...(((.((.(((......))).)).....)))..............(((....)))...........(...)...,12,-3.43,17,0,0.000030
2786,...........((........(((....))).......)).......(((....)))...................,8,-3.43,27,0,0.000030
2787,.....................(((....))).....((.....(((((((....)))........)))))).....,12,-3.43,35,0,0.000030
2788,.......((..(((......)))..))...((((...(((.(.....(((....))).........).))))))).,16,-3.429,16,0,0.000030
2789,.......(((((((((((...((.((.........)).)).)))))))........))))..(.(...).).....,17,-3.429,51,0,0.000030
2790,...(((.((.(((......)))...))...))).....(....)...(((....))).....((.......))...,14,-3.429,26,0,0.000030
2791,..((...))..(((((((.(((((....))).......)).)))))))........((......))..........,16,-3.429,49,0,0.000030
2792,.........(.....).....(....)...((((...(((.......(((....)))...........))))))).,12,-3.429,13,0,0.000030
2793,.......((.(((......))).)).....((((...(((......(.................)...))))))).,13,-3.429,8,0,0.000030
2794,...........((((....)))).......(((.(((.((......))..))).)))..........(.....)..,13,-3.429,41,0,0.000030
2795,.......((.(((......))).)).......((...(((....(..(((....)))..)........)))))...,14,-3.429,6,0,0.000030
2796,.......((.(((......))).))......((.(((.((......))..))).))...........((...))..,14,-3.428,28,0,0.000030
2797,.......((..((......))..))..((((.......)))).....(((....))).......(...).......,12,-3.428,22,0,0.000030
2798,.....................(((....)))......((........(((....))).......))..........,8,-3.428,29,0,0.000030
2799,...........((((....))))....((((.......)))).....(((....)))...(.....).........,12,-3.428,34,0,0.000030
2800,........(.(((......))).)......((((..((.....(((((((....)))........)))))))))).,17,-3.427,16,0,0.000030
2801,.......((.(((......))).)).....(......).........(((....))).....(.(...).).....,11,-3.427,16,0,0.000030
2802,...........((........)).....(((.......)))......(((....)))...................,8,-3.427,28,0,0.000030
2803,.......((.(((......))).))....((.......))........................(...).......,8,-3.427,22,0,0.000030
2804,.....(.((.(((......))).)).)................(((((((....)))........)))).......,13,-3.427,23,0,0.000030
2805,.....(.((.(((......))).)).)..((.......)).......(((....))).......(...).......,12,-3.427,18,0,0.000030
2806,.......((..((((....))))..))................(((((((....)))........)))).......,13,-3.427,36,0,0.000030
2807,.......((..((((....))))..))..((.......)).......(((....))).......(...).......,12,-3.426,31,0,0.000030
2808,..........(....).....(((....))).......(....)...(((....))).....(.(...).).....,10,-3.426,31,0,0.000030
2809,.......((.(((......))).)).....((((...(((.(..(..(((....))).).......).))))))).,17,-3.426,4,0,0.000030
2810,.......((.(((......))).))......(............)..(((....))).....(.(...).).....,11,-3.426,17,0,0.000030
2811,.......((.(((......))).))..((((.......))))...........................(....).,10,-3.426,25,0,0.000030
2812,...........(((......))).......((((...(((..(.(.((((....)))....)..).).))))))).,16,-3.426,18,0,0.000030
2813,.......((.(((......))).))......((..............(((....))).............))....,10,-3.425,14,0,0.000030
2814,.......((.(((......))).))....((.......))........((....))...(.((.(...).))..).,13,-3.425,21,0,0.000030
2815,.......((..((......))..))..((((.......)))).....(((....)))...(.(.(...)).)....,14,-3.425,24,0,0.000030
2816,.......((.(((......))).))(.((((.......))))..)..(((....)))..........(.....)..,14,-3.424,22,0,0.000030
2817,.......((.(((......))).)).......((....((.......(((....)))...........)).))...,12,-3.424,6,0,0.000030
2818,.......((.(((.(...)))).)).....((((...(((............................))))))).,13,-3.424,8,0,0.000030
2819,...(((.((..((((....))))..))...))).....(....)...(((....)))..........(.....)..,14,-3.424,34,0,0.000030
2820,..........(((......)))........(((.(((.((......))..))).)))..........((...))..,13,-3.424,32,0,0.000030
2821,...........((((....)))).......((((...(((....(((..................)))))))))).,14,-3.424,25,0,0.000030
2822,.......((.(((......))).)).......(.((....)).)...(((....))).....(((...)..))...,14,-3.423,22,0,0.000030
2823,.......((.(((......))).))....((.......))....(..(((....))).).................,11,-3.423,17,0,0.000030
2824,.......((.(((......))).))....((.......))....................(.(.(...)).)....,10,-3.423,24,0,0.000030
2825,...(((.((..(((......)))..))...)))..............(((....)))..((............)).,13,-3.423,33,0,0.000030
2826,.....(.((.(((......))).)).)..((.......)).......(((....)))...(.(.(...)).)....,14,-3.423,20,0,0.000030
2827,...........((((....))))..(.((((.......))))..)..(((....)))..........(.....)..,13,-3.423,35,0,0.000030
2828,.......((..((((....))))..))..((.......)).......(((....)))...(.(.(...)).)....,14,-3.423,33,0,0.000030
2829,.......((.(((......))).))...(((.......))).....((((....)))..).........(....).,13,-3.423,19,0,0.000030
2830,.......((.(((.(...)))).))...(((.......)))......(((....))).......(...).......,13,-3.423,20,0,0.000030
2831,.......((.(((......))).)).............((......)).(....).........(...).......,9,-3.422,20,0,0.000030
2832,.......((.(((......))).)).((((.((.(((.((......))..))).))...)))).............,16,-3.422,35,0,0.000030
2833,.......((.(((......))).)).(((.(((.(((.((......))..))).)))...))).............,16,-3.422,33,0,0.000030
2834,.......((((((((((..(((((....))).......))..))))))........)))).........(....).,16,-3.422,46,0,0.000030
2835,..((...........))....(((....)))................(((....))).....(.(...).).....,10,-3.422,33,0,0.000030
2836,........((.((................)).))...(((.......(((....)))...........))).....,10,-3.422,20,0,0.000030
2837,...........((......))(((....)))................(((....))).....(.(...).).....,10,-3.422,25,0,0.000030
2838,..(.....)..((((....)))).......((((...(((........((....))............))))))).,14,-3.422,16,0,0.000030
2839,.......((.(((......))).))..(((.........))).....(((....)))..((.((.......)))).,15,-3.422,23,0,0.000030
2840,...........((((....))))......((.......)).......(((....)))........(........).,10,-3.422,29,0,0.000030
2841,.......((.(((......))).))..................(...(((....))))....(.(...).).....,11,-3.422,18,0,0.000030
2842,...........((((....)))).......((((...(((.........(....).((......))..))))))).,14,-3.422,20,0,0.000030
2843,......(((.(((......))).)).)...((((...(((........((....))............))))))).,15,-3.422,4,0,0.000030
2844,.......((.(((......))).))....((.......))......(.((....))...)..(.(...).).....,12,-3.421,21,0,0.000030
2845,.......((.(((......))).))..((((.......))))....((((....)))..)..(((...)..))...,16,-3.421,24,0,0.000030
2846,.......((.(((......))).)).....(((....(((.....((.......))((......))..))).))).,15,-3.421,13,0,0.000030
2847,.......((.(((......))).))....((.......))........((....)).((............))...,11,-3.421,19,0,0.000030
2848,.......((.(((......)))...))...((((..((.....(((((((....)))........)))))))))).,18,-3.42,20,0,0.000029
2849,..........(((......))).......((.......)).......(((....)))..(.((.(...).))..).,12,-3.42,23,0,0.000029
2850,.......((.(((.....).)).)).....((((..((.....(((((((....)))........)))))))))).,18,-3.42,17,0,0.000029
2851,.......((.(((......))).))............(.....)...(((....)))..........(.....)..,10,-3.42,16,0,0.000029
2852,.......((.(((......))).)).........((....)).....(((....))).....(.......).....,11,-3.42,19,0,0.000029
2853,...(((.((.(((......)))...))...)))..............(((....)))............(....).,12,-3.419,23,0,0.000029
2854,.......((.(.(.....)..).)).....((((...(((.......(((....)))...........))))))).,14,-3.419,5,0,0.000029
2855,.......((.(((......))).)).........(((.((......))..)))...((......))...(....).,13,-3.419,30,0,0.000029
2856,.......((.(((.(...)))).))...(((.......)))......(((....)))...(.(.(...)).)....,15,-3.419,22,0,0.000029
2857,.......((.(((......))).)).............((......))...................(.....)..,8,-3.419,22,0,0.000029
2858,.......((.(((......))).)).............((......)).(....).....(.(.(...)).)....,11,-3.419,22,0,0.000029
2859,.......((.(((......))).)).....(((((...((...((..(((....)))....)).....))))))).,17,-3.419,7,0,0.000029
2860,.......((.(((......))).))...(((.......)))......((((.....((...........)))))).,14,-3.419,25,0,0.000029
2861,..((...))..((((....)))).......((((...(((....(..(((....))).).........))))))).,17,-3.418,17,0,0.000029
2862,..........(((......)))...(.((((.......))))..)..(((....)))..........((...))..,13,-3.418,26,0,0.000029
2863,.......((.(((......))).))........................((.....((......))..))......,9,-3.418,24,0,0.000029
2864,.......((.(((......))).))...............(...)..(((....)))...................,9,-3.418,16,0,0.000029
2865,.......((.(((......))).))..(.((.......)).).....(((....)))...................,11,-3.417,17,0,0.000029
2866,.......((.(((......))).)).(.....)....(((....(..(((....))).).........))).....,13,-3.417,11,0,0.000029
2867,.......((.(((.(...)))).)).....(((....(((....((((((....)))........)))))).))).,18,-3.417,10,0,0.000029
2868,.......((.(((......))).))......((..(....)..))..(((....)))..((............)).,13,-3.417,20,0,0.000029
2869,.......((.(((......))).)).((...)).....(....)...(((....)))..........(.....)..,12,-3.417,18,0,0.000029
2870,.......((.((........)).))..((((.......))))...(((.((.................)).)))..,13,-3.417,30,0,0.000029
2871,.......((.(((......))).))........................(....)....((.(.(...).)..)).,10,-3.416,22,0,0.000029
2872,...(((.((.(((......)))...))...)))....(((.(.....(((....))).........).))).....,15,-3.416,19,0,0.000029
2873,.......((.(((......))).)).....(((.(((.((......))..))).)))........(.(.....)).,15,-3.415,29,0,0.000029
2874,...........((((....))))....((((.......)))).....(((....))).....(.......).....,12,-3.415,33,0,0.000029
2875,.......((.(((......))).)).(.....)..............(((....)))........(........).,10,-3.415,16,0,0.000029
2876,..((...))..(((......))).......(((.(((.((......))..))).)))...................,13,-3.414,41,0,0.000029
2877,..(.....)..(((((((.(((((....))).......)).)))))))............................,13,-3.414,45,0,0.000029
2878,.......(((((((((((..((((....))).......)..)))))))........))))....(...).......,16,-3.413,49,0,0.000029
2879,..(.....).(((......)))...............(((.......(((....)))...........))).....,10,-3.413,13,0,0.000029
2880,.......((.(((......))).)).............((.........)).....((......))...(....).,10,-3.412,24,0,0.000029
2881,..........(((......)))....((...)).....(....)...(((....))).....(.(...).).....,11,-3.412,23,0,0.000029
2882,.......((.(((......))).)).......................((....))......((.......))...,9,-3.412,18,0,0.000029
2883,.......((.(((......))).))....((((..........)).))............................,9,-3.412,24,0,0.000029
2884,.......((.((........)).)).....((((...(((.....(((((....)))........)).))))))).,16,-3.412,6,0,0.000029
2885,..(.....)..((((....)))).......((((...(((......((((....)))....)......))))))).,16,-3.412,16,0,0.000029
2886,......(((.(((......))).)).)...((((...(((......((((....)))....)......))))))).,17,-3.412,4,0,0.000029
2887,...(((.((..((((....))))..))...)))....(((..(....(((....))).........).))).....,16,-3.411,28,0,0.000029
2888,.......((.(((......))).))..((((.......)))).....(((...........((.(...).))))).,15,-3.411,28,0,0.000029
2889,.......((.(((......))).))..((((.......)))).....(((....)).)....(.(...).).....,14,-3.411,24,0,0.000029
2890,.......((.(((......))).))..((((.......))))...((..((.....((......))..))..))..,15,-3.41,31,0,0.000029
2891,.......((.(((......))).))..(((.........)))......((....))....................,10,-3.409,21,0,0.000029
2892,.......((.(((......))).)).........(((.((......))..))).((.....)).............,12,-3.409,29,0,0.000029
2893,...((.....)).........(((....)))................(((....))).....(.(...).).....,10,-3.409,31,0,0.000029
2894,.......((.(((......))).))...........(......)...(((....))).......(...).......,10,-3.409,17,0,0.000029
2895,.......((.((........)).)).....((((...((........(((....))).......)).....)))).,13,-3.409,10,0,0.000029
2896,.......((.(((......))).))..((((.......))))...(((.((.....(....)......)).)))..,15,-3.409,29,0,0.000029
2897,..((...))..(((......)))..(.((((.......))))..)..(((....)))...................,13,-3.408,35,0,0.000029
2898,...........((((....)))).......((((...((((......(((....))).........).))))))).,15,-3.408,15,0,0.000029
2899,...........((((....)))).......((((...(((....(..(((....)))....)......))))))).,15,-3.408,15,0,0.000029
2900,.......((.(((......))).))....((...............))................(...).......,8,-3.408,23,0,0.000029
2901,..........(((......)))........(((((.((.........(((....))).......))....))))).,13,-3.408,14,0,0.000029
2902,..........(((......))).........................(((....))).....((.......))...,8,-3.408,20,0,0.000029
2903,...........((((....))))........((.((....)).))..(((....)))..((............)).,13,-3.408,35,0,0.000029
2904,...........(((......)))...((...)).....(....)...(((....)))...................,9,-3.407,29,0,0.000029
2905,.......((.(((......))).))..((((.......))))......((....))..............(...).,12,-3.407,21,0,0.000029
2906,.......(((((((((((.(((((....))).......)).))))))).(....).))))..(.(...).).....,19,-3.406,48,0,0.000029
2907,.......((.(((.(...)))).)).....((((((.......(((((((....)))........)))))))))).,19,-3.406,17,0,0.000029
2908,.......((.(((......))).)).....((((..........(..(((....)))...)..........)))).,13,-3.406,8,0,0.000029
2909,.......((.(((.(...)))).)).....(((.(((.((......))..))).)))...(.(......).)....,16,-3.405,31,0,0.000029
2910,.......(..(((......)))..).............(....)...(((....)))...................,8,-3.405,17,0,0.000029
2911,.......((.(((......))).))...........(......)...(((....)))...(.(.(...)).)....,12,-3.405,19,0,0.000029
2912,..(.((....(((......)))..)).).........(((.......(((....)))...........))).....,12,-3.405,17,0,0.000029
2913,..........(((......))).....(((.........))).....(((....)))...................,9,-3.405,23,0,0.000029
2914,.......(..(((......)))..)...(((.......)))......(((....))).....(.(...).).....,12,-3.405,21,0,0.000029
2915,.......((.(((......))).)).(.....).....((.........)).....((......))..........,10,-3.404,25,0,0.000029
2916,.......((.(((......))).))....((...............))............(.(.(...)).)....,10,-3.404,25,0,0.000029
2917,.......((.(((......))).)).((...))....(((..(....(((....))).........).))).....,14,-3.404,12,0,0.000029
2918,.......((.(((......))).)).....(((....(((..(.(...................).).))).))).,13,-3.404,12,0,0.000029
2919,..((...)).(((......))).......((.......)).......(((....)))...................,10,-3.404,21,0,0.000029
2920,.......((.(((......))).))..((((.......)))).....(((....)))...(............)..,13,-3.404,20,0,0.000029
2921,.......((.(((......))).)).......((...((....(((((((....)))........))))))))...,16,-3.403,13,0,0.000029
2922,.......((.(((......))).))..((((.......)))).......(....)..........(........).,11,-3.403,24,0,0.000029
2923,..(.....)..(((......)))....((((.......)))).....(((....)))..((.(.(...).)..)).,15,-3.402,36,0,0.000029
2924,........(.(((......))).).......................(((....)))...................,7,-3.402,16,0,0.000029
2925,...(((.((.(((......)))...))...))).....(....)...(((....)))..((............)).,14,-3.402,26,0,0.000029
2926,.......((.(((......))).))...(((((.((....)).)).))).......((......))..........,14,-3.402,32,0,0.000029
2927,...........((((....))))...........((.....))....(((....)))...................,9,-3.402,31,0,0.000029
2928,..........(((......))).....((((.......)))).....(((....))).............(...).,11,-3.402,23,0,0.000029
2929,.....................(((....)))...((.....))....(((....))).....(.(...).).....,10,-3.401,33,0,0.000029
2930,..(((.........)))....(((....))).......(....)...(((....)))...................,10,-3.401,34,0,0.000029
2931,.......((.(((......))).))...........(.((.......(((....)))...........))..)...,11,-3.4,11,0,0.000028
2932,.......((.(((......))).))....((.......))......((.(....).((......))..))......,12,-3.4,23,0,0.000028
2933,.....(.((.(((......))).)).)...(((((...((.......(((....)))...........))))))).,16,-3.399,5,0,0.000028
2934,...........(.(((....))).)............(((.......(((....)))...........))).....,10,-3.399,22,0,0.000028
2935,.......((..((((....))))..))...(((((...((.......(((....)))...........))))))).,16,-3.399,18,0,0.000028
2936,...........((((....)))).......((((..((.........(((....)))............)))))).,13,-3.399,20,0,0.000028
2937,.......((.(((......))).))..(((.........))).....(((....))).......(.........).,12,-3.399,20,0,0.000028
2938,...........((........))....((((.......)))).....(((....)))..((.(.(...).)..)).,13,-3.398,34,0,0.000028
2939,.........(.....).....(((....)))...((....)).....(((....)))...................,9,-3.398,33,0,0.000028
2940,.......((.(((......))).)).....((((...(((....(..(((....))).......)...))))))).,16,-3.398,2,0,0.000028
2941,.......((.(((......))).))...(((.......)))......(((....)))..((((.(...).)).)).,16,-3.397,22,0,0.000028
2942,...(((.((..((((....))))..))...)))....(((....(..(((....))).).........))).....,16,-3.397,28,0,0.000028
2943,.......((..((......))..))....((.......)).......(((....))).....(.(...).).....,11,-3.397,19,0,0.000028
2944,......((((.....(((.((((..(.((((.......))))..).)).)).))).......))))..........,16,-3.397,51,0,0.000028
2945,.....................(((....)))...((....)).....(((....))).......(...).......,9,-3.396,32,0,0.000028
2946,...........((((....))))......((.......)).....(((.((.................)).)))..,11,-3.396,37,0,0.000028
2947,.......((..((......))..)).....(((((............(((....))).............))))).,12,-3.396,9,0,0.000028
2948,.........(.....).....(((....)))................(((....))).......(...).......,8,-3.395,30,0,0.000028
2949,.......((.(((......)))...))....................(((....)))...................,8,-3.395,20,0,0.000028
2950,.......((.(((.....).)).))......................(((....)))...................,8,-3.395,17,0,0.000028
2951,.......((.(((......))).)).....(((.(((.((......))..))).))).......(((.....))).,16,-3.395,30,0,0.000028
2952,.......((.(((......))).))....((.......))...(.(((.((.................)).)))).,13,-3.394,25,0,0.000028
2953,...(((.((..((((....))))..))...)))..............(((....)))........(........).,13,-3.394,33,0,0.000028
2954,.........(.((.(((........))).)).)..........(((((((....)))........)))).......,13,-3.394,39,0,0.000028
2955,.......((.(((......))).))....((.......)).......(((....)))..((.(.(...)...))).,14,-3.394,19,0,0.000028
2956,......(((.((........)).)).)...((((...(((.......(((....)))...........))))))).,15,-3.394,4,0,0.000028
2957,...(((.((.(((......))).)).....)))....(((........((....))((......))..))).....,15,-3.393,16,0,0.000028
2958,.......((.(((......))).)).............(....)..((((....))............))......,10,-3.393,18,0,0.000028
2959,.......((.(((......))).)).....((((...(((.(....(.((....))...)......).))))))).,16,-3.393,6,0,0.000028
2960,.......((.(((......))).)).....(((....(((...(..((((....)))..)..).....))).))).,16,-3.393,6,0,0.000028
2961,......((..((.((((....(((....))).(.((....)).)...(((....)))...)))).))..)).....,17,-3.393,43,0,0.000028
2962,.....................(((....)))...((....)).....(((....)))...(.(.(...)).)....,11,-3.393,34,0,0.000028
2963,.......(..(((......)))..)..((((.......)))).....(((....))).....((.......))...,13,-3.392,23,0,0.000028
2964,.......((.(((......))).)).....(((....((........(((....))).......))......))).,13,-3.392,10,0,0.000028
2965,.......((.(((......))).))....((.......))...(...(((....))))..(.(......).)....,13,-3.392,19,0,0.000028
2966,.......((.(((......))).))..(((.........))).....(((....)))..(..............).,12,-3.392,20,0,0.000028
2967,.......((.((........)).))....((.......)).......(((....)))............(....).,10,-3.392,17,0,0.000028
2968,.......((.(((......))).)).....((((...(((...((...((....)).....)).....))))))).,16,-3.391,6,0,0.000028
2969,.........(.....).....(((....)))................(((....)))...(.(.(...)).)....,10,-3.391,32,0,0.000028
2970,.......((.(((......))).)).....((...))..........(((....)))..........((...))..,12,-3.391,17,0,0.000028
2971,.......((.(((......))).))......................((((...((...........))..)))).,11,-3.391,22,0,0.000028
2972,.......((.(((......))).))...(((.......))).......((....))((...........)).....,12,-3.391,20,0,0.000028
2973,.........(.....).....(((....)))......(((....((((((....)))........)))))).....,13,-3.39,29,0,0.000028
2974,.......((.(((......))).))............(((.(.((..(((....)))....))...).))).....,14,-3.39,14,0,0.000028
2975,.......((.(((......))).)).((...))....(((....(..(((....))).).........))).....,14,-3.39,12,0,0.000028
2976,.......((.(((......))).)).(.....)............(((.((.................)).)))..,11,-3.389,24,0,0.000028
2977,...........(((......))).......((((...(((...((..(((....)))....)).....))))))).,15,-3.389,16,0,0.000028
2978,...........((((((..(((((....))).......))..)))))).(....).....................,12,-3.389,40,0,0.000028
2979,.......(((((((((((.((.((...........)).)).)))))))........))))..(.(...).).....,17,-3.388,50,0,0.000028
2980,...............(((....))).....((((...(((.......(((....)))...........))))))).,13,-3.388,14,0,0.000028
2981,.......((.(((......))).)).....(((.....((......))......))).....(.(...).).....,12,-3.388,23,0,0.000028
2982,.......((.(((......))).)).........(.....)......(((....)))..((.(.(...).)..)).,13,-3.388,20,0,0.000028
2983,.......((.(((......))).)).....(.....)..........(((....)))..(.((.(...).))..).,13,-3.387,19,0,0.000028
2984,.......((.(((......))).)).((...))..............(((....)))........(........).,11,-3.387,17,0,0.000028
2985,.......((.(((......))).)).(.....)...((((.......(((....)))...........))).)...,13,-3.387,10,0,0.000028
2986,.......((.(((......))).)).....((..(((.((......))..)))..)).....((.......))...,14,-3.386,29,0,0.000028
2987,.......((.((........)).)).........((....)).....(((....)))...................,9,-3.386,20,0,0.000028
2988,.......((..(((......)))..))..((.......))...(((((((....)))........)))).......,14,-3.386,36,0,0.000028
2989,.......((.(((......))).)).....(((.((..((.........)).)))))...................,12,-3.386,25,0,0.000028
2990,.......((.(((......))).)).....................................(.(...).).....,7,-3.386,22,0,0.000028
2991,.....(.((.(((......))).)).)....................(((....))).....(.(...).).....,11,-3.385,18,0,0.000028
2992,.......((..((((....))))..))....................(((....))).....(.(...).).....,11,-3.385,31,0,0.000028
2993,.......((.(((......))).)).......................((....))...((............)).,9,-3.385,18,0,0.000028
2994,...........(((......)))........................(((....)))..((.(.(...).)..)).,10,-3.385,30,0,0.000028
2995,.......((.(((......))).)).............(....)...(((....)))..((.(......)...)).,12,-3.385,18,0,0.000028
2996,.......((((.....(((..((..(.((((.......))))..).))..)))...))))................,14,-3.385,49,0,0.000028
2997,..........(((.....).))........((((...(((.......(((....)))...........))))))).,13,-3.384,7,0,0.000028
2998,.......(((((((((((.((...((.........)).)).)))))))........))))................,15,-3.384,48,0,0.000028
2999,...(((.((.(((......))).)).....)))............(((((....)))........)).........,13,-3.384,21,0,0.000028
3000,...(((.((..((((....))))..))...))).....((.........)).....((......))..........,13,-3.384,42,0,0.000028
3001,.......((.(((......))).)).....(((.((...............)).))).....(.(...).).....,12,-3.384,26,0,0.000028
3002,.......((.(((......))).)).....((((.(((.........(((....))).......))...).)))).,15,-3.383,10,0,0.000028
3003,.......((.(((......))).)).(((((.......))))....)(((....)))...................,13,-3.383,21,0,0.000028
3004,.......((.((........)).))......................(((....))).......(...).......,8,-3.383,17,0,0.000028
3005,..(.....)..(((......))).......((((...(((.(.....(((....))).........).))))))).,15,-3.383,15,0,0.000028
3006,...........(.((((..........((((..................)))).......)))).)..........,9,-3.383,45,0,0.000028
3007,.......((.(((......))).)).....(((((..((.........((....))........))....))))).,14,-3.383,11,0,0.000028
3008,.......((.(((......))).)).....(((....(((...(...(((....))))..........))).))).,15,-3.382,4,0,0.000028
3009,.......((.(((.(...)))).))..((((.......)))).....(((....)))..(.((.(...).))..).,17,-3.382,25,0,0.000028
3010,..((...))..((((....))))......((.......)).......(((....)))..((.(.(...).)..)).,15,-3.382,34,0,0.000028
3011,.......((.(((......))).))......((..........))..(((....)))...(.....).........,11,-3.381,18,0,0.000028
3012,.......((.(((......))).))......................(((....))).......(...).(...).,10,-3.381,15,0,0.000028
3013,.......((.(((......))).)).....((((((.((.....(..(((....)))..)....))...)))))).,17,-3.381,12,0,0.000028
3014,..........(((......))).........................(((....)))..((............)).,8,-3.381,20,0,0.000028
3015,...........((((....))))........((..........))..(((....))).....(.(...).).....,11,-3.38,31,0,0.000028
3016,..(.....)..((((....))))....................(((((((....)))........)))).......,12,-3.38,35,0,0.000028
3017,..(.....)..((((....))))......((.......)).......(((....))).......(...).......,11,-3.38,30,0,0.000028
3018,...........((((....)))).......((((...(.....(((((((....)))........))))).)))).,16,-3.38,26,0,0.000028
3019,......(((.(((......))).)).)................(((((((....)))........)))).......,13,-3.38,23,0,0.000028
3020,......(((.(((......))).)).)..((.......)).......(((....))).......(...).......,12,-3.38,18,0,0.000028
3021,.......((.(((......))).))......(..((....))..)..(((....)))..((.(.(...).)..)).,15,-3.38,23,0,0.000028
3022,.......((.((........)).))......................(((....)))...(.(.(...)).)....,10,-3.379,19,0,0.000028
3023,.......((.(((......))).))............(((...((.((((....)))..).)).....))).....,14,-3.379,14,0,0.000028
3024,..(.....)..((((....))))....((((.......)))).....(((....)))............(....).,13,-3.379,33,0,0.000028
3025,.......((((((((((..(((((....))).......))..))))))((....))))))................,17,-3.379,42,0,0.000028
3026,.......((.(((.(...)))).))....((.......)).......(((....))).....((.......))...,13,-3.379,19,0,0.000027
3027,...........((((....))))...(.....)..............(((....)))..((.(.(...).)..)).,12,-3.379,32,0,0.000027
3028,.......((.((........)).)).....(((.(((.((......))..))).))).....((.......))...,14,-3.379,31,0,0.000027
3029,...........((........)).......((((...(((.(.....(((....))).........).))))))).,13,-3.379,13,0,0.000027
3030,.......((.(((......))).)).....((((...(((.(..(..(((....))).......).).))))))).,17,-3.379,4,0,0.000027
3031,.......((.((........)).))............(((....((((((....)))........)))))).....,13,-3.378,16,0,0.000027
3032,.......((.(((......))).)).........(.......)....(((....)))...................,9,-3.378,16,0,0.000027
3033,...(((.((.(((......))).)).....)))..............(((....)))...(.....).........,12,-3.377,19,0,0.000027
3034,.......((.(((......))).)).....((((...(((..(...((((....)))........)).))))))).,17,-3.377,4,0,0.000027
3035,.......((.(((......))).)).....((((...(((..((...(((....))))........).))))))).,17,-3.377,4,0,0.000027
3036,.......((.(((......))).))...(((.......)))......(((....)))....((.........).).,13,-3.377,19,0,0.000027
3037,.......((.(((......))).)).((...)).....((.........)).....((......))..........,11,-3.377,26,0,0.000027
3038,.......((.(((......))).)).(.....).....(....)...(((....)))..(.((.(...).))..).,14,-3.377,20,0,0.000027
3039,.......((.(((......))).))....((((.((....)).)).))................(...).......,12,-3.377,29,0,0.000027
3040,.......((.(((......))).)).....(((....(((.......(((....)).)..........))).))).,14,-3.377,5,0,0.000027
3041,..(.....)............(((....)))................(((....)))..((.(.(...).)..)).,11,-3.377,32,0,0.000027
3042,..(.....)..((((....))))......((.......)).......(((....)))...(.(.(...)).)....,13,-3.377,32,0,0.000027
3043,.......((.(((......))).))..((((.......)))).....(((....))).......(..(.....)).,14,-3.377,21,0,0.000027
3044,..((...)).(((......))).....((((.......)))).(((((((....)))........)))).......,16,-3.376,32,0,0.000027
3045,......(((.(((......))).)).)..((.......)).......(((....)))...(.(.(...)).)....,14,-3.376,20,0,0.000027
3046,..((...))..(((......))).......((((.............(((....)))..............)))).,12,-3.376,20,0,0.000027
3047,.......(((((((((((...(((....)))..........)))))))........))))....(...).......,15,-3.376,49,0,0.000027
3048,.......((.(((......))).)).....((((.....(.......(((....))).....)........)))).,13,-3.375,7,0,0.000027
3049,.....................(((....))).......(....)...(((....)))..........(.....)..,8,-3.375,29,0,0.000027
3050,...((((((.(((......))).)).)...))).....(....)...(((....))).....(.(...).).....,15,-3.375,22,0,0.000027
3051,.......((((...((((..(((..(.((((.......))))..).)).)..))))))))................,16,-3.375,49,0,0.000027
3052,...........((((....)))).....(((.......)))......(((....)))..........(.....)..,11,-3.375,31,0,0.000027
3053,.......((.(((......))).))...(((.......))).......((....))...........((...))..,12,-3.375,20,0,0.000027
3054,.....(.((.(((......))).)).)((((.......)))).....(((....))).....((.......))...,15,-3.374,23,0,0.000027
3055,.......((..((((....))))..))((((.......)))).....(((....))).....((.......))...,15,-3.374,36,0,0.000027
3056,.......((..(((......)))..)).(((.......)))......(((....)))...................,11,-3.374,31,0,0.000027
3057,.......((.(((......))).))..((((.......))))......((....))............(...)...,12,-3.374,21,0,0.000027
3058,.......((.(((......))).))....((((.((....)).)).))............(.(.(...)).)....,14,-3.373,31,0,0.000027
3059,....................((((....))).)....(((.......(((....)))...........))).....,10,-3.373,21,0,0.000027
3060,.......((.(((......))).)).....(((.(((.((......))..))).)))....((((...)..)).).,17,-3.373,31,0,0.000027
3061,.......((.(((......))).)).....(((((.((......(..(((....)))..)....))....))))).,16,-3.373,12,0,0.000027
3062,.......((.(((......))).))...(((.......)))....((..((.................))..))..,12,-3.373,26,0,0.000027
3063,.......((.(((......))).))..((((.......))))....(..((.................))..)...,12,-3.372,27,0,0.000027
3064,.......((.((........)).))......((.((....)).))..(((....)))..((.(.(...).)..)).,15,-3.372,26,0,0.000027
3065,.......((.(((......))).)).....((((...(((.(..(..(((....)))....)....).))))))).,17,-3.372,4,0,0.000027
3066,...(((.((.(((......))).)).....))).....(....)...(((....))).....(((...)..))...,15,-3.372,21,0,0.000027
3067,...........(((......)))....((((.......)))).....(((....)))........(........).,11,-3.371,32,0,0.000027
3068,.......((.(((......))).)).....(((((...((.....(((((....)))........)).))))))).,17,-3.371,7,0,0.000027
3069,...........((((....))))...............(....)...(((....))).....((.......))...,10,-3.371,30,0,0.000027
3070,.......((.(((......))).)).....(((..((.((......))..))..)))..(.((.(...).))..).,16,-3.371,29,0,0.000027
3071,.......((.(((......))).)).....................((((....)))..)..((.......))...,11,-3.37,18,0,0.000027
3072,...(((.((.(((......))).)).....))).....((......)).(....).....................,11,-3.37,22,0,0.000027
3073,..........(((......)))......(((.......)))......(((....)))..........((...))..,11,-3.37,22,0,0.000027
3074,.....(...).((((....)))).......((((...(((.......(((....)))...........))))))).,15,-3.37,15,0,0.000027
3075,.......(((((((((((...((.((((.....)))).)).)))))))........))))................,17,-3.37,52,0,0.000027
3076,..........(((......))).....((((.......)))).....(((....)))...........(...)...,11,-3.369,23,0,0.000027
3077,.......((.(((......))).))...(((.......)))......((((...(.((......))..)..)))).,15,-3.369,27,0,0.000027
3078,...........((((....)))).(....)((((...(((.......(((....)))...........))))))).,15,-3.369,14,0,0.000027
3079,......((((..((((((.(((((....))).......)).))))))(((....))).....))))..........,18,-3.369,44,0,0.000027
3080,.......((.(((......))).)).......(......).......(((....))).....(.(...))......,11,-3.369,16,0,0.000027
3081,.......((.(((......))).))......((..........))..(((....))).....(.......).....,11,-3.369,17,0,0.000027
3082,...(((.((..((((....))))..))...)))............(((.((.................)).)))..,14,-3.369,41,0,0.000027
3083,.......((.(((......))).))..((((.......))))...((.......))......(.(...).).....,13,-3.368,29,0,0.000027
3084,..((...))..((((....)))).......((((...(((......((((....)))..)........))))))).,17,-3.368,17,0,0.000027
3085,...(((.((.(((......))).)).....)))....(((..(.(.((((....)))....)..).).))).....,17,-3.368,17,0,0.000027
3086,.......((.(((......))).)).........((....)).....(((....)))....(............).,11,-3.368,19,0,0.000027
3087,.......((.(((......))).))..(((.........))).....(((....))).....(......)......,12,-3.368,20,0,0.000027
3088,.......((.(((......))).)).....((((..((......((((((....)))........))).)))))).,17,-3.367,13,0,0.000027
3089,.......((.(((......))).))..(((.........)))....((((....)))..)................,12,-3.367,21,0,0.000027
3090,......((..((.((((..........((((.(..............).)))).......)))).))..)).....,13,-3.367,47,0,0.000027
3091,.......((.(((......)))...))((((.......)))).....(((....)))..((.(.(...).)..)).,16,-3.367,29,0,0.000027
3092,.......((.(((......))).)).(.....)....(((......((((....)))..)........))).....,13,-3.367,11,0,0.000027
3093,.......((.(((......))).)).......(.((....)).)...(((....))).............(...).,12,-3.367,19,0,0.000027
3094,.......(((((((((((.((.................)).)))))))........))))..(.(...).).....,15,-3.367,47,0,0.000027
3095,...(((.((..((((....))))..))...)))...((((.......(((....)))...........))).)...,16,-3.366,27,0,0.000027
3096,...(((....(((......)))........))).....(....)...(((....))).......(...).......,11,-3.366,23,0,0.000027
3097,.......((.(((......))).))..(((.........))).....(((....)))..((...(...)....)).,14,-3.366,22,0,0.000027
3098,.......((.(((......))).))....((...((.....))...))............................,9,-3.366,26,0,0.000027
3099,......((((.((((((..(((((....))).......))..))))))((....))......))))..........,17,-3.366,44,0,0.000027
3100,.......((.(((......))).))....((.....((.........(((....))).......))..))......,12,-3.365,18,0,0.000027
3101,.......((((((((((..((((......)).......))..))))))........))))................,14,-3.365,45,0,0.000027
3102,.......(..(((......)))..)..((((.......)))).....(((....)))..((............)).,13,-3.365,23,0,0.000027
3103,...(((.((.(((......))).)).....)))..............(((....))).....(.......).....,12,-3.365,18,0,0.000027
3104,.......((.(((......))).))..((((.......))))....((((....)))..)..........(...).,14,-3.365,21,0,0.000027
3105,.......((.(((......))).))......((..(.....).))..(((....)))..((.(.(...).)..)).,15,-3.364,22,0,0.000027
3106,...........((((....))))....((((.......)))).....(((....)))....(............).,12,-3.363,33,0,0.000027
3107,..........(((......)))........((((...(((....(..(((....)))...).......))))))).,14,-3.363,6,0,0.000027
3108,...(((....(((......)))........))).....(....)...(((....)))...(.(.(...)).)....,13,-3.363,25,0,0.000027
3109,.......(...(((......))).).....((((...(((.......(((....)))...........))))))).,14,-3.363,10,0,0.000027
3110,.....................(((....)))......(((..(....(((....))).........).))).....,10,-3.362,23,0,0.000027
3111,.......((.(((......))).)).((...))............(((.((.................)).)))..,12,-3.362,25,0,0.000027
3112,...........((((....))))........................(((....)))............(....).,8,-3.362,27,0,0.000027
3113,.......((.(((......))).))...(((.......)))......(((....)))........(.(.....)).,13,-3.361,19,0,0.000027
3114,...........((((....)))).......(((.(((.((......))..))).)))..(.((.(...).))..).,16,-3.361,44,0,0.000027
3115,...........((((....)))).......(((....(((....(..(((....)))..)........))).))).,14,-3.361,17,0,0.000027
3116,...((..(((((((((((.(((((....))).......)).)))))))........)))).)).............,18,-3.361,52,0,0.000027
3117,...........((((....)))).......((((....((....((((((....)))........))))).)))).,16,-3.361,21,0,0.000027
3118,.......((.(((......))).))......((.(.....)..))..(((....)))..........((...))..,13,-3.361,19,0,0.000027
3119,.......((.(((......))).)).....................((((....)))....)..............,9,-3.361,16,0,0.000027
3120,.......((.(((......))).)).(.....)......((..(((((((....)))........))))....)).,15,-3.361,23,0,0.000027
3121,.......(..(((......)))..).....((((...(((..(....(((....))).........).))))))).,15,-3.36,4,0,0.000027
3122,..((...))..(((......))).....(((.......)))......(((....)))...................,11,-3.36,31,0,0.000027
3123,.......((.(((......))).)).....((((...(((...((..(((....)))...).).....))))))).,17,-3.36,4,0,0.000027
3124,.......((.(((......))).)).............((......)).........((............))...,9,-3.36,23,0,0.000027
3125,.......((.(((......))).)).((...))...((((.......(((....)))...........))).)...,14,-3.36,11,0,0.000027
3126,.......((.(((......))).)).....((..(((.((......))..)))..))..((............)).,14,-3.359,29,0,0.000027
3127,.......((.(((......))).)).....((...)).(....)...(((....))).......(...).......,12,-3.359,18,0,0.000027
3128,.......((.(((......))).))..(((.........))).....(((....))).....(.........)...,12,-3.359,20,0,0.000027
3129,.......((.(((......))).)).......(..........)...(((....)))............(....).,10,-3.359,15,0,0.000027
3130,...........((((....))))..............(((.(.....(((....))).........).))).....,11,-3.358,23,0,0.000027
3131,.......((.(((......))).)).....(((....(((.....((.......))............))).))).,13,-3.358,10,0,0.000027
3132,.......((.(((......))).))...(((.(..............).)))........................,9,-3.358,24,0,0.000027
3133,.......((..((......))..))..((((.......)))).....(((....)))...(.(......).)....,13,-3.357,23,0,0.000027
3134,.......((.(((......))).))(.((((.......))))..)..(((....)))..(.((.(...).))..).,17,-3.357,25,0,0.000026
3135,...(((.((.(((......))).)).....)))...(......)...(((....)))...................,12,-3.357,19,0,0.000026
3136,........(.(((......))).)......((((...(((....(..(((....)))..)........))))))).,15,-3.357,4,0,0.000026
3137,.......((((....(((..(((..(.((((.......))))..).)).)..))).))))................,15,-3.357,48,0,0.000026
3138,.........(.....)..............((((...(((.......(((....)))...........))))))).,11,-3.356,12,0,0.000026
3139,...(((.((..((((....))))..))...))).....(....)...(((....)))..(.((.(...).))..).,17,-3.356,37,0,0.000026
3140,.......((.(((......))).)).......(......).......(((....)))..((.((.......)))).,13,-3.356,18,0,0.000026
3141,.......((.(((......))).))....((.......))....................(.(......).)....,9,-3.356,23,0,0.000026
3142,.......((.(((......))).)).....((...)).(....)...(((....)))...(.(.(...)).)....,14,-3.356,20,0,0.000026
3143,.....(.((.(((......))).)).)..((.......)).......(((....)))...(.(......).)....,13,-3.356,19,0,0.000026
3144,.......((..((((....))))..))..((.......)).......(((....)))...(.(......).)....,13,-3.355,32,0,0.000026
3145,...........((((....))))..(.((((.......))))..)..(((....)))..(.((.(...).))..).,16,-3.355,38,0,0.000026
3146,.......((.(((......))).)).....(((.(((.............))).)))............(....).,12,-3.355,26,0,0.000026
3147,.......((.((........)).)).....(((((..((........(((....))).......))....))))).,14,-3.355,11,0,0.000026
3148,.......((.(((......))).))..((((.......)))).......(....).((......))...(....).,13,-3.355,26,0,0.000026
3149,.........(.(((((((...((...............)).))))))).)......((......))..........,12,-3.354,46,0,0.000026
3150,..(.....)..((((....)))).......(((((...((.......(((....)))...........))))))).,15,-3.353,17,0,0.000026
3151,.......((.(((......))).)).........((....)).....(((......((......))......))).,12,-3.353,27,0,0.000026
3152,.........(.((.(((........))).)).)..............(((....))).....(.(...).).....,11,-3.353,34,0,0.000026
3153,......(((.(((......))).)).)...(((((...((.......(((....)))...........))))))).,16,-3.353,5,0,0.000026
3154,.......((.(((......))).))....(.((.((....)).))..)........((......))..........,12,-3.353,30,0,0.000026
3155,..........(((......)))..(.......)....(((.......(((....)))...........))).....,10,-3.353,12,0,0.000026
3156,.......((.(((......))).))............(.....)...(((....)))..(.((.(...).))..).,13,-3.352,19,0,0.000026
3157,.......((.(((......))).))....((.......)).........(....)..............(....).,9,-3.352,19,0,0.000026
3158,........(.(((......))).)......((((....((.......(((....)))...........)).)))).,13,-3.352,4,0,0.000026
3159,...(((.....(((......))).......)))....(((.......(((....)))...........))).....,12,-3.352,23,0,0.000026
3160,.......((.(((.(...)))).)).....((((...(((........((....))((......))..))))))).,17,-3.352,7,0,0.000026
3161,.......((.(((.(...)))).))....((.......)).......(((....)))..((............)).,13,-3.352,19,0,0.000026
3162,.......((.((........)).)).....(((.(((.((......))..))).)))..((............)).,14,-3.352,31,0,0.000026
3163,.......((.(((.(...)))).))...(((.......)))......(((....)))...(.(......).)....,14,-3.352,21,0,0.000026
3164,.......((.(((......))).)).............((......)).(....).....(.(......).)....,10,-3.352,21,0,0.000026
3165,.......((.(((......))).))....((.......)).......(((....)))(.(........).).....,12,-3.351,17,0,0.000026
3166,.......((.(((......))).)).............((......))...........(.((.(...).))..).,11,-3.351,25,0,0.000026
3167,...........((((....))))...((...))..............(((....)))..((.(.(...).)..)).,13,-3.351,33,0,0.000026
3168,..........(((......)))........((((..((.........(((....))).......)).....)))).,12,-3.351,13,0,0.000026
3169,..((...))..((((....)))).......((((...(((........((....))............))))))).,15,-3.351,17,0,0.000026
3170,.......((.(((......))).))....((.......)).......(((....)))..((.(.(...)).)..).,14,-3.35,19,0,0.000026
3171,.......((.(((......))).))......((.((....)).)).((.((.................)).))...,13,-3.35,28,0,0.000026
3172,.......((.(((......))).)).....(((.(((.((......))..))).)))..(.((.......))..).,16,-3.35,30,0,0.000026
3173,.......((.(((......)))...))...((((...(((....(..(((....)))..)........))))))).,16,-3.35,8,0,0.000026
3174,.......((.(((......))).)).(.....)....(((........((....))............))).....,11,-3.349,11,0,0.000026
3175,.......((.(((......))).)).((...)).....(....)...(((....)))..(.((.(...).))..).,15,-3.349,21,0,0.000026
3176,.......((.(((.....).)).)).....((((...(((....(..(((....)))..)........))))))).,16,-3.349,5,0,0.000026
3177,.......((.(((......))).))....((((.(((.((......))..))).))............))......,14,-3.349,28,0,0.000026
3178,.......((.(((......))).)).....((.....(((.......(((....)))...........)))..)).,13,-3.349,4,0,0.000026
3179,.......((.((..(...).)).)).....((((...(((....((((((....)))........)))))))))).,18,-3.348,10,0,0.000026
3180,...........((((....))))....((((.......)))).....(((......((......))......))).,13,-3.348,41,0,0.000026
3181,.....................(((....)))......(((....(..(((....))).).........))).....,10,-3.348,23,0,0.000026
3182,.......((.(((......))).))....((.......)).......(((....)))...(.(.(...).)..)..,13,-3.348,18,0,0.000026
3183,.....(.((.(((......))).)).)((((.......)))).....(((....)))..((............)).,15,-3.347,23,0,0.000026
3184,.......((..((((....))))..))((((.......)))).....(((....)))..((............)).,15,-3.347,36,0,0.000026
3185,.......((.(((......))).))..((((.......))))...((..................)).........,11,-3.347,29,0,0.000026
3186,.......((.(((......))).))...(((...............)))...........................,8,-3.347,23,0,0.000026
3187,...(((.((..((((....))))..))...)))....(((......((((....)))..)........))).....,16,-3.347,28,0,0.000026
3188,.......((..((......))..)).....((((..((.....(((((((....)))........)))))))))).,17,-3.346,16,0,0.000026
3189,.......((.(((......))).)).........((....)).......(....).....................,8,-3.346,22,0,0.000026
3190,.........(.((.((((......)))).)).)....(((.......(((....)))...........))).....,13,-3.346,27,0,0.000026
3191,.......(..(((......)))..).....((((...(((....(..(((....))).).........))))))).,15,-3.346,4,0,0.000026
3192,.......((.(((......))).))....((..................)).....((...........)).....,9,-3.346,23,0,0.000026
3193,...........(((......)))....((((.......))))...(((.((.................)).)))..,12,-3.346,40,0,0.000026
3194,.......((.(((......))).)).....................(.((....))...)................,8,-3.346,18,0,0.000026
3195,.....................(((....)))................(((....)))........(........).,7,-3.346,28,0,0.000026
3196,..........(((......)))........((((...(((.......(((....)))(......)...))))))).,14,-3.345,6,0,0.000026
3197,.......((..((((....))))))..((((.......)))).....(((....)))...................,13,-3.345,28,0,0.000026
3198,.....................((......))............(((((((....)))........)))).......,9,-3.345,33,0,0.000026
3199,.......((.(((......)))...))...((((....((.......(((....)))...........)).)))).,14,-3.345,8,0,0.000026
3200,.......((.(((......))).))..((((.......))))....(............)................,10,-3.345,27,0,0.000026
3201,.......((.(((.....).)).)).....((((....((.......(((....)))...........)).)))).,14,-3.345,5,0,0.000026
3202,.......((..(((......)))..))..((.......)).......(((....))).....(.(...).).....,12,-3.345,31,0,0.000026
3203,.......((.(((......))).))....((.......)).......(((....)).)..................,10,-3.345,18,0,0.000026
3204,...........((((....))))...............(....)...(((....)))..((............)).,10,-3.344,30,0,0.000026
3205,.......((.((..(...).)).)).....(((....(((.......(((....)))...........))).))).,14,-3.344,6,0,0.000026
3206,.......((.(((......))).))........................(....).........(...).......,7,-3.344,19,0,0.000026
3207,.......((.(((......))).))......................(((....((((......)).))...))).,12,-3.344,24,0,0.000026
3208,.......((.(((......))).)).......(......)........((....))....................,8,-3.343,16,0,0.000026
3209,.......((.(((......))).)).....(((.(((.((......))..))).)))...(.(.(...).))....,16,-3.343,30,0,0.000026
3210,.......((..(((......)))..))...(((((............(((....))).............))))).,13,-3.343,21,0,0.000026
3211,..((...))..(((((((.(((((....))).......)).)))))))............................,14,-3.343,46,0,0.000026
3212,.......((.(((......))).))....((.......))(..(((((((....)))........))))..)....,15,-3.342,23,0,0.000026
3213,........((.((.(((........))).)).))....(....)...(((....)))...................,11,-3.342,33,0,0.000026
3214,.....................(((....)))...(((.((......))..)))...((......))..........,10,-3.342,43,0,0.000026
3215,..((...)).(((......)))...............(((.......(((....)))...........))).....,11,-3.342,14,0,0.000026
3216,...........((((....))))....((((.......)))).......(....).....................,9,-3.342,36,0,0.000026
3217,...........(((......))).......((((...(((.....(((((....)))........)).))))))).,15,-3.341,16,0,0.000026
3218,...(((.((.(((......))).)).....))).....((.........))...........(.(...).).....,12,-3.341,26,0,0.000026
3219,.......((.(((......))).))...(((.......)))......(((....))).......(((.....))).,14,-3.341,20,0,0.000026
3220,.......((.(((......))).)).(...(((.(((.((......))..))).))))..................,14,-3.341,29,0,0.000026
3221,..((...))..((((....)))).......((((...(((......((((....)))....)......))))))).,17,-3.34,17,0,0.000026
3222,...(((.((..((((....))))..))...)))......((..(((((((....)))........))))....)).,18,-3.34,40,0,0.000026
3223,.......((.(((......))).))........................(....).....(.(.(...)).)....,9,-3.34,21,0,0.000026
3224,.......((.(((......))).)).((...))....(((......((((....)))..)........))).....,14,-3.34,12,0,0.000026
3225,..(.....)..(((......)))......((.......))...(((((((....)))........)))).......,13,-3.339,35,0,0.000026
3226,.......((.(((......))).)).(.....)....(((......((((....)))....)......))).....,13,-3.339,11,0,0.000026
3227,.......((.(((......))).)).......(.(((.((......))..))).).......((.......))...,13,-3.339,29,0,0.000026
3228,..(.....)..((((....))))........................(((....))).....(.(...).).....,10,-3.339,30,0,0.000026
3229,......(((.(((......))).)).)....................(((....))).....(.(...).).....,11,-3.339,18,0,0.000026
3230,..........(((......)))..........(......).......(((....)))...................,7,-3.339,18,0,0.000026
3231,...........((((....)))).......(((((((.((......))..)))..................)))).,13,-3.339,32,0,0.000026
3232,.......((.(((.(...)))).))......(((...(((.......(((....)))...........))))))..,15,-3.338,4,0,0.000026
3233,.......((.(((......))).))....((.......)).......(((....)))....((.(...).)...).,13,-3.338,18,0,0.000026
3234,...........(((......))).......((((...((........(((....))).......)).....)))).,12,-3.338,20,0,0.000026
3235,.......((.(((......))).))...........(......)...(((....)))...(.(......).)....,11,-3.338,18,0,0.000026
3236,...........((((....))))...........((....)).(((((((....)))........)))).......,13,-3.338,38,0,0.000026
3237,.......((.(((......))).))..((((.......)))).....(((....)))......(.........)..,13,-3.338,20,0,0.000026
3238,..(.....)............(....)...((((...(((.......(((....)))...........))))))).,12,-3.338,12,0,0.000026
3239,.......((.(((......))).)).....(((.(((.((......))..))).)))..((..(.......).)).,16,-3.337,30,0,0.000026
3240,.......((.(((......))).))....((...............))............(.(......).)....,9,-3.337,24,0,0.000026
3241,.......((.(((......))).)).(((((.......)))....))(((....))).....(.(...).).....,15,-3.336,23,0,0.000026
3242,...........((((....)))).......(((....((....(((((((....)))........)))))).))).,16,-3.336,24,0,0.000026
3243,.......((.(((......))).))..((((.......)))).........................((...))..,11,-3.336,26,0,0.000026
3244,.....................(((....))).......((.........)).....((......))..........,7,-3.335,37,0,0.000026
3245,...........((........))......((.......))...(((((((....)))........)))).......,11,-3.335,33,0,0.000026
3246,.......((.((........)).))......((..........))..(((....)))...................,9,-3.335,18,0,0.000026
3247,...........((((....)))).......((((...(((......((((....))).......)...))))))).,15,-3.335,15,0,0.000026
3248,.......((.(((......))).)).......(.((....)).)...(((....)))...........(...)...,12,-3.335,19,0,0.000026
3249,............(.....)..(((....))).......(....)...(((....)))...................,8,-3.334,29,0,0.000025
3250,.......((.(((......))).))......((.((....)).))....((.....((......))..))......,13,-3.334,30,0,0.000025
3251,.....(....)..........(((....))).......(....)...(((....)))...................,8,-3.334,29,0,0.000025
3252,.......((.(((......))).))..................(...(((....))).....).............,9,-3.334,16,0,0.000025
3253,.......((.(((......))).)).(.....).......(..(((((((....)))........))))..)....,14,-3.334,23,0,0.000025
3254,...........(((((((.(((((....))).......)).)))))))((....))....................,14,-3.333,40,0,0.000025
3255,.......((.(((......))).)).((...))......((..(((((((....)))........))))....)).,16,-3.333,24,0,0.000025
3256,.......((.(((......))).)).......(......).......(((....))).......(.........).,10,-3.333,15,0,0.000025
3257,.......((.(((......))).)).........(((.((......))..)))................(....).,11,-3.333,27,0,0.000025
3258,.......((.(((......))).))......((.((....)).))....(....)....((.(.(...).)..)).,14,-3.333,28,0,0.000025
3259,.......((.(((......))).))...(((.......))).....((((....)))..).......((...))..,14,-3.333,20,0,0.000025
3260,.......((((((((((..(((((....))).......))..))))))........)))).......((...))..,17,-3.332,47,0,0.000025
3261,.......((.(((......))).))..((((.......))))....((((....)))..)........(...)...,14,-3.332,21,0,0.000025
3262,.......((.(((......))).))....((.(.((....)).)..))........((...........)).....,12,-3.332,28,0,0.000025
3263,.......((.(((......))).))......(((.........(((((((....)))........))))..)))..,15,-3.331,15,0,0.000025
3264,...(((.((.(((......))).)).....)))....(((...((..(((....)))....)).....))).....,16,-3.331,15,0,0.000025
3265,........(.(((......))).)......((((...((....(((((((....)))........)))))))))).,17,-3.331,11,0,0.000025
3266,..((...))..(((......)))....((((.......)))).....(((....)))..((.(.(...).)..)).,16,-3.331,37,0,0.000025
3267,.........(.(((((((..........(((.......)))))))))).)......((......))..........,13,-3.331,48,0,0.000025
3268,.........(.((((((..........((((.......)))))))))).)......((......))..........,13,-3.331,48,0,0.000025
3269,...(((.((.((........)).)).....)))..............(((....)))...................,10,-3.331,19,0,0.000025
3270,...(((.((.(((......))).)).....)))..........((((..................)))).......,12,-3.33,30,0,0.000025
3271,.......((.(((......))).))....(.........).......(((....)))..........(.....)..,10,-3.33,16,0,0.000025
3272,..(.....)..(((......)))....((((.......)))).....(((....))).......(...).......,12,-3.33,33,0,0.000025
3273,.....(.((.(((......))).)).)...(((.(((.((......))..))).)))..((.(.(...).)..)).,18,-3.33,33,0,0.000025
3274,.......((..((((....))))..))...(((.(((.((......))..))).)))..((.(.(...).)..)).,18,-3.33,46,0,0.000025
3275,...(((.((.(((......)))...))...)))..............(((....)))..........((...))..,13,-3.329,24,0,0.000025
3276,...........((((((..(((((....))).......))..))))))...........((.(.(...).)..)).,15,-3.329,46,0,0.000025
3277,...(((.((..((((....))))..))...)))....(((........((....))............))).....,14,-3.329,28,0,0.000025
3278,.......((.(((......))).))...(((.......)))....(((.((.(.............).)).)))..,14,-3.329,28,0,0.000025
3279,.......((.(((......))).))......((.((....)).))...((....))......((.......))...,13,-3.329,24,0,0.000025
3280,.......((.(((......))).))..((((.(..............).))))......((.(.(...).)..)).,14,-3.328,30,0,0.000025
3281,.......((.(((......))).)).....((((...(((.(..(.((((....)))..)...)..).))))))).,18,-3.328,6,0,0.000025
3282,.......((.(((......))).))..((((.......))))....((.((.(.............).)).))...,14,-3.328,29,0,0.000025
3283,.......((.(((......))).))....((.......)).......(((....))).......(.(.....).).,12,-3.328,17,0,0.000025
3284,......(((.(((......))).)).)((((.......)))).....(((....))).....((.......))...,15,-3.328,23,0,0.000025
3285,.......((.(((......))).))..((((.......)))).(...(((....))))...........(....).,14,-3.327,21,0,0.000025
3286,.......((.(((......))).)).....((((.............((......))..............)))).,11,-3.327,8,0,0.000025
3287,.......((.(((.(...)))).)).....((((...(((..(.(.((((....)))....)..).).))))))).,19,-3.327,8,0,0.000025
3288,.......((.(((......))).)).......(.(((.((......))..))).).((...........)).....,13,-3.326,28,0,0.000025
3289,.......((.(((......))).)).............((.........))..................(....).,8,-3.326,21,0,0.000025
3290,..(.....)..(((......)))....((((.......)))).....(((....)))...(.(.(...)).)....,14,-3.326,35,0,0.000025
3291,.......((.(((......))).)).......(......).......(((....)))..(..............).,10,-3.326,15,0,0.000025
3292,.......((.(((......))).)).........((....))......((....))......(.(...).).....,11,-3.326,22,0,0.000025
3293,.......((.(((......))).)).....((((((..((.........)).)).................)))).,13,-3.325,17,0,0.000025
3294,...........((........))....((((.......)))).....(((....))).......(...).......,10,-3.325,31,0,0.000025
3295,.....................(((....)))...((....)).....(((....)))...(.(......).)....,10,-3.325,33,0,0.000025
3296,...(((.((.(((......)))...))...))).....((......))........((......))..........,12,-3.325,33,0,0.000025
3297,...(((.((.(((......))).)).....))).((....)).....(((....)))..((.(.(...).)..)).,17,-3.325,25,0,0.000025
3298,.......((.((........)).))...(((.......)))......(((....))).....((.......))...,12,-3.325,21,0,0.000025
3299,.......((.(((......))).))..((((.......))))......((...............)).........,11,-3.324,27,0,0.000025
3300,.......((.(((......)))...))...((((...((....(((((((....)))........)))))))))).,18,-3.324,15,0,0.000025
3301,.........(.....).....(((....)))................(((....)))...(.(......).)....,9,-3.324,31,0,0.000025
3302,.......((.(((.....).)).)).....((((...((....(((((((....)))........)))))))))).,18,-3.324,12,0,0.000025
3303,..........(((......))).........((.((....)).))..(((....))).....((.......))...,12,-3.324,26,0,0.000025
3304,..........(((......))).....((((.......))))...(((((....)))........)).........,12,-3.324,27,0,0.000025
3305,.......((.(((......))).)).....((((....((....(..(((....)))...).......)).)))).,15,-3.323,4,0,0.000025
3306,...........((((((..(((((....))).......))..)))))).((.................))......,13,-3.323,43,0,0.000025
3307,.......((.(((......))).))......((.(((.((......))..))).))...........(.....)..,13,-3.323,28,0,0.000025
3308,.........((.......))..........((((...(((.......(((....)))...........))))))).,12,-3.322,12,0,0.000025
3309,.......((.(((......))).)).((...))....(((........((....))............))).....,12,-3.322,12,0,0.000025
3310,.......((.(((......))).))..((((.......))))......((....))....(.....).........,12,-3.322,23,0,0.000025
3311,...........((........))....((((.......)))).....(((....)))...(.(.(...)).)....,12,-3.322,33,0,0.000025
3312,.......((.(((......))).)).........((.....))....(((....))).....(.(...))......,12,-3.322,20,0,0.000025
3313,.......((.((........)).)).(.....)....(((.......(((....)))...........))).....,11,-3.321,11,0,0.000025
3314,.......((.(((......))).))......................(((....)))(......)...........,9,-3.321,16,0,0.000025
3315,.......((..((......))..))......................(((....)))...................,7,-3.321,16,0,0.000025
3316,.......((.(((......))).)).....(((((....(.......(((....))).....).......))))).,14,-3.321,8,0,0.000025
3317,...........(((((((...((...............)).)))))))..............(.(...).).....,11,-3.321,44,0,0.000025
3318,...........(((......)))......((.......)).......(((....)))............(....).,9,-3.321,27,0,0.000025
3319,..........(((......)))............((....)).....(((....))).....(.(...).).....,10,-3.321,24,0,0.000025
3320,.........(.....).....(((....))).......(....)...(((....)))..((.(.(...).)..)).,12,-3.321,34,0,0.000025
3321,...........((((....))))....((((.......))))......((....))......(.(...).).....,12,-3.321,36,0,0.000025
3322,.......((.(((......))).)).....(((.(........(((((((....)))........)))))..))).,16,-3.32,16,0,0.000025
3323,.........(.(((((((.(((((....))).......)).))))))).)......((...........)).....,15,-3.32,46,0,0.000025
3324,.....................(((....)))..............(((.((.................)).)))..,8,-3.32,36,0,0.000025
3325,.......((.(((......))).))...(((.......)))......(((....((...........))...))).,13,-3.319,24,0,0.000025
3326,...(((.((..((((....))))..))...)))....(((......((((....)))....)......))).....,16,-3.319,28,0,0.000025
3327,.......((.(((......))).))...(((.......)))......(((....)))....((((...)..)).).,15,-3.319,21,0,0.000025
3328,.......((.(((......))).))......((.((.....))))..(((....))).....((.......))...,14,-3.319,22,0,0.000025
3329,........(.(((......))).).......((.((....)).))..(((....)))...................,11,-3.318,22,0,0.000025
3330,.......((.(((......))).)).(.....).....((.........)).........................,8,-3.318,22,0,0.000025
3331,..............((....))........((((...(((....((((((....)))........)))))))))).,15,-3.318,18,0,0.000025
3332,..........(((......)))........(((.(((.((......))..))).)))..........(.....)..,12,-3.318,32,0,0.000025
3333,.....................(((....))).....((((.......(((....)))...........))).)...,10,-3.318,22,0,0.000025
3334,......((((....((((.((((....((((.......))))....)).)).))))......))))..........,16,-3.317,50,0,0.000025
3335,...((.....))..((....))........((((...(((.......(((....)))...........))))))).,14,-3.317,14,0,0.000025
3336,..........(((......))).....((((.......)))).....(((....)))...(.....).........,11,-3.317,25,0,0.000025
3337,.......((.(((......))).))......((..........))..(((....)))....(............).,11,-3.317,17,0,0.000025
3338,.......((.(((......))).)).....(((.....................)))...................,8,-3.316,20,0,0.000025
3339,.......((.(((......))).))....((.......))........((....)).........(........).,10,-3.316,18,0,0.000025
3340,.......((.(((......))).))...(((((.((....)).)).)))...........................,12,-3.316,29,0,0.000025
3341,.......((.(((......))).)).....((((..((......(..(((....)))..)....)).....)))).,15,-3.316,11,0,0.000025
3342,.......((.(((......))).)).........(.....)......(((....))).......(...).......,10,-3.315,17,0,0.000025
3343,...(((.((.(((......))).)).....))).....(....)...(((....))).............(...).,13,-3.315,18,0,0.000025
3344,...........(((......)))...........((....)).....(((....)))...................,8,-3.315,30,0,0.000025
3345,.......((....(((....))))).....((((...(((.......(((....)))...........))))))).,15,-3.314,10,0,0.000025
3346,.(.....((.(((......))).)))....((((...(((.......(((....)))...........))))))).,16,-3.314,2,0,0.000025
3347,..............((....))........(((....(((.......(((....)))...........))).))).,11,-3.314,14,0,0.000025
3348,.......((.(((......))).)).....................((.((.....((......))..)).))...,11,-3.314,25,0,0.000025
3349,.......((.(((......))).)).....((((...(((.........(....)..(......)...))))))).,14,-3.314,6,0,0.000025
3350,...(((.((..((((....))))..))...))).......(..(((((((....)))........))))..)....,17,-3.313,40,0,0.000025
3351,..........(((......)))........((((...(((....(((..................)))))))))).,13,-3.313,16,0,0.000025
3352,...(((.((.(((......))).)).....)))..............(((....)))....(............).,12,-3.313,18,0,0.000025
3353,.......((.(((......))).))....((.......)).......(((....(.((......))..)...))).,13,-3.312,24,0,0.000025
3354,.......((.(((......))).)).......(.(((.((......))..))).)....((............)).,13,-3.312,29,0,0.000025
3355,..........(((......)))...(.((((.......))))..)..(((....)))..........(.....)..,12,-3.312,26,0,0.000025
3356,...........(((......)))........................(((....))).......(...).......,7,-3.312,27,0,0.000025
3357,.......((.((........)).))......................(((....)))...(.(......).)....,9,-3.312,18,0,0.000025
3358,.......((.(((......))).)).((...))....(((......((((....)))....)......))).....,14,-3.312,12,0,0.000025
3359,...(((.((.(((......))).)).....)))....(.....)...(((....)))..((.(.(...).)..)).,16,-3.312,22,0,0.000025
3360,.......((.(((......))).)).........(.....)......(((....)))...(.(.(...)).)....,12,-3.312,19,0,0.000025
3361,..((...))..(((......))).......((((...(((.(.....(((....))).........).))))))).,16,-3.312,16,0,0.000025
3362,.......((.(((......)))...))....((.((....)).))..(((....)))...................,12,-3.311,26,0,0.000025
3363,..(.....)..((......))(((....)))......(((.......(((....)))...........))).....,12,-3.311,18,0,0.000025
3364,.......((.(((......))).))...(((.......)))......((......))...................,10,-3.311,19,0,0.000025
3365,..........(((......))).......((.......)).......(((....)))........(........).,9,-3.311,20,0,0.000025
3366,.......((.(((.....).)).))......((.((....)).))..(((....)))...................,12,-3.311,23,0,0.000025
3367,..........(((......)))........((((...(((.........(....).((......))..))))))).,13,-3.311,11,0,0.000025
3368,...(((.((.(((......))).)).....))).....((......))...........((.(.(...).)..)).,14,-3.311,28,0,0.000025
3369,.......((.(((......))).))....((.......)).......(((....)))(.......)..........,11,-3.31,17,0,0.000024
3370,......((..((.((((.......((.((((..................))))..))...)))).))..)).....,14,-3.31,48,0,0.000024
3371,.......(..(((......)))..)....((.......)).......(((....)))..((.(.(...).)..)).,13,-3.309,21,0,0.000024
3372,..(.....)..((((....))))......((.......)).......(((....)))...(.(......).)....,12,-3.309,31,0,0.000024
3373,.......((.(((......))).))..((((.......))))......((....))......(.......).....,12,-3.309,22,0,0.000024
3374,......(((.(((......))).)).)..((.......)).......(((....)))...(.(......).)....,13,-3.309,19,0,0.000024
3375,..((...))..((((....))))....................(((((((....)))........)))).......,13,-3.309,36,0,0.000024
3376,..((...))..((((....))))......((.......)).......(((....))).......(...).......,12,-3.309,31,0,0.000024
3377,.......((.((........)).)).............(....)...(((....)))..((.(.(...).)..)).,12,-3.309,21,0,0.000024
3378,.......((.(((......))).)).....((((...(((.......(.........)..........))))))).,13,-3.309,7,0,0.000024
3379,...........(((......)))........................(((....)))...(.(.(...)).)....,9,-3.309,29,0,0.000024
3380,.......((.(((......))).))..((((.......)))).....(((....)))..((...(......).)).,15,-3.309,22,0,0.000024
3381,.......((.(((......))).)).........((.....))....(((....)))..((.((.......)))).,14,-3.308,22,0,0.000024
3382,...(((.....((((....)))).......))).....(....)...(((....)))...................,11,-3.308,31,0,0.000024
3383,........(.(((......))).)......(((.(((.((......))..))).))).....(.(...).).....,14,-3.308,31,0,0.000024
3384,..((...))..((((....))))....((((.......)))).....(((....)))............(....).,14,-3.308,34,0,0.000024
3385,...........(((......))).......(((.(((.((......))..))).))).....((.......))...,13,-3.308,41,0,0.000024
3386,...........(((......)))..............(((....((((((....)))........)))))).....,12,-3.308,26,0,0.000024
3387,...(((.((..((........))..))...)))..........(((((((....)))........)))).......,14,-3.308,37,0,0.000024
3388,.....................(((....))).......(....)...(((....)))..(.((.(...).))..).,11,-3.308,32,0,0.000024
3389,...........((((....)))).....(((.......)))......(((....)))..(.((.(...).))..).,14,-3.307,34,0,0.000024
3390,.......((.(((......))).))..(((((...)..)))).....(((....))).....(.(...).).....,15,-3.307,22,0,0.000024
3391,.......((.(((......))).)).............(....).(((.((.....((......))..)).)))..,13,-3.307,27,0,0.000024
3392,.......((.(((......))).))......(..((....))..)..(((....))).......(...).......,12,-3.307,20,0,0.000024
3393,......(...(((......)))..).....((((...(((....((((((....)))........)))))))))).,17,-3.307,11,0,0.000024
3394,.......((((...((((.((((..(.((((.......))))..).)).)).))))))))....(...).......,18,-3.307,51,0,0.000024
3395,.......((.(((......))).))......((.((....)).))..((((...((...........))..)))).,15,-3.307,28,0,0.000024
3396,..(.....)............(((....)))...((....)).....(((....)))...................,9,-3.307,32,0,0.000024
3397,.......((.((........)).)).....((((...(((...(...(((....))).....).....))))))).,15,-3.306,4,0,0.000024
3398,.......((.(((......))).)).((...)).......(..(((((((....)))........))))..)....,15,-3.306,24,0,0.000024
3399,...........((((....))))...(.....)..............(((....))).......(...).......,9,-3.306,29,0,0.000024
3400,.......((.(((......))).)).....(((....(((.(....((((....)))..)......).))).))).,16,-3.306,6,0,0.000024
3401,.......((.(((......))).)).....((((....((.......(((....)))(......)...)).)))).,15,-3.306,4,0,0.000024
3402,.......((.(((......))).))....((((.((....)).)).))............(.(......).)....,13,-3.306,30,0,0.000024
3403,..(.....).(((......)))........(((.(((.((......))..))).)))...................,12,-3.306,32,0,0.000024
3404,..((...))............(((....)))................(((....)))..((.(.(...).)..)).,12,-3.305,33,0,0.000024
3405,..((...))..((((....))))......((.......)).......(((....)))...(.(.(...)).)....,14,-3.305,33,0,0.000024
3406,.......((.(((......))).))..((((.......)))).((((..(...........)...)))).......,14,-3.305,33,0,0.000024
3407,...(((.((.(((......))).)).....))).....((......)).((.................))......,12,-3.305,25,0,0.000024
3408,..........(((......))).....((((.......)))).....(((....))).....(.......).....,11,-3.304,24,0,0.000024
3409,..((...........))..(....).....((((...(((.......(((....)))...........))))))).,13,-3.304,14,0,0.000024
3410,.....................((......))................(((....))).....(.(...).).....,7,-3.304,28,0,0.000024
3411,..(.....)............(((....)))................(((....))).......(...).......,8,-3.304,29,0,0.000024
3412,.......((.(((......))).))......(..((....))..)..(((....)))...(.(.(...)).)....,14,-3.303,22,0,0.000024
3413,...(((.((..(((......)))..))...))).....(....)...(((....))).....((.......))...,14,-3.303,34,0,0.000024
3414,......(...(((......)))..).....(((....(((.......(((....)))...........))).))).,13,-3.303,7,0,0.000024
3415,.......((.(((......))).))...((.........))......(((....)))............(....).,11,-3.303,17,0,0.000024
3416,...........((((....))))...(.....)..............(((....)))...(.(.(...)).)....,11,-3.302,31,0,0.000024
3417,.......((.(((......))).))....((.......)).....((.......))....................,9,-3.302,23,0,0.000024
3418,...........(((......)))..(.((((.......))))..)..(((....))).....((.......))...,13,-3.302,35,0,0.000024
3419,.......((.(((......))).))......((..........))..(((......((......))......))).,12,-3.302,25,0,0.000024
3420,.......((.(((......))).))......((.((....)).)).................(.(...).).....,11,-3.302,28,0,0.000024
3421,.....(.((.(((......))).)).)....((.((....)).))..(((....))).....(.(...).).....,15,-3.302,24,0,0.000024
3422,.......((.(((......))).)).......(......).......(((....))).....(......)......,10,-3.302,15,0,0.000024
3423,.......((..((((....))))..))....((.((....)).))..(((....))).....(.(...).).....,15,-3.302,37,0,0.000024
3424,.......((.(((......))).))......((.((....)).))...((....))...((............)).,13,-3.302,24,0,0.000024
3425,.......((.((........)).))....((.......)).......(((....)))..........((...))..,11,-3.302,18,0,0.000024
3426,......((((.....((..((((....((((.......))))....)).))..)).......))))..........,14,-3.302,47,0,0.000024
3427,...........((((....))))...(.....)....(((....((((((....)))........)))))).....,14,-3.301,28,0,0.000024
3428,.......((.(((......))).)).......(......)......((((....)))..)................,10,-3.301,16,0,0.000024
3429,...........(((......)))........((.((....)).))..(((....)))..((.(.(...).)..)).,14,-3.301,36,0,0.000024
3430,.......((.(((......)))...))...(((.(((.((......))..))).))).....(.(...).).....,15,-3.301,35,0,0.000024
3431,.......((.(((......))).)).....(((.(...((.......(((....)))...........))).))).,14,-3.301,5,0,0.000024
3432,.......((.(((......))).))..((((.......))))......((....))..(.(.(.(...)).).)..,15,-3.301,25,0,0.000024
3433,......(((.(((......))).)).)((((.......)))).....(((....)))..((............)).,15,-3.301,23,0,0.000024
3434,.......((.(((.....).)).)).....(((.(((.((......))..))).))).....(.(...).).....,15,-3.301,32,0,0.000024
3435,.......((.(((......))).))..(((.........))).....(((....))).....(((...)..))...,14,-3.301,22,0,0.000024
3436,..(.((....(((......)))..)).).((.......)).......(((....)))...................,11,-3.301,24,0,0.000024
3437,.......((.((........)).))..((((.......)))).....(((....))).....(.(...))......,13,-3.301,23,0,0.000024
3438,.......((.(((......))).)).............((......))..((...))...................,9,-3.301,23,0,0.000024
3439,.......((.(((......))).)).......(......).......(((....)))..((...(...)....)).,12,-3.3,17,0,0.000024
3440,..(.....)............(((....)))................(((....)))...(.(.(...)).)....,10,-3.3,31,0,0.000024
3441,.........((.......)).(((....)))................(((....)))..((.(.(...).)..)).,12,-3.3,33,0,0.000024
3442,..(.....).(((......)))...(.((((.......))))..)..(((....)))...................,12,-3.3,26,0,0.000024
3443,.......((.(((......))).))......(...).(((.......(((....)))...........))).....,12,-3.299,9,0,0.000024
3444,..(.....)............(((....)))......(((....((((((....)))........)))))).....,13,-3.299,28,0,0.000024
3445,.......((.((........)).))......((.((....)).))..(((....))).......(...).......,12,-3.299,23,0,0.000024
3446,..(.....)..(((......)))......((.......)).......(((....))).....(.(...).).....,11,-3.298,30,0,0.000024
3447,...........(((((((..........(((.......))))))))))..............(.(...).).....,12,-3.298,46,0,0.000024
3448,...........((((((..........((((.......))))))))))..............(.(...).).....,12,-3.298,46,0,0.000024
3449,...(((.((.(((......))).)).....)))..............(((......((......))......))).,13,-3.298,26,0,0.000024
3450,.......((.((........)).))...(((.......)))......(((....)))..((............)).,12,-3.298,21,0,0.000024
3451,.....................(((....)))......(((......((((....)))..)........))).....,10,-3.298,23,0,0.000024
3452,...(((.((..((((....))))..))...))).....((.........)).........................,11,-3.298,39,0,0.000024
3453,..(.((....(((......)))..)).)..(((.(((.((......))..))).)))...................,14,-3.298,36,0,0.000024
3454,..........(((......)))........((((...((((......(((....))).........).))))))).,14,-3.298,6,0,0.000024
3455,..........(((......)))........((((...(((....(..(((....)))....)......))))))).,14,-3.298,6,0,0.000024
3456,.......((.(((......))).))......((.((....)).))..(((....))).......(...).(...).,14,-3.297,21,0,0.000024
3457,.......(((((((((((.(((((....))).......)).)))))))........)))).....(........).,17,-3.297,49,0,0.000024
3458,..(.....)..(((......))).......(((((............(((....))).............))))).,12,-3.297,20,0,0.000024
3459,..........(((......))).........((.((....)).))..(((....)))..((............)).,12,-3.297,26,0,0.000024
3460,.......((.(((......))).))....((.......)).....(((.((..(............).)).)))..,13,-3.296,26,0,0.000024
3461,.......((.(((......))).)).........((.....)).....((....))....................,9,-3.296,20,0,0.000024
3462,.......(..(((......)))..).....((((...(((......((((....)))..)........))))))).,15,-3.296,4,0,0.000024
3463,.......((.(((......))).))...(((.......)))......(((....)))..(.((.......))..).,14,-3.296,20,0,0.000024
3464,.......((.((........)).))......((.((....)).))..(((....)))...(.(.(...)).)....,14,-3.296,25,0,0.000024
3465,........(.(((......))).)....(((.......)))..(((((((....)))........)))).......,14,-3.295,26,0,0.000024
3466,.......((.(((......))).))......((..........))....(....).....................,8,-3.295,20,0,0.000024
3467,...(((....(((......)))........))).....(....)...(((....)))...(.(......).)....,12,-3.295,24,0,0.000024
3468,.......((.(((......))).))..((((.......)))).....(((....))).(............)....,13,-3.295,20,0,0.000024
3469,.......((.(((......)))...))((((.......)))).....(((....))).......(...).......,13,-3.294,26,0,0.000024
3470,.......((.(((......))).))..((((.......))))............((((......)).)).......,13,-3.294,29,0,0.000024
3471,.......((..(((......)))..))...((((..((.....(((((((....)))........)))))))))).,18,-3.294,28,0,0.000024
3472,.......((.((........)).)).((...))....(((.......(((....)))...........))).....,12,-3.294,12,0,0.000024
3473,...........((........))......((.......)).......(((....))).....(.(...).).....,9,-3.294,28,0,0.000024
3474,...(((.((..(((......)))..))...)))..............(((....)))............(....).,12,-3.293,31,0,0.000024
3475,.......((.(((......))).)).......(......).......(((....))).....(.........)...,10,-3.293,15,0,0.000024
3476,........(.(((......))).)..(.....)....(((.......(((....)))...........))).....,11,-3.293,11,0,0.000024
3477,...........((........)).......(((((............(((....))).............))))).,10,-3.293,18,0,0.000024
3478,.......((.(((......))).)).....((((...(.....((((..................))))).)))).,14,-3.293,19,0,0.000024
3479,...........(.(((....))).).....(((.(((.((......))..))).)))...................,12,-3.292,41,0,0.000024
3480,...................(....).....((((...(((....((((((....)))........)))))))))).,14,-3.292,16,0,0.000024
3481,.......((.(((......))).))......((.((.....))))..(((....)))..((............)).,14,-3.292,22,0,0.000024
3482,.......((.(((......))).))......((..(.....).))..(((....))).......(...).......,12,-3.291,19,0,0.000024
3483,.....................(((....)))........((..(((((((....)))........))))....)).,12,-3.291,35,0,0.000024
3484,...(((.((.(((......))).)).....)))................(....).....................,9,-3.291,21,0,0.000024
3485,..........(((......)))............((.....))....(((....)))...................,8,-3.291,22,0,0.000024
3486,...........(((((((.(((((....))).......)).)))))))......((.....)).............,14,-3.291,46,0,0.000024
3487,.......((.(((......))).)).((...)).....((.........)).........................,9,-3.291,23,0,0.000024
3488,...((.....)).......(....).....((((...(((.......(((....)))...........))))))).,13,-3.291,12,0,0.000024
3489,.......((.(((......))).))..((((.......)))).....(((....)))....((.(...)...).).,15,-3.291,22,0,0.000024
3490,.......((.(((......))).)).......(..(....)..)...(((....))).....(.(...).).....,12,-3.291,19,0,0.000024
3491,.......((.(((......)))...))((((.......)))).....(((....)))...(.(.(...)).)....,15,-3.291,28,0,0.000024
3492,.......((.(((......))).)).(((((((.(((.((......))..))).)))..))))......(....).,18,-3.291,35,0,0.000024
3493,...(.(.((.(((......))).)).)..)((((...(((.......(((....)))...........))))))).,17,-3.29,4,0,0.000024
3494,.......((.(((.(...)))).)).....((((...(((...((..(((....)))....)).....))))))).,18,-3.29,6,0,0.000024
3495,...(((.((..(((......)))..))...)))....(((.(.....(((....))).........).))).....,15,-3.29,27,0,0.000024
3496,.......((.(((......))).))..((((.......)))).....(((....)))..((....(.....).)).,15,-3.29,22,0,0.000024
3497,.......((.(((......))).))...(((.......)))......(((....)))...(.(.(...).))....,14,-3.29,20,0,0.000024
3498,..(.....)..((((....))))....((((.......)))).....(((....)))..........((...))..,14,-3.289,34,0,0.000024
3499,......((..((.((((....(....)((((.......)))).....(((....)))...)))).))..)).....,16,-3.289,41,0,0.000024
3500,.......((((....(((.((((..(.((((.......))))..).)).)).))).))))....(...).......,17,-3.289,50,0,0.000024
3501,.......((.(((......))).)).....((...)).(....)...(((....)))...(.(......).)....,13,-3.288,19,0,0.000024
3502,..........(((......)))........((((..((.........(((....)))............)))))).,12,-3.288,11,0,0.000024
3503,.......((.(((.....).)).))...(((.......)))..(((((((....)))........)))).......,15,-3.288,27,0,0.000024
3504,.......((((........((((....((((.......))))....)).)).....))))..(.(...).).....,14,-3.288,44,0,0.000024
3505,.......((.(((......))).))......((..(.....).))..(((....)))...(.(.(...)).)....,14,-3.288,21,0,0.000024
3506,.......((.(((......))).)).(.........)..........(((....)))...................,9,-3.288,16,0,0.000024
3507,...................(....).....(((....(((.......(((....)))...........))).))).,10,-3.288,12,0,0.000024
3508,.......((.((........)).))..((((.......)))).....(((....)))..((.((.......)))).,15,-3.288,25,0,0.000024
3509,.......((.(((......))).))......((..(....)..))..(((....)))............(....).,12,-3.288,18,0,0.000024
3510,.......((.(((......))).))...(((..................)))..........(.(...).).....,10,-3.287,26,0,0.000024
3511,.......((.(((.(...)))).))......................(((....)))..((.(.(...).)..)).,13,-3.286,20,0,0.000024
3512,.......((.(((......))).))....((.......)).......(((....)))..(..(.........).).,12,-3.286,17,0,0.000023
3513,.......(((((((((((.......................)))))))........))))..(.(...).).....,13,-3.286,47,0,0.000023
3514,..........(((......))).......((.......)).....(((.((.................)).)))..,10,-3.286,28,0,0.000023
3515,.......((.(((......))).)).........((.....))....(((....))).......(.........).,11,-3.286,19,0,0.000023
3516,.......((.(((......))).))...(((.......)))........(....).......((.......))...,11,-3.285,23,0,0.000023
3517,.......((.(((......))).)).....((...))..........(((....)))..........(.....)..,11,-3.285,17,0,0.000023
3518,.......((.(((......))).))......((...((.....(((((((....)))........)))))).))..,16,-3.285,18,0,0.000023
3519,.........(.....).....((......))......(((.......(((....)))...........))).....,9,-3.284,22,0,0.000023
3520,...(((.((.(((......))).)).....)))....(((.....(((((....)))........)).))).....,16,-3.284,15,0,0.000023
3521,...........(((......))).......(((((..((........(((....))).......))....))))).,13,-3.284,21,0,0.000023
3522,......((((.((((((..(((((....))).......))..)))))).(....).......))))..........,16,-3.284,46,0,0.000023
3523,.......((.(((......))).))..((((.......)))).....((((...........(.(...).))))).,15,-3.284,28,0,0.000023
3524,.......((.(((......))).)).........((....))....((((....)))..)..(.(...).).....,13,-3.284,22,0,0.000023
3525,.......((.(((......))).))...(((.......)))......(((....)))..((..(.......).)).,14,-3.283,20,0,0.000023
3526,..(.....)..((((....)))).......(((.(((.((......))..))).)))..((.(.(...).)..)).,17,-3.283,45,0,0.000023
3527,.......((.(((......))).))....((.......)).......(((....)))..((.(......).)..).,13,-3.283,18,0,0.000023
3528,......(((.(((......))).)).)...(((.(((.((......))..))).)))..((.(.(...).)..)).,18,-3.283,33,0,0.000023
3529,.......(((((((((((.((.((..(.....)..)).)).)))))))........))))................,16,-3.283,49,0,0.000023
3530,...(((.((.(((......))).)).....))).....(....)...(((....)))...........(...)...,13,-3.283,18,0,0.000023
3531,...........(((((((...((.((.........)).)).)))))))........((......))..........,13,-3.282,48,0,0.000023
3532,.......((.(((......))).)).......(.((....)).)...(((....)))...(.....).........,12,-3.282,21,0,0.000023
3533,.......((.(((......))).)).......((...(((..(....(((....))).........).)))))...,14,-3.282,6,0,0.000023
3534,.......((.(((......))).))..((((.......)))).....((......))..((.(.(...).)..)).,15,-3.282,25,0,0.000023
3535,..((...))..((((....)))).......(((((...((.......(((....)))...........))))))).,16,-3.282,18,0,0.000023
3536,..(.((.....((((....)))).)).)..((((...(((.......(((....)))...........))))))).,17,-3.282,18,0,0.000023
3537,.......((.(((......))).))..((((.......))))........(.....)...................,10,-3.281,26,0,0.000023
3538,...........((((....)))).........(.((....)).)...(((....))).....(.(...).).....,12,-3.281,34,0,0.000023
3539,.......((.(((......))).)).........((....)).......((.................))......,9,-3.281,25,0,0.000023
3540,...........(((......))).......(((.(((.((......))..))).)))..((............)).,13,-3.281,41,0,0.000023
3541,...........((((....))))......((.......)).......(((....))).....(.(...))......,11,-3.28,30,0,0.000023
3542,.....................(((....)))......(((........((....))............))).....,8,-3.28,23,0,0.000023
3543,.......((.(((......))).))..((...........)).....(((....))).....(.(...).).....,12,-3.28,20,0,0.000023
3544,.......((.(((......))).))....((((.((....)).))....)).....((......))..........,13,-3.28,31,0,0.000023
3545,.......((.(((......))).))....((.......)).......(((....)))...(...(...)..)....,12,-3.279,17,0,0.000023
3546,.......((.(((......))).))......((.(......).))..(((....))).....((.......))...,13,-3.279,20,0,0.000023
3547,...........(((((((.(((((....))).......)).))))))).(....).......(.(...).).....,15,-3.279,44,0,0.000023
3548,...........((((....))))....((((.......))))....((((....)))..)..(.(...).).....,14,-3.279,36,0,0.000023
3549,...........((((....))))...((...))..............(((....))).......(...).......,10,-3.279,30,0,0.000023
3550,.......((.(((......))).)).....(.....)..........(((....)))........(........).,10,-3.278,16,0,0.000023
3551,.......((.(((......))).)).........((.....))....(((....)))..(..............).,11,-3.278,19,0,0.000023
3552,.......(..(((......)))..).....((((...(((........((....))............))))))).,13,-3.278,4,0,0.000023
3553,...........((((....))))........((.((....)).))..(((....)))............(....).,12,-3.278,33,0,0.000023
3554,..(.....)..((((....))))..(.((((.......))))..)..(((....)))..((.(.(...).)..)).,17,-3.277,39,0,0.000023
3555,.......((.(((......))).))...........(.((......))..).....((......))..........,10,-3.276,26,0,0.000023
3556,.......((.(((......))).)).........(......).....(((....))).....(.(...).).....,11,-3.276,18,0,0.000023
3557,...........((((....))))....((((.......)))).......((.................))......,10,-3.276,39,0,0.000023
3558,...(((.((..(((......)))..))...))).....(....)...(((....)))..((............)).,14,-3.276,34,0,0.000023
3559,.......((.(((......))).))...(((.......)))..................((.(.(...).)..)).,12,-3.276,27,0,0.000023
3560,.......((..((......))..)).....((((...(((....(..(((....)))..)........))))))).,15,-3.276,4,0,0.000023
3561,.......((.(((......))).)).....(((.(((.((......))..))).)))......(.......)....,14,-3.276,28,0,0.000023
3562,..((...........))....(((....))).......(....)...(((....))).....(.(...).).....,11,-3.275,34,0,0.000023
3563,.......((.((........)).))..((((.......))))......((....))....................,10,-3.275,23,0,0.000023
3564,...........(((......)))..(.((((.......))))..)..(((....)))..((............)).,13,-3.275,35,0,0.000023
3565,.......((.(((......))).))..((((..................)))).........((.......))...,11,-3.275,28,0,0.000023
3566,...........((......))(((....))).......(....)...(((....))).....(.(...).).....,11,-3.275,26,0,0.000023
3567,...........((((....))))...((...))..............(((....)))...(.(.(...)).)....,12,-3.275,32,0,0.000023
3568,.......((.(((......))).))......((..........))...((....))......(.(...).).....,11,-3.275,20,0,0.000023
3569,...........(.((((....(((....)))...((.....))....(((....)))...)))).)..........,13,-3.274,40,0,0.000023
3570,...........((((....))))...((...))....(((....((((((....)))........)))))).....,15,-3.274,29,0,0.000023
3571,.......((.(((......))).))....((.......))......((((....)))..).....(........).,12,-3.274,18,0,0.000023
3572,.......((.(((......))).)).....((((....((....(((..................))))).)))).,14,-3.273,14,0,0.000023
3573,.......((.(((......))).)).(.....)..............(((....))).....(.(...))......,11,-3.273,17,0,0.000023
3574,.........(.((................)).)..............(((....)))...................,6,-3.273,26,0,0.000023
3575,.......((.(((......))).))........................(....).....(.(......).)....,8,-3.273,20,0,0.000023
3576,.......((.(((.(...)))).))..((((.......)))).....(((....)))........(........).,14,-3.273,22,0,0.000023
3577,.......((.(((......))).))...(((.......)))........(....).((...........)).....,11,-3.273,22,0,0.000023
3578,...(((.((.(((......)))...))...))).....(....)...(((....)))............(....).,13,-3.272,24,0,0.000023
3579,.......((((...((((...((....((((.......)))).......)).))))))))................,14,-3.272,47,0,0.000023
3580,..(.....)..((......)).........((((...(((.......(((....)))...........))))))).,13,-3.272,7,0,0.000023
3581,.......((.(((......))).))......(((...(((............................))))))..,11,-3.272,8,0,0.000023
3582,...........((((....))))........................(((....)))..........((...))..,9,-3.271,28,0,0.000023
3583,.......((.(((......))).)).....((((....((.........(....).((......))..)).)))).,14,-3.271,9,0,0.000023
3584,.......((..((......))..)).....((((....((.......(((....)))...........)).)))).,13,-3.271,4,0,0.000023
3585,.......((.(((......))).)).....((((..(......(((((((....)))........)))).))))).,17,-3.271,14,0,0.000023
3586,.......((.(((......))).)).............(....).....((.....((......))..))......,10,-3.271,25,0,0.000023
3587,.....(.((.(((.(...)))).)).)...((((...(((.......(((....)))...........))))))).,17,-3.271,4,0,0.000023
3588,.......((.(((......))).))...(((.......))).....((((....)))........)..........,12,-3.271,19,0,0.000023
3589,.......((.(((......))).))......................(((....)))...(..........)....,9,-3.271,15,0,0.000023
3590,...(((.((.(((......))).)).....)))...............((....))......(.(...).).....,12,-3.27,21,0,0.000023
3591,..........((........)).....((((.......)))).....(((....)))...................,9,-3.27,25,0,0.000023
3592,.....................(((....)))......(((......((((....)))....)......))).....,10,-3.27,23,0,0.000023
3593,..........(((......))).........((..........))..(((....))).....(.(...).).....,10,-3.27,22,0,0.000023
3594,.......((.(((......))).))..............(......)(((....)))...................,9,-3.27,15,0,0.000023
3595,.......(((((((((((.(((((....))).......)).)))))))((....))))))..(.(...).).....,20,-3.27,46,0,0.000023
3596,.......((.(((......))).)).......(.((....)).)...(((....))).....(.......).....,12,-3.27,20,0,0.000023
3597,.......((.(((......))).)).............(....).....(....)....((.(.(...).)..)).,11,-3.269,23,0,0.000023
3598,..........(((......)))........((((...(.....(((((((....)))........))))).)))).,15,-3.269,17,0,0.000023
3599,.......((..(((......)))..))....................(((....)))...................,8,-3.269,28,0,0.000023
3600,.......((.(((......))).))...(((.......))).......((....))...........(.....)..,11,-3.269,20,0,0.000023
3601,.......((.(((......))).)).....(((.(((.((......))..))).)))...(.....)..(....).,15,-3.269,29,0,0.000023
3602,.......((.(((......))).)).......(..........)...(((....)))..........((...))..,11,-3.269,16,0,0.000023
3603,.......(..(((......)))..).....((((...(((......((((....)))....)......))))))).,15,-3.268,4,0,0.000023
3604,..((...))..(((......)))......((.......))...(((((((....)))........)))).......,14,-3.268,36,0,0.000023
3605,..........(((......)))....(.....)..............(((....)))..((.(.(...).)..)).,11,-3.268,23,0,0.000023
3606,.........(.(((((((...((...............)).))))))).)..........................,10,-3.268,43,0,0.000023
3607,.......((.(((......))).)).......((...(((....(..(((....))).).........)))))...,14,-3.268,6,0,0.000023
3608,..((...))..((((....))))........................(((....))).....(.(...).).....,11,-3.268,31,0,0.000023
3609,.......((.(((......))).)).(.....).....(....)...(((....)))........(........).,11,-3.268,17,0,0.000023
3610,..(.....).(((......)))........((((.............(((....)))..............)))).,11,-3.267,11,0,0.000023
3611,...........(.((((..(((((....))).......)).......(((....)))...)))).)..........,13,-3.267,36,0,0.000023
3612,...........((((....))))...............((......))........((......))..........,8,-3.267,37,0,0.000023
3613,...........((((....))))......((.......)).......(((....)))..((.((.......)))).,13,-3.267,32,0,0.000023
3614,.......((.(((......))).))..((((.......))))....((((....)))..)..(.......).....,14,-3.267,22,0,0.000023
3615,.......((.(((......))).))....(.((.((....)).))..)............................,10,-3.267,27,0,0.000023
3616,...(((.((..((........))..))...)))..............(((....))).....(.(...).).....,12,-3.266,32,0,0.000023
3617,..((...))............(....)...((((...(((.......(((....)))...........))))))).,13,-3.266,13,0,0.000023
3618,.......((.(((......))).)).....(((((...((...(...(((....))).....).....))))))).,16,-3.266,5,0,0.000023
3619,........(.(((......))).)..((...))....(((.......(((....)))...........))).....,12,-3.265,12,0,0.000023
3620,.......((.(((......))).))......((....(((....((((((....)))........)))))).))..,16,-3.265,10,0,0.000023
3621,...........(((......)))...(.....)..........(((((((....)))........)))).......,11,-3.265,34,0,0.000023
3622,.......((.(((......))).)).............(....)....((....))......((.......))...,10,-3.265,19,0,0.000023
3623,..(.....).....................((((...(((.......(((....)))...........))))))).,11,-3.265,11,0,0.000023
3624,.......((.(((......))).)).....(((.(((.............))).)))..........((...))..,13,-3.265,27,0,0.000023
3625,.......((.((........)).))..((((.......)))).....(((....))).......(.........).,12,-3.265,22,0,0.000023
3626,.......((.(((......))).)).....(((.((..((.........)))).)))...................,12,-3.265,25,0,0.000023
3627,.....................(((....))).........(..(((((((....)))........))))..)....,11,-3.264,35,0,0.000023
3628,.......((.(((......))).)).....(((.....((.........))...)))...................,10,-3.264,21,0,0.000023
3629,..........(((......)))......(((.......)))......(((....)))..........(.....)..,10,-3.264,22,0,0.000023
3630,.......((.((..(...).)).))..((((.......)))).....(((....))).....(.(...).).....,14,-3.264,25,0,0.000023
3631,.......((.(((......))).)).(.....).((....)).....(((....))).....(.(...).).....,13,-3.264,21,0,0.000023
3632,...........(((......)))........((..........))..(((....)))...................,8,-3.264,28,0,0.000023
3633,.......((.(((......))).))..((((.......)))).....(((....)))..(....(...).....).,14,-3.264,21,0,0.000023
3634,.....(.((.(((......))).)).)...((((.........(((((((....)))........))))..)))).,17,-3.264,15,0,0.000023
3635,.......((..((((....))))..))...((((.........(((((((....)))........))))..)))).,17,-3.264,28,0,0.000023
3636,.......((.(((......))).))....((.......))......((((....))((......))..))......,13,-3.264,21,0,0.000023
3637,......((((.........((((....((((.......))))....)).))...........))))..........,12,-3.263,44,0,0.000023
3638,.......((.(((......))).)).....((((...(((...............(....).......))))))).,13,-3.263,7,0,0.000023
3639,.......((.(((......))).)).....((((...(((................((......))..))))))).,14,-3.263,9,0,0.000023
3640,.......((.(((......))).))....(.........).......(((....)))..(.((.(...).))..).,13,-3.263,19,0,0.000023
3641,.......((.(((......))).)).....((((...(((.(.....((......)).........).))))))).,15,-3.262,4,0,0.000023
3642,.......((.(((......))).))....((.......)).........(....)............((...))..,10,-3.262,20,0,0.000023
3643,...((.....)).........(((....))).......(....)...(((....))).....(.(...).).....,11,-3.262,32,0,0.000023
3644,.......((.(((......))).))......((.((....)).)).((....................))......,11,-3.262,27,0,0.000023
3645,.......((.(((......))).)).....(.....).(....)...(((....))).....((.......))...,12,-3.262,18,0,0.000023
3646,.......((.(((......))).)).....(((..((.((......))..))..)))........(........).,13,-3.262,26,0,0.000023
3647,.......((.(((......))).))..((((.......)))).......(....).......(.(...))......,12,-3.261,25,0,0.000023
3648,.........((.......)).(....)...((((...(((.......(((....)))...........))))))).,13,-3.261,13,0,0.000023
3649,..........(((......)))................(....)...(((....))).....((.......))...,9,-3.261,21,0,0.000023
3650,.......((.(((......))).))..((((.......)))).(..((((....)))..)..).............,14,-3.261,23,0,0.000023
3651,.......((.(((......))).)).(.....)..............(((....)))..((.((.......)))).,13,-3.26,19,0,0.000022
3652,.......((.(((......))).))......((.((....)).))....(....).........(...).......,11,-3.26,25,0,0.000022
3653,.......((.(((......))).))..((((((.((....)).))....)))).........(.(...).).....,15,-3.26,34,0,0.000022
3654,.......((.(((......))).))......((.((....)).))..(((....((((......)).))...))).,16,-3.26,30,0,0.000022
3655,..(.((....(((......)))..)).)..((((.............(((....)))..............)))).,13,-3.26,15,0,0.000022
3656,...........((......))......((((.......)))).....(((....)))...................,9,-3.259,25,0,0.000022
3657,........((.(((((....)))......)).))...(((.......(((....)))...........))).....,13,-3.259,24,0,0.000022
3658,.......((.(((......))).))....((.......)).....(((.((..(.(........).).)).)))..,14,-3.259,27,0,0.000022
3659,..(.....)..(((......)))....((((.......)))).....(((....)))...(.(......).)....,13,-3.259,34,0,0.000022
3660,..((...))..(((......)))....((((.......)))).....(((....))).......(...).......,13,-3.258,34,0,0.000022
3661,.......((.(((......))).))...(((.......)))........(....)....((............)).,11,-3.258,23,0,0.000022
3662,.......((.(((......))).))......................(((....)))........(.((...))).,11,-3.258,16,0,0.000022
3663,.......((.(((......))).)).....((((....(((......(((....))).........).)).)))).,15,-3.258,4,0,0.000022
3664,.......((.(((......))).)).....((((....((....(..(((....)))....)......)).)))).,15,-3.258,4,0,0.000022
3665,.......((.((........)).))..((((.......)))).....(((....)))..(..............).,12,-3.258,22,0,0.000022
3666,.......((.(((......))).))..((((.......))))......((....)).....(............).,12,-3.257,22,0,0.000022
3667,...(((.((.(((......))).)).....))).((.....))....(((....))).....(.(...).).....,15,-3.257,23,0,0.000022
3668,.....(.((.(((......))).)).)...(((.(((.((......))..))).))).......(...).......,15,-3.257,30,0,0.000022
3669,.......((..((((....))))..))...(((.(((.((......))..))).))).......(...).......,15,-3.257,43,0,0.000022
3670,...........((((((..(((((....))).......))..))))))................(...).......,12,-3.256,43,0,0.000022
3671,.......((.(((......))).))......((.((....)).))....(....).....(.(.(...)).)....,13,-3.256,27,0,0.000022
3672,.......((.(((......))).))...(((((.(((.((......))..))).)))..))...(...).......,16,-3.256,32,0,0.000022
3673,.......((.(((......))).)).......................((....)).............(....).,8,-3.256,16,0,0.000022
3674,.......((.(((......))).)).....(((.....(....)...(((....))).....(.(...).).))).,14,-3.256,11,0,0.000022
3675,.......((.(((......))).))..((((.(..............).))))...........(...).......,11,-3.256,27,0,0.000022
3676,.....................(((....)))...(((.((......))..))).......................,8,-3.256,40,0,0.000022
3677,.......(((((((((((.((((......)).......)).)))))))........))))..(.(...).).....,17,-3.256,49,0,0.000022
3678,.......((.(((......))).))..((((.......)))).(.(((((....)))........)).).......,15,-3.255,24,0,0.000022
3679,.......((.(((......))).))..((((.......)))).((.((((....)))........).)).......,15,-3.255,24,0,0.000022
3680,..(.....)..((((....))))........((.((....)).))..(((....))).....(.(...).).....,14,-3.255,36,0,0.000022
3681,.......(((((((((((.((.((..((...))..)).)).)))))))........))))................,17,-3.255,50,0,0.000022
3682,.......((.(((......))).)).....(((((.........(..(((....)))...).........))))).,14,-3.255,9,0,0.000022
3683,.......((.(((......))).))......((.(((.((......))..))).))...(.((.(...).))..).,16,-3.255,31,0,0.000022
3684,......(((.(((......))).)).)....((.((....)).))..(((....))).....(.(...).).....,15,-3.255,24,0,0.000022
3685,........(.(((......))).)..............(....)...(((....)))...................,8,-3.255,17,0,0.000022
3686,.......((.(((......))).))......((.(.....)..))..(((....)))..........(.....)..,12,-3.255,19,0,0.000022
3687,..((...))..(((......)))....((((.......)))).....(((....)))...(.(.(...)).)....,15,-3.255,36,0,0.000022
3688,...........((((....))))......((.......))........((....))....................,8,-3.255,30,0,0.000022
3689,..........(....).....(((....)))................(((....)))..((.(.(...).)..)).,11,-3.254,32,0,0.000022
3690,...........((........))....((((.......)))).....(((....)))...(.(......).)....,11,-3.254,32,0,0.000022
3691,........(.(((......))).)....(((.......)))......(((....))).....(.(...).).....,12,-3.254,21,0,0.000022
3692,.......((.(((......))).)).........((.....))....(((....))).....(......)......,11,-3.254,19,0,0.000022
3693,.......((((....(((...((....((((.......)))).......)).))).))))................,13,-3.254,46,0,0.000022
3694,...........(((......))).....(((.......)))......(((....))).....((.......))...,11,-3.254,31,0,0.000022
3695,.......((.(((......))).)).........((.....))...((((....)))..)................,11,-3.254,20,0,0.000022
3696,...........(.(((....))).).....((((.............(((....)))..............)))).,11,-3.254,20,0,0.000022
3697,.......((.(((......))).))......(((((.......(((((((....)))........)))))))))..,17,-3.254,17,0,0.000022
3698,...(...........).....(((....)))......(((.......(((....)))...........))).....,10,-3.254,23,0,0.000022
3699,.....(.((.(((......))).)).)...(((.(((.((......))..))).)))...(.(.(...)).)....,17,-3.253,32,0,0.000022
3700,...(((.((.(((......)))...))...))).((....)).....(((....)))...................,13,-3.253,27,0,0.000022
3701,.......((..((((....))))..))...(((.(((.((......))..))).)))...(.(.(...)).)....,17,-3.253,45,0,0.000022
3702,.......((.(((......))).)).....((((..((......(..(((....)))..).........)))))).,15,-3.253,9,0,0.000022
3703,..(.....)..((((((..(((((....))).......))..))))))........((......))..........,14,-3.253,46,0,0.000022
3704,.......((.(((......))).)).....(.....)........(((.((.................)).)))..,11,-3.253,24,0,0.000022
3705,.......((.(((......))).)).........((.....))....(((....)))..((...(...)....)).,13,-3.253,21,0,0.000022
3706,...........((((((..(((((....))).......))..))))))............(.(.(...)).)....,14,-3.253,45,0,0.000022
3707,..................(.....).....((((...(((.......(((....)))...........))))))).,11,-3.253,11,0,0.000022
3708,..(.((..(.(((......))).))).)..((((...(((....((((((....)))........)))))))))).,20,-3.253,13,0,0.000022
3709,...(((.((..((((....))))..))...)))..............(((....))).....(.(...))......,14,-3.253,34,0,0.000022
3710,..........(((......))).....((((.......)))).....(((....)))....(............).,11,-3.253,24,0,0.000022
3711,.......((.(((......))).))......((.(......).))..(((....)))..((............)).,13,-3.252,20,0,0.000022
3712,...........................((((.......)))).....(((....)))...................,7,-3.252,29,0,0.000022
3713,...(((.((.(((......))).)).....))).((....)).....(((....))).......(...).......,14,-3.252,22,0,0.000022
3714,...........((((....)))).......(((.(((.((......))..))).)))........(........).,13,-3.252,41,0,0.000022
3715,.......((.(((......))).))..((((.(..............).)))).......(.(.(...)).)....,13,-3.252,29,0,0.000022
3716,.......(((((((((((...((...............)).)))))))........))))..((.......))...,15,-3.252,48,0,0.000022
3717,..(.....).(((......)))......(((.......)))......(((....)))...................,10,-3.252,22,0,0.000022
3718,.......((.(((......))).))......((.(((.((......))..))).)).((............))...,14,-3.251,29,0,0.000022
3719,..........(((......))).........................(((....)))............(....).,7,-3.251,18,0,0.000022
3720,.......((.(((......))).)).(.....)....(.....)...(((....))).....(.(...).).....,12,-3.251,18,0,0.000022
3721,.......((.(((......))).)).........((....)).((((..................)))).......,11,-3.251,31,0,0.000022
3722,..........(((......)))........(((.(((.((......))..))).)))..(.((.(...).))..).,15,-3.25,35,0,0.000022
3723,.......((..((......))..)).....((((...((....(((((((....)))........)))))))))).,17,-3.25,11,0,0.000022
3724,.......(..((........))..).....((((...(((.......(((....)))...........))))))).,13,-3.25,4,0,0.000022
3725,..........(((......)))........(((....(((....(..(((....)))..)........))).))).,13,-3.25,8,0,0.000022
3726,..........(((......)))........((((....((....((((((....)))........))))).)))).,15,-3.25,12,0,0.000022
3727,.......((.(((......))).)).............((......))......((...........)).......,9,-3.25,22,0,0.000022
3728,.......((.(((......))).)).(.....).....((......))..............(.(...).).....,10,-3.25,24,0,0.000022
3729,.....................(((....))).......((.........)).........................,5,-3.249,34,0,0.000022
3730,.........(.((.(((..(....)))).)).)....(((.......(((....)))...........))).....,13,-3.249,26,0,0.000022
3731,.......((.(((......))).)).........((....)).....((((.....((......)).....)))).,13,-3.249,28,0,0.000022
3732,...(((.((.(((......))).)).....))).((....)).....(((....)))...(.(.(...)).)....,16,-3.249,24,0,0.000022
3733,..(.((..(.(((......))).))).)..(((....(((.......(((....)))...........))).))).,16,-3.248,9,0,0.000022
3734,.......((.(((......))).)).....((((((.((.........((....))........))...)))))).,15,-3.248,12,0,0.000022
3735,.......((.(((......))).)).....(((....((....((((..................)))))).))).,14,-3.248,17,0,0.000022
3736,.......((.(((......))).))..((((.......)))).......(....)....((.((.......)))).,14,-3.248,27,0,0.000022
3737,.......((.(((......))).))..((((..................))))......((............)).,11,-3.248,28,0,0.000022
3738,.........(.....).....(((....))).......(....)...(((....))).......(...).......,9,-3.248,31,0,0.000022
3739,.......((.(((......)))...))...........(....)...(((....)))...................,9,-3.248,21,0,0.000022
3740,..(.....)..(((......))).......((((..((.....(((((((....)))........)))))))))).,17,-3.248,27,0,0.000022
3741,.........(.(((((((..((((....))).......)..))))))).)......((......))..........,14,-3.248,48,0,0.000022
3742,.......((.(((......))).))(.((((.......))))..)..(((....)))........(........).,14,-3.248,22,0,0.000022
3743,.......((.(((.....).)).)).............(....)...(((....)))...................,9,-3.248,18,0,0.000022
3744,.......((.(((......))).)).(.....)...............((....))....................,8,-3.248,17,0,0.000022
3745,..........(((......)))...............(((.(.....(((....))).........).))).....,10,-3.248,14,0,0.000022
3746,......((..((.((((((..((....((((.......))))....))..))........)))).))..)).....,16,-3.248,52,0,0.000022
3747,.......((.(((......))).)).....((((...(((......((((....)))........)..))))))).,16,-3.248,2,0,0.000022
3748,...(((.((..((((....))))..))...))).....(....)...(((....)))........(........).,14,-3.247,34,0,0.000022
3749,.......((.(((.(...)))).))..((((.......))))...(((.((.................)).)))..,15,-3.247,30,0,0.000022
3750,.......((.(((......))).)).....((((..(..(.......(((....)))...........).))))).,14,-3.247,5,0,0.000022
3751,.......((.(((.....).)).))...(((.......)))......(((....))).....(.(...).).....,13,-3.247,22,0,0.000022
3752,.......((.(((......))).))..((((.......)))).....(((....)))..(.(..(...)..)..).,15,-3.247,22,0,0.000022
3753,...........((((....))))..(.((((.......))))..)..(((....)))........(........).,13,-3.246,35,0,0.000022
3754,.......((.(((......))).))....((.......)).......(((....)))..(((....)......)).,13,-3.246,19,0,0.000022
3755,...(((....(((......)))........)))..............(((....))).....((.......))...,11,-3.246,23,0,0.000022
3756,.......((.(((......))).)).((...))..............(((....))).....(.(...))......,12,-3.246,18,0,0.000022
3757,...........((((....))))....((((.......)))).((((..................)))).......,12,-3.246,45,0,0.000022
3758,.......((.(((......))).)).........((.....))....(((....))).....(.........)...,11,-3.246,19,0,0.000022
3759,.........(.(((((((..........(((.......)))))))))).)..........................,11,-3.245,45,0,0.000022
3760,.........(.((((((..........((((.......)))))))))).)..........................,11,-3.245,45,0,0.000022
3761,..........(((......)))...(.((((.......))))..)..(((....)))..(.((.(...).))..).,15,-3.245,29,0,0.000022
3762,.........(.....).....(((....))).......(....)...(((....)))...(.(.(...)).)....,11,-3.244,33,0,0.000022
3763,.......((.(((......))).)).........(.....)......(((....)))...(.(......).)....,11,-3.244,18,0,0.000022
3764,.......((.(((......))).))..(((.........))).....(((....))).............(...).,12,-3.244,19,0,0.000022
3765,...........((((....))))......((.......)).......(((....))).......(.........).,10,-3.244,29,0,0.000022
3766,...........((((....))))....((((.......)))).....((((.....((......)).....)))).,14,-3.244,42,0,0.000022
3767,...........((........)).......((((..((.....(((((((....)))........)))))))))).,15,-3.244,25,0,0.000022
3768,...(((.((..((((....))))..))...))).((....)).....(((....))).....(.(...).).....,16,-3.244,38,0,0.000022
3769,.......((.(((......))).)).............(....)...((((...((...........))..)))).,12,-3.244,23,0,0.000022
3770,.......((.(((......))).))............(.....)...(((....)))........(........).,10,-3.243,16,0,0.000022
3771,.......((.(((......))).)).........(((.((......))..)))..............((...))..,12,-3.243,28,0,0.000022
3772,.......((.(((.(...)))).)).....((((...(((.....(((((....)))........)).))))))).,18,-3.243,6,0,0.000022
3773,.......((.(((......))).))..((((.......)))).....(((....)))(...)..............,13,-3.243,21,0,0.000022
3774,.......((.(((......))).)).............((......)).................(........).,8,-3.242,22,0,0.000022
3775,........(.(((......))).)...((((.......)))).....(((....))).....((.......))...,13,-3.242,23,0,0.000022
3776,...........(((((((.((.((...........)).)).)))))))........((......))..........,13,-3.242,47,0,0.000022
3777,.......((.(((......))).)).....((((....(....)...(((....))).....(.(...).))))).,15,-3.242,9,0,0.000022
3778,.......((.(((......))).))....(((...)..)).......(((....)))...................,11,-3.241,16,0,0.000022
3779,...........(((......)))........................(((....)))...(.(......).)....,8,-3.241,28,0,0.000022
3780,.......((..(((......)))..))((((.......)))).....(((....)))..((.(.(...).)..)).,16,-3.241,37,0,0.000022
3781,..........(((......)))....((...))..............(((....)))..((.(.(...).)..)).,12,-3.241,24,0,0.000022
3782,.......((.(((......))).)).((...)).....(....)...(((....)))........(........).,12,-3.24,18,0,0.000022
3783,...(((.((.(((......)))...))...)))....(.....)...(((....)))...................,12,-3.24,24,0,0.000022
3784,.......((.(((......))).))..((((.......)))).....(((....)))....(..(......)..).,14,-3.24,21,0,0.000022
3785,..((...))..((......))(((....)))......(((.......(((....)))...........))).....,13,-3.24,19,0,0.000022
3786,...(((.((..((((....))))..))...)))..............(((....)))..((.((.......)))).,16,-3.24,36,0,0.000022
3787,.......((.(((.(...)))).)).....((((...((........(((....))).......)).....)))).,15,-3.239,10,0,0.000022
3788,.......((.(((......))).))...(((.......)))..(...(((....))))......(...).......,13,-3.239,20,0,0.000022
3789,.........(.((.((..........)).)).)....(((.......(((....)))...........))).....,11,-3.239,24,0,0.000022
3790,...(((.((.(((......))).)).....)))....(.....)...(((....))).......(...).......,13,-3.239,19,0,0.000022
3791,.....(....)(((......))).......((((...(((.......(((....)))...........))))))).,14,-3.239,13,0,0.000022
3792,...(((.((.(((......)))...))...))).....((......))............................,10,-3.239,30,0,0.000022
3793,.......((.(((......))).)).............(....)..................(.(...).).....,8,-3.239,23,0,0.000022
3794,..........(((......)))..(....).......(((.......(((....)))...........))).....,10,-3.239,13,0,0.000022
3795,.....(.((.(((......))).)).)...........(....)...(((....))).....(.(...).).....,12,-3.238,19,0,0.000022
3796,.......((..((((....))))..))...........(....)...(((....))).....(.(...).).....,12,-3.238,32,0,0.000022
3797,.......((.(((......))).)).............(....)....((....))...((............)).,10,-3.238,19,0,0.000022
3798,...........(.(((....))).)...(((.......)))......(((....)))...................,10,-3.238,31,0,0.000022
3799,...(((.((.(((......))).)).....))).....((......))................(...).......,11,-3.238,25,0,0.000022
3800,......((..((.((((....(((....)))((..........))..(((....)))...)))).))..)).....,16,-3.238,40,0,0.000022
3801,.........(.((((((..(((((....))).......))..)))))).)............(.(...).).....,14,-3.238,45,0,0.000022
3802,...........(((......)))...............(....)...(((....)))..((.(.(...).)..)).,11,-3.238,31,0,0.000022
3803,..((...))..((((....))))......((.......)).......(((....)))...(.(......).)....,13,-3.238,32,0,0.000022
3804,...........(((......)))...((...))..........(((((((....)))........)))).......,12,-3.238,35,0,0.000022
3805,..........(((......))).....((((.......)))).....(((......((......))......))).,12,-3.238,32,0,0.000022
3806,.......((.(((......))).))......((.((....)).))..(((....)))(......)...........,13,-3.238,22,0,0.000022
3807,.......((..((......))..))......((.((....)).))..(((....)))...................,11,-3.237,22,0,0.000022
3808,.......((.(((......))).))....((...............))((....))....................,9,-3.237,18,0,0.000022
3809,.......((.(((......))).))....((.(.((....)).)..)).(....).....................,11,-3.237,25,0,0.000022
3810,.......((.(((......))).)).(.....)..............(((....))).......(.........).,10,-3.237,16,0,0.000022
3811,...........((((....))))......((.......)).......(((....)))..(..............).,10,-3.237,29,0,0.000022
3812,...........((((....)))).......((((...(((......(.((....))...)........))))))).,14,-3.237,17,0,0.000022
3813,.......((.(((......))).))..((((.......)))).(...(((....)))).........((...))..,15,-3.237,22,0,0.000022
3814,.......((.(((......))).))............(((.(.(...(((....))).....)...).))).....,13,-3.237,12,0,0.000022
3815,.......((.(((......))).)).((...)).((....)).....(((....))).....(.(...).).....,14,-3.237,22,0,0.000022
3816,.......(..(((......)))..)..................(((((((....)))........)))).......,11,-3.237,23,0,0.000022
3817,.......((.(((......))).)).....((((...(((..(.(((.......))........).).))))))).,16,-3.237,12,0,0.000022
3818,...........((.(((........))).))................(((....)))...................,8,-3.237,31,0,0.000022
3819,.......(..(((......)))..)....((.......)).......(((....))).......(...).......,10,-3.237,18,0,0.000022
3820,...........(((((((.(((((....))).......)).)))))))..............((.......))...,14,-3.236,46,0,0.000022
3821,.......((.(((......))).)).............((.........))................((...))..,9,-3.236,22,0,0.000022
3822,.......((.(((......))).))......(..((....))..)..(((....)))...(.(......).)....,13,-3.236,21,0,0.000022
3823,...(((.((.(((......))).)).....)))..........(((((((....)))........))))(....).,16,-3.236,24,0,0.000022
3824,.......((.((........)).)).............(....)...(((....))).......(...).......,9,-3.236,18,0,0.000022
3825,..(.....)..((........))....((((.......)))).....(((....)))...................,10,-3.236,31,0,0.000022
3826,.......((.(((......))).))...(((.......)))..(...(((....))))..(.(.(...)).)....,15,-3.236,22,0,0.000022
3827,.......(..(((......)))..)..((((.......)))).....(((....)))............(....).,12,-3.236,21,0,0.000022
3828,...........(((......))).......((((...(((...(...(((....))).....).....))))))).,14,-3.236,14,0,0.000022
3829,.......((.((........)).)).......(.((....)).)...(((....)))...................,10,-3.236,21,0,0.000022
3830,...(((.((.(((......))).)).....)))....(.....)...(((....)))...(.(.(...)).)....,15,-3.236,21,0,0.000022
3831,..((...))............(((....)))...((....)).....(((....)))...................,10,-3.235,33,0,0.000022
3832,......((..((.((((....(((....)))...(((.((......))..))).......)))).))..)).....,16,-3.235,51,0,0.000022
3833,.......((.(((......))).))......................(((....)))((..(......)..))...,11,-3.235,17,0,0.000022
3834,...........((((....))))...(.....)..............(((....)))...(.(......).)....,10,-3.235,30,0,0.000022
3835,.......((.(((......))).)).......(......).......(((....))).....(((...)..))...,12,-3.235,17,0,0.000022
3836,.......((.(((......))).)).....(.....).(....)...(((....)))..((............)).,12,-3.235,18,0,0.000022
3837,.......((.(((......))).)).........((....)).....(((....)))....(......).......,11,-3.235,19,0,0.000022
3838,.......((.(((.....).)).))..((((.......)))).....(((....))).....((.......))...,14,-3.235,24,0,0.000022
3839,.......((.(((......))).)).(.....).((.....))....(((....)))...................,11,-3.235,19,0,0.000022
3840,...(((.((.(((......))).)).....))).....((......))............(.(.(...)).)....,13,-3.234,27,0,0.000022
3841,..((...)).(((......)))........(((.(((.((......))..))).)))...................,13,-3.234,33,0,0.000022
3842,.......((.(((......))).)).............(....)...(((....))).......(...).(...).,11,-3.234,16,0,0.000022
3843,..............((....)).....((((.......)))).....(((....))).....(.(...).).....,11,-3.234,33,0,0.000022
3844,.......((.(((......))).))..((((.......))))....(...).....((......))..........,12,-3.234,30,0,0.000022
3845,..........(((......)))................(....)...(((....)))..((............)).,9,-3.234,21,0,0.000022
3846,.......((.(((......))).))....((.......)).......(((....)))(..............)...,11,-3.234,16,0,0.000022
3847,.......((.(((......))).))..((((.......))))......((....))..(.(.(......).).)..,14,-3.233,24,0,0.000022
3848,.......((.((........)).))..((((.......)))).....(((....))).....(......)......,12,-3.233,22,0,0.000022
3849,.......((.((........)).))..((((.......))))....((((....)))..)................,12,-3.233,23,0,0.000021
3850,..(.....)............(((....)))................(((....)))...(.(......).)....,9,-3.233,30,0,0.000021
3851,.......(..(((......)))..)....((.......)).......(((....)))...(.(.(...)).)....,12,-3.233,20,0,0.000021
3852,.......((.(((......))).)).((...))..............(((....)))..((.((.......)))).,14,-3.233,20,0,0.000021
3853,..((...))............(((....)))................(((....))).......(...).......,9,-3.233,30,0,0.000021
3854,.......((.((........)).)).............(....)...(((....)))...(.(.(...)).)....,11,-3.232,20,0,0.000021
3855,..(((.........)))....(((....)))............(((((((....)))........)))).......,13,-3.232,40,0,0.000021
3856,.......((.((........)).))..((((.......)))).....(((....)))..((...(...)....)).,14,-3.232,24,0,0.000021
3857,...........((((....))))...(.....).....(....)...(((....)))..((.(.(...).)..)).,13,-3.232,33,0,0.000021
3858,..........(((......))).....((((.......)))).......(....).....................,8,-3.231,27,0,0.000021
3859,...........(((......)))......((.......)).......(((....)))..........((...))..,10,-3.231,28,0,0.000021
3860,.......((.(((......))).)).....(.......)........(((....)))...................,9,-3.231,14,0,0.000021
3861,...(((.((..((((....))))..))...)))....(.....)...(((....))).....(.(...).).....,15,-3.23,35,0,0.000021
3862,...(((.((.(((......))).)).....))).....(....)...(((....)))...(.....).........,13,-3.23,20,0,0.000021
3863,.........((.......)).(((....)))...((....)).....(((....)))...................,10,-3.23,33,0,0.000021
3864,.......((.(((......))).)).(.....)..............(((....)))..(..............).,10,-3.23,16,0,0.000021
3865,.......((.(((......))).))......((..........))....((.................))......,9,-3.23,23,0,0.000021
3866,.......((.(((......))).)).....((..(((.((......))..)))..))............(....).,13,-3.23,27,0,0.000021
3867,...........(((......)))....((((.......)))).....(((....))).....(.(...))......,12,-3.23,33,0,0.000021
3868,...........((((....))))....((((.......)))).....(((....)))....(......).......,12,-3.23,33,0,0.000021
3869,.......((.(((......))).))..((((.......)))).........................(.....)..,10,-3.23,26,0,0.000021
3870,..(.....)............(((....))).......(....)...(((....)))..((.(.(...).)..)).,12,-3.23,33,0,0.000021
3871,.......((.((........)).)).....((((...(((.......(((....)))...(.....).))))))).,15,-3.23,4,0,0.000021
3872,.......((.(((......))).)).............((......))((....))((......))..........,11,-3.229,20,0,0.000021
3873,..(.....)..((((....)))).....(((.......)))......(((....)))..((.(.(...).)..)).,15,-3.229,35,0,0.000021
3874,...(((.((..((((....))))..))...))).....((......))..............(.(...).).....,13,-3.229,41,0,0.000021
3875,.......((.((........)).)).....((((...(((..(.(..(((....))).......).).))))))).,16,-3.229,6,0,0.000021
3876,.......((((((((((..........((((.......))))))))))........))))..((.......))...,16,-3.229,50,0,0.000021
3877,.......(((((((((((..........(((.......))))))))))........))))..((.......))...,16,-3.229,50,0,0.000021
3878,..((...))............(((....)))................(((....)))...(.(.(...)).)....,11,-3.229,32,0,0.000021
3879,.......((.(((......))).))....((......(((.......(((....)))...........)))))...,13,-3.229,9,0,0.000021
3880,..((...)).(((......)))...(.((((.......))))..)..(((....)))...................,13,-3.229,27,0,0.000021
3881,...........(((......)))........((.((....)).))..(((....))).......(...).......,11,-3.228,33,0,0.000021
3882,...(((.((.(((......))).)).....))).............((((....)))..)..(.(...).).....,14,-3.228,21,0,0.000021
3883,.......((.((........)).))......((.((....)).))..(((....)))...(.(......).)....,13,-3.228,24,0,0.000021
3884,..((...))............(((....)))......(((....((((((....)))........)))))).....,14,-3.228,29,0,0.000021
3885,..........(((......)))........(((((((.((......))..)))..................)))).,12,-3.228,23,0,0.000021
3886,.......((.(((......))).))....................(((((....)))...............))..,10,-3.228,16,0,0.000021
3887,.......((.(((......))).))....((.......)).......(((....)))..(..(((...)..)).).,14,-3.228,19,0,0.000021
3888,.......((.(((......))).)).......(..(.....).)...(((....)))...................,10,-3.228,17,0,0.000021
3889,.........((.......)).(((....)))................(((....))).......(...).......,9,-3.227,30,0,0.000021
3890,..........(((......)))............((....)).(((((((....)))........)))).......,12,-3.227,29,0,0.000021
3891,...(((.((..((((....))))..))...)))...............((....))....................,11,-3.227,34,0,0.000021
3892,.......((..((......))..)).....(((.(((.((......))..))).))).....(.(...).).....,14,-3.227,31,0,0.000021
3893,..((...))..(((......)))......((.......)).......(((....))).....(.(...).).....,12,-3.227,31,0,0.000021
3894,...........(((......))).....(((.......)))......(((....)))..((............)).,11,-3.227,31,0,0.000021
3895,.......((.(((......))).))...(((.......))).....((((....)))..).......(.....)..,13,-3.227,20,0,0.000021
3896,.......((.(((......))).))....((.......)).......(((....)))........(..(...).).,12,-3.227,16,0,0.000021
3897,.......((.(((......))).))....((.(..........)..))........((......))..........,10,-3.227,26,0,0.000021
3898,.......((((((((((..(((((....))).......))..))))))........)))).......(.....)..,16,-3.226,47,0,0.000021
3899,.......((.(((......))).))........((..(((.......(((....)))...........))).))..,13,-3.226,9,0,0.000021
3900,.......((.(((......))).))...(.(((.(((.((......))..))).))).)...(.(...).).....,16,-3.226,31,0,0.000021
3901,...(((.((.(((......))).)).....)))................((.................))......,10,-3.226,24,0,0.000021
3902,..((...))..(((......))).......(((((............(((....))).............))))).,13,-3.226,21,0,0.000021
3903,.......((.(((......))).))..((((.......)))).......(....).........(.........).,11,-3.225,24,0,0.000021
3904,.......((.(((......))).)).....................((((....))).......)...........,9,-3.225,16,0,0.000021
3905,..........(((......)))........(((....((....(((((((....)))........)))))).))).,15,-3.225,15,0,0.000021
3906,...........(((......)))........((.((....)).))..(((....)))...(.(.(...)).)....,13,-3.225,35,0,0.000021
3907,.......((.((........)).))..((((.......)))).....(((....))).....(.........)...,12,-3.225,22,0,0.000021
3908,.......((.(((......))).))....((.(..............).))...........(.(...).).....,10,-3.224,24,0,0.000021
3909,.......((.(((......))).)).....(.....)..((..(((((((....)))........))))....)).,15,-3.224,23,0,0.000021
3910,...........(((......)))...(.....)..............(((....))).....(.(...).).....,9,-3.224,29,0,0.000021
3911,.......((.(((......))).)).....(((.(((.((......))..))).)))..((.(.(...)...))).,17,-3.224,31,0,0.000021
3912,......(((.(((.(...)))).)).)...((((...(((.......(((....)))...........))))))).,17,-3.224,4,0,0.000021
3913,..........(((......)))........((((...(((......((((....))).......)...))))))).,14,-3.224,6,0,0.000021
3914,.......((.(((......))).))....((.......)).......(((....)))..(..(.(...).)...).,13,-3.224,18,0,0.000021
3915,.........((.......)).(((....)))................(((....)))...(.(.(...)).)....,11,-3.224,32,0,0.000021
3916,...(((.((.(((......)))...))...)))..............(((....)))..........(.....)..,12,-3.224,24,0,0.000021
3917,.......((..(((......)))..))...((((...(((....(..(((....)))..)........))))))).,16,-3.224,16,0,0.000021
3918,.......((.(((......))).)).((...))....(.....)...(((....))).....(.(...).).....,13,-3.224,19,0,0.000021
3919,.......((.(((......)))...))((((.......)))).....(((....)))...(.(......).)....,14,-3.223,27,0,0.000021
3920,.......((.(((......))).)).............(....)..((((....)))..)..((.......))...,12,-3.223,19,0,0.000021
3921,.........((.......)).(((....)))......(((....((((((....)))........)))))).....,14,-3.223,29,0,0.000021
3922,..(.....)..(((......)))........................(((....)))...................,7,-3.223,27,0,0.000021
3923,......(...(((......)))..)..((((.......)))).....(((....))).....(.(...).).....,13,-3.223,26,0,0.000021
3924,..(.....).(((......))).....((((.......)))).....(((....)))..((.(.(...).)..)).,15,-3.223,28,0,0.000021
3925,.......((.(((......))).)).((...)).....((......))..............(.(...).).....,11,-3.222,25,0,0.000021
3926,.......((.(((.(...)))).))....((.......)).......(((....)))............(....).,12,-3.222,17,0,0.000021
3927,.......((.((........)).)).....(((.(((.((......))..))).)))............(....).,13,-3.222,29,0,0.000021
3928,.......((.(((......))).))...(((.......)))......(((....)))......(.......)....,12,-3.222,18,0,0.000021
3929,.......((.(((......))).))...(((.......)))....(((((....)))........))..(....).,14,-3.222,21,0,0.000021
3930,.......((.(((......))).)).....((((...(((....(.(.((....))...).)......))))))).,16,-3.221,6,0,0.000021
3931,.......((.(((......))).))...............................((...........)).....,7,-3.221,21,0,0.000021
3932,.......((.(((......))).))......((..(.....).))..(((....)))...(.(......).)....,13,-3.22,20,0,0.000021
3933,.......((.((........)).)).....((((((.((........(((....))).......))...)))))).,15,-3.22,12,0,0.000021
3934,.......((.(((......))).)).((...))...............((....))....................,9,-3.22,18,0,0.000021
3935,...........(((((((.((.................)).)))))))........((......))..........,11,-3.22,44,0,0.000021
3936,.......((.(((......))).)).....(((....(((..(...((((....))).......).).))).))).,16,-3.22,6,0,0.000021
3937,.......((..(((......)))..))...((((....((.......(((....)))...........)).)))).,14,-3.219,16,0,0.000021
3938,...(((....(((......)))........)))..............(((....)))..((............)).,11,-3.219,23,0,0.000021
3939,.......((.(((......))).))....((.......))...((((((......))........)))).......,13,-3.219,24,0,0.000021
3940,.......((.(((......))).))..((((.......)))).(..((.((.................)).)).).,14,-3.219,28,0,0.000021
3941,...........((........))........................(((....)))...................,5,-3.218,25,0,0.000021
3942,.......((.(((......))).))..((((.......)))).......(....)....(..............).,11,-3.218,24,0,0.000021
3943,.......((.(((......))).))..............(.(.(((((((....)))........))))..)..).,14,-3.218,22,0,0.000021
3944,..(.(..((.(((......))).))).)..((((...(((....((((((....)))........)))))))))).,20,-3.218,10,0,0.000021
3945,.....(.((.(((......))).)).)((((.......)))).....(((....)))............(....).,14,-3.218,21,0,0.000021
3946,...(((.((.(((......))).)).....))).....(....)...(((....))).....(.......).....,13,-3.218,19,0,0.000021
3947,.......((.(((......))).)).......(.((....)).)...(((....)))....(............).,12,-3.218,20,0,0.000021
3948,.......((..((((....))))..))((((.......)))).....(((....)))............(....).,14,-3.218,34,0,0.000021
3949,..((...))..((((....))))....((((.......)))).....(((....)))..........((...))..,15,-3.218,35,0,0.000021
3950,.......((.(((......))).))....((.......)).......(((....)))..(((......)....)).,13,-3.218,18,0,0.000021
3951,.......((.(((......))).)).....((...))..........(((....)))..(.((.(...).))..).,14,-3.218,20,0,0.000021
3952,.......((.(((......))).)).......((...(((......((((....)))..)........)))))...,14,-3.218,6,0,0.000021
3953,..(.....)..((((....)))).......((((.........(((((((....)))........))))..)))).,16,-3.217,27,0,0.000021
3954,...........((((....)))).......(.....)..........(((....)))...................,8,-3.217,28,0,0.000021
3955,......(((.(((......))).)).)...((((.........(((((((....)))........))))..)))).,17,-3.217,15,0,0.000021
3956,.....(.((.(((......))).)).)...(((...((.....(((((((....)))........)))))).))).,18,-3.217,18,0,0.000021
3957,.......((..((((....))))..))...(((...((.....(((((((....)))........)))))).))).,18,-3.217,31,0,0.000021
3958,...........(((......)))....((((.......)))).....(((....)))..((.((.......)))).,14,-3.217,35,0,0.000021
3959,...(((.((..((((....))))..))...)))..............(((....))).......(.........).,13,-3.217,33,0,0.000021
3960,..(.....)..((((....))))...(.....)..............(((....)))...................,9,-3.216,29,0,0.000021
3961,.......((.(((.(...)))).)).........((....)).....(((....)))...................,11,-3.216,20,0,0.000021
3962,..........(....).....(....)...((((...(((.......(((....)))...........))))))).,12,-3.215,12,0,0.000021
3963,.......((.(((......))).)).........((....))...(((.((.....((......))..)).)))..,14,-3.215,30,0,0.000021
3964,...........(((((((.(((((....))).......)).))))))).(....).((......))..........,15,-3.215,45,0,0.000021
3965,........(.(((......))).)...((((.......)))).....(((....)))..((............)).,13,-3.215,23,0,0.000021
3966,.......((.(((......))).))...(((.......)))......(((....)))...(.....)..(....).,13,-3.215,19,0,0.000021
3967,...........(((((((..((((....))).......)..)))))))..............(.(...).).....,13,-3.215,46,0,0.000021
3968,...........((((....))))...............(....)...(((....)))............(....).,9,-3.215,28,0,0.000021
3969,.......((.(((......))).)).....((((...(((..(.(.(.((....)).....)..).).))))))).,17,-3.215,8,0,0.000021
3970,.......((..((......))..))...(((.......)))..(((((((....)))........)))).......,14,-3.214,26,0,0.000021
3971,...........((((....)))).......(((....(((..(....(((....))).........).))).))).,14,-3.214,17,0,0.000021
3972,...(((.((..((((....))))..))...))).((.....))....(((....)))...................,14,-3.214,36,0,0.000021
3973,.......((.(((......))).))....((.......))..............((.....)).............,9,-3.214,23,0,0.000021
3974,..(.(..((.(((......))).))).)..(((....(((.......(((....)))...........))).))).,16,-3.214,6,0,0.000021
3975,.......((.(((......))).)).....................((((....)))..).........(....).,10,-3.214,16,0,0.000021
3976,.......((.(((......))).))..(((((...)..)))).(((((((....)))........)))).......,17,-3.214,27,0,0.000021
3977,.......((.(((......))).)).............(....)..((((....)))....)..............,10,-3.214,17,0,0.000021
3978,.......((.(((.(...)))).))......................(((....))).......(...).......,10,-3.213,17,0,0.000021
3979,.......((.(((......))).)).....((((...((((..((..(((....)))....))...).))))))).,18,-3.213,6,0,0.000021
3980,...........((((....))))......((.......)).......(((....))).....(......)......,10,-3.213,29,0,0.000021
3981,........((.((..((........))..)).))...(((.......(((....)))...........))).....,12,-3.213,24,0,0.000021
3982,...........((((....))))......((.......))......((((....)))..)................,10,-3.213,30,0,0.000021
3983,.......((.(((......))).))............(((.....((.......))((......))..))).....,12,-3.213,19,0,0.000021
3984,.......((.(((......))).))...((.........))......(((....)))..........((...))..,12,-3.212,18,0,0.000021
3985,.......((.(((......))).)).....((((...(((..(.(..(((....)))..)......).))))))).,17,-3.212,4,0,0.000021
3986,..((...))..((((....)))).......(((.(((.((......))..))).)))..((.(.(...).)..)).,18,-3.212,46,0,0.000021
3987,.......((.(((......))).))..(((.........))).....(((....)))...........(...)...,12,-3.212,19,0,0.000021
3988,.......((((...(((..((((....((((.......))))....)).))..)))))))....(...).......,16,-3.212,47,0,0.000021
3989,...........((((....))))......((.......)).......(((....)))..((...(...)....)).,12,-3.212,31,0,0.000021
3990,......(.....)........(((....)))................(((....)))...................,7,-3.212,28,0,0.000021
3991,...........((((....))))....((((.......))))...(((.((.....((......))..)).)))..,15,-3.211,44,0,0.000021
3992,..(.....)..((((....)))).......(((.(((.((......))..))).))).......(...).......,14,-3.21,42,0,0.000021
3993,.........(.(((((((...(((....)))..........))))))).)......((......))..........,13,-3.21,48,0,0.000021
3994,...(((.((.(((......)))...))...)))....(((....(..(((....)))..)........))).....,15,-3.21,19,0,0.000021
3995,......(((.(((......))).)).)...(((.(((.((......))..))).))).......(...).......,15,-3.21,30,0,0.000021
3996,........(.(((......))).)......((((...(((..(....(((....))).........).))))))).,15,-3.21,4,0,0.000021
3997,..........(((......))).....((((.......))))......((....))......(.(...).).....,11,-3.21,27,0,0.000021
3998,.......((((...(((..((((.(..((((.......))))..).)).))..)))))))................,16,-3.21,47,0,0.000021
3999,.......((.(((.(...)))).))......................(((....)))...(.(.(...)).)....,12,-3.21,19,0,0.000021
4000,...........(.((((....(....)...(((.(((.((......))..))).)))...)))).)..........,14,-3.21,47,0,0.000021
4001,.......((.(((......))).)).((...))..............(((....))).......(.........).,11,-3.21,17,0,0.000021
4002,.......((.(((......))).))......................((((.....((...........)))))).,11,-3.21,22,0,0.000021
4003,...(((.((..((((....))))..))...)))..............(((....)))..(..............).,13,-3.21,33,0,0.000021
4004,.......(..(((......)))..).....(((((...((.......(((....)))...........))))))).,14,-3.209,5,0,0.000021
4005,...........(((((((.(((((....))).......)).)))))))...........((............)).,14,-3.209,46,0,0.000021
4006,.......((.(((......))).))..((((.......)))).....((......)).......(...).......,12,-3.209,22,0,0.000021
4007,.......((.(((.(...)))).)).....(((.(((.((......))..))).))).....((.......))...,16,-3.209,31,0,0.000021
4008,...........(.(((....))).)..((((.......)))).....(((....)))..((.(.(...).)..)).,15,-3.209,37,0,0.000021
4009,.......((.(((.(...)))).))............(((....((((((....)))........)))))).....,15,-3.209,16,0,0.000021
4010,...(...)...((((....))))....((((.......)))).....(((....)))...................,12,-3.208,33,0,0.000021
4011,...........((((....))))...((...))..............(((....)))...(.(......).)....,11,-3.208,31,0,0.000021
4012,.......((.(((.....).)).))..((((.......)))).....(((....)))..((............)).,14,-3.208,24,0,0.000021
4013,.......((.(((......))).))..((((.......)))).....(.(....)..)..................,11,-3.208,24,0,0.000021
4014,...................(....)..((((.......)))).....(((....))).....(.(...).).....,10,-3.208,31,0,0.000021
4015,.......((.(((......))).)).((...)).((.....))....(((....)))...................,12,-3.207,20,0,0.000021
4016,.......((.(((......))).))...(((.......))).....((((...............)).))......,12,-3.207,26,0,0.000021
4017,..(.....)..((((....)))).......(((.(((.((......))..))).)))...(.(.(...)).)....,16,-3.207,44,0,0.000021
4018,......(((.(((......))).)).)...(((.(((.((......))..))).)))...(.(.(...)).)....,17,-3.207,32,0,0.000021
4019,....((....(((......)))..))....((((...(((.......(((....)))...........))))))).,15,-3.207,7,0,0.000021
4020,.......((.(((......))).)).....((((...(((...((..(((....)))..)......).))))))).,17,-3.206,4,0,0.000021
4021,.......((.(((......))).))....((((.((....)).)).))((....))....................,13,-3.206,24,0,0.000021
4022,..((...))..((((....))))..(.((((.......))))..)..(((....)))..((.(.(...).)..)).,18,-3.206,40,0,0.000021
4023,.........(.((.(((........))).)).).....(....)...(((....))).....(.(...).).....,12,-3.206,35,0,0.000021
4024,.......((.(((......))).)).(.....)..............(((....))).....(......)......,10,-3.206,16,0,0.000021
4025,.......((.(((......))).)).....((((..(((........(((....))).......))...).)))).,15,-3.206,9,0,0.000021
4026,.......((.(((......))).)).(.....).............((((....)))..)................,10,-3.206,17,0,0.000021
4027,.......((.(((......))).))..((((.......)))).....((......))...(.(.(...)).)....,14,-3.206,24,0,0.000021
4028,.......((.(((......))).)).....(((..(....)..(((((((....)))........))))...))).,16,-3.205,17,0,0.000021
4029,..(.....)..((((....))))..(.((((.......))))..)..(((....))).......(...).......,14,-3.205,36,0,0.000020
4030,.......((.(((......))).))..((((..................))))...((......))...(....).,12,-3.205,29,0,0.000020
4031,.......((.(((......))).)).(.....)..............(((....)))..((...(...)....)).,12,-3.205,18,0,0.000020
4032,.....(.((.(((......))).)).)...((((...(((............................))))))).,13,-3.204,8,0,0.000020
4033,...........((((....)))).......((((...(((.......(((....)))(.......)..))))))).,15,-3.204,15,0,0.000020
4034,...........((((....))))......((.......)).......(((....))).....(.........)...,10,-3.204,29,0,0.000020
4035,.......((..((((....))))..))...((((...(((............................))))))).,13,-3.204,21,0,0.000020
4036,...........(((......)))....((((.......))))......((....))....................,9,-3.204,33,0,0.000020
4037,...........((((....))))...((...)).....(....)...(((....)))..((.(.(...).)..)).,14,-3.204,34,0,0.000020
4038,.....................(((....)))................(((....))).....(.(...))......,8,-3.204,29,0,0.000020
4039,...((((((.(((......))).)).)...)))..............(((....)))..((.(.(...).)..)).,16,-3.203,23,0,0.000020
4040,...(((.((..(((......)))..))...)))..............(((....)))..........((...))..,13,-3.203,32,0,0.000020
4041,.......((.(((......))).))...(((.......))).......................(...).......,9,-3.203,24,0,0.000020
4042,.......((.(((......)))...))...((((...(((..(....(((....))).........).))))))).,16,-3.203,8,0,0.000020
4043,..(.....).(((......)))........((((...(((.(.....(((....))).........).))))))).,15,-3.203,7,0,0.000020
4044,.......((.(((.....).)).)).....((((...(((..(....(((....))).........).))))))).,16,-3.203,5,0,0.000020
4045,.......((.(((......))).)).......(.((....)).)...(((......((......))......))).,13,-3.203,28,0,0.000020
4046,.......((.(((......))).)).((...))..............(((....)))..(..............).,11,-3.203,17,0,0.000020
4047,.......((.(((.(...)))).))......((.((....)).))..(((....)))..((.(.(...).)..)).,17,-3.203,26,0,0.000020
4048,...........((((....)))).......((((...(((.......((......))...........))))))).,13,-3.202,15,0,0.000020
4049,.....................(((....)))((.((....)).))..(((....)))...................,10,-3.202,33,0,0.000020
4050,.......((.(((......))).))....(.............)...(((....)))..((.(.(...).)..)).,13,-3.202,20,0,0.000020
4051,.......((.(((......))).))...(((.......))).......((....))...(.((.(...).))..).,14,-3.201,23,0,0.000020
4052,..(.....)..((((....))))..(.((((.......))))..)..(((....)))...(.(.(...)).)....,16,-3.201,38,0,0.000020
4053,..((...))..((......)).........((((...(((.......(((....)))...........))))))).,14,-3.201,8,0,0.000020
4054,...........((((....)))).......(((..((.((......))..))..)))...................,11,-3.201,38,0,0.000020
4055,.......((.(((......))).)).............(....).(((((....))).............))....,11,-3.2,17,0,0.000020
4056,.......((.(((......))).)).(((((((.(((.((......))..))).)))..))))....((...))..,19,-3.2,36,0,0.000020
4057,.......((.(((......))).))......(((...(((........((....))((......))..))))))..,15,-3.2,7,0,0.000020
4058,...........((((....)))).......(((....(((....(..(((....))).).........))).))).,14,-3.2,17,0,0.000020
4059,.......((.(((......))).))...(((.......)))...(..(((....))).).................,12,-3.2,19,0,0.000020
4060,.......((.(((......))).)).......((...(((........((....))............)))))...,12,-3.2,6,0,0.000020
4061,.......((.(((......))).))...(((.......)))...................(.(.(...)).)....,11,-3.2,26,0,0.000020
4062,...(((.((..(((......)))..))...))).....((......))........((......))..........,12,-3.199,41,0,0.000020
4063,.......((.(((......))).)).....(((.(((.(........)..))).)))..((.(.(...).)..)).,16,-3.199,30,0,0.000020
4064,.......((.(((......))).)).............(....)..(.((....))...)................,9,-3.199,19,0,0.000020
4065,.....................(((....))).......(....)...(((....)))........(........).,8,-3.199,29,0,0.000020
4066,...........((((....)))).....(((.......)))......(((....)))........(........).,11,-3.198,31,0,0.000020
4067,.......((..(((......)))..))...((((...((....(((((((....)))........)))))))))).,18,-3.198,23,0,0.000020
4068,.......((.((..(...).)).))....((.......)).......(((....)))...................,10,-3.198,19,0,0.000020
4069,.......((.(((......))).))......((..........))..((((.....((......)).....)))).,13,-3.198,26,0,0.000020
4070,.......((.(((......))).))..((((.......)))).......(....)..(......)...........,11,-3.198,25,0,0.000020
4071,.......((.(((......))).))...(((.......))).....(.((....))...)..(.(...).).....,13,-3.198,23,0,0.000020
4072,.....(.((.(((......))).)).)...(((....(((....((((((....)))........)))))).))).,18,-3.198,10,0,0.000020
4073,...(((.((.(((......))).)).....))).(((.((......))..)))...((......))..........,15,-3.198,33,0,0.000020
4074,.......((..((((....))))..))...(((....(((....((((((....)))........)))))).))).,18,-3.198,23,0,0.000020
4075,.......((.(((......))).)).(.....)..............(((....))).....(.........)...,10,-3.197,16,0,0.000020
4076,.......((.(((......))).))......((..(....)..))..(((....)))..........((...))..,13,-3.197,19,0,0.000020
4077,.......((.(((......))).))...(((.......))).......((....)).((............))...,12,-3.197,21,0,0.000020
4078,.......((.(((......))).)).....(.....)...(..(((((((....)))........))))..)....,14,-3.197,23,0,0.000020
4079,...........(((......)))...((...))..............(((....))).....(.(...).).....,10,-3.197,30,0,0.000020
4080,..........(((......)))......(((.......)))......(((....)))..(.((.(...).))..).,13,-3.197,25,0,0.000020
4081,.......((.(((......))).)).............(....).....(....).........(...).......,8,-3.197,20,0,0.000020
4082,.......((.(((......))).)).............(....)...(((....((((......)).))...))).,13,-3.197,25,0,0.000020
4083,...........(((((((...((.((.........)).)).)))))))............................,11,-3.196,45,0,0.000020
4084,..((...)).(((......)))........((((.............(((....)))..............)))).,12,-3.196,12,0,0.000020
4085,.......((.(((......))).)).......(.((....)).).....(....).....................,9,-3.196,23,0,0.000020
4086,........(.(((......))).)......((((...(((....(..(((....))).).........))))))).,15,-3.196,4,0,0.000020
4087,..(.(...(.(((......))).).).)..((((...(((.......(((....)))...........))))))).,16,-3.196,6,0,0.000020
4088,.......((.((........)).))....((.......)).......(((....)))..........(.....)..,10,-3.196,18,0,0.000020
4089,.......((.(((......))).))............(((..(.(...................).).))).....,10,-3.196,18,0,0.000020
4090,.......((.(((......))).))....((.......))...(...(((....))))....((.......))...,13,-3.196,19,0,0.000020
4091,.......(..(((......)))..)......................(((....))).....(.(...).).....,9,-3.195,18,0,0.000020
4092,..........(((......)))....(.....)..............(((....))).......(...).......,8,-3.195,20,0,0.000020
4093,..(.((....(((......)))..)).)..((((...(((.(.....(((....))).........).))))))).,17,-3.195,11,0,0.000020
4094,.......((.(((......))).))....((...............))......((.....)).............,9,-3.195,24,0,0.000020
4095,.......((.(((......))).)).............((.........))...((((......)).)).......,11,-3.195,25,0,0.000020
4096,.......((.(((......))).)).............((......))........((..(.....)..)).....,10,-3.195,24,0,0.000020
4097,.......((.(((......))).))..((((..................)))).((.....)).............,11,-3.195,28,0,0.000020
4098,.......((.(((......))).))..((((.......)))).......(....).......(......)......,11,-3.194,24,0,0.000020
4099,..((...)).....................((((...(((.......(((....)))...........))))))).,12,-3.194,12,0,0.000020
4100,.......((.(((......))).))....((((.((....)).))....)).........................,11,-3.194,28,0,0.000020
4101,...(((.((.(((......))).)).....)))..............((((.....((......)).....)))).,14,-3.194,27,0,0.000020
4102,...........(((......)))....((((.......)))).....(((....))).......(.........).,11,-3.194,32,0,0.000020
4103,.......((((....((..((((....((((.......))))....)).))..)).))))....(...).......,15,-3.193,46,0,0.000020
4104,..(.....)............((......))......(((.......(((....)))...........))).....,9,-3.193,21,0,0.000020
4105,.......((.(((......))).)).............(....).....(....).....(.(.(...)).)....,10,-3.193,22,0,0.000020
4106,.......((.(((......))).))..((((.......)))).......(....)....((...(...)....)).,13,-3.193,26,0,0.000020
4107,.......((.(((......))).)).............((......))((....))...((.(.(...).)..)).,13,-3.193,21,0,0.000020
4108,.......((.(((......))).)).....(((....(((.(......((....))..........).))).))).,14,-3.192,6,0,0.000020
4109,.......((.(((......))).))....((..................))........((.(.(...).)..)).,11,-3.192,26,0,0.000020
4110,..(.....)..((((....))))...............(....)...(((....))).....(.(...).).....,11,-3.192,31,0,0.000020
4111,.......((.(((......))).)).............((......))......(.......).............,8,-3.192,22,0,0.000020
4112,......(((.(((......))).)).)...........(....)...(((....))).....(.(...).).....,12,-3.192,19,0,0.000020
4113,.......((((....((..((((.(..((((.......))))..).)).))..)).))))................,15,-3.192,46,0,0.000020
4114,..........(((......)))....(.....)..............(((....)))...(.(.(...)).)....,10,-3.192,22,0,0.000020
4115,.......((.(((......))).))....((.......))...(((....................))).......,10,-3.192,26,0,0.000020
4116,.......((((...((((.((((....((((.......))))....)).)).))))))))..((.......))...,18,-3.192,50,0,0.000020
4117,.....................(((....)))................(((....)))..((.((.......)))).,10,-3.191,31,0,0.000020
4118,..(((.........)))....(((....)))................(((....))).....(.(...).).....,11,-3.191,35,0,0.000020
4119,..........(((......)))....(.....)....(((....((((((....)))........)))))).....,13,-3.191,19,0,0.000020
4120,.......((.(((......))).))...........(.((......))..).........................,8,-3.19,23,0,0.000020
4121,.......((.(((......))).)).....(((((((.(....)...(((....)))..)).........))))).,16,-3.19,12,0,0.000020
4122,.......((.(((......))).)).......((...(((......((((....)))....)......)))))...,14,-3.19,6,0,0.000020
4123,...........(.(((....))).).....((((...(((.(.....(((....))).........).))))))).,15,-3.189,16,0,0.000020
4124,.......((.(((......))).)).....((((...(((..........(...........).....))))))).,13,-3.189,8,0,0.000020
4125,..(.....)..((((....))))...((...))..............(((....)))...................,10,-3.189,30,0,0.000020
4126,.......((.(((......))).))......((.((....)).))....(....).....(.(......).)....,12,-3.189,26,0,0.000020
4127,.......((.(((......)))...))...((((...(((....(..(((....))).).........))))))).,16,-3.189,8,0,0.000020
4128,.......((.(((......))).)).....(((((...((.......(((....)))...(.....).))))))).,16,-3.189,5,0,0.000020
4129,.......((.(((.....).)).)).....((((...(((....(..(((....))).).........))))))).,16,-3.189,5,0,0.000020
4130,.......(((((((((((...((...............)).))))))).(....).))))................,14,-3.188,44,0,0.000020
4131,.......((.(((......))).)).....(((((...((..(.(..(((....))).......).).))))))).,17,-3.188,7,0,0.000020
4132,.......((.(((......))).))......................(((....)))..((((.(...).)).)).,13,-3.188,19,0,0.000020
4133,...........((((....))))........((.((....)).))..(((....)))..........((...))..,13,-3.188,34,0,0.000020
4134,..((...))..(((......)))....((((.......)))).....(((....)))...(.(......).)....,14,-3.188,35,0,0.000020
4135,.......((.(((......))).))......((.(.....)..))..(((....)))..(.((.(...).))..).,15,-3.188,22,0,0.000020
4136,.......((.(((......))).)).........((.....))....(((....))).....(((...)..))...,13,-3.187,21,0,0.000020
4137,...........((.(....).)).......((((...(((.......(((....)))...........))))))).,13,-3.187,12,0,0.000020
4138,.......((.(((......))).))......((.((....)).))..(((....)))...(..........)....,13,-3.187,21,0,0.000020
4139,...........(((......)))....((((.......)))).....(((....)))..(..............).,11,-3.187,32,0,0.000020
4140,.......((.(((......))).))..((((.......)))).(.....)......((......))..........,12,-3.187,29,0,0.000020
4141,.......((.(((......))).))..((...........)).(((((((....)))........)))).......,14,-3.187,25,0,0.000020
4142,.....(.((.(((......))).)).)...((((((.......(((((((....)))........)))))))))).,19,-3.186,17,0,0.000020
4143,.......((..((((....))))..))...((((((.......(((((((....)))........)))))))))).,19,-3.186,30,0,0.000020
4144,.....(.((.(((......))).)).)...(((.(((.((......))..))).)))...(.(......).)....,16,-3.186,31,0,0.000020
4145,.......((..((((....))))..))...(((.(((.((......))..))).)))...(.(......).)....,16,-3.186,44,0,0.000020
4146,...........((((((..(((((....))).......))..))))))............(.(......).)....,13,-3.185,44,0,0.000020
4147,.......((.(((......))).))..((((.......))))....(.((....))...)..((.......))...,14,-3.185,25,0,0.000020
4148,.......((.(((......))).))..((((.......)))).......(....).......(.........)...,11,-3.185,24,0,0.000020
4149,...(((.((..((((....))))..))...)))..............(((....))).....(......)......,13,-3.185,33,0,0.000020
4150,.......((..(((......)))..))....((.((....)).))..(((....)))...................,12,-3.185,34,0,0.000020
4151,.......((.(((.(...)))).)).....(((((..((........(((....))).......))....))))).,16,-3.185,11,0,0.000020
4152,...(((.((..((((....))))..))...))).............((((....)))..)................,13,-3.185,34,0,0.000020
4153,...(((.((.(((......)))...))...)))....((....(((((((....)))........)))))).....,17,-3.185,26,0,0.000020
4154,.......((.(((......))).))..((((.(..............).)))).......(.(......).)....,12,-3.185,28,0,0.000020
4155,.......((.(((......))).))............(((...(..((((....)))..)..).....))).....,13,-3.185,12,0,0.000020
4156,..........(....).....(((....)))...((....)).....(((....)))...................,9,-3.185,32,0,0.000020
4157,.......((.(((......))).)).....((((....((......((((....))).......)...)).)))).,15,-3.185,4,0,0.000020
4158,.......((.(((......)))...)).(((.......)))..(((((((....)))........)))).......,15,-3.184,30,0,0.000020
4159,..((...))..((((....))))........((.((....)).))..(((....))).....(.(...).).....,15,-3.184,37,0,0.000020
4160,...(((.((..((((....))))..))...)))..............(((....)))..((...(...)....)).,15,-3.184,35,0,0.000020
4161,...(((.((.((........)).)).....))).....(....)...(((....)))...................,11,-3.184,20,0,0.000020
4162,.......((.(((......))).))......((..........))..(((....)))....(......).......,11,-3.184,17,0,0.000020
4163,..(.....)..((((....))))....((((.......)))).....(((....)))..........(.....)..,13,-3.183,34,0,0.000020
4164,.......((.(((......))).))....((...............)).(....).......(.(...).).....,10,-3.183,22,0,0.000020
4165,.......((.(((......))).))..((((.......))).)....(((....)))...................,12,-3.183,19,0,0.000020
4166,.......((.(((......))).))..((((.......)).))....(((....)))...................,12,-3.183,19,0,0.000020
4167,.......((.(((......))).)).....(((((....(.......(((....)))...........).))))).,14,-3.183,5,0,0.000020
4168,.......((.(((......))).)).........(......).(((((((....)))........)))).......,13,-3.183,23,0,0.000020
4169,.......((.(((......))).)).......(.(((.((......))..))).)..............(....).,12,-3.183,27,0,0.000020
4170,.......((.(((......))).)).....((((...(((....(((.((....)).........)))))))))).,17,-3.183,8,0,0.000020
4171,.......((.(((......))).))......(..((.....)).)..(((....))).....(.(...).).....,13,-3.182,21,0,0.000020
4172,...........((((....))))..............(.....)...(((....)))...................,8,-3.182,28,0,0.000020
4173,...(((.((.(((......)))...))...))).....(....)...(((....)))..........((...))..,14,-3.182,25,0,0.000020
4174,.......((.(((......))).))..((((.......))))...(((.((....(....).......)).)))..,15,-3.182,29,0,0.000020
4175,.......((.(((.(...)))).)).....(((.(((.((......))..))).)))..((............)).,16,-3.182,31,0,0.000020
4176,...............((........))...((((...(((.......(((....)))...........))))))).,12,-3.182,14,0,0.000020
4177,.......((.(((......))).)).....(((....(((.(....((((....)))....)....).))).))).,16,-3.182,6,0,0.000020
4178,..........(....).....(((....)))................(((....))).......(...).......,8,-3.182,29,0,0.000020
4179,.......((.(((......))).)).....(((.(((.((......))..))).)))(.(........).).....,15,-3.182,29,0,0.000020
4180,.....................(((....)))......(.....)...(((....))).....(.(...).).....,9,-3.182,30,0,0.000020
4181,..((...))..((((((..(((((....))).......))..))))))........((......))..........,15,-3.182,47,0,0.000020
4182,.......((.(((......))).)).......................((....))((...........)).....,9,-3.181,17,0,0.000020
4183,...(((.((.(((......))).)).....))).((....)).....(((....)))...(.(......).)....,15,-3.181,23,0,0.000020
4184,...........((((....))))...............((......))............................,6,-3.181,34,0,0.000020
4185,.......(....)........(((....)))................(((....)))...................,7,-3.181,27,0,0.000020
4186,.......((.(((......))).)).....(((.(((.((......))..))).)))..((.(.(...)).)..).,17,-3.181,31,0,0.000020
4187,.....................(((....))).......((......))..............(.(...).).....,7,-3.181,36,0,0.000020
4188,..((...)).(((......)))......(((.......)))......(((....)))...................,11,-3.18,23,0,0.000020
4189,.......((.(((......))).))..((((.......)))).......(.........)..(.(...).).....,12,-3.18,28,0,0.000020
4190,.......((.(((......))).))..........(....)......(((....)))..((.(.(...).)..)).,13,-3.18,20,0,0.000020
4191,.......((((.....(((..((....((((.......))))....))..)))...))))..(.(...).).....,15,-3.18,49,0,0.000020
4192,.....(..(.(((......))).)..)((((.......)))).....(((....)))...................,12,-3.18,23,0,0.000020
4193,...(((.((.(((......))).)).....)))..............(((....)))....(......).......,12,-3.18,18,0,0.000020
4194,...........((((....)))).......((((.(.......(((((((....)))........))))).)))).,16,-3.179,27,0,0.000020
4195,.......((.(((......))).))....((((.(((.((......))..))).)))..)..((.......))...,16,-3.179,31,0,0.000020
4196,.....................(((....))).................((....))....................,5,-3.178,29,0,0.000020
4197,.......((.(((......))).)).((...))..............(((....))).....(......)......,11,-3.178,17,0,0.000020
4198,.......((.(((......))).)).......(......).......(((....))).............(...).,10,-3.178,14,0,0.000020
4199,...(((.((.(((......))).)).....)))....(((...(...(((....))).....).....))).....,15,-3.178,13,0,0.000020
4200,.......((.(((......))).)).((...)).............((((....)))..)................,11,-3.178,18,0,0.000020
4201,..........(....).....(((....)))................(((....)))...(.(.(...)).)....,10,-3.178,31,0,0.000020
4202,.......((.(((......))).)).....(((.(((.((......))..))).)))...(.(.(...).)..)..,16,-3.178,30,0,0.000020
4203,.......((.(((......))).))....((.(.((....)).)..))...........((.(.(...).)..)).,14,-3.178,31,0,0.000020
4204,.......((.(((......))).))....((.......)).......((......)).....(.(...).).....,11,-3.178,19,0,0.000020
4205,.......((.(((......))).)).(.....)........(.(((((((....)))........))))..)....,14,-3.178,23,0,0.000020
4206,...........(((((((...(((....)))..........)))))))..............(.(...).).....,12,-3.177,46,0,0.000020
4207,..(.....)..(((......))).......((((...(((....(..(((....)))..)........))))))).,15,-3.177,15,0,0.000020
4208,..........(....).....(((....)))......(((....((((((....)))........)))))).....,13,-3.177,28,0,0.000020
4209,.......((.(((......))).))..((((.......)))).....(((....((.(......)..))...))).,15,-3.177,28,0,0.000020
4210,.........(.....).....(((....))).......(....)...(((....)))...(.(......).)....,10,-3.177,32,0,0.000020
4211,.......((.(((......))).)).((...))..............(((....)))..((...(...)....)).,13,-3.177,19,0,0.000020
4212,.......((.(((......))).)).........((....))....((.((.................)).))...,11,-3.177,26,0,0.000020
4213,.......((.(((......))).))..((((.......))))....((......((.....)).....))......,13,-3.177,28,0,0.000020
4214,...(((.((..((((....))))..))...)))..............(((....))).....(.........)...,13,-3.177,33,0,0.000020
4215,.......((.(((......))).))....((.......))......((((....)))............)......,11,-3.177,16,0,0.000020
4216,..((...))..(((......))).......((((..((.....(((((((....)))........)))))))))).,18,-3.177,28,0,0.000020
4217,.......((.(((......))).)).....(((((............((......)).............))))).,12,-3.177,9,0,0.000020
4218,...(((.((.(((......))).)).....))).....((.........)).....((...........)).....,12,-3.176,25,0,0.000020
4219,.......((.(((......))).))...(((.......))).....((.(....).((......))..))......,13,-3.176,25,0,0.000020
4220,.......((.(((......))).))..((((.......)))).......((..(............).))......,12,-3.176,28,0,0.000020
4221,.......((.(((......))).)).......(.((....)).)....((....))......(.(...).).....,12,-3.175,23,0,0.000019
4222,.......((.(((......))).))....((.......))..((((((((....)))........))))..)....,15,-3.175,23,0,0.000019
4223,.......((..(((......)))..))...(((.(((.((......))..))).))).....(.(...).).....,15,-3.175,43,0,0.000019
4224,.......((.(((......))).))......(((...(((..(.(.((((....)))....)..).).))))))..,17,-3.175,8,0,0.000019
4225,.......((.(((......))).)).....(((.(((.((......))..))).)).)..................,13,-3.175,28,0,0.000019
4226,.......((.(((......))).))......((.((....)).))..(((....)))........(.((...))).,15,-3.174,22,0,0.000019
4227,.......((.(((......))).))....((.......))........((....))......(.(...))......,11,-3.174,19,0,0.000019
4228,...................(((((....))).......)).......(((....)))...................,8,-3.174,27,0,0.000019
4229,.......((.(((......))).)).............(....)...(((....)))(......)...........,10,-3.174,17,0,0.000019
4230,.......((..((......))..)).............(....)...(((....)))...................,8,-3.174,17,0,0.000019
4231,.......((.(((......))).))............(((...(...(((....))))..........))).....,12,-3.174,10,0,0.000019
4232,.......((((....(((.((((....((((.......))))....)).)).))).))))..((.......))...,17,-3.173,49,0,0.000019
4233,.......((..((......))..))...(((.......)))......(((....))).....(.(...).).....,12,-3.173,21,0,0.000019
4234,........((.((.(((........))).)).)).........(((((((....)))........)))).......,14,-3.173,39,0,0.000019
4235,...........((........)).......((((...(((....(..(((....)))..)........))))))).,13,-3.173,13,0,0.000019
4236,..(.....)..(((......))).......((((....((.......(((....)))...........)).)))).,13,-3.173,15,0,0.000019
4237,...........((((....)))).....(((.......)))....(((.((.................)).)))..,12,-3.173,39,0,0.000019
4238,...........((((....))))....((((.......))))....((.((.................)).))...,12,-3.172,40,0,0.000019
4239,.......((.(((......))).))......((.((....)).))...((....)).............(....).,12,-3.172,22,0,0.000019
4240,.......((.((........)).)).......((...(((.......(((....)))...........)))))...,12,-3.172,6,0,0.000019
4241,.....(.((.(((......))).)).).(((.......)))......(((....)))..((.(.(...).)..)).,16,-3.172,23,0,0.000019
4242,.......((.(((......))).))....((.(.((....)).)..)).((.................))......,12,-3.172,28,0,0.000019
4243,.......((..((((....))))..)).(((.......)))......(((....)))..((.(.(...).)..)).,16,-3.172,36,0,0.000019
4244,......(((.(((......))).)).)((((.......)))).....(((....)))............(....).,14,-3.171,21,0,0.000019
4245,.......((.(((......))).))...(((.......)))..(.(((.((.................)).)))).,14,-3.171,27,0,0.000019
4246,..(.....)..((((....)))).......(((...((.....(((((((....)))........)))))).))).,17,-3.171,30,0,0.000019
4247,.......((.(((......))).)).....((((...(((.......(........)...........))))))).,13,-3.171,4,0,0.000019
4248,.......((.(((......))).))..((((.......))))...............((............))...,11,-3.171,27,0,0.000019
4249,.......((.(((......))).)).............((.(.....(((....))).........).))......,11,-3.171,12,0,0.000019
4250,.......((.((..(...).)).))..((((.......)))).(((((((....)))........)))).......,16,-3.171,30,0,0.000019
4251,.......((.(((......))).))..((((.......)))).....((((...(.............)..)))).,14,-3.171,26,0,0.000019
4252,..........(((......)))..........(.((....)).)...(((....))).....(.(...).).....,11,-3.171,25,0,0.000019
4253,.......((.(((......))).)).(.....).((....)).(((((((....)))........)))).......,15,-3.171,26,0,0.000019
4254,......(((.(((......))).)).)...(((...((.....(((((((....)))........)))))).))).,18,-3.17,18,0,0.000019
4255,.......((.(((......))).))...(((.......)))......(((....)))..((.(.(...)...))).,15,-3.17,21,0,0.000019
4256,.......((((...((((..(((....((((.......))))....)).)..))))))))..(.(...).).....,17,-3.17,49,0,0.000019
4257,.......((.(((......))).)).((...))..............(((....))).....(.........)...,11,-3.17,17,0,0.000019
4258,........(..((((....))))..)....((((...(((.......(((....)))...........))))))).,15,-3.17,14,0,0.000019
4259,...........((................))......(((.......(((....)))...........))).....,8,-3.17,19,0,0.000019
4260,.......((.(((......))).)).....((((...((..............................)))))).,11,-3.17,8,0,0.000019
4261,..........(((......))).......((.......)).......(((....))).....(.(...))......,10,-3.17,21,0,0.000019
4262,.......((.(((......))).))....((((.(((.((......))..))).)))....)..............,14,-3.169,29,0,0.000019
4263,.......((.(((......))).)).........((....)).....(((....)))....(((.......)).).,13,-3.169,21,0,0.000019
4264,.......((.(((......))).)).....(((.(((.((......))..))).)))....((.(...).)...).,16,-3.169,30,0,0.000019
4265,...(((.((.(((......)))...))...))).....((.......(((....)))...........))......,13,-3.168,19,0,0.000019
4266,...........((........)).......((((....((.......(((....)))...........)).)))).,11,-3.168,13,0,0.000019
4267,.......((.(((......))).))...(((.......)))..(...(((....))))..(.(......).)....,14,-3.168,21,0,0.000019
4268,.......((.((........)).))...(((.......)))......(((....)))............(....).,11,-3.168,19,0,0.000019
4269,.......((.(((......))).))............(((.......(((....)).)..........))).....,11,-3.168,11,0,0.000019
4270,.......((..(((......)))..))((((.......)))).....(((....))).......(...).......,13,-3.168,34,0,0.000019
4271,...(((.((.(((......))).)).....)))....(.....)...(((....)))...(.(......).)....,14,-3.168,20,0,0.000019
4272,..........(((......))).....((((.......))))....((((....)))..)..(.(...).).....,13,-3.168,27,0,0.000019
4273,.......((.(((......))).))......................(((....)))....((.........).).,10,-3.168,16,0,0.000019
4274,.....................(((....)))................(((....))).......(.........).,7,-3.168,28,0,0.000019
4275,.......((.(((......))).)).....(((.((..((......))...)).)))...................,12,-3.168,25,0,0.000019
4276,..........(((......)))....((...))..............(((....))).......(...).......,9,-3.168,21,0,0.000019
4277,..............((....)).......((.......)).......(((....)))...................,7,-3.168,27,0,0.000019
4278,..........(((......))).........((.((....)).))..(((....)))............(....).,11,-3.167,24,0,0.000019
4279,...(((.((.(((......))).)).....))).....((......))............(.(......).)....,12,-3.167,26,0,0.000019
4280,.......((.(((......))).)).............(....)..((.((.....((......))..)).))...,12,-3.167,26,0,0.000019
4281,.......((.(((......))).))....((.......))...((.((((....)))..).)).............,13,-3.167,21,0,0.000019
4282,.......((.(((......))).)).......(.((....)).).(((.((.................)).)))..,13,-3.167,28,0,0.000019
4283,..(.....)..((((((..(((((....))).......))..))))))............................,12,-3.167,43,0,0.000019
4284,.......((.((........)).))..((((.......)))).....(((....))).....(((...)..))...,14,-3.167,24,0,0.000019
4285,.........(.(((((((.(((((....))).......)).))))))).).........((.(.(...).)..)).,17,-3.167,49,0,0.000019
4286,.......(......)......(((....)))......(((.......(((....)))...........))).....,10,-3.166,22,0,0.000019
4287,.......((.(((......))).))..(((.........)))...(((((....)))........)).........,13,-3.166,23,0,0.000019
4288,.......((.(((......))).)).....((((...((.......((((....)))..)....)).....)))).,15,-3.166,10,0,0.000019
4289,...(((.((.(((......))).)).....))).....(....)...(((....)))....(............).,13,-3.166,19,0,0.000019
4290,...........(((((((.(((((....))).......)).)))))))........((......))...(....).,15,-3.166,47,0,0.000019
4291,...........((((....))))........................(((....)))..........(.....)..,8,-3.166,28,0,0.000019
4292,.......(..(((......)))..)....((.......)).......(((....)))...(.(......).)....,11,-3.166,19,0,0.000019
4293,.......((.(((......))).)).......................((....))...........((...))..,9,-3.166,17,0,0.000019
4294,............(.....)..(((....)))............(((((((....)))........)))).......,11,-3.166,35,0,0.000019
4295,.......(((((((((((..........(((.......)))))))))).(....).))))................,15,-3.166,46,0,0.000019
4296,.......((((((((((..........((((.......)))))))))).(....).))))................,15,-3.166,46,0,0.000019
4297,..........(((......))).....((((.......)))).......((.................))......,9,-3.165,30,0,0.000019
4298,......((((....((((.((((..(.((((.......))))..).)).)).))))......))))..........,17,-3.165,52,0,0.000019
4299,.......((.(((.(...)))).))......((..........))..(((....)))...................,11,-3.165,18,0,0.000019
4300,.......((.(((......))).)).......(.((.....)))...(((....))).....(.(...).).....,13,-3.165,21,0,0.000019
4301,.....(....)..........(((....)))............(((((((....)))........)))).......,11,-3.165,35,0,0.000019
4302,...........(((......)))...............(....)...(((....))).......(...).......,8,-3.165,28,0,0.000019
4303,.......((.((........)).)).............(....)...(((....)))...(.(......).)....,10,-3.165,19,0,0.000019
4304,...........(((......))).........(.((....)).)...(((....)))...................,9,-3.165,31,0,0.000019
4305,.......((..(((......)))..))((((.......)))).....(((....)))...(.(.(...)).)....,15,-3.165,36,0,0.000019
4306,..((...))..((........))....((((.......)))).....(((....)))...................,11,-3.165,32,0,0.000019
4307,..........(((......)))....((...))..............(((....)))...(.(.(...)).)....,11,-3.164,23,0,0.000019
4308,.......((.((........)).)).....(((....(((.(.....(((....))).........).))).))).,14,-3.164,6,0,0.000019
4309,...........((((....))))....((((.......)))).....(((....)))....(((.......)).).,14,-3.164,35,0,0.000019
4310,.......((.(((......))).))....((((.((....)).)).))......((.....)).............,13,-3.164,30,0,0.000019
4311,.......((.(((......))).))....................((..((.................))..))..,9,-3.164,23,0,0.000019
4312,.......((.(((......))).))..((((.......))))...(((((....)))........))...(...).,15,-3.163,23,0,0.000019
4313,..........(((......)))....((...))....(((....((((((....)))........)))))).....,14,-3.163,20,0,0.000019
4314,.......((.(((......))).)).......(..........)...(((....)))..........(.....)..,10,-3.163,16,0,0.000019
4315,.......((.(((......))).)).....(((((...........((((....))............))))))).,14,-3.163,10,0,0.000019
4316,...........(((......)))....((((.......)))).....(((....))).....(......)......,11,-3.163,32,0,0.000019
4317,.......((.(((......))).))..((((.......)))).................(.((.(...).))..).,13,-3.162,29,0,0.000019
4318,...........(((......)))....((((.......))))....((((....)))..)................,11,-3.162,33,0,0.000019
4319,.......((.(((......))).))......((.((.....))))..(((....)))............(....).,13,-3.162,20,0,0.000019
4320,.........(.(((((((..((((....))).......)..))))))).)..........................,12,-3.162,45,0,0.000019
4321,..((...))............(((....)))................(((....)))...(.(......).)....,10,-3.162,31,0,0.000019
4322,...........(((......)))...............(....)...(((....)))...(.(.(...)).)....,10,-3.162,30,0,0.000019
4323,.......((.(((......))).)).((..(((.(((.((......))..))).)))....)).............,15,-3.161,31,0,0.000019
4324,...(((.((.(((.(...)))).)).....)))..............(((....)))...................,12,-3.161,19,0,0.000019
4325,.......((.(((......))).))....((.......)).......(((....)))..((.....(.....))).,13,-3.161,18,0,0.000019
4326,.......((.(((......))).))....((.......))........((....))...((.((.......)))).,13,-3.161,21,0,0.000019
4327,...........(((......)))....((((.......)))).....(((....)))..((...(...)....)).,13,-3.161,34,0,0.000019
4328,.......((..((......))..))..((((.......)))).....(((....))).....((.......))...,13,-3.161,23,0,0.000019
4329,.......((.(((......))).))....((.......)).......(((....)))....(..(...).....).,12,-3.161,17,0,0.000019
4330,.....................(((....)))................(((....)))..(..............).,7,-3.161,28,0,0.000019
4331,..........(((......))).........................(((....)))..........((...))..,8,-3.161,19,0,0.000019
4332,.......((.(((......))).))..((((...((....)).......))))...((......))..........,13,-3.161,33,0,0.000019
4333,...(((.((.(((......))).)).....)))............(((.((.....((......))..)).)))..,15,-3.16,29,0,0.000019
4334,.......((.(((......))).))......................((((...(.((......))..)..)))).,12,-3.16,24,0,0.000019
4335,.......((.(((......))).))....((...((....))....))..............(.(...).).....,11,-3.16,28,0,0.000019
4336,..(.....).(((......))).......((.......))...(((((((....)))........)))).......,13,-3.16,27,0,0.000019
4337,.......((.(((......))).))..(((.........))).....(((....)))...(.....).........,12,-3.159,21,0,0.000019
4338,.......((.(((......))).))....((.......))......................((.......))...,9,-3.159,23,0,0.000019
4339,.....(.((.(((......))).)).)..((.......)).......(((....))).....((.......))...,13,-3.159,19,0,0.000019
4340,.......((.(((......))).)).....(((.(((.............))).)))..........(.....)..,12,-3.159,27,0,0.000019
4341,.......((..((((....))))..))..((.......)).......(((....))).....((.......))...,13,-3.159,32,0,0.000019
4342,.......((.(((......))).))..((((.......)))).((...))......((......))..........,13,-3.159,30,0,0.000019
4343,........(.(((......))).).....((.......)).......(((....)))..((.(.(...).)..)).,13,-3.159,21,0,0.000019
4344,...........((((....))))...(.....).....(....)...(((....))).......(...).......,10,-3.159,30,0,0.000019
4345,.......((.(((......))).))....((.......))......((.(...............)..))......,10,-3.159,23,0,0.000019
4346,...........(((......))).......((((...(((.......(((....)))...(.....).))))))).,14,-3.159,14,0,0.000019
4347,.......((.(((......))).)).....(((.(((.((......))..))).))).......(.(.....).).,15,-3.159,29,0,0.000019
4348,.......((((((((((..(((((....))).......))..)))))).(....).))))..(.(...).).....,18,-3.158,46,0,0.000019
4349,.......((.(((......))).))....((.......)).....(((.((.(...((......))).)).)))..,15,-3.158,29,0,0.000019
4350,...........((((....))))....(((.........))).....(((....))).....(.(...).).....,12,-3.158,34,0,0.000019
4351,(...)..((.(((......))).))..((((.......)))).....(((....)))...................,13,-3.158,21,0,0.000019
4352,..((...))............(((....))).......(....)...(((....)))..((.(.(...).)..)).,13,-3.158,34,0,0.000019
4353,...........(((......))).......((((...(((..(.(..(((....))).......).).))))))).,15,-3.158,16,0,0.000019
4354,..((...))..((((....)))).....(((.......)))......(((....)))..((.(.(...).)..)).,16,-3.158,36,0,0.000019
4355,..(.....)..((((....)))).......((((...(((............................))))))).,12,-3.158,20,0,0.000019
4356,......(((.(((......))).)).)...((((...(((............................))))))).,13,-3.158,8,0,0.000019
4357,.......((.(((......))).)).....(.....).((......))........((......))..........,10,-3.158,25,0,0.000019
4358,.......((.(((......))).))..(..(((.(((.((......))..))).))).).................,14,-3.158,29,0,0.000019
4359,...........(((......)))........((.((....)).))..(((....)))...(.(......).)....,12,-3.158,34,0,0.000019
4360,.......((.(((......))).))....((((..............(((....)))........)).))......,12,-3.157,17,0,0.000019
4361,.....................((......)).......(....)...(((....))).....(.(...).).....,8,-3.157,29,0,0.000019
4362,...(((.((..((((....))))..))...)))........(.(((((((....)))........))))..)....,17,-3.157,40,0,0.000019
4363,..(.....)............(((....))).......(....)...(((....))).......(...).......,9,-3.157,30,0,0.000019
4364,.......((.(((......))).))..((((.......)))).....(((....)))...(.....)...(...).,14,-3.157,21,0,0.000019
4365,..(.....)..((((....)))).....(((.......)))......(((....))).......(...).......,12,-3.157,32,0,0.000019
4366,..........(((......)))................((......))........((......))..........,7,-3.157,28,0,0.000019
4367,......(...(((......)))..)....((.......)).......(((....)))...................,9,-3.157,20,0,0.000019
4368,..........(((......))).......((.......)).......(((....)))..((.((.......)))).,12,-3.156,23,0,0.000019
4369,.......((.(((......))).)).........((....)).(((((((....)))........))))(....).,15,-3.156,25,0,0.000019
4370,.......((.(((......))).))....((.......)).........(....)............(.....)..,9,-3.156,20,0,0.000019
4371,.........((.......)).(((....)))................(((....)))...(.(......).)....,10,-3.156,31,0,0.000019
4372,...........(((((((...((...............)).)))))))........((...........)).....,11,-3.156,43,0,0.000019
4373,...(((.((.(((......)))...))...)))..............(((....)))..(.((.(...).))..).,15,-3.156,27,0,0.000019
4374,.......((.(((......))).)).....((((...(((....((.(((....))).........))))))))).,17,-3.156,4,0,0.000019
4375,.......(((((((((((.(((((....))).......)).)))))))........))))..(.(...))......,18,-3.156,50,0,0.000019
4376,...........(((((((.((.((...........)).)).)))))))............................,11,-3.156,44,0,0.000019
4377,...........((((....))))...(.....).....(....)...(((....)))...(.(.(...)).)....,12,-3.155,32,0,0.000019
4378,.......((.(((.(...)))).))...(((.......)))......(((....))).....((.......))...,14,-3.155,21,0,0.000019
4379,......((((......(((..((....((((.......))))....))..))).........))))..........,13,-3.155,49,0,0.000019
4380,.......((.(((......))).)).............((......)).(....).......((.......))...,10,-3.155,21,0,0.000019
4381,.......((.(((......))).))....((.......)).......(((....))).(..((.(...).)).)..,14,-3.155,19,0,0.000019
4382,.......((.(((......))).)).....((((...(((.......(.(.........)..).....))))))).,14,-3.155,8,0,0.000019
4383,.......((.(((......))).)).....((((...(((....(................)......))))))).,13,-3.155,8,0,0.000019
4384,.......((.(((......))).))....(.((.(((.((......))..))).))...)................,13,-3.154,29,0,0.000019
4385,...........(((......)))....((((.......)))).....(((....))).....(.........)...,11,-3.154,32,0,0.000019
4386,.......((.(((......))).))....(.........).......(((....)))........(........).,10,-3.154,16,0,0.000019
4387,..(.....)............(((....))).......(....)...(((....)))...(.(.(...)).)....,11,-3.153,32,0,0.000019
4388,.........((.......)).(((....))).......(....)...(((....)))..((.(.(...).)..)).,13,-3.153,34,0,0.000019
4389,..(.....)..((((....)))).....(((.......)))......(((....)))...(.(.(...)).)....,14,-3.153,34,0,0.000019
4390,..........(((......)))((....)).......(((.......(((....)))...........))).....,11,-3.153,15,0,0.000019
4391,...........((((....))))..............(((....(..(((....)))..)........))).....,11,-3.153,23,0,0.000019
4392,.......((.(((......))).))......................(((....)))........(.(.....)).,10,-3.152,16,0,0.000019
4393,.......((.(((......))).))....((((.((....)).)).)).(....).......(.(...).).....,14,-3.152,28,0,0.000019
4394,.......((.(((......)))...))..((.......)).......(((....)))..((.(.(...).)..)).,14,-3.152,25,0,0.000019
4395,.......((.(((.(...)))).)).(.....)....(((.......(((....)))...........))).....,13,-3.152,11,0,0.000019
4396,..(.....)..(((......))).......((((...((....(((((((....)))........)))))))))).,17,-3.152,22,0,0.000019
4397,.......((((....(((..(((....((((.......))))....)).)..))).))))..(.(...).).....,16,-3.152,48,0,0.000019
4398,.......((.(((.....).)).))....((.......)).......(((....)))..((.(.(...).)..)).,14,-3.152,22,0,0.000019
4399,...........((((....))))....((((.......)))).(((((((....)))........))))(....).,16,-3.152,39,0,0.000019
4400,.......((.(((......))).))......((.((....)).))..(((....)))((..(......)..))...,15,-3.151,23,0,0.000019
4401,..(.....)..((((....)))).......(((....(((....((((((....)))........)))))).))).,17,-3.151,22,0,0.000019
4402,..((...))..(((......)))........................(((....)))...................,8,-3.151,28,0,0.000019
4403,...........(((......))).......(((.(((.((......))..))).)))............(....).,12,-3.151,39,0,0.000019
4404,..((...)).(((......))).....((((.......)))).....(((....)))..((.(.(...).)..)).,16,-3.151,29,0,0.000019
4405,......(((.(((......))).)).)...(((....(((....((((((....)))........)))))).))).,18,-3.151,10,0,0.000019
4406,...(((.((.(((......))).)).....))).....(....)...(((......((......))......))).,14,-3.151,27,0,0.000019
4407,.......((.(((......))).)).....(((....(((.........(....).............))).))).,12,-3.15,6,0,0.000019
4408,.......((.(((......))).)).....(((....((........(((....)))............)).))).,13,-3.15,4,0,0.000019
4409,.......((.(((......))).)).((...))........(.(((((((....)))........))))..)....,15,-3.15,24,0,0.000019
4410,...(((.((..((((....))))..))...))).((....)).(((((((....)))........)))).......,18,-3.15,43,0,0.000019
4411,...........((((....)))).......(((....(((......((((....)))..)........))).))).,14,-3.15,17,0,0.000019
4412,..(.....).(((......))).....((((.......)))).....(((....))).......(...).......,12,-3.15,25,0,0.000019
4413,...........(((......))).......((((((.((........(((....))).......))...)))))).,14,-3.15,22,0,0.000019
4414,......(.(.(((......))).))..((((.......)))).....(((....)))...................,12,-3.15,22,0,0.000019
4415,.......((.(((......))).))............(((.....((.......))............))).....,10,-3.15,16,0,0.000019
4416,.......(((((((.......((....((((.......))))....))))).....))))................,13,-3.149,43,0,0.000019
4417,......((((.....((..((((..(.((((.......))))..).)).))..)).......))))..........,15,-3.149,49,0,0.000019
4418,.......((.(((......))).)).....((((..........(..(((....)))....).........)))).,13,-3.148,8,0,0.000019
4419,.......((.(((......))).))..((((.......))))....(...).........................,10,-3.148,27,0,0.000019
4420,.......((.(((......))).)).....((((...((((.....((((....)))..)......).))))))).,17,-3.148,4,0,0.000019
4421,...........((........)).......((((...((....(((((((....)))........)))))))))).,15,-3.148,20,0,0.000019
4422,.......((.(((......))).))..(((.........))).....(((....))).....(.......).....,12,-3.147,20,0,0.000019
4423,...(((.((..(((......)))..))...))).....(....)...(((....)))............(....).,13,-3.146,32,0,0.000019
4424,.......((.(((......))).))......((.(((.((......))..))).)).........(........).,13,-3.146,28,0,0.000019
4425,..(.....).(((......))).....((((.......)))).....(((....)))...(.(.(...)).)....,14,-3.146,27,0,0.000019
4426,..((...))..((((....)))).......((((.........(((((((....)))........))))..)))).,17,-3.146,28,0,0.000019
4427,...........((((....))))......((.......)).......(((....))).....(((...)..))...,12,-3.146,31,0,0.000019
4428,.......((.(((......))).))....((.......)).......(((....)))(...........)......,11,-3.146,16,0,0.000019
4429,...........(.(((....))).)....((.......))...(((((((....)))........)))).......,13,-3.146,36,0,0.000019
4430,.......((.(((......))).)).......(......).......(((....)))...........(...)...,10,-3.146,14,0,0.000019
4431,.......(((((((((((..((((....))).......)..)))))))........))))..((.......))...,17,-3.146,50,0,0.000019
4432,........(.(((......))).)......((((...(((......((((....)))..)........))))))).,15,-3.146,4,0,0.000019
4433,...........(((......)))..(.((((.......))))..)..(((....)))............(....).,12,-3.146,33,0,0.000019
4434,.......(..(((......)))..)..((((.......)))).....(((....)))..........((...))..,13,-3.145,22,0,0.000019
4435,..((...))..((((....))))...(.....)..............(((....)))...................,10,-3.145,30,0,0.000019
4436,...(((.((.(((......))).)).....))).....(....).....(....).....................,10,-3.144,22,0,0.000019
4437,..........(((......))).......((.......))........((....))....................,7,-3.144,21,0,0.000018
4438,.......((.(((......))).)).....(((((.((..........((....))........))....))))).,14,-3.144,12,0,0.000018
4439,..........(((......)))..((.((((.(..............).))))..))...................,10,-3.144,31,0,0.000018
4440,.......((.(((......)))...)).(((.......)))......(((....))).....(.(...).).....,13,-3.143,25,0,0.000018
4441,..........(....)..............((((...(((.......(((....)))...........))))))).,11,-3.143,11,0,0.000018
4442,.......((.(((......))).)).((...)).((....)).(((((((....)))........)))).......,16,-3.143,27,0,0.000018
4443,.......((.(((.(...)))).))......................(((....)))...(.(......).)....,11,-3.143,18,0,0.000018
4444,.......((.(((......))).)).............((......)).(....).((...........)).....,10,-3.142,20,0,0.000018
4445,.......((.(((......))).))...........(......)...(((....))).....((.......))...,11,-3.142,18,0,0.000018
4446,.......((.(((......))).)).....((((...(((........((....))....(.....).))))))).,15,-3.142,4,0,0.000018
4447,...................(....)....((.......)).......(((....)))...................,6,-3.142,25,0,0.000018
4448,..........(((......)))........(((.(((.((......))..))).)))........(........).,12,-3.141,32,0,0.000018
4449,.......((.(((......))).)).............((......))........((.(........))).....,10,-3.141,23,0,0.000018
4450,.......((((((((((..((.((...........)).))..))))))........))))..(.(...).).....,16,-3.141,48,0,0.000018
4451,.......((.(((......))).))....((.(..........)..))............................,8,-3.141,23,0,0.000018
4452,.......((.(((......))).))....((...............))..............((.......))...,9,-3.141,24,0,0.000018
4453,..............((....)).....((((.......)))).(((((((....)))........)))).......,13,-3.14,38,0,0.000018
4454,.......((.(((......))).)).....(((.(((.((......))..))).)))(.......)..........,14,-3.14,29,0,0.000018
4455,..(.....)..((((....)))).......((((((.......(((((((....)))........)))))))))).,18,-3.14,29,0,0.000018
4456,.......((.(((......))).))........(..........)..(((....)))...................,9,-3.14,15,0,0.000018
4457,.......((.(((......))).)).....((..(((.((......))..)))..))..........((...))..,14,-3.14,28,0,0.000018
4458,......(((.(((......))).)).)...((((((.......(((((((....)))........)))))))))).,19,-3.14,17,0,0.000018
4459,.......(..(((......)))..).....(((.(((.((......))..))).)))..((.(.(...).)..)).,16,-3.14,33,0,0.000018
4460,..(.....)..((((....)))).......(((.(((.((......))..))).)))...(.(......).)....,15,-3.14,43,0,0.000018
4461,...(((.....((((....)))).......)))..........(((((((....)))........)))).......,14,-3.14,37,0,0.000018
4462,......(((.(((......))).)).)...(((.(((.((......))..))).)))...(.(......).)....,16,-3.139,31,0,0.000018
4463,......((..((.((((....(((....)))................(((....)))...)))).))..)).....,14,-3.139,38,0,0.000018
4464,.......((.(((.(...)))).)).............(....)...(((....)))..((.(.(...).)..)).,14,-3.139,21,0,0.000018
4465,..((...))..((((....)))).......(((.(((.((......))..))).))).......(...).......,15,-3.139,43,0,0.000018
4466,...........(((((((.......................)))))))........((......))..........,9,-3.139,44,0,0.000018
4467,.......((.(((......))).)).(.....)..............(((....))).....(((...)..))...,12,-3.139,18,0,0.000018
4468,..(.....)..(((......)))........((.((....)).))..(((....)))...................,11,-3.139,33,0,0.000018
4469,.......((.(((......))).))..((((.......)))).......((..(.(........).).))......,13,-3.139,29,0,0.000018
4470,......(((((((......))).....((((.......)))).....(((....))).....))))..........,14,-3.139,29,0,0.000018
4471,.......((.(((......)))...))...((((...(((......((((....)))..)........))))))).,16,-3.139,8,0,0.000018
4472,.......((.(((......))).))....((.......))........((....))........(.........).,10,-3.138,18,0,0.000018
4473,.......((.(((.....).)).)).....((((...(((......((((....)))..)........))))))).,16,-3.138,5,0,0.000018
4474,.......((.(((......))).))..((((.......)))).....((......))...(.(......).)....,13,-3.138,23,0,0.000018
4475,.......((.(((......))).)).....((((..((........((((....)))..).........)))))).,15,-3.138,9,0,0.000018
4476,.......((.(((......))).))......(((...(((...((..(((....)))....)).....))))))..,16,-3.138,6,0,0.000018
4477,.......((.(((......))).)).....((((.........((.((((....)))..).))........)))).,15,-3.138,12,0,0.000018
4478,......(.(.(((......))).)..)((((.......)))).....(((....)))...................,12,-3.137,23,0,0.000018
4479,.......((((((((((..((...((.........)).))..))))))........))))................,14,-3.137,46,0,0.000018
4480,.......((.(((......))).)).........(((.((......))..)))..............(.....)..,11,-3.137,28,0,0.000018
4481,.......((.(((......))).))......((.((....)).))...........((...........)).....,11,-3.137,27,0,0.000018
4482,.......((.(((.(...)))).)).....((((...(((...(...(((....))).....).....))))))).,17,-3.137,4,0,0.000018
4483,.......((.(((......))).)).....(.....)..........(((....))).....(.(...))......,11,-3.137,17,0,0.000018
4484,.....................(((....)))................(((....))).....(......)......,7,-3.137,28,0,0.000018
4485,.......((.(((......))).)).....((((((.....))(((((((....)))........))))..)))).,18,-3.137,17,0,0.000018
4486,.....................(((....)))...............((((....)))..)................,7,-3.136,29,0,0.000018
4487,...........(.(((....))).)..((((.......)))).....(((....))).......(...).......,12,-3.136,34,0,0.000018
4488,.......((((........((((..(.((((.......))))..).)).)).....))))..(.(...).).....,15,-3.136,46,0,0.000018
4489,.......((.((..(...).)).))............(((.......(((....)))...........))).....,11,-3.136,12,0,0.000018
4490,..........(((......)))...(.((((.......))))..)..(((....)))........(........).,12,-3.136,26,0,0.000018
4491,..((...))..((((....)))).......(((.(((.((......))..))).)))...(.(.(...)).)....,17,-3.136,45,0,0.000018
4492,.......((.(((......))).)).......(.(.....)..)...(((....)))..((.(.(...).)..)).,14,-3.135,21,0,0.000018
4493,.....................(((....)))................(((....)))..((...(...)....)).,9,-3.135,30,0,0.000018
4494,..........(((......))).....((((.......)))).((((..................)))).......,11,-3.135,36,0,0.000018
4495,...........((........))........((.((....)).))..(((....)))...................,9,-3.135,31,0,0.000018
4496,........(.(((......))).).(.((((.......))))..)..(((....))).....(.(...).).....,14,-3.134,25,0,0.000018
4497,...........(((((((.((.................)).)))))))............................,9,-3.134,41,0,0.000018
4498,.......((..((......))..))..((((.......)))).....(((....)))..((............)).,13,-3.134,23,0,0.000018
4499,.......((.(((......))).)).....(((....(((....(.((((....)))..).)......))).))).,16,-3.134,6,0,0.000018
4500,..(.....)..((((....))))..(.((((.......))))..)..(((....)))...(.(......).)....,15,-3.134,37,0,0.000018
4501,...........((((....)))).........(......)...(((((((....)))........)))).......,12,-3.134,34,0,0.000018
4502,..........(((......))).......((.......)).......(((....))).......(.........).,9,-3.134,20,0,0.000018
4503,..........(((......))).....((((.......)))).....((((.....((......)).....)))).,13,-3.133,33,0,0.000018
4504,..((...))..((((....))))..(.((((.......))))..)..(((....))).......(...).......,15,-3.133,37,0,0.000018
4505,.......((.(((......))).))....((.......)).....(((.((..(..((......))).)).)))..,15,-3.133,29,0,0.000018
4506,...........((((((..........((((.......))))))))))........((...........)).....,12,-3.133,45,0,0.000018
4507,...........(((((((..........(((.......))))))))))........((...........)).....,12,-3.133,45,0,0.000018
4508,.......((.(((......))).)).......(.((....)).)..((((....)))..)..(.(...).).....,14,-3.133,23,0,0.000018
4509,.....(.((.(((......))).)).)...((((...(((........((....))((......))..))))))).,17,-3.133,7,0,0.000018
4510,...........(.(((....))).)..((((.......)))).....(((....)))...(.(.(...)).)....,14,-3.133,36,0,0.000018
4511,.......((..((((....))))..))...((((...(((........((....))((......))..))))))).,17,-3.133,20,0,0.000018
4512,.......((.(((......))).))....((.......))...................((............)).,9,-3.132,23,0,0.000018
4513,.......((.(((......))).))....((.......))......((((....)))..)..(.(...))......,13,-3.132,19,0,0.000018
4514,...........((((....)))).......(((....(((........((....))............))).))).,12,-3.132,17,0,0.000018
4515,.....(.((.(((......))).)).)..((.......)).......(((....)))..((............)).,13,-3.132,19,0,0.000018
4516,.......((.(((......))).))...(((.......)))...................(.(......).)....,10,-3.132,25,0,0.000018
4517,.......((..((((....))))..))..((.......)).......(((....)))..((............)).,13,-3.132,32,0,0.000018
4518,........((.((.(((........))).)).)).............(((....))).....(.(...).).....,12,-3.132,34,0,0.000018
4519,.......((.(((.(...)))).))....((.......)).......(((....)))..........((...))..,13,-3.132,18,0,0.000018
4520,.......((.((........)).)).....(((.(((.((......))..))).)))..........((...))..,14,-3.132,30,0,0.000018
4521,.......((.(((......))).))......................(((....))).......(((.....))).,11,-3.132,17,0,0.000018
4522,..((...)).(((......)))........((((...(((.(.....(((....))).........).))))))).,16,-3.132,8,0,0.000018
4523,...........((((....))))...((...)).....(....)...(((....))).......(...).......,11,-3.132,31,0,0.000018
4524,.......((.(((......))).))...(....)...(((.......(((....)))...........))).....,12,-3.132,9,0,0.000018
4525,.......((.(((......))).))..((((.......)))).(...(((....)))).........(.....)..,14,-3.131,22,0,0.000018
4526,.......((.(((......))).))....((.......))........((....))...(..............).,10,-3.131,18,0,0.000018
4527,.......((.(((.(...)))).))..((((.......)))).....(((....))).....(.(...))......,15,-3.131,23,0,0.000018
4528,.......((.(((......))).)).......(((...((.......(((....)))...........)))))...,13,-3.131,7,0,0.000018
4529,...(((.((.(((......)))...))...)))...((.....(((((((....)))........)))))).....,17,-3.131,31,0,0.000018
4530,.......((.(((......))).)).........((.....))....(((....))).............(...).,11,-3.131,18,0,0.000018
4531,.......((.(((......))).)).......(.((....)).).....((.................))......,10,-3.131,26,0,0.000018
4532,...((((((.(((......))).)).)...)))..............(((....))).......(...).......,13,-3.131,20,0,0.000018
4533,...................((........))......(((.......(((....)))...........))).....,8,-3.131,19,0,0.000018
4534,.......((.(((......))).)).............((.........))................(.....)..,8,-3.13,22,0,0.000018
4535,.......((.(((......))).))...(((.(.((....)).)..))).......((......))..........,13,-3.13,31,0,0.000018
4536,..((...))..((((....))))..(.((((.......))))..)..(((....)))...(.(.(...)).)....,17,-3.13,39,0,0.000018
4537,.......((.(((.(...)))).))......((.((....)).))..(((....))).......(...).......,14,-3.13,23,0,0.000018
4538,......((((.((((....))))..(.((((.......))))..)..(((....))).....))))...(....).,17,-3.13,40,0,0.000018
4539,...(((.((.(((......)))...))...)))....((........(((....))).......))..........,13,-3.129,25,0,0.000018
4540,.......((..((......))..)).....((((...(((..(....(((....))).........).))))))).,15,-3.129,4,0,0.000018
4541,......(...(((......)))..)..((((.......)))).(((((((....)))........)))).......,15,-3.129,31,0,0.000018
4542,.....................(((....)))...((....)).....(((....))).....((.......))...,10,-3.129,33,0,0.000018
4543,.......((.(((......))).))...(((.......)))........(....)..............(....).,10,-3.129,21,0,0.000018
4544,.......((.(((......))).))....(.............)...(((....))).......(...).......,10,-3.129,17,0,0.000018
4545,..(.....)..(((......))).......(((.(((.((......))..))).))).....(.(...).).....,14,-3.129,42,0,0.000018
4546,.......((.((........)).))....((.......)).......(((....)))..(.((.(...).))..).,13,-3.128,21,0,0.000018
4547,.......((.(((.(...)))).))...(((.......)))......(((....)))..((............)).,14,-3.128,21,0,0.000018
4548,.......((.(((......))).)).............((......)).(....)....((............)).,10,-3.128,21,0,0.000018
4549,.......((.(((......))).)).....((((...(((....(.((((....)))..)...)....))))))).,17,-3.128,4,0,0.000018
4550,.....................(((....)))................(((....))).....(.........)...,7,-3.128,28,0,0.000018
4551,........(.(((......))).)......((((...(((........((....))............))))))).,13,-3.128,4,0,0.000018
4552,.......((.(((......))).))....(.........).....(((.((.................)).)))..,11,-3.128,24,0,0.000018
4553,...........((((....))))...((...)).....(....)...(((....)))...(.(.(...)).)....,13,-3.128,33,0,0.000018
4554,.......((.(((......))).))...(((.......)))......(((....)))(.(........).).....,13,-3.128,19,0,0.000018
4555,.........(.....).....(((....)))................(((....))).....((.......))...,9,-3.128,31,0,0.000018
4556,.....(.((.(((......))).)).)((((.......)))).....(((....)))..........((...))..,15,-3.128,22,0,0.000018
4557,.......((..((((....))))..))((((.......)))).....(((....)))..........((...))..,15,-3.128,35,0,0.000018
4558,.......((.(((......))).)).....((((..((.....((((((......))........)))))))))).,17,-3.127,16,0,0.000018
4559,..............(....).(((....)))......(((.......(((....)))...........))).....,10,-3.127,22,0,0.000018
4560,...........((((....))))..............((....(((((((....)))........)))))).....,13,-3.127,30,0,0.000018
4561,.......((.(((......))).))..((((.......)))).......(....).......(((...)..))...,13,-3.127,26,0,0.000018
4562,...(((.((..(((......)))..))...))).((....)).....(((....)))...................,13,-3.127,35,0,0.000018
4563,.......((.(((......))).))...(((.......)))......(((....)))..((.(.(...)).)..).,15,-3.127,21,0,0.000018
4564,...((((((.(((......))).)).)...)))..............(((....)))...(.(.(...)).)....,15,-3.127,22,0,0.000018
4565,..........(((......))).......((.......)).......(((....)))..(..............).,9,-3.126,20,0,0.000018
4566,..........(((......)))........((((...(((......(.((....))...)........))))))).,13,-3.126,8,0,0.000018
4567,.......((.(((......))).)).(.....).....(....)...(((....))).....(.(...))......,12,-3.126,18,0,0.000018
4568,.......((.(((.(...)))).))......((.((....)).))..(((....)))...(.(.(...)).)....,16,-3.126,25,0,0.000018
4569,.......((.(((......))).)).......(.(......).)...(((....))).....(.(...).).....,12,-3.126,19,0,0.000018
4570,.......((.(((......))).))......((.((....)).))..((((.....((...........)))))).,15,-3.126,28,0,0.000018
4571,...((((((.(((......))).)).)...)))....(((....((((((....)))........)))))).....,18,-3.126,19,0,0.000018
4572,.......((.(((......))).)).....(((.(((.(........)..))).))).......(...).......,13,-3.126,27,0,0.000018
4573,.........(.((................)).).....(....)...(((....)))...................,7,-3.126,27,0,0.000018
4574,.......((.(((......))).)).............(....).....(....).....(.(......).)....,9,-3.126,21,0,0.000018
4575,........((.((.((((......)))).)).))...(((.......(((....)))...........))).....,14,-3.126,27,0,0.000018
4576,......(((.(((......))).)).).(((.......)))......(((....)))..((.(.(...).)..)).,16,-3.125,23,0,0.000018
4577,.......((.(((......))).))....(.............)...(((....)))...(.(.(...)).)....,12,-3.125,19,0,0.000018
4578,.......((.(((......))).))..((((.......)))).....(((....)))..((..((...)..).)).,16,-3.125,23,0,0.000018
4579,...........(((......)))......((.......)).......(((....)))..........(.....)..,9,-3.125,28,0,0.000018
4580,...........((((....))))...............(....)...(((....)))..........((...))..,10,-3.125,29,0,0.000018
4581,.......((.(((.(...)))).)).((...))....(((.......(((....)))...........))).....,14,-3.124,12,0,0.000018
4582,............(.....)..(((....)))................(((....))).....(.(...).).....,9,-3.124,30,0,0.000018
4583,..........(((......)))....(.....)..............(((....)))...(.(......).)....,9,-3.124,21,0,0.000018
4584,...........((........)).......(((.(((.((......))..))).))).....(.(...).).....,12,-3.124,40,0,0.000018
4585,.......((.(((......))).))...(((.......)))......(((....)))...(.(.(...).)..)..,14,-3.124,20,0,0.000018
4586,.........(.(((((((...(((....)))..........))))))).)..........................,11,-3.124,45,0,0.000018
4587,.....(....)..........(((....)))................(((....))).....(.(...).).....,9,-3.124,30,0,0.000018
4588,.......((.(((......))).))(.((((.......))).).)..(((....)))...................,13,-3.124,21,0,0.000018
4589,.......((.(((......))).))(.((((.......)).)).)..(((....)))...................,13,-3.124,21,0,0.000018
4590,.......((.(((......))).))..((((.......))))......((....)).....(......).......,12,-3.124,22,0,0.000018
4591,.......((.(((......))).)).....(.....)..........(((....)))..((.((.......)))).,13,-3.124,19,0,0.000018
4592,.......((.(((......))).)).............(....)...(((....)))...(..........)....,10,-3.124,16,0,0.000018
4593,.......((.(((......))).)).....................((((....)))..).......((...))..,11,-3.124,17,0,0.000018
4594,...(((.((.(((......))).)).....))).....(....)....((....))......(.(...).).....,13,-3.124,22,0,0.000018
4595,.......((.(((......))).)).....((((...(((..(.(.(..(.........).)..).).))))))).,16,-3.123,13,0,0.000018
4596,.......((.(((......))).)).....((((...(((..(.(..(.(.........)..).).).))))))).,16,-3.123,12,0,0.000018
4597,......(((((((......)))........(((.(((.((......))..))).))).....))))..........,15,-3.123,37,0,0.000018
4598,.......((.(((......))).))..((((.......)))).(...(((....)))).((.(.(...).)..)).,17,-3.123,25,0,0.000018
4599,..(.....)..(((......)))..(.((((.......))))..)..(((....))).....(.(...).).....,14,-3.123,36,0,0.000018
4600,.......((.(((......))).))......((.(......).))..(((....)))............(....).,12,-3.123,18,0,0.000018
4601,...........((((....))))..(.((((.......))).).)..(((....)))...................,12,-3.123,34,0,0.000018
4602,...........((((....))))..(.((((.......)).)).)..(((....)))...................,12,-3.123,34,0,0.000018
4603,.......((.(((......))).))...(((..................)))....((...........)).....,10,-3.123,25,0,0.000018
4604,.......((.(((......))).)).....(((.(((.(........)..))).)))...(.(.(...)).)....,15,-3.122,29,0,0.000018
4605,...........((((....)))).......(((....(((......((((....)))....)......))).))).,14,-3.122,17,0,0.000018
4606,...(((.(..(((......)))..).....)))....(((.......(((....)))...........))).....,13,-3.122,13,0,0.000018
4607,..((...))............((......))......(((.......(((....)))...........))).....,10,-3.122,22,0,0.000018
4608,...(((.((.(((......))).)).....))).............((.((.................)).))...,12,-3.122,25,0,0.000018
4609,.......((..(((......)))..))...........(....)...(((....)))...................,9,-3.122,29,0,0.000018
4610,.......((.(((......))).)).....((((...(((...(..((((....))).......).).))))))).,17,-3.122,4,0,0.000018
4611,......((((..(((((..(((((....))).......))..)))))(((....))).....))))..........,17,-3.122,42,0,0.000018
4612,.......(((((((.....((......((((.......))))....))))).....))))................,13,-3.122,42,0,0.000018
4613,...........(.((((....(((....))).(.((....)).)...(((....)))...)))).)..........,14,-3.122,41,0,0.000018
4614,..((...((.(((......))).))..)).((((...(((.......(((....)))...........))))))).,17,-3.121,4,0,0.000018
4615,.......((.(((......))).))...(((.......)))......(((....)).)..................,11,-3.121,20,0,0.000018
4616,..........(((......)))....(.....).....(....)...(((....)))..((.(.(...).)..)).,12,-3.121,24,0,0.000018
4617,.......((.(((......)))...))...((((...(((........((....))............))))))).,14,-3.121,8,0,0.000018
4618,..((...))..((((....))))...............(....)...(((....))).....(.(...).).....,12,-3.121,32,0,0.000018
4619,.......((.(((.....).)).)).....((((...(((........((....))............))))))).,14,-3.121,5,0,0.000018
4620,.......((.(((......))).)).....(((....(((.(........................).))).))).,12,-3.121,10,0,0.000018
4621,......((((.((((....)))).((.((((..................))))..)).....))))..........,14,-3.12,46,0,0.000018
4622,.......((.(((......))).)).....(((..((.((......))..))..))).....(.(...))......,14,-3.12,27,0,0.000018
4623,...........((((....)))).......((((...(((.(.((..(((....)))....))...).))))))).,17,-3.12,19,0,0.000018
4624,.......((.(((......))).)).............((......))((....))........(...).......,10,-3.12,18,0,0.000018
4625,.......((.(((......))).))....................(((.((.(.............).)).)))..,11,-3.12,25,0,0.000018
4626,.......((.(((......))).))..((((.......))))....((........((......))..))......,13,-3.12,29,0,0.000018
4627,.......(((((((((((.(((((....))).......)).)))))))........))))....(.........).,17,-3.12,49,0,0.000018
4628,.......((((((((((..((.................))..))))))........))))..(.(...).).....,14,-3.12,45,0,0.000018
4629,......(((.(((......))).)).....)......(((.......(((....)))...........))).....,12,-3.119,9,0,0.000018
4630,.......((.(((......))).))....((..................)).............(...).......,8,-3.119,23,0,0.000018
4631,...(((.((..((........))..))...))).....(....)...(((....))).....(.(...).).....,13,-3.119,33,0,0.000018
4632,.......((.(((......))).))....((...............)).(....).((......))..........,10,-3.119,23,0,0.000018
4633,..........(((......))).....((((.......)))).....(((....)))....(......).......,11,-3.119,24,0,0.000018
4634,.......((.(((......))).))..((((.......))))......((....)).(.(........).).....,13,-3.119,23,0,0.000018
4635,.....(.((.(((......))).)).)....(((...(((.......(((....)))...........))))))..,15,-3.119,4,0,0.000018
4636,.......((..((((....))))..))....(((...(((.......(((....)))...........))))))..,15,-3.119,17,0,0.000018
4637,...(((.((..((((....))))..))...)))..............(((....))).....(((...)..))...,15,-3.119,35,0,0.000018
4638,...........((........))..(.((((.......))))..)..(((....))).....(.(...).).....,12,-3.119,34,0,0.000018
4639,.......((.(((......))).))..((((..................))))................(....).,10,-3.119,26,0,0.000018
4640,..(.....).(((......))).......((.......)).......(((....))).....(.(...).).....,11,-3.118,22,0,0.000018
4641,.......((.(((.(...)))).))..((((.......)))).....(((....)))..((.((.......)))).,17,-3.118,25,0,0.000018
4642,........(.(((......))).)......((((...(((......((((....)))....)......))))))).,15,-3.118,4,0,0.000018
4643,.......((.(((......))).))......((..........))..(((....)))....(((.......)).).,13,-3.118,19,0,0.000018
4644,..((...))..((((....))))...((...))..............(((....)))...................,11,-3.118,31,0,0.000018
4645,.......((.(((......))).))....((.......)).......(((....)))(............).....,11,-3.118,16,0,0.000018
4646,..(.....).(((......)))........(((((............(((....))).............))))).,12,-3.117,12,0,0.000018
4647,.....................(....)((((.......)))).....(((....)))...................,8,-3.117,30,0,0.000018
4648,......((..((.((((....((....((((.......)))).......)).........)))).))..)).....,14,-3.117,48,0,0.000018
4649,.........((.......)).((......))......(((.......(((....)))...........))).....,10,-3.117,22,0,0.000018
4650,.......((.(((......))).)).....(((.(((.((......))..))).)))..(..(.........).).,15,-3.116,29,0,0.000018
4651,.......((.(((......))).)).............((......))((....))....(.(.(...)).)....,12,-3.116,20,0,0.000018
4652,.......((.((........)).)).....(((((.((.........(((....))).......))....))))).,14,-3.116,12,0,0.000018
4653,..(.....)..(((......))).....(((.......)))..(((((((....)))........)))).......,14,-3.116,37,0,0.000018
4654,.......((.(((......))).))....((..................)).........(.(.(...)).)....,10,-3.116,25,0,0.000018
4655,..(.....)..((((....))))....((((.......)))).....(((....)))..(.((.(...).))..).,16,-3.116,37,0,0.000018
4656,.......((.((........)).))......................(((....))).....((.......))...,9,-3.116,18,0,0.000018
4657,......((..((.((((((..((....((((.......))))....))..)))........))).))..)).....,16,-3.115,52,0,0.000018
4658,...(((.((.(((......))).)).....))).....(....).(((.((.................)).)))..,14,-3.115,27,0,0.000018
4659,.......((..((......))..)).....((((...(((....(..(((....))).).........))))))).,15,-3.115,4,0,0.000018
4660,.....(..(.(((......))).)..)...((((...(((....((((((....)))........)))))))))).,18,-3.115,10,0,0.000018
4661,.......((.(((......))).))...(((.......)))......(((....)))....((.(...).)...).,14,-3.115,20,0,0.000018
4662,.......((.(((......))).))...........(......)...(((....)))..((............)).,11,-3.115,18,0,0.000018
4663,.......((.(((......))).))....((.......)).........(.........)................,8,-3.114,22,0,0.000018
4664,...(((.((..(((......)))..))...)))....(.....)...(((....)))...................,12,-3.114,32,0,0.000018
4665,...................(....)..((((.......)))).(((((((....)))........)))).......,12,-3.114,36,0,0.000018
4666,...........((........(((....))).......))...(((((((....)))........)))).......,12,-3.114,34,0,0.000018
4667,...(((.((.(((......))).)).....)))..............(((....)))....(((.......)).).,14,-3.114,20,0,0.000018
4668,.......((.(((......))).))..((((.......)))).....(((....)))((.....(...)..))...,15,-3.114,22,0,0.000018
4669,.......((.(((......))).))....((...............))...........((............)).,9,-3.114,24,0,0.000018
4670,...((..((((((((((..(((((....))).......))..))))))........)))).)).............,17,-3.114,50,0,0.000018
4671,.......((.(((......))).)).....(((.(((.((......))..))).)))..((.(......).)..).,16,-3.114,30,0,0.000018
4672,.......((.(((......))).)).............((......))..(.....).....(.(...).).....,10,-3.114,24,0,0.000018
4673,..(.....)..(((......)))...(.....)....(((.......(((....)))...........))).....,11,-3.113,22,0,0.000018
4674,.......((.(((......))).)).(.....).....(....)...(((....)))..((.((.......)))).,14,-3.113,20,0,0.000018
4675,......((((.(..((((.((((....((((.......))))....)).)).))))...)..))))..........,17,-3.113,51,0,0.000018
4676,...(((.((..(((......)))..))...))).....((......))............................,10,-3.113,38,0,0.000018
4677,..........(((......)))..((.........))..........(((....)))...................,8,-3.113,21,0,0.000018
4678,..(.....)..((((....))))......((.......)).......(((....))).....((.......))...,12,-3.113,31,0,0.000018
4679,.......((.((........)).))..(((.........))).....(((....)))...................,10,-3.113,21,0,0.000018
4680,...........((((....))))...........((....)).....(((....)))..((.(.(...).)..)).,13,-3.113,35,0,0.000018
4681,......(((.(((......))).)).)..((.......)).......(((....))).....((.......))...,13,-3.113,19,0,0.000018
4682,..((...))..((((....))))....((((.......)))).....(((....)))..........(.....)..,14,-3.112,35,0,0.000018
4683,.......((.(((......))).)).....(((((..((.......((((....)))..)....))....))))).,16,-3.112,11,0,0.000018
4684,.......((.(((......))).))..((((.......)))).......(....)..((..(......)..))...,13,-3.112,26,0,0.000018
4685,.......(..(((......)))..)......((.((....)).))..(((....))).....(.(...).).....,13,-3.112,24,0,0.000018
4686,...(((.((.(((......))).)).....))).(((.((......))..))).......................,13,-3.112,30,0,0.000018
4687,...........((........)).....(((.......)))..(((((((....)))........)))).......,12,-3.112,35,0,0.000018
4688,.......((.(((......))).)).((...))..............(((....))).....(((...)..))...,13,-3.112,19,0,0.000018
4689,.......((.(((......))).))..((((.......))))........((...))...................,11,-3.111,27,0,0.000018
4690,.......((.(((......))).)).....(.....)...........((....))....................,8,-3.111,17,0,0.000018
4691,.......((.(((......))).))....((.......(....).....)).....((......))..........,10,-3.111,26,0,0.000018
4692,......((((.........((((..(.((((.......))))..).)).))...........))))..........,13,-3.111,46,0,0.000017
4693,.......((.(((......))).)).............(....)...(((....)))........(.((...))).,12,-3.111,17,0,0.000017
4694,.......((.(((......))).)).....((((...(((..(.(.((((....)))..)...)..).))))))).,18,-3.111,6,0,0.000017
4695,.......((.(((......)))...))...((((...(((......((((....)))....)......))))))).,16,-3.111,8,0,0.000017
4696,..........(....).....(((....)))................(((....)))...(.(......).)....,9,-3.111,30,0,0.000017
4697,...........((((....))))...............((.......(((....)))...........))......,9,-3.111,23,0,0.000017
4698,.....(..(.(((......))).)..)...(((....(((.......(((....)))...........))).))).,14,-3.111,6,0,0.000017
4699,.......((.(((.....).)).)).....((((...(((......((((....)))....)......))))))).,16,-3.111,5,0,0.000017
4700,...........((((....)))).......(((.(((.((......))..))).))).....(.(...))......,14,-3.111,42,0,0.000017
4701,...((.((((.((((....))))..(.((((.......))))..)..(((....))).....)))).)).......,18,-3.11,43,0,0.000017
4702,.......((.(((......))).))......................(((....((...........))...))).,10,-3.11,21,0,0.000017
4703,.......((.((........)).))..((((.......)))).....(((....))).............(...).,12,-3.11,21,0,0.000017
4704,.......((.(((......))).)).....(((.(((.((......))..))).)))...(...(...)..)....,15,-3.11,29,0,0.000017
4705,.......((.(((......))).))......................(((....)))....((((...)..)).).,12,-3.11,18,0,0.000017
4706,.........(.(((((....)))......)).)..............(((....)))...................,9,-3.11,30,0,0.000017
4707,.......((.(((......))).))....((.......))......((((....))).............).....,11,-3.11,16,0,0.000017
4708,.......((.(((......))).))....((((.((....)).)).))..............((.......))...,13,-3.109,30,0,0.000017
4709,...........((((....)))).......((((...(((...((.((((....)))..).)).....))))))).,17,-3.109,19,0,0.000017
4710,..(.((....(((......)))..)).)..(((((............(((....))).............))))).,14,-3.109,16,0,0.000017
4711,...........((........))...(.....)....(((.......(((....)))...........))).....,9,-3.109,20,0,0.000017
4712,...........(((((((.((((......)).......)).)))))))........((......))..........,13,-3.109,46,0,0.000017
4713,.......((.(((......))).)).............(....)....((....)).............(....).,9,-3.109,17,0,0.000017
4714,.......((.(((......))).)).........((....))...(((((....))).............))....,12,-3.109,20,0,0.000017
4715,.......((.(((......))).)).....(......).........(((....)))..((.(.(...).)..)).,13,-3.109,18,0,0.000017
4716,.......((.(((......))).)).....((...))..........(((....)))........(........).,11,-3.109,17,0,0.000017
4717,.....................(((....)))..........(.(((((((....)))........))))..)....,11,-3.108,35,0,0.000017
4718,.......(((((((((((...(((....)))..........)))))))........))))..((.......))...,16,-3.108,50,0,0.000017
4719,.......((.(((......))).))..........(....)......(((....))).......(...).......,10,-3.108,17,0,0.000017
4720,..........(....).....(((....))).......(....)...(((....)))..((.(.(...).)..)).,12,-3.108,33,0,0.000017
4721,.......((.(((......))).))......(............)..(((....)))..((.(.(...).)..)).,13,-3.107,19,0,0.000017
4722,.....(.((.(((......))).)).)...((((...(((..(.(.((((....)))....)..).).))))))).,19,-3.107,8,0,0.000017
4723,.......((..((((....))))..))...((((...(((..(.(.((((....)))....)..).).))))))).,19,-3.107,21,0,0.000017
4724,.......((.(((......))).)).....(((..((.((......))..))..)))..((.((.......)))).,16,-3.107,29,0,0.000017
4725,.......((.(((......))).))....((.......))........((....))......(......)......,10,-3.107,18,0,0.000017
4726,.......((.(((......))).))....((.......)).......(((....)))..(.(....).).......,12,-3.107,18,0,0.000017
4727,..........(((......)))........(.....)..........(((....)))...................,7,-3.107,19,0,0.000017
4728,.......((.(((......))).))...((.........))......(((....)))..........(.....)..,11,-3.107,18,0,0.000017
4729,.......((.(((......))).))(.((((.......))))..)..(((....))).....(.(...))......,15,-3.106,23,0,0.000017
4730,.......((.(((......))).)).....((((....(........(((....))).............))))).,13,-3.106,6,0,0.000017
4731,..((...))..(((......))).......((((...(((....(..(((....)))..)........))))))).,16,-3.106,16,0,0.000017
4732,.......((.(((......))).)).....((...........(((((((....)))........))))....)).,14,-3.106,17,0,0.000017
4733,...(((.((..((((....))))..))...))).....(....)...(((....))).....(.(...))......,15,-3.106,35,0,0.000017
4734,..............((....))...............(((.......(((....)))...........))).....,8,-3.106,20,0,0.000017
4735,.......((.(((......))).))....((.......))........((....))...((...(...)....)).,12,-3.106,20,0,0.000017
4736,.......((.(((.(...)))).))..((((.......))))......((....))....................,12,-3.106,23,0,0.000017
4737,.......((.(((......))).)).....(.....).(....)...(((....)))............(....).,11,-3.105,16,0,0.000017
4738,.......((.(((......))).))....((.(.((....)).)..))................(...).......,11,-3.105,28,0,0.000017
4739,...........((((....))))..(.((((.......))))..)..(((....))).....(.(...))......,14,-3.105,36,0,0.000017
4740,.......((.(((......))).)).....((((...(((................(....)......))))))).,13,-3.105,7,0,0.000017
4741,...........(.(((....))).)....((.......)).......(((....))).....(.(...).).....,11,-3.105,31,0,0.000017
4742,.......((.(((......))).))....((.......)).....(((.((...((.....)).....)).)))..,14,-3.105,26,0,0.000017
4743,.......((.(((......))).))...(((.......)))......(((....))).......(.(.....).).,13,-3.105,19,0,0.000017
4744,.......((.(((......))).))......((.((....)).))..(((....)))..((((.(...).)).)).,17,-3.104,25,0,0.000017
4745,..........(((......)))................(....)...(((....)))............(....).,8,-3.104,19,0,0.000017
4746,.......((.(((......))).)).............((......))........((......)).((...))..,11,-3.104,25,0,0.000017
4747,.......((.(((......))).))..........(....)......(((....)))...(.(.(...)).)....,12,-3.104,19,0,0.000017
4748,...........((((....))))....((((.......))))...(((((....))).............))....,13,-3.104,34,0,0.000017
4749,..........(((......)))........(((....(((..(....(((....))).........).))).))).,13,-3.104,8,0,0.000017
4750,...........(.(((....))).).....(((((............(((....))).............))))).,12,-3.104,21,0,0.000017
4751,..((...........))....(((....)))................(((....)))..((.(.(...).)..)).,12,-3.103,35,0,0.000017
4752,...........((......))(((....)))................(((....)))..((.(.(...).)..)).,12,-3.103,27,0,0.000017
4753,..........(((......))).......((.......)).......(((....))).....(......)......,9,-3.102,20,0,0.000017
4754,.......((.(((......))).))......................((......))...................,7,-3.102,16,0,0.000017
4755,.....................(((....)))...((....)).....(((....)))..((............)).,10,-3.102,33,0,0.000017
4756,..........(((......))).......((.......))......((((....)))..)................,9,-3.102,21,0,0.000017
4757,.......((.(((......))).))............(.....)...(((....))).....(.(...))......,11,-3.102,17,0,0.000017
4758,.......((.(((......))).))....((.(.((....)).)..))............(.(.(...)).)....,13,-3.102,30,0,0.000017
4759,..((...))..(((......))).......((((....((.......(((....)))...........)).)))).,14,-3.102,16,0,0.000017
4760,...(((.((.(((......))).)).....)))....(((.......(((....)))...(.....).))).....,15,-3.101,13,0,0.000017
4761,.......((.(((......))).)).........((....)).....(((....)))..((.(.......)..)).,13,-3.101,21,0,0.000017
4762,...........(((......))).........((...(((.......(((....)))...........)))))...,11,-3.101,16,0,0.000017
4763,..........(((......))).......((.......)).......(((....)))..((...(...)....)).,11,-3.101,22,0,0.000017
4764,...(((.((.(((......))).)).....)))....(((..(.(..(((....))).......).).))).....,16,-3.101,15,0,0.000017
4765,.......((.(((......))).)).....(.....)..........(((....))).......(.........).,10,-3.101,16,0,0.000017
4766,..........(((.(...)))).....((((.......)))).....(((....)))...................,11,-3.101,25,0,0.000017
4767,.......((.(((......))).)).............((......))..............(.(...))......,9,-3.101,23,0,0.000017
4768,.......((.(((......))).))....((.......)).......(((....)))((...(.(...).)))...,14,-3.101,19,0,0.000017
4769,.......((.(((......))).))......((..........)).((((....)))..)................,11,-3.101,18,0,0.000017
4770,.........(.....).....(((....)))................(((....)))..((............)).,9,-3.101,31,0,0.000017
4771,.......((.(((......))).)).(.....).....(....)....((....))....................,9,-3.101,18,0,0.000017
4772,.......((.(((......))).)).....(((....(((..........(.....)...........))).))).,12,-3.101,9,0,0.000017
4773,.......((.(((......))).))..((((.......)))).(.....)..........................,10,-3.1,26,0,0.000017
4774,.......((((...((((.((((.(..((((.......))))..).)).)).))))))))..(.(...).).....,19,-3.1,51,0,0.000017
4775,.......((.(((......))).)).....((((..((.....(((....................))))))))).,14,-3.1,18,0,0.000017
4776,.......((.(((......))).)).......(......).....(((((....)))........)).........,11,-3.1,18,0,0.000017
4777,........(.((........)).)......((((...(((.......(((....)))...........))))))).,13,-3.1,4,0,0.000017
4778,..........(((......))).....((((.......))))...(((.((.....((......))..)).)))..,14,-3.1,35,0,0.000017
4779,..((...))..((((....)))).......(((...((.....(((((((....)))........)))))).))).,18,-3.099,31,0,0.000017
4780,.....(.((.(((......))).)).).(((.......)))......(((....))).......(...).......,13,-3.099,20,0,0.000017
4781,.......((..((((....))))..)).(((.......)))......(((....))).......(...).......,13,-3.099,33,0,0.000017
4782,...(((....(((......)))........))).....(....)...(((....))).....((.......))...,12,-3.099,24,0,0.000017
4783,.......((.(((......))).)).((...)).....(....)...(((....))).....(.(...))......,13,-3.099,19,0,0.000017
4784,.......((.(((......))).)).......(.((....)).)...((((.....((......)).....)))).,14,-3.099,29,0,0.000017
4785,.......((.(((......))).))....((.......))........((....))......(.........)...,10,-3.098,18,0,0.000017
4786,.......((.(((......))).))....((.......))........((....)).(......)...........,10,-3.098,19,0,0.000017
4787,.......((.(((......))).)).........((.....))....(((....)))...........(...)...,11,-3.098,18,0,0.000017
4788,...(((.....((((....)))).......)))..............(((....))).....(.(...).).....,12,-3.098,32,0,0.000017
4789,...........((((....))))........................(((....)))..(.((.(...).))..).,11,-3.098,31,0,0.000017
4790,.......((.(((......))).))..((((.......))))..(..(((....))).).....(...).......,14,-3.098,22,0,0.000017
4791,...(...)..(((......))).....((((.......)))).....(((....)))...................,11,-3.098,24,0,0.000017
4792,.......((.(((......))).))......((.((....)).))...((....))((...........)).....,13,-3.098,23,0,0.000017
4793,....((....(((......)))))......((((...(((.......(((....)))...........))))))).,15,-3.098,7,0,0.000017
4794,.......((.(((......))).))..((((.......)))).....(((....)))....(.....((...))).,15,-3.098,21,0,0.000017
4795,.......((.(((......))).))............(((.(....((((....)))..)......).))).....,13,-3.098,12,0,0.000017
4796,...........((((....)))).......(((.(((.((......))..))).)))..((.((.......)))).,16,-3.097,44,0,0.000017
4797,...(((.((..(((......)))..))...)))..............(((....)))..........(.....)..,12,-3.097,32,0,0.000017
4798,...........(((......))).....(((.......)))......(((....)))............(....).,10,-3.097,29,0,0.000017
4799,.......((..(((......)))..))((((.......)))).....(((....)))...(.(......).)....,14,-3.097,35,0,0.000017
4800,.......((.(((......))).))....((.......)).........(....)..((............))...,10,-3.097,21,0,0.000017
4801,..........(((......)))....((...))..............(((....)))...(.(......).)....,10,-3.097,22,0,0.000017
4802,.......((.(((......))).)).........((....)).....(((......................))).,10,-3.096,24,0,0.000017
4803,...........((((....))))....((((.......)))).....(((....)))..((.(.......)..)).,14,-3.096,35,0,0.000017
4804,.......((.(((......))).))....((.......))......((((....)))..)....(.........).,12,-3.096,18,0,0.000017
4805,...........(.((((..........((((.(..............).)))).......)))).)..........,10,-3.096,45,0,0.000017
4806,...........(((......)))....((((.......)))).....(((....))).....(((...)..))...,13,-3.096,34,0,0.000017
4807,.....(.((.(((......))).)).).(((.......)))......(((....)))...(.(.(...)).)....,15,-3.096,22,0,0.000017
4808,..((...))..((((((..(((((....))).......))..))))))............................,13,-3.096,44,0,0.000017
4809,.......((..((((....))))..)).(((.......)))......(((....)))...(.(.(...)).)....,15,-3.095,35,0,0.000017
4810,......((..((.((((((..((..(.((((.......))))..).))..))........)))).))..)).....,17,-3.095,54,0,0.000017
4811,.......(((((((((((...((...............)).)))))))........)))).........(....).,14,-3.095,46,0,0.000017
4812,.......((.(((......))).)).......(..........)...(((....)))..(.((.(...).))..).,13,-3.095,19,0,0.000017
4813,.......((.(((.(...)))).))..((((.......)))).....(((....))).......(.........).,14,-3.095,22,0,0.000017
4814,.......((.(((......))).))..((((((.((....)).))....))))...((...........)).....,15,-3.095,33,0,0.000017
4815,.......((.(((......))).))..(((.........))).....(((....)))....(............).,12,-3.095,20,0,0.000017
4816,.......((.(((......))).))......((..((.((......))..))..))....................,11,-3.095,25,0,0.000017
4817,.......((.(((......))).)).(((((((.(((.((......))..))).)))..))))....(.....)..,18,-3.095,36,0,0.000017
4818,......(...(((......)))..)............(((.......(((....)))...........))).....,10,-3.094,13,0,0.000017
4819,...........(((......)))...............(....)...(((....)))...(.(......).)....,9,-3.094,29,0,0.000017
4820,.......((.(((......))).)).....(((((.........(..(((....)))....)........))))).,14,-3.094,9,0,0.000017
4821,.........(.(((((((.(((((....))).......)).))))))).)..............(...).......,14,-3.094,46,0,0.000017
4822,..........(((......)))........((((...(((.......(((....)))(.......)..))))))).,14,-3.094,6,0,0.000017
4823,..........(((......))).......((.......)).......(((....))).....(.........)...,9,-3.094,20,0,0.000017
4824,.......((.(((......))).)).....(.....)..........(((....)))..(..............).,10,-3.094,16,0,0.000017
4825,...(..(((.(((......))).)).)..)((((...(((.......(((....)))...........))))))).,17,-3.094,4,0,0.000017
4826,..........(((......)))....((...)).....(....)...(((....)))..((.(.(...).)..)).,13,-3.094,25,0,0.000017
4827,.......((.(((......))).)).......(......).......(((....)))...(.....).........,10,-3.094,16,0,0.000017
4828,...........(((......))).......(((....(((.(.....(((....))).........).))).))).,13,-3.093,16,0,0.000017
4829,.......((.(((......))).))(.((((.......))))..)..(((....)))..((.((.......)))).,17,-3.093,25,0,0.000017
4830,.......((.((........))...))...((((...(((.......(((....)))...........))))))).,14,-3.093,8,0,0.000017
4831,...(((.((..((((....))))..))...))).....(....)...(((....)))..((.((.......)))).,17,-3.093,37,0,0.000017
4832,.......((.(((......))).)).......(.(((.((......))..))).)............((...))..,13,-3.093,28,0,0.000017
4833,...........((((....)))).........(......).......(((....))).....(.(...).).....,10,-3.093,29,0,0.000017
4834,.......((.(((......))).)).....((((..((......(..(((....))).)..........)))))).,15,-3.092,9,0,0.000017
4835,.......((.(((......))).))...(((.......))).......((....)).........(........).,11,-3.092,20,0,0.000017
4836,...........((((....))))......(.........).......(((....)))...................,8,-3.092,28,0,0.000017
4837,.......((.(((......))).)).....((...)).(....)...(((....))).....((.......))...,13,-3.092,19,0,0.000017
4838,.......((.(((......))).)).....((((.(.......((((..................))))).)))).,14,-3.092,20,0,0.000017
4839,..........(((......)))........((((...(((.......((......))...........))))))).,12,-3.092,6,0,0.000017
4840,.......((.(((......))).)).....((((...(((.....(.........)((......))..))))))).,15,-3.092,10,0,0.000017
4841,...........((((....))))..(.((((.......))))..)..(((....)))..((.((.......)))).,16,-3.092,38,0,0.000017
4842,.......((.(((......))).)).....(((.(((.............))).)))..(.((.(...).))..).,15,-3.092,30,0,0.000017
4843,..(.....)......((......)).....((((...(((.......(((....)))...........))))))).,13,-3.092,13,0,0.000017
4844,.......((.(((......))).))......((..(....)..))..(((....)))..........(.....)..,12,-3.092,19,0,0.000017
4845,.......((.(((......))).)).....((((...(((...((..(((....))).).......).))))))).,17,-3.092,4,0,0.000017
4846,...........((((....))))....((((.......)))).....(((......................))).,11,-3.092,38,0,0.000017
4847,.......((.(((......))).)).....(((..(..((.........)).).)))...................,11,-3.091,23,0,0.000017
4848,.......((.(((......))).))..((((.......(....).....)))).........(.(...).).....,12,-3.091,29,0,0.000017
4849,.......((.(((......))).))......(((...(((.....(((((....)))........)).))))))..,16,-3.091,6,0,0.000017
4850,.......((.(((......))).)).(.....).....(....)...(((....))).......(.........).,11,-3.09,17,0,0.000017
4851,...((.....)).........(((....)))................(((....)))..((.(.(...).)..)).,12,-3.09,33,0,0.000017
4852,.........(.(((((((.(((((....))).......)).))))))).)..........(.(.(...)).)....,16,-3.09,48,0,0.000017
4853,..........(((......)))........(((..((.((......))..))..)))...................,10,-3.09,29,0,0.000017
4854,...........((((....))))......((.......)).......(((....))).............(...).,10,-3.09,28,0,0.000017
4855,...........((.(((........))).)).......(....)...(((....)))...................,9,-3.09,32,0,0.000017
4856,..........(((......)))........(((....(((....(..(((....))).).........))).))).,13,-3.09,8,0,0.000017
4857,...(((....(((......)))........)))..............(((....)))............(....).,10,-3.09,21,0,0.000017
4858,..........(((......))).(...((((.......))))..)..(((....)))...................,11,-3.089,24,0,0.000017
4859,.......((.(((......))).)).............(....(((((((....)))........)))).).....,13,-3.089,21,0,0.000017
4860,.......((.(((......))).))..((((.......))))...(((.(...................).)))..,13,-3.089,27,0,0.000017
4861,.......((.(((......))).))....((.......)).........(....)....(.((.(...).))..).,12,-3.089,23,0,0.000017
4862,.......((.(((......))).))....((.......))................((......))...(....).,10,-3.089,24,0,0.000017
4863,.......((.(((......))).))............(.....)...(((....)))..((.((.......)))).,13,-3.089,19,0,0.000017
4864,.......((.(((......))).))...(((.......)))......(((....(.((......))..)...))).,14,-3.089,26,0,0.000017
4865,...........((((....)))).......((((((...........(((....)))............)))))).,13,-3.089,21,0,0.000017
4866,.......((.((........)).))......................(((....)))..((............)).,9,-3.089,18,0,0.000017
4867,.......((.(((......))).)).........((....))....((....................))......,9,-3.089,25,0,0.000017
4868,.......((.(((......))).)).........((....)).....((((....................)))).,11,-3.088,25,0,0.000017
4869,.......(((((((((((.(((((....))).......)).)))))))........))))..(......)......,17,-3.088,49,0,0.000017
4870,..((...)).(((......))).......((.......))...(((((((....)))........)))).......,14,-3.088,28,0,0.000017
4871,.......((.(((......))).))....((((.((....)).)).)).(....).((......))..........,14,-3.088,29,0,0.000017
4872,.......((.(((......))).)).............(....)...(((....)))((..(......)..))...,12,-3.088,18,0,0.000017
4873,...........((((....))))...(.....).....(....)...(((....)))...(.(......).)....,11,-3.088,31,0,0.000017
4874,.......((.(((.(...)))).))..((((.......)))).....(((....)))..(..............).,14,-3.088,22,0,0.000017
4875,.......((.(((......))).)).............((......))...........((.((.......)))).,11,-3.088,25,0,0.000017
4876,.......((.(((......))).)).....(((.((.......(((((((....)))........)))))).))).,17,-3.088,17,0,0.000017
4877,..........(((......)))......(((.......)))......(((....)))........(........).,10,-3.088,22,0,0.000017
4878,.......(.(.(((((((.(((((....))).......)).))))))).)).....((......))..........,16,-3.088,49,0,0.000017
4879,.......((.(((......))).))......(((...((........(((....))).......)).....)))..,13,-3.087,10,0,0.000017
4880,.......((.(((......))).)).....((((..((..........((....))........)).....)))).,13,-3.087,11,0,0.000017
4881,.......((.(((......))).)).....((((....((......(.((....))...)........)).)))).,14,-3.087,6,0,0.000017
4882,..((...))..((((....)))).......((((...(((............................))))))).,13,-3.087,21,0,0.000017
4883,.......((.(((......))).))......................(((....)))..(.((.......))..).,11,-3.087,17,0,0.000017
4884,.......((.(((......))).))..((((.......))))...((.......))((......))..........,13,-3.086,30,0,0.000017
4885,.......((.(((......))).)).....(((.(((.((......))..)))...((......))......))).,15,-3.086,24,0,0.000017
4886,........(.(((......))).)...................(((((((....)))........)))).......,11,-3.086,23,0,0.000017
4887,........(.(((......))).).....((.......)).......(((....))).......(...).......,10,-3.086,18,0,0.000017
4888,.......((.(((......))).))...(((.......)))......(((....)))(.......)..........,12,-3.086,19,0,0.000017
4889,..(.....)..((((....)))).......((((...(((........((....))((......))..))))))).,16,-3.086,19,0,0.000017
4890,...(((....(((......)))........)))....(((.(.....(((....))).........).))).....,13,-3.086,17,0,0.000017
4891,......(((.(((......))).)).)...((((...(((........((....))((......))..))))))).,17,-3.086,7,0,0.000017
4892,..(.....)..(((......)))...((...))....(((.......(((....)))...........))).....,12,-3.086,23,0,0.000017
4893,..(.....)............(((....))).......(....)...(((....)))...(.(......).)....,10,-3.086,31,0,0.000017
4894,.......(..(((......))))....((((.......)))).....(((....)))...................,11,-3.086,24,0,0.000017
4895,...........((((((..(((((....))).......))..))))))((....))....................,13,-3.086,38,0,0.000017
4896,..(.....)..((((....))))......((.......)).......(((....)))..((............)).,12,-3.086,31,0,0.000017
4897,.......(..(((......)))..)...(((.......)))......(((....)))..((.(.(...).)..)).,14,-3.086,23,0,0.000017
4898,..(.....)..((((....)))).....(((.......)))......(((....)))...(.(......).)....,13,-3.086,33,0,0.000017
4899,.......((.(((......))).)).((...)).....(....)...(((....)))..((.((.......)))).,15,-3.086,21,0,0.000017
4900,......(((.(((......))).)).)..((.......)).......(((....)))..((............)).,13,-3.086,19,0,0.000017
4901,..((...))............(((....))).......(....)...(((....))).......(...).......,10,-3.086,31,0,0.000017
4902,.......((.(((......))).)).(.....)....(((............................))).....,9,-3.086,15,0,0.000017
4903,........(.(((......))).)...((((.......)))).....(((....)))............(....).,12,-3.085,21,0,0.000017
4904,..((...))..((((....)))).....(((.......)))......(((....))).......(...).......,13,-3.085,33,0,0.000017
4905,...........((((....))))........((.(((.((......))..))).))....................,11,-3.085,40,0,0.000017
4906,.......((.(((......))).)).(.....).....((......))........((...........)).....,10,-3.085,23,0,0.000017
4907,...........(((......)))...(((((((.(((.((......))..))).)))..)))).............,15,-3.084,47,0,0.000017
4908,.......((.(((......))).))......((.((....)).))..(((....)))....((.........).).,14,-3.084,22,0,0.000017
4909,.......((.(((......))).)).......(.((....)).)...(((....)))....(......).......,12,-3.084,20,0,0.000017
4910,...(((.((..(((......)))..))...)))....(((....(..(((....)))..)........))).....,15,-3.084,27,0,0.000017
4911,.......((.(((......))).)).....(((..((.((......))..))..))).......(.........).,13,-3.084,26,0,0.000017
4912,...........((((....))))....((((.......))))....((....................))......,10,-3.084,39,0,0.000017
4913,...........((((....))))....((((.......)))).....((((....................)))).,12,-3.084,39,0,0.000017
4914,.......((.(((......))).))......((.((...))..))..(((....)))...................,12,-3.083,19,0,0.000017
4915,.......((.(((......))).)).(.....).....(....)...(((....)))..(..............).,11,-3.083,17,0,0.000017
4916,.......((.(((......))).)).....((...))........(((.((.................)).)))..,12,-3.083,25,0,0.000017
4917,.......((.(((......))).)).........((....))..............((......))..........,9,-3.083,27,0,0.000017
4918,........(.(((......))).).....((.......)).......(((....)))...(.(.(...)).)....,12,-3.083,20,0,0.000017
4919,.......((.(((......))).))......((..............(((....)))........)).........,10,-3.083,16,0,0.000017
4920,.....................(((....)))...((.....))....(((....)))..((.(.(...).)..)).,12,-3.083,35,0,0.000017
4921,.......((.(((......))).)).(.....)..............(((....))).............(...).,10,-3.083,15,0,0.000017
4922,.......((.(((......))).))....((((.((....)).)).))...........((............)).,13,-3.082,30,0,0.000017
4923,......((((.(((((((.(((((....))).......)).))))))).(.........)..))))..........,17,-3.082,51,0,0.000017
4924,.......(((((((((((..((((....))).......)..))))))).(....).))))................,16,-3.082,46,0,0.000017
4925,.......((((....(((.((((.(..((((.......))))..).)).)).))).))))..(.(...).).....,18,-3.082,50,0,0.000017
4926,...........((((....))))........((.((....)).))..(((....)))..........(.....)..,12,-3.082,34,0,0.000017
4927,..((...))............(((....))).......(....)...(((....)))...(.(.(...)).)....,12,-3.082,33,0,0.000017
4928,.......((.(((......))).))......((.((....)).))...((....))...........((...))..,13,-3.082,23,0,0.000017
4929,..((...))..((((....)))).....(((.......)))......(((....)))...(.(.(...)).)....,15,-3.082,35,0,0.000017
4930,...........((........))...((...))....(((.......(((....)))...........))).....,10,-3.082,21,0,0.000017
4931,...(((.((.(((......))).)).....))).....(....)..((((....)))..)..(.(...).).....,15,-3.081,22,0,0.000017
4932,.......((.(((......))).))..((((......).))).....(((....))).....(.(...).).....,14,-3.081,21,0,0.000017
4933,......(((.(((......))).)).)((((.......)))).....(((....)))..........((...))..,15,-3.081,22,0,0.000017
4934,.......((.(((......))).)).......(......).......(((....))).....(.......).....,10,-3.081,15,0,0.000017
4935,.......(..(((.(...))))..).....((((...(((.......(((....)))...........))))))).,15,-3.081,4,0,0.000017
4936,.......((.(((......))).))(.((((.......))))..)...((....))....................,12,-3.081,23,0,0.000017
4937,..((...))..(((......))).......((((...((....(((((((....)))........)))))))))).,18,-3.081,23,0,0.000017
4938,.......((.(((......))).))......................(((....)))...(.(.(...).))....,11,-3.081,17,0,0.000017
4939,.........((.......)).(((....))).......(....)...(((....))).......(...).......,10,-3.08,31,0,0.000017
4940,...(((.((..((((....))))..))...))).....(....)....((....))....................,12,-3.08,35,0,0.000017
4941,..((...))..((((....)))).......(((....(((....((((((....)))........)))))).))).,18,-3.08,23,0,0.000017
4942,.......((.(((......))).))..(((.........))).....(((......((......))......))).,13,-3.08,28,0,0.000017
4943,...........(((((((.(((((....))).......)).))))))).....................(....).,13,-3.08,44,0,0.000017
4944,.......(((((((((((.(((((....))).......)).)))))))........))))..(.........)...,17,-3.08,49,0,0.000017
4945,...(...).............(((....)))......(((.......(((....)))...........))).....,10,-3.08,22,0,0.000017
4946,...........((((....))))..(.((((.......))))..)...((....))....................,11,-3.079,36,0,0.000017
4947,.......((.(((......)))...))................(((((((....)))........)))).......,12,-3.079,27,0,0.000017
4948,...................(....)............(((.......(((....)))...........))).....,7,-3.079,18,0,0.000017
4949,.......((.(((......)))...))..((.......)).......(((....))).......(...).......,11,-3.079,22,0,0.000017
4950,.......((.(((.....).)).))..................(((((((....)))........)))).......,12,-3.079,24,0,0.000017
4951,.......((.(((......))).))..........(.....).....(((....))).....(.(...).).....,11,-3.079,18,0,0.000017
4952,.......((.(((.....).)).))....((.......)).......(((....))).......(...).......,11,-3.079,19,0,0.000017
4953,...(((.((.(((......))).)).....))).....(....).....((.................))......,11,-3.079,25,0,0.000017
4954,..(.....).(((......))).....((((.......)))).....(((....)))...(.(......).)....,13,-3.079,26,0,0.000017
4955,...............((......))..((((.......)))).....(((....)))...................,9,-3.079,31,0,0.000017
4956,.......((.(((......))).))...(((.......)))....((.......))....................,10,-3.079,25,0,0.000017
4957,..((...)).(((......))).....((((.......)))).....(((....))).......(...).......,13,-3.079,26,0,0.000017
4958,.......((.(((......))).))......((.(.....)..))..(((....)))........(........).,12,-3.078,19,0,0.000017
4959,.......((.(((......))).))..((((.......))))....(.......).....................,10,-3.078,26,0,0.000017
4960,...........((((....))))....((((.......))))..............((......))..........,10,-3.078,41,0,0.000017
4961,.......((.((........)).))...(((.......)))......(((....)))..........((...))..,12,-3.078,20,0,0.000017
4962,.......((..((......))..))....((.......)).......(((....)))..((.(.(...).)..)).,13,-3.078,21,0,0.000017
4963,.......((.(((.....).)).))..((((.......)))).....(((....)))............(....).,13,-3.078,22,0,0.000017
4964,.......((.(((......))).)).............(....)..((((....))).......)...........,10,-3.078,17,0,0.000017
4965,.......((.(((......))).)).........(((.((......))..)))....((............))...,12,-3.078,29,0,0.000017
4966,.......((.((........)).))..((((.......)))).....(((....)))...........(...)...,12,-3.078,21,0,0.000017
4967,.......((.(((......))).))..((((.......))))......((....)).(.......)..........,12,-3.077,23,0,0.000017
4968,...........(((......)))...(.....).....(....)...(((....))).....(.(...).).....,10,-3.077,30,0,0.000017
4969,..........(((......))).........((.((....)).))..(((....)))..........((...))..,12,-3.077,25,0,0.000017
4970,.......((..(((......)))..))...((((...(((..(....(((....))).........).))))))).,16,-3.077,16,0,0.000017
4971,.......((.(((......))).)).....(((..((.((......))..))..)))..(..............).,13,-3.077,26,0,0.000017
4972,.........((.......)).(((....))).......(....)...(((....)))...(.(.(...)).)....,12,-3.077,33,0,0.000017
4973,.......((.(((......))).)).....(((.(((.((......))..))).)))..(((....)......)).,16,-3.077,31,0,0.000017
4974,...(((.((.(((......)))...))...))).....(....)...(((....)))..........(.....)..,13,-3.077,25,0,0.000017
4975,.......((.(((......))).))......((.((....)).))..((((...(.((......))..)..)))).,16,-3.076,30,0,0.000017
4976,.......((.(((......))).))............(.....)....((....))....................,8,-3.076,17,0,0.000016
4977,.......((.(((......))).))........................(....).......((.......))...,8,-3.076,20,0,0.000016
4978,.......((.(((......))).)).....((((....(........(((....)))....).........)))).,13,-3.076,7,0,0.000016
4979,..(.....)..(((......)))...............(....)...(((....)))...................,8,-3.076,28,0,0.000016
4980,.......((.(((......)))...))..((.......)).......(((....)))...(.(.(...)).)....,13,-3.076,24,0,0.000016
4981,.......((.(((.....).)).))....((.......)).......(((....)))...(.(.(...)).)....,13,-3.075,21,0,0.000016
4982,..((...)).(((......))).....((((.......)))).....(((....)))...(.(.(...)).)....,15,-3.075,28,0,0.000016
4983,..(.....)..(((......))).....(((.......)))......(((....))).....(.(...).).....,12,-3.075,32,0,0.000016
4984,.......((.(((......))).))..((((.......))))....((.(..............)...))......,12,-3.075,27,0,0.000016
4985,...........((((....)))).......(((.(((.((......))..))).))).......(.........).,13,-3.075,41,0,0.000016
4986,.......((.(((......))).)).....((((............((((....))).......)......)))).,13,-3.075,8,0,0.000016
4987,.......((.(((......))).))..((((...((....)).......)))).......................,11,-3.075,30,0,0.000016
4988,.......((..((........))..))((((.......)))).....(((....)))...................,11,-3.074,32,0,0.000016
4989,.......((.(((......))).))......................(((....)))..((..(.......).)).,11,-3.074,17,0,0.000016
4990,.......((.(((......))).))..((((.......)))).(.(((.((.....((......))..)).)))).,17,-3.074,32,0,0.000016
4991,.......((.(((......))).))..((((.......))))...(((.((....(.....)......)).)))..,15,-3.074,29,0,0.000016
4992,.......(..(((......)))..).....((((.........(((((((....)))........))))..)))).,15,-3.074,15,0,0.000016
4993,..........(((......)))..((.((((..................))))..)).....(.(...).).....,11,-3.074,33,0,0.000016
4994,.......((.(((......))).)).............(....)............((...........)).....,8,-3.074,22,0,0.000016
4995,.......((.(((......))).))..(((.........))).......(....).....................,9,-3.073,23,0,0.000016
4996,...........((((....)))).............((.....(((((((....)))........)))))).....,13,-3.073,35,0,0.000016
4997,.......((.(((......))).)).((...)).....(....)....((....))....................,10,-3.073,19,0,0.000016
4998,.........(.((((((..(((((....))).......))..)))))).)......((...........)).....,14,-3.073,44,0,0.000016
4999,.......((.(((......))).)).....((((............(.((....))...)...........)))).,12,-3.073,10,0,0.000016
5000,.......((.(((......))).))..((((.......)))).((...))..........................,11,-3.073,27,0,0.000016
5001,.......((..((((....)))))).....((((...(((....((((((....)))........)))))))))).,19,-3.073,15,0,0.000016
5002,...........((........(((....))).......)).......(((....))).....(.(...).).....,10,-3.073,29,0,0.000016
5003,.......((.(((......))).))...(((.......)))....(((.((..(............).)).)))..,14,-3.073,28,0,0.000016
5004,......(.(.(((......))).)..)...((((...(((....((((((....)))........)))))))))).,18,-3.073,10,0,0.000016
5005,..(((.........)))..(....).....((((...(((.......(((....)))...........))))))).,14,-3.073,16,0,0.000016
5006,.......((((((((((..........((((.......))))))))))........)))).........(....).,15,-3.073,48,0,0.000016
5007,.......(((((((((((..........(((.......))))))))))........)))).........(....).,15,-3.073,48,0,0.000016
5008,..(.....)..((((....))))........(((...(((.......(((....)))...........))))))..,14,-3.072,16,0,0.000016
5009,.......((.(((......))).))..((((.......))))....((.((..(............).)).))...,14,-3.072,29,0,0.000016
5010,......(((.(((......))).)).)....(((...(((.......(((....)))...........))))))..,15,-3.072,4,0,0.000016
5011,...(((....(((......)))........))).....(....)...(((....)))..((............)).,12,-3.072,24,0,0.000016
5012,.......((.(((......))).))......((.((.....))))..(((....)))..........((...))..,14,-3.072,21,0,0.000016
5013,.......((.(((......))).)).....(.....).((......))............................,8,-3.072,22,0,0.000016
5014,..........(((......)))...............(.....)...(((....)))...................,7,-3.072,19,0,0.000016
5015,...........((((....))))..............((........(((....))).......))..........,9,-3.072,29,0,0.000016
5016,.......((.(((......))).)).............((.........))......((............))...,9,-3.071,23,0,0.000016
5017,...........((........))...............(....)...(((....)))...................,6,-3.071,26,0,0.000016
5018,..........(....).....((......))......(((.......(((....)))...........))).....,9,-3.071,21,0,0.000016
5019,.......((.((........)).)).....((((...(((....(..(((....)))...).......))))))).,15,-3.071,4,0,0.000016
5020,.......((.(((......))).))..((((.......)))).......(....)...............(...).,11,-3.071,23,0,0.000016
5021,.....(.((.(((......))).)).)...((((...(((...((..(((....)))....)).....))))))).,18,-3.071,6,0,0.000016
5022,..........(((......)))................((......))............................,5,-3.071,25,0,0.000016
5023,.......((..((((....))))..))...((((...(((...((..(((....)))....)).....))))))).,18,-3.071,19,0,0.000016
5024,...........((........)).....(((.......)))......(((....))).....(.(...).).....,10,-3.07,30,0,0.000016
5025,.......((.(((......))).))(.((((.......))))..)..(((....))).......(.........).,14,-3.07,22,0,0.000016
5026,......((((....(((..((((....((((.......))))....)).))..)))......))))..........,15,-3.07,48,0,0.000016
5027,.......((((((((((....(((....)))...........))))))........))))................,13,-3.07,46,0,0.000016
5028,.......((.(((......))).))....((...............))........((......))...(....).,10,-3.07,25,0,0.000016
5029,.......((.(((......))).)).........((....)).....(((....)))..(........).......,11,-3.07,19,0,0.000016
5030,.....................(((....)))................(((....))).....(((...)..))...,9,-3.07,30,0,0.000016
5031,...(((.((..((((....))))..))...))).....(....)...(((....))).......(.........).,14,-3.07,34,0,0.000016
5032,.......((.(((......))).)).....(.....)..........(((....))).....(......)......,10,-3.07,16,0,0.000016
5033,.......((.(((......))).)).........(((.((......))..)))......(.((.(...).))..).,14,-3.07,31,0,0.000016
5034,..(.....)..((((....))))...(.....).....(....)...(((....)))...................,10,-3.069,30,0,0.000016
5035,.......((.(((......))).)).....((((..((.(....((((((....)))........)))))))))).,18,-3.069,11,0,0.000016
5036,.......((.(((......))).)).....((((..(.((....((((((....)))........)))))))))).,18,-3.069,9,0,0.000016
5037,.......((.(((......))).)).....(.....).........((((....)))..)................,10,-3.069,17,0,0.000016
5038,.......((.(((......))).)).....(((.....((......))......)))..((.(.(...).)..)).,14,-3.069,25,0,0.000016
5039,.......((.(((......))).)).....(((((((.............)))..................)))).,12,-3.069,18,0,0.000016
5040,.......((.(((......))).))..((((.......)))).....(((....))).......(...(...).).,14,-3.069,20,0,0.000016
5041,...........((((....))))..(.((((.......))))..)..(((....))).......(.........).,13,-3.069,35,0,0.000016
5042,.......((.(((......))).))......((.((....)).))..(((....)))........(.(.....)).,14,-3.069,22,0,0.000016
5043,.......((..((((....)))))).....(((....(((.......(((....)))...........))).))).,15,-3.069,11,0,0.000016
5044,..........(((......)))........((((.(.......(((((((....)))........))))).)))).,15,-3.069,18,0,0.000016
5045,..((...))..((((....)))).......((((((.......(((((((....)))........)))))))))).,19,-3.069,30,0,0.000016
5046,......(.(.(((......))).)..)...(((....(((.......(((....)))...........))).))).,14,-3.068,6,0,0.000016
5047,..((...))..((((....)))).......(((.(((.((......))..))).)))...(.(......).)....,16,-3.068,44,0,0.000016
5048,.......((.(((......))).)).....(.....)..........(((....)))..((...(...)....)).,12,-3.068,18,0,0.000016
5049,..(.....).(((......)))........((((..((.....(((((((....)))........)))))))))).,17,-3.068,19,0,0.000016
5050,...........((((....)))).......(((((...((....((((((....)))........)))))))))).,17,-3.068,22,0,0.000016
5051,...((..((.(((......))).))..((((.......))))...))(((....)))...................,14,-3.068,23,0,0.000016
5052,..((...))..(((......)))........((.((....)).))..(((....)))...................,12,-3.068,34,0,0.000016
5053,...(((.((.(((......))).)).....))).....((......))((....))....................,12,-3.068,20,0,0.000016
5054,...........((((....)))).......(((.(((.((......))..))).)))..(..............).,13,-3.067,41,0,0.000016
5055,.......(..(((......)))..).....(((.(((.((......))..))).))).......(...).......,13,-3.067,30,0,0.000016
5056,.......((.(((......))).)).........(((.((......))..))).((((......)).)).......,14,-3.067,31,0,0.000016
5057,......(....((((....)))).).....((((...(((.......(((....)))...........))))))).,15,-3.067,14,0,0.000016
5058,.......((.(((......))).))..................................((.(.(...).)..)).,9,-3.067,24,0,0.000016
5059,.......((.(((......))).)).............(....)..((((....)))..).........(....).,11,-3.067,17,0,0.000016
5060,.....(.((.(((......))).)).)....................(((....)))..((.(.(...).)..)).,13,-3.067,20,0,0.000016
5061,.......((..((((....))))..))....................(((....)))..((.(.(...).)..)).,13,-3.067,33,0,0.000016
5062,.......((.(((......))).))....((.......))....(..(((....))).)...(.(...).).....,13,-3.067,19,0,0.000016
5063,.......((.(((.(...)))).)).............(....)...(((....))).......(...).......,11,-3.067,18,0,0.000016
5064,.......((.(((.(...)))).)).......(.((....)).)...(((....)))...................,12,-3.066,21,0,0.000016
5065,.......((.(((......))).))............(.....)...(((....))).......(.........).,10,-3.066,16,0,0.000016
5066,...........(.(((....))).)..((((.......)))).....(((....)))...(.(......).)....,13,-3.065,35,0,0.000016
5067,.......((.(((......))).))......((.((....)).)).((((....)))..)....(...).......,14,-3.065,23,0,0.000016
5068,...........((((....))))....((((.......)))).....(((....)))..(........).......,12,-3.065,33,0,0.000016
5069,...(((.((..((((....))))..))...)))....(((............................))).....,12,-3.065,32,0,0.000016
5070,.......((.(((......))).)).....((((((...........(((....)))..........)..))))).,14,-3.065,9,0,0.000016
5071,.......((.(((......))).)).....((...)).(....)...(((....)))..((............)).,13,-3.065,19,0,0.000016
5072,.......((.(((......))).))....((.......))......((((....)))..)..(......)......,12,-3.065,18,0,0.000016
5073,.......((.(((......))).)).....(((.((...............)).)))..((.(.(...).)..)).,14,-3.065,28,0,0.000016
5074,.......(((((((((((..(.((...........)).)..)))))))........))))................,14,-3.065,48,0,0.000016
5075,...........((((....))))....(((.........))).(((((((....)))........)))).......,14,-3.065,39,0,0.000016
5076,.......((.(((......))).)).............((......))................(.........).,8,-3.065,22,0,0.000016
5077,.......((..((......))..)).....((((...(((......((((....)))..)........))))))).,15,-3.065,4,0,0.000016
5078,...(((.((..((((....))))..))...))).....((......))........((...........)).....,13,-3.065,40,0,0.000016
5079,......(.....)........(((....))).......(....)...(((....)))...................,8,-3.065,29,0,0.000016
5080,..((...........))....(....)...((((...(((.......(((....)))...........))))))).,13,-3.064,15,0,0.000016
5081,.......((.(((......))).))..((((.......)))).((((..................))))(....).,14,-3.064,32,0,0.000016
5082,...........((......))(....)...((((...(((.......(((....)))...........))))))).,13,-3.064,7,0,0.000016
5083,.......((.(((......))).)).....(((.(((.((......))..))).)))(..............)...,14,-3.064,28,0,0.000016
5084,...(((.((.(((......)))...))...)))....(((..(....(((....))).........).))).....,15,-3.064,19,0,0.000016
5085,.......((.(((.(...)))).))..((((.......)))).....(((....))).....(......)......,14,-3.064,22,0,0.000016
5086,.......((.(((.(...)))).))..((((.......))))....((((....)))..)................,14,-3.064,23,0,0.000016
5087,.......((.(((......))).))........................(....).((...........)).....,8,-3.064,19,0,0.000016
5088,.......((.(((......))).))..((((.......)))).....(((....)))......((...)..)....,14,-3.063,21,0,0.000016
5089,.........(.((..((........))..)).)..............(((....)))...................,8,-3.063,30,0,0.000016
5090,.......(..(((......)))..).....(((.(((.((......))..))).)))...(.(.(...)).)....,15,-3.063,32,0,0.000016
5091,.......((.(((......))).))(.((((.......))))..)..(((....)))..(..............).,14,-3.063,22,0,0.000016
5092,.......((.(((......))).)).............((.........))........(.((.(...).))..).,11,-3.063,25,0,0.000016
5093,.......((.(((.(...)))).)).............(....)...(((....)))...(.(.(...)).)....,13,-3.063,20,0,0.000016
5094,.................((.....))....((((...(((.......(((....)))...........))))))).,12,-3.063,13,0,0.000016
5095,.......((.(((......))).)).((...)).....(....)...(((....))).......(.........).,12,-3.063,18,0,0.000016
5096,.......((..(((......)))..))...((((...(((....(..(((....))).).........))))))).,16,-3.063,16,0,0.000016
5097,.......((.(((......))).)).............(....)...((((.....((...........)))))).,12,-3.063,23,0,0.000016
5098,.......((.(((......))).)).......(.(.....)..)...(((....))).......(...).......,11,-3.063,18,0,0.000016
5099,...(((.((..((((....))))..))...))).....(....)...(((....)))..(..............).,14,-3.063,34,0,0.000016
5100,..((...))..((((....))))..(.((((.......))))..)..(((....)))...(.(......).)....,16,-3.063,38,0,0.000016
5101,.......((.(((.(...)))).))..((((.......)))).....(((....)))..((...(...)....)).,16,-3.062,24,0,0.000016
5102,..(.....)..(((......)))....((((.......)))).....(((....))).....((.......))...,13,-3.062,34,0,0.000016
5103,.......((.(((......))).))...(((.......)))......(((....)))..(..(.........).).,13,-3.062,19,0,0.000016
5104,.......((.(((......))).)).....((((...(((.........(....)..(.......)..))))))).,14,-3.062,6,0,0.000016
5105,..........(((......)))......(((.......)))....(((.((.................)).)))..,11,-3.062,30,0,0.000016
5106,...(((.((..((((....))))..))...)))..............(((....))).............(...).,13,-3.062,32,0,0.000016
5107,...........((((....))))..(.((((.......))))..)..(((....)))..(..............).,13,-3.062,35,0,0.000016
5108,...........((((....))))........((..........))..(((....)))..((.(.(...).)..)).,13,-3.062,33,0,0.000016
5109,...........(((((((...((...............)).))))))).(....).....................,10,-3.062,40,0,0.000016
5110,.......((.(((......))).)).....................((((....)))........)..........,9,-3.062,16,0,0.000016
5111,..........(((......))).....((((.......))))....((.((.................)).))...,11,-3.062,31,0,0.000016
5112,...........(((......))).......(((.(((.((......))..))).)))..........((...))..,13,-3.061,40,0,0.000016
5113,.......((.(((......))).)).....(.....)..........(((....))).....(.........)...,10,-3.061,16,0,0.000016
5114,..(.....)..((((....)))).......((((...(((..(.(.((((....)))....)..).).))))))).,18,-3.061,20,0,0.000016
5115,.......((.(((......))).))..((((.......))))............((...........)).......,11,-3.061,26,0,0.000016
5116,.......((.(((......))).))...............(...)..(((....))).....(.(...).).....,11,-3.061,18,0,0.000016
5117,......(((.(((......))).)).)...((((...(((..(.(.((((....)))....)..).).))))))).,19,-3.061,8,0,0.000016
5118,...........((((....))))...((...)).....(....)...(((....)))...(.(......).)....,12,-3.061,32,0,0.000016
5119,.......((.(((......))).))..(.((.......)).).....(((....))).....(.(...).).....,13,-3.061,19,0,0.000016
5120,..(.((....(((......)))..)).)..((((..((.....(((((((....)))........)))))))))).,19,-3.06,23,0,0.000016
5121,.......((.(((......))).)).....(((.(((.(((...).))..))).)))...................,14,-3.06,29,0,0.000016
5122,.......((.(((.(...)))).)).....((((...(((.......(((....)))...(.....).))))))).,17,-3.06,4,0,0.000016
5123,.......((.(((......))).)).......................((....))...........(.....)..,8,-3.06,17,0,0.000016
5124,.......((.(((......))).)).....((((...((((..(...(((....))).....)...).))))))).,17,-3.06,4,0,0.000016
5125,.......((.(((......))).))...(((.......)))......(((....)))..((.(......).)..).,14,-3.06,20,0,0.000016
5126,.......((((...(((..((((..(.((((.......))))..).)).))..)))))))....(...).......,17,-3.06,49,0,0.000016
5127,...((((((.(((......))).)).)...)))..............(((....)))...(.(......).)....,14,-3.06,21,0,0.000016
5128,.......((.(((.(...)))).)).....((((...(((..(.(..(((....))).......).).))))))).,18,-3.06,6,0,0.000016
5129,.......((.(((......))).))....((.(..............).)).....((...........)).....,10,-3.059,23,0,0.000016
5130,.......((.(((......))).))....((.......)).......(((....))).......(..((...))).,13,-3.059,17,0,0.000016
5131,........(.(((......))).)......(((((...((.......(((....)))...........))))))).,14,-3.059,5,0,0.000016
5132,.......((.((........)).)).....((((..((.........(((....))).......)).....)))).,13,-3.059,11,0,0.000016
5133,.......((.(((......))).)).......(.(.....)..)...(((....)))...(.(.(...)).)....,13,-3.059,20,0,0.000016
5134,.......((.(((......))).)).(.....).....(....)...(((....))).....(......)......,11,-3.059,17,0,0.000016
5135,...(((.((..(((......)))..))...)))....((....(((((((....)))........)))))).....,17,-3.059,34,0,0.000016
5136,.......((.(((.(...)))).))......((.((....)).))..(((....)))...(.(......).)....,15,-3.059,24,0,0.000016
5137,.......((.(((......))).))............(.....)...(((....)))..(..............).,10,-3.059,16,0,0.000016
5138,.......((.(((......))).)).(.....).....(....)..((((....)))..)................,11,-3.059,18,0,0.000016
5139,.......((..(((......)))..)).(((.......)))..(((((((....)))........)))).......,15,-3.058,38,0,0.000016
5140,.......((.(((......))).))...........((.........(((....))).......))...(....).,11,-3.058,17,0,0.000016
5141,.......((.(((......))).))..((((.......))))......((....)).....(((.......)).).,14,-3.058,24,0,0.000016
5142,.......((.(((......))).)).((...))....(((............................))).....,10,-3.058,16,0,0.000016
5143,...........((........))....((((.......)))).....(((....))).....((.......))...,11,-3.058,32,0,0.000016
5144,.......((.(((......))).)).....(((.(((.((......))..))).)))..(..(((...)..)).).,17,-3.058,31,0,0.000016
5145,.......((.(((......))).))....(.............)...(((....)))...(.(......).)....,11,-3.058,18,0,0.000016
5146,.......((.(((......))).)).............((......))...........(..............).,8,-3.058,22,0,0.000016
5147,.......((.(((......))).))....((.......)).......(((....)))..(.(.........)..).,12,-3.058,17,0,0.000016
5148,.......((.(((......))).)).((...)).....((......))........((...........)).....,11,-3.058,24,0,0.000016
5149,.......((.(((......))).)).(.....).....(....)...(((....)))..((...(...)....)).,13,-3.058,19,0,0.000016
5150,...........(((......)))......((.......)).......(((....)))..(.((.(...).))..).,12,-3.058,31,0,0.000016
5151,..((...))..(((......))).......(((.(((.((......))..))).))).....(.(...).).....,15,-3.057,43,0,0.000016
5152,..(.....)..(((((((.(((((....))).......)).)))))))..............(.(...).).....,15,-3.057,47,0,0.000016
5153,.......((.(((......))).)).....(((.(((.((......))..))).)))........(..(...).).,15,-3.057,28,0,0.000016
5154,...........((((....))))......((.......)).......(((....)))...........(...)...,10,-3.057,28,0,0.000016
5155,.....................(((....))).......(....)...(((....))).....(.(...))......,9,-3.057,30,0,0.000016
5156,.........(.((....((.....))...)).)....(((.......(((....)))...........))).....,11,-3.057,23,0,0.000016
5157,...........((((....)))).....(((.......)))......(((....))).....(.(...))......,12,-3.057,32,0,0.000016
5158,.......((.(((......))).)).....((((...(((....(..((......))..)........))))))).,15,-3.057,4,0,0.000016
5159,.......((.(((......))).))...(((((.((....)).))....)))....((......))..........,14,-3.056,33,0,0.000016
5160,.......((.(((......))).))....((.......))......((((....)))..)..(.........)...,12,-3.056,18,0,0.000016
5161,...((((((.(((......))).)).)...))).....(....)...(((....)))..((.(.(...).)..)).,17,-3.056,24,0,0.000016
5162,...(((.((..(((......)))..))...))).....(....)...(((....)))..........((...))..,14,-3.056,33,0,0.000016
5163,.......((.(((......))).))...(((.......)))......(((....)))...(...(...)..)....,13,-3.056,19,0,0.000016
5164,.......((.(((......))).)).((...)).....(....)...(((....)))..(..............).,12,-3.056,18,0,0.000016
5165,.......((.(((......))).))....((((..........)).))..............(.(...).).....,11,-3.055,26,0,0.000016
5166,...........(((......)))..(.((((.......))))..)..(((....)))..........((...))..,13,-3.055,34,0,0.000016
5167,.......((.(((.(...)))).))..((((.......)))).....(((....))).....(.........)...,14,-3.055,22,0,0.000016
5168,...(((.((.(((......))).)).....)))..(....)......(((....)))...................,12,-3.055,19,0,0.000016
5169,.......((.(((......))).)).((...))..............(((....))).............(...).,11,-3.055,16,0,0.000016
5170,..........(((......))).........................(((....)))..........(.....)..,7,-3.055,19,0,0.000016
5171,.......((.(((......))).)).....(((.(((.(........)..))).)))...(.(......).)....,14,-3.055,28,0,0.000016
5172,...........(.(((....))).).....((((..((.....(((((((....)))........)))))))))).,17,-3.055,28,0,0.000016
5173,.......((.(((......))).)).....((...))..((..(((((((....)))........))))....)).,16,-3.054,24,0,0.000016
5174,.......((.(((......))).)).....(((.(((.((......))..))).)))..(..(.(...).)...).,16,-3.054,30,0,0.000016
5175,.......((.(((......))).)).....((((....((.......(((....)))(.......)..)).)))).,15,-3.054,4,0,0.000016
5176,.......((.((........)).)).....((((...(((.......(((....)))(......)...))))))).,15,-3.054,4,0,0.000016
5177,...(((.((.(((......))).)).....)))............(((((....))).............))....,13,-3.054,19,0,0.000016
5178,..........(((......))).....((((.......)))).....(((....)))....(((.......)).).,13,-3.053,26,0,0.000016
5179,.......((.(((......))).))..((((.......)))).......................(........).,10,-3.053,26,0,0.000016
5180,...........(((((((.......................)))))))............................,7,-3.053,41,0,0.000016
5181,.......((.(((......))).))..........((.((......))..))....((......))..........,11,-3.053,28,0,0.000016
5182,.......((.(((......))).)).....(((..((.((......))..))..))).....(......)......,13,-3.053,26,0,0.000016
5183,.......((.(((......))).)).........((.....))..(((((....)))........)).........,12,-3.053,22,0,0.000016
5184,.......((.(((......))).)).....((((...(((.(..(..(((....)))...).....).))))))).,17,-3.053,4,0,0.000016
5185,.......((.(((.(...)))).)).....(((.(((.((......))..))).)))............(....).,15,-3.053,29,0,0.000016
5186,......(((.(((......))).)).).(((.......)))......(((....))).......(...).......,13,-3.053,20,0,0.000016
5187,.......((.(((......))).))..(((.........)))......((....))......(.(...).).....,12,-3.053,23,0,0.000016
5188,.....................(....)...((((...(((....((((((....)))........)))))))))).,14,-3.052,17,0,0.000016
5189,.......(((((((((((...((...............)).)))))))((....))))))................,15,-3.052,42,0,0.000016
5190,.......((.(((......))).)).....((((....((.......((......))...........)).)))).,13,-3.052,4,0,0.000016
5191,.......((.(((......)))...))...(((((...((.......(((....)))...........))))))).,15,-3.052,9,0,0.000016
5192,.......((.(((......))).))..(.....)...(((.......(((....)))...........))).....,12,-3.052,9,0,0.000016
5193,........((.((................)).)).............(((....)))...................,7,-3.052,26,0,0.000016
5194,.......((.(((.....).)).)).....(((((...((.......(((....)))...........))))))).,15,-3.052,6,0,0.000016
5195,..((...))..(((......)))..(.((((.......))))..)..(((....))).....(.(...).).....,15,-3.052,37,0,0.000016
5196,.......((.(((......))).)).....(((....(((.........(.........)........))).))).,12,-3.052,9,0,0.000016
5197,.......((.(((......))).)).....(((..((.((......))..))..)))..((...(...)....)).,15,-3.051,28,0,0.000016
5198,...((.....)).........(....)...((((...(((.......(((....)))...........))))))).,13,-3.051,13,0,0.000016
5199,.......((.(((......))).))....((.......)).......(((....)))......(.(.....).)..,12,-3.051,17,0,0.000016
5200,.......((.(((.(...)))).)).....((((((.((........(((....))).......))...)))))).,17,-3.051,12,0,0.000016
5201,.......((.(((......))).)).(.....).....(....)...(((....))).....(.........)...,11,-3.05,17,0,0.000016
5202,.......((.(((......))).))...(((.......))).....((((....)))..).....(........).,13,-3.05,20,0,0.000016
5203,.......((.(((......))).)).(.....)...((.........(((....))).......))..........,11,-3.05,18,0,0.000016
5204,.......((.(((......))).))......((..........))..(((....)))..((.(.......)..)).,13,-3.05,19,0,0.000016
5205,.......((.(((......))).)).(.....)..............(((....)))...........(...)...,10,-3.05,15,0,0.000016
5206,...........(((((((..((((....))).......)..)))))))........((...........)).....,13,-3.05,45,0,0.000016
5207,.......((((((((((..(((((....))).......))..))))))........)))).....(........).,16,-3.05,47,0,0.000016
5208,...........(((......)))...((...)).....(....)...(((....))).....(.(...).).....,11,-3.05,31,0,0.000016
5209,...(((........((....))........)))....(((.......(((....)))...........))).....,11,-3.05,23,0,0.000016
5210,.......((.(((......))).))....((.......))........((....))((......))...(....).,12,-3.05,20,0,0.000016
5211,.......((.(((......))).)).............((......))..(......)..................,8,-3.05,23,0,0.000016
5212,...(((.((.(((......)))...))...)))....(((....(..(((....))).).........))).....,15,-3.05,19,0,0.000016
5213,.......((.(((......))).))..((((.......))))...((.......))...((.(.(...).)..)).,15,-3.05,31,0,0.000016
5214,.......((.(((......))).))........................(....)....((............)).,8,-3.049,20,0,0.000016
5215,......(((.(((......))).)).).(((.......)))......(((....)))...(.(.(...)).)....,15,-3.049,22,0,0.000016
5216,.......((.(((......))).)).............((......))((....))....(.(......).)....,11,-3.049,19,0,0.000016
5217,.......((.(((......))).))....((..................)).........(.(......).)....,9,-3.049,24,0,0.000016
5218,.......(..(((......)))..).............(....)...(((....))).....(.(...).).....,10,-3.049,19,0,0.000016
5219,..........(((......)))....(.....).....(....)...(((....))).......(...).......,9,-3.048,21,0,0.000016
5220,.......((.(((......))).))..((((.......)))).....(((....)))....(......)(....).,14,-3.048,20,0,0.000016
5221,.......((.(((......))).))......((.((....)).))..(((....))).......(((.....))).,15,-3.048,23,0,0.000016
5222,.....................(....)...(((....(((.......(((....)))...........))).))).,10,-3.048,13,0,0.000016
5223,.......((.(((......))).)).....((((...(((........((....))(.......)...))))))).,15,-3.048,3,0,0.000016
5224,.......((.(((......))).)).....(((.(((.((......))..))).)))..(((......)....)).,16,-3.048,30,0,0.000016
5225,.......((.(((......))).)).........(.....)......(((....))).....((.......))...,11,-3.048,18,0,0.000016
5226,..........(((......))).....(((.........))).....(((....))).....(.(...).).....,11,-3.048,25,0,0.000016
5227,.......((.(((......))).))......((.((....)).))(((.((.................)).)))..,14,-3.048,29,0,0.000016
5228,.......((.(((......))).))....((.......))....((((((....)))........)))........,13,-3.047,21,0,0.000016
5229,...........((((....)))).......((...))..........(((....)))...................,9,-3.047,29,0,0.000016
5230,..((...)).(((......))).......((.......)).......(((....))).....(.(...).).....,12,-3.047,23,0,0.000016
5231,.......((..((......))..)).....((((...(((........((....))............))))))).,13,-3.047,4,0,0.000016
5232,...(((.((.(((......)))...))...)))..............(((....)))........(........).,12,-3.047,24,0,0.000016
5233,.......((.((........)).)).......(......).......(((....)))...................,8,-3.047,16,0,0.000016
5234,...(((.((.(((......))).)).....))).....(....)...((((.....((......)).....)))).,15,-3.047,28,0,0.000016
5235,..(.....)..(.(((....))).)..((((.......)))).....(((....)))...................,12,-3.047,34,0,0.000016
5236,.......((.(((......))).)).......(......)...((((..................)))).......,10,-3.046,27,0,0.000016
5237,...(((.((.(((......))).)).....))).....((...(((((((....)))........))))..))...,17,-3.046,24,0,0.000016
5238,.......((.(((......))).)).........((.....))....(((....)))...(.....).........,11,-3.046,20,0,0.000016
5239,...(((.((.(((......))).)).....)))..............(((....)))..((.(.......)..)).,14,-3.046,20,0,0.000016
5240,..((...)).(((......)))........(((((............(((....))).............))))).,13,-3.046,13,0,0.000016
5241,.......((.(((......))).))......((..........))..(((......................))).,10,-3.045,22,0,0.000016
5242,........(.(((......))).).......................(((....))).....(.(...).).....,9,-3.045,18,0,0.000016
5243,...........(((......))).......(((((.((.........(((....))).......))....))))).,13,-3.045,22,0,0.000016
5244,...........((((....))))...........((.....))....(((....))).....(.(...).).....,11,-3.045,33,0,0.000016
5245,...........(((......)))........................(((....))).....((.......))...,8,-3.045,28,0,0.000016
5246,.......((.(((......))).))....((.......))......((((....)))....)..(...).......,12,-3.045,18,0,0.000016
5247,..........(((......)))....(.....).....(....)...(((....)))...(.(.(...)).)....,11,-3.045,23,0,0.000016
5248,.......(((((((((((...(((....)))..........))))))).(....).))))................,15,-3.045,46,0,0.000016
5249,..((...))..(((......))).....(((.......)))..(((((((....)))........)))).......,15,-3.045,38,0,0.000016
5250,..................(((.........(((.(((.((......))..))).)))...........))).....,11,-3.045,38,0,0.000016
5251,..((...))..((((....))))....((((.......)))).....(((....)))..(.((.(...).))..).,17,-3.045,38,0,0.000016
5252,.......((.(((......))).)).....(((..((.((......))..))..))).....(.........)...,13,-3.044,26,0,0.000016
5253,.......((.(((......))).))...(((.(.((....)).)..)))...........................,11,-3.044,28,0,0.000016
5254,.......((.(((......))).)).....((((...(((.........(..............)...))))))).,13,-3.044,7,0,0.000016
5255,.....................(((....))).......(....)...(((....)))..((.((.......)))).,11,-3.044,32,0,0.000016
5256,.......((.(((......))).))..((((.......))))....((((....)))....).......(....).,14,-3.044,21,0,0.000016
5257,..(((.........)))....(((....))).......(....)...(((....))).....(.(...).).....,12,-3.044,36,0,0.000016
5258,.......((.(((......))).)).........((....))......((....))((......))..........,11,-3.044,23,0,0.000016
5259,...........((((....)))).....(((.......)))......(((....)))..((.((.......)))).,14,-3.044,34,0,0.000016
5260,...........((((((..(((((....))).......))..))))))......((.....)).............,13,-3.044,44,0,0.000016
5261,.......(((((((((((..(.................)..)))))))........))))................,12,-3.043,45,0,0.000016
5262,...........((((....)))).......(((.(((.((......))..))).))).....(......)......,13,-3.043,41,0,0.000016
5263,...((((.(.(((......))).)..)...)))....(((.......(((....)))...........))).....,14,-3.043,15,0,0.000016
5264,..(.....).(((......))).........................(((....)))...................,7,-3.043,19,0,0.000016
5265,...(((.((..(((......)))..))...))).....((.......(((....)))...........))......,13,-3.042,27,0,0.000016
5266,..((...))..(((......)))...(.....)....(((.......(((....)))...........))).....,12,-3.042,23,0,0.000016
5267,.......((.((..(....))).)).....((((...(((.......(((....)))...........))))))).,15,-3.042,3,0,0.000016
5268,..(.....)..((((....))))...((...)).....(....)...(((....)))...................,11,-3.042,31,0,0.000016
5269,...........(((......)))....(((.........))).....(((....)))...................,9,-3.042,31,0,0.000016
5270,...........((((....)))).......(((.(((.((......))..))).)))..((...(...)....)).,15,-3.042,43,0,0.000016
5271,..........(((......)))...............(((....(..(((....)))..)........))).....,10,-3.042,14,0,0.000016
5272,..((...))..((((....))))......((.......)).......(((....))).....((.......))...,13,-3.042,32,0,0.000016
5273,.......((((....((..((((..(.((((.......))))..).)).))..)).))))....(...).......,16,-3.041,48,0,0.000016
5274,...(((.((.(((......))).)).....)))..............(((......................))).,11,-3.041,23,0,0.000016
5275,.......((.(((......))).)).....(.....)....(.(((((((....)))........))))..)....,14,-3.041,23,0,0.000016
5276,.......((.(((......))).)).............(....)...(((....)))..((((.(...).)).)).,14,-3.041,20,0,0.000016
5277,.........(.....).....(((....)))...((....)).....(((....))).....(.(...).).....,11,-3.041,35,0,0.000016
5278,..........(((......))).....((((.......)))).(((((((....)))........))))(....).,15,-3.041,30,0,0.000016
5279,.......((.(((......))).)).....((((...(((.........(....).(........)..))))))).,14,-3.041,5,0,0.000016
5280,.......((.(((......))).)).....((((...(((.....((.......)).(......)...))))))).,15,-3.041,10,0,0.000016
5281,.......((.(((......))).))....((.......))........((....))......(((...)..))...,12,-3.04,20,0,0.000016
5282,..(.((..(.(((......))).))).).........(((.......(((....)))...........))).....,13,-3.04,15,0,0.000016
5283,.......((.(((......))).))...(((.......))).....((((....))((......))..))......,14,-3.04,23,0,0.000016
5284,...........((((....))))...........((....)).....(((....))).......(...).......,10,-3.04,32,0,0.000016
5285,.......((.(((......))).))............((....((((..................)))))).....,11,-3.04,23,0,0.000016
5286,.......((.(((......))).))......(..((....))..)..(((....))).....((.......))...,13,-3.04,21,0,0.000016
5287,.......(..(((......)))..)..((((.......)))).....(((....)))..........(.....)..,12,-3.04,22,0,0.000016
5288,.......((((...((((.((((..(.((((.......))))..).)).)).))))))))..((.......))...,19,-3.04,52,0,0.000016
5289,..........(((......)))........(((....(((......((((....)))..)........))).))).,13,-3.039,8,0,0.000015
5290,...........(((......)))....((((.......)))).....(((....))).............(...).,11,-3.039,31,0,0.000015
5291,.......((.(((......))).))...((.........))......(((....)))..(.((.(...).))..).,14,-3.039,21,0,0.000015
5292,.......((.(((......))).))....((((.((....)).)).))........((......))...(....).,14,-3.039,31,0,0.000015
5293,.......((.(((......))).))....((.......))...(...(((....))))...........(....).,12,-3.039,17,0,0.000015
5294,.......((.(((......))).))(.((((.......))))..)..(((....))).....(......)......,14,-3.039,22,0,0.000015
5295,...........((((....))))....((((.......))))......((....))((......))..........,12,-3.039,37,0,0.000015
5296,......((((.(((((((...((...............)).)))))))((....))......))))..........,15,-3.039,44,0,0.000015
5297,...........(((((((..........(((.......)))))))))).(....).....................,11,-3.039,42,0,0.000015
5298,...........((((((..........((((.......)))))))))).(....).....................,11,-3.039,42,0,0.000015
5299,...........((((....))))...(.....)..............(((....))).....((.......))...,10,-3.039,30,0,0.000015
5300,.......((.(((......))).))...(((.......)))........(....)............((...))..,11,-3.039,22,0,0.000015
5301,...........(.((((.......((.((((..................))))..))...)))).)..........,11,-3.038,46,0,0.000015
5302,...(((.((..((((....))))..))...))).....(....)...(((....))).....(......)......,14,-3.038,34,0,0.000015
5303,.......((.(((......))).))..((((.......)))).......((.(...((......))).))......,14,-3.038,31,0,0.000015
5304,...(((.((..((((....))))..))...))).....(....)..((((....)))..)................,14,-3.038,35,0,0.000015
5305,.......((.(((......))).))..((((.......)))).......(....).............(...)...,11,-3.038,23,0,0.000015
5306,.......((.(((......)))...))....................(((....))).....(.(...).).....,10,-3.038,22,0,0.000015
5307,.......((.(((.....).)).))......................(((....))).....(.(...).).....,10,-3.038,19,0,0.000015
5308,.......((.(((......))).))..((((.....)..))).....(((....)))...................,12,-3.038,20,0,0.000015
5309,.......(((((((((((...((.((.........)).)).)))))))........))))....(...).......,16,-3.038,50,0,0.000015
5310,.......((.(((......))).))(.((((.......))))..)..(((....)))..((...(...)....)).,16,-3.038,24,0,0.000015
5311,...........((((....))))..(.((((.......))))..)..(((....))).....(......)......,13,-3.038,35,0,0.000015
5312,.......((.(((......))).)).............((......)).........(......)...........,8,-3.037,23,0,0.000015
5313,.......((.(((......))).))......((..........))..((((....................)))).,11,-3.037,23,0,0.000015
5314,.......((.(((......))).))..((((.......)))).....((........................)).,11,-3.037,25,0,0.000015
5315,.......((.(((......))).)).........((....)).....(((....)))..........(...)....,11,-3.037,19,0,0.000015
5316,...(((.((..((((....))))..))...))).....(....)...(((....)))..((...(...)....)).,16,-3.037,36,0,0.000015
5317,.......((..((......))..)).....((((...(((......((((....)))....)......))))))).,15,-3.037,4,0,0.000015
5318,...(((.((.(((......)))...))...))).....((.........)).....((......))..........,12,-3.037,33,0,0.000015
5319,..(.....)............(((....)))................(((....))).....((.......))...,9,-3.037,30,0,0.000015
5320,.......((.(((......))).))..........(....)......(((....)))...(.(......).)....,11,-3.037,18,0,0.000015
5321,...........((((....))))...........((....)).....(((....)))...(.(.(...)).)....,12,-3.036,34,0,0.000015
5322,...........((((....))))..(.((((.......))))..)..(((....)))..((...(...)....)).,15,-3.036,37,0,0.000015
5323,.......((.(((......))).)).....(......).........(((....))).......(...).......,10,-3.036,15,0,0.000015
5324,.......((.(((......))).))..((((.......)))).((..(((....)))....))......(....).,15,-3.036,23,0,0.000015
5325,..(.....)..(((......)))....((((.......)))).....(((....)))..((............)).,13,-3.036,34,0,0.000015
5326,.......((((((((((..((.((..(.....)..)).))..))))))........))))................,15,-3.036,47,0,0.000015
5327,..........(((......))).......((.......)).......(((....))).....(((...)..))...,11,-3.035,22,0,0.000015
5328,.......((.(((......))).))...(((.......)))....(((.((..(.(........).).)).)))..,15,-3.035,29,0,0.000015
5329,.......((((...((((.((((....((((.......))))....)).)).)))))))).........(....).,17,-3.035,48,0,0.000015
5330,.......((.(((......))).))..((((.......))))....((.((..(.(........).).)).))...,15,-3.035,30,0,0.000015
5331,..(.((....(((......)))..)).)...................(((....)))...................,9,-3.035,23,0,0.000015
5332,..........(....).....(((....))).......(....)...(((....))).......(...).......,9,-3.035,30,0,0.000015
5333,...........((((....)))).......(((.(((.((......))..))).))).....(.........)...,13,-3.035,41,0,0.000015
5334,.......((.(((......))).))......(............)..(((....))).......(...).......,10,-3.035,16,0,0.000015
5335,.......((.(((......))).))....((.......)).......((((...((.(......)..))..)))).,14,-3.035,25,0,0.000015
5336,.......((.(((......))).))............(.....)...(((....))).....(......)......,10,-3.035,16,0,0.000015
5337,.......((.(((......))).)).............(....)....((....))((...........)).....,10,-3.034,18,0,0.000015
5338,.......((.(((......))).))............(.....)..((((....)))..)................,10,-3.034,17,0,0.000015
5339,.......((.(((......))).))....((.(.((....)).)..))............(.(......).)....,12,-3.034,29,0,0.000015
5340,.........(.((.(((........))).)).)..............(((....)))..((.(.(...).)..)).,13,-3.034,36,0,0.000015
5341,.......(....)........(((....))).......(....)...(((....)))...................,8,-3.034,28,0,0.000015
5342,.......((.(((......))).)).....((..(((.((......))..)))..))..........(.....)..,13,-3.034,28,0,0.000015
5343,.......((.(((......))).)).....((((...((((.......((....))..........).))))))).,15,-3.034,4,0,0.000015
5344,...(((.((.(((......))).)).....))).............((....................))......,10,-3.034,24,0,0.000015
5345,..((...........))....(((....)))...((....)).....(((....)))...................,10,-3.034,35,0,0.000015
5346,.......((.(((......))).))....((((.(((.((......))..))).))).......)...........,14,-3.034,29,0,0.000015
5347,.......((.(((......))).)).............((......))..............(......)......,8,-3.034,22,0,0.000015
5348,.......((.(((......))).)).........((.....))....(((....))).....(.......).....,11,-3.033,19,0,0.000015
5349,...(((.((.(((......))).)).....)))..............((((....................)))).,12,-3.033,24,0,0.000015
5350,...........((......))(((....)))...((....)).....(((....)))...................,10,-3.033,27,0,0.000015
5351,.......((.(((......))).))......((((..((........(((....))).......))....))))..,14,-3.033,11,0,0.000015
5352,.......((.(((......))).))............(.....)...(((....)))..((...(...)....)).,12,-3.033,18,0,0.000015
5353,.......((.(((......))).))......((.(......).))..(((....)))..........((...))..,13,-3.033,19,0,0.000015
5354,...(((.((.(((......))).)).....))).....(....)...(((....)))....(......).......,13,-3.033,19,0,0.000015
5355,...........((((....))))....((((.......)))).....(((....)))..........(...)....,12,-3.032,33,0,0.000015
5356,.....(....)...((....))........((((...(((.......(((....)))...........))))))).,13,-3.032,13,0,0.000015
5357,.......((.(((......))).)).....(......).........(((....)))...(.(.(...)).)....,12,-3.032,17,0,0.000015
5358,.......((.(((......))).)).............((......))...........((...(...)....)).,10,-3.032,24,0,0.000015
5359,.......((.((........)).))......((.((....)).))..(((....))).....((.......))...,13,-3.032,24,0,0.000015
5360,.......((.(((......))).))......((..........))...........((......))..........,9,-3.032,25,0,0.000015
5361,.......((.((........)).))..((((.......))))...(((((....)))........)).........,13,-3.032,25,0,0.000015
5362,...........((((((..(((((....))).......))..)))))).(....).......(.(...).).....,14,-3.032,42,0,0.000015
5363,.....................(((....))).......(....)....((....))....................,6,-3.032,30,0,0.000015
5364,.......((.(((......))).)).((...)).....(....)...(((....))).....(......)......,12,-3.031,18,0,0.000015
5365,.......((.(((......))).)).....((((...((....((((((......))........)))))))))).,17,-3.031,11,0,0.000015
5366,...........((((....)))).....(((.......))).......((....))....................,9,-3.031,32,0,0.000015
5367,.......((.(((......))).)).((...)).....(....)..((((....)))..)................,12,-3.031,19,0,0.000015
5368,.......((.(((......))).)).....(((..((......(((((((....)))........)))))).))).,17,-3.031,17,0,0.000015
5369,..........(....).....(((....))).......(....)...(((....)))...(.(.(...)).)....,11,-3.031,32,0,0.000015
5370,...........((........))....((((.......)))).....(((....)))..((............)).,11,-3.031,32,0,0.000015
5371,.......((.(((......))).))......(............)..(((....)))...(.(.(...)).)....,12,-3.031,18,0,0.000015
5372,.......((.(((......))).)).........((....)).....(((....))).(.(.(.(...)).).)..,14,-3.031,22,0,0.000015
5373,..(.....)..(((......))).......((((...(((..(....(((....))).........).))))))).,15,-3.031,15,0,0.000015
5374,..((...........))....(((....)))................(((....))).......(...).......,9,-3.031,32,0,0.000015
5375,...........((......))(((....)))................(((....))).......(...).......,9,-3.031,24,0,0.000015
5376,.......((.(((......))).))(.((((.......))))..)..(((....))).....(.........)...,14,-3.03,22,0,0.000015
5377,.......((.(((......))).))..................(...(((....))))......(...).......,10,-3.03,17,0,0.000015
5378,.......((.(((......))).)).....(((((...((....(..(((....)))...).......))))))).,16,-3.03,5,0,0.000015
5379,.......((.(((......))).)).((...)).....(....)...(((....)))..((...(...)....)).,14,-3.03,20,0,0.000015
5380,...(((.((..(((......)))..))...)))..............(((....)))..(.((.(...).))..).,15,-3.03,35,0,0.000015
5381,...(((.((..((((....))))..))...))).....(....)...(((....))).....(.........)...,14,-3.03,34,0,0.000015
5382,.......((.(((......))).))....((.......))......(.((....))...)....(...).......,11,-3.03,20,0,0.000015
5383,...(((.((..((((....))))..))...)))...((.........(((....))).......))..........,14,-3.03,35,0,0.000015
5384,...(((.((..((((....))))..))...)))..............(((....)))...........(...)...,13,-3.03,32,0,0.000015
5385,.......(((((((((((..........(((.......))))))))))((....))))))................,16,-3.029,44,0,0.000015
5386,.......((((((((((..........((((.......))))))))))((....))))))................,16,-3.029,44,0,0.000015
5387,...........(.(((....))).)......................(((....)))...................,7,-3.029,28,0,0.000015
5388,.......((.(((......))).)).......(......).......(((....)))....(............).,10,-3.029,15,0,0.000015
5389,...........((((....))))..(.((((.......))))..)..(((....))).....(.........)...,13,-3.029,35,0,0.000015
5390,.......((.((........)).)).........((....)).....(((....))).....(.(...).).....,11,-3.029,22,0,0.000015
5391,.......((.(((......))).))..((((.......))))....(.((....))...).........(....).,13,-3.029,23,0,0.000015
5392,.......((.(((......))).)).....(((.((..((.........)).))))).....(.(...).).....,14,-3.029,27,0,0.000015
5393,.......((.(((......))).)).....((((...(((..(.(..(((....))).).......).))))))).,17,-3.029,4,0,0.000015
5394,.......((.(((......))).)).....((((...(((.....(.........)............))))))).,13,-3.029,7,0,0.000015
5395,.....................(((....))).(.((....)).)...(((....)))...................,9,-3.029,32,0,0.000015
5396,.......((.((..(...).)).)).....(((.(((.((......))..))).)))...................,13,-3.028,31,0,0.000015
5397,.......((.(((......))).))..((((..................))))..............((...))..,11,-3.028,27,0,0.000015
5398,.....(.((.(((......))).)).).(((.......)))......(((....)))...(.(......).)....,14,-3.028,21,0,0.000015
5399,.......((..((((....))))..)).(((.......)))......(((....)))...(.(......).)....,14,-3.028,34,0,0.000015
5400,........((.((.(((..(....)))).)).))...(((.......(((....)))...........))).....,14,-3.028,26,0,0.000015
5401,.......((.(((......))).)).....(((....((.(......(((....))).........)..)).))).,14,-3.028,6,0,0.000015
5402,...(((.((.(((......))).)).....))).......................((......))..........,10,-3.028,26,0,0.000015
5403,.......((((.....(((..((..(.((((.......))))..).))..)))...))))..(.(...).).....,16,-3.028,51,0,0.000015
5404,.......(((((((((((.((...((.........)).)).)))))))........))))..(.(...).).....,17,-3.028,50,0,0.000015
5405,.......((.(((......))).)).....((...))...(..(((((((....)))........))))..)....,15,-3.027,24,0,0.000015
5406,..((...........))....(((....)))................(((....)))...(.(.(...)).)....,11,-3.027,34,0,0.000015
5407,.......(..(((......)))..).....(((...((.....(((((((....)))........)))))).))).,16,-3.027,18,0,0.000015
5408,.......((.(((......)))...))((((.......)))).....(((....))).....((.......))...,14,-3.027,27,0,0.000015
5409,...........((......))(((....)))................(((....)))...(.(.(...)).)....,11,-3.027,26,0,0.000015
5410,.......((.(((......))).)).......(.((....)).)..((.((.................)).))...,12,-3.027,27,0,0.000015
5411,.......((.(((......))).))..................(...(((....))))..(.(.(...)).)....,12,-3.027,19,0,0.000015
5412,.......((.(((......))).)).(((((.......))))....)(((....))).....(.(...).).....,15,-3.027,23,0,0.000015
5413,...........((........)).......((((...(((..(....(((....))).........).))))))).,13,-3.026,13,0,0.000015
5414,.......((.(((......))).))......((.((....)).))..(((....((...........))...))).,14,-3.026,27,0,0.000015
5415,.......((.(((.(...)))).))....((.......)).......(((....)))..........(.....)..,12,-3.026,18,0,0.000015
5416,.......((.((........)).)).....(((.(((.((......))..))).)))..........(.....)..,13,-3.026,30,0,0.000015
5417,..((...........))....(((....)))......(((....((((((....)))........)))))).....,14,-3.026,31,0,0.000015
5418,...........((((....))))....((((.......)))).....(((....))).(.(.(.(...)).).)..,15,-3.026,36,0,0.000015
5419,.......((.(((......))).))............(.....)...(((....))).....(.........)...,10,-3.026,16,0,0.000015
5420,.......((.(((......))).))......((.((....)).))..(((....)))....((((...)..)).).,16,-3.026,24,0,0.000015
5421,...........((......))(((....)))......(((....((((((....)))........)))))).....,14,-3.026,23,0,0.000015
5422,.......((..(((......)))..))..((.......)).......(((....)))..((.(.(...).)..)).,14,-3.026,33,0,0.000015
5423,...(((.((.(((......))).)).....))).....((......))......((.....)).............,12,-3.025,26,0,0.000015
5424,.......((.((........)).))..((((.......)))).....(((....)))...(.....).........,12,-3.025,23,0,0.000015
5425,.......((.(((......))).))....((.......(....).....)).........................,8,-3.025,23,0,0.000015
5426,.......((.(((......))).)).............((......))..............(.........)...,8,-3.025,22,0,0.000015
5427,.......((.(((......))).)).....((((..((..........((....)).............)))))).,13,-3.025,9,0,0.000015
5428,..(.....)..((((....)))).......((((...(((...((..(((....)))....)).....))))))).,17,-3.024,18,0,0.000015
5429,.......((.(((......))).))......((..(....)..))..(((....)))..(.((.(...).))..).,15,-3.024,22,0,0.000015
5430,.......((.(((......))).))......((..(.....).))..(((....))).....((.......))...,13,-3.024,20,0,0.000015
5431,......(((.(((......))).)).)...((((...(((...((..(((....)))....)).....))))))).,18,-3.024,6,0,0.000015
5432,.......((.(((......))).)).....(((....(((......(..............)......))).))).,12,-3.024,10,0,0.000015
5433,.....(.((.(((......))).)).)...((((...(((.....(((((....)))........)).))))))).,18,-3.023,6,0,0.000015
5434,.......((..((((....))))..))...((((...(((.....(((((....)))........)).))))))).,18,-3.023,19,0,0.000015
5435,..........(((......)))..........(......)...(((((((....)))........)))).......,11,-3.023,25,0,0.000015
5436,......((..((.((((.......((.((((.(..............).))))..))...)))).))..)).....,15,-3.023,48,0,0.000015
5437,......((((.(((((((.(((((....))).......)).)))))))..(.....).....))))..........,17,-3.023,51,0,0.000015
5438,.......((.(((......))).)).((...)).....(....)...(((....))).....(.........)...,12,-3.023,18,0,0.000015
5439,.......((.(((......))).))...(((.......)))......(((....)))..(((....)......)).,14,-3.023,21,0,0.000015
5440,.........(.(((((((.(((((....))).......)).))))))).)..........(.(......).)....,15,-3.023,47,0,0.000015
5441,.......((.(((......))).)).((...))...((.........(((....))).......))..........,12,-3.023,19,0,0.000015
5442,...........(((((((.((((......)).......)).)))))))............................,11,-3.023,43,0,0.000015
5443,.......((.(((......))).)).((...))..............(((....)))...........(...)...,11,-3.023,16,0,0.000015
5444,...((.........)).....(((....)))......(((.......(((....)))...........))).....,11,-3.022,25,0,0.000015
5445,...(((.((.(((......))).)).....))).....((.........))........((.(.(...).)..)).,14,-3.022,28,0,0.000015
5446,.......((.(((......))).))....((((.(((.((......))..))).)))..).........(....).,15,-3.022,29,0,0.000015
5447,.......((((((((((..(((((....))).......))..))))))((....))))))..(.(...).).....,19,-3.022,44,0,0.000015
5448,.....(.((.(((......))).)).)((((.......)))).....(((....)))..........(.....)..,14,-3.022,22,0,0.000015
5449,.......((..((((....))))..))((((.......)))).....(((....)))..........(.....)..,14,-3.022,35,0,0.000015
5450,..........(((......)))........(((....(((........((....))............))).))).,11,-3.022,8,0,0.000015
5451,.......(((((((((((.(((((....))).......)).)))))))........))))..(((...)..))...,19,-3.022,51,0,0.000015
5452,.......((.(((......))).)).........(.......)....(((....))).....(.(...).).....,11,-3.021,18,0,0.000015
5453,...(((.((.(((......)))...))...)))............(((.((.................)).)))..,13,-3.021,32,0,0.000015
5454,.......((((....(((.((((..(.((((.......))))..).)).)).))).))))..((.......))...,18,-3.021,51,0,0.000015
5455,.......((.(((......))).))...........((((.(.....(((....))).........).))).)...,13,-3.021,11,0,0.000015
5456,.......((.((........)).)).....((((...(((....(((..................)))))))))).,14,-3.021,14,0,0.000015
5457,......(((((((......)))..((.((((..................))))..)).....))))..........,13,-3.021,37,0,0.000015
5458,.......((.(((......))).)).............(....)...(((....)))....((.........).).,11,-3.021,17,0,0.000015
5459,.....................(((....))).......(....)...(((....))).......(.........).,8,-3.021,29,0,0.000015
5460,.......((.(((......))).)).........(.....)......(((....)))..((............)).,11,-3.021,18,0,0.000015
5461,..........(((......)))....((...)).....(....)...(((....))).......(...).......,10,-3.021,22,0,0.000015
5462,...........((((....)))).....(((.......)))......(((....))).......(.........).,11,-3.021,31,0,0.000015
5463,......((..((.((((....((....((((.......))))....))............)))).))..)).....,14,-3.021,48,0,0.000015
5464,..((...))......((......)).....((((...(((.......(((....)))...........))))))).,14,-3.02,14,0,0.000015
5465,..(.....)..((((....))))........................(((....)))..((.(.(...).)..)).,12,-3.02,32,0,0.000015
5466,...((.....)).........(((....)))...((....)).....(((....)))...................,10,-3.02,33,0,0.000015
5467,......(((.(((......))).)).)....................(((....)))..((.(.(...).)..)).,13,-3.02,20,0,0.000015
5468,.....(.((.(((......))).)).)...((((...((........(((....))).......)).....)))).,15,-3.02,10,0,0.000015
5469,.......((..((((....))))..))...((((...((........(((....))).......)).....)))).,15,-3.02,23,0,0.000015
5470,.......((.(((......))).)).............((......))......(.((......))..).......,10,-3.02,24,0,0.000015
5471,.......((.((........)).))....((.......)).......(((....)))........(........).,10,-3.019,18,0,0.000015
5472,...(((.((.(((......)))...))...)))...((((.......(((....)))...........))).)...,15,-3.019,18,0,0.000015
5473,.......((.((........)).)).....((((...(((.........(....).((......))..))))))).,14,-3.019,9,0,0.000015
5474,.......((.(((......))).))..((((.......)))).....(((....)).)......(...).......,13,-3.019,23,0,0.000015
5475,.......((..(........)..)).....((((...(((.......(((....)))...........))))))).,13,-3.019,4,0,0.000015
5476,.......((.(((......))).))......((..........))..(((....)))..(........).......,11,-3.019,17,0,0.000015
5477,...........((((....))))...............(....)...(((....)))..........(.....)..,9,-3.019,29,0,0.000015
5478,.......((.(((......))).)).......(.((....)).)...(((....)))....(((.......)).).,14,-3.019,22,0,0.000015
5479,.......((.(((......))).)).............(....)....((....))...........((...))..,10,-3.019,18,0,0.000015
5480,.......((.(((......))).))......((.((....)).))..((......))...................,11,-3.018,22,0,0.000015
5481,........((.((.((..........)).)).))...(((.......(((....)))...........))).....,12,-3.018,24,0,0.000015
5482,.......((((...((((..(((..(.((((.......))))..).)).)..))))))))..(.(...).).....,18,-3.018,51,0,0.000015
5483,...........(((......)))........................(((....)))..((............)).,8,-3.018,28,0,0.000015
5484,.......((.(((......))).)).....................((((....)))..).......(.....)..,10,-3.018,17,0,0.000015
5485,.......((.(((......))).))...((((...)..)))......(((....)))...................,12,-3.018,18,0,0.000015
5486,...........(.((((....(....)((((.......)))).....(((....)))...)))).)..........,13,-3.018,39,0,0.000015
5487,...((.....)).........(((....)))................(((....))).......(...).......,9,-3.017,30,0,0.000015
5488,...........((((....))))........((.(.....)..))..(((....)))...................,10,-3.017,31,0,0.000015
5489,..........(((......)))....((...)).....(....)...(((....)))...(.(.(...)).)....,12,-3.017,24,0,0.000015
5490,.......((..(((......)))..)).(((.......)))......(((....))).....(.(...).).....,13,-3.017,33,0,0.000015
5491,.......((((....(((.((((....((((.......))))....)).)).))).)))).........(....).,16,-3.017,47,0,0.000015
5492,.......((.(((......))).)).(((((.......)))....))(((....)))..((.(.(...).)..)).,17,-3.017,25,0,0.000015
5493,.......((.(((......))).))....((.......))...((((..(...........)...)))).......,12,-3.017,29,0,0.000015
5494,.......((.(((......))).))..((((.......))))...((.......................))....,11,-3.017,27,0,0.000015
5495,..........(((......)))...............((....(((((((....)))........)))))).....,12,-3.017,21,0,0.000015
5496,..(.....)..(((......))).......((((...(((....(..(((....))).).........))))))).,15,-3.016,15,0,0.000015
5497,.....................(((....)))......(((............................))).....,6,-3.016,27,0,0.000015
5498,.......((.(((......))).)).....((((...(((...(....((....)).)..........))))))).,15,-3.016,4,0,0.000015
5499,......((((.(((((((..........(((.......))))))))))((....))......))))..........,16,-3.016,46,0,0.000015
5500,......((((.((((((..........((((.......))))))))))((....))......))))..........,16,-3.016,46,0,0.000015
5501,.....................(((....))).......((......))........((...........)).....,7,-3.016,35,0,0.000015
5502,.......((.(((......))).))..((((.......)))).....(((....)).)..(.(.(...)).)....,15,-3.016,25,0,0.000015
5503,........(.(((......))).).....((.......)).......(((....)))...(.(......).)....,11,-3.015,19,0,0.000015
5504,...(((.((.((........)).)).....)))..........(((((((....)))........)))).......,14,-3.015,26,0,0.000015
5505,.......((.(((......))).)).....(.....).(....)...(((....)))..........((...))..,12,-3.015,17,0,0.000015
5506,.......((.(((......))).))....((......).).......(((....)))...................,10,-3.015,15,0,0.000015
5507,...(((.((.(((......))).)).....)))..............(((....)))..(........).......,12,-3.015,18,0,0.000015
5508,..((...))..((((....)))).......((((...(((........((....))((......))..))))))).,17,-3.015,20,0,0.000015
5509,..((...))..(((......)))...((...))....(((.......(((....)))...........))).....,13,-3.015,24,0,0.000015
5510,..((...))............(((....))).......(....)...(((....)))...(.(......).)....,11,-3.015,32,0,0.000015
5511,..((...))..((((....))))......((.......)).......(((....)))..((............)).,13,-3.015,32,0,0.000015
5512,...........((((....))))........((.((....)).))..(((....)))..(.((.(...).))..).,15,-3.015,37,0,0.000015
5513,.......(..(((......)))..).....((((...(((............................))))))).,11,-3.014,8,0,0.000015
5514,..((...))..((((....)))).....(((.......)))......(((....)))...(.(......).)....,14,-3.014,34,0,0.000015
5515,.......(((((((((((.(((((....))).......)).))))))).(....).))))....(...).......,18,-3.014,47,0,0.000015
5516,...(((.((.(((.(...)))).)).....))).....(....)...(((....)))...................,13,-3.014,20,0,0.000015
5517,.......((.(((......))).)).......(......).......(((......((......))......))).,11,-3.014,23,0,0.000015
5518,.....................(((....))).......(....)...(((....)))..(..............).,8,-3.014,29,0,0.000015
5519,...((.....)).........(((....)))................(((....)))...(.(.(...)).)....,11,-3.014,32,0,0.000015
5520,..........(((......)))................(....)...(((....)))..........((...))..,9,-3.014,20,0,0.000015
5521,.......((.(((......))).)).(.....)....(((........((....))((......))..))).....,13,-3.014,14,0,0.000015
5522,..(.....)...(.....)..(((....)))......(((.......(((....)))...........))).....,11,-3.014,23,0,0.000015
5523,...........((((....)))).....(((.......)))......(((....)))..(..............).,11,-3.014,31,0,0.000015
5524,.......((.(((......))).)).(((((((.(((.((......))..))).)))..)))).(...).......,18,-3.014,36,0,0.000015
5525,..(((..(....).)))....(((....)))......(((.......(((....)))...........))).....,13,-3.014,27,0,0.000015
5526,.......((.(((......))).))....((.......))......((((....)))...............)...,11,-3.014,16,0,0.000015
5527,.....................(((....)))................(((....))).............(...).,7,-3.013,27,0,0.000015
5528,...(((.((.(((......))).)).....))).....((......)).(....).......(.(...).).....,13,-3.013,24,0,0.000015
5529,.......((.(((......))).)).....((((...(.(.......(((....)))...........)).)))).,14,-3.013,4,0,0.000015
5530,.......((.(((......))).))..((((.......)))).......((..(..((......))).))......,14,-3.013,31,0,0.000015
5531,.......((.(((......))).)).............(....)...((((...(.((......))..)..)))).,13,-3.013,25,0,0.000015
5532,...(((.((.(((......))).)).....)))..........(((((((....)))........)))).(...).,16,-3.013,24,0,0.000015
5533,.......(..(((......)))..)...(((.......)))......(((....))).......(...).......,11,-3.013,20,0,0.000015
5534,...((.....)).........(((....)))......(((....((((((....)))........)))))).....,14,-3.013,29,0,0.000015
5535,.......((.(((......))).)).....(((((...((.......(((....)))(......)...))))))).,16,-3.013,5,0,0.000015
5536,.......((.(((......))).))......(..((....))..)..(((....)))..((............)).,13,-3.013,21,0,0.000015
5537,.......(((((((((((...((.((((.....)))).)).)))))))........))))..(.(...).).....,19,-3.013,54,0,0.000015
5538,.......((.(((......))).))......................(((....)))......(.......)....,9,-3.013,15,0,0.000015
5539,.......((.((........)).))..((((.......)))).....(((....))).....(.......).....,12,-3.013,22,0,0.000015
5540,.......((.(((......))).))....................(((((....)))........))..(....).,11,-3.013,18,0,0.000015
5541,.......((..(((......)))..))...((((...(((......((((....)))..)........))))))).,16,-3.012,16,0,0.000015
5542,.......((.(((......))).))....((.......))........((....)).((..(......)..))...,12,-3.012,20,0,0.000015
5543,...........(((((((...(((....)))..........)))))))........((...........)).....,12,-3.012,45,0,0.000015
5544,.......((.(((......))).)).....(((.(.....)..(((((((....)))........))))...))).,16,-3.012,17,0,0.000015
5545,...........((........)).......((((...(((....(..(((....))).).........))))))).,13,-3.012,13,0,0.000015
5546,.......((.(((......))).))....(.........).......(((....))).....(.(...))......,11,-3.012,17,0,0.000015
5547,..........(((......)))...(.((((.......))).).)..(((....)))...................,11,-3.012,25,0,0.000015
5548,..........(((......)))...(.((((.......)).)).)..(((....)))...................,11,-3.012,25,0,0.000015
5549,...........((((....))))...(.....)..............(((....)))..((............)).,10,-3.012,30,0,0.000015
5550,..........(((......)))........(((....(((......((((....)))....)......))).))).,13,-3.012,8,0,0.000015
5551,...........((((....))))......((.......)).....(((((....)))........)).........,11,-3.011,32,0,0.000015
5552,.........(.....).....(((....)))...((.....))....(((....)))...................,9,-3.011,33,0,0.000015
5553,...........((((....))))...((...))..............(((....))).....((.......))...,11,-3.011,31,0,0.000015
5554,.......((.(((......))).))............(((..(...((((....))).......).).))).....,13,-3.011,12,0,0.000015
5555,..(.....)..(..((....))..).....((((...(((.......(((....)))...........))))))).,14,-3.011,13,0,0.000015
5556,.......((.(((......))).))....((.......)).......(((....))).(.......).........,11,-3.011,17,0,0.000015
5557,.......((.(((......))).))..(((.........)))....((((....)))..)..(.(...).).....,14,-3.01,23,0,0.000015
5558,.......((.(((......))).))...(((.......)))......(((....)))(..............)...,12,-3.01,18,0,0.000015
5559,.....................(((....)))...((.....))....(((....))).......(...).......,9,-3.01,32,0,0.000015
5560,..(.....)............(((....)))................(((....)))..((............)).,9,-3.01,30,0,0.000015
5561,.......((..((........))..))...((((...(((....((((((....)))........)))))))))).,17,-3.01,19,0,0.000015
5562,..........(((......)))........((((...(((.(.((..(((....)))....))...).))))))).,16,-3.01,10,0,0.000015
5563,.......(..(((......)))..)...(((.......)))......(((....)))...(.(.(...)).)....,13,-3.009,22,0,0.000015
5564,.........((.......)).(((....))).......(....)...(((....)))...(.(......).)....,11,-3.009,32,0,0.000015
5565,.......((.(((......))).))....((.......)).........((.(.............).))......,10,-3.009,24,0,0.000015
5566,.......((.(((......))).))....((...((.....))...))..............(.(...).).....,11,-3.009,28,0,0.000015
5567,...(((.((.(((......)))...))...))).....(....)...(((....)))..(.((.(...).))..).,16,-3.009,28,0,0.000015
5568,.......((.(((......))).)).....(((.(((.(....)......))).)))...................,12,-3.009,27,0,0.000015
5569,.......((((((((((..((((......)).......))..))))))........))))..(.(...).).....,16,-3.008,47,0,0.000015
5570,.......((.(((......)))...))..((.......)).......(((....)))...(.(......).)....,12,-3.008,23,0,0.000015
5571,.......((((((((((..((.((..((...))..)).))..))))))........))))................,16,-3.008,48,0,0.000015
5572,.......((.(((.....).)).))....((.......)).......(((....)))...(.(......).)....,12,-3.008,20,0,0.000015
5573,.......((.(((......))).))..(((.........))).......((.................))......,10,-3.008,26,0,0.000015
5574,.......(..(((......)))..).....(((....(((....((((((....)))........)))))).))).,16,-3.008,10,0,0.000015
5575,.......((.(((......))).)).....((((((...........(((....)))........)....))))).,14,-3.008,9,0,0.000015
5576,..((...)).(((......))).....((((.......)))).....(((....)))...(.(......).)....,14,-3.008,27,0,0.000015
5577,.......((.(((......))).)).......(......).........(....).....................,7,-3.008,18,0,0.000015
5578,.......((.(((......))).)).............((......))........(....)..............,8,-3.008,22,0,0.000015
5579,...........(((......))).....(((.......)))......(((....)))..........((...))..,11,-3.007,30,0,0.000015
5580,.......((.(((......))).)).........((....))......((....))...((.(.(...).)..)).,13,-3.007,24,0,0.000015
5581,..(.....)..((((....))))....((((.......)))).....(((....)))........(........).,13,-3.007,34,0,0.000015
5582,...........(((......)))....((((.......)))).....(((....)))...........(...)...,11,-3.007,31,0,0.000015
5583,...........(((((....)))......))......(((.......(((....)))...........))).....,11,-3.007,23,0,0.000015
5584,.....................(((....)))...((.....))....(((....)))...(.(.(...)).)....,11,-3.006,34,0,0.000015
5585,...........((((....))))..............(((..(....(((....))).........).))).....,11,-3.006,23,0,0.000015
5586,.......((.(((......))).))..((((.......)))).(....((....)).)..................,12,-3.006,23,0,0.000015
5587,.......((.(((......))).)).....((((...(((..(((.((((....)))..).))...).))))))).,19,-3.006,8,0,0.000015
5588,.....(....)........(....).....((((...(((.......(((....)))...........))))))).,12,-3.006,11,0,0.000015
5589,.......((.(((......))).))..((((.......))))..............((..(.....)..)).....,12,-3.006,28,0,0.000015
5590,.......((.(((......))).))......................(((....)))...(.....)..(....).,10,-3.006,16,0,0.000015
5591,.......((.((........)).)).....((((...((((......(((....))).........).))))))).,15,-3.006,4,0,0.000015
5592,.......((.((........)).)).....((((...(((....(..(((....)))....)......))))))).,15,-3.006,4,0,0.000015
5593,.......((..((......))..))..................(((((((....)))........)))).......,11,-3.005,23,0,0.000015
5594,..(.(..((.(((......))).))).).........(((.......(((....)))...........))).....,13,-3.005,12,0,0.000015
5595,.......((..((........))..))...(((....(((.......(((....)))...........))).))).,13,-3.005,15,0,0.000015
5596,.......((.(((......))).)).............(....)...(((....)))........(.(.....)).,11,-3.005,17,0,0.000015
5597,.......((..((......))..))....((.......)).......(((....))).......(...).......,10,-3.005,18,0,0.000015
5598,.......(((((((((((...((...............)).)))))))........)))).......((...))..,15,-3.005,47,0,0.000015
5599,.......((.((........)).))......((.((....)).))..(((....)))..((............)).,13,-3.005,24,0,0.000015
5600,...(((.((..(((......)))..))...)))...((.....(((((((....)))........)))))).....,17,-3.005,39,0,0.000015
5601,...........((((....))))......((.......)).......(((....)))...(.....).........,10,-3.005,30,0,0.000015
5602,.......((.(((......))).))..((((.......)))).((((.((....)).........)))).......,15,-3.005,28,0,0.000015
5603,.......((.(((......))).))......((.(((.((......))..))).))......(.(...))......,14,-3.005,29,0,0.000015
5604,.......((.(((......))).))..((((.......)))).....(((....)))(......)....(....).,14,-3.005,21,0,0.000015
5605,.......((.(((......))).)).(.....)............(((((....)))........)).........,11,-3.004,19,0,0.000015
5606,.......((..((......))..))..((((.......)))).....(((....)))............(....).,12,-3.004,21,0,0.000015
5607,..((...))..(((......)))...............(....)...(((....)))...................,9,-3.004,29,0,0.000015
5608,.......((.(((......))).))...(((.......)))......(((....)))..(..(((...)..)).).,15,-3.004,21,0,0.000015
5609,.......((.(((......))).)).....((((...((....(((....................))))))))).,14,-3.004,13,0,0.000015
5610,..((...))..(((......))).....(((.......)))......(((....))).....(.(...).).....,13,-3.004,33,0,0.000015
5611,.......((.(((......))).)).....((((...(((..(.(.(.((....))...)....).).))))))).,17,-3.004,8,0,0.000015
5612,.......((.(((......))).))...(((.......)))......(((....)))........(..(...).).,13,-3.003,18,0,0.000015
5613,...(((.((..(((......)))..))...)))....((........(((....))).......))..........,13,-3.003,33,0,0.000015
5614,......((((......(((..((..(.((((.......))))..).))..))).........))))..........,14,-3.003,51,0,0.000015
5615,.......((.(((......))).))......((.((....)).))..(((....)))..(.((.......))..).,15,-3.003,23,0,0.000015
5616,.......((.(((......))).))..((((.......))))............(.......).............,10,-3.003,26,0,0.000015
5617,.......((.(((......))).))....((.......)).............................(....).,8,-3.003,21,0,0.000015
5618,.......((.(((......))).)).....(.....)..........(((....))).....(((...)..))...,12,-3.003,18,0,0.000015
5619,.....(.((.(((......))).)).)..((.......)).......(((....)))............(....).,12,-3.003,17,0,0.000015
5620,.......((..((((....))))..))..((.......)).......(((....)))............(....).,12,-3.003,30,0,0.000015
5621,....................((((....))).)..............(((....)))...................,7,-3.002,27,0,0.000015
5622,.......((.(((.(...)))).)).......((...(((.......(((....)))...........)))))...,14,-3.002,6,0,0.000015
5623,...........(((((((...((...............)).)))))))...........((.(.(...).)..)).,13,-3.002,46,0,0.000015
5624,..........(((......)))............((....)).....(((....)))..((.(.(...).)..)).,12,-3.002,26,0,0.000015
5625,...........((((....))))....((((.......))))......((....))...((.(.(...).)..)).,14,-3.002,38,0,0.000015
5626,.......((..((......))..))....((.......)).......(((....)))...(.(.(...)).)....,12,-3.002,20,0,0.000015
5627,.......((.(((......))).)).....((((...(((....(((...(...........)..)))))))))).,16,-3.002,14,0,0.000015
5628,.......(.(.(((((((.(((((....))).......)).))))))).)).........................,14,-3.002,46,0,0.000015
5629,.......((.(((......))).)).....(.....)(((....((((((....)))........)))))).....,15,-3.001,15,0,0.000015
5630,.......((.(((......))).)).....(.....).((.......(((....)))...........))......,11,-3.001,11,0,0.000015
5631,.......((.(((......))).))..((((.......))))......((....)).(..............)...,12,-3.001,22,0,0.000015
5632,..((...))..((((....))))........(((...(((.......(((....)))...........))))))..,15,-3.001,17,0,0.000015
5633,.......((.(((......))).))..((((.......)))).....(((....)))((...(.(...)).))...,16,-3.001,23,0,0.000015
5634,.......((.(((......))).))...(((.(..............).)))..........(.(...).).....,11,-3.001,26,0,0.000015
5635,.......((.(((......))).))...(((.......)))......(((....)))..(..(.(...).)...).,14,-3.001,20,0,0.000015
5636,...........(((......))).......((((...(((....(..(((....)))...).......))))))).,14,-3.0,14,0,0.000015
5637,.......((.(((......)))...))((((.......)))).....(((....)))..((............)).,14,-3.0,27,0,0.000015
5638,..........(((......)))................((.......(((....)))...........))......,8,-3.0,14,0,0.000015
5639,..........(((......)))........(((.(((.((......))..))).))).....(.(...))......,13,-3.0,33,0,0.000015
5640,...(((.((.(((......))).)).....)))...(......)...(((....))).....(.(...).).....,14,-3.0,21,0,0.000015
5641,.......((((....(((..(((..(.((((.......))))..).)).)..))).))))..(.(...).).....,17,-3.0,50,0,0.000014
5642,.......((.((........)).)).........((.....))....(((....)))...................,9,-2.999,20,0,0.000014
5643,...(((....(((......)))........)))..............(((....)))..........((...))..,11,-2.999,22,0,0.000014
5644,...(((.((.(((......)))...))...)))....(((......((((....)))..)........))).....,15,-2.999,19,0,0.000014
5645,.......((.(((......))).))....(.........).......(((....)))..((.((.......)))).,13,-2.999,19,0,0.000014
5646,.......((.(((.(...)))).))...(((.......)))......(((....)))............(....).,13,-2.999,19,0,0.000014
5647,..........(((......)))........((((...(((...((.((((....)))..).)).....))))))).,16,-2.999,10,0,0.000014
5648,.......((.(((......))).)).............((......)).(....)..............(....).,9,-2.999,19,0,0.000014
5649,..............((....))........(((.(((.((......))..))).)))...................,10,-2.998,39,0,0.000014
5650,.......((.(((......))).)).............((......))........((......)).(.....)..,10,-2.998,25,0,0.000014
5651,..((...))..((((....))))...(.....).....(....)...(((....)))...................,11,-2.998,31,0,0.000014
5652,.......((.(((......))).))....((.......))......((((....)))..)..(((...)..))...,14,-2.998,20,0,0.000014
5653,..........((........))........((((...(((....((((((....)))........)))))))))).,15,-2.998,12,0,0.000014
5654,.......((.(((......))).)).....................((((...............)).))......,9,-2.998,23,0,0.000014
5655,...........(..((....))..)..((((.......)))).....(((....)))...................,10,-2.998,31,0,0.000014
5656,.......((.(((......))).)).(.....)..............(((....)))...(.....).........,10,-2.998,17,0,0.000014
5657,.......(((((((.......((..(.((((.......))))..).))))).....))))................,14,-2.997,45,0,0.000014
5658,..(.....).(((......)))........((((...(((....(..(((....)))..)........))))))).,15,-2.997,7,0,0.000014
5659,.......((.(((......))).))......((..(.....).))..(((....)))..((............)).,13,-2.997,20,0,0.000014
5660,.......((.(((.(...)))).))..((((.......)))).....(((....))).....(((...)..))...,16,-2.997,24,0,0.000014
5661,.......(((((((((((.((.((...........)).)).)))))))........))))....(...).......,16,-2.997,49,0,0.000014
5662,.......((.(((......))).)).........((....))..................................,7,-2.997,24,0,0.000014
5663,.......((.(((......))).))......((.((....)).))..(((....)))...(.(.(...).))....,15,-2.997,23,0,0.000014
5664,.....(.((.(((......))).)).).......((....)).....(((....)))...................,11,-2.997,20,0,0.000014
5665,..((...)).(((......)))........((((..((.....(((((((....)))........)))))))))).,18,-2.997,20,0,0.000014
5666,.......((..((((....))))..)).......((....)).....(((....)))...................,11,-2.997,33,0,0.000014
5667,.......((.(((......))).)).....(((.....((......))......))).......(...).......,11,-2.997,22,0,0.000014
5668,.......((.((........)).)).....((((..((.........(((....)))............)))))).,13,-2.997,9,0,0.000014
5669,.......((.(((......))).)).............((......))........((......))....(...).,10,-2.996,24,0,0.000014
5670,.......(..(((......)))..).....((((((.......(((((((....)))........)))))))))).,17,-2.996,17,0,0.000014
5671,...........(((((((...((...............)).))))))).((.................))......,11,-2.996,43,0,0.000014
5672,.......(..(((......)))..).....(((.(((.((......))..))).)))...(.(......).)....,14,-2.996,31,0,0.000014
5673,.........(........)..(((....)))......(((.......(((....)))...........))).....,10,-2.996,23,0,0.000014
5674,.......((.(((.(...)))).)).............(....)...(((....)))...(.(......).)....,12,-2.996,19,0,0.000014
5675,.......((.(((......))).)).......((.........(((((((....)))........))))..))...,14,-2.995,17,0,0.000014
5676,.......((.(((......))).))...(((.......)))..((((((......))........)))).......,14,-2.995,26,0,0.000014
5677,.......((.(((......))).))....((...((....))....))........((...........)).....,11,-2.995,27,0,0.000014
5678,........(.(((......))).)...((((.......)))).....(((....)))..........((...))..,13,-2.995,22,0,0.000014
5679,...(((....(((......)))........))).....((......))........((......))..........,10,-2.995,31,0,0.000014
5680,.......((.(((......))).))..((((.......))))....(.((...............))..)......,12,-2.995,28,0,0.000014
5681,.......((..(((......)))..))...((((...(((........((....))............))))))).,14,-2.995,16,0,0.000014
5682,.......((.(((......))).))..((((.......)))).....((((.....((..(.....)..)))))).,16,-2.995,29,0,0.000014
5683,.......((.(((.(...)))).)).....(((....(((.(.....(((....))).........).))).))).,16,-2.995,6,0,0.000014
5684,.......((.(((......))).)).....((((...(((....(..(((....)))........)..))))))).,16,-2.995,2,0,0.000014
5685,.......((.(((......))).)).....((((...(((.(.((..(((....)))..)..)...).))))))).,18,-2.994,6,0,0.000014
5686,...........((((((..((.((...........)).))..))))))........((......))..........,12,-2.994,45,0,0.000014
5687,..........(((......)))...(.((((.......))))..)..(((....))).....(.(...))......,13,-2.994,27,0,0.000014
5688,.......((.(((......))).))...(((.......)))......(((....)))..(((......)....)).,14,-2.994,20,0,0.000014
5689,.......((.(((......))).)).......................................(...).......,6,-2.994,21,0,0.000014
5690,.......((.(((......))).))..((((.......))))......((....................))....,11,-2.994,25,0,0.000014
5691,.....(.((.(((......))).)).)....................(((....))).......(...).......,10,-2.994,17,0,0.000014
5692,.......((..((((....))))..))....................(((....))).......(...).......,10,-2.994,30,0,0.000014
5693,.......((.((........)).))....((.......)).....(((.((.................)).)))..,11,-2.994,26,0,0.000014
5694,..........((........))........(((....(((.......(((....)))...........))).))).,11,-2.994,8,0,0.000014
5695,...(((.((..((((....))))..))...)))....(((........((....))((......))..))).....,16,-2.993,31,0,0.000014
5696,..........(((......))).....((((.......))))...(((((....))).............))....,12,-2.993,25,0,0.000014
5697,.......((.(((......))).)).....(((.....((......))......)))...(.(.(...)).)....,13,-2.993,24,0,0.000014
5698,..(.....).(((......)))........((((....((.......(((....)))...........)).)))).,13,-2.993,7,0,0.000014
5699,...(((.((.(((......)))...))...)))......((..(((((((....)))........))))....)).,17,-2.993,31,0,0.000014
5700,.......((.(((......))).))......((..........))...((....))((......))..........,11,-2.993,21,0,0.000014
5701,.......((.(((......))).))......((.((....)).))....(....).......((.......))...,12,-2.993,26,0,0.000014
5702,..............((....))...(.((((.......))))..)..(((....)))...................,10,-2.993,33,0,0.000014
5703,.......((.(((......))).)).......................((....))...(.((.(...).))..).,11,-2.992,20,0,0.000014
5704,.......((.(((......))).)).....(((.((...............)).))).......(...).......,11,-2.992,25,0,0.000014
5705,...........((((....))))......((.......)).......(((....))).....(.......).....,10,-2.992,29,0,0.000014
5706,...........((((....))))....((((.......))))..................................,8,-2.992,38,0,0.000014
5707,.......((.(((......))).)).(.....).....(....)...(((....))).....(((...)..))...,13,-2.992,19,0,0.000014
5708,..((...........)).............((((...(((.......(((....)))...........))))))).,12,-2.992,14,0,0.000014
5709,.......((.(((......))).))..((((.......)))).....(((....)))....(.....(.....)).,14,-2.992,21,0,0.000014
5710,...........((((....))))..............(((....(..(((....))).).........))).....,11,-2.992,23,0,0.000014
5711,.......((.(((......))).)).......(.(.....)..)...(((....)))...(.(......).)....,12,-2.992,19,0,0.000014
5712,.......((.(((......))).)).....(((.(((.((......))..))).)))..((.....(.....))).,16,-2.992,30,0,0.000014
5713,.......((.(((......))).))......((.(((.((......))..))).))...((.((.......)))).,16,-2.992,31,0,0.000014
5714,.....(((((((((((((.(((((....))).......)).)))))))........))))....))..........,18,-2.991,52,0,0.000014
5715,.......((.(((......))).)).....(((.(((.((......))..))).)))....(..(...).....).,15,-2.991,29,0,0.000014
5716,..((...))..(((......)))....((((.......)))).....(((....))).....((.......))...,14,-2.991,35,0,0.000014
5717,.......((.(((......))).))...................(..(((....))).).................,9,-2.991,16,0,0.000014
5718,.......((.(((......))).))...(...........)......(((....)))...................,9,-2.991,16,0,0.000014
5719,.......((.(((......))).))......((.((....)).))..(((....)))..((..(.......).)).,15,-2.991,23,0,0.000014
5720,.......((.(((......))).)).(.....).....((......)).(....).....................,9,-2.991,20,0,0.000014
5721,.......((.(((......))).))...................................(.(.(...)).)....,8,-2.99,23,0,0.000014
5722,.......((.(((......))).))..((((.......))))......((....))...((.(.......)..)).,14,-2.99,24,0,0.000014
5723,.....(.((.(((......))).)).)....................(((....)))...(.(.(...)).)....,12,-2.99,19,0,0.000014
5724,.......((.(((......))).))...(((.......))).............((.....)).............,10,-2.99,25,0,0.000014
5725,.......((.((..(...).)).)).....((((.............(((....)))..............)))).,12,-2.99,10,0,0.000014
5726,.......((..((((....))))..))....................(((....)))...(.(.(...)).)....,12,-2.99,32,0,0.000014
5727,.......((.(((......))).))...(((...............))).............(.(...).).....,10,-2.99,25,0,0.000014
5728,.......((.(((......))).))..((((((..........))....))))...((......))..........,13,-2.99,31,0,0.000014
5729,.....................(((....))).......(....)...(((....))).....(......)......,8,-2.99,29,0,0.000014
5730,...........(((((((.(((((....))).......)).)))))))...................((...))..,14,-2.99,45,0,0.000014
5731,..((...))..((((....)))).......((((...(((..(.(.((((....)))....)..).).))))))).,19,-2.99,21,0,0.000014
5732,.....(.((.(((......))).)).)...(((.(((.((......))..))).))).....((.......))...,16,-2.99,31,0,0.000014
5733,.......((.(((......))).)).........((....)).......(....).......(.(...).).....,10,-2.99,24,0,0.000014
5734,.......((..((((....))))..))...(((.(((.((......))..))).))).....((.......))...,16,-2.99,44,0,0.000014
5735,...........((((....)))).....(((.......)))......(((....))).....(......)......,11,-2.989,31,0,0.000014
5736,.....................(((....))).......(....)..((((....)))..)................,8,-2.989,30,0,0.000014
5737,.....(.((.(((......))).)).)..........(((....((((((....)))........)))))).....,15,-2.989,16,0,0.000014
5738,........(.(((......))).)......(((.(((.((......))..))).)))..((.(.(...).)..)).,16,-2.989,33,0,0.000014
5739,......((..((.((((((.....)).((((.......)))).....(((....)))...)))).))..)).....,17,-2.989,43,0,0.000014
5740,..(.((....(((......)))..)).)..((((...(((....(..(((....)))..)........))))))).,17,-2.989,11,0,0.000014
5741,.......((..((((....))))..))..........(((....((((((....)))........)))))).....,15,-2.989,29,0,0.000014
5742,.......(((((((((((..((((....))).......)..)))))))........)))).........(....).,16,-2.989,48,0,0.000014
5743,...........((((....))))........................(((....)))........(........).,8,-2.989,28,0,0.000014
5744,...........((((....)))).....(((.......))).....((((....)))..)................,11,-2.989,32,0,0.000014
5745,...........((((((..(((((....))).......))..))))))..............((.......))...,13,-2.989,44,0,0.000014
5746,...........((((....))))........((..........))..(((....))).......(...).......,10,-2.989,30,0,0.000014
5747,.......((.(((......))).)).....................(.((....))...)..(.(...).).....,10,-2.989,20,0,0.000014
5748,...(((.((.(((......))).)).....)))...............((....))((......))..........,12,-2.989,22,0,0.000014
5749,.......((.(((......))).)).....(((.((...............)).)))...(.(.(...)).)....,13,-2.989,27,0,0.000014
5750,.......((.(((......))).))..(((((...)..)))).....(((....)))..((.(.(...).)..)).,17,-2.989,24,0,0.000014
5751,.......((..((((....))))))..((((.......)))).....(((....))).....(.(...).).....,15,-2.989,30,0,0.000014
5752,.......((.(((......))).)).(.....)....(((..(.(.((((....)))....)..).).))).....,15,-2.989,15,0,0.000014
5753,.......((.(((......))).))..((((.(..............).)))).........((.......))...,12,-2.988,28,0,0.000014
5754,.....................(((....))).......(....)...(((....)))..((...(...)....)).,10,-2.988,31,0,0.000014
5755,...........(((......))).......((((..((.........(((....))).......)).....)))).,12,-2.988,21,0,0.000014
5756,.......((.(((......))).)).......................((....)).((............))...,9,-2.988,18,0,0.000014
5757,.......((.(((......))).))..((((.......))))....(............)..(.(...).).....,12,-2.988,29,0,0.000014
5758,...........((((....)))).....(((.......)))......(((....)))..((...(...)....)).,13,-2.988,33,0,0.000014
5759,.......((.(((......))).)).....((...)).((......))........((......))..........,11,-2.988,26,0,0.000014
5760,.......((.(((.....).)).))..((((.......)))).....(((....)))..........((...))..,14,-2.988,23,0,0.000014
5761,.......((.(((......))).))....((.......)).......(((...........((.(...).))))).,13,-2.988,24,0,0.000014
5762,.......((.(((......))).))....((.......)).......(((....)).)....(.(...).).....,12,-2.988,20,0,0.000014
5763,..........(((......))).........................(((....)))..(.((.(...).))..).,10,-2.988,22,0,0.000014
5764,.......((.(((......))).))..((((......).))).(((((((....)))........)))).......,16,-2.988,26,0,0.000014
5765,.......((.(((......))).))....((.......)).....((..((.....((......))..))..))..,13,-2.988,27,0,0.000014
5766,.......((.(((......))).)).....(((((........((.((((....)))..).)).......))))).,16,-2.987,13,0,0.000014
5767,.......((.(((......))).)).............((......))..((.....................)).,9,-2.987,23,0,0.000014
5768,...........((......)).........((((...(((....((((((....)))........)))))))))).,15,-2.987,12,0,0.000014
5769,......(...(((......)))..).....(((.(((.((......))..))).)))...................,12,-2.987,32,0,0.000014
5770,..........(((......)))........(((.(((.((......))..))).)))..((.((.......)))).,15,-2.987,35,0,0.000014
5771,.......((.(((......))).)).......(.(((.((......))..))).)............(.....)..,12,-2.987,28,0,0.000014
5772,.......((.(((......))).)).......(......)........((....))......(.(...).).....,10,-2.987,18,0,0.000014
5773,.......((.(((......))).))....(.........)........((....))....................,8,-2.986,17,0,0.000014
5774,.......((.(((......))).)).......(..........)...(((....)))........(........).,10,-2.986,16,0,0.000014
5775,.......((.(((......))).)).((...))....(((........((....))((......))..))).....,14,-2.986,15,0,0.000014
5776,.......((.(((......))).))......((..........))..(((....)))..........(...)....,11,-2.986,17,0,0.000014
5777,......((((.((........))..(.((((.......))))..)..(((....))).....))))..........,14,-2.986,38,0,0.000014
5778,.......((.(((......))).)).....(((..((.((......))..))..))).....(((...)..))...,15,-2.986,28,0,0.000014
5779,..((...))..(((((((.(((((....))).......)).)))))))..............(.(...).).....,16,-2.986,48,0,0.000014
5780,.......((.(((......))).))..((((.......))))...((..((.................))))....,13,-2.986,28,0,0.000014
5781,.......((.(((......))).))...........((.....((((..................)))))).....,11,-2.986,28,0,0.000014
5782,.......((.(((......))).))..((((.......)))).......(....).....(.....).........,11,-2.986,25,0,0.000014
5783,.......((.(((......))).))....((.......)).....(((.((.....(....)......)).)))..,13,-2.986,25,0,0.000014
5784,..........(((......))).....((((.......)))).....(((....)))..((.(.......)..)).,13,-2.986,26,0,0.000014
5785,...........((((....))))...........(((.((......))..)))...((......))..........,11,-2.985,43,0,0.000014
5786,.......((.(((......))).))..........(.....).(((((((....)))........)))).......,13,-2.985,23,0,0.000014
5787,...........((((....))))........((..........))..(((....)))...(.(.(...)).)....,12,-2.985,32,0,0.000014
5788,.......(...((((....)))).)..((((.......)))).....(((....)))...................,12,-2.985,30,0,0.000014
5789,.....................((......))................(((....)))..((.(.(...).)..)).,9,-2.985,30,0,0.000014
5790,.......((.(((......))).)).(.....)..............(((....))).....(.......).....,10,-2.985,16,0,0.000014
5791,.......((.(((......))).))...........(......)...(((....)))............(....).,10,-2.985,16,0,0.000014
5792,........((.((.(((........))).)).))....(....)...(((....))).....(.(...).).....,13,-2.985,35,0,0.000014
5793,..(.((....(((......)))..)).).((.......))...(((((((....)))........)))).......,15,-2.985,31,0,0.000014
5794,.......((.(((......))).))......(((...(((...(...(((....))).....).....))))))..,15,-2.985,4,0,0.000014
5795,...(((.((.(((......))).)).....))).((....)).....(((....))).....((.......))...,15,-2.985,23,0,0.000014
5796,..(.((....(((......)))..)).)..((((....((.......(((....)))...........)).)))).,15,-2.985,11,0,0.000014
5797,.......((.(((......))).)).....(((.(((.((......))..))).))).(..((.(...).)).)..,17,-2.985,31,0,0.000014
5798,.......((..(((......)))..))...((((...(((......((((....)))....)......))))))).,16,-2.985,16,0,0.000014
5799,...........((((....))))....((((.......)))).......(....).......(.(...).).....,11,-2.985,38,0,0.000014
5800,.......((.(((......))).)).............(....)...(((....))).......(((.....))).,12,-2.985,18,0,0.000014
5801,.......((.(((......))).))..((((.......)))).......((...((.....)).....))......,13,-2.985,28,0,0.000014
5802,......((..((.(((.....(((....))).......(....)...(((....)))....))).))..)).....,14,-2.985,37,0,0.000014
5803,...........((((....))))...((...))..............(((....)))..((............)).,11,-2.984,31,0,0.000014
5804,.......((.(((......))).))....((...............)).....................(....).,8,-2.984,22,0,0.000014
5805,...(((.((..((((....))))..))...)))............(((((....)))........)).........,14,-2.984,36,0,0.000014
5806,.......((.(((......))).)).(...(((.(((.((......))..))).))))....(.(...).).....,16,-2.984,31,0,0.000014
5807,.......((.(((......))).))............(((.(......((....))..........).))).....,11,-2.984,12,0,0.000014
5808,...........(.(((....))).).....((((...(((....(..(((....)))..)........))))))).,15,-2.984,16,0,0.000014
5809,.......((.(((......))).))....((.......))........((....))..............(...).,10,-2.984,17,0,0.000014
5810,...((((((.(((......))).)).)...))).....(....)...(((....))).......(...).......,14,-2.984,21,0,0.000014
5811,.......((.(((......))).))......((.((....)).))..............((.(.(...).)..)).,13,-2.983,30,0,0.000014
5812,.....(.((.(((......))).)).)....((.((....)).))..(((....)))..((.(.(...).)..)).,17,-2.983,26,0,0.000014
5813,.......((..((((....))))..))....((.((....)).))..(((....)))..((.(.(...).)..)).,17,-2.983,39,0,0.000014
5814,...........(((......))).......((((...(((.......(((....)))(......)...))))))).,14,-2.983,14,0,0.000014
5815,...........((......)).........(((....(((.......(((....)))...........))).))).,11,-2.983,8,0,0.000014
5816,.......((.(((......))).)).....(((.(((.............))).)))........(........).,12,-2.983,27,0,0.000014
5817,.......((.(((......))).))..............(.......(((....))))..................,9,-2.983,15,0,0.000014
5818,.......((((((((((..........((((.......))))))))))........)))).......((...))..,16,-2.982,49,0,0.000014
5819,.......(((((((((((..........(((.......))))))))))........)))).......((...))..,16,-2.982,49,0,0.000014
5820,..........(((......)))..(.......)..............(((....)))...................,7,-2.982,18,0,0.000014
5821,.......((.(((......)))...))...(((.(((.((......))..))).)))..((.(.(...).)..)).,17,-2.982,37,0,0.000014
5822,...(((.((.(((......))).)).....)))..............(((....)))..........(...)....,12,-2.982,18,0,0.000014
5823,.......((.(((.....).)).)).....(((.(((.((......))..))).)))..((.(.(...).)..)).,17,-2.982,34,0,0.000014
5824,...(((.....(((......))).......)))..............(((....)))...................,9,-2.982,29,0,0.000014
5825,..........(((......)))..........(......).......(((....))).....(.(...).).....,9,-2.982,20,0,0.000014
5826,..........(((......))).......(.........).......(((....)))...................,7,-2.982,19,0,0.000014
5827,...(((.((.(((......)))...))...)))....(((........((....))............))).....,13,-2.982,19,0,0.000014
5828,......((..((.(((.....(((....)))((.((....)).))..(((....)))....))).))..)).....,17,-2.982,42,0,0.000014
5829,......(((.(((......))).)).).(((.......)))......(((....)))...(.(......).)....,14,-2.982,21,0,0.000014
5830,.......((.(((......))).)).........((.....))....(((....)))....(............).,11,-2.982,19,0,0.000014
5831,..(.....)..((((....))))....((((.......))))...(((.((.................)).)))..,14,-2.981,42,0,0.000014
5832,.....................(((....))).......(....)...(((....))).....(.........)...,8,-2.981,29,0,0.000014
5833,..........(((......)))...(.((((.......))))..)..(((....)))..((.((.......)))).,15,-2.981,29,0,0.000014
5834,.....................(((....))).....((.........(((....))).......))..........,8,-2.981,30,0,0.000014
5835,..........(((......))).....((((.......)))).....(((......................))).,10,-2.981,29,0,0.000014
5836,...........((((....)))).....(((.......)))......(((....))).....(.........)...,11,-2.981,31,0,0.000014
5837,.....................(((....)))................(((....)))...........(...)...,7,-2.981,27,0,0.000014
5838,.......((.(((......))).))...(((...............)))(....).....................,9,-2.981,21,0,0.000014
5839,.......((.(((......))).)).....((((...((.........................)).....)))).,11,-2.981,14,0,0.000014
5840,.......((.(((......))).))..((((.......))))((((((((....)))........))))..)....,17,-2.981,27,0,0.000014
5841,.......((.(((......))).))....((.......)).......(((....)))...(............)..,11,-2.981,16,0,0.000014
5842,.........(.....).....(((....))).......(....)...(((....))).....((.......))...,10,-2.981,32,0,0.000014
5843,.......((.(((......))).)).....((((..((((......)).....................)))))).,13,-2.98,14,0,0.000014
5844,.......((.(((......))).)).....(((((...((....(((..................)))))))))).,15,-2.98,15,0,0.000014
5845,......((..((.((((..........((((((.((....)).))....)))).......)))).))..)).....,16,-2.98,53,0,0.000014
5846,.......((.(((......))).))......((..........))..(((....))).(.(.(.(...)).).)..,14,-2.98,20,0,0.000014
5847,...((((((.(((......))).)).)...))).....(....)...(((....)))...(.(.(...)).)....,16,-2.98,23,0,0.000014
5848,..............................((((...(((....((((((....)))........)))))))))).,13,-2.98,16,0,0.000014
5849,.......((.(((......))).))....((.......)).........(....)..........(........).,9,-2.98,20,0,0.000014
5850,.......((.(((......))).))......((.((....)).))....(....).((...........)).....,12,-2.98,25,0,0.000014
5851,..(.....)..(((......)))......((.......)).......(((....)))..((.(.(...).)..)).,13,-2.98,32,0,0.000014
5852,...........(((((((..........(((.......))))))))))...........((.(.(...).)..)).,14,-2.979,48,0,0.000014
5853,...........((((((..........((((.......))))))))))...........((.(.(...).)..)).,14,-2.979,48,0,0.000014
5854,...........(.(((....))).).....((((....((.......(((....)))...........)).)))).,13,-2.979,16,0,0.000014
5855,.......((.(((......))).)).....((((....(........(((....))).......)......)))).,13,-2.979,7,0,0.000014
5856,..........(((......))).......((.......)).......(((....))).............(...).,9,-2.979,19,0,0.000014
5857,...........((((....))))...............((.........)).....((......))..........,8,-2.979,37,0,0.000014
5858,...((.....))..................((((...(((.......(((....)))...........))))))).,12,-2.979,12,0,0.000014
5859,.......((.(((......))).)).....(((((...((.........(....).((......))..))))))).,15,-2.978,10,0,0.000014
5860,.......((..((......))..)).....(((((...((.......(((....)))...........))))))).,14,-2.978,5,0,0.000014
5861,..........(((......)))........((((((...........(((....)))............)))))).,12,-2.978,12,0,0.000014
5862,...(((.((.(((......))).)).....)))..........(...(((....))))..................,12,-2.978,19,0,0.000014
5863,.......((.((........)).))......((..........))..(((....))).....(.(...).).....,11,-2.978,20,0,0.000014
5864,.......((.(((......))).))..((((.......)))).(((.(((....))).........))).......,15,-2.978,24,0,0.000014
5865,.......((.(((......))).)).....((((((.((.......((((....)))..)....))...)))))).,17,-2.978,12,0,0.000014
5866,.......((.((........)).)).....((((...(.....(((((((....)))........))))).)))).,16,-2.978,15,0,0.000014
5867,.......((.(((......))).))..(((.........))).((((..................)))).......,12,-2.978,32,0,0.000014
5868,............(.....)..(((....))).......(....)...(((....))).....(.(...).).....,10,-2.977,31,0,0.000014
5869,..........(((......)))....(.....).....(....)...(((....)))...(.(......).)....,10,-2.977,22,0,0.000014
5870,...(((.((..((((....))))..))...)))..............(((....)))...(.....).........,13,-2.977,34,0,0.000014
5871,.......((.(((......))).)).....((((...((((...)..(((....)))...........))))))).,16,-2.977,2,0,0.000014
5872,.....(....)..........(((....))).......(....)...(((....))).....(.(...).).....,10,-2.977,31,0,0.000014
5873,.......((.(((......))).)).(.....)...(......)...(((....)))...................,10,-2.977,17,0,0.000014
5874,.......((.(((......))).)).((...))............(((((....)))........)).........,12,-2.977,20,0,0.000014
5875,.......((.(((......))).)).....((((...(((..(.(........).)((......))..))))))).,16,-2.977,12,0,0.000014
5876,.......((.(((......))).))..((((.......))))...((.......))........(...).......,12,-2.977,28,0,0.000014
5877,..(.....)..((((....)))).......((((...(((.....(((((....)))........)).))))))).,17,-2.977,18,0,0.000014
5878,.......((.(((......))).)).............(....)..((((....)))..).......((...))..,12,-2.977,18,0,0.000014
5879,......(((.(((......))).)).)...((((...(((.....(((((....)))........)).))))))).,18,-2.977,6,0,0.000014
5880,...........((((....)))).......(((.(((.((......))..))).))).....(((...)..))...,15,-2.976,43,0,0.000014
5881,...........(.((((((..((....((((.......))))....))..))........)))).)..........,13,-2.976,50,0,0.000014
5882,.......((.(((......))).)).....(((.(((.((......))..))).)))(...........)......,14,-2.976,28,0,0.000014
5883,...........(((((((.(((((....))).......)).)))))))((....))......(.(...).).....,16,-2.976,42,0,0.000014
5884,.......((.(((......))).)).....((((......................((...........)))))).,11,-2.976,13,0,0.000014
5885,.......((.(((......))).))......((.((....)).))...((....))...........(.....)..,12,-2.976,23,0,0.000014
5886,.........(.((.((((......)))).)).)..............(((....)))...................,10,-2.976,33,0,0.000014
5887,.......((.(((......))).))..............(.......(((....))).....).............,9,-2.976,15,0,0.000014
5888,.......((.(((......))).))..((((.......)))).....(((....)))..(..(.(...)...).).,15,-2.976,22,0,0.000014
5889,...........(((......))).........(......).......(((....)))...................,7,-2.976,26,0,0.000014
5890,.......((.(((......))).))....(.........).......(((....))).......(.........).,10,-2.976,16,0,0.000014
5891,.......((.(((......))).))..(((.........))).....((((.....((......)).....)))).,14,-2.976,29,0,0.000014
5892,...(((.((.(((......))).)).....)))..............(((....))).(.(.(.(...)).).)..,15,-2.976,21,0,0.000014
5893,..............................(((....(((.......(((....)))...........))).))).,9,-2.976,12,0,0.000014
5894,.......(((((((((((.((.................)).)))))))........))))....(...).......,14,-2.975,46,0,0.000014
5895,..((...))..(.(((....))).)..((((.......)))).....(((....)))...................,13,-2.975,35,0,0.000014
5896,......(((.(((......))).)).)((((.......)))).....(((....)))..........(.....)..,14,-2.975,22,0,0.000014
5897,...........((........))......((.......)).......(((....)))..((.(.(...).)..)).,11,-2.975,30,0,0.000014
5898,.......((.(((......))).))..((((.......)))).....(.(....).)...................,11,-2.975,21,0,0.000014
5899,...(((.((.(((......))).)).....))).....(....)..((.((.................)).))...,13,-2.975,26,0,0.000014
5900,.......((.((..(...).)).))...(((.......)))......(((....)))...................,11,-2.975,21,0,0.000014
5901,.......((.(((......))).)).....((((...(((..............(.......).....))))))).,13,-2.974,7,0,0.000014
5902,..........(((......))).........((.(((.((......))..))).))....................,10,-2.974,31,0,0.000014
5903,...(((.((.((........)).)).....)))..............(((....))).....(.(...).).....,12,-2.974,21,0,0.000014
5904,.......((.(((......))).))............(((.(....((((....)))....)....).))).....,13,-2.974,12,0,0.000014
5905,..(.....)..((((....)))).......((((...((........(((....))).......)).....)))).,14,-2.973,22,0,0.000014
5906,..(.((....(((......)))..)).)(((.......)))......(((....)))...................,12,-2.973,26,0,0.000014
5907,...........((((((..........((((.......)))))))))).((.................))......,12,-2.973,45,0,0.000014
5908,...........(((((((..........(((.......)))))))))).((.................))......,12,-2.973,45,0,0.000014
5909,......(((.(((......))).)).)...((((...((........(((....))).......)).....)))).,15,-2.973,10,0,0.000014
5910,.......((.(((......))).))..((((.......)))).......(....).......(.......).....,11,-2.973,24,0,0.000014
5911,..........(((......))).....((((.......))))....((....................))......,9,-2.973,30,0,0.000014
5912,.......((.(((......))).))..((((.......))))...((.......))....(.(.(...)).)....,14,-2.973,30,0,0.000014
5913,.......((.(((......))).)).....((((...(((....((((((....)).).......)))))))))).,18,-2.973,9,0,0.000014
5914,.......((.(((......))).)).....((((...(((....((((((....))).......).))))))))).,18,-2.973,6,0,0.000014
5915,..........(((......))).....((((.......)))).....((((....................)))).,11,-2.973,30,0,0.000014
5916,...........((((((..((.................))..))))))........((......))..........,10,-2.973,42,0,0.000014
5917,.....................(((....)))...((....)).....(((....)))............(....).,9,-2.972,31,0,0.000014
5918,.......((.(((......))).))....((.......))...(..((((....)))..)..).............,12,-2.972,19,0,0.000014
5919,.......((.((........)).))...(((.......)))......(((....)))..........(.....)..,11,-2.972,20,0,0.000014
5920,.......(..(((......)))..)..((((.......)))).....(((....)))..(.((.(...).))..).,15,-2.972,25,0,0.000014
5921,.......((.(((......))).))(.((((.......))))..)..(((....))).....(((...)..))...,16,-2.972,24,0,0.000014
5922,.......((.(((......))).))...(((.......)))..(...(((....))))....((.......))...,14,-2.972,21,0,0.000014
5923,.......((.(((......))).)).(.........)......(((((((....)))........)))).......,13,-2.972,23,0,0.000014
5924,.......((.(((......))).)).......(..(....)..)...(((....)))..((.(.(...).)..)).,14,-2.972,21,0,0.000014
5925,.......((.(((......))).)).....((((.(..(........(((....))).......)..)...)))).,14,-2.972,9,0,0.000014
5926,..(.....).(((......)))........((((...((....(((((((....)))........)))))))))).,17,-2.972,14,0,0.000014
5927,...................(....).....(((.(((.((......))..))).)))...................,9,-2.972,37,0,0.000014
5928,...(((.((.(((......))).)).....)))....(.....)...(((....))).....((.......))...,14,-2.972,20,0,0.000014
5929,...(((.((.(((......)))...))...)))....(((......((((....)))....)......))).....,15,-2.972,19,0,0.000014
5930,...(((.((..((((....))))..))...))).....(....)...(((....))).....(((...)..))...,16,-2.972,36,0,0.000014
5931,..........(((......))).........((.((....)).))..(((....)))..........(.....)..,11,-2.971,25,0,0.000014
5932,..((...)).(((......))).........................(((....)))...................,8,-2.971,20,0,0.000014
5933,.........(.....).....(((....)))................(((....)))............(....).,8,-2.971,29,0,0.000014
5934,...(((.((.(((......))).)).....))).....((......))..............((.......))...,12,-2.971,26,0,0.000014
5935,..((...))..((((....))))...((...)).....(....)...(((....)))...................,12,-2.971,32,0,0.000014
5936,...........((((....))))..(.((((.......))))..)..(((....))).....(((...)..))...,15,-2.971,37,0,0.000014
5937,.......((.(((......))).))...(((((.((....)).))....)))........................,12,-2.97,30,0,0.000014
5938,......((..((.((((....(((....)))((.(((.((......))..))).))....)))).))..)).....,18,-2.97,51,0,0.000014
5939,.......((.(((......))).)).((...))..............(((....)))...(.....).........,11,-2.97,18,0,0.000014
5940,...(((.((..((((....))))..))...))).....((......)).(....).....................,12,-2.97,37,0,0.000014
5941,.......((.(((......))).)).....((((....((.(.((..(((....)))....))...).)).)))).,17,-2.97,8,0,0.000014
5942,...........((((....)))).......(((((........(((((((....)))........)))).))))).,16,-2.97,27,0,0.000014
5943,.......((.(((......))).)).....(((.....((......)).((.....((......))..))..))).,14,-2.969,19,0,0.000014
5944,.......(..(((......)))..)....((.......)).......(((....))).....((.......))...,11,-2.969,19,0,0.000014
5945,...........((((....))))...........((....)).....(((....)))...(.(......).)....,11,-2.969,33,0,0.000014
5946,.......((.(((......))).))....(.........).......(((....)))..(..............).,10,-2.969,16,0,0.000014
5947,.......((.((........)).)).............(....)...(((....))).....((.......))...,10,-2.969,19,0,0.000014
5948,.......((.(((......))).))...(((..................))).......((.(.(...).)..)).,12,-2.969,28,0,0.000014
5949,.......((.(((......))).))......((.(((.((......))..))).))........(.........).,13,-2.969,28,0,0.000014
5950,..........(((......)))...(.((((.......))))..)...((....))....................,10,-2.969,27,0,0.000014
5951,.......((.(((......))).))...(((.......)))..(((....................))).......,11,-2.968,28,0,0.000014
5952,.......((.(((......))).))......((.((....)).)).((((....))............))......,13,-2.968,23,0,0.000014
5953,...(((.((..((((....))))..))...)))....(((..(.(.((((....)))....)..).).))).....,18,-2.968,32,0,0.000014
5954,.......(((((((((((.((...((((.....)))).)).)))))))........))))................,17,-2.968,51,0,0.000014
5955,...........((((((..(((((....))).......))..)))))).(....).((......))..........,14,-2.968,43,0,0.000014
5956,.........(.....).....(((....)))......(((.(.....(((....))).........).))).....,11,-2.968,25,0,0.000014
5957,.......((.(((......))).))............(.....)...(((....))).....(((...)..))...,12,-2.968,18,0,0.000014
5958,..........(((......))).....((((.......))))..............((......))..........,9,-2.968,32,0,0.000014
5959,.......((.(((......))).)).....(((.....(....)..((....................))..))).,11,-2.968,16,0,0.000014
5960,.......((.(((......))).))..((((.......)))).....(((......(........)......))).,13,-2.967,26,0,0.000014
5961,.......((.(((......))).))....((.......))...(.(((((....)))........)).).......,13,-2.967,20,0,0.000014
5962,.......((.(((......))).))....((.......))...((.((((....)))........).)).......,13,-2.967,20,0,0.000014
5963,.......((.(((......))).)).....................((.(....).((......))..))......,10,-2.967,22,0,0.000014
5964,.......((.(((......))).)).....((...))..........(((....))).....(.(...))......,12,-2.967,18,0,0.000014
5965,.......((.(((......))).))..(.((.......)).).(((((((....)))........)))).......,15,-2.967,24,0,0.000014
5966,...........((((....)))).......((((...(((.(.(...(((....))).....)...).))))))).,16,-2.967,17,0,0.000014
5967,.......((.(((......))).))..........((.((......))..))........................,9,-2.967,25,0,0.000014
5968,...........(.((((....(((....)))((..........))..(((....)))...)))).)..........,13,-2.967,38,0,0.000014
5969,...(((.((.(((......))).)).....))).....(....)...(((....)))....(((.......)).).,15,-2.967,21,0,0.000014
5970,.......((.(((......))).)).............((......))..............(((...)..))...,10,-2.967,24,0,0.000014
5971,.......((.(((......))).)).........((.....))....(((......((......))......))).,12,-2.967,27,0,0.000014
5972,.......((.(((......))).))..((((.......))))......((....))((..(.....)..)).....,14,-2.967,24,0,0.000014
5973,.......((.(((......))).)).....((..(((.((......))..)))..))..(.((.(...).))..).,16,-2.966,31,0,0.000014
5974,..(.....)..(((......))).......((((...(((......((((....)))..)........))))))).,15,-2.966,15,0,0.000014
5975,.......((.(((......))).))......((.((.....))))..(((....)))..........(.....)..,13,-2.966,21,0,0.000014
5976,...(((.((.(((......)))...))...))).......(..(((((((....)))........))))..)....,16,-2.966,31,0,0.000014
5977,.......((.(((......))).))......((.((....)).))....(....)....((............)).,12,-2.966,26,0,0.000014
5978,.....(.((.(((......))).)).)...(((((..((........(((....))).......))....))))).,16,-2.966,11,0,0.000014
5979,.......((..((((....))))..))...(((((..((........(((....))).......))....))))).,16,-2.966,24,0,0.000014
5980,..((...))............(((....)))................(((....))).....((.......))...,10,-2.965,31,0,0.000014
5981,.......((.(((......))).)).....(((...((..(......(((....))).........)..)).))).,14,-2.965,11,0,0.000014
5982,.......(((((((((((.(((((....))).......)).)))))))........))))..........(...).,17,-2.965,48,0,0.000014
5983,.......((.(((......))).)).....(((((...(((......(((....))).........).))))))).,16,-2.965,5,0,0.000014
5984,.......((.(((......))).)).....(((((...((....(..(((....)))....)......))))))).,16,-2.965,5,0,0.000014
5985,.....................(((....))).((...(((.......(((....)))...........)))))...,11,-2.965,17,0,0.000014
5986,.......((.(((......))).)).....(......).........(((....)))...(.(......).)....,11,-2.965,16,0,0.000014
5987,.......((.(((......))).))..((((.......)))).......(....)...(.(.(.(...)).).)..,14,-2.965,27,0,0.000014
5988,.......((.(((......))).)).............((....(..(((....)))..)........))......,11,-2.965,12,0,0.000014
5989,.......((.(((......))).)).....((((..((.(.......(((....))).........)..)))))).,15,-2.965,8,0,0.000014
5990,...(((.((..((((....))))..))...)))..............(((....))).....(.......).....,13,-2.965,33,0,0.000014
5991,.......((.(((......))).)).((...)).....(....)...(((....))).....(((...)..))...,14,-2.965,20,0,0.000014
5992,.....(..(.(((......))).)..)..((.......)).......(((....)))...................,10,-2.965,19,0,0.000014
5993,...(((.((.(((.....).)).)).....)))....(((.......(((....)))...........))).....,14,-2.964,14,0,0.000014
5994,.......((..((......))..))......................(((....))).....(.(...).).....,9,-2.964,18,0,0.000014
5995,.......((.(((......))).))...((.((.(((.((......))..))).))...))...............,14,-2.964,31,0,0.000014
5996,.......((.(((......))).))...(.(((.(((.((......))..))).)))...)...............,14,-2.964,29,0,0.000014
5997,..((...))..(((......)))....((((.......)))).....(((....)))..((............)).,14,-2.964,35,0,0.000014
5998,...........(.((((....(((....)))...(((.((......))..))).......)))).)..........,13,-2.964,49,0,0.000014
5999,.......((.(((......))).)).....(((.((..((......))..))..)))...................,12,-2.964,25,0,0.000014
6000,.....(...)...........(((....)))......(((.......(((....)))...........))).....,10,-2.964,23,0,0.000014
6001,..(.((....(((......)))..)).)..((((...((....(((((((....)))........)))))))))).,19,-2.964,18,0,0.000014
6002,..........(((......)))........(((.(((.((......))..))).))).......(.........).,12,-2.964,32,0,0.000014
6003,..........(....).....(((....))).......(....)...(((....)))...(.(......).)....,10,-2.964,31,0,0.000014
6004,.......((.(((......))).)).............((......))........((......))..(...)...,10,-2.964,24,0,0.000014
6005,.......((.(((......))).))......(............)..(((....)))...(.(......).)....,11,-2.964,17,0,0.000014
6006,...........((((....))))......................(((.((.................)).)))..,9,-2.964,36,0,0.000014
6007,.......((.(((......))).)).........((....)).....(((....))).(.(.(......).).)..,13,-2.964,21,0,0.000014
6008,..(.....)..((........)).......((((...(((....((((((....)))........)))))))))).,16,-2.963,18,0,0.000014
6009,......((..((.((((((..((..(.((((.......))))..).))..)))........))).))..)).....,17,-2.963,54,0,0.000014
6010,.......((.(((......))).)).............(....)...(((....((...........))...))).,11,-2.963,22,0,0.000014
6011,.......((.(((......))).)).((...)).....((......)).(....).....................,10,-2.963,21,0,0.000014
6012,.......((.(((......))).)).............(....)...(((....)))....((((...)..)).).,13,-2.963,19,0,0.000014
6013,.........(.(((((....)))......)).).....(....)...(((....)))...................,10,-2.963,31,0,0.000014
6014,.....(.((.(((......))).)).)...(((.(((.((......))..))).)))..((............)).,16,-2.963,31,0,0.000014
6015,..........(((......)))..............((.....(((((((....)))........)))))).....,12,-2.963,26,0,0.000014
6016,.......((..((((....))))..))...(((.(((.((......))..))).)))..((............)).,16,-2.963,44,0,0.000014
6017,...........((((....)))).........(.((....)).)...(((....)))..((.(.(...).)..)).,14,-2.962,36,0,0.000014
6018,.......((.(((.(...)))).)).....(((.(((.((......))..))).)))..........((...))..,16,-2.962,30,0,0.000014
6019,.......((.(((......))).)).....((((...(((...............(.....)......))))))).,13,-2.962,7,0,0.000014
6020,.......((.(((......))).))..((((.......))))......((......((......))....))....,13,-2.962,28,0,0.000014
6021,...........((((((..(((((....))).......))..))))))...........((............)).,13,-2.962,44,0,0.000014
6022,.......((.(((......))).))..((............))....(((....)))...................,10,-2.962,18,0,0.000014
6023,...........((........)).......((((...(((......((((....)))..)........))))))).,13,-2.962,13,0,0.000014
6024,.......((.(((......))).))..................(.(((.((.................)).)))).,11,-2.962,24,0,0.000014
6025,...........(((((((.(((((....))).......)).))))))).((.....((......))..))......,16,-2.962,48,0,0.000014
6026,.......((.(((......))).))..(((.........))).....(((....)))....(......).......,12,-2.962,20,0,0.000014
6027,.......((.(((......))).)).............((.........))...((...........)).......,9,-2.962,22,0,0.000014
6028,.......((.(((......))).))......((.(((.((......))..))).))...(..............).,13,-2.962,28,0,0.000014
6029,........(.(((......))).).......((.((....)).))..(((....))).....(.(...).).....,13,-2.962,24,0,0.000014
6030,.........(.((.(((........))).)).)..............(((....))).......(...).......,10,-2.962,33,0,0.000014
6031,.......((.(((......))).)).(.....).....((.........))...........(.(...).).....,10,-2.961,24,0,0.000014
6032,...........((((....)))).............((((.......(((....)))...........))).)...,11,-2.961,22,0,0.000014
6033,.......((.(((......))).))..((((.(..............).))))......((............)).,12,-2.961,28,0,0.000014
6034,.......((.(((......))).))..((...........)).....(((....)))..((.(.(...).)..)).,14,-2.961,22,0,0.000014
6035,.......((.(((......))).))......................(((....)))..((.(.(...)...))).,12,-2.961,18,0,0.000014
6036,...........(((......)))........((.((....)).))..(((....))).....((.......))...,12,-2.961,34,0,0.000014
6037,...........(((......)))....((((.......))))...(((((....)))........)).........,12,-2.961,35,0,0.000014
6038,.......((.(((......))).)).((...))....(((..(.(.((((....)))....)..).).))).....,16,-2.961,16,0,0.000014
6039,......((((.(..((((.((((..(.((((.......))))..).)).)).))))...)..))))..........,18,-2.961,53,0,0.000014
6040,..........(((......)))...............((........(((....))).......))..........,8,-2.961,20,0,0.000014
6041,.......((.((........)).))..((((.......)))).....(((....)))....(............).,12,-2.961,22,0,0.000014
6042,.......((.(((......))).)).....(((....(((..(.......................).))).))).,12,-2.961,10,0,0.000014
6043,.......((.(((......))).)).........(((.((......))..)))............(........).,11,-2.961,28,0,0.000014
6044,...........((..((........))..))......(((.......(((....)))...........))).....,10,-2.96,23,0,0.000014
6045,...........(((((((.(((((....))).......)).))))))).(....)....((.(.(...).)..)).,17,-2.96,46,0,0.000014
6046,..............((....))........((((.............(((....)))..............)))).,9,-2.96,18,0,0.000014
6047,.........((.......)).(((....)))................(((....))).....((.......))...,10,-2.96,31,0,0.000014
6048,.......((.(((......))).)).........((.....))......(....).....................,8,-2.96,22,0,0.000014
6049,......((((.(...(((.((((....((((.......))))....)).)).)))....)..))))..........,16,-2.96,50,0,0.000014
6050,..((...........))....(((....)))................(((....)))...(.(......).)....,10,-2.96,33,0,0.000014
6051,...........((......))(((....)))................(((....)))...(.(......).)....,10,-2.96,25,0,0.000014
6052,..((...))..(((......))).......((((...(((..(....(((....))).........).))))))).,16,-2.959,16,0,0.000014
6053,.......((.(((......))).))..((((.......))))......((....))...(........).......,12,-2.959,22,0,0.000014
6054,.......((.(((......))).)).....(((.....................))).....(.(...).).....,10,-2.959,22,0,0.000014
6055,.......((.(((......))).))..................(...(((....))))..(.(......).)....,11,-2.959,18,0,0.000014
6056,.......((.((........)).))......................(((....)))............(....).,8,-2.959,16,0,0.000014
6057,.......((.(((......))).)).....((((....((...((.((((....)))..).)).....)).)))).,17,-2.959,8,0,0.000014
6058,..(.....)..((........)).......(((....(((.......(((....)))...........))).))).,12,-2.959,14,0,0.000014
6059,..(.....).(((......))).........((.((....)).))..(((....)))...................,11,-2.959,25,0,0.000014
6060,.......((.(((......))).))...(((((.((....)).)).))).............(.(...).).....,14,-2.959,31,0,0.000014
6061,...........((((....))))....((((.......)))).....(((....))).(.(.(......).).)..,14,-2.959,35,0,0.000014
6062,.......((.(((.(...)))).))....((.......)).......(((....)))..(.((.(...).))..).,15,-2.959,21,0,0.000014
6063,.......((.((........)).)).....(((.(((.((......))..))).)))..(.((.(...).))..).,16,-2.959,33,0,0.000014
6064,.......((.((........)).)).....(((....(((....(..(((....)))..)........))).))).,14,-2.958,6,0,0.000014
6065,...........(.(((....))).).....((((...((....(((((((....)))........)))))))))).,17,-2.958,23,0,0.000014
6066,.......((.((........)).)).....((((....((....((((((....)))........))))).)))).,16,-2.958,10,0,0.000014
6067,.......((.(((......))).)).....((((...(((.(.....(((....)).)........).))))))).,16,-2.958,5,0,0.000014
6068,..........(((......)))...(.((((.......))))..)..(((....))).......(.........).,12,-2.958,26,0,0.000014
6069,...........(((......)))...........((....)).....(((....))).....(.(...).).....,10,-2.958,32,0,0.000014
6070,...(((.((.(((......))).)).....))).((....)).....(((....)))..((............)).,15,-2.958,23,0,0.000014
6071,.........(.((.(((........))).)).)..............(((....)))...(.(.(...)).)....,12,-2.958,35,0,0.000014
6072,.......((.(((......))).)).((...))..............(((....))).....(.......).....,11,-2.958,17,0,0.000014
6073,.......((.(((......))).)).........(......).....(((....)))..((.(.(...).)..)).,13,-2.958,20,0,0.000014
6074,...........((((....))))......((.......))...((((..................)))).......,10,-2.958,41,0,0.000014
6075,.......((.(((......))).))............((.....(..(((....))).).....))..........,11,-2.957,18,0,0.000013
6076,..........(((......)))........(((((...((....((((((....)))........)))))))))).,16,-2.957,13,0,0.000013
6077,.........(.((................)).)..........(((((((....)))........)))).......,10,-2.957,33,0,0.000013
6078,.........(.((.(((........))).)).)....(((....((((((....)))........)))))).....,15,-2.957,32,0,0.000013
6079,......((((.(((((((...((...............)).))))))).(....).......))))..........,14,-2.957,46,0,0.000013
6080,..........(((......)))........(((.(((.((......))..))).)))..(..............).,12,-2.957,32,0,0.000013
6081,...(((.((..((((....))))..))...)))...(......)...(((....)))...................,13,-2.957,34,0,0.000013
6082,..((...........))....(((....))).......(....)...(((....)))..((.(.(...).)..)).,13,-2.956,36,0,0.000013
6083,..(.....)..((((....))))......((.......)).......(((....)))............(....).,11,-2.956,29,0,0.000013
6084,...........((......))(((....))).......(....)...(((....)))..((.(.(...).)..)).,13,-2.956,28,0,0.000013
6085,......(((.(((......))).)).)..((.......)).......(((....)))............(....).,12,-2.956,17,0,0.000013
6086,.......((.((........)).))............(((.(.....(((....))).........).))).....,11,-2.956,12,0,0.000013
6087,.......((.(((......))).))......((..........))...((....))...((.(.(...).)..)).,13,-2.956,22,0,0.000013
6088,.......((.(((......))).)).....(((((..(.........(((....)))............)))))).,14,-2.956,7,0,0.000013
6089,...........(((((((..((((....))).......)..))))))).(....).....................,12,-2.955,42,0,0.000013
6090,.......((.(((......))).)).............((......))..((....((......)).......)).,11,-2.955,26,0,0.000013
6091,...........(((......))).......(((.(((.((......))..))).)))..........(.....)..,12,-2.955,40,0,0.000013
6092,.......((.(((......))).)).....((((....((......)).((.....((......))..)).)))).,15,-2.955,17,0,0.000013
6093,.......((.(((......))).)).............(....)...((......))...................,8,-2.955,17,0,0.000013
6094,.......((.(((......))).))..((((.......)))).(...(((....)))).......(........).,14,-2.955,22,0,0.000013
6095,..........(((......))).....((((.......)))).....(((....)))..(........).......,11,-2.955,24,0,0.000013
6096,.......((.(((......)))...))....((.((....)).))..(((....))).....(.(...).).....,14,-2.954,28,0,0.000013
6097,.....(.((.(((......))).)).)((((.......)))).....(((....)))..(.((.(...).))..).,17,-2.954,25,0,0.000013
6098,...........(((......)))....((((.......)))).....(((....)))...(.....).........,11,-2.954,33,0,0.000013
6099,.......((..((((....))))..))((((.......)))).....(((....)))..(.((.(...).))..).,17,-2.954,38,0,0.000013
6100,.......((.(((......))).))...(((.......)))......((......)).....(.(...).).....,12,-2.954,21,0,0.000013
6101,..........(((......))).....(((.........))).(((((((....)))........)))).......,13,-2.954,30,0,0.000013
6102,.......((.(((.....).)).))......((.((....)).))..(((....))).....(.(...).).....,14,-2.954,25,0,0.000013
6103,......((((.((((....))))....((((.......))))....((((....)))..)..))))..........,16,-2.954,40,0,0.000013
6104,.......((.(((......))).)).....((...))..........(((....)))..((.((.......)))).,14,-2.954,20,0,0.000013
6105,.......((.(((......))).)).............((.........))..............(........).,8,-2.954,22,0,0.000013
6106,.........(.....).....(((....))).......(....)...(((....)))..((............)).,10,-2.954,32,0,0.000013
6107,.......((.(((......))).))..((((.......))))....((((....)))....).....((...))..,15,-2.954,22,0,0.000013
6108,...(((.((.((........))...))...)))....(((.......(((....)))...........))).....,13,-2.954,19,0,0.000013
6109,.......((.(((......))).))....((.......)).......(((....))).......(..(.....)).,12,-2.954,17,0,0.000013
6110,.......((.(((......))).))...(((.......))).....((((....)))............)......,12,-2.953,18,0,0.000013
6111,.......((.(((......))).)).....((((....(....)..((....................)).)))).,12,-2.953,14,0,0.000013
6112,.......((..(((......)))..))................(((((((....)))........)))).......,12,-2.953,35,0,0.000013
6113,.......((..(((......)))..))..((.......)).......(((....))).......(...).......,11,-2.953,30,0,0.000013
6114,.......((.(((......))).)).....(((((.(((....)...(((....))).......))....))))).,16,-2.953,11,0,0.000013
6115,..((...))..((((....)))).......((((...(((...((..(((....)))....)).....))))))).,18,-2.953,19,0,0.000013
6116,.......((.(((......))).))....((((.((....)).)).)).....................(....).,12,-2.953,28,0,0.000013
6117,.......((.(((......))).))..((((.......))))..............((.(........))).....,12,-2.952,27,0,0.000013
6118,.......((.(((......))).)).......(......)...(((((((....)))........))))(....).,14,-2.952,21,0,0.000013
6119,..........(((......))).(...)..((((...(((.......(((....)))...........))))))).,14,-2.952,5,0,0.000013
6120,.......((.(((......))).)).(.....)....(((...((..(((....)))....)).....))).....,14,-2.952,13,0,0.000013
6121,...(((.((.(((......))).)).....)))...............((....))...((.(.(...).)..)).,14,-2.952,23,0,0.000013
6122,.......(((((((((((...(((....)))..........)))))))........)))).........(....).,15,-2.952,48,0,0.000013
6123,...(((.....((((....)))).......))).....(....)...(((....))).....(.(...).).....,13,-2.951,33,0,0.000013
6124,.......((.(((......))).)).............((......)).........((..(......)..))...,10,-2.951,24,0,0.000013
6125,...........((((....))))...............(....)...(((....)))..(.((.(...).))..).,12,-2.951,32,0,0.000013
6126,.......((.(((......))).))....((.......))........((....))............(...)...,10,-2.951,17,0,0.000013
6127,.......((((...((((.((......((((.......)))).......)).))))))))................,14,-2.951,46,0,0.000013
6128,.......((.((........)).)).(.....)..............(((....)))...................,8,-2.951,17,0,0.000013
6129,..(.((....(((......)))..)).)...((.((....)).))..(((....)))...................,13,-2.951,29,0,0.000013
6130,..........(((......)))...(.((((.......))))..)..(((....)))..(..............).,12,-2.951,26,0,0.000013
6131,.....(......)........(((....)))......(((.......(((....)))...........))).....,10,-2.951,22,0,0.000013
6132,..........(((......))).........((..........))..(((....)))..((.(.(...).)..)).,12,-2.951,24,0,0.000013
6133,.......((.(((......))).))...(((.......))).......((....))......(.(...))......,12,-2.951,21,0,0.000013
6134,.......((.(((......))).)).......(.((....)).)...(((....)))..((.(.......)..)).,14,-2.951,22,0,0.000013
6135,...(((.((.(((......)))...))...))).....((.........)).........................,10,-2.951,30,0,0.000013
6136,.......((.(((......))).)).(.....)..........((((..................)))).......,10,-2.951,28,0,0.000013
6137,...(((.((..(((......)))..))...))).....(....)...(((....)))..........(.....)..,13,-2.951,33,0,0.000013
6138,..(.....)..((((....))))...........((....)).....(((....)))...................,10,-2.95,32,0,0.000013
6139,...........(((......))).......((((...(((....(((..................)))))))))).,13,-2.95,24,0,0.000013
6140,......(((.(((......))).)).).......((....)).....(((....)))...................,11,-2.95,20,0,0.000013
6141,..........(((......)))....((...)).....(....)...(((....)))...(.(......).)....,11,-2.95,23,0,0.000013
6142,..(.....)............(((....)))...((....)).....(((....))).....(.(...).).....,11,-2.95,34,0,0.000013
6143,.......((.(((......))).))...(((((.((....)).)).)))(....).....................,13,-2.95,27,0,0.000013
6144,...(((.((.(((......))).)).....))).....((.........)).............(...).......,11,-2.95,25,0,0.000013
6145,.......((.(((......))).)).((...))...(......)...(((....)))...................,11,-2.95,18,0,0.000013
6146,...........(((......)))..(.((((.......))))..)..(((....)))..........(.....)..,12,-2.95,34,0,0.000013
6147,...(((.((.(((......))).)).....))).....((......)).(....).((......))..........,13,-2.95,25,0,0.000013
6148,.......((..(((......)))..))..((.......)).......(((....)))...(.(.(...)).)....,13,-2.95,32,0,0.000013
6149,.......((.(((......))).))....((.......))......(..((.................))..)...,10,-2.949,23,0,0.000013
6150,..((...))..((((....))))........................(((....)))..((.(.(...).)..)).,13,-2.949,33,0,0.000013
6151,......(...(((......)))..).....((((.............(((....)))..............)))).,11,-2.949,11,0,0.000013
6152,.......((.(((......))).))....((.......))...(...(((....)))).........((...))..,13,-2.949,18,0,0.000013
6153,..(.....).(((......)))........(((.(((.((......))..))).))).....(.(...).).....,14,-2.949,34,0,0.000013
6154,.....(....(((......)))..)..((((.......)))).....(((....)))...................,11,-2.949,24,0,0.000013
6155,.......((.(((......))).)).......(...((.....(((((((....)))........)))))).)...,15,-2.949,20,0,0.000013
6156,..(.....)..(((......))).......((((...(((........((....))............))))))).,13,-2.949,15,0,0.000013
6157,.......((.(((......))).)).........((....)).....(((....)))..((.(.........))).,13,-2.949,21,0,0.000013
6158,...........(((((((.(((((....))).......)).)))))))......((((......)).)).......,16,-2.948,48,0,0.000013
6159,...........(((......)))......((.......)).......(((....)))........(........).,9,-2.948,28,0,0.000013
6160,...........(((......))).......((((...(((.........(....).((......))..))))))).,13,-2.948,19,0,0.000013
6161,.......((.(((......))).))............(((.......(((....))).....).))..........,11,-2.948,17,0,0.000013
6162,.......((.(((......))).))..((((.......)))).....(((....)).)..(.(......).)....,14,-2.948,24,0,0.000013
6163,.......((.(((......))).)).....(((.(((.((......))..))).)))(............).....,14,-2.948,28,0,0.000013
6164,...(((.((..((........))..))...)))..............(((....)))..((.(.(...).)..)).,14,-2.948,34,0,0.000013
6165,..(.....)..((((....))))........................(((....))).......(...).......,9,-2.948,29,0,0.000013
6166,.........(.....).....(((....)))...((....)).(((((((....)))........)))).......,13,-2.947,40,0,0.000013
6167,......(((.(((......))).)).)....................(((....))).......(...).......,10,-2.947,17,0,0.000013
6168,...((.....)).........(((....)))................(((....)))...(.(......).)....,10,-2.947,31,0,0.000013
6169,..........(((......))).......((.......)).......(((....)))...........(...)...,9,-2.946,19,0,0.000013
6170,.......((.(((.(...)))).)).....(((((.((.........(((....))).......))....))))).,16,-2.946,12,0,0.000013
6171,.......((.(((......))).)).....(((...((.........(((....))).......))......))).,13,-2.946,11,0,0.000013
6172,.......((.(((......))).)).....(.....)..........(((....))).............(...).,10,-2.946,15,0,0.000013
6173,.......((.(((.(...)))).))......................(((....))).....((.......))...,11,-2.946,18,0,0.000013
6174,..........(((......)))......(((.......)))......(((....))).....(.(...))......,11,-2.946,23,0,0.000013
6175,.......((.(((......))).)).....((((...((....(...(((....))))......)).....)))).,15,-2.946,10,0,0.000013
6176,.......((.(((......))).))....((......((........(((....))).......))..))......,12,-2.946,17,0,0.000013
6177,.......((.(((......))).)).......(.((....)).)...(((......................))).,11,-2.946,25,0,0.000013
6178,.......(((((((((((..((((....))).......)..)))))))((....))))))................,17,-2.946,44,0,0.000013
6179,...(((.((.(((......))).)).....))).....((.........)).........(.(.(...)).)....,13,-2.946,27,0,0.000013
6180,.......((.(((......))).))......((..........))...............................,7,-2.946,22,0,0.000013
6181,.....(.((.(((......))).)).)....((..........))..(((....)))...................,11,-2.946,18,0,0.000013
6182,.......((.((........)).))..((((.......)))).....(((......((......))......))).,13,-2.946,30,0,0.000013
6183,.......((..((((....))))..))....((..........))..(((....)))...................,11,-2.946,31,0,0.000013
6184,...(((.......(((....))).......)))....(((.......(((....)))...........))).....,12,-2.946,25,0,0.000013
6185,.......((.(((......))).))..((((.......)))).((..(((....)))....))....((...))..,16,-2.946,24,0,0.000013
6186,...........(.(((....))).)......((.((....)).))..(((....)))...................,11,-2.945,34,0,0.000013
6187,.......((.(((......))).))....((.......)).....((.......))......(.(...).).....,11,-2.945,25,0,0.000013
6188,.......((.((..(...).)).))..((((.......)))).....(((....)))..((.(.(...).)..)).,16,-2.945,27,0,0.000013
6189,.......((.(((......))).)).(.....).((....)).....(((....)))..((.(.(...).)..)).,15,-2.945,23,0,0.000013
6190,..((...))..(((......))).......((((...(((....(..(((....))).).........))))))).,16,-2.945,16,0,0.000013
6191,.......((((...((((.((((....((((.......))))....)).)).)))))))).......((...))..,18,-2.945,49,0,0.000013
6192,...(((.((.(((......))).)).....)))....(.....)...(((....)))..((............)).,14,-2.945,20,0,0.000013
6193,.......((.(((......))).))....(.........).......(((....))).....(......)......,10,-2.945,16,0,0.000013
6194,.....................(((....)))......(((........((....))((......))..))).....,10,-2.945,26,0,0.000013
6195,.......((.(((......))).)).......(......)......((((....)))..)..(.(...).).....,12,-2.945,18,0,0.000013
6196,.......((.(((......))).))....(.........)......((((....)))..)................,10,-2.944,17,0,0.000013
6197,..............((....))......(((.......)))......(((....)))...................,8,-2.944,29,0,0.000013
6198,.......((((...(((..((((....((((.......))))....)).))..)))))))..((.......))...,17,-2.944,48,0,0.000013
6199,...........((........)).......((((...(((........((....))............))))))).,11,-2.944,13,0,0.000013
6200,.......((.(((......))).)).(((((.......)))....))(((....))).......(...).......,14,-2.944,22,0,0.000013
6201,..(.....)..((((....))))........................(((....)))...(.(.(...)).)....,11,-2.944,31,0,0.000013
6202,..(.((....(((......)))..)).).((.......)).......(((....))).....(.(...).).....,13,-2.944,26,0,0.000013
6203,...(((.((.(((......))).)).....))).....((......))...........((............)).,12,-2.944,26,0,0.000013
6204,......(((.(((......))).)).)....................(((....)))...(.(.(...)).)....,12,-2.944,19,0,0.000013
6205,.......((.(((......))).)).............((......))..((...)).....(.(...).).....,11,-2.944,25,0,0.000013
6206,...........((((....))))....((((.......)))).....(((....)))..((.(.........))).,14,-2.944,35,0,0.000013
6207,.......((.(((......))).)).....((((...(((..(.(..(((....)))...).....).))))))).,17,-2.944,4,0,0.000013
6208,.......((.(((......))).))...(((.......)))..((.((((....)))..).)).............,14,-2.943,23,0,0.000013
6209,.......((.(((......))).))....(.........).......(((....)))..((...(...)....)).,12,-2.943,18,0,0.000013
6210,.......((.(((.(...)))).))..(((.........))).....(((....)))...................,12,-2.943,21,0,0.000013
6211,...((.....)).........(((....))).......(....)...(((....)))..((.(.(...).)..)).,13,-2.943,34,0,0.000013
6212,..(.....)..((((....)))).......(((.(((.((......))..))).))).....((.......))...,15,-2.943,43,0,0.000013
6213,.......((.(((......))).)).....((((.........(..((((....)))..)..)........)))).,14,-2.943,10,0,0.000013
6214,..(.....)..((((....))))..............(((....((((((....)))........)))))).....,14,-2.943,28,0,0.000013
6215,......(((.(((......))).)).)...(((.(((.((......))..))).))).....((.......))...,16,-2.943,31,0,0.000013
6216,.......((.(((......))).)).....((((((........(..(((....)))..).........)))))).,15,-2.943,10,0,0.000013
6217,..(.....).(((......)))...(.((((.......))))..)..(((....))).....(.(...).).....,14,-2.943,28,0,0.000013
6218,......(((.(((......))).)).)..........(((....((((((....)))........)))))).....,15,-2.943,16,0,0.000013
6219,...(((.((.(((......))).)).....)))....(((....(..(((....)))...).......))).....,15,-2.943,13,0,0.000013
6220,...........((((....)))).......((((...(((.....((.......))((......))..))))))).,15,-2.943,24,0,0.000013
6221,.......(..(((......)))..).....((((...(((........((....))((......))..))))))).,15,-2.943,7,0,0.000013
6222,...(((....(((......)))........))).....(....)...(((....)))............(....).,11,-2.943,22,0,0.000013
6223,..((...))...(.....)..(((....)))......(((.......(((....)))...........))).....,12,-2.942,24,0,0.000013
6224,.......((.(((......))).))..(((.........)))...(((.((.....((......))..)).)))..,15,-2.942,31,0,0.000013
6225,.......(..(((......)))..)....((.......)).......(((....)))..((............)).,11,-2.942,19,0,0.000013
6226,.......(..(((......)))..)...(((.......)))......(((....)))...(.(......).)....,12,-2.942,21,0,0.000013
6227,.......((.(((......))).)).......(......).........((.................))......,8,-2.942,21,0,0.000013
6228,.......((.(((......))).))............(((.........(....).............))).....,9,-2.942,12,0,0.000013
6229,.......((.(((......))).))..((((.......)))).....((......)).....((.......))...,13,-2.942,23,0,0.000013
6230,...(((.((.(((......))).)).....)))...........................................,8,-2.942,23,0,0.000013
6231,.......((.((........)).)).............(....)...(((....)))..((............)).,10,-2.942,19,0,0.000013
6232,...........(((......)))....((((.......)))).....(((....))).....(.......).....,11,-2.942,32,0,0.000013
6233,.......((.(((......))).))............((........(((....)))............)).....,10,-2.942,10,0,0.000013
6234,.......((.(((......))).))....((.......))......((((....)))..)..........(...).,12,-2.942,17,0,0.000013
6235,.......((.(((......))).)).....(((((.((.....(...(((....))))......))....))))).,16,-2.942,12,0,0.000013
6236,.......((.(((......))).)).....((...))...........((....))....................,9,-2.942,18,0,0.000013
6237,.......((.(((......))).))......(...)...........(((....)))...................,9,-2.942,15,0,0.000013
6238,.......((((..(..(((..((....((((.......))))....))..))).).))))................,14,-2.942,48,0,0.000013
6239,...........((((....))))..............(((......((((....)))..)........))).....,11,-2.942,23,0,0.000013
6240,......((..((.((((....(((....)))......(.....)...(((....)))...)))).))..)).....,15,-2.941,39,0,0.000013
6241,.......(((((((((((...((.(...........).)).)))))))........))))................,14,-2.941,47,0,0.000013
6242,.......((.(((......))).))..((((.......)))).....((((.....((.(........))))))).,16,-2.941,28,0,0.000013
6243,.......((.(((......))).))..((((((.((....)).))....))))......((.(.(...).)..)).,17,-2.941,36,0,0.000013
6244,.......(((((((((((...((..(.........)..)).)))))))........))))................,14,-2.941,48,0,0.000013
6245,.......(((.(((((((.(((((....))).......)).)))))))((....)).)))................,17,-2.941,44,0,0.000013
6246,...(((.((..((((....))))..))...))).....((.........))...........(.(...).).....,13,-2.941,41,0,0.000013
6247,..(.....)..((......))(((....)))................(((....)))...................,9,-2.941,24,0,0.000013
6248,..(.((....(((......)))..)).)..(((.(((.((......))..))).))).....(.(...).).....,16,-2.941,38,0,0.000013
6249,.......((.(((......))).)).(((((.......)))....))(((....)))...(.(.(...)).)....,16,-2.941,24,0,0.000013
6250,.......((.(((.(...)))).))..((((.......)))).....(((....))).............(...).,14,-2.941,21,0,0.000013
6251,.......((.(((......))).))..((((.......)))).....(((..........(.(.(...)).)))).,15,-2.94,28,0,0.000013
6252,...........((((....))))......((.......)).......(((....)))....(............).,10,-2.94,29,0,0.000013
6253,..(.((.(..(((......)))).)).)..((((...(((.......(((....)))...........))))))).,17,-2.94,10,0,0.000013
6254,.......((.(((......))).)).............(....)...(((....)))..(.((.......))..).,12,-2.94,18,0,0.000013
6255,.......((.(((......))).)).............(....(((((((....)))........)))))......,13,-2.94,19,0,0.000013
6256,..((...))..(..((....))..).....((((...(((.......(((....)))...........))))))).,15,-2.939,14,0,0.000013
6257,.......((.((........)).))..((((.......)))).......(....).....................,9,-2.939,25,0,0.000013
6258,.......((.(((......))).)).........((.....)).....((....))......(.(...).).....,11,-2.939,22,0,0.000013
6259,.....................(((....)))...((.....))....(((....)))...(.(......).)....,10,-2.939,33,0,0.000013
6260,.......((.(((......))).))..((((.......))))....(.((....))...).......((...))..,14,-2.939,24,0,0.000013
6261,.......((.(((......))).))......((..........))....(....).......(.(...).).....,10,-2.939,22,0,0.000013
6262,...(((.((.(((......))).)).....))).((.....))....(((....)))..((.(.(...).)..)).,17,-2.939,25,0,0.000013
6263,..(.....)..(((......))).......((((...(((......((((....)))....)......))))))).,15,-2.939,15,0,0.000013
6264,..((...))............(((....)))................(((....)))..((............)).,10,-2.938,31,0,0.000013
6265,.......((.(((......))).)).......(.((....)).)..((....................))......,10,-2.938,26,0,0.000013
6266,...........((((....)))).......((((....((.(.....(((....))).........).)).)))).,14,-2.938,17,0,0.000013
6267,.......((.(((......))).)).......(.((....)).)...((((....................)))).,12,-2.938,26,0,0.000013
6268,...(((.((..(((......)))..))...)))....(((..(....(((....))).........).))).....,15,-2.938,27,0,0.000013
6269,.......((.(((......))).))...(((.......)))......(((....)))..((.....(.....))).,14,-2.938,20,0,0.000013
6270,.......((.(((......))).))...(((.......))).......((....))...((.((.......)))).,14,-2.938,23,0,0.000013
6271,.......((.(((......))).)).....((((...(((....(...((....)).....)......))))))).,15,-2.938,4,0,0.000013
6272,..(.....)..((((....))))..(.((((.......))))..)..(((....))).....((.......))...,15,-2.937,37,0,0.000013
6273,.......((.(((......))).))...(((.......)))......(((....)))....(..(...).....).,13,-2.937,19,0,0.000013
6274,.......((.(((......))).))......((.(((.((......))..))).))......(......)......,13,-2.937,28,0,0.000013
6275,.......((.(((......))).)).....(((.(((.((......))..))).)))..(.(....).).......,15,-2.937,30,0,0.000013
6276,.......((.(((......))).))......((.(.....)..))..(((....))).....(.(...))......,13,-2.937,20,0,0.000013
6277,..........(((......)))........((...))..........(((....)))...................,8,-2.937,20,0,0.000013
6278,..(.....)..((((....))))........((.((....)).))..(((....)))..((.(.(...).)..)).,16,-2.937,38,0,0.000013
6279,......(((.(((......))).)).)....((.((....)).))..(((....)))..((.(.(...).)..)).,17,-2.936,26,0,0.000013
6280,.......((.(((......))).))....(.........).......(((....))).....(.........)...,10,-2.936,16,0,0.000013
6281,.......((.((........)).)).....(((((((.((......))..)))..................)))).,13,-2.936,21,0,0.000013
6282,.......((.(((......))).)).......((...(((............................)))))...,10,-2.936,10,0,0.000013
6283,..(.....).(((......)))......(((.......)))..(((((((....)))........)))).......,14,-2.936,29,0,0.000013
6284,...(...)...((((....)))).......((((...(((....((((((....)))........)))))))))).,18,-2.936,20,0,0.000013
6285,.......((.(((......))).))......((.(((.((......))..))).))...((...(...)....)).,15,-2.936,30,0,0.000013
6286,.......((.(((......))).))...(((.......))).....................((.......))...,10,-2.936,25,0,0.000013
6287,..(.((..(.(((......))).))).).((.......)).......(((....)))...................,12,-2.936,22,0,0.000013
6288,.......((.(((......))).)).(.....).....(....)...(((....))).............(...).,11,-2.936,16,0,0.000013
6289,........(.(((......))).)....(((.......)))......(((....)))..((.(.(...).)..)).,14,-2.936,23,0,0.000013
6290,..((...))..((((....))))....((((.......)))).....(((....)))........(........).,14,-2.935,35,0,0.000013
6291,.......((.(((......))).)).....((...)).(....)...(((....)))............(....).,12,-2.935,17,0,0.000013
6292,.......((.(((......))).))...(((.......))).....((.(...............)..))......,11,-2.935,25,0,0.000013
6293,...........(((((((.(((((....))).......)).)))))))..(.....)...................,13,-2.935,45,0,0.000013
6294,.......((.((........)).)).........((....)).(((((((....)))........)))).......,13,-2.935,27,0,0.000013
6295,.....................(((....)))..............(((((....)))........)).........,8,-2.935,31,0,0.000013
6296,...........(.(((....))).).....(((.(((.((......))..))).))).....(.(...).).....,14,-2.935,43,0,0.000013
6297,...........((((....))))................((..(((((((....)))........))))....)).,13,-2.935,35,0,0.000013
6298,...........(((......))).......((((...((((......(((....))).........).))))))).,14,-2.935,14,0,0.000013
6299,...........(((......))).......((((...(((....(..(((....)))....)......))))))).,14,-2.935,14,0,0.000013
6300,.......((.(((......))).))...(((.......)))....(((.((.(...((......))).)).)))..,16,-2.935,31,0,0.000013
6301,.......((.(((......))).))..((((.......)))).....(((.(..((((......)).))..)))).,17,-2.935,30,0,0.000013
6302,.......((.(((......))).))....((.(.((....)).)..))((....))....................,12,-2.935,23,0,0.000013
6303,.......((.(((......))).))...(..(((...(((.......(((....)))...........)))))).),15,-2.935,4,0,0.000013
6304,...(((.((.(((......))).)).....)))................(....).......(.(...).).....,11,-2.935,23,0,0.000013
6305,.......((.(((......))).))..((((.......))))....((.((.(...((......))).)).))...,16,-2.934,32,0,0.000013
6306,.......((..((......))..))....((.......)).......(((....)))...(.(......).)....,11,-2.934,19,0,0.000013
6307,..........(((......)))............((.....))....(((....))).....(.(...).).....,10,-2.934,24,0,0.000013
6308,...........(((......)))........((.((....)).))..(((....)))..((............)).,12,-2.934,34,0,0.000013
6309,...........((........)).......((((...(((......((((....)))....)......))))))).,13,-2.934,13,0,0.000013
6310,.......((.(((......))).)).........((....))......((....))........(...).......,10,-2.934,21,0,0.000013
6311,......((((.((((((..........((((.......)))))))))).(....).......))))..........,15,-2.934,48,0,0.000013
6312,......((((.(((((((..........(((.......)))))))))).(....).......))))..........,15,-2.934,48,0,0.000013
6313,.......((.(((......))).)).((...)).....((.........))...........(.(...).).....,11,-2.934,25,0,0.000013
6314,...................(....).....((((.............(((....)))..............)))).,8,-2.934,16,0,0.000013
6315,.......((.(((......))).))..((((.......)))).....(((....)))((...(......).))...,15,-2.934,22,0,0.000013
6316,.......((.(((......))).)).............(....)...(((....)))...(.(.(...).))....,12,-2.934,18,0,0.000013
6317,..(.....).(((......)))....(.....)....(((.......(((....)))...........))).....,11,-2.934,14,0,0.000013
6318,.......((.(((......))).)).........((....)).(((((((....)))........)))).(...).,15,-2.933,25,0,0.000013
6319,.......((.(((......))).)).(.....)..............(((....)))....(............).,10,-2.933,16,0,0.000013
6320,.......((.(((......))).)).....(((.(((.((......))..)))...((...........)).))).,15,-2.933,22,0,0.000013
6321,.......((.(((......))).)..)...((((...(((.......(((....)))...........))))))).,15,-2.933,3,0,0.000013
6322,.......((.((........)).)).....(((....((....(((((((....)))........)))))).))).,16,-2.933,13,0,0.000013
6323,.........((.......)).(((....)))................(((....)))..((............)).,10,-2.933,31,0,0.000013
6324,......(...(((......)))..)...(((.......)))......(((....)))...................,10,-2.933,22,0,0.000013
6325,..........(((......)))......(((.......)))......(((....)))..((.((.......)))).,13,-2.933,25,0,0.000013
6326,.......((.(((......))).))...(((.......)))........(....)............(.....)..,10,-2.933,22,0,0.000013
6327,.......((.(((......))).)).....((((...(((.(.((.(.((....))...).))...).))))))).,18,-2.933,10,0,0.000013
6328,.......((((....(((.((......((((.......)))).......)).))).))))................,13,-2.933,45,0,0.000013
6329,.......((.(((......))).)).......(.((....)).)............((......))..........,10,-2.933,28,0,0.000013
6330,..(.((..(.(((......))).))).)..(((.(((.((......))..))).)))...................,15,-2.933,34,0,0.000013
6331,..........(((......)))........(((.(((.((......))..))).))).....(......)......,12,-2.933,32,0,0.000013
6332,......((((.(((((((..((((....))).......)..)))))))((....))......))))..........,17,-2.933,46,0,0.000013
6333,.......(((((((((((.(((((....))).......)).)))))))........))))........(...)...,17,-2.933,48,0,0.000013
6334,.......((.((........)).)).....((((...(((......((((....))).......)...))))))).,15,-2.932,4,0,0.000013
6335,.......((.(((......))).)).(.....)....(.....)...(((....)))..((.(.(...).)..)).,14,-2.932,20,0,0.000013
6336,.......((.(((......))).))....((((.(((.((......))..))).)))..).......((...))..,16,-2.932,30,0,0.000013
6337,.......(((((((((((..(((......)).......)..)))))))........))))................,14,-2.932,47,0,0.000013
6338,.......((.(((......))).)).....(((....((..(.....(((....))).........)..)).))).,14,-2.932,6,0,0.000013
6339,...(...)...((((....)))).......(((....(((.......(((....)))...........))).))).,14,-2.932,16,0,0.000013
6340,.......((.(((......))).))....((.......)).........(....).((......))...(....).,11,-2.932,22,0,0.000013
6341,...(((.((..((((....))))..))...)))....(((...((..(((....)))....)).....))).....,17,-2.931,30,0,0.000013
6342,..........(((......)))........(((.(((.((......))..))).)))..((...(...)....)).,14,-2.931,34,0,0.000013
6343,.......((.(((......))).)).....(((.(((.((......))..))).)))((...(.(...).)))...,17,-2.931,31,0,0.000013
6344,.......((.(((......))).))...(((.......)))......(((....))).(..((.(...).)).)..,15,-2.931,21,0,0.000013
6345,.......((.(((......))).)).(.....).....((......))...........((.(.(...).)..)).,12,-2.931,26,0,0.000013
6346,.......((.(((......))).)).....((...))..........(((....))).......(.........).,11,-2.931,17,0,0.000013
6347,.......((.(((......))).)).....(((..((.............))..)))...................,10,-2.931,24,0,0.000013
6348,.......((.(((......))).)).....(((....(((..........((...))...........))).))).,13,-2.931,10,0,0.000013
6349,.......((.(((......))).)).(.........)..........(((....))).....(.(...).).....,11,-2.931,18,0,0.000013
6350,.....((((.(((......))).))..((((.......)))).(((((((....)))........)))))).....,18,-2.931,28,0,0.000013
6351,........(.(((.(...)))).)......((((...(((.......(((....)))...........))))))).,15,-2.931,4,0,0.000013
6352,.......((.(((......))).))....((.......))...(..((.((.................)).)).).,12,-2.931,24,0,0.000013
6353,.......((.(((......))).)).........((....))......((....))....(.(.(...)).)....,12,-2.93,23,0,0.000013
6354,.......((.(((......))).))...((.........))......(((....)))........(........).,11,-2.93,18,0,0.000013
6355,...(((.((..((((....))))..))...)))..........((((..................)))).......,13,-2.93,45,0,0.000013
6356,...........(((((((...((...............)).)))))))................(...).......,10,-2.93,43,0,0.000013
6357,.......((.(((......))).)).....(((..((.((......))..))..))).............(...).,13,-2.93,25,0,0.000013
6358,.......((.(((......))).)).......(....(((....((((((....)))........)))))).)...,15,-2.929,12,0,0.000013
6359,.......((.(((......))).)).............(....).....(....).......((.......))...,9,-2.929,21,0,0.000013
6360,..........(((......)))............((....)).....(((....))).......(...).......,9,-2.929,23,0,0.000013
6361,...........((((....))))....((((.......))))......((....))........(...).......,11,-2.929,35,0,0.000013
6362,.......((.(((......))).))......((.((....)).))..(((....)))......(.......)....,13,-2.929,21,0,0.000013
6363,.......((.(((......))).))......((.(((.((......))..))).))......(.........)...,13,-2.929,28,0,0.000013
6364,.......(..(((......)))..)......(((...(((.......(((....)))...........))))))..,13,-2.929,4,0,0.000013
6365,.......((.(((......))).))......((.(((.((......))..))).)).(......)...........,13,-2.929,29,0,0.000013
6366,...........((((....))))....((((.......)))).(((((((....)))........)))).(...).,16,-2.929,39,0,0.000013
6367,...........(((......)))...........((.....))....(((....)))...................,8,-2.929,30,0,0.000013
6368,.....................(((....)))................(((....)))...(.....).........,7,-2.929,29,0,0.000013
6369,..........(((......))).....((((.......))))......((....))((......))..........,11,-2.928,28,0,0.000013
6370,.......((.(((......))).))........((........))..(((....)))...................,10,-2.928,17,0,0.000013
6371,.......((.(((.....).)).))...(((.......)))......(((....)))..((.(.(...).)..)).,15,-2.928,24,0,0.000013
6372,..........(((......)))....(.....)..............(((....))).....((.......))...,9,-2.928,21,0,0.000013
6373,.......((.(((......))).)).......(.(((.((......))..))).)..((............))...,13,-2.928,29,0,0.000013
6374,.......((.(((......))).)).............(....)...(((....)))..((..(.......).)).,12,-2.927,18,0,0.000013
6375,.......((.(((......))).))......((.(......).))..(((....)))..........(.....)..,12,-2.927,19,0,0.000013
6376,..........(((......)))...(.((((.......))))..)..(((....))).....(......)......,12,-2.927,26,0,0.000013
6377,.......((((....(((.((((....((((.......))))....)).)).))).)))).......((...))..,17,-2.927,48,0,0.000013
6378,.......((.(((......))).)).....((((.............(((....)).).............)))).,12,-2.927,9,0,0.000013
6379,.......((.(((......))).)).....(((((..((.........................))....))))).,12,-2.927,15,0,0.000013
6380,.......((.(((......))).))..((((.......))))......((....))...........(...)....,12,-2.926,22,0,0.000013
6381,.......((.(((......))).))..((((.......(....).....))))...((...........)).....,12,-2.926,28,0,0.000013
6382,.......((((....((..((((....((((.......))))....)).))..)).))))..((.......))...,16,-2.926,47,0,0.000013
6383,.......((.(((......))).))..((((.......))))..(..(((....))).).(.(.(...)).)....,16,-2.926,24,0,0.000013
6384,.......((..(((......)))..))...(((((...((.......(((....)))...........))))))).,15,-2.926,17,0,0.000013
6385,..(.....)..(((((((...((...............)).)))))))........((......))..........,12,-2.926,46,0,0.000013
6386,..((...)).(((......)))........((((...(((....(..(((....)))..)........))))))).,16,-2.926,8,0,0.000013
6387,.......(((((((((((.((.((..(.....)..)).)).)))))))........))))..(.(...).).....,18,-2.926,51,0,0.000013
6388,...........(((((((...((...............)).)))))))............(.(.(...)).)....,12,-2.926,45,0,0.000013
6389,.......((.((..(...).)).)).....((((...(((.(.....(((....))).........).))))))).,16,-2.926,6,0,0.000013
6390,.......((.(((......))).)).........((....)).......(....).((......))..........,10,-2.926,25,0,0.000013
6391,...........((((....)))).......((((...(((..(.(...................).).))))))).,13,-2.926,23,0,0.000013
6392,..........(((......)))............((....)).....(((....)))...(.(.(...)).)....,11,-2.926,25,0,0.000013
6393,...........(((......))).......((((..((.........(((....)))............)))))).,12,-2.926,19,0,0.000013
6394,...........((((....))))....((((.......))))......((....))....(.(.(...)).)....,13,-2.926,37,0,0.000013
6395,.......((.(((......))).)).....(((.....((......))......)))...(.(......).)....,12,-2.926,23,0,0.000013
6396,.......((.(((......))).))....(((...)..))...(((((((....)))........)))).......,15,-2.926,23,0,0.000013
6397,..........(((......)))...(.((((.......))))..)..(((....)))..((...(...)....)).,14,-2.926,28,0,0.000013
6398,.......((.(((......))).))............(((....(.((((....)))..).)......))).....,13,-2.925,12,0,0.000013
6399,...(((.((.(((......))).)).....)))....(((.......(((....)))(......)...))).....,15,-2.925,13,0,0.000013
6400,...........((((....))))......((.......)).......(((......((......))......))).,11,-2.925,37,0,0.000013
6401,.......((.(((......))).)).....((((..((.....((((..(...........)...)))))))))).,16,-2.925,21,0,0.000013
6402,...........((((....)))).........(..........)...(((....)))...................,8,-2.925,28,0,0.000013
6403,.......((.(((......))).)).(.....).....((......)).((.................))......,10,-2.925,23,0,0.000013
6404,...(((.((..((((....))))..))...))).((....)).....(((....)))..((.(.(...).)..)).,18,-2.925,40,0,0.000013
6405,.......((.(((......))).)).....(((....(((...(...(((....))).........).))).))).,15,-2.925,4,0,0.000013
6406,...((..((.(((......))).))......))....(((.......(((....)))...........))).....,13,-2.925,10,0,0.000013
6407,.......((.(((......))).))..((((.......))))........(.....).....(.(...).).....,12,-2.924,28,0,0.000013
6408,.......((.(((......))).)).((...))....(((...((..(((....)))....)).....))).....,15,-2.924,14,0,0.000013
6409,.......((.(((......))).)).....(((((...........((((....))).......).....))))).,14,-2.924,9,0,0.000013
6410,.......((.(((......))).))....((.......)).....((..................)).........,9,-2.924,25,0,0.000013
6411,..........(((......)))........(((.(((.((......))..))).))).....(.........)...,12,-2.924,32,0,0.000013
6412,.......((.(((......))).)).....((...))..........(((....)))..(..............).,11,-2.924,17,0,0.000013
6413,...........((((....))))..............(((........((....))............))).....,9,-2.924,23,0,0.000013
6414,.......((.(((......))).))......((.(.....)..))..(((....)))..((.((.......)))).,15,-2.924,22,0,0.000013
6415,.......((.((........)).)).((...))..............(((....)))...................,9,-2.924,18,0,0.000013
6416,........(.(((......))).)......((((.........(((((((....)))........))))..)))).,15,-2.924,15,0,0.000013
6417,...(((.((..(((......)))..))...)))....(((....(..(((....))).).........))).....,15,-2.924,27,0,0.000013
6418,.......((.(((.(...))))...))...((((...(((.......(((....)))...........))))))).,16,-2.923,8,0,0.000013
6419,...(((....(((......)))........))).((....)).....(((....)))...................,11,-2.923,25,0,0.000013
6420,.......((.(((......))).))...................................(.(......).)....,7,-2.923,22,0,0.000013
6421,.......((.(((......))).)).((...))..........((((..................)))).......,11,-2.923,29,0,0.000013
6422,.....(.((.(((......))).)).)....................(((....)))...(.(......).)....,11,-2.923,18,0,0.000013
6423,.......((..((((....))))..))....................(((....)))...(.(......).)....,11,-2.923,31,0,0.000013
6424,...........(((......)))......((.......)).....(((.((.................)).)))..,10,-2.923,36,0,0.000013
6425,.....................(((....))).......(....)...(((....))).....(((...)..))...,10,-2.923,31,0,0.000013
6426,.......((.(((......))).)).....(((((...........(.((....))...)..........))))).,13,-2.923,11,0,0.000013
6427,........(.(((......))).)..(.....)..............(((....)))...................,8,-2.923,17,0,0.000013
6428,...........((((....)))).....(((.......)))......(((....))).....(((...)..))...,13,-2.923,33,0,0.000013
6429,.......((.(((......))).))..((((..................))))..............(.....)..,10,-2.923,27,0,0.000013
6430,.......((.(((......))).))...(((.......)))......(((....)))(...........)......,12,-2.923,18,0,0.000013
6431,...........(.(((....))).)...(((.......)))..(((((((....)))........)))).......,14,-2.923,38,0,0.000013
6432,.......((..((((....))))))....((.......)).......(((....)))...................,11,-2.923,24,0,0.000013
6433,......(.(.(((......))).)..)..((.......)).......(((....)))...................,10,-2.922,19,0,0.000013
6434,.......((.(((......))).))......((.((....)).))..(((....)))...(.....)..(....).,14,-2.922,22,0,0.000013
6435,.......((.(((......))).))....((.......))......(............)................,8,-2.922,23,0,0.000013
6436,..........(((......))).....((((.......)))).....(((....)))..........(...)....,11,-2.922,24,0,0.000013
6437,..((...)).(((......)))........((((....((.......(((....)))...........)).)))).,14,-2.922,8,0,0.000013
6438,...........((((....)))).......(((.(((.............))).)))...................,10,-2.922,39,0,0.000013
6439,.......((.(((......))).))..((((.......)))).......(....)......(............).,11,-2.921,24,0,0.000013
6440,.....................(((....))).......((......)).(....).....................,6,-2.921,32,0,0.000013
6441,.......((.(((......))).)).....(((.((...............)).)))...(.(......).)....,12,-2.921,26,0,0.000013
6442,...........((((....))))....((((.......)))).......(....).((......))..........,11,-2.921,39,0,0.000013
6443,...(((.((..(((......)))..))...)))..............(((....)))........(........).,12,-2.921,32,0,0.000013
6444,...........((.(((........))).))............(((((((....)))........)))).......,12,-2.921,38,0,0.000013
6445,..........(((......)))......(((.......))).......((....))....................,8,-2.921,23,0,0.000013
6446,..(.....)............(((....)))...((.....))....(((....)))...................,9,-2.92,32,0,0.000013
6447,..((...........))....((......))......(((.......(((....)))...........))).....,10,-2.92,24,0,0.000013
6448,...........((((....)))).......(((.(((.((......))..))).))).............(...).,13,-2.92,40,0,0.000013
6449,..(.....).(....).....(((....)))......(((.......(((....)))...........))).....,11,-2.92,23,0,0.000013
6450,...........((......))((......))......(((.......(((....)))...........))).....,10,-2.92,16,0,0.000013
6451,.......((.(((......))).)).............(....)...............((.(.(...).)..)).,10,-2.92,25,0,0.000013
6452,.......((.(((......))).))........................(....)..............(....).,7,-2.92,18,0,0.000013
6453,.......((.(((......))).)).......(.((....)).)...(((....)))..(........).......,12,-2.92,20,0,0.000013
6454,.....(.((.(((......))).)).)...........(....)...(((....)))..((.(.(...).)..)).,14,-2.92,21,0,0.000013
6455,.......((..((((....))))..))...........(....)...(((....)))..((.(.(...).)..)).,14,-2.92,34,0,0.000013
6456,.....................(((....)))......(((..(.(.((((....)))....)..).).))).....,12,-2.919,27,0,0.000013
6457,..(.....)..((((....)))).......(((((..((........(((....))).......))....))))).,15,-2.919,23,0,0.000013
6458,.......((.(((......))).)).......(.(((.((......))..))).)....(.((.(...).))..).,15,-2.919,31,0,0.000013
6459,.......((.(((.(...)))).))......................(((....)))..((............)).,11,-2.919,18,0,0.000013
6460,.........(.((((((..(((((....))).......))..)))))).).........((.(.(...).)..)).,16,-2.919,47,0,0.000013
6461,......(((.(((......))).)).)...(((((..((........(((....))).......))....))))).,16,-2.919,11,0,0.000013
6462,......((..((.((((.............(((.(((.((......))..))).)))...)))).))..)).....,16,-2.919,48,0,0.000013
6463,.......((.(((......))).))......................(((....)))(.(........).).....,10,-2.919,16,0,0.000013
6464,...........((((....))))......((.......)).........(....).....................,7,-2.919,32,0,0.000013
6465,...........((((((..(((((....))).......))..))))))........((......))...(....).,14,-2.919,45,0,0.000013
6466,.......((.(((......))).))(.(((.........)))..)..(((....)))...................,12,-2.918,21,0,0.000013
6467,..........(((......)))...(.((((.......))))..)..(((....))).....(.........)...,12,-2.918,26,0,0.000013
6468,.......((.(((......))).)).(.....)..............(((......((......))......))).,11,-2.918,24,0,0.000013
6469,.......((.((........)).))..((((.......))))......((....))......(.(...).).....,12,-2.918,25,0,0.000013
6470,......((((....(((..((((..(.((((.......))))..).)).))..)))......))))..........,16,-2.918,50,0,0.000013
6471,.......((.(((......))).)).(((((((.(((.((......))..))).)))..))))..(........).,18,-2.918,36,0,0.000013
6472,...................(....)...(((.......)))......(((....)))...................,7,-2.918,27,0,0.000013
6473,...........((((....))))........((..........))..(((....)))...(.(......).)....,11,-2.918,31,0,0.000013
6474,.......((.(((......))).))..((((.(..............).))))...((......))...(....).,13,-2.918,29,0,0.000013
6475,.......((.(((......))).))......................(((....)))..((.(.(...)).)..).,12,-2.918,18,0,0.000013
6476,...........(((((((...(((....)))..........))))))).(....).....................,11,-2.918,42,0,0.000013
6477,.......((.(((......))).)).......((((.......(((((((....)))........))))))))...,16,-2.918,19,0,0.000013
6478,.......((.(((......))).)).((...)).((....)).....(((....)))..((.(.(...).)..)).,16,-2.918,24,0,0.000013
6479,.....(.((.(((......))).)).)...((((...(((...(...(((....))).....).....))))))).,17,-2.917,4,0,0.000013
6480,.......(..(((......)))..).....((((...(((..(.(.((((....)))....)..).).))))))).,17,-2.917,8,0,0.000013
6481,.......((..((((....))))..))...((((...(((...(...(((....))).....).....))))))).,17,-2.917,17,0,0.000013
6482,...........((((....))))..(.(((.........)))..)..(((....)))...................,11,-2.917,34,0,0.000013
6483,.........(.........).(((....)))......(((.......(((....)))...........))).....,10,-2.917,22,0,0.000013
6484,........(.(((......))).)......(((.(((.((......))..))).))).......(...).......,13,-2.917,30,0,0.000013
6485,.......((.(((......))).)).............(....).....(....).((...........)).....,9,-2.917,20,0,0.000013
6486,.......((.(((......))).)).....((((...(((......((.(....)..).)........))))))).,15,-2.917,7,0,0.000013
6487,.......((.(((......)))...))...((((.........(((((((....)))........))))..)))).,16,-2.917,19,0,0.000013
6488,.........(.((..((........))..)).).....(....)...(((....)))...................,9,-2.916,31,0,0.000013
6489,.......((.(((......))).)).....(((....(((..(.(.((((....)))..)....).).))).))).,17,-2.916,8,0,0.000013
6490,.......((.(((.....).)).)).....((((.........(((((((....)))........))))..)))).,16,-2.916,16,0,0.000013
6491,..(.....)..((((....)))).......(((.(((.((......))..))).)))..((............)).,15,-2.916,43,0,0.000013
6492,......(((.(((......))).)).)...(((.(((.((......))..))).)))..((............)).,16,-2.916,31,0,0.000013
6493,.....................(((....)))................(((....))).....(.......).....,7,-2.916,28,0,0.000013
6494,.........(.((................)).)..............(((....))).....(.(...).).....,8,-2.916,28,0,0.000013
6495,.......((.(((......))).))..(((((...)..)))).....(((....))).......(...).......,14,-2.916,21,0,0.000013
6496,.......((.(((......))).))(.((((.......))))..)..(((....))).............(...).,14,-2.916,21,0,0.000013
6497,.......((((...((((...((....((((.......)))).......)).))))))))..(.(...).).....,16,-2.916,49,0,0.000013
6498,..........(((......))).....((((.......)))).....(((....))).(.(.(.(...)).).)..,14,-2.916,27,0,0.000013
6499,.......((.(((......))).))...(((...............)))((.................))......,10,-2.915,24,0,0.000013
6500,.....................((......))...((....)).....(((....)))...................,7,-2.915,30,0,0.000013
6501,.......((.(((......))).)).....((((..((.....((..(((....)))....))......)))))).,16,-2.915,11,0,0.000013
6502,.......((.(((......))).))......................(((....)))...(.(.(...).)..)..,11,-2.915,17,0,0.000013
6503,..............((....)).....((((.......)))).....(((....)))..((.(.(...).)..)).,13,-2.915,35,0,0.000013
6504,...(((.((..((((....))))..))...))).....(....)...(((....))).............(...).,14,-2.915,33,0,0.000013
6505,.......((.(((......))).))......((..(....)..))..(((....)))........(........).,12,-2.915,19,0,0.000013
6506,.......((.(((......))).))....((.......)).......(((....)))......(.........)..,11,-2.915,16,0,0.000013
6507,.......((.(((......))).))..((((.......)))).....((......))..((............)).,13,-2.915,23,0,0.000013
6508,.......((.(((......))).)).....(.......)....(((((((....)))........)))).......,13,-2.915,21,0,0.000013
6509,.......((.(((......))).))..((((.......))))..............((......)).((...))..,13,-2.915,29,0,0.000013
6510,.......((.(((......))).))...(((.......))).......((....))........(.........).,11,-2.915,20,0,0.000013
6511,...........((((....)))).......((((...(((...(..((((....)))..)..).....))))))).,16,-2.915,17,0,0.000013
6512,.......((.(((......))).)).....((((....((.........))....................)))).,11,-2.915,13,0,0.000013
6513,.......((.(((......))).)).............(....)..((((....)))........)..........,10,-2.915,17,0,0.000013
6514,..........(....).....(((....)))................(((....))).....((.......))...,9,-2.914,30,0,0.000013
6515,.......((.(((......))).))..((((.......)))).....(((....)))(......)..((...))..,15,-2.914,22,0,0.000013
6516,.......((..((......))..))..((((.......)))).....(((....)))..........((...))..,13,-2.914,22,0,0.000013
6517,...........((((....))))..(.((((.......))))..)..(((....))).............(...).,13,-2.914,34,0,0.000013
6518,.........(.....).....((......))................(((....)))...................,6,-2.914,28,0,0.000013
6519,...........((((....))))..............(((......((((....)))....)......))).....,11,-2.914,23,0,0.000013
6520,.......((.(((......))).)).....(.....)..........(((....)))...........(...)...,10,-2.914,15,0,0.000013
6521,.......((.(((......))).))..((((.......))))......((....)).(...........)......,12,-2.914,22,0,0.000013
6522,..........((........)).....((((.......)))).....(((....))).....(.(...).).....,11,-2.914,27,0,0.000013
6523,.......((.(((......))).)).........(((.((......))..)))...((..(.....)..)).....,13,-2.913,30,0,0.000013
6524,.......((.(((......))).))..((((.......))))......((....))((.(........))).....,14,-2.913,23,0,0.000013
6525,........(.(((......))).)......(((.(((.((......))..))).)))...(.(.(...)).)....,15,-2.913,32,0,0.000013
6526,.......((.(((......))).))..............(......)(((....))).....(.(...).).....,11,-2.913,17,0,0.000013
6527,.......((.(((......))).)).............(....)....((....))...........(.....)..,9,-2.913,18,0,0.000013
6528,...(((.((..((((....))))..))...)))..............(((....)))....(............).,13,-2.913,33,0,0.000013
6529,.......((.(((......))).))....((.......))...........................((...))..,9,-2.913,22,0,0.000013
6530,.......((.(((......))).))......((..........))..(((....))).(.(.(......).).)..,13,-2.913,19,0,0.000013
6531,...((((((.(((......))).)).)...))).....(....)...(((....)))...(.(......).)....,15,-2.913,22,0,0.000013
6532,.....................((......))................(((....))).......(...).......,6,-2.913,27,0,0.000013
6533,.....(.((.(((......))).)).)..((.......)).......(((....)))..........((...))..,13,-2.913,18,0,0.000013
6534,.......((..((((....))))..))..((.......)).......(((....)))..........((...))..,13,-2.912,31,0,0.000013
6535,.......((.(((......))).))............(((.(........................).))).....,9,-2.912,16,0,0.000013
6536,.......((.(((......))).))..(((((...)..)))).....(((....)))...(.(.(...)).)....,16,-2.912,23,0,0.000013
6537,.......((..(((......)))..))....................(((....))).....(.(...).).....,10,-2.912,30,0,0.000013
6538,.......((.(((......))).))......................(((....)).)..................,8,-2.912,17,0,0.000013
6539,.......((.(((......))).))..((((.......))))....................(.(...))......,11,-2.912,27,0,0.000012
6540,.......((.(((......))).)).(.....)................(....).....................,7,-2.912,19,0,0.000012
6541,...(((.((..((((....))))..))...)))....(.....)...(((....)))..((.(.(...).)..)).,17,-2.912,37,0,0.000012
6542,.......((.(((......))).))......((.(.....)..))...((....))....................,10,-2.911,20,0,0.000012
6543,.......((.(((......))).))............(.....)...(((....))).............(...).,10,-2.911,15,0,0.000012
6544,.......((.(((......))).)).....((((..(((........(((....))).......))....))))).,15,-2.911,9,0,0.000012
6545,.......((.(((......))).)).....((((..(((........(((....))).......)....)))))).,15,-2.911,8,0,0.000012
6546,.........(.(((((((...((...............)).))))))).)............(.(...).).....,12,-2.911,45,0,0.000012
6547,...(((.((..((((....))))..))...))).....((......))...........((.(.(...).)..)).,15,-2.911,43,0,0.000012
6548,...(((.((..(((......)))..))...))).....((.........)).....((......))..........,12,-2.911,41,0,0.000012
6549,..(.....)..((((....))))..(.((((.......))))..)..(((....)))..((............)).,15,-2.911,37,0,0.000012
6550,.......((.(((......))).))......((.((....)).))...................(...).......,10,-2.91,27,0,0.000012
6551,.....(.((.(((......))).)).)....((.((....)).))..(((....))).......(...).......,14,-2.91,23,0,0.000012
6552,.......((.(((......))).)).....((((...(((..(....((......)).........).))))))).,15,-2.91,4,0,0.000012
6553,.......((..((((....))))..))....((.((....)).))..(((....))).......(...).......,14,-2.91,36,0,0.000012
6554,.......((.(((......))).)).............((......))......................(...).,8,-2.91,21,0,0.000012
6555,...(((....(((......)))........)))....(.....)...(((....)))...................,10,-2.91,22,0,0.000012
6556,..........(((......)))......(((.......)))......(((....))).......(.........).,10,-2.91,22,0,0.000012
6557,.......((.(((......))).)).......(......).......((((.....((......)).....)))).,12,-2.91,24,0,0.000012
6558,..((...))..((((....))))....((((.......))))...(((.((.................)).)))..,15,-2.91,43,0,0.000012
6559,.......((.(((......))).))...(((.......)))....(((.((..(..((......))).)).)))..,16,-2.91,31,0,0.000012
6560,.......((.(((......))).)).........((..((.........)).))..((......))..........,11,-2.91,28,0,0.000012
6561,.......((.(((......))).))....(.((.((....)).))..)..............(.(...).).....,12,-2.91,29,0,0.000012
6562,.......((.(((......)))...))...(((.(((.((......))..))).))).......(...).......,14,-2.91,34,0,0.000012
6563,.......((.(((......))).))..((((.......))))....((.((..(..((......))).)).))...,16,-2.909,32,0,0.000012
6564,.......((.(((.....).)).)).....(((.(((.((......))..))).))).......(...).......,14,-2.909,31,0,0.000012
6565,.......((.(((......))).)).....(.....).(....)...(((....)))..........(.....)..,11,-2.909,17,0,0.000012
6566,.......((.(((......))).))....((.......))......((((....)))..)........(...)...,12,-2.909,17,0,0.000012
6567,...(((....(((......)))........))).....((......))............................,8,-2.909,28,0,0.000012
6568,.....................((......))................(((....)))...(.(.(...)).)....,8,-2.909,29,0,0.000012
6569,.......((.(((......))).))...(((.......)))..................((............)).,10,-2.909,25,0,0.000012
6570,.......((.(((......))).))...(((.......))).....((((....)))..)..(.(...))......,14,-2.909,21,0,0.000012
6571,.......((.(((......))).))......((.((....)).))...((....))...(.((.(...).))..).,15,-2.909,26,0,0.000012
6572,...(((.((.(((......))).)).....)))..............(((....))).(.(.(......).).)..,14,-2.909,20,0,0.000012
6573,.......((.(((.(...)))).))...(((.......)))......(((....)))..........((...))..,14,-2.909,20,0,0.000012
6574,.......(((((((((((...(((....)))..........)))))))((....))))))................,16,-2.909,44,0,0.000012
6575,.......((.(((......))).)).............((......)).(....)............((...))..,10,-2.908,20,0,0.000012
6576,.......((..((......))..)).....(((.(((.((......))..))).)))..((.(.(...).)..)).,16,-2.908,33,0,0.000012
6577,.......((((((((((..(((((....))).......))..))))))........))))..(.(...))......,17,-2.908,48,0,0.000012
6578,.......((.(((......))).))..((((.......))))....((((....))).......)....(....).,14,-2.908,21,0,0.000012
6579,..((...))..(((......)))......((.......)).......(((....)))..((.(.(...).)..)).,14,-2.908,33,0,0.000012
6580,...........((((((..((.((...........)).))..))))))............................,10,-2.908,42,0,0.000012
6581,.......((.(((......))).))..((((.......)))).....(((....))).....((..(...)))...,15,-2.908,22,0,0.000012
6582,.......((.(((......))).))......(((...(((.......(((....)))...(.....).))))))..,15,-2.908,4,0,0.000012
6583,.......((.(((......))).))..((((.(..............).)))).((.....)).............,12,-2.908,28,0,0.000012
6584,.......((.(((......))).))............((........(((....))).......)).((...))..,12,-2.908,17,0,0.000012
6585,.......((.(((......))).)).((...)).....(....)...(((....))).............(...).,12,-2.908,17,0,0.000012
6586,..........(((......)))................(....)...(((....)))..........(.....)..,8,-2.908,20,0,0.000012
6587,...........((((....)))).................(..(((((((....)))........))))..)....,12,-2.908,35,0,0.000012
6588,.......((.(((.(...)))).))..((((.......)))).....(((....)))...........(...)...,14,-2.908,21,0,0.000012
6589,.....................((......))......(((....((((((....)))........)))))).....,11,-2.908,26,0,0.000012
6590,.......((.(((......))).)).....((((...........((.......))...............)))).,11,-2.908,14,0,0.000012
6591,.....................(((....))).....(......)...(((....)))...................,7,-2.908,29,0,0.000012
6592,......(((.(((......))).)).)((((.......)))).....(((....)))..(.((.(...).))..).,17,-2.908,25,0,0.000012
6593,.......((.(((......))).)).....(((.((..((.........)))).))).....(.(...).).....,14,-2.908,27,0,0.000012
6594,.......((.(((......))).))...(((.......))).......((....))...(..............).,11,-2.908,20,0,0.000012
6595,......((((.((((....)))).....(((.......)))......(((....))).....))))..........,14,-2.908,36,0,0.000012
6596,.......((.(((......))).))......(((...(((..(.(..(((....))).......).).))))))..,16,-2.908,6,0,0.000012
6597,.......((.(((......))).)).....(((.....((.........))...))).....(.(...).).....,12,-2.907,23,0,0.000012
6598,...........(((......)))........((..........))..(((....))).....(.(...).).....,10,-2.907,30,0,0.000012
6599,..(.....)..(((......)))....................(((((((....)))........)))).......,11,-2.907,34,0,0.000012
6600,...((.....)).........((......))......(((.......(((....)))...........))).....,10,-2.907,22,0,0.000012
6601,..(.....)..(((......)))......((.......)).......(((....))).......(...).......,10,-2.907,29,0,0.000012
6602,.......((.(((......))).))......((.((....)).))...............(.(.(...)).)....,12,-2.907,29,0,0.000012
6603,...........(((......))).......((((...(.....(((((((....)))........))))).)))).,15,-2.907,25,0,0.000012
6604,.......((.(((......))).))....((..................))...((.....)).............,9,-2.907,24,0,0.000012
6605,..........(((......))).........((.(.....)..))..(((....)))...................,9,-2.907,22,0,0.000012
6606,.....(.((.(((......))).)).)....((.((....)).))..(((....)))...(.(.(...)).)....,16,-2.907,25,0,0.000012
6607,...........(((((((..........(((.......))))))))))................(...).......,11,-2.907,45,0,0.000012
6608,...........((((((..........((((.......))))))))))................(...).......,11,-2.907,45,0,0.000012
6609,.......((..((((....))))..))....((.((....)).))..(((....)))...(.(.(...)).)....,16,-2.907,38,0,0.000012
6610,.......((.(((......))).)).............((.........)).....((..(.....)..)).....,10,-2.907,24,0,0.000012
6611,..(.....).(((......)))....((...))....(((.......(((....)))...........))).....,12,-2.906,15,0,0.000012
6612,..(.....)..(((......)))....((((.......)))).....(((....)))............(....).,12,-2.906,32,0,0.000012
6613,.......((.(((......)))...))...(((.(((.((......))..))).)))...(.(.(...)).)....,16,-2.906,36,0,0.000012
6614,.......((.(((......))).)).((...))..............(((....)))....(............).,11,-2.906,17,0,0.000012
6615,.......((.(((......))).))..((((.......))))...((.......))....(.(......).)....,13,-2.906,29,0,0.000012
6616,.......((.(((......))).))......................(((....)))....((.(...).)...).,11,-2.906,17,0,0.000012
6617,.......((.(((.....).)).)).....(((.(((.((......))..))).)))...(.(.(...)).)....,16,-2.906,33,0,0.000012
6618,...........((((....))))........((.((....)).))..(((....)))........(........).,12,-2.906,34,0,0.000012
6619,.......((.(((......))).))....((.(..............).))........((.(.(...).)..)).,12,-2.906,26,0,0.000012
6620,...(((.((.(((......)))...))...)))..............(((....))).....(.(...))......,13,-2.906,25,0,0.000012
6621,...........(((......)))...(.....)..............(((....)))..((.(.(...).)..)).,11,-2.905,31,0,0.000012
6622,..((...))..((((....)))).......((((...(((.....(((((....)))........)).))))))).,18,-2.905,19,0,0.000012
6623,.......((.(((......))).)).....((((...(((....(.((((....))).......)..)))))))).,17,-2.905,4,0,0.000012
6624,.......((.(((......))).))....((.......))......((.((.(.............).)).))...,12,-2.905,25,0,0.000012
6625,........((.((................)).))....(....)...(((....)))...................,8,-2.905,27,0,0.000012
6626,.......((.((........)).))...(((.......)))......(((....)))..(.((.(...).))..).,14,-2.905,23,0,0.000012
6627,.......((.(((......))).)).((...))....(.....)...(((....)))..((.(.(...).)..)).,15,-2.905,21,0,0.000012
6628,.......((.(((......))).))......((.((....)).))...((....)).((............))...,13,-2.905,24,0,0.000012
6629,...(((.((..((((....))))..))...))).....((......)).((.................))......,13,-2.905,40,0,0.000012
6630,.......((.(((......))).))...((.........))....(((.((.................)).)))..,12,-2.905,26,0,0.000012
6631,.......((.(((......))).)).(.....)....(((.....(((((....)))........)).))).....,14,-2.904,13,0,0.000012
6632,.......((.(((......))).))..(((.........)))....((.((.................)).))...,12,-2.904,27,0,0.000012
6633,.......((.(((......))).))..((((((..........))....)))).......................,11,-2.904,28,0,0.000012
6634,..........(((......))).........((.((....)).))..(((....)))..(.((.(...).))..).,14,-2.904,28,0,0.000012
6635,......(...(((......)))..)..((((.......)))).....(((....)))..((.(.(...).)..)).,15,-2.904,28,0,0.000012
6636,...........((((....)))).......((((...(((...(...(((....))))..........))))))).,15,-2.904,15,0,0.000012
6637,.......((.(((......))).)).((...)).....((......))...........((.(.(...).)..)).,13,-2.904,27,0,0.000012
6638,......((..((.((((..........((((.......))))..................)))).))..)).....,12,-2.904,46,0,0.000012
6639,.......((.(((......))).)).............((.........))...(.......).............,8,-2.904,22,0,0.000012
6640,..(.....)..(((......)))......((.......)).......(((....)))...(.(.(...)).)....,12,-2.903,31,0,0.000012
6641,..(.....)..(((((((..........(((.......))))))))))........((......))..........,13,-2.903,48,0,0.000012
6642,..(.....)..((((((..........((((.......))))))))))........((......))..........,13,-2.903,48,0,0.000012
6643,.......((.(((......))).))(.((............)).)..(((....)))...................,11,-2.903,20,0,0.000012
6644,.......((.(((......))).)).(.....).....(....)...(((....)))...........(...)...,11,-2.903,16,0,0.000012
6645,...........(((((((..........(((.......))))))))))............(.(.(...)).)....,13,-2.903,47,0,0.000012
6646,...........((((((..........((((.......))))))))))............(.(.(...)).)....,13,-2.903,47,0,0.000012
6647,..........(((......)))......(((.......)))......(((....)))..(..............).,10,-2.903,22,0,0.000012
6648,...........((......))......((((.......)))).....(((....))).....(.(...).).....,11,-2.903,27,0,0.000012
6649,...........((........))....................(((((((....)))........)))).......,9,-2.903,32,0,0.000012
6650,...........((........))......((.......)).......(((....))).......(...).......,8,-2.903,27,0,0.000012
6651,.......((.(((......))).)).............(....).....(....)....((............)).,9,-2.902,21,0,0.000012
6652,.....(..(.(((......))).)..)..........(((.......(((....)))...........))).....,11,-2.902,12,0,0.000012
6653,..((...))..((((....)))).......((((...((........(((....))).......)).....)))).,15,-2.902,23,0,0.000012
6654,.......((.(((......))).)).....((...)).((......))............................,9,-2.902,23,0,0.000012
6655,.....................(....)..((.......)).......(((....)))...................,6,-2.902,26,0,0.000012
6656,...........((((....))))..(.((............)).)..(((....)))...................,10,-2.902,33,0,0.000012
6657,.......((.(((......))).))....((.......))........((...............)).........,9,-2.902,23,0,0.000012
6658,...........((........))....((((.......)))).....(((....)))............(....).,10,-2.902,30,0,0.000012
6659,...........((((....)))).......(.....)......(((((((....)))........)))).......,12,-2.902,35,0,0.000012
6660,...........(((......))).....(((.......)))......(((....)))..........(.....)..,10,-2.902,30,0,0.000012
6661,.......((.(((.(...)))).)).....((((...(((....(..(((....)))...).......))))))).,17,-2.901,4,0,0.000012
6662,..........(((......)))....(.....)..............(((....)))..((............)).,9,-2.901,21,0,0.000012
6663,..(.(..((.(((......))).))).).((.......)).......(((....)))...................,12,-2.901,19,0,0.000012
6664,.......((..(((......)))..))((((.......)))).....(((....))).....((.......))...,14,-2.901,35,0,0.000012
6665,.......((.(((......))).))......((.(.....)..))..(((....))).......(.........).,12,-2.901,19,0,0.000012
6666,..........(((......))).......((.......)).....(((((....)))........)).........,10,-2.901,23,0,0.000012
6667,..(.....)..((((....))))...(.....)..........(((((((....)))........)))).......,13,-2.901,36,0,0.000012
6668,.......((.(((......))).))....((...((....))....)).(....).....................,10,-2.901,24,0,0.000012
6669,..........(((......)))....((...))..............(((....))).....((.......))...,10,-2.901,22,0,0.000012
6670,..((...)).(((......)))........((((...((....(((((((....)))........)))))))))).,18,-2.901,15,0,0.000012
6671,.......((.(((......))).)).....(((......(...(((((((....)))........))))..)))).,16,-2.9,15,0,0.000012
6672,...(((.((.(((......))).)).....))).....((......))........((......))...(....).,13,-2.9,27,0,0.000012
6673,...(((.((.(((......)))...))...))).....(....)...(((....)))........(........).,13,-2.9,25,0,0.000012
6674,.......((.(((......))).)).....((...))..........(((....))).....(......)......,11,-2.9,17,0,0.000012
6675,.......(((((((((((...((...............)).)))))))........)))).......(.....)..,14,-2.9,47,0,0.000012
6676,.......((.(((......))).)).....((...)).........((((....)))..)................,11,-2.9,18,0,0.000012
6677,..(.....)..((((....))))........((..........))..(((....)))...................,10,-2.899,30,0,0.000012
6678,...........((((....))))...........(((.((......))..))).......................,9,-2.899,40,0,0.000012
6679,.......((.(((......))).)).........((....)).....(((....))).....(.(...)...)...,12,-2.899,20,0,0.000012
6680,.......((.(((......))).)).......(..(....)..)...(((....))).......(...).......,11,-2.899,18,0,0.000012
6681,......(((.(((......))).)).)....((..........))..(((....)))...................,11,-2.899,18,0,0.000012
6682,...(((.((.(((......))).)).....))).....(....)...(((....)))..((.(.......)..)).,15,-2.899,21,0,0.000012
6683,.......(((((((((((..((((....))).......)..)))))))........)))).......((...))..,17,-2.899,49,0,0.000012
6684,.......((.(((......))).))......(((((.((........(((....))).......))...)))))..,15,-2.899,12,0,0.000012
6685,.......((.(((......))).))....((.......))........((....))....(.....).........,10,-2.899,19,0,0.000012
6686,...........((........))......((.......)).......(((....)))...(.(.(...)).)....,10,-2.899,29,0,0.000012
6687,.....................(((....)))...(((.((......))..))).........(.(...).).....,10,-2.899,42,0,0.000012
6688,.......((.(((......))).))......((.((.....))))..(((....)))..(.((.(...).))..).,16,-2.899,24,0,0.000012
6689,.......((.(((......))).))..((((.......)))).................((.((.......)))).,13,-2.899,29,0,0.000012
6690,.......((.(((......))).)).....((((((((.........(((....))).......)).)..))))).,16,-2.899,12,0,0.000012
6691,.......(((((((((((.((.((..((...))..)).)).)))))))........))))..(.(...).).....,19,-2.898,52,0,0.000012
6692,.......((.(((......))).)).....((...))..........(((....)))..((...(...)....)).,13,-2.898,19,0,0.000012
6693,.......((.(((......))).))....((.......))...(.....)......((......))..........,10,-2.898,25,0,0.000012
6694,...........((((....)))).......((((...(((.......(((....)).)..........))))))).,14,-2.898,16,0,0.000012
6695,.......((.(((......))).)).........((....)).(...(((....))))..................,11,-2.898,20,0,0.000012
6696,........(.(((......))).)..............(....)...(((....))).....(.(...).).....,10,-2.898,19,0,0.000012
6697,.......((.(((......))).)).........((....)).....(((....)))((............))...,12,-2.898,20,0,0.000012
6698,..(.(..((.(((......))).))).)..(((.(((.((......))..))).)))...................,15,-2.898,31,0,0.000012
6699,...........(((......)))...............(....)...(((....))).....((.......))...,9,-2.898,29,0,0.000012
6700,...........((((....))))......((.......))........((....))......(.(...).).....,10,-2.898,32,0,0.000012
6701,...(((.((..((((....))))..))...)))..............(((......((......))......))).,14,-2.898,41,0,0.000012
6702,.......((.(((......))).)).((...)).....((......)).((.................))......,11,-2.898,24,0,0.000012
6703,.......((.(((......))).))..((((.......)))).......(....)...(.(.(......).).)..,13,-2.898,26,0,0.000012
6704,.......((.(((......))).))......((..........))..(((....)))..((.(.........))).,13,-2.897,19,0,0.000012
6705,.......((((....(((...((....((((.......)))).......)).))).))))..(.(...).).....,15,-2.897,48,0,0.000012
6706,.......((.(((......))).)).........((.....))...((((....)))..)..(.(...).).....,13,-2.897,22,0,0.000012
6707,.......((.(((......))).)).....(((..((.((......))..))..)))...........(...)...,13,-2.897,25,0,0.000012
6708,.......((.(((......))).)).....(((((((.((......))..)))...((...........)))))).,16,-2.897,20,0,0.000012
6709,.......((((........((((....((((.......))))....)).)).....))))....(...).......,13,-2.897,43,0,0.000012
6710,.......((.(((......))).))..((((.......)))).....(((......((...........)).))).,14,-2.896,26,0,0.000012
6711,.....(...).(((......))).......((((...(((.......(((....)))...........))))))).,14,-2.896,14,0,0.000012
6712,...(((.((.(((......)))...))...))).((....)).....(((....))).....(.(...).).....,15,-2.896,29,0,0.000012
6713,.......((.(((......))).)).....((((..(((....)...(((....))).......)).....)))).,15,-2.896,10,0,0.000012
6714,.......((.(((......))).)).(...(((.(((.((......))..))).))).....).............,14,-2.896,29,0,0.000012
6715,...........(((((((..((((....))).......)..)))))))...........((.(.(...).)..)).,15,-2.896,48,0,0.000012
6716,.......((.(((......))).))...(((..................)))............(...).......,9,-2.896,25,0,0.000012
6717,.......((.(((......))).)).....((((...(((....(..((......)).).........))))))).,15,-2.896,4,0,0.000012
6718,...........(((......))).(....)((((...(((.......(((....)))...........))))))).,14,-2.896,13,0,0.000012
6719,......((((.(((((((.(((((....))).......)).))))))).).............)))..........,16,-2.896,49,0,0.000012
6720,.......((.(((......))).))..(((.........))).....(((....)))....(((.......)).).,14,-2.896,22,0,0.000012
6721,......(.....)........(((....)))............(((((((....)))........)))).......,11,-2.896,35,0,0.000012
6722,..(.....).(((......)))................(....)...(((....)))...................,8,-2.896,20,0,0.000012
6723,.......((.(((......))).)).......(......).......(((....)))....(......).......,10,-2.896,15,0,0.000012
6724,..............((....))........((((...(((.(.....(((....))).........).))))))).,13,-2.896,14,0,0.000012
6725,.......((.(((......))).))......................(((....))).......(.(.....).).,10,-2.896,16,0,0.000012
6726,.......((.(((......))).)).......(..(....)..)...(((....)))...(.(.(...)).)....,13,-2.896,20,0,0.000012
6727,...........................((((.......)))).....(((....))).....(.(...).).....,9,-2.896,31,0,0.000012
6728,..........(((......)))...............(((..(....(((....))).........).))).....,10,-2.895,14,0,0.000012
6729,...(((.((..(((......)))..))...)))............(((.((.................)).)))..,13,-2.895,40,0,0.000012
6730,.......((.(((......))).)).........((....)).....(((....))).......((.......)).,12,-2.895,20,0,0.000012
6731,.......((.(((......))).)).....((((...(((........((....))(....)......))))))).,15,-2.895,3,0,0.000012
6732,........(.(((......))).)..((...))..............(((....)))...................,9,-2.895,18,0,0.000012
6733,......((((.(((((((...(((....)))..........)))))))((....))......))))..........,16,-2.895,46,0,0.000012
6734,.......((..((((....))))))..((((.......)))).(((((((....)))........)))).......,17,-2.895,35,0,0.000012
6735,.......((.(((......))).))...........(......)...(((....)))..........((...))..,11,-2.895,17,0,0.000012
6736,.......((.(((......))).)).....(((....(((.......(((....))).(.......).))).))).,15,-2.895,4,0,0.000012
6737,..(.....).(((......)))......(((.......)))......(((....))).....(.(...).).....,12,-2.895,24,0,0.000012
6738,..((...))..(((......))).......((((...(((......((((....)))..)........))))))).,16,-2.895,16,0,0.000012
6739,.......((((........((((.(..((((.......))))..).)).)).....))))................,13,-2.895,43,0,0.000012
6740,..(.((..(.(((......))).))).)..((((.............(((....)))..............)))).,14,-2.895,13,0,0.000012
6741,.......((.(((......))).)).....(((....(((........((....)).(......)...))).))).,14,-2.895,6,0,0.000012
6742,.......(((((((((((...((......))..........)))))))........))))................,13,-2.895,47,0,0.000012
6743,...........((((....))))....((((.......)))).....(((....))).....(.(...)...)...,13,-2.895,34,0,0.000012
6744,.......((.(((......))).)).........((.....))......((.................))......,9,-2.895,25,0,0.000012
6745,.......(((((((((((.......................)))))))........))))....(...).......,12,-2.894,46,0,0.000012
6746,...(((.((.(((......))).)).....))).....(....)...(((......................))).,12,-2.894,24,0,0.000012
6747,..........(((......))).......((.......)).......(((....)))...(.....).........,9,-2.894,21,0,0.000012
6748,.......((.(((......))).))...(((.......)))......(((....)))(............).....,12,-2.894,18,0,0.000012
6749,.......((.(((......))).))....((...............))...................((...))..,9,-2.894,23,0,0.000012
6750,.......((.(((......))).))......((.(.....)..))..(((....)))..(..............).,12,-2.894,19,0,0.000012
6751,.......((.(((......))).))..((((.......))))...(((.((...(.......).....)).)))..,15,-2.894,29,0,0.000012
6752,......(...(((......))))....((((.......)))).....(((....)))...................,11,-2.894,25,0,0.000012
6753,...(((....(((......)))........)))..............(((....)))..........(.....)..,10,-2.894,22,0,0.000012
6754,...........((((....))))....((((.......)))).(...(((....))))..................,12,-2.894,34,0,0.000012
6755,.......((.(((......))).)).......(.((....)).)....((....))((......))..........,12,-2.893,24,0,0.000012
6756,...(((.((.(((......))).)).....)))..............(((....)))..((.(.........))).,14,-2.893,20,0,0.000012
6757,...........((((....))))....((((.......)))).....(((....)))((............))...,13,-2.893,34,0,0.000012
6758,...(((.((..(((......)))..))...)))...((((.......(((....)))...........))).)...,15,-2.893,26,0,0.000012
6759,...(((.((.(((......))).)).....)))....(((....(((..................)))))).....,14,-2.893,23,0,0.000012
6760,...........((((....))))...............((.........)).........................,6,-2.893,34,0,0.000012
6761,..(.....)..(((((((.(((((....))).......)).)))))))........((...........)).....,15,-2.892,46,0,0.000012
6762,.......((.(((......))).))....((.(.((....)).)..))......((.....)).............,12,-2.892,29,0,0.000012
6763,...(((.((.(((......)))...))...)))..............(((....)))..((.((.......)))).,15,-2.892,27,0,0.000012
6764,.......((.(((......))).))...(((..................)))........(.(.(...)).)....,11,-2.892,27,0,0.000012
6765,.......((.(((......))).))............(((..........(.....)...........))).....,9,-2.892,15,0,0.000012
6766,.....................(((....))).......((.........))...........(.(...).).....,7,-2.892,36,0,0.000012
6767,..((...))..((........)).......((((...(((....((((((....)))........)))))))))).,17,-2.892,19,0,0.000012
6768,.......((.(((......))).)).........((....))....((((....)))..)....(...).......,12,-2.892,21,0,0.000012
6769,.......((.(((......))).)).....(((((..((....(...(((....))))......))....))))).,16,-2.892,11,0,0.000012
6770,...........((((....))))...(.....).....(....)...(((....))).....((.......))...,11,-2.892,31,0,0.000012
6771,.......((.(((......))).)).....(((((...((......((((....))).......)...))))))).,16,-2.891,5,0,0.000012
6772,.......((.(((......))).)).........(.....)......(((....)))............(....).,10,-2.891,16,0,0.000012
6773,..........(((......))).....((((.......))))......((....))...((.(.(...).)..)).,13,-2.891,29,0,0.000012
6774,.......((.(((......))).)).....((...))..........(((....))).....(.........)...,11,-2.891,17,0,0.000012
6775,...(((.((..((((....))))..))...)))................(....).....................,10,-2.891,36,0,0.000012
6776,.......((.(((......)))...))...........(....)...(((....))).....(.(...).).....,11,-2.891,23,0,0.000012
6777,...(((.((.(((......))).)).....)))....(((.........(....).((......))..))).....,14,-2.891,18,0,0.000012
6778,.......((.(((.....).)).)).............(....)...(((....))).....(.(...).).....,11,-2.891,20,0,0.000012
6779,.......((.(((......))).)).((...))..............(((......((......))......))).,12,-2.891,25,0,0.000012
6780,...(((.((..((......))..)).....)))....(((.......(((....)))...........))).....,13,-2.891,13,0,0.000012
6781,.......((.(((......))).))...(((.......)))........(.........)................,9,-2.891,24,0,0.000012
6782,.......((.(((......))).)).(.....)...............((....))......(.(...).).....,10,-2.891,19,0,0.000012
6783,.........(.((.(((........))).)).)..............(((....)))...(.(......).)....,11,-2.891,34,0,0.000012
6784,.......((.(((......))).))....((((..........)).))........((...........)).....,11,-2.891,25,0,0.000012
6785,...........((((....))))....((((.......)))).....(((....))).......((.......)).,13,-2.891,34,0,0.000012
6786,.....(.((.(((......))).))..((((.......)))).)...(((....)))...................,13,-2.89,21,0,0.000012
6787,.......((.(((......))).)).........((....)).....(((....)))..((.(((...)..)))).,15,-2.89,23,0,0.000012
6788,.......((.(((......))).))..((((.......)))).....(((....(.............)...))).,13,-2.89,25,0,0.000012
6789,...........(((......)))....((((.......)))).....(((....)))....(............).,11,-2.89,32,0,0.000012
6790,...........(((((((..((((....))).......)..))))))).((.................))......,13,-2.89,45,0,0.000012
6791,.......((.(((......))).)).....(((.(((.((......))..))).))).......(..((...))).,16,-2.89,29,0,0.000012
6792,...........((((....)))).........(.((....)).)...(((....))).......(...).......,11,-2.89,33,0,0.000012
6793,..(.....)............(((....))).......(....)...(((....))).....((.......))...,10,-2.89,31,0,0.000012
6794,.......((.(((.(...)))).)).....((((..((.........(((....))).......)).....)))).,15,-2.89,11,0,0.000012
6795,........(.(((......))).)...((((.......)))).....(((....)))..........(.....)..,12,-2.889,22,0,0.000012
6796,..(.....)..((((....)))).....(((.......)))......(((....))).....((.......))...,13,-2.889,33,0,0.000012
6797,.........(.((.((...(....).)).)).)....(((.......(((....)))...........))).....,12,-2.889,24,0,0.000012
6798,........((.(((((....)))......)).)).............(((....)))...................,10,-2.889,30,0,0.000012
6799,...................(....)..((((.......)))).....(((....)))..((.(.(...).)..)).,12,-2.889,33,0,0.000012
6800,.......((.(((......))).))..((...........)).....(((....))).......(...).......,11,-2.889,19,0,0.000012
6801,......((..((.((((....(((....))).(.(((.((......))..))).).....)))).))..)).....,17,-2.888,51,0,0.000012
6802,...........(((......)))........................(((....)))............(....).,7,-2.888,26,0,0.000012
6803,.........(.(((((((..........(((.......)))))))))).)............(.(...).).....,13,-2.888,47,0,0.000012
6804,.........(.((((((..........((((.......)))))))))).)............(.(...).).....,13,-2.888,47,0,0.000012
6805,.......((.(((......))).)).....(((.(((.((......))..))).)))..(.(.........)..).,15,-2.888,29,0,0.000012
6806,...........(((......))).......(((.(((.((......))..))).)))..(.((.(...).))..).,15,-2.888,43,0,0.000012
6807,..(.((....(((......)))..)).)..........(....)...(((....)))...................,10,-2.888,24,0,0.000012
6808,.......((.(((......))).))...(((.......(....).....)))....((......))..........,11,-2.888,28,0,0.000012
6809,..((...))..((........)).......(((....(((.......(((....)))...........))).))).,13,-2.888,15,0,0.000012
6810,..((...)).(((......))).........((.((....)).))..(((....)))...................,12,-2.888,26,0,0.000012
6811,...........(((......))).......(((....(((....(..(((....)))..)........))).))).,13,-2.888,16,0,0.000012
6812,...........(((((((.(((((....))).......)).))))))).(....).........(...).......,14,-2.888,43,0,0.000012
6813,..........(....).....(((....)))................(((....)))..((............)).,9,-2.888,30,0,0.000012
6814,...........(((......))).......((((....((....((((((....)))........))))).)))).,15,-2.888,20,0,0.000012
6815,...........((((....)))).......(((.(((.((......))..))).)))...........(...)...,13,-2.887,40,0,0.000012
6816,.........(.((.(((........))).)).).....(....)...(((....)))..((.(.(...).)..)).,14,-2.887,37,0,0.000012
6817,...........((((....))))....((((.......))))....((((....)))..)....(...).......,13,-2.887,35,0,0.000012
6818,.......((.(((......))).))..((((.......)))).....(((....))).(..(......)..)....,14,-2.887,21,0,0.000012
6819,.......((.(((......))).)).......(.((....)).)...(((....)))..........(...)....,12,-2.887,20,0,0.000012
6820,..((..(.....)..))....(((....)))......(((.......(((....)))...........))).....,12,-2.887,26,0,0.000012
6821,.......((.(((......))).)).....(((....(((...(.....)......((......))..))).))).,14,-2.887,12,0,0.000012
6822,...........((((((..((.................))..))))))............................,8,-2.887,39,0,0.000012
6823,...(((.((.(((......))).)).....))).....(....)..((....................))......,11,-2.887,25,0,0.000012
6824,.......((.(((......))).)).............((......))........(........)..........,8,-2.887,22,0,0.000012
6825,...(((.((.(((......))).)).....))).....(....)...((((....................)))).,13,-2.886,25,0,0.000012
6826,.......((.(((......))).))....((.......))........((....))......(.......).....,10,-2.886,18,0,0.000012
6827,.......((.(((......))).))...(((.......))).....((((....))).............).....,12,-2.886,18,0,0.000012
6828,...........((((....)))).........(.((....)).)...(((....)))...(.(.(...)).)....,13,-2.886,35,0,0.000012
6829,(...)..((.(((......))).)).....((((...(((....((((((....)))........)))))))))).,19,-2.886,8,0,0.000012
6830,.......((.(((......))).))....((.......)).......(((....)))..((...(......).)).,13,-2.886,18,0,0.000012
6831,.......((.(((......))).))....((.(..............(((....)))........)..))......,11,-2.886,16,0,0.000012
6832,...........((((....))))....((((.......)))).....(((....)))..((.(((...)..)))).,16,-2.885,37,0,0.000012
6833,.......((.(((......))).))..((((.......))))......((....)).(............).....,12,-2.885,22,0,0.000012
6834,..((...))..((((....))))......((.......)).......(((....)))............(....).,12,-2.885,30,0,0.000012
6835,.......((.(((......))).))..((((.......))))....((((....)))..)(.(.(...)).)....,16,-2.885,24,0,0.000012
6836,.......((.(((......))).))..((...........)).....(((....)))...(.(.(...)).)....,13,-2.885,21,0,0.000012
6837,...........(((......)))..............(((.(.....(((....))).........).))).....,10,-2.885,22,0,0.000012
6838,.......((.(((......))).)).........(......).....(((....))).......(...).......,10,-2.885,17,0,0.000012
6839,.......((.(((......))).)).....((((..((.....(...(((....))))......)).....)))).,15,-2.885,11,0,0.000012
6840,.......((.(((......))).))..((((.......))))....((((....)))..).......(...)....,14,-2.884,22,0,0.000012
6841,.......((.(((......))).))....(((...)..)).......(((....))).....(.(...).).....,13,-2.884,18,0,0.000012
6842,......(...(((......)))..).....((((...(((.(.....(((....))).........).))))))).,15,-2.884,7,0,0.000012
6843,.......((.(((......))).)).....((((..((((.........))..................)))))).,13,-2.884,14,0,0.000012
6844,.......((.(((......))).)).....((((...(((..........(....)............))))))).,13,-2.884,7,0,0.000012
6845,.......((.(((......))).)).((...))................(....).....................,8,-2.884,20,0,0.000012
6846,.......((.(((......))).))...(((((.((....)).)).)))((.................))......,14,-2.884,30,0,0.000012
6847,.......((.(((.(...)))).)).....((((...(((.......(((....)))(......)...))))))).,17,-2.884,4,0,0.000012
6848,...........(((((((.(((((....))).......)).)))))))...................(.....)..,13,-2.884,45,0,0.000012
6849,...........(((((((.(((((....))).......)).))))))).(....).....(.(.(...)).)....,16,-2.884,45,0,0.000012
6850,.......((.(((......))).)).............(........(((....))).......)...........,9,-2.884,15,0,0.000012
6851,...(((.((..((((....))))..))...)))....(((.....(((((....)))........)).))).....,17,-2.884,30,0,0.000012
6852,.......((.(((......))).))..((((.......)))).....(((....)))..(........)(....).,14,-2.884,20,0,0.000012
6853,..((...........))....(((....))).......(....)...(((....))).......(...).......,10,-2.884,33,0,0.000012
6854,.......((.(((......))).))...(((.......))).......((....))......(......)......,11,-2.884,20,0,0.000012
6855,...........((......))(((....))).......(....)...(((....))).......(...).......,10,-2.884,25,0,0.000012
6856,.......((.(((......))).))...(((.......)))......(((....)))..(.(....).).......,13,-2.884,20,0,0.000012
6857,...(...........).....(((....)))................(((....)))...................,7,-2.883,29,0,0.000012
6858,.......((.(((......))).))..(((.........))).(((((((....)))........))))(....).,16,-2.883,26,0,0.000012
6859,.......((.(((......))).)).......................((....)).........(........).,8,-2.883,17,0,0.000012
6860,.......((.(((......))).))......(..((....))..)..(((....)))............(....).,12,-2.883,19,0,0.000012
6861,...(((.((.(((......)))...))...)))....(.....)...(((....))).....(.(...).).....,14,-2.883,26,0,0.000012
6862,.......((.(((......))).))(.((((.......))))..)..(((....)))...........(...)...,14,-2.883,21,0,0.000012
6863,.......((((...((((.((((..(.((((.......))))..).)).)).)))))))).........(....).,18,-2.883,50,0,0.000012
6864,.......((.(((......))).))......((..........))...((....))........(...).......,10,-2.883,19,0,0.000012
6865,...(((.((..(((......)))..))...))).....(....)...(((....)))..(.((.(...).))..).,16,-2.883,36,0,0.000012
6866,...(((.((..((((....))))..))...))).....(....)...(((....)))...........(...)...,14,-2.883,33,0,0.000012
6867,.....................(((....)))......(((...((..(((....)))....)).....))).....,11,-2.883,25,0,0.000012
6868,..(.....).(((......))).....((((.......)))).....(((....))).....((.......))...,13,-2.883,26,0,0.000012
6869,.......((.(((......))).))..((((.......)))).(...(((....))).....)......(....).,14,-2.883,21,0,0.000012
6870,.......((.((..(...).)).))....((.......))...(((((((....)))........)))).......,14,-2.882,26,0,0.000012
6871,.....................(((....)))...((....)).....(((....)))..........((...))..,10,-2.882,32,0,0.000012
6872,.......((.(((......))).)).....((((...(((....(..(((....))).).(.....).))))))).,17,-2.882,4,0,0.000012
6873,.......((..(((......)))..))..((.......)).......(((....)))...(.(......).)....,12,-2.882,31,0,0.000012
6874,...........((((....))))...(.....)..............(((....)))............(....).,9,-2.882,28,0,0.000012
6875,.......((.(((......))).)).....(((((........((((..................)))).))))).,14,-2.882,20,0,0.000012
6876,.......((.(((......))).))...(((.......))).......((....))...((...(...)....)).,13,-2.882,22,0,0.000012
6877,...........(.(((....))).).............(....)...(((....)))...................,8,-2.882,29,0,0.000012
6878,...(((.((.(((......)))...))...))).....((......))..............(.(...).).....,12,-2.882,32,0,0.000012
6879,.......((.(((.....).)).))..((((.......)))).....(((....)))..........(.....)..,13,-2.882,23,0,0.000012
6880,...........(((......)))..(.((((.......))))..)..(((....)))..(.((.(...).))..).,15,-2.882,37,0,0.000012
6881,...........((((....))))..(.((((.......))))..)..(((....)))...........(...)...,13,-2.882,34,0,0.000012
6882,(...)..((.(((......))).)).....(((....(((.......(((....)))...........))).))).,15,-2.882,4,0,0.000012
6883,..........(((......))).......((.......)).......(((....))).....(.......).....,9,-2.882,20,0,0.000012
6884,..........(((......))).....((((.......))))..................................,7,-2.881,29,0,0.000012
6885,.......((.(((......))).)).....(((.(((.((......))..))).)))......(.(.....).)..,15,-2.881,29,0,0.000012
6886,...........(.(((....))).)...(((.......)))......(((....))).....(.(...).).....,12,-2.881,33,0,0.000012
6887,.....................(((....)))............((((..................)))).......,7,-2.881,40,0,0.000012
6888,.......((.(((......))).))...(((.......)))....(((.((...((.....)).....)).)))..,15,-2.881,28,0,0.000012
6889,.......((.(((......))).)).........(......).....(((....)))...(.(.(...)).)....,12,-2.881,19,0,0.000012
6890,..........(((......)))...............(((....(..(((....))).).........))).....,10,-2.881,14,0,0.000012
6891,.........(.....).....(((....)))................(((....)))..........((...))..,9,-2.881,30,0,0.000012
6892,.........(.(((((((.(((((....))).......)).))))))).)....((.....)).............,15,-2.881,47,0,0.000012
6893,...(((.((.(((......))).)).....))).....(....)............((......))..........,11,-2.881,27,0,0.000012
6894,...........(((((((.((...((.........)).)).)))))))........((......))..........,13,-2.881,47,0,0.000012
6895,.......((.(((......))).))..((((.......))))....((.((...((.....)).....)).))...,15,-2.881,29,0,0.000012
6896,.......((.(((......))).)).......(.((....)).)...(((....))).(.(.(.(...)).).)..,15,-2.881,23,0,0.000012
6897,.......(..(((......)))..).....((((...(((...((..(((....)))....)).....))))))).,16,-2.881,6,0,0.000012
6898,.......((..((......))..))......((.((....)).))..(((....))).....(.(...).).....,13,-2.881,24,0,0.000012
6899,.......((..((........)))).....((((...(((.......(((....)))...........))))))).,14,-2.881,7,0,0.000012
6900,.......((.(((......))).))....((...............))((....))......(.(...).).....,11,-2.881,20,0,0.000012
6901,.......((.(((......))).))....((.(.((....)).)..)).(....).......(.(...).).....,13,-2.881,27,0,0.000012
6902,...(((....(((......)))........)))....(((....(..(((....)))..)........))).....,13,-2.88,17,0,0.000012
6903,..((...........))....(((....))).......(....)...(((....)))...(.(.(...)).)....,12,-2.88,35,0,0.000012
6904,..(.....)............(((....)))................(((....)))............(....).,8,-2.88,28,0,0.000012
6905,.......((.(((......))).))......((.(((.((......))..))).))((......))...(....).,15,-2.88,30,0,0.000012
6906,...(((.((.(((......)))...))...)))...............((....))....................,10,-2.88,25,0,0.000012
6907,...........((......))(((....))).......(....)...(((....)))...(.(.(...)).)....,12,-2.88,27,0,0.000012
6908,..(.....)..(((......))).......(((((...((.......(((....)))...........))))))).,14,-2.88,16,0,0.000012
6909,.......((.(((......))).))......................(((....(.((......))..)...))).,11,-2.88,23,0,0.000012
6910,...........((.(((........))).))................(((....))).....(.(...).).....,10,-2.88,33,0,0.000012
6911,...........((((....)))).......((((...(((.....((.......))............))))))).,13,-2.88,21,0,0.000012
6912,.......((.(((......))).)).....((((...(((.(.((..(((....))).)...)...).))))))).,18,-2.88,6,0,0.000012
6913,.......((((...((((...((....((((.......))))....))....))))))))................,14,-2.88,47,0,0.000012
6914,.......((.(((......))).))......((..........))...((....))....(.(.(...)).)....,12,-2.879,21,0,0.000012
6915,..((...))..((((....))))...........((....)).....(((....)))...................,11,-2.879,33,0,0.000012
6916,...(((.((.(((......))).)).....)))...............((....))........(...).......,11,-2.879,20,0,0.000012
6917,..(.....)..((........))....((((.......)))).....(((....))).....(.(...).).....,12,-2.879,33,0,0.000012
6918,.......((.(((......))).))............(.....)...(((....)))...........(...)...,10,-2.879,15,0,0.000012
6919,..........(((......)))......(((.......)))......(((....))).....(......)......,10,-2.879,22,0,0.000012
6920,...........((((....))))...(.....)....(((.(.....(((....))).........).))).....,12,-2.879,24,0,0.000012
6921,.........(.((.(((..(....)))).)).)..............(((....)))...................,10,-2.879,32,0,0.000012
6922,.......((.((........)).)).......(.((....)).)...(((....))).....(.(...).).....,12,-2.879,23,0,0.000012
6923,...(((.((.(((......))).)).....))).....((.........)).........(.(......).)....,12,-2.879,26,0,0.000012
6924,..((...))............(((....)))...((....)).....(((....))).....(.(...).).....,12,-2.879,35,0,0.000012
6925,..........(((......))).........................(((....)))........(........).,7,-2.879,19,0,0.000012
6926,..........(((......)))......(((.......))).....((((....)))..)................,10,-2.879,23,0,0.000012
6927,.......((.(((......))).)).........((....)).....((((...((((......)).))..)))).,15,-2.878,29,0,0.000012
6928,..........(((......))).........((..........))..(((....))).......(...).......,9,-2.878,21,0,0.000012
6929,.......(((((((((((.(((((....))).......)).)))))))((....))))))....(...).......,19,-2.878,45,0,0.000012
6930,...........(((......)))...((...))..............(((....)))..((.(.(...).)..)).,12,-2.878,32,0,0.000012
6931,.......((.(((......))).))..........(..(....).).(((....)))...................,10,-2.878,17,0,0.000012
6932,.......((.(((......))).))....((.......))........((....))..(.(.(.(...)).).)..,13,-2.878,21,0,0.000012
6933,.......((.(((......))).)).....((((...((((...(..(((....)))..)......).))))))).,17,-2.878,4,0,0.000012
6934,.......((.(((......))).))....(.........).......(((....))).....(((...)..))...,12,-2.878,18,0,0.000012
6935,.......((.((........)).))....((.......)).......(((....))).....(.(...))......,11,-2.878,19,0,0.000012
6936,.......((.(((......))).)).............((......))....................(...)...,8,-2.878,21,0,0.000012
6937,.......((.(((......))).)).(.....).((.....))....(((....))).....(.(...).).....,13,-2.878,21,0,0.000012
6938,...(((.((.(((......))).)).....)))....((((......(((....))).........).))).....,15,-2.878,13,0,0.000012
6939,...(((.((.(((......))).)).....)))....(((....(..(((....)))....)......))).....,15,-2.878,13,0,0.000012
6940,.......((.(((......))).))......((.((....)).))..(((....)))..((.(.(...)...))).,16,-2.878,24,0,0.000012
6941,..((...)).(((......)))........(((.(((.((......))..))).))).....(.(...).).....,15,-2.877,35,0,0.000012
6942,..........(((......)))......(((.......)))......(((....)))..((...(...)....)).,12,-2.877,24,0,0.000012
6943,.......((.(((.(...)))).)).......(......).......(((....)))...................,10,-2.877,16,0,0.000012
6944,.......((.(((......))).))...(((.......)))......(((....)))((...(.(...).)))...,15,-2.877,21,0,0.000012
6945,..((...))..(((......))).......((((...(((........((....))............))))))).,14,-2.877,16,0,0.000012
6946,.......((.(((......))).))......................(((....)))(.......)..........,9,-2.877,16,0,0.000012
6947,......(.(.(((......))).)).....((((...(((....((((((....)))........)))))))))).,18,-2.877,9,0,0.000012
6948,.........(.....).....(((....))).......((......))........((......))..........,8,-2.877,39,0,0.000012
6949,.......((.(((......))).)).((...))....(((.....(((((....)))........)).))).....,15,-2.877,14,0,0.000012
6950,........(.(((......))).)......(((...((.....(((((((....)))........)))))).))).,16,-2.877,18,0,0.000012
6951,.......(..(((......)))..)......................(((....)))..((.(.(...).)..)).,11,-2.877,20,0,0.000012
6952,..(.....)............(((....)))......(((.(.....(((....))).........).))).....,11,-2.877,24,0,0.000012
6953,..(.....)..((((....))))........................(((....)))...(.(......).)....,10,-2.877,30,0,0.000012
6954,.......((((((((((..........((((.......))))))))))........)))).......(.....)..,15,-2.877,49,0,0.000012
6955,.......(((((((((((..........(((.......))))))))))........)))).......(.....)..,15,-2.877,49,0,0.000012
6956,......(((.(((......))).)).)....................(((....)))...(.(......).)....,11,-2.876,18,0,0.000012
6957,.......((.(((......))).)).......(......).....(((.((.....((......))..)).)))..,13,-2.876,26,0,0.000012
6958,..((...))..((((....))))........................(((....))).......(...).......,10,-2.876,30,0,0.000012
6959,.......((.((........)).))..((((.......))))....((((....)))..)..(.(...).).....,14,-2.876,25,0,0.000012
6960,.......((.(((......))).)).....((((..((.....(.(((((....)))........)).))))))).,17,-2.876,12,0,0.000012
6961,.......((.(((......))).)).....((((..((.....((.((((....)))........).)))))))).,17,-2.876,12,0,0.000012
6962,.......((.(((......))).))..((((.......))))......................(.........).,10,-2.876,26,0,0.000012
6963,.......((.(((......))).)).((...)).....(....)...(((....)))...........(...)...,12,-2.876,17,0,0.000012
6964,.......((.(((......))).))..((((.......))))......((....))((......)).((...))..,15,-2.876,25,0,0.000012
6965,.......((.((........)).))......((.((....)).))..(((....)))............(....).,12,-2.876,22,0,0.000012
6966,...........((........)).......(((((...((.......(((....)))...........))))))).,12,-2.875,14,0,0.000012
6967,...(((.((.(((......))).)).....)))...............((....))....(.(.(...)).)....,13,-2.875,22,0,0.000012
6968,.......((.(((......))).))...(((.......))).......((....))......(.........)...,11,-2.875,20,0,0.000012
6969,.......((.(((......))).))...(((.......))).......((....)).(......)...........,11,-2.875,21,0,0.000012
6970,...(((.((..((........))..))...)))..............(((....))).......(...).......,11,-2.875,31,0,0.000012
6971,...........(((......)))....((((.......)))).....(((......((......))......))).,12,-2.875,40,0,0.000012
6972,..........(((......)))............(((.((......))..)))...((......))..........,10,-2.875,34,0,0.000012
6973,.......((.(((......))).))......((..........))....(....).((......))..........,10,-2.875,23,0,0.000012
6974,..........(((......))).........((..........))..(((....)))...(.(.(...)).)....,11,-2.875,23,0,0.000012
6975,..........(((......))).....((((.......)))).......(....).......(.(...).).....,10,-2.874,29,0,0.000012
6976,.......((.(((......))).))............(.....(((((((....)))........))))...)...,13,-2.874,21,0,0.000012
6977,.......((..(((......)))..))((((.......)))).....(((....)))..((............)).,14,-2.874,35,0,0.000012
6978,.......((.(((......))).)).....(.......)........(((....))).....(.(...).).....,11,-2.874,16,0,0.000012
6979,.......((.(((......))).))...(((.......)))........(....)..((............))...,11,-2.874,23,0,0.000012
6980,...........((((....))))....((((.......)))).....((((...((((......)).))..)))).,16,-2.874,43,0,0.000012
6981,..........(((......)))....((...))..............(((....)))..((............)).,10,-2.874,22,0,0.000012
6982,.......((.((........)).))..((((.......)))).......((.................))......,10,-2.874,28,0,0.000012
6983,.......((.(((......))).)).((.((((.(((.((......))..))).)))..).)).............,16,-2.873,33,0,0.000012
6984,..(.....)..((((....))))...............(....)...(((....)))..((.(.(...).)..)).,13,-2.873,33,0,0.000012
6985,.........((.......)).(((....)))...((....)).....(((....))).....(.(...).).....,12,-2.873,35,0,0.000012
6986,..(.....)..((((....))))...((...))..........(((((((....)))........)))).......,14,-2.873,37,0,0.000012
6987,.......((.(((......))).)).(((((.......)))....))(((....)))...(.(......).)....,15,-2.873,23,0,0.000012
6988,...(((.((..(((......)))..))...)))....(((......((((....)))..)........))).....,15,-2.873,27,0,0.000012
6989,.......((.(((......))).)).....(((((.((........((((....)))..)....))....))))).,16,-2.873,12,0,0.000012
6990,...........((.((((......)))).))......(((.......(((....)))...........))).....,12,-2.873,26,0,0.000012
6991,......(((.(((......))).)).)...........(....)...(((....)))..((.(.(...).)..)).,14,-2.873,21,0,0.000012
6992,.......((.(((......))).))..((((.......)))).....(((..........(.(......).)))).,14,-2.873,27,0,0.000012
6993,.......((.(((......))).))...(((.......))).....((((....)))..)....(.........).,13,-2.873,20,0,0.000012
6994,......(.(.(((......))).)).....(((....(((.......(((....)))...........))).))).,14,-2.873,5,0,0.000012
6995,..((...))..((((....))))........................(((....)))...(.(.(...)).)....,12,-2.873,32,0,0.000012
6996,.......((.((..(...).)).))..((((.......)))).....(((....))).......(...).......,13,-2.873,24,0,0.000012
6997,.......((.(((......))).)).(.....).((....)).....(((....))).......(...).......,12,-2.873,20,0,0.000012
6998,.........(.(((((((...((.((.........)).)).))))))).)......((......))..........,14,-2.873,49,0,0.000012
6999,.......((((((((((..(((((....))).......))..))))))........))))....(.........).,16,-2.872,47,0,0.000012
7000,.......((.(((......))).))....((.......)).......(((....))).(............)....,11,-2.872,16,0,0.000012
7001,..(((.........)))....(((....)))................(((....)))..((.(.(...).)..)).,13,-2.872,37,0,0.000012
7002,.......((..(((......)))))..((((.......)))).....(((....)))...................,12,-2.872,27,0,0.000012
7003,..((...))..((((....)))).......(((.(((.((......))..))).))).....((.......))...,16,-2.872,44,0,0.000012
7004,..((...))..((((....))))..............(((....((((((....)))........)))))).....,15,-2.872,29,0,0.000012
7005,..((...)).(((......)))...(.((((.......))))..)..(((....))).....(.(...).).....,15,-2.872,29,0,0.000012
7006,.......(((.(((((((.(((((....))).......)).))))))).(....)..)))................,16,-2.872,46,0,0.000012
7007,.......((.(((......))).))....((.......))..............((((......)).)).......,11,-2.871,25,0,0.000012
7008,.......((.(((......))).)).....((...))....(.(((((((....)))........))))..)....,15,-2.871,24,0,0.000012
7009,...(((.((..((........))..))...)))..............(((....)))...(.(.(...)).)....,13,-2.871,33,0,0.000012
7010,..(.....)..((((....)))).......((((...(((...(...(((....))).....).....))))))).,16,-2.871,16,0,0.000012
7011,...........(((......)))...............(....)...(((....)))..((............)).,9,-2.871,29,0,0.000012
7012,.......((.(((......))).))....((.......))...((...))......((......))..........,11,-2.871,26,0,0.000012
7013,.......((.(((......))).)).............(....)..((((....)))..).......(.....)..,11,-2.871,18,0,0.000012
7014,......(((.(((......))).)).)...((((...(((...(...(((....))).....).....))))))).,17,-2.871,4,0,0.000012
7015,.......((.(((......))).)).......(..(.....).)...(((....))).....(.(...).).....,12,-2.871,19,0,0.000012
7016,...(((.((.(((......))).)).....)))................(....).((......))..........,11,-2.871,24,0,0.000012
7017,.......((.(((......))).))......((.(((.((......))..))).))......(((...)..))...,15,-2.871,30,0,0.000012
7018,.......((.(((......)))...))((((.......)))).....(((....)))............(....).,13,-2.871,25,0,0.000012
7019,...((.....)).........(((....))).......(....)...(((....))).......(...).......,10,-2.871,31,0,0.000012
7020,...(((.((..((........))..))...)))....(((....((((((....)))........)))))).....,16,-2.87,30,0,0.000012
7021,...(((.((..((((....))))..))...)))...............((....))......(.(...).).....,13,-2.87,36,0,0.000012
7022,..........(((......)))......(((.......)))......(((....))).....(.........)...,10,-2.87,22,0,0.000012
7023,.......((.(((......))).))....((((.(((.((......))..))).)))........)..........,14,-2.87,29,0,0.000012
7024,.......(((((((((((...((.(((.......))).)).)))))))........))))................,16,-2.87,51,0,0.000012
7025,.......((.(((......))).)).....((((.(....)..(((((((....)))........))))..)))).,17,-2.87,15,0,0.000012
7026,.......((.(((......)))...))...(((...((.....(((((((....)))........)))))).))).,17,-2.87,22,0,0.000012
7027,.......((.(((......))).))....................((.......))....................,7,-2.87,22,0,0.000012
7028,.......((.(((......))).))......((.(.....)..))..(((....))).....(......)......,12,-2.87,19,0,0.000012
7029,..((...))..((......))(((....)))................(((....)))...................,10,-2.87,25,0,0.000012
7030,...(((.((.(((......)))...))...)))..............(((....))).......(.........).,12,-2.87,24,0,0.000012
7031,.......((.(((.....).)).)).....(((...((.....(((((((....)))........)))))).))).,17,-2.869,19,0,0.000012
7032,.......((.(((......))).)).....(.....).((.........)).....((......))..........,10,-2.869,25,0,0.000012
7033,...................(....).....((((...(((.(.....(((....))).........).))))))).,12,-2.869,12,0,0.000012
7034,.......((.((........)).))......................(((....)))..........((...))..,9,-2.869,17,0,0.000012
7035,.......((.((..(...).)).))..((((.......)))).....(((....)))...(.(.(...)).)....,15,-2.869,26,0,0.000012
7036,.......((.(((......))).)).(.....).((....)).....(((....)))...(.(.(...)).)....,14,-2.869,22,0,0.000012
7037,...........(.(((....))).)..((((.......)))).....(((....))).....((.......))...,13,-2.869,35,0,0.000012
7038,...........((((....)))).....((.........))......(((....)))...................,9,-2.869,30,0,0.000012
7039,.........(.((.((..........)).)).)..............(((....)))...................,8,-2.869,30,0,0.000012
7040,......((..((.((((....((..(.((((.......))))..).))............)))).))..)).....,15,-2.869,50,0,0.000012
7041,.......((.(((......))).))..((((.......)))).................(..............).,10,-2.869,26,0,0.000012
7042,...........((((....)))).......(((....(((............................))).))).,10,-2.868,21,0,0.000012
7043,.......((.(((......))).))..((((.......))))......((....)).((...(.(...).)))...,15,-2.868,25,0,0.000012
7044,......((((.....(((..(((....((((.......))))....)).)..))).......))))..........,14,-2.868,48,0,0.000012
7045,.......((.(((......))).))..((((((.((....)).))....))))...........(...).......,14,-2.868,33,0,0.000012
7046,...........(((......)))....((((.......)))).......(....).....................,8,-2.868,35,0,0.000012
7047,.......((.(((......))).))......((.(.....)..))..(((....)))..((...(...)....)).,14,-2.868,21,0,0.000012
7048,..........(((......)))..(....).................(((....)))...................,7,-2.868,19,0,0.000012
7049,..........(((......)))................((.........)).....((......))..........,7,-2.868,28,0,0.000012
7050,...........(.((((....(((....)))................(((....)))...)))).)..........,11,-2.868,36,0,0.000012
7051,.......((.(((......))).)).....(.....)........(((((....)))........)).........,11,-2.868,19,0,0.000012
7052,.......((.(((......))).))..(((((...))..))).....(((....)))...................,13,-2.868,21,0,0.000012
7053,...(((.((.(((......))).)).....))).....(....)...(((....)))..(........).......,13,-2.868,19,0,0.000012
7054,.......((.(((......))).))....((.......)).......(((....)))....((.(...)...).).,13,-2.868,18,0,0.000012
7055,.......(((((((((((.(((((....))).......)).)))))))........))))..(.......).....,17,-2.868,49,0,0.000012
7056,.......((.(((......))).))......((..(.....).))..(((....)))............(....).,12,-2.868,18,0,0.000012
7057,..((...))..(((......))).......((((...(((......((((....)))....)......))))))).,16,-2.867,16,0,0.000012
7058,.......((.(((......))).)).....(((.(..((........(((....))).......))....).))).,14,-2.867,11,0,0.000012
7059,...((.....)).........(((....))).......(....)...(((....)))...(.(.(...)).)....,12,-2.867,33,0,0.000012
7060,.......((.(((......))).))....((.......)).......(((....)))..((....(.....).)).,13,-2.867,18,0,0.000012
7061,...(((.((..(((......)))..))...)))......((..(((((((....)))........))))....)).,17,-2.867,39,0,0.000012
7062,...(((.((.(((......)))...))...))).((.....))....(((....)))...................,13,-2.867,27,0,0.000012
7063,.......((.(((......))).)).(((((((..((.((......))..))..)))..)))).............,16,-2.867,33,0,0.000012
7064,.......((.(((......))).)).....((((...(((.(.((................))...).))))))).,15,-2.866,12,0,0.000012
7065,.....................(((....))).......(....)...(((....))).............(...).,8,-2.866,28,0,0.000012
7066,..((...))..((((....))))..(.((((.......))))..)..(((....))).....((.......))...,16,-2.866,38,0,0.000012
7067,..(.....)..((((....))))......((.......)).......(((....)))..........((...))..,12,-2.866,30,0,0.000012
7068,...........((((....)))).....(((.......)))......(((....))).............(...).,11,-2.866,30,0,0.000012
7069,...........((((....)))).......((((..((.....((((..................)))))))))).,14,-2.866,33,0,0.000012
7070,.......((.(((......))).))....((...............)).((.....((......))..))......,11,-2.866,26,0,0.000012
7071,......(((.(((......))).)).)..((.......)).......(((....)))..........((...))..,13,-2.866,18,0,0.000012
7072,...........(((((((...((.((((.....)))).)).)))))))........((......))..........,15,-2.866,51,0,0.000012
7073,...(((.((.(((......))).)).....))).((.....))....(((....))).......(...).......,14,-2.866,22,0,0.000012
7074,..........(((......)))........(((.(((.((......))..))).))).....(((...)..))...,14,-2.866,34,0,0.000012
7075,..(.....)..(((......)))........................(((....))).....(.(...).).....,9,-2.866,29,0,0.000012
7076,......((((.(..(((..((((....((((.......))))....)).))..)))...)..))))..........,16,-2.866,49,0,0.000012
7077,.......((.(((......))).))..((((.......)))).......((.....(....)......))......,12,-2.866,27,0,0.000012
7078,.......((.(((......))).)).............(....)...(((....)))......(.......)....,10,-2.866,16,0,0.000012
7079,.......((.(((......))).)).....((((...(((...(......................).))))))).,13,-2.866,8,0,0.000012
7080,.......((.(((......))).))...(((.......)))........(....)....(.((.(...).))..).,13,-2.865,25,0,0.000012
7081,.......(....)........(((....)))............(((((((....)))........)))).......,11,-2.865,34,0,0.000012
7082,.......((.(((......))).))...(((.......)))...............((......))...(....).,11,-2.865,26,0,0.000012
7083,..((...))..((((....))))........((.((....)).))..(((....)))..((.(.(...).)..)).,17,-2.865,39,0,0.000012
7084,...........(((......))).......(((((((.((......))..)))..................)))).,12,-2.865,31,0,0.000012
7085,..(.....)..((((....))))....((((.......)))).....(((....))).....(.(...))......,14,-2.865,35,0,0.000012
7086,.......((((....(((.((((..(.((((.......))))..).)).)).))).)))).........(....).,17,-2.865,49,0,0.000012
7087,.......((.((........)).)).............((......))........((......))..........,8,-2.865,26,0,0.000012
7088,.......((.(((......))).))..((((((.((....)).))....)))).......(.(.(...)).)....,16,-2.865,35,0,0.000012
7089,...........((((....))))...(.....).....(....)...(((....)))..((............)).,11,-2.865,31,0,0.000012
7090,..((...)).(((......)))......(((.......)))..(((((((....)))........)))).......,15,-2.865,30,0,0.000012
7091,.......((.((........)).))....((.......)).......(((....)))..((.((.......)))).,13,-2.865,21,0,0.000012
7092,...........(((......)))...........((....)).(((((((....)))........)))).......,12,-2.865,37,0,0.000012
7093,.......((.(((......))).))....((...............)).(....)....((.(.(...).)..)).,12,-2.864,24,0,0.000012
7094,...........((((....))))...((...)).....(....)...(((....))).....((.......))...,12,-2.864,32,0,0.000012
7095,.......((.(((......))).)).......((...(((........((....))((......))..)))))...,14,-2.864,9,0,0.000012
7096,........(.(((......))).)......((((...(((............................))))))).,11,-2.864,8,0,0.000012
7097,.......(((((((((((.((((......)).......)).)))))))........))))....(...).......,16,-2.864,48,0,0.000012
7098,.....................(((....)))................(((....)))....(............).,7,-2.864,28,0,0.000012
7099,.......((.(((......))).))..((((.......((......)).))))...((......))..........,13,-2.864,30,0,0.000012
7100,..(.....)..((((....))))........((.((....)).))..(((....))).......(...).......,13,-2.864,35,0,0.000012
7101,.......((.(((......))).))......(..((.....)).)..(((....)))..((.(.(...).)..)).,15,-2.864,23,0,0.000012
7102,.......((.(((......))).))....................(((.((..(............).)).)))..,11,-2.864,25,0,0.000012
7103,......(((.(((......))).)).)....((.((....)).))..(((....))).......(...).......,14,-2.864,23,0,0.000012
7104,...........((((....))))......((.......))...(((((((....)))........))))(....).,14,-2.863,35,0,0.000012
7105,.......((.(((......))).))..((((..................))))....((............))...,11,-2.863,28,0,0.000012
7106,.......((.(((......))).)).((...))...............((....))......(.(...).).....,11,-2.863,20,0,0.000012
7107,.......((.(((......))).))..((((.......)))).....((((.....(........).....)))).,14,-2.863,27,0,0.000012
7108,...((((((.(((......))).)).)...)))..............(((....))).....((.......))...,14,-2.863,21,0,0.000012
7109,.......(..(((......)))..)..((((.......)))).....(((....)))........(........).,12,-2.863,22,0,0.000012
7110,.......((.(((......))).)).........((....))......((....))....(.(......).)....,11,-2.863,22,0,0.000012
7111,.......((.(((......))).)).....(((..(...........(((....))).............).))).,12,-2.863,9,0,0.000012
7112,.....................(((....)))......(.....)...(((....)))..((.(.(...).)..)).,11,-2.863,32,0,0.000012
7113,.......((.(((......))).))..((((.(.....(....)...).))))...((......))..........,13,-2.863,30,0,0.000012
7114,........(.(((......))).)....(((.......)))......(((....))).......(...).......,11,-2.863,20,0,0.000012
7115,.......((.(((......))).))....((((.((....)).)).))...................((...))..,13,-2.863,29,0,0.000012
7116,..(.....)............(((....))).......(....)...(((....)))..((............)).,10,-2.863,31,0,0.000012
7117,.......((.(((.(...)))).))......((.((....)).))..(((....))).....((.......))...,15,-2.863,24,0,0.000012
7118,.......((.(((......))).)).........((.....))....((((.....((......)).....)))).,13,-2.863,28,0,0.000011
7119,..(.....)..((((....)))).....(((.......)))......(((....)))..((............)).,13,-2.862,33,0,0.000011
7120,.......((.(((.(...)))).))..((((.......))))...(((((....)))........)).........,15,-2.862,25,0,0.000011
7121,.......((.(((......))).))......((....((........(((....))).......))....))....,12,-2.862,16,0,0.000011
7122,...(((.((.(((......)))...))...)))..............(((....)))..(..............).,12,-2.862,24,0,0.000011
7123,...........(((......))).......(((....((....(((((((....)))........)))))).))).,15,-2.862,23,0,0.000011
7124,..((...)).(((......)))....(.....)....(((.......(((....)))...........))).....,12,-2.862,15,0,0.000011
7125,...(((.((.(((......))).)).....))).((.....))....(((....)))...(.(.(...)).)....,16,-2.862,24,0,0.000011
7126,.....................(((....))).......((......))...........((.(.(...).)..)).,9,-2.862,38,0,0.000011
7127,.....(....)((((....))))....((((.......)))).....(((....)))...................,12,-2.862,33,0,0.000011
7128,.......((.(((......))).))....(.............)...(((....))).....((.......))...,11,-2.862,18,0,0.000011
7129,...........((((((..((((......)).......))..))))))........((......))..........,12,-2.862,44,0,0.000011
7130,.......(((((((((((...(((....)))..........)))))))........)))).......((...))..,16,-2.862,49,0,0.000011
7131,...........(((......))).......((((...(((......((((....))).......)...))))))).,14,-2.861,14,0,0.000011
7132,.......((.(((......))).)).....(.....)..........(((....)))...(.....).........,10,-2.861,17,0,0.000011
7133,...........((........))........................(((....))).....(.(...).).....,7,-2.861,27,0,0.000011
7134,.......((((....(((...((....((((.......))))....))....))).))))................,13,-2.861,46,0,0.000011
7135,.....(.(..(((......)))..).)...((((...(((.......(((....)))...........))))))).,15,-2.861,4,0,0.000011
7136,.......((.(((......))).))......((.(.....)..))..(((....))).....(.........)...,12,-2.861,19,0,0.000011
7137,.......((.(((......))).))....((.......)).......((((...........(.(...).))))).,13,-2.861,24,0,0.000011
7138,.......((.(((......))).))..((((.......))))........(......)..................,10,-2.861,27,0,0.000011
7139,...........((((....)))).......(.....)..........(((....))).....(.(...).).....,10,-2.86,30,0,0.000011
7140,.......((.(((......))).))..((((.......))))...(((((....))...............)))..,14,-2.86,23,0,0.000011
7141,..(.....)..((((....))))........((.((....)).))..(((....)))...(.(.(...)).)....,15,-2.86,37,0,0.000011
7142,.......((..((((....))))))............(((.......(((....)))...........))).....,12,-2.86,17,0,0.000011
7143,......(.(.(((......))).)..)..........(((.......(((....)))...........))).....,11,-2.86,12,0,0.000011
7144,......(((.(((......))).)).)....((.((....)).))..(((....)))...(.(.(...)).)....,16,-2.86,25,0,0.000011
7145,..........(((......)))...(.((((.......))))..)..(((....))).....(((...)..))...,14,-2.86,28,0,0.000011
7146,.......((.(((......))).)).(..........).........(((....)))...................,9,-2.86,15,0,0.000011
7147,..(.(..((.(((......))).))).)..((((.............(((....)))..............)))).,14,-2.86,10,0,0.000011
7148,.......((.(((......))).)).....((((...(((....(...((....))...)........))))))).,15,-2.86,4,0,0.000011
7149,.......((.(((......))).)).........(((.((......))..)))...((.(........))).....,13,-2.86,29,0,0.000011
7150,..(.....)..((((....))))...(.....)..............(((....))).....(.(...).).....,11,-2.86,31,0,0.000011
7151,.......((.(((......))).)).(.....)....(.....)...(((....))).......(...).......,11,-2.86,17,0,0.000011
7152,.......((.(((.(...)))).)).........((....)).....(((....))).....(.(...).).....,13,-2.859,22,0,0.000011
7153,.......((.(((......))).))......((.(......).))..(((....)))..(.((.(...).))..).,15,-2.859,22,0,0.000011
7154,.......((.(((......))).)).....(((....(((...((...))......((......))..))).))).,15,-2.859,13,0,0.000011
7155,.......((.(((......))).)).....((((((....)).............................)))).,11,-2.859,16,0,0.000011
7156,.......((.(((......))).)).....(((....(((......(............)........))).))).,12,-2.859,10,0,0.000011
7157,.......((..((........))..))..((.......)).......(((....)))...................,9,-2.859,28,0,0.000011
7158,........(.(((......))).)....(((.......)))......(((....)))...(.(.(...)).)....,13,-2.859,22,0,0.000011
7159,.......((.(((......))).))....((.......)).......((......))..((.(.(...).)..)).,13,-2.859,21,0,0.000011
7160,.......((.(((......))).)).............(....)...(((....)))...(.....)..(....).,11,-2.859,17,0,0.000011
7161,..........(((......)))........(((((........(((((((....)))........)))).))))).,15,-2.859,18,0,0.000011
7162,.......((.(((......))).))..((((.......))))..(..(((....))).).(.(......).)....,15,-2.859,23,0,0.000011
7163,.......((.(((......))).)).....(((.(((.(........)..))).))).....((.......))...,14,-2.859,28,0,0.000011
7164,.......((.(((......))).)).....((((...............(....)................)))).,10,-2.859,10,0,0.000011
7165,...................(((((....))).......))...(((((((....)))........)))).......,12,-2.859,34,0,0.000011
7166,...........(((((((...((...............)).)))))))............(.(......).)....,11,-2.859,44,0,0.000011
7167,.........(.((......(....)....)).)....(((.......(((....)))...........))).....,10,-2.859,20,0,0.000011
7168,.......((.(((......))).)).........((....)).....(((....))).......(...)(....).,12,-2.859,19,0,0.000011
7169,...........(((((((...(((....)))..........)))))))...........((.(.(...).)..)).,14,-2.859,48,0,0.000011
7170,.......((.(((......))).)).(.....).....((......))................(...).......,9,-2.858,23,0,0.000011
7171,..........(((......)))............((....)).....(((....)))...(.(......).)....,10,-2.858,24,0,0.000011
7172,.......((.(((......))).))....((.......))..........(.....)...................,8,-2.858,22,0,0.000011
7173,...........((((....))))....((((.......))))......((....))....(.(......).)....,12,-2.858,36,0,0.000011
7174,........(.(((......))).)......(((....(((....((((((....)))........)))))).))).,16,-2.858,10,0,0.000011
7175,.......((.(((......))).)).....((..(((.((......))..)))..))........(........).,13,-2.857,28,0,0.000011
7176,.......((.(((......))).))......(.....(((.......(((....)))...........))))....,12,-2.857,8,0,0.000011
7177,...(((.((..((((....))))..))...))).((.....))....(((....))).....(.(...).).....,16,-2.857,38,0,0.000011
7178,.......((.(((......)))...))...((((...(((............................))))))).,12,-2.857,12,0,0.000011
7179,.......((.(((......))).))..((((.......)))).......(..............)...........,10,-2.857,26,0,0.000011
7180,.......((.(((.....).)).)).....((((...(((............................))))))).,12,-2.857,9,0,0.000011
7181,.......((.(((.(...)))).)).....(((.(((.((......))..))).)))..........(.....)..,15,-2.857,30,0,0.000011
7182,.......((.(((......))).)).......(.((....)).)....((....))...((.(.(...).)..)).,14,-2.857,25,0,0.000011
7183,.......((.(((......))).)).(.....)..........(((((((....)))........))))(....).,14,-2.856,22,0,0.000011
7184,..(.....)............(((....)))...((....)).(((((((....)))........)))).......,13,-2.856,39,0,0.000011
7185,..........(((......)))........((((...(((.(.(...(((....))).....)...).))))))).,15,-2.856,8,0,0.000011
7186,.......((..(((......)))..))...(((.(((.((......))..))).)))..((.(.(...).)..)).,17,-2.856,45,0,0.000011
7187,.......((..............)).....((((...(((.......(((....)))...........))))))).,12,-2.856,6,0,0.000011
7188,.......((.(((......))).)).(.....)....(.....)...(((....)))...(.(.(...)).)....,13,-2.856,19,0,0.000011
7189,.....................(((....))).......((......)).((.................))......,7,-2.856,35,0,0.000011
7190,...........((((....))))......((.......))......((((....)))..)..(.(...).).....,12,-2.856,32,0,0.000011
7191,.......((.(((.(...)))).))..((((.......)))).....(((....)))...(.....).........,14,-2.856,23,0,0.000011
7192,...(((.((..(((......)))..))...)))....(((........((....))............))).....,13,-2.856,27,0,0.000011
7193,..(.....).(((......))).....((((.......)))).....(((....)))..((............)).,13,-2.856,26,0,0.000011
7194,....................((((....))).).....(....)...(((....)))...................,8,-2.856,28,0,0.000011
7195,.......((.(((.....).)).))...(((.......)))......(((....))).......(...).......,12,-2.856,21,0,0.000011
7196,.......((.(((......))).))..((((..................))))......(.((.(...).))..).,13,-2.855,30,0,0.000011
7197,...(((....(((......)))........)))....((....(((((((....)))........)))))).....,15,-2.855,24,0,0.000011
7198,.......((.(((......))).)).(.....).....((......))............(.(.(...)).)....,11,-2.855,25,0,0.000011
7199,..((...))..(((((((...((...............)).)))))))........((......))..........,13,-2.855,47,0,0.000011
7200,...........((((....))))...((...))..............(((....)))............(....).,10,-2.855,29,0,0.000011
7201,......(.....)........(((....)))................(((....))).....(.(...).).....,9,-2.855,30,0,0.000011
7202,.......((..((......))..))...(((.......)))......(((....)))..((.(.(...).)..)).,14,-2.855,23,0,0.000011
7203,.......((.(((......))).))...(.((((...(((....((((((....)))........))))))))))),19,-2.855,8,0,0.000011
7204,.......((.(((......))).)).........((....)).....(((....)))..(..((.......)).).,13,-2.854,21,0,0.000011
7205,...........((((....))))........((..(....)..))..(((....)))...................,10,-2.854,31,0,0.000011
7206,...........((((....))))....((((.......)))).....(((....))).......(...)(....).,13,-2.854,33,0,0.000011
7207,.......((.(((......))).)).........((....)).....(((....)))..((.(.(...))...)).,14,-2.854,22,0,0.000011
7208,.......((.(((......))).))......................(((....)))..(..(.........).).,10,-2.853,16,0,0.000011
7209,...........((((....))))......((.......)).........((.................))......,8,-2.853,35,0,0.000011
7210,......((((.(((((((.(((((....))).......)).)))))))..((...)).....))))..........,18,-2.853,52,0,0.000011
7211,.......((((...(((..((((.(..((((.......))))..).)).))..)))))))..(.(...).).....,18,-2.853,49,0,0.000011
7212,.......((.(((......))).)).....(((.(((......(.....)))).)))...................,12,-2.853,27,0,0.000011
7213,..........(((......))).......................(((.((.................)).)))..,8,-2.853,27,0,0.000011
7214,.......((.(((......))).)).............((.........)).....((.(........))).....,10,-2.853,23,0,0.000011
7215,.......((.(((......))).))....((...............))......((((......)).)).......,11,-2.853,26,0,0.000011
7216,.......((.(((......))).)).............((......))((....))......((.......))...,11,-2.853,19,0,0.000011
7217,.......((.(((......))).))..((((..................)))).((((......)).)).......,13,-2.852,30,0,0.000011
7218,..............(...)..(((....)))......(((.......(((....)))...........))).....,10,-2.852,23,0,0.000011
7219,...........(((((((...(((....)))..........))))))).((.................))......,12,-2.852,45,0,0.000011
7220,...(((....(((......)))........))).....(....)...(((....)))..........((...))..,12,-2.852,23,0,0.000011
7221,.......((.((........)).))....((.......))........((....))....................,8,-2.852,19,0,0.000011
7222,..............((....)).......((.......))...(((((((....)))........)))).......,11,-2.852,34,0,0.000011
7223,.......((.(((......))).))....((..................))...........((.......))...,9,-2.852,24,0,0.000011
7224,..(.....)..((((....))))....((((.......)))).....(((....)))..((.((.......)))).,16,-2.852,37,0,0.000011
7225,...(((.((..((((....))))..))...))).((....)).....(((....))).......(...).......,15,-2.852,37,0,0.000011
7226,.......((.(((.....).)).))...(((.......)))......(((....)))...(.(.(...)).)....,14,-2.852,23,0,0.000011
7227,..........(((......)))..........(.((....)).)...(((....)))..((.(.(...).)..)).,13,-2.852,27,0,0.000011
7228,.......((.(((.(...)))).)).....((((...(((....(((..................)))))))))).,16,-2.852,14,0,0.000011
7229,...(...)...((((....))))....((((.......)))).....(((....))).....(.(...).).....,14,-2.852,35,0,0.000011
7230,...........((((....))))...((...))....(((.(.....(((....))).........).))).....,13,-2.851,25,0,0.000011
7231,.......((.(((......))).)).............(....)..((((...............)).))......,10,-2.851,24,0,0.000011
7232,..(.....).(((......)))........((((...(((..(....(((....))).........).))))))).,15,-2.851,7,0,0.000011
7233,..........(((......)))..............((((.......(((....)))...........))).)...,10,-2.851,13,0,0.000011
7234,.......((.(((......))).)).(.....).....(....)...(((....)))...(.....).........,11,-2.851,18,0,0.000011
7235,.......((.(((......))).)).....((((...(((.(..(..................)..).))))))).,14,-2.851,10,0,0.000011
7236,......((((.(((((((..((((....))).......)..))))))).(....).......))))..........,16,-2.851,48,0,0.000011
7237,.......((.(((......))).))..((((.......)))).....(.(....)..)....(.(...).).....,13,-2.851,26,0,0.000011
7238,.......((.(((......))).))......................(((....)))..((.(......).)..).,11,-2.851,17,0,0.000011
7239,.......((.(((......)))...))...(((....(((....((((((....)))........)))))).))).,17,-2.85,14,0,0.000011
7240,.......((.(((.....).)).)).....(((....(((....((((((....)))........)))))).))).,17,-2.85,11,0,0.000011
7241,.......((.(((......))).))...(.(((....(((.......(((....)))...........))).)))),15,-2.85,4,0,0.000011
7242,.......((.(((......))).)).((...)).((.....))....(((....))).....(.(...).).....,14,-2.85,22,0,0.000011
7243,.......((.(((.(...)))).))....((.......)).......(((....)))........(........).,12,-2.85,18,0,0.000011
7244,.......((.(((.(...)))).)).....((((...(((.........(....).((......))..))))))).,16,-2.85,9,0,0.000011
7245,.......((.((........)).)).....(((.(((.((......))..))).)))........(........).,13,-2.85,30,0,0.000011
7246,.......((..((.(...)))..)).....((((...(((.......(((....)))...........))))))).,15,-2.85,4,0,0.000011
7247,...........((((....))))....((((.......)))).....(((....)))..(..((.......)).).,14,-2.849,35,0,0.000011
7248,.......((.(((......))).))....((((.((....)).)).))((....))......(.(...).).....,15,-2.849,26,0,0.000011
7249,.....................(((....)))................(((......((......))......))).,8,-2.849,36,0,0.000011
7250,..((...))............(((....)))...((.....))....(((....)))...................,10,-2.849,33,0,0.000011
7251,.......((.(((......))).)).....(.....)..........(((....))).....(.......).....,10,-2.849,16,0,0.000011
7252,.......((.(((......))).)).(.....).............((((....)))..)..(.(...).).....,12,-2.849,19,0,0.000011
7253,...........((((....))))....((((.......)))).....(((....)))..((.(.(...))...)).,15,-2.849,36,0,0.000011
7254,.......((.(((......))).))..((((.......)))).......(....).((..(.....)..)).....,13,-2.849,26,0,0.000011
7255,..((...)).(....).....(((....)))......(((.......(((....)))...........))).....,12,-2.849,24,0,0.000011
7256,...(((.((..((((....))))..))...))).((....)).....(((....)))...(.(.(...)).)....,17,-2.849,39,0,0.000011
7257,...........((((....)))).......(((...((.........(((....)))............)).))).,12,-2.848,22,0,0.000011
7258,.......((.(((......))).))......((..........))..(((....))).....(.(...)...)...,12,-2.848,18,0,0.000011
7259,.......((.(((......))).))..((((.......))))...............(......)...........,10,-2.848,27,0,0.000011
7260,.......((.(((......))).)).........((.....))....(((....)))....(......).......,11,-2.848,19,0,0.000011
7261,..........(((......))).....((((.......)))).....(((....))).(.(.(......).).)..,13,-2.848,26,0,0.000011
7262,..((...))..((((....)))).......(((((..((........(((....))).......))....))))).,16,-2.848,24,0,0.000011
7263,.......((.(((......))).))..((((.......))))....((((....)))....).....(.....)..,14,-2.848,22,0,0.000011
7264,.......((.(((......))).)).....(((((..............((.....((......))..))))))).,14,-2.848,17,0,0.000011
7265,.......((.(((......))).))..............((..((((..................))))....)).,11,-2.848,28,0,0.000011
7266,...........((((....))))........................(((....))).....(.(...))......,9,-2.848,29,0,0.000011
7267,..........((........)).......((.......)).......(((....)))...................,7,-2.848,21,0,0.000011
7268,...........(((......)))....((((.......))))......((....))......(.(...).).....,11,-2.847,35,0,0.000011
7269,.......((.(((......))).)).............(....)....................(...).......,7,-2.847,22,0,0.000011
7270,.......((.(((......))).))..((((.......)))).....(((....)))..............(...),13,-2.847,20,0,0.000011
7271,.....(.((.(((......))).)).)...........(....)...(((....))).......(...).......,11,-2.847,18,0,0.000011
7272,.......((.(((......))).))......((..........))..(((....)))((............))...,12,-2.847,18,0,0.000011
7273,.......((..((((....))))..))...........(....)...(((....))).......(...).......,11,-2.847,31,0,0.000011
7274,..........(((......))).......((.......))...((((..................)))).......,9,-2.847,32,0,0.000011
7275,.......((.(((......))).))......................(((....)))...(...(...)..)....,10,-2.847,16,0,0.000011
7276,.......((.(((......))).)).......(.((....)).)................................,8,-2.847,25,0,0.000011
7277,.....(.((.(((......))).)).).....(.((....)).)...(((....)))...................,12,-2.847,21,0,0.000011
7278,.........(.((((((..(((((....))).......))..)))))).)..............(...).......,13,-2.847,44,0,0.000011
7279,.......((.(((......))).)).......(.((.....)))...(((....)))..((.(.(...).)..)).,15,-2.847,23,0,0.000011
7280,.......((..((((....))))..)).....(.((....)).)...(((....)))...................,12,-2.846,34,0,0.000011
7281,.......((.(((......))).)).(.....)................((.................))......,8,-2.846,22,0,0.000011
7282,........(.(((......))).)......((((((.......(((((((....)))........)))))))))).,17,-2.846,17,0,0.000011
7283,........(.(((......))).)......(((.(((.((......))..))).)))...(.(......).)....,14,-2.846,31,0,0.000011
7284,.......((.(((......))).)).....(((....(((.(.((.((((....)))..).))...).))).))).,18,-2.846,10,0,0.000011
7285,...........(.((((....((....((((.......)))).......)).........)))).)..........,11,-2.846,46,0,0.000011
7286,.......((.(((......))).)).....((((...(((......(((......))..)........))))))).,15,-2.846,4,0,0.000011
7287,...(((.((..(((......)))..))...)))....(((......((((....)))....)......))).....,15,-2.846,27,0,0.000011
7288,...(((.((.(((.(...)))).)).....)))..........(((((((....)))........)))).......,16,-2.846,26,0,0.000011
