,Suboptimal proxy structure,Base pair,Energy (kcal/mol),MFE distance,AptaMat,Probability
0,.......(((.((.((.........))...)).)))........((((((...................)))))).,13,-10.927,0,0,0.058880
1,.......(((.((.(((.......)))...)).)))........((((((...................)))))).,14,-10.59,2,0,0.033321
2,..(((..(((.((.((.........))...)).))).)))....((((((...................)))))).,16,-10.348,6,0,0.022167
3,.((((..(((.((.((.........))...)).))).))))...((((((...................)))))).,17,-10.29,8,0,0.020079
4,.......(((((.(((......(((....))))))..)))))..((((((...................)))))).,17,-10.135,26,0,0.015474
5,.......(((.((.((((.....))))...)).)))........((((((...................)))))).,15,-10.032,4,0,0.012991
6,.......(((.((.((.........))...)).)))........((((((......(((.......))))))))).,16,-10.027,6,0,0.012895
7,..(((..(((.((.(((.......)))...)).))).)))....((((((...................)))))).,17,-10.011,8,0,0.012545
8,.((((..(((.((.(((.......)))...)).))).))))...((((((...................)))))).,18,-9.952,10,0,0.011363
9,.......(((.((.................)).)))........((((((...................)))))).,11,-9.8,4,0,0.008789
10,.......(((.((.((.........))...)).)))........((((((......((.........)))))))).,15,-9.744,4,0,0.008000
11,.......(((.((.(((.......)))...)).)))........((((((......(((.......))))))))).,17,-9.69,8,0,0.007298
12,.......(((.((.((.........))...)).)))........((((((.((............))..)))))).,15,-9.592,4,0,0.006188
13,.......(((.((.((.........))...)).)))........(((((.....................))))).,12,-9.571,2,0,0.005976
14,.......(((.((.((.........))...)).)))........((((((......(.....)......)))))).,14,-9.557,2,0,0.005835
15,.......(((.((.((.........))...)).)))........((((((.(((..........)))..)))))).,16,-9.519,6,0,0.005473
16,.......(((.((.((.........))...)).)))........((((((..............(...))))))).,14,-9.483,2,0,0.005143
17,..(((..(((.((.((((.....))))...)).))).)))....((((((...................)))))).,18,-9.453,10,0,0.004891
18,..(((..(((.((.((.........))...)).))).)))....((((((......(((.......))))))))).,19,-9.448,12,0,0.004855
19,..((...(((.((.((.........))...)).)))..))....((((((...................)))))).,15,-9.426,4,0,0.004674
20,.......(((.((.(((.......)))...)).)))........((((((......((.........)))))))).,16,-9.407,6,0,0.004527
21,.((((..(((.((.((((.....))))...)).))).))))...((((((...................)))))).,19,-9.394,12,0,0.004430
22,.((((..(((.((.((.........))...)).))).))))...((((((......(((.......))))))))).,20,-9.39,14,0,0.004398
23,.......(((.((.((.........))...)).)))........((((((.(((..(.....).)))..)))))).,17,-9.388,8,0,0.004388
24,.......(((.((.((.........))...)).)))........((((((.(..............)..)))))).,14,-9.388,2,0,0.004386
25,.(((...(((.((.((.........))...)).)))..)))...((((((...................)))))).,16,-9.367,6,0,0.004234
26,.......(((.((.((.........))...)).)))........((((((..(..............).)))))).,14,-9.357,2,0,0.004163
27,.......(((.((.(((.......)))...)).)))........((((((.((............))..)))))).,16,-9.255,6,0,0.003502
28,.......(((((.(((......(((....))))))..)))))..((((((......(((.......))))))))).,20,-9.235,32,0,0.003389
29,.......(((.((.(((.......)))...)).)))........(((((.....................))))).,13,-9.234,4,0,0.003382
30,..(((..(((.((.................)).))).)))....((((((...................)))))).,14,-9.221,10,0,0.003309
31,.......(((.((.(((.......)))...)).)))........((((((......(.....)......)))))).,15,-9.22,4,0,0.003302
32,.......(((.((.(((.......)))...)).)))........((((((.(((..........)))..)))))).,17,-9.182,8,0,0.003097
33,..(((..(((.((.((.........))...)).))).)))....((((((......((.........)))))))).,18,-9.166,10,0,0.003012
34,.((((..(((.((.................)).))).))))...((((((...................)))))).,15,-9.163,12,0,0.002997
35,.......(((.((.(((.......)))...)).)))........((((((..............(...))))))).,15,-9.145,4,0,0.002911
36,.......(((.((.((.........))...)).)))........((((((...(...........)...)))))).,14,-9.139,2,0,0.002878
37,.......(((.((.((((.....))))...)).)))........((((((......(((.......))))))))).,18,-9.132,10,0,0.002845
38,...((..(((.((.((.........))...)).))).)).....((((((...................)))))).,15,-9.131,4,0,0.002840
39,..(((..(((.((.(((.......)))...)).))).)))....((((((......(((.......))))))))).,20,-9.111,14,0,0.002747
40,.((((..(((.((.((.........))...)).))).))))...((((((......((.........)))))))).,19,-9.107,12,0,0.002728
41,.......(((.((.((.........))...)).)))........((((((.....(......)......)))))).,14,-9.1,2,0,0.002696
42,.......(((.((.((.........))...)).)))........((((((...(..(.....)..)...)))))).,15,-9.096,4,0,0.002678
43,..((...(((.((.(((.......)))...)).)))..))....((((((...................)))))).,16,-9.089,6,0,0.002645
44,.((((..(((.((.(((.......)))...)).))).))))...((((((......(((.......))))))))).,21,-9.052,16,0,0.002489
45,.......(((.((.(((.......)))...)).)))........((((((.(((..(.....).)))..)))))).,18,-9.051,10,0,0.002483
46,.......(((.((.(((.......)))...)).)))........((((((.(..............)..)))))).,15,-9.051,4,0,0.002482
47,.(((...(((.((.(((.......)))...)).)))..)))...((((((...................)))))).,17,-9.03,8,0,0.002396
48,.......(((.((.(((.......)))...)).)))........((((((..(..............).)))))).,15,-9.02,4,0,0.002356
49,..(((..(((.((.((.........))...)).))).)))....((((((.((............))..)))))).,18,-9.013,10,0,0.002330
50,..........((.(((......(((....))))))..)).....((((((...................)))))).,14,-9.005,23,0,0.002295
51,.......(((.((.((.........))...)).)))........((((((..((.....))........)))))).,15,-9.003,4,0,0.002288
52,..(((..(((.((.((.........))...)).))).)))....(((((.....................))))).,15,-8.993,8,0,0.002250
53,..(((..(((.((.((.........))...)).))).)))....((((((......(.....)......)))))).,17,-8.979,8,0,0.002197
54,.((((..(((.((.((.........))...)).))).))))...((((((.((............))..)))))).,19,-8.955,12,0,0.002110
55,.......(((((.(((......(((....))))))..)))))..((((((......((.........)))))))).,19,-8.953,30,0,0.002102
56,..(((..(((.((.((.........))...)).))).)))....((((((.(((..........)))..)))))).,19,-8.941,12,0,0.002060
57,.((((..(((.((.((.........))...)).))).))))...(((((.....................))))).,16,-8.934,10,0,0.002038
58,.......(((.((.((.........))...)).)))........((((((.(((.(......).)))..)))))).,17,-8.926,8,0,0.002009
59,.((((..(((.((.((.........))...)).))).))))...((((((......(.....)......)))))).,18,-8.92,10,0,0.001990
60,..(((..(((.((.((.........))...)).))).)))....((((((..............(...))))))).,17,-8.904,8,0,0.001936
61,.......(((.((.................)).)))........((((((......(((.......))))))))).,14,-8.9,10,0,0.001925
62,.((((..(((.((.((.........))...)).))).))))...((((((.(((..........)))..)))))).,20,-8.882,14,0,0.001866
63,.......(((.((.((((.....))))...)).)))........((((((......((.........)))))))).,17,-8.849,8,0,0.001765
64,.......(((.((.((.(.....).))...)).)))........((((((...................)))))).,14,-8.847,2,0,0.001758
65,.((((..(((.((.((.........))...)).))).))))...((((((..............(...))))))).,18,-8.845,10,0,0.001754
66,..(((..(((.((.(((.......)))...)).))).)))....((((((......((.........)))))))).,19,-8.828,12,0,0.001704
67,..(((..(((.((.((.........))...)).))).)))....((((((.(((..(.....).)))..)))))).,20,-8.81,14,0,0.001652
68,..(((..(((.((.((.........))...)).))).)))....((((((.(..............)..)))))).,17,-8.809,8,0,0.001651
69,.......(((.((.(((.......)))...)).)))........((((((...(...........)...)))))).,15,-8.801,4,0,0.001629
70,.......(((((.(((......(((....))))))..)))))..((((((.((............))..)))))).,19,-8.8,30,0,0.001626
71,...((..(((.((.(((.......)))...)).))).)).....((((((...................)))))).,16,-8.793,6,0,0.001607
72,.......(((.((.((.........))...)).)))........((((((.(((.....)).....)..)))))).,16,-8.784,6,0,0.001582
73,.......(((((.(((......(((....))))))..)))))..(((((.....................))))).,16,-8.78,28,0,0.001571
74,..(((..(((.((.((.........))...)).))).)))....((((((..(..............).)))))).,17,-8.779,8,0,0.001567
75,.((((..(((.((.(((.......)))...)).))).))))...((((((......((.........)))))))).,20,-8.77,14,0,0.001544
76,.......(((((.(((......(((....))))))..)))))..((((((......(.....)......)))))).,18,-8.766,28,0,0.001533
77,.......(((.((.(((.......)))...)).)))........((((((.....(......)......)))))).,15,-8.763,4,0,0.001526
78,.......(((.((.(((.......)))...)).)))........((((((...(..(.....)..)...)))))).,16,-8.759,6,0,0.001516
79,.......(((.((.((.........))...)).)))........(((((((.....)............)))))).,14,-8.752,2,0,0.001499
80,.((((..(((.((.((.........))...)).))).))))...((((((.(((..(.....).)))..)))))).,21,-8.751,16,0,0.001496
81,.((((..(((.((.((.........))...)).))).))))...((((((.(..............)..)))))).,18,-8.751,10,0,0.001496
82,.......(((.((.((.........))...)).)))........((((((...(..........)....)))))).,14,-8.75,2,0,0.001493
83,.......(((.((.((.........))...)).)))..(....)((((((...................)))))).,14,-8.738,2,0,0.001464
84,.......(((((.(((......(((....))))))..)))))..((((((.(((..........)))..)))))).,20,-8.728,32,0,0.001438
85,.((((..(((.((.((.........))...)).))).))))...((((((..(..............).)))))).,18,-8.72,10,0,0.001420
86,.......(((.((.((.........))...)).)))........((((((......((...))......)))))).,15,-8.712,4,0,0.001401
87,.......(((.((.((((.....))))...)).)))........((((((.((............))..)))))).,17,-8.697,8,0,0.001365
88,.......(((((.(((......(((....))))))..)))))..((((((..............(...))))))).,18,-8.691,28,0,0.001352
89,.......(((.((.((((.....))))...)).)))........(((((.....................))))).,14,-8.676,6,0,0.001318
90,..(((..(((.((.(((.......)))...)).))).)))....((((((.((............))..)))))).,19,-8.676,12,0,0.001318
91,.......(((.((.(((.......)))...)).)))........((((((..((.....))........)))))).,16,-8.665,6,0,0.001295
92,.......(((.((.((((.....))))...)).)))........((((((......(.....)......)))))).,16,-8.662,6,0,0.001287
93,..(((..(((.((.(((.......)))...)).))).)))....(((((.....................))))).,16,-8.655,10,0,0.001273
94,.......(((.((.(...........)...)).)))........((((((...................)))))).,12,-8.655,2,0,0.001272
95,.......(((.((.((.........))...)).)))........(((((((....).............)))))).,14,-8.648,2,0,0.001258
96,.......(((.((.((.........))...)).)))........(((((((....)).............))))).,14,-8.648,5,0,0.001258
97,.......(((.((.((.........))...)).)))........((((((...(.(......)..)...)))))).,15,-8.646,4,0,0.001254
98,..(((..(((.((.(((.......)))...)).))).)))....((((((......(.....)......)))))).,18,-8.641,10,0,0.001243
99,.......(((.((.((((.....))))...)).)))........((((((.(((..........)))..)))))).,18,-8.624,10,0,0.001208
100,.......(((.((.((.........))...)).)))........((((((...(..(.....).)....)))))).,15,-8.619,4,0,0.001197
101,.((((..(((.((.(((.......)))...)).))).))))...((((((.((............))..)))))).,20,-8.617,14,0,0.001194
102,.......(((.((.................)).)))........((((((......((.........)))))))).,13,-8.617,8,0,0.001194
103,..(((..(((.((.(((.......)))...)).))).)))....((((((.(((..........)))..)))))).,20,-8.603,14,0,0.001166
104,.......(((.((.((.........))...)).)))........((((((.....(............))))))).,14,-8.599,2,0,0.001157
105,.((((..(((.((.(((.......)))...)).))).))))...(((((.....................))))).,17,-8.597,12,0,0.001153
106,.......(((((.(((......(((....))))))..)))))..((((((.(((..(.....).)))..)))))).,21,-8.597,34,0,0.001153
107,.......(((((.(((......(((....))))))..)))))..((((((.(..............)..)))))).,18,-8.597,28,0,0.001153
108,.......(((.((.(((.......)))...)).)))........((((((.(((.(......).)))..)))))).,18,-8.588,10,0,0.001137
109,.......(((.((.((((.....))))...)).)))........((((((..............(...))))))).,16,-8.587,6,0,0.001135
110,.......(((.((.((.........))...)).)))........((((((..(............)...)))))).,14,-8.584,2,0,0.001129
111,.((((..(((.((.(((.......)))...)).))).))))...((((((......(.....)......)))))).,19,-8.583,12,0,0.001126
112,.......(((.((.((.........))...)).)))........((((((......(...........))))))).,14,-8.58,2,0,0.001121
113,.......(((.((.((.........))...)).)))........(((((((.((.....))...)....)))))).,16,-8.57,6,0,0.001102
114,.......(((.((.((.........))...)).)))........(((((((.((.....))...))....))))).,16,-8.57,9,0,0.001102
115,..(((..(((.((.(((.......)))...)).))).)))....((((((..............(...))))))).,18,-8.567,10,0,0.001096
116,.......(((((.(((......(((....))))))..)))))..((((((..(..............).)))))).,18,-8.566,28,0,0.001094
117,.......(((.((.((.........))...)).)))........(((((((..............)...)))))).,14,-8.56,2,0,0.001084
118,..(((..(((.((.((.........))...)).))).)))....((((((...(...........)...)))))).,17,-8.56,8,0,0.001083
119,..(((..(((.((.((((.....))))...)).))).)))....((((((......(((.......))))))))).,21,-8.553,16,0,0.001071
120,.......(((.((.((.........))...)).)))........(((((((.............)....)))))).,14,-8.552,2,0,0.001070
121,.......(((.((.((.........))...)).)))........(((((((.............))....))))).,14,-8.552,5,0,0.001070
122,.((((..(((.((.(((.......)))...)).))).))))...((((((.(((..........)))..)))))).,21,-8.545,16,0,0.001056
123,...(((((((((.(((......(((....))))))..))))).))))..((....))...................,17,-8.544,46,0,0.001055
124,.......(((.((.((.........))...)).)))........((((((.(((..((...)).)))..)))))).,18,-8.543,10,0,0.001054
125,..((...(((.((.((((.....))))...)).)))..))....((((((...................)))))).,17,-8.531,8,0,0.001031
126,..((...(((.((.((.........))...)).)))..))....((((((......(((.......))))))))).,18,-8.526,10,0,0.001024
127,..(((..(((.((.((.........))...)).))).)))....((((((.....(......)......)))))).,17,-8.521,8,0,0.001015
128,..(((..(((.((.((.........))...)).))).)))....((((((...(..(.....)..)...)))))).,18,-8.517,10,0,0.001008
129,.......(((.((.((.........))...)).)))........((((((..((..........))...)))))).,15,-8.512,4,0,0.000999
130,.......(((.((.((.........))...)).)))........((((((..((.....))...(...))))))).,16,-8.508,6,0,0.000993
131,.((((..(((.((.(((.......)))...)).))).))))...((((((..............(...))))))).,19,-8.508,12,0,0.000993
132,..............(((.....(((....)))....))).....((((((...................)))))).,12,-8.504,22,0,0.000986
133,.((((..(((.((.((.........))...)).))).))))...((((((...(...........)...)))))).,18,-8.501,10,0,0.000981
134,.......(((.((.(..............))).)))........((((((...................)))))).,12,-8.5,5,0,0.000979
135,.((((..(((.((.((((.....))))...)).))).))))...((((((......(((.......))))))))).,22,-8.494,18,0,0.000970
136,.......(((.((.((((.....))))...)).)))........((((((.(((..(.....).)))..)))))).,19,-8.493,12,0,0.000968
137,.......(((.((.((((.....))))...)).)))........((((((.(..............)..)))))).,16,-8.493,6,0,0.000968
138,..(((..(((.((.(((.......)))...)).))).)))....((((((.(((..(.....).)))..)))))).,21,-8.472,16,0,0.000935
139,..(((..(((.((.(((.......)))...)).))).)))....((((((.(..............)..)))))).,18,-8.472,10,0,0.000935
140,.(((...(((.((.((((.....))))...)).)))..)))...((((((...................)))))).,18,-8.472,10,0,0.000934
141,.(((...(((.((.((.........))...)).)))..)))...((((((......(((.......))))))))).,19,-8.468,12,0,0.000927
142,.......(((.((.................)).)))........((((((.((............))..)))))).,13,-8.465,8,0,0.000924
143,.((((..(((.((.((.........))...)).))).))))...((((((.....(......)......)))))).,18,-8.462,10,0,0.000919
144,.......(((.((.((((.....))))...)).)))........((((((..(..............).)))))).,16,-8.462,6,0,0.000918
145,.((((..(((.((.((.........))...)).))).))))...((((((...(..(.....)..)...)))))).,19,-8.459,12,0,0.000913
146,.......(((.((.(((.......)))...)).)))........((((((.(((.....)).....)..)))))).,17,-8.447,8,0,0.000895
147,.......(((.((.................)).)))........(((((.....................))))).,10,-8.445,6,0,0.000892
148,..(((..(((.((.(((.......)))...)).))).)))....((((((..(..............).)))))).,18,-8.441,10,0,0.000887
149,.......(((.((.................)).)))........((((((......(.....)......)))))).,12,-8.43,6,0,0.000871
150,.......((.((.(((......(((....))))))..)).))..((((((...................)))))).,16,-8.424,25,0,0.000861
151,..(((..(((.((.((.........))...)).))).)))....((((((..((.....))........)))))).,18,-8.424,10,0,0.000861
152,.......(((.(((((.........)).)).).)))........((((((...................)))))).,14,-8.417,5,0,0.000852
153,.......(((.(((((.........)).).)).)))........((((((...................)))))).,14,-8.417,2,0,0.000852
154,.......(((.((.(((.......)))...)).)))........(((((((.....)............)))))).,15,-8.415,4,0,0.000848
155,.......(((.((.((.........))...)).)))........((((((.((...(.....)..))..)))))).,16,-8.415,6,0,0.000848
156,.((((..(((.((.(((.......)))...)).))).))))...((((((.(((..(.....).)))..)))))).,22,-8.414,18,0,0.000847
157,.((((..(((.((.(((.......)))...)).))).))))...((((((.(..............)..)))))).,19,-8.414,12,0,0.000847
158,.......(((.((.(((.......)))...)).)))........((((((...(..........)....)))))).,15,-8.412,4,0,0.000845
159,.......(((.((.((.........))...)).)))........((((((.((..(......)..))..)))))).,16,-8.406,6,0,0.000836
160,.......(((.((.(((.......)))...)).)))..(....)((((((...................)))))).,15,-8.401,4,0,0.000829
161,..((.(.(((.((.((.........))...)).))).)))....((((((...................)))))).,16,-8.399,6,0,0.000827
162,.......(((.((.................)).)))........((((((.(((..........)))..)))))).,14,-8.393,10,0,0.000817
163,.......(((.((.((.........))...)).))).........(((((...................)))))..,12,-8.39,2,0,0.000813
164,.((((..(((.((.(((.......)))...)).))).))))...((((((..(..............).)))))).,19,-8.383,12,0,0.000803
165,.......(((.((.((.........))...)).)))........((((((..((..(.....).))...)))))).,16,-8.381,6,0,0.000801
166,.......(((.((.(((.......)))...)).)))........((((((......((...))......)))))).,16,-8.375,6,0,0.000793
167,.((((..(((.((.((.........))...)).))).))))...((((((..((.....))........)))))).,19,-8.365,12,0,0.000780
168,.......(((.((.((.........))...)).)))........(((((((..........).......)))))).,14,-8.36,2,0,0.000773
169,.......(((.((.................)).)))........((((((..............(...))))))).,12,-8.356,6,0,0.000768
170,..(((..(((.((.((.........))...)).))).)))....((((((.(((.(......).)))..)))))).,20,-8.347,14,0,0.000756
171,.......(((((.(((......(((....))))))..)))))..((((((...(...........)...)))))).,18,-8.347,28,0,0.000756
172,.(((.(.(((.((.((.........))...)).))).))))...((((((...................)))))).,17,-8.341,8,0,0.000749
173,......................(((....)))............((((((...................)))))).,9,-8.327,18,0,0.000731
174,..(((..(((.((.................)).))).)))....((((((......(((.......))))))))).,17,-8.322,16,0,0.000725
175,.......(((.((.(((.......)))...)).)))........(((((((....).............)))))).,15,-8.311,4,0,0.000712
176,.......(((.((.(((.......)))...)).)))........(((((((....)).............))))).,15,-8.311,7,0,0.000712
177,.......(((.((.(((.......)))...)).)))........((((((...(.(......)..)...)))))).,16,-8.309,6,0,0.000710
178,.......(((((.(((......(((....))))))..)))))..((((((.....(......)......)))))).,18,-8.308,28,0,0.000708
179,.......(((((.(((................)))..)))))..((((((...................)))))).,14,-8.306,22,0,0.000707
180,.......(((((.(((......(((....))))))..)))))..((((((...(..(.....)..)...)))))).,19,-8.304,30,0,0.000704
181,..((...(((.((.................)).)))..))....((((((...................)))))).,13,-8.299,8,0,0.000698
182,.......(((.((.((.........))...)).)))........((((((.........(........))))))).,14,-8.292,2,0,0.000689
183,.((((..(((.((.((.........))...)).))).))))...((((((.(((.(......).)))..)))))).,21,-8.288,16,0,0.000685
184,.......(((.((.(((.......)))...)).)))........((((((...(..(.....).)....)))))).,16,-8.281,6,0,0.000677
185,..(((..(((.((.((((.....))))...)).))).)))....((((((......((.........)))))))).,20,-8.27,14,0,0.000664
186,.......(.(((.(((......(((....))))))..))).)..((((((...................)))))).,16,-8.269,25,0,0.000663
187,..(((..(((.((.((.(.....).))...)).))).)))....((((((...................)))))).,17,-8.268,8,0,0.000662
188,.......(((.((.((.........))...)).)))........((((((.......(.....).....)))))).,14,-8.264,2,0,0.000658
189,.........(.((.((.........))...)).)..........((((((...................)))))).,11,-8.264,4,0,0.000658
190,.......(((.((.((.........))...)).)))........((((((...........(......))))))).,14,-8.264,2,0,0.000657
191,.((((..(((.((.................)).))).))))...((((((......(((.......))))))))).,18,-8.263,18,0,0.000656
192,.......(((.((.................)).)))........((((((.(((..(.....).)))..)))))).,15,-8.262,12,0,0.000655
193,.......(((.((.(((.......)))...)).)))........((((((.....(............))))))).,15,-8.261,4,0,0.000655
194,.......(((.((.................)).)))........((((((.(..............)..)))))).,12,-8.261,6,0,0.000655
195,.....(.(((.((.((.........))...)).))).)......((((((...................)))))).,14,-8.252,2,0,0.000644
196,.......(((.((.((.........))...)).)))........((((((...(..((...))..)...)))))).,16,-8.251,6,0,0.000643
197,.......(((.((.(((.......)))...)).)))........((((((..(............)...)))))).,15,-8.247,4,0,0.000639
198,..((...(((.((.((.........))...)).)))..))....((((((......((.........)))))))).,17,-8.243,8,0,0.000635
199,.......(((.((.((((.....))))...)).)))........((((((...(...........)...)))))).,16,-8.243,6,0,0.000635
200,.......(((.((.(((.......)))...)).)))........((((((......(...........))))))).,15,-8.243,4,0,0.000634
201,.(((...(((.((.................)).)))..)))...((((((...................)))))).,14,-8.24,10,0,0.000632
202,...((..(((.((.((((.....))))...)).))).)).....((((((...................)))))).,17,-8.235,8,0,0.000627
203,.......(((.((.(((....)...))...)).)))........((((((...................)))))).,14,-8.234,2,0,0.000625
204,.......(((.((.(((.......)))...)).)))........(((((((.((.....))...))....))))).,17,-8.233,11,0,0.000624
205,.......(((.((.(((.......)))...)).)))........(((((((.((.....))...)....)))))).,17,-8.233,8,0,0.000624
206,...((..(((.((.((.........))...)).))).)).....((((((......(((.......))))))))).,18,-8.231,10,0,0.000622
207,.......(((.((.................)).)))........((((((..(..............).)))))).,12,-8.23,6,0,0.000621
208,.......(((.((.(((.......)))...)).)))........(((((((..............)...)))))).,15,-8.223,4,0,0.000613
209,..(((..(((.((.(((.......)))...)).))).)))....((((((...(...........)...)))))).,18,-8.222,10,0,0.000613
210,.......(((.((.(((.......)))...)).)))........(((((((.............)....)))))).,15,-8.215,4,0,0.000605
211,.......(((.((.(((.......)))...)).)))........(((((((.............))....))))).,15,-8.215,7,0,0.000605
212,.((((..(((.((.((((.....))))...)).))).))))...((((((......((.........)))))))).,21,-8.212,16,0,0.000602
213,.......(((((.(((......(((....))))))..)))))..((((((..((.....))........)))))).,19,-8.211,30,0,0.000601
214,.((((..(((.((.((.(.....).))...)).))).))))...((((((...................)))))).,18,-8.209,10,0,0.000600
215,...(...(((.((.((.........))...)).)))..).....((((((...................)))))).,14,-8.208,2,0,0.000599
216,.......(((.((.(((.......)))...)).)))........((((((.(((..((...)).)))..)))))).,19,-8.206,12,0,0.000596
217,......((((.((.((.........))...)).))).)......((((((...................)))))).,14,-8.205,2,0,0.000596
218,..(((..(((.((.((.........))...)).))).)))....((((((.(((.....)).....)..)))))).,19,-8.205,12,0,0.000596
219,.......(((.((.((((.....))))...)).)))........((((((.....(......)......)))))).,16,-8.204,6,0,0.000595
220,.......(((.((.((((.....))))...)).)))........((((((...(..(.....)..)...)))))).,17,-8.201,8,0,0.000591
221,........((.((.((.........))...)).)).........((((((...................)))))).,12,-8.19,2,0,0.000580
222,..((...(((.((.(((.......)))...)).)))..))....((((((......(((.......))))))))).,19,-8.189,12,0,0.000579
223,...(((((((((.(((......(((....))))))..))))).))))..((....)).....(.(...).).....,19,-8.187,49,0,0.000578
224,.(((...(((.((.((.........))...)).)))..)))...((((((......((.........)))))))).,18,-8.185,10,0,0.000575
225,..(((..(((.((.(((.......)))...)).))).)))....((((((.....(......)......)))))).,18,-8.184,10,0,0.000574
226,...(((((((((.(((......(((....))))))..))))).))))(((.....)))..................,18,-8.182,46,0,0.000572
227,..(((..(((.((.(((.......)))...)).))).)))....((((((...(..(.....)..)...)))))).,19,-8.18,12,0,0.000571
228,.......(((.((.(((.......)))...)).)))........((((((..((..........))...)))))).,16,-8.174,6,0,0.000565
229,..(((..(((.((.((.........))...)).))).)))....(((((((.....)............)))))).,17,-8.173,8,0,0.000564
230,..(((..(((.((.((.........))...)).))).)))....((((((...(..........)....)))))).,17,-8.171,8,0,0.000562
231,.......(((.((.(((.......)))...)).)))........((((((..((.....))...(...))))))).,17,-8.171,8,0,0.000562
232,.......(((.((.((.........))...)).)))........(((((((........).........)))))).,14,-8.168,2,0,0.000559
233,.((((..(((.((.(((.......)))...)).))).))))...((((((...(...........)...)))))).,19,-8.164,12,0,0.000555
234,.......(((.((.((.........))...)).)))........((((((...(.(......).)....)))))).,15,-8.156,4,0,0.000548
235,.((((..(((.((.((.........))...)).))).))))...((((((.(((.....)).....)..)))))).,20,-8.147,14,0,0.000540
236,.......(((.((.((.........))...)).)))........(((((((.((.....))).......)))))).,16,-8.14,6,0,0.000533
237,.......(((((.(((......(((....))))))..)))))..((((((.(((.(......).)))..)))))).,21,-8.134,34,0,0.000528
238,..(((..(((.((.((.........))...)).))).)))....((((((......((...))......)))))).,18,-8.133,10,0,0.000528
239,.(((...(((.((.(((.......)))...)).)))..)))...((((((......(((.......))))))))).,20,-8.13,14,0,0.000525
240,.((((..(((.((.(((.......)))...)).))).))))...((((((.....(......)......)))))).,19,-8.125,12,0,0.000520
241,.((((..(((.((.(((.......)))...)).))).))))...((((((...(..(.....)..)...)))))).,20,-8.121,14,0,0.000517
242,..(((..(((.((.((((.....))))...)).))).)))....((((((.((............))..)))))).,20,-8.118,14,0,0.000514
243,.((((..(((.((.((.........))...)).))).))))...(((((((.....)............)))))).,18,-8.115,10,0,0.000511
244,.((((..(((.((.((.........))...)).))).))))...((((((...(..........)....)))))).,18,-8.112,10,0,0.000509
245,.......(((.((.((((.....))))...)).)))........((((((..((.....))........)))))).,17,-8.107,8,0,0.000505
246,..........((.(((......(((....))))))..)).....((((((......(((.......))))))))).,17,-8.105,29,0,0.000503
247,..(((..(((.((.((((.....))))...)).))).)))....(((((.....................))))).,17,-8.097,12,0,0.000496
248,..((...(((.((.((.........))...)).)))..))....((((((.((............))..)))))).,17,-8.091,8,0,0.000491
249,..(((..(((.((.(((.......)))...)).))).)))....((((((..((.....))........)))))).,19,-8.086,12,0,0.000487
250,..(((..(((.((.((((.....))))...)).))).)))....((((((......(.....)......)))))).,19,-8.083,12,0,0.000485
251,.......(((.((((((.......))).)).).)))........((((((...................)))))).,15,-8.08,7,0,0.000482
252,.......(((.((((((.......))).).)).)))........((((((...................)))))).,15,-8.08,4,0,0.000482
253,.......(((.((.(((.......)))...)).)))........((((((.((...(.....)..))..)))))).,17,-8.077,8,0,0.000480
254,..(((..(((.((.(...........)...)).))).)))....((((((...................)))))).,15,-8.076,8,0,0.000479
255,.((((..(((.((.((.........))...)).))).))))...((((((......((...))......)))))).,19,-8.075,12,0,0.000478
256,..((...(((.((.((.........))...)).)))..))....(((((.....................))))).,14,-8.07,6,0,0.000474
257,..(((..(((.((.((.........))...)).))).)))....(((((((....).............)))))).,17,-8.07,8,0,0.000474
258,..(((..(((.((.((.........))...)).))).)))....(((((((....)).............))))).,17,-8.07,11,0,0.000474
259,.......(((.((.(((.......)))...)).)))........((((((.((..(......)..))..)))))).,17,-8.069,8,0,0.000473
260,..(((..(((.((.((.........))...)).))).)))....((((((...(.(......)..)...)))))).,18,-8.068,10,0,0.000472
261,..((.(.(((.((.(((.......)))...)).))).)))....((((((...................)))))).,17,-8.062,8,0,0.000468
262,.((((..(((.((.((((.....))))...)).))).))))...((((((.((............))..)))))).,21,-8.059,16,0,0.000466
263,.......(((.((.((.........))...)).)))........((((((.......(...).......)))))).,14,-8.058,2,0,0.000465
264,..((...(((.((.((.........))...)).)))..))....((((((......(.....)......)))))).,16,-8.056,6,0,0.000463
265,.......(((.((.((.........))...)).)))..........((((...................))))...,11,-8.054,4,0,0.000461
266,.......(((.((.(((.......)))...)).))).........(((((...................)))))..,13,-8.053,4,0,0.000460
267,..(((..(((.((.((((.....))))...)).))).)))....((((((.(((..........)))..)))))).,21,-8.045,16,0,0.000455
268,.......(((.((.(((.......)))...)).)))........((((((..((..(.....).))...)))))).,17,-8.043,8,0,0.000453
269,..(((..(((.((.((.........))...)).))).)))....((((((...(..(.....).)....)))))).,18,-8.04,10,0,0.000451
270,.((((..(((.((.((((.....))))...)).))).))))...(((((.....................))))).,18,-8.039,14,0,0.000450
271,..(((..(((.((.................)).))).)))....((((((......((.........)))))))).,16,-8.039,14,0,0.000450
272,.......(((.((.((.........))...)).)))........(((((((..(.....).).......)))))).,15,-8.037,4,0,0.000449
273,.(((...(((.((.((.........))...)).)))..)))...((((((.((............))..)))))).,18,-8.032,10,0,0.000445
274,.......(((.((.((((.....))))...)).)))........((((((.(((.(......).)))..)))))).,19,-8.03,12,0,0.000443
275,.((((..(((.((.(((.......)))...)).))).))))...((((((..((.....))........)))))).,20,-8.028,14,0,0.000441
276,.((((..(((.((.((((.....))))...)).))).))))...((((((......(.....)......)))))).,20,-8.025,14,0,0.000439
277,.......(((.((.(((.......)))...)).)))........(((((((..........).......)))))).,15,-8.023,4,0,0.000438
278,..(((..(((.((.((.........))...)).))).)))....((((((.....(............))))))).,17,-8.02,8,0,0.000436
279,...(((((((((.(((......(((....))))))..))))).)))).............................,15,-8.019,43,0,0.000435
280,..((...(((.((.((.........))...)).)))..))....((((((.(((..........)))..)))))).,18,-8.018,10,0,0.000434
281,.((((..(((.((.(...........)...)).))).))))...((((((...................)))))).,16,-8.017,10,0,0.000434
282,.(((...(((.((.((.........))...)).)))..)))...(((((.....................))))).,15,-8.012,8,0,0.000430
283,.......(((.((.................)).)))........((((((...(...........)...)))))).,12,-8.012,6,0,0.000430
284,.((((..(((.((.((.........))...)).))).))))...(((((((....)).............))))).,18,-8.011,13,0,0.000429
285,.((((..(((.((.((.........))...)).))).))))...(((((((....).............)))))).,18,-8.011,10,0,0.000429
286,..(((..(((.((.(((.......)))...)).))).)))....((((((.(((.(......).)))..)))))).,21,-8.01,16,0,0.000428
287,.((((..(((.((.((.........))...)).))).))))...((((((...(.(......)..)...)))))).,19,-8.009,12,0,0.000428
288,..(((..(((.((.((((.....))))...)).))).)))....((((((..............(...))))))).,19,-8.008,12,0,0.000427
289,...(((((((((.(((......(((....))))))..))))).)))).((.....))...................,17,-8.008,45,0,0.000427
290,..(((..(((.((.((.........))...)).))).)))....((((((..(............)...)))))).,17,-8.006,8,0,0.000425
291,...((..(((.((.................)).))).)).....((((((...................)))))).,13,-8.004,8,0,0.000424
292,.(((.(.(((.((.(((.......)))...)).))).))))...((((((...................)))))).,18,-8.004,10,0,0.000424
293,..(((..(((.((.((.........))...)).))).)))....((((((......(...........))))))).,17,-8.001,8,0,0.000422
294,.......(((((..........(((....))).....)))))..((((((...................)))))).,14,-7.999,24,0,0.000421
295,.(((...(((.((.((.........))...)).)))..)))...((((((......(.....)......)))))).,17,-7.998,8,0,0.000420
296,.......(((((.(((......(((....))))))..)))))..((((((.(((.....)).....)..)))))).,20,-7.992,32,0,0.000416
297,..(((..(((.((.((.........))...)).))).)))....(((((((.((.....))...)....)))))).,19,-7.991,12,0,0.000415
298,..(((..(((.((.((.........))...)).))).)))....(((((((.((.....))...))....))))).,19,-7.991,15,0,0.000415
299,.......(((.((.((.........))...)).)))........((((((.(.(..........).)..)))))).,15,-7.99,4,0,0.000414
300,.((((..(((.((.((((.....))))...)).))).))))...((((((.(((..........)))..)))))).,22,-7.987,18,0,0.000412
301,.......(((.(...................).)))........((((((...................)))))).,10,-7.984,6,0,0.000410
302,..((...(((.((.((.........))...)).)))..))....((((((..............(...))))))).,16,-7.982,6,0,0.000408
303,.((((..(((.((.((.........))...)).))).))))...((((((...(..(.....).)....)))))).,19,-7.981,12,0,0.000408
304,..(((..(((.((.((.........))...)).))).)))....(((((((..............)...)))))).,17,-7.981,8,0,0.000408
305,.((((..(((.((.................)).))).))))...((((((......((.........)))))))).,17,-7.98,16,0,0.000407
306,..(((..(((.((.((.........))...)).))).)))....(((((((.............))....))))).,17,-7.973,11,0,0.000403
307,..(((..(((.((.((.........))...)).))).)))....(((((((.............)....)))))).,17,-7.973,8,0,0.000403
308,.......(((.((.................)).)))........((((((.....(......)......)))))).,12,-7.973,6,0,0.000402
309,.......(((.((.................)).)))........((((((...(..(.....)..)...)))))).,13,-7.969,8,0,0.000400
310,..(((..(((.((.((.........))...)).))).)))....((((((.(((..((...)).)))..)))))).,21,-7.965,16,0,0.000397
311,..............((((....(((....)))...)))).....((((((...................)))))).,13,-7.963,23,0,0.000395
312,.((((..(((.((.((.........))...)).))).))))...((((((.....(............))))))).,18,-7.961,10,0,0.000395
313,.......(((((.(((......(((....))))))..)))))..(((((((.....)............)))))).,18,-7.961,28,0,0.000394
314,.(((...(((.((.((.........))...)).)))..)))...((((((.(((..........)))..)))))).,19,-7.96,12,0,0.000394
315,.......(((((.(((......(((....))))))..)))))..((((((...(..........)....)))))).,18,-7.958,28,0,0.000392
316,.......(((.((.(((.......)))...)).)))........((((((.........(........))))))).,15,-7.954,4,0,0.000390
317,.((((..(((.((.(((.......)))...)).))).))))...((((((.(((.(......).)))..)))))).,22,-7.951,18,0,0.000388
318,.((((..(((.((.((((.....))))...)).))).))))...((((((..............(...))))))).,20,-7.95,14,0,0.000387
319,...((..(((.((.((.........))...)).))).)).....((((((......((.........)))))))).,17,-7.948,8,0,0.000386
320,.((((..(((.((.((.........))...)).))).))))...((((((..(............)...)))))).,18,-7.947,10,0,0.000385
321,.......(((.((.((.(.....).))...)).)))........((((((......(((.......))))))))).,17,-7.947,8,0,0.000385
322,.((((..(((.((.((.........))...)).))).))))...((((((......(...........))))))).,18,-7.943,10,0,0.000382
323,..(((..(((.((.((.........))...)).))).)))....((((((..((..........))...)))))).,18,-7.933,10,0,0.000376
324,.((((..(((.((.((.........))...)).))).))))...(((((((.((.....))...)....)))))).,20,-7.932,14,0,0.000376
325,.((((..(((.((.((.........))...)).))).))))...(((((((.((.....))...))....))))).,20,-7.932,17,0,0.000376
326,..(((..(((.((.((.........))...)).))).)))....((((((..((.....))...(...))))))).,19,-7.929,12,0,0.000374
327,.......(((.((.(((.......)))...)).)))........((((((.......(.....).....)))))).,15,-7.927,4,0,0.000372
328,.........(.((.(((.......)))...)).)..........((((((...................)))))).,12,-7.927,6,0,0.000372
329,.......(((.((.(((.......)))...)).)))........((((((...........(......))))))).,15,-7.927,4,0,0.000372
330,.(((...(((.((.((.........))...)).)))..)))...((((((..............(...))))))).,17,-7.923,8,0,0.000370
331,.((((..(((.((.((.........))...)).))).))))...(((((((..............)...)))))).,18,-7.923,10,0,0.000370
332,.......(((((.((((......((....))))))..)))))..((((((...................)))))).,17,-7.922,26,0,0.000369
333,..(((..(((.((.(..............))).))).)))....((((((...................)))))).,15,-7.921,11,0,0.000369
334,.......(((((.(((......(((....))))))..)))))..((((((......((...))......)))))).,19,-7.92,30,0,0.000368
335,.......(((.((.((.........))...)).)))........((((((..((.(......).))...)))))).,16,-7.918,6,0,0.000367
336,.((((..(((.((.((.........))...)).))).))))...(((((((.............)....)))))).,18,-7.915,10,0,0.000365
337,.((((..(((.((.((.........))...)).))).))))...(((((((.............))....))))).,18,-7.915,13,0,0.000365
338,.....(.(((.((.(((.......)))...)).))).)......((((((...................)))))).,15,-7.915,4,0,0.000365
339,..(((..(((.((.((((.....))))...)).))).)))....((((((.(((..(.....).)))..)))))).,22,-7.914,18,0,0.000364
340,..(((..(((.((.((((.....))))...)).))).)))....((((((.(..............)..)))))).,19,-7.914,12,0,0.000364
341,.......(((.((.(((.......)))...)).)))........((((((...(..((...))..)...)))))).,17,-7.914,8,0,0.000364
342,.......(((((.(((......((......)))))..)))))..((((((...................)))))).,16,-7.91,24,0,0.000362
343,..((...(((.((.(((.......)))...)).)))..))....((((((......((.........)))))))).,18,-7.906,10,0,0.000359
344,.((((..(((.((.((.........))...)).))).))))...((((((.(((..((...)).)))..)))))).,22,-7.906,18,0,0.000359
345,.......(((.((.((.........))...)).)))........(((((((.((.....))....)...)))))).,16,-7.897,6,0,0.000354
346,...((..(((.((.(((.......)))...)).))).)).....((((((......(((.......))))))))).,19,-7.894,12,0,0.000352
347,.......(((.((.((((.....))))...)).)))........((((((.(((.....)).....)..)))))).,18,-7.889,10,0,0.000349
348,.......(((.((.((.(...)...))...)).)))........((((((...................)))))).,14,-7.888,2,0,0.000349
349,..((...(((.((.((.........))...)).)))..))....((((((.(((..(.....).)))..)))))).,19,-7.887,12,0,0.000348
350,..((...(((.((.((.........))...)).)))..))....((((((.(..............)..)))))).,16,-7.887,6,0,0.000348
351,..(((..(((.((.................)).))).)))....((((((.((............))..)))))).,16,-7.886,14,0,0.000348
352,..(((..(((.((.((((.....))))...)).))).)))....((((((..(..............).)))))).,19,-7.883,12,0,0.000346
353,.......(((.((.................)).)))........((((((..((.....))........)))))).,13,-7.876,8,0,0.000341
354,.((((..(((.((.((.........))...)).))).))))...((((((..((..........))...)))))).,19,-7.874,12,0,0.000341
355,...(...(((.((.(((.......)))...)).)))..).....((((((...................)))))).,15,-7.871,4,0,0.000339
356,.((((..(((.((.((.........))...)).))).))))...((((((..((.....))...(...))))))).,20,-7.871,14,0,0.000339
357,...(((((((((.(((......(((....))))))..))))).))))..((....))..((.(.(...).)..)).,21,-7.868,51,0,0.000337
358,......((((.((.(((.......)))...)).))).)......((((((...................)))))).,15,-7.868,4,0,0.000337
359,..(((..(((.((.(((.......)))...)).))).)))....((((((.(((.....)).....)..)))))).,20,-7.868,14,0,0.000337
360,.......(((.((.((.........))...)).)))........(((((((.(..........).)...)))))).,15,-7.867,4,0,0.000336
361,..(((..(((.((.................)).))).)))....(((((.....................))))).,13,-7.866,12,0,0.000336
362,.((((..(((.((.(..............))).))).))))...((((((...................)))))).,16,-7.862,13,0,0.000334
363,.......(((.((.((.........))...)).)))........((((((.(.(..(.....).).)..)))))).,16,-7.859,6,0,0.000332
364,.......(((.((.((((.....))))...)).)))........(((((((.....)............)))))).,16,-7.857,6,0,0.000331
365,.......(((((.(((......(((....))))))..)))))..(((((((....)).............))))).,18,-7.857,31,0,0.000331
366,.......(((((.(((......(((....))))))..)))))..(((((((....).............)))))).,18,-7.857,28,0,0.000331
367,..((...(((.((.((.........))...)).)))..))....((((((..(..............).)))))).,16,-7.856,6,0,0.000330
368,.((((..(((.((.((((.....))))...)).))).))))...((((((.(((..(.....).)))..)))))).,23,-7.856,20,0,0.000330
369,.((((..(((.((.((((.....))))...)).))).))))...((((((.(..............)..)))))).,20,-7.855,14,0,0.000330
370,.......(((((.(((......(((....))))))..)))))..((((((...(.(......)..)...)))))).,19,-7.855,30,0,0.000330
371,.......(((.((.((((.....))))...)).)))........((((((...(..........)....)))))).,16,-7.854,6,0,0.000329
372,........((.((.(((.......)))...)).)).........((((((...................)))))).,13,-7.852,4,0,0.000328
373,..(((..(((.((.................)).))).)))....((((((......(.....)......)))))).,15,-7.852,12,0,0.000328
374,.......(((.((.((.........))...)).)))........((((.......................)))).,11,-7.849,4,0,0.000326
375,.(((...(((.((.(((.......)))...)).)))..)))...((((((......((.........)))))))).,19,-7.847,12,0,0.000326
376,.......(((.((.((((.....))))...)).)))..(....)((((((...................)))))).,16,-7.843,6,0,0.000323
377,..(((..(((.(((((.........)).)).).))).)))....((((((...................)))))).,17,-7.839,11,0,0.000321
378,..(((..(((.(((((.........)).).)).))).)))....((((((...................)))))).,17,-7.839,8,0,0.000321
379,.......(((.((.((.........))...)).)))..(....)((((((......(((.......))))))))).,17,-7.838,8,0,0.000321
380,..(((..(((.((.(((.......)))...)).))).)))....(((((((.....)............)))))).,18,-7.836,10,0,0.000319
381,..(((..(((.((.((.........))...)).))).)))....((((((.((...(.....)..))..)))))).,19,-7.836,12,0,0.000319
382,..(((..(((.((.(((.......)))...)).))).)))....((((((...(..........)....)))))).,18,-7.833,10,0,0.000318
383,.......(((.((.(((.......)))...)).)))........(((((((........).........)))))).,15,-7.83,4,0,0.000316
384,.(((...(((.((.((.........))...)).)))..)))...((((((.(((..(.....).)))..)))))).,20,-7.829,14,0,0.000316
385,.(((...(((.((.((.........))...)).)))..)))...((((((.(..............)..)))))).,17,-7.829,8,0,0.000315
386,.((((..(((.((.................)).))).))))...((((((.((............))..)))))).,17,-7.828,16,0,0.000315
387,..(((..(((.((.((.........))...)).))).)))....((((((.((..(......)..))..)))))).,19,-7.827,12,0,0.000315
388,.......(((((.(((......(((....))))))..)))))..((((((...(..(.....).)....)))))).,19,-7.827,30,0,0.000314
389,.......(((.((.((.........))...)).)))........((((((.(....(.....)...)..)))))).,15,-7.826,4,0,0.000314
390,...(((((((((.(((......(((....))))))..))))).))))(((.....)))....(.(...).).....,20,-7.825,49,0,0.000313
391,.((((..(((.((.((((.....))))...)).))).))))...((((((..(..............).)))))).,20,-7.825,14,0,0.000313
392,.......(((.((.((.........))...)).)))........((((((...(.....)....(...))))))).,15,-7.825,4,0,0.000313
393,..........((.(((......(((....))))))..)).....((((((......((.........)))))))).,16,-7.822,27,0,0.000312
394,.......(((.((.(((.......)))...)).)))........((((((...(.(......).)....)))))).,16,-7.819,6,0,0.000310
395,.......(((.((.((((.....))))...)).)))........((((((......((...))......)))))).,17,-7.817,8,0,0.000309
396,..(((..(((.((.................)).))).)))....((((((.(((..........)))..)))))).,17,-7.814,16,0,0.000308
397,..(((..(((.((.((.........))...)).))).))).....(((((...................)))))..,15,-7.811,8,0,0.000306
398,.((((..(((.((.(((.......)))...)).))).))))...((((((.(((.....)).....)..)))))).,21,-7.809,16,0,0.000305
399,.((((..(((.((.................)).))).))))...(((((.....................))))).,14,-7.807,14,0,0.000304
400,.......(((((.(((......(((....))))))..)))))..((((((.....(............))))))).,18,-7.807,28,0,0.000304
401,.......(((.((.(((.......)))...)).)))........(((((((.((.....))).......)))))).,17,-7.802,8,0,0.000302
402,..(((..(((.((.((.........))...)).))).)))....((((((..((..(.....).))...)))))).,19,-7.802,12,0,0.000302
403,.......(((.((.................)).)))........((((((.(((.(......).)))..)))))).,15,-7.799,12,0,0.000300
404,.......(((.((.((.........))..).).)))........((((((...................)))))).,13,-7.798,3,0,0.000299
405,.(((...(((.((.((.........))...)).)))..)))...((((((..(..............).)))))).,17,-7.798,8,0,0.000299
406,..(((..(((.((.(((.......)))...)).))).)))....((((((......((...))......)))))).,19,-7.796,12,0,0.000299
407,...((..(((.((.((.........))...)).))).)).....((((((.((............))..)))))).,17,-7.796,8,0,0.000298
408,.......(((((.((((..............))))..)))))..((((((...................)))))).,15,-7.796,23,0,0.000298
409,...(((((((((.(((......(((....))))))..))))).))))..((....)).......(...).......,18,-7.796,48,0,0.000298
410,.......(((.((.((.........))...)).)))........((((((..(...(.....)....).)))))).,15,-7.795,4,0,0.000298
411,.((((..(((.((.................)).))).))))...((((((......(.....)......)))))).,16,-7.793,14,0,0.000297
412,.......(((((.(((......(((....))))))..)))))..((((((..(............)...)))))).,18,-7.793,28,0,0.000297
413,...(((((((((.(((......(((....))))))..))))).))))..((....))...(.(.(...)).)....,20,-7.792,50,0,0.000296
414,.......(((((.(((......(((....))))))..)))))..((((((......(...........))))))).,18,-7.788,28,0,0.000295
415,..(((..(((.((.((.........))...)).))).)))....(((((((..........).......)))))).,17,-7.781,8,0,0.000291
416,.((((..(((.(((((.........)).)).).))).))))...((((((...................)))))).,18,-7.78,13,0,0.000291
417,.((((..(((.(((((.........)).).)).))).))))...((((((...................)))))).,18,-7.78,10,0,0.000291
418,.......(((((.(((......(((....))))))..)))))..(((((((.((.....))...))....))))).,20,-7.778,35,0,0.000290
419,.......(((((.(((......(((....))))))..)))))..(((((((.((.....))...)....)))))).,20,-7.778,32,0,0.000290
420,.((((..(((.((.(((.......)))...)).))).))))...(((((((.....)............)))))).,19,-7.778,12,0,0.000289
421,.((((..(((.((.((.........))...)).))).))))...((((((.((...(.....)..))..)))))).,20,-7.777,14,0,0.000289
422,..(((..(((.((.................)).))).)))....((((((..............(...))))))).,15,-7.777,12,0,0.000289
423,...((..(((.((.((.........))...)).))).)).....(((((.....................))))).,14,-7.775,6,0,0.000288
424,.((((..(((.((.(((.......)))...)).))).))))...((((((...(..........)....)))))).,19,-7.775,12,0,0.000288
425,.......(((.((.((.........))...)).)))........((((((...(..((...)).)....)))))).,16,-7.773,6,0,0.000287
426,.......(((.((.((.........))...)).)))........((((((...(.......).......)))))).,14,-7.773,2,0,0.000287
427,.((((..(((.((.((.........))...)).))).))))...((((((.((..(......)..))..)))))).,20,-7.768,14,0,0.000285
428,.......(((((.(((......(((....))))))..)))))..(((((((..............)...)))))).,18,-7.768,28,0,0.000285
429,...((..(((.((.((.........))...)).))).)).....((((((......(.....)......)))))).,16,-7.761,6,0,0.000281
430,.......(((((.(((......(((....))))))..)))))..(((((((.............)....)))))).,18,-7.761,28,0,0.000281
431,.......(((((.(((......(((....))))))..)))))..(((((((.............))....))))).,18,-7.761,31,0,0.000281
432,.((((..(((.((.................)).))).))))...((((((.(((..........)))..)))))).,18,-7.755,18,0,0.000279
433,.......(((.((.(...........)...)).)))........((((((......(((.......))))))))).,15,-7.755,8,0,0.000279
434,..((...(((.((.(((.......)))...)).)))..))....((((((.((............))..)))))).,18,-7.754,10,0,0.000278
435,.......(((.((.((.........))...)).)))........((((((.(...(......)...)..)))))).,15,-7.753,4,0,0.000278
436,.......(((.((.((((.....))))...)).)))........(((((((....)).............))))).,16,-7.753,9,0,0.000278
437,.......(((.((.((((.....))))...)).)))........(((((((....).............)))))).,16,-7.753,6,0,0.000278
438,.((((..(((.((.((.........))...)).))).))))....(((((...................)))))..,16,-7.752,10,0,0.000277
439,.......(((((.(((......(((....))))))..)))))..((((((.(((..((...)).)))..)))))).,22,-7.752,36,0,0.000277
440,.......(((.((.((((.....))))...)).)))........((((((...(.(......)..)...)))))).,17,-7.751,8,0,0.000277
441,.((((..(((.((.((.........))...)).))).))))...((((((..((..(.....).))...)))))).,20,-7.743,14,0,0.000273
442,.((((..(((.((.(((.......)))...)).))).))))...((((((......((...))......)))))).,20,-7.737,14,0,0.000270
443,..((...(((.((.(((.......)))...)).)))..))....(((((.....................))))).,15,-7.733,8,0,0.000268
444,..(((..(((.((.(((.......)))...)).))).)))....(((((((....).............)))))).,18,-7.732,10,0,0.000268
445,..(((..(((.((.(((.......)))...)).))).)))....(((((((....)).............))))).,18,-7.732,13,0,0.000268
446,..(((..(((.((.(((.......)))...)).))).)))....((((((...(.(......)..)...)))))).,19,-7.73,12,0,0.000267
447,...(((((((((.(((......(((....))))))..))))).))))..((....))...(.(......).)....,19,-7.725,48,0,0.000265
448,...........(..(((.....(((....)))....)))..)..((((((...................)))))).,13,-7.724,23,0,0.000264
449,.......(((.((.((((.....))))...)).)))........((((((...(..(.....).)....)))))).,17,-7.723,8,0,0.000264
450,...((..(((.((.((.........))...)).))).)).....((((((.(((..........)))..)))))).,18,-7.723,10,0,0.000264
451,.((((..(((.((.((.........))...)).))).))))...(((((((..........).......)))))).,18,-7.723,10,0,0.000264
452,.......(((.((.(((.......)))...)).)))........((((((.......(...).......)))))).,15,-7.721,4,0,0.000263
453,.......(((((.(((......(((....))))))..)))))..((((((..((..........))...)))))).,19,-7.72,30,0,0.000263
454,..((...(((.((.(((.......)))...)).)))..))....((((((......(.....)......)))))).,17,-7.719,8,0,0.000262
455,.((((..(((.((.................)).))).))))...((((((..............(...))))))).,16,-7.718,14,0,0.000262
456,.......(((.((..........(.....))).)))........((((((...................)))))).,12,-7.718,6,0,0.000262
457,.......(((.((.(((.......)))...)).)))..........((((...................))))...,12,-7.717,6,0,0.000261
458,.......(((((.(((......(((....))))))..)))))..((((((..((.....))...(...))))))).,20,-7.716,32,0,0.000261
459,..(((..(((.((.((.........))...)).))).)))....((((((.........(........))))))).,17,-7.713,8,0,0.000259
460,.......(((.((.((((.....))))...)).)))........((((((.....(............))))))).,16,-7.703,6,0,0.000255
461,..(((..(((.((.(((.......)))...)).))).)))....((((((...(..(.....).)....)))))).,19,-7.703,12,0,0.000255
462,.......(((.((.(((.......)))...)).)))........(((((((..(.....).).......)))))).,16,-7.7,6,0,0.000254
463,.(((...(((.((.(((.......)))...)).)))..)))...((((((.((............))..)))))).,19,-7.695,12,0,0.000252
464,.......(((.((.((((.....))))...)).)))........((((((..(............)...)))))).,16,-7.689,6,0,0.000249
465,...((..(((.((.((.........))...)).))).)).....((((((..............(...))))))).,16,-7.686,6,0,0.000248
466,..(((..(((.((.((.........))...)).))).)))....((((((.......(.....).....)))))).,17,-7.686,8,0,0.000248
467,..(((..(((.((.((.........))...)).))).)))....((((((...........(......))))))).,17,-7.685,8,0,0.000248
468,.......(((.((.((((.....))))...)).)))........((((((......(...........))))))).,16,-7.685,6,0,0.000247
469,..(((..(((.((.................)).))).)))....((((((.(((..(.....).)))..)))))).,18,-7.683,18,0,0.000247
470,..(((..(((.((.(((.......)))...)).))).)))....((((((.....(............))))))).,18,-7.683,10,0,0.000246
471,..(((..(((.((.................)).))).)))....((((((.(..............)..)))))).,15,-7.683,12,0,0.000246
472,..((...(((.((.(((.......)))...)).)))..))....((((((.(((..........)))..)))))).,19,-7.681,12,0,0.000246
473,...(((((((((.(((......(((....))))))..))))).)))).....((.....))...............,17,-7.676,47,0,0.000244
474,.(((...(((.((.(((.......)))...)).)))..)))...(((((.....................))))).,16,-7.675,10,0,0.000243
475,.......(((.((.((((.....))))...)).)))........(((((((.((.....))...)....)))))).,18,-7.674,10,0,0.000243
476,.......(((.((.((((.....))))...)).)))........(((((((.((.....))...))....))))).,18,-7.674,13,0,0.000243
477,.((((..(((.((.(((.......)))...)).))).))))...(((((((....)).............))))).,19,-7.674,15,0,0.000243
478,.((((..(((.((.(((.......)))...)).))).))))...(((((((....).............)))))).,19,-7.674,12,0,0.000243
479,..(((..(((.((.((.........))...)).))).)))....((((((...(..((...))..)...)))))).,19,-7.672,12,0,0.000242
480,.((((..(((.((.(((.......)))...)).))).))))...((((((...(.(......)..)...)))))).,20,-7.672,14,0,0.000242
481,..........((.(((......(((....))))))..)).....((((((.((............))..)))))).,16,-7.67,27,0,0.000241
482,..(((..(((.((.(((.......)))...)).))).)))....((((((..(............)...)))))).,18,-7.668,10,0,0.000241
483,..(.....).....(((.....(((....)))....))).....((((((...................)))))).,13,-7.666,23,0,0.000240
484,.......(((.((.((((.....))))...)).)))........(((((((..............)...)))))).,16,-7.665,6,0,0.000239
485,..(((..(((.((.((((.....))))...)).))).)))....((((((...(...........)...)))))).,19,-7.664,12,0,0.000239
486,.......(((.((.((.(.....).))...)).)))........((((((......((.........)))))))).,16,-7.664,6,0,0.000239
487,..(((..(((.((.(((.......)))...)).))).)))....((((((......(...........))))))).,18,-7.664,10,0,0.000239
488,...(((((((((.(((......(((....))))))..))))).))))...............(.(...).).....,17,-7.663,46,0,0.000238
489,.(((...(((.((.(((.......)))...)).)))..)))...((((((......(.....)......)))))).,18,-7.66,10,0,0.000237
490,.......(((.((.................)).)))........((((((.(((.....)).....)..)))))).,14,-7.657,10,0,0.000236
491,.......(((.((.((((.....))))...)).)))........(((((((.............)....)))))).,16,-7.657,6,0,0.000236
492,.......(((.((.((((.....))))...)).)))........(((((((.............))....))))).,16,-7.657,9,0,0.000236
493,..(((..(((.((.(((....)...))...)).))).)))....((((((...................)))))).,17,-7.655,8,0,0.000235
494,.((((..(((.((.((.........))...)).))).))))...((((((.........(........))))))).,18,-7.654,10,0,0.000235
495,..(((..(((.((.(((.......)))...)).))).)))....(((((((.((.....))...))....))))).,20,-7.654,17,0,0.000235
496,..(((..(((.((.(((.......)))...)).))).)))....(((((((.((.....))...)....)))))).,20,-7.654,14,0,0.000235
497,.......(((.((.(((.......)))...)).)))........((((((.(.(..........).)..)))))).,16,-7.652,6,0,0.000234
498,..(((..(((.((.................)).))).)))....((((((..(..............).)))))).,15,-7.652,12,0,0.000234
499,...(((((((((.(((......(((....))))))..))))).)))).((.....)).....(.(...).).....,19,-7.652,48,0,0.000234
500,..........((.(((......(((....))))))..)).....(((((.....................))))).,13,-7.649,25,0,0.000233
501,.......(((.((.((((.....))))...)).)))........((((((.(((..((...)).)))..)))))).,20,-7.648,14,0,0.000232
502,..((...(((.((.(((.......)))...)).)))..))....((((((..............(...))))))).,17,-7.644,8,0,0.000231
503,.((((..(((.((.(((.......)))...)).))).))))...((((((...(..(.....).)....)))))).,20,-7.644,14,0,0.000231
504,..(((..(((.((.(((.......)))...)).))).)))....(((((((..............)...)))))).,18,-7.644,10,0,0.000231
505,..((...(((.((.((.........))...)).)))..))....((((((...(...........)...)))))).,16,-7.638,6,0,0.000228
506,..(((..(((.((.(((.......)))...)).))).)))....(((((((.............))....))))).,18,-7.636,13,0,0.000228
507,..(((..(((.((.(((.......)))...)).))).)))....(((((((.............)....)))))).,18,-7.636,10,0,0.000228
508,..........((.(((......(((....))))))..)).....((((((......(.....)......)))))).,15,-7.635,25,0,0.000227
509,.......(((.((.((.........))...)).)))........((((((.......(......)....)))))).,14,-7.633,2,0,0.000227
510,.......(((.(((..............)).).)))........((((((...................)))))).,12,-7.631,9,0,0.000226
511,.......(((.(((..............).)).)))........((((((...................)))))).,12,-7.631,6,0,0.000226
512,..((...(((.((.((((.....))))...)).)))..))....((((((......(((.......))))))))).,20,-7.631,14,0,0.000226
513,..(((..(((.((.(((.......)))...)).))).)))....((((((.(((..((...)).)))..)))))).,22,-7.627,18,0,0.000225
514,.((((..(((.((.((.........))...)).))).))))...((((((.......(.....).....)))))).,18,-7.627,10,0,0.000224
515,.((((..(((.((.((.........))...)).))).))))...((((((...........(......))))))).,18,-7.626,10,0,0.000224
516,..(((..(((.((.((((.....))))...)).))).)))....((((((.....(......)......)))))).,19,-7.626,12,0,0.000224
517,.......(((.((.................)).)))........(((((((.....)............)))))).,12,-7.625,6,0,0.000224
518,.((((..(((.((.................)).))).))))...((((((.(((..(.....).)))..)))))).,19,-7.624,20,0,0.000223
519,..(.....).((.(((......(((....))))))..)).....((((((...................)))))).,15,-7.624,24,0,0.000223
520,.((((..(((.((.(((.......)))...)).))).))))...((((((.....(............))))))).,19,-7.624,12,0,0.000223
521,.((((..(((.((.................)).))).))))...((((((.(..............)..)))))).,16,-7.624,14,0,0.000223
522,.......(((((.(((......(((....))))))..)))))..((((((.((...(.....)..))..)))))).,20,-7.623,32,0,0.000223
523,.......(((.((.................)).)))........((((((...(..........)....)))))).,12,-7.623,6,0,0.000223
524,.(((...(((.((.(((.......)))...)).)))..)))...((((((.(((..........)))..)))))).,20,-7.622,14,0,0.000223
525,..(((..(((.((.((((.....))))...)).))).)))....((((((...(..(.....)..)...)))))).,20,-7.622,14,0,0.000222
526,.......(((.((.((((.....))))...)).)))........((((((..((..........))...)))))).,17,-7.616,8,0,0.000220
527,.......(((((.(((......(((....))))))..)))))..((((((.((..(......)..))..)))))).,20,-7.614,32,0,0.000220
528,.((((..(((.((.((.........))...)).))).))))...((((((...(..((...))..)...)))))).,20,-7.613,14,0,0.000219
529,.......(((.((.((((.....))))...)).)))........((((((..((.....))...(...))))))).,18,-7.613,10,0,0.000219
530,.......(((.((.................)).)))..(....)((((((...................)))))).,12,-7.611,6,0,0.000219
531,...((..(((.((.(((.......)))...)).))).)).....((((((......((.........)))))))).,18,-7.611,10,0,0.000218
532,.((((..(((.((.(((.......)))...)).))).))))...((((((..(............)...)))))).,19,-7.61,12,0,0.000218
533,.((((..(((.((.((((.....))))...)).))).))))...((((((...(...........)...)))))).,20,-7.606,14,0,0.000217
534,.((((..(((.((.(((.......)))...)).))).))))...((((((......(...........))))))).,19,-7.605,12,0,0.000216
535,..............(((.....(((....)))....))).....((((((......(((.......))))))))).,15,-7.604,28,0,0.000216
536,.......(((.((.(..............))).)))........((((((......(((.......))))))))).,15,-7.6,11,0,0.000214
537,..((...(((.((.((.........))...)).)))..))....((((((.....(......)......)))))).,16,-7.599,6,0,0.000214
538,.......(((((.(((......(((....))))))..)))))...(((((...................)))))..,16,-7.598,28,0,0.000214
539,..........((.(((......(((....))))))..)).....((((((.(((..........)))..)))))).,17,-7.597,29,0,0.000213
540,.((((..(((.((.(((....)...))...)).))).))))...((((((...................)))))).,18,-7.597,10,0,0.000213
541,..(((..(((.((.(((.......)))...)).))).)))....((((((..((..........))...)))))).,19,-7.596,12,0,0.000213
542,...........(((.......))).((.....))..........((((((...................)))))).,11,-7.595,19,0,0.000213
543,.((((..(((.((.(((.......)))...)).))).))))...(((((((.((.....))...))....))))).,21,-7.595,19,0,0.000213
544,.((((..(((.((.(((.......)))...)).))).))))...(((((((.((.....))...)....)))))).,21,-7.595,16,0,0.000213
545,..((...(((.((.((.........))...)).)))..))....((((((...(..(.....)..)...)))))).,17,-7.595,8,0,0.000213
546,..((...)).....(((.....(((....)))....))).....((((((...................)))))).,14,-7.595,24,0,0.000213
547,.((((..(((.((.................)).))).))))...((((((..(..............).)))))).,16,-7.593,14,0,0.000212
548,...((..(((.((.((.........))...)).))).)).....((((((.(((..(.....).)))..)))))).,19,-7.592,12,0,0.000212
549,...((..(((.((.((.........))...)).))).)).....((((((.(..............)..)))))).,16,-7.592,6,0,0.000212
550,..(((..(((.((.(((.......)))...)).))).)))....((((((..((.....))...(...))))))).,20,-7.592,14,0,0.000212
551,.......(((.((.((.........))...)).)))........((((((.(.(...........))..)))))).,15,-7.592,4,0,0.000212
552,.......(((((.(((......(((....))))))..)))))..((((((..((..(.....).))...)))))).,20,-7.589,32,0,0.000210
553,..(((..(((.((.((.........))...)).))).)))....(((((((........).........)))))).,17,-7.589,8,0,0.000210
554,.......(((.((.((.........))...)).)))........(((((((..(.......)..)....)))))).,15,-7.586,4,0,0.000210
555,.......(((.((.((.........))...)).)))........(((((((..(.......)..))....))))).,15,-7.586,7,0,0.000210
556,.(((...(((.((.(((.......)))...)).)))..)))...((((((..............(...))))))).,18,-7.586,10,0,0.000209
557,.((((..(((.((.(((.......)))...)).))).))))...(((((((..............)...)))))).,19,-7.585,12,0,0.000209
558,.......(((.((.................)).)))........((((((......((...))......)))))).,13,-7.585,8,0,0.000209
559,.......(((.((.(((.......)))...)).)))........((((((..((.(......).))...)))))).,17,-7.581,8,0,0.000208
560,.........(.....)......(((....)))............((((((...................)))))).,10,-7.58,18,0,0.000207
561,.(((...(((.((.((.........))...)).)))..)))...((((((...(...........)...)))))).,17,-7.579,8,0,0.000207
562,.((((..(((.((.(((.......)))...)).))).))))...(((((((.............)....)))))).,19,-7.578,12,0,0.000206
563,.((((..(((.((.(((.......)))...)).))).))))...(((((((.............))....))))).,19,-7.578,15,0,0.000206
564,..(((..(((.((.((.........))...)).))).)))....((((((...(.(......).)....)))))).,18,-7.577,10,0,0.000206
565,.......(((.((.((.........))...)).)))...........(((.....)))..................,10,-7.573,15,0,0.000205
566,.(((...(((.((.((((.....))))...)).)))..)))...((((((......(((.......))))))))).,21,-7.572,16,0,0.000205
567,.......(((.((.((.........))...)).)))........((((((.((...((...))..))..)))))).,17,-7.57,8,0,0.000204
568,.((((..(((.((.(((.......)))...)).))).))))...((((((.(((..((...)).)))..)))))).,23,-7.569,20,0,0.000203
569,.......(((((.(((......(((....))))))..)))))..(((((((..........).......)))))).,18,-7.568,28,0,0.000203
570,.((((..(((.((.((((.....))))...)).))).))))...((((((.....(......)......)))))).,20,-7.567,14,0,0.000203
571,.((((..(((.((.((((.....))))...)).))).))))...((((((...(..(.....)..)...)))))).,21,-7.563,16,0,0.000202
572,...((..(((.((.((.........))...)).))).)).....((((((..(..............).)))))).,16,-7.561,6,0,0.000201
573,..(((..(((.((.((.........))...)).))).)))....(((((((.((.....))).......)))))).,19,-7.561,12,0,0.000201
574,..........((.(((......(((....))))))..)).....((((((..............(...))))))).,15,-7.56,25,0,0.000200
575,.......(((.((.(((.......)))...)).)))........(((((((.((.....))....)...)))))).,17,-7.56,8,0,0.000200
576,.......(((.((.((.........))...)).)))..(....)((((((......((.........)))))))).,16,-7.556,6,0,0.000199
577,..((...)).((.(((......(((....))))))..)).....((((((...................)))))).,16,-7.553,25,0,0.000198
578,..((...(((.((.(((.......)))...)).)))..))....((((((.(((..(.....).)))..)))))).,20,-7.55,14,0,0.000197
579,..((...(((.((.(((.......)))...)).)))..))....((((((.(..............)..)))))).,17,-7.55,8,0,0.000197
580,.......(((.((.((.........))...)).)))........((((((.(.(..(.....)..))..)))))).,16,-7.549,6,0,0.000197
581,...(((((((.((.((.........))...)).))).......))))..((....))...................,13,-7.546,20,0,0.000196
582,.(((...(((.((.((.........))...)).)))..)))...((((((.....(......)......)))))).,17,-7.54,8,0,0.000194
583,.((((..(((.((.(((.......)))...)).))).))))...((((((..((..........))...)))))).,20,-7.537,14,0,0.000193
584,......((((.((.((.........))...)).))).....)..((((((...................)))))).,14,-7.537,2,0,0.000193
585,.(((...(((.((.((.........))...)).)))..)))...((((((...(..(.....)..)...)))))).,18,-7.536,10,0,0.000193
586,.......(((.((.((.........))...)).)))........((((((..((..((...)).))...)))))).,17,-7.536,8,0,0.000192
587,.((((..(((.((.(((.......)))...)).))).))))...((((((..((.....))...(...))))))).,21,-7.533,16,0,0.000192
588,.((((..(((.((.((.........))...)).))).))))...(((((((........).........)))))).,18,-7.53,10,0,0.000191
589,.......(((.((.(((.......)))...)).)))........(((((((.(..........).)...)))))).,16,-7.53,6,0,0.000190
590,..(((..(((.((.((((.....))))...)).))).)))....((((((..((.....))........)))))).,20,-7.528,14,0,0.000190
591,...(((((((((.(((......(((....))))))..))))).))))..((....)).....((.......))...,19,-7.528,48,0,0.000190
592,.......(((.((...(...........).)).)))........((((((...................)))))).,12,-7.527,6,0,0.000190
593,.......((.((.(((......(((....))))))..)).))..((((((......(((.......))))))))).,19,-7.524,31,0,0.000189
594,.......(((.(((((((.....)))).)).).)))........((((((...................)))))).,16,-7.522,9,0,0.000188
595,.......(((.(((((((.....)))).).)).)))........((((((...................)))))).,16,-7.522,6,0,0.000188
596,.......(((.((.(((.......)))...)).)))........((((((.(.(..(.....).).)..)))))).,17,-7.522,8,0,0.000188
597,.......(((.((.................)).)))........(((((((....)).............))))).,12,-7.521,9,0,0.000188
598,.......(((.((.................)).)))........(((((((....).............)))))).,12,-7.521,6,0,0.000188
599,.......(((.((.................)).)))........((((((...(.(......)..)...)))))).,13,-7.519,8,0,0.000187
600,.......(((.((.((((.....))))...)).)))........((((((.((...(.....)..))..)))))).,18,-7.519,10,0,0.000187
601,..((...(((.((.(((.......)))...)).)))..))....((((((..(..............).)))))).,17,-7.519,8,0,0.000187
602,.((((..(((.((.((.........))...)).))).))))...((((((...(.(......).)....)))))).,19,-7.519,12,0,0.000187
603,.......(((.(((((.........)).)).).)))........((((((......(((.......))))))))).,17,-7.518,11,0,0.000187
604,.......(((.(((((.........)).).)).)))........((((((......(((.......))))))))).,17,-7.518,8,0,0.000187
605,.......(((.((.(((.......)))...)).)))........((((.......................)))).,12,-7.512,6,0,0.000185
606,.......(((.((.((.(.....).))...)).)))........((((((.((............))..)))))).,16,-7.512,6,0,0.000185
607,.......(((.((.((((.....))))...)).)))........((((((.((..(......)..))..)))))).,18,-7.51,10,0,0.000184
608,..((.(.(((.((.((((.....))))...)).))).)))....((((((...................)))))).,18,-7.504,10,0,0.000182
609,...(((((((((.(((......(((....))))))..))))).))))..((.((.....))...))..........,19,-7.504,50,0,0.000182
610,.((((..(((.((.((.........))...)).))).))))...(((((((.((.....))).......)))))).,20,-7.502,14,0,0.000182
611,..((...(((.((.((.........))...)).)))..))....((((((..((.....))........)))))).,17,-7.502,8,0,0.000182
612,...(((((((((.(((......(((....))))))..))))).))))..((....))..((............)).,19,-7.501,48,0,0.000182
613,..(((..(((.((((((.......))).)).).))).)))....((((((...................)))))).,18,-7.501,13,0,0.000182
614,..(((..(((.((((((.......))).).)).))).)))....((((((...................)))))).,18,-7.501,10,0,0.000182
615,.......(((.((.(((.......)))...)).)))..(....)((((((......(((.......))))))))).,18,-7.501,10,0,0.000181
616,.......(((((.(((......(((....))))))..)))))..((((((.........(........))))))).,18,-7.5,28,0,0.000181
617,..((.(.(((.((.((.........))...)).))).)))....((((((......(((.......))))))))).,19,-7.5,12,0,0.000181
618,..(((..(((.((.(((.......)))...)).))).)))....((((((.((...(.....)..))..)))))).,20,-7.499,14,0,0.000181
619,.......(((.((.((((.....))))...)).))).........(((((...................)))))..,14,-7.494,6,0,0.000179
620,.......(((.((.................)).)))........((((((...(..(.....).)....)))))).,13,-7.492,8,0,0.000179
621,.(((...(((.((.(((.......)))...)).)))..)))...((((((.(((..(.....).)))..)))))).,21,-7.492,16,0,0.000179
622,.(((...(((.((.(((.......)))...)).)))..)))...((((((.(..............)..)))))).,18,-7.491,10,0,0.000178
623,.......(((.((.((.(.....).))...)).)))........(((((.....................))))).,13,-7.491,4,0,0.000178
624,.......(((.((.((.........))...)).))).........(((((......(((.......))))))))..,15,-7.49,8,0,0.000178
625,..(((..(((.((.(((.......)))...)).))).)))....((((((.((..(......)..))..)))))).,20,-7.49,14,0,0.000178
626,.......(((.((.(((.......)))...)).)))........((((((.(....(.....)...)..)))))).,16,-7.489,6,0,0.000178
627,..(.....).............(((....)))............((((((...................)))))).,10,-7.489,19,0,0.000178
628,.......(((.((.(((.......)))...)).)))........((((((...(.....)....(...))))))).,16,-7.487,6,0,0.000177
629,...(((((((((.(((......(((....))))))..))))).))))..((.............))..........,17,-7.486,46,0,0.000177
630,.......(((.((.((((.....))))...)).)))........((((((..((..(.....).))...)))))).,18,-7.485,10,0,0.000177
631,..(((..(((.((.((.........))...)).))).)))....((((((.......(...).......)))))).,17,-7.48,8,0,0.000175
632,.......(((.((.((.(.....).))...)).)))........((((((......(.....)......)))))).,15,-7.477,4,0,0.000174
633,..(((..(((.((.((.........))...)).))).)))......((((...................))))...,14,-7.475,10,0,0.000174
634,..(((..(((.((.(((.......)))...)).))).))).....(((((...................)))))..,16,-7.474,10,0,0.000173
635,.......(((((.(((......(((....))))))..)))))..((((((.......(.....).....)))))).,18,-7.473,28,0,0.000173
636,...(((.(((((.(((......(((....))))))..)))))..)))..((....))...................,16,-7.473,44,0,0.000173
637,.......(((.((.(...........)...)).)))........((((((......((.........)))))))).,14,-7.472,6,0,0.000173
638,.......(((((.(((......(((....))))))..)))))..((((((...........(......))))))).,18,-7.472,28,0,0.000173
639,.......(((.(.(((.........)).)..).)))........((((((...................)))))).,13,-7.472,4,0,0.000173
640,.......(((.((.................)).)))........((((((.....(............))))))).,12,-7.472,6,0,0.000173
641,.((((..(((.((.((((.....))))...)).))).))))...((((((..((.....))........)))))).,21,-7.47,16,0,0.000172
642,..........((.(((......(((....))))))..)).....((((((.(((..(.....).)))..)))))).,18,-7.466,31,0,0.000171
643,..........((.(((......(((....))))))..)).....((((((.(..............)..)))))).,15,-7.466,25,0,0.000171
644,..(((..(((.((.(((.......)))...)).))).)))....((((((..((..(.....).))...)))))).,20,-7.465,14,0,0.000171
645,.......(((.((.((((.....))))...)).)))........(((((((..........).......)))))).,16,-7.465,6,0,0.000171
646,.......(((.((.(((.......)))..).).)))........((((((...................)))))).,14,-7.46,5,0,0.000169
647,.(((...(((.((.(((.......)))...)).)))..)))...((((((..(..............).)))))).,18,-7.46,10,0,0.000169
648,.......(((((.(((......(((....))))))..)))))..((((((...(..((...))..)...)))))).,20,-7.459,32,0,0.000169
649,..(((..(((.((.((.........))...)).))).)))....(((((((..(.....).).......)))))).,18,-7.459,10,0,0.000169
650,...((..(((.((.(((.......)))...)).))).)).....((((((.((............))..)))))).,18,-7.459,10,0,0.000169
651,.......(((.((.(((.......)))...)).)))........((((((..(...(.....)....).)))))).,16,-7.458,6,0,0.000169
652,.......(((.((.................)).)))........((((((..(............)...)))))).,12,-7.458,6,0,0.000169
653,.......(((.((.................)).)))........((((((......(...........))))))).,12,-7.453,6,0,0.000167
654,.......(((.((.((.........))...)).)))........((((((...(.....).........)))))).,14,-7.453,2,0,0.000167
655,..(((..(((.((.((((.....))))...)).))).)))....((((((.(((.(......).)))..)))))).,22,-7.452,18,0,0.000167
656,.......(((.((((.......))......)).)))........((((((...................)))))).,13,-7.45,7,0,0.000166
657,.......(((.((.((.........))...)).)))........((((((..((...........).).)))))).,15,-7.45,4,0,0.000166
658,.(((.(.(((.((.((((.....))))...)).))).))))...((((((...................)))))).,19,-7.446,12,0,0.000165
659,..(((..(((.((.(((.......)))...)).))).)))....(((((((..........).......)))))).,18,-7.444,10,0,0.000165
660,.......(((.((.................)).)))........(((((((.((.....))...))....))))).,14,-7.443,13,0,0.000164
661,.......(((.((.................)).)))........(((((((.((.....))...)....)))))).,14,-7.443,10,0,0.000164
662,.(((...(((.((.((.........))...)).)))..)))...((((((..((.....))........)))))).,18,-7.443,10,0,0.000164
663,.((((..(((.((((((.......))).)).).))).))))...((((((...................)))))).,19,-7.443,15,0,0.000164
664,.((((..(((.((((((.......))).).)).))).))))...((((((...................)))))).,19,-7.443,12,0,0.000164
665,.(((.(.(((.((.((.........))...)).))).))))...((((((......(((.......))))))))).,20,-7.441,14,0,0.000164
666,.((((..(((.((.(((.......)))...)).))).))))...((((((.((...(.....)..))..)))))).,21,-7.44,16,0,0.000164
667,.......(((.((.((.(.....).))...)).)))........((((((.(((..........)))..)))))).,17,-7.439,8,0,0.000163
668,...((..(((.((.(((.......)))...)).))).)).....(((((.....................))))).,15,-7.438,8,0,0.000163
669,.......(((.((.(((.......)))...)).)))........((((((...(..((...)).)....)))))).,17,-7.436,8,0,0.000163
670,.......(((.((.(((.......)))...)).)))........((((((...(.......).......)))))).,15,-7.435,4,0,0.000162
671,..........((.(((......(((....))))))..)).....((((((..(..............).)))))).,15,-7.435,25,0,0.000162
672,...(((((((((.(((......(((....))))))..))))).))))(((.....)))......(...).......,19,-7.434,48,0,0.000162
673,.......(((.((.................)).)))........(((((((..............)...)))))).,12,-7.433,6,0,0.000162
674,..(((..(((.((.................)).))).)))....((((((...(...........)...)))))).,15,-7.433,12,0,0.000162
675,.((((..(((.((.(((.......)))...)).))).))))...((((((.((..(......)..))..)))))).,21,-7.431,16,0,0.000161
676,...(((((((((.(((......(((....))))))..))))).))))(((.....)))..(.(.(...)).)....,21,-7.43,50,0,0.000161
677,.......(((.((...........(....))).)))........((((((...................)))))).,12,-7.429,6,0,0.000161
678,......................(((....)))............((((((......(((.......))))))))).,12,-7.427,24,0,0.000160
679,.......(((.((.................)).)))........(((((((.............)....)))))).,12,-7.425,6,0,0.000160
680,.......(((.((.................)).)))........(((((((.............))....))))).,12,-7.425,9,0,0.000160
681,..((...(((.((.((.........))...)).)))..))....((((((.(((.(......).)))..)))))).,19,-7.425,12,0,0.000160
682,...((..(((.((.(((.......)))...)).))).)).....((((((......(.....)......)))))).,17,-7.424,8,0,0.000159
683,.((((..(((.((.((.........))...)).))).))))...((((((.......(...).......)))))).,18,-7.421,10,0,0.000159
684,.......(((.((....((........)).)).)))........((((((...................)))))).,13,-7.418,8,0,0.000158
685,..((...)).............(((....)))............((((((...................)))))).,11,-7.418,20,0,0.000158
686,.((((..(((.((.((.........))...)).))).)))).....((((...................))))...,15,-7.416,12,0,0.000157
687,.......(((.((.................)).)))........((((((.(((..((...)).)))..)))))).,16,-7.416,14,0,0.000157
688,.......(((.((.(((.......)))...)).)))........((((((.(...(......)...)..)))))).,16,-7.416,6,0,0.000157
689,.((((..(((.((.(((.......)))...)).))).))))....(((((...................)))))..,17,-7.415,12,0,0.000157
690,...(((((((((.(((......(((....))))))..))))).))))......((.(((.......)))..))...,20,-7.413,51,0,0.000156
691,..(((..(((.((.((.........))...)).))).)))....((((((.(.(..........).)..)))))).,18,-7.411,10,0,0.000156
692,.......(((.((.((.........))...)).)))........(((((((.(.....)..).......)))))).,15,-7.409,4,0,0.000155
693,.......(((.((.((.........))...)).)))........((((((..((..(.....)..).).)))))).,16,-7.407,6,0,0.000155
694,.......(((.((.((.........))...)).)))........((((((..(...(.....)..)...)))))).,15,-7.407,4,0,0.000155
695,.......(((((.(((................)))..)))))..((((((......(((.......))))))))).,17,-7.407,28,0,0.000155
696,.((((..(((.((.(((.......)))...)).))).))))...((((((..((..(.....).))...)))))).,21,-7.406,16,0,0.000155
697,..(((..(((.(...................).))).)))....((((((...................)))))).,13,-7.405,12,0,0.000154
698,.......(((.((.((.........))...)).)))..(....)((((((.((............))..)))))).,16,-7.403,6,0,0.000154
699,.......(((.((.((.(.....).))...)).)))........((((((..............(...))))))).,15,-7.402,4,0,0.000154
700,.((((..(((.((.((.........))...)).))).))))...(((((((..(.....).).......)))))).,19,-7.4,12,0,0.000153
701,.......(((.((.((.........))...)).)))........((((((....(...........)..)))))).,14,-7.399,2,0,0.000153
702,..((...(((.((.................)).)))..))....((((((......(((.......))))))))).,16,-7.399,14,0,0.000153
703,.......(((.((.((.........))...)).)))........((((((..(..(......)..)...)))))).,15,-7.398,4,0,0.000153
704,........((((.(((......(((....))))))..))))...((((((...................)))))).,16,-7.398,25,0,0.000152
705,.......(((.((.((((.....))))...)).)))........((((((.........(........))))))).,16,-7.396,6,0,0.000152
706,.......(((.((.((.........))...)).)))........((((((.(.(.(......).).)..)))))).,16,-7.396,6,0,0.000152
707,.......(((.((.((((...)..)))...)).)))........((((((...................)))))).,15,-7.395,4,0,0.000152
708,..(((..(((.((.................)).))).)))....((((((.....(......)......)))))).,15,-7.394,12,0,0.000151
709,.......(((.((.((.........))...)).)))........((((.((..................)))))).,13,-7.393,5,0,0.000151
710,.......(((.((.((.........))...)).)))........(((((.(..................)))))).,13,-7.393,3,0,0.000151
711,.((((..(((.((.((((.....))))...)).))).))))...((((((.(((.(......).)))..)))))).,23,-7.393,20,0,0.000151
712,..(((..(((.((.................)).))).)))....((((((...(..(.....)..)...)))))).,16,-7.39,14,0,0.000151
713,...((..(((.((.(((.......)))...)).))).)).....((((((.(((..........)))..)))))).,19,-7.386,12,0,0.000149
714,.((((..(((.((.(((.......)))...)).))).))))...(((((((..........).......)))))).,19,-7.385,12,0,0.000149
715,.......(((.((.................)).)))........((((((..((..........))...)))))).,13,-7.385,8,0,0.000149
716,.......(((.((.((.........))...)).)))..(....)(((((.....................))))).,13,-7.383,4,0,0.000149
717,.......(((.((.................)).)))........((((((..((.....))...(...))))))).,14,-7.381,10,0,0.000148
718,.......(((.((.((.........))...)).)))........((((((.(((.....).....))..)))))).,16,-7.38,6,0,0.000148
719,...((.....))..(((.....(((....)))....))).....((((((...................)))))).,14,-7.38,25,0,0.000148
720,...(((((((((.(((......(((....))))))..))))).))))......(.....)................,16,-7.377,45,0,0.000147
721,.......(((((.(((......(((....))))))..)))))..(((((((........).........)))))).,18,-7.376,28,0,0.000147
722,..(((..(((.((.(((.......)))...)).))).)))....((((((.........(........))))))).,18,-7.375,10,0,0.000147
723,.((((..(((.((.................)).))).))))...((((((...(...........)...)))))).,16,-7.374,14,0,0.000146
724,...(((((((((.(((......(((....))))))..))))).)))).........(.....).............,16,-7.374,45,0,0.000146
725,...(((((((((.(((......(((....))))))..))))).))))..((....))............(....).,18,-7.372,46,0,0.000146
726,.......(.(((.(((......(((....))))))..))).)..((((((......(((.......))))))))).,19,-7.369,31,0,0.000145
727,.......(((.((.((((.....))))...)).)))........((((((.......(.....).....)))))).,16,-7.369,6,0,0.000145
728,.........(.((.((((.....))))...)).)..........((((((...................)))))).,13,-7.369,8,0,0.000145
729,.......(((.((.((.........))...)).)))..(....)((((((......(.....)......)))))).,15,-7.369,4,0,0.000145
730,.......(((.((.((((.....))))...)).)))........((((((...........(......))))))).,16,-7.368,6,0,0.000145
731,..(((..(((.((.((.(.....).))...)).))).)))....((((((......(((.......))))))))).,20,-7.368,14,0,0.000145
732,..........(....)......(((....)))............((((((...................)))))).,10,-7.367,19,0,0.000145
733,.(((...(((.((.((.........))...)).)))..)))...((((((.(((.(......).)))..)))))).,20,-7.366,14,0,0.000144
734,.........(.((.((.........))...)).)..........((((((......(((.......))))))))).,14,-7.365,10,0,0.000144
735,.......(((((.(((......(((....))))))..)))))..((((((...(.(......).)....)))))).,19,-7.364,30,0,0.000144
736,...(((((((((.(((......(((....))))))..))))).))))(((.....)))..(.(......).)....,20,-7.363,48,0,0.000144
737,.....(.(((.((.((((.....))))...)).))).)......((((((...................)))))).,16,-7.357,6,0,0.000142
738,.......(((.((.((((.....))))...)).)))........((((((...(..((...))..)...)))))).,18,-7.355,10,0,0.000142
739,.((((..(((.((.((.........))...)).))).))))...((((((.(.(..........).)..)))))).,19,-7.352,12,0,0.000141
740,.....(.(((.((.((.........))...)).))).)......((((((......(((.......))))))))).,17,-7.352,8,0,0.000141
741,...((..(((.((.(((.......)))...)).))).)).....((((((..............(...))))))).,17,-7.349,8,0,0.000140
742,..(((..(((.((.(((.......)))...)).))).)))....((((((.......(.....).....)))))).,18,-7.348,10,0,0.000140
743,..((...(((.((.((((.....))))...)).)))..))....((((((......((.........)))))))).,19,-7.348,12,0,0.000140
744,.......(((((.(((......(((....))))))..)))))..(((((((.((.....))).......)))))).,20,-7.348,32,0,0.000140
745,..(((..(((.((.(((.......)))...)).))).)))....((((((...........(......))))))).,18,-7.348,10,0,0.000140
746,.((((..(((.(...................).))).))))...((((((...................)))))).,14,-7.347,14,0,0.000140
747,..((...(((.((.((.(.....).))...)).)))..))....((((((...................)))))).,16,-7.346,6,0,0.000140
748,...(((((((((.(((......(((....))))))..))))).))))............((.(.(...).)..)).,19,-7.344,48,0,0.000139
749,...((..(((.((.((.........))...)).))).)).....((((((...(...........)...)))))).,16,-7.342,6,0,0.000139
750,.(((...(((.((.................)).)))..)))...((((((......(((.......))))))))).,17,-7.341,16,0,0.000138
751,..(((..(((.((.((.........))...)).))).)))....((((((..((.(......).))...)))))).,19,-7.339,12,0,0.000138
752,...((((.((((.(((......(((....))))))..))))..))))..((....))...................,16,-7.338,45,0,0.000138
753,.......(((.((.(............)..)).)))........((((((...................)))))).,12,-7.337,5,0,0.000138
754,.((((..(((.((.................)).))).))))...((((((.....(......)......)))))).,16,-7.336,14,0,0.000137
755,...((..(((.((.((((.....))))...)).))).)).....((((((......(((.......))))))))).,20,-7.336,14,0,0.000137
756,..(.(..(((.((.((.........))...)).))).).)....((((((...................)))))).,15,-7.335,4,0,0.000137
757,..(((..(((.((.(((.......)))...)).))).)))....((((((...(..((...))..)...)))))).,20,-7.335,14,0,0.000137
758,.......(((.((.(((....)...))...)).)))........((((((......(((.......))))))))).,17,-7.334,8,0,0.000137
759,...(((((((((.(((......(((....))))))..))))).)))).((.....))..((.(.(...).)..)).,21,-7.333,50,0,0.000137
760,.((((..(((.((.................)).))).))))...((((((...(..(.....)..)...)))))).,17,-7.332,16,0,0.000136
761,.......(((.((.((.........))...)).)))..(....)((((((.(((..........)))..)))))).,17,-7.331,8,0,0.000136
762,..............(((.....(((....)))....))).....((((((......((.........)))))))).,14,-7.321,26,0,0.000134
763,.......(((.((.(...........)...)).)))........((((((.((............))..)))))).,14,-7.32,6,0,0.000134
764,..(((..(((.((.((.........))...)).))).)))....(((((((.((.....))....)...)))))).,19,-7.318,12,0,0.000133
765,.......(((.((.((.........))...)).)))........((((((......((...(....))))))))).,16,-7.318,6,0,0.000133
766,.......(((.((.(..............))).)))........((((((......((.........)))))))).,14,-7.317,9,0,0.000133
767,.((((..(((.((.(((.......)))...)).))).))))...((((((.........(........))))))).,19,-7.317,12,0,0.000133
768,...(...(((.((.((((.....))))...)).)))..).....((((((...................)))))).,16,-7.313,6,0,0.000132
769,......((((.((.((((.....))))...)).))).)......((((((...................)))))).,16,-7.31,6,0,0.000131
770,..(((..(((.((.((((.....))))...)).))).)))....((((((.(((.....)).....)..)))))).,21,-7.31,16,0,0.000131
771,.((((..(((.((.((.(.....).))...)).))).))))...((((((......(((.......))))))))).,21,-7.309,16,0,0.000131
772,..(((..(((.((.((.(...)...))...)).))).)))....((((((...................)))))).,17,-7.309,8,0,0.000131
773,...(...(((.((.((.........))...)).)))..).....((((((......(((.......))))))))).,17,-7.309,8,0,0.000131
774,.......(((.((.((.(.....).))...)).)))........((((((.(((..(.....).)))..)))))).,18,-7.308,10,0,0.000131
775,.......(((.((.((.(.....).))...)).)))........((((((.(..............)..)))))).,15,-7.308,4,0,0.000131
776,......((((.((.((.........))...)).))).)......((((((......(((.......))))))))).,17,-7.306,8,0,0.000130
777,...((..(((.((.((.........))...)).))).)).....((((((.....(......)......)))))).,16,-7.304,6,0,0.000130
778,.......(((.(..(..............).).)))........((((((...................)))))).,11,-7.304,7,0,0.000130
779,..((...(((.((.(((.......)))...)).)))..))....((((((...(...........)...)))))).,17,-7.3,8,0,0.000129
780,...((..(((.((.((.........))...)).))).)).....((((((...(..(.....)..)...)))))).,17,-7.3,8,0,0.000129
781,.......(((.((.(...........)...)).)))........(((((.....................))))).,11,-7.299,4,0,0.000129
782,..(((..(((.((.................)).))).)))....((((((..((.....))........)))))).,16,-7.297,14,0,0.000129
783,.......(((.((.(((.......)))...)).)))........((((((.......(......)....)))))).,15,-7.296,4,0,0.000128
784,........((.((.((((.....))))...)).)).........((((((...................)))))).,14,-7.294,6,0,0.000128
785,.......(((.((.((.........))...)).)))..(....)((((((..............(...))))))).,15,-7.294,4,0,0.000128
786,........((.((.((.........))...)).)).........((((((......(((.......))))))))).,15,-7.29,8,0,0.000127
787,.((((..(((.((.(((.......)))...)).))).))))...((((((.......(.....).....)))))).,19,-7.29,12,0,0.000127
788,.(((...(((.((.((((.....))))...)).)))..)))...((((((......((.........)))))))).,20,-7.289,14,0,0.000127
789,.((((..(((.((.(((.......)))...)).))).))))...((((((...........(......))))))).,19,-7.289,12,0,0.000127
790,..(((..(((.((.((.........))...)).))).)))....(((((((.(..........).)...)))))).,18,-7.288,10,0,0.000127
791,.......(((.((.................)).)))........((((((.((...(.....)..))..)))))).,14,-7.288,10,0,0.000127
792,.(((...(((.((.((.(.....).))...)).)))..)))...((((((...................)))))).,17,-7.287,8,0,0.000126
793,.......(((.((.(...........)...)).)))........((((((......(.....)......)))))).,13,-7.285,4,0,0.000126
794,..((...(((.((.((.........))...)).)))..))....((((((.(((.....)).....)..)))))).,18,-7.283,10,0,0.000126
795,...(((((((((.(((......(((....))))))..))))).))))..((....))..........((...))..,19,-7.282,48,0,0.000125
796,.((((..(((.((.((.........))...)).))).))))...((((((..((.(......).))...)))))).,20,-7.281,14,0,0.000125
797,..(((..(((.((.((.........))...)).))).)))....((((((.(.(..(.....).).)..)))))).,19,-7.28,12,0,0.000125
798,.......(((.((.................)).)))........((((((.((..(......)..))..)))))).,14,-7.279,10,0,0.000125
799,..(((..(((.((.((((.....))))...)).))).)))....(((((((.....)............)))))).,19,-7.278,12,0,0.000125
800,.......(((.((.((.(.....).))...)).)))........((((((..(..............).)))))).,15,-7.277,4,0,0.000124
801,.((.(..(((.((.((.........))...)).))).).))...((((((...................)))))).,16,-7.276,6,0,0.000124
802,.((((..(((.((.(((.......)))...)).))).))))...((((((...(..((...))..)...)))))).,21,-7.276,16,0,0.000124
803,..(((..(((.((.((((.....))))...)).))).)))....((((((...(..........)....)))))).,19,-7.275,12,0,0.000124
804,..((.(.(((.((.................)).))).)))....((((((...................)))))).,14,-7.273,10,0,0.000123
805,.......(((.((.((((.....))))...)).)))........(((((((........).........)))))).,16,-7.272,6,0,0.000123
806,...(((((((((.(((......(((....))))))..))))).)))).................(...).......,16,-7.271,45,0,0.000123
807,..(((..(((.((.((.........))...)).))).)))....((((.......................)))).,14,-7.27,10,0,0.000123
808,...(((((((((.(((......(((....))))))..))))).)))).............(.(.(...)).)....,18,-7.267,47,0,0.000122
809,.......(((((.(((......(((....))))))..)))))..((((((.......(...).......)))))).,18,-7.267,28,0,0.000122
810,.......(((.((.................)).))).........(((((...................)))))..,10,-7.263,6,0,0.000121
811,.......(((((.(((......(((....))))))..)))))....((((...................))))...,15,-7.262,30,0,0.000121
812,..((...(((.((.(((.......)))...)).)))..))....((((((.....(......)......)))))).,17,-7.262,8,0,0.000121
813,.......(((.((.((((.....))))...)).)))........((((((...(.(......).)....)))))).,17,-7.261,8,0,0.000121
814,...(((((((((.(((......(((....))))))..))))).)))).((.....)).......(...).......,18,-7.26,47,0,0.000121
815,.((((..(((.((.((.........))...)).))).))))...(((((((.((.....))....)...)))))).,20,-7.26,14,0,0.000121
816,..((...(((.((.(((.......)))...)).)))..))....((((((...(..(.....)..)...)))))).,18,-7.258,10,0,0.000120
817,...(((((((((.(((......(((....))))))..))))).)))).((.....))...(.(.(...)).)....,20,-7.256,49,0,0.000120
818,...((..(((.((.(((.......)))...)).))).)).....((((((.(((..(.....).)))..)))))).,20,-7.255,14,0,0.000120
819,...((..(((.((.(((.......)))...)).))).)).....((((((.(..............)..)))))).,17,-7.255,8,0,0.000120
820,.......(((.((.(((.......)))...)).)))........((((((.(.(...........))..)))))).,16,-7.255,6,0,0.000120
821,.......(((.((.................)).)))........((((((..((..(.....).))...)))))).,14,-7.254,10,0,0.000120
822,..(((..(((.((.(((.......)))...)).))).)))....(((((((........).........)))))).,18,-7.252,10,0,0.000119
823,.((((..(((.((.((((.....))))...)).))).))))...((((((.(((.....)).....)..)))))).,22,-7.251,18,0,0.000119
824,..((...(((.((.((.........))...)).)))..))....(((((((.....)............)))))).,16,-7.251,6,0,0.000119
825,.((((..(((.((.((.(...)...))...)).))).))))...((((((...................)))))).,18,-7.251,10,0,0.000119
826,.......(((.((.(((.......)))...)).)))........(((((((..(.......)..)....)))))).,16,-7.249,6,0,0.000119
827,.......(((.((.(((.......)))...)).)))........(((((((..(.......)..))....))))).,16,-7.249,9,0,0.000119
828,..((...(((.((.((.........))...)).)))..))....((((((...(..........)....)))))).,16,-7.249,6,0,0.000118
829,..(((..(((.((.((.........))...)).))).)))....((((((.(....(.....)...)..)))))).,18,-7.248,10,0,0.000118
830,.......(((.((.(...........)...)).)))........((((((.(((..........)))..)))))).,15,-7.247,8,0,0.000118
831,.......(((.((....(..........).)).)))........((((((...................)))))).,12,-7.247,6,0,0.000118
832,.....(.(((.((.((.........))...)).))).....)..((((((...................)))))).,14,-7.247,2,0,0.000118
833,..(((..(((.((.((.........))...)).))).)))....((((((...(.....)....(...))))))).,18,-7.246,10,0,0.000118
834,.......(((((.(((......(((....))))))..)))))..(((((((..(.....).).......)))))).,19,-7.246,30,0,0.000118
835,.......(((.((.((((.....))))...)).)))........(((((((.((.....))).......)))))).,18,-7.244,10,0,0.000118
836,.(((...(((.((.(((.......)))...)).)))..)))...((((((...(...........)...)))))).,18,-7.242,10,0,0.000117
837,.......((.((.(((......(((....))))))..)).))..((((((......((.........)))))))).,18,-7.241,29,0,0.000117
838,..(((..(((.((.(((.......)))...)).))).)))....((((((...(.(......).)....)))))).,19,-7.24,12,0,0.000117
839,.((((..(((.((.................)).))).))))...((((((..((.....))........)))))).,17,-7.238,16,0,0.000116
840,..(((..(((.((.((((.....))))...)).))).)))....((((((......((...))......)))))).,20,-7.238,14,0,0.000116
841,.......(((.((.(((.......)))...)).)))...........(((.....)))..................,11,-7.236,17,0,0.000116
842,.......(((.(((((.........)).)).).)))........((((((......((.........)))))))).,16,-7.235,9,0,0.000116
843,.......(((.(((((.........)).).)).)))........((((((......((.........)))))))).,16,-7.235,6,0,0.000116
844,.......(((.((.................)).)))........(((((((..........).......)))))).,12,-7.233,6,0,0.000115
845,.......(((.((.(((.......)))...)).)))........((((((.((...((...))..))..)))))).,18,-7.232,10,0,0.000115
846,.((((..(((.((.((.........))...)).))).))))...(((((((.(..........).)...)))))).,19,-7.23,12,0,0.000115
847,.(((...(((.((.((.........))...)).)))..)))...((((((.(((.....)).....)..)))))).,19,-7.225,12,0,0.000114
848,...((..(((.((.(((.......)))...)).))).)).....((((((..(..............).)))))).,17,-7.224,8,0,0.000114
849,..(((..(((.((.(((.......)))...)).))).)))....(((((((.((.....))).......)))))).,20,-7.224,14,0,0.000114
850,.((((..(((.((.((.........))...)).))).))))...((((((.(.(..(.....).).)..)))))).,20,-7.221,14,0,0.000113
851,..(((..(((.((.................)).))).)))....((((((.(((.(......).)))..)))))).,18,-7.22,18,0,0.000113
852,.((((..(((.((.((((.....))))...)).))).))))...(((((((.....)............)))))).,20,-7.219,14,0,0.000113
853,..(((..(((.((.((.........))..).).))).)))....((((((...................)))))).,16,-7.219,9,0,0.000113
854,.......(((.((.(((.......)))...)).)))..(....)((((((......((.........)))))))).,17,-7.218,8,0,0.000113
855,..((.(.(((.((.((.........))...)).))).)))....((((((......((.........)))))))).,18,-7.217,10,0,0.000112
856,.((((..(((.((.((((.....))))...)).))).))))...((((((...(..........)....)))))).,20,-7.217,14,0,0.000112
857,..(((..(((.((.((.........))...)).))).)))....((((((..(...(.....)....).)))))).,18,-7.217,10,0,0.000112
858,..........((.(((......(((....))))))..)).....((((((...(...........)...)))))).,15,-7.216,25,0,0.000112
859,.......(((.((.((.........))...)).)))...........(((.....)))....(.(...).).....,12,-7.216,18,0,0.000112
860,..((...........)).....(((....)))............((((((...................)))))).,11,-7.216,21,0,0.000112
861,.(((.(.(((.((.................)).))).))))...((((((...................)))))).,15,-7.214,12,0,0.000112
862,.......(((.((.(((.......)))...)).)))........((((((.(.(..(.....)..))..)))))).,17,-7.212,8,0,0.000111
863,.((((..(((.((.((.........))...)).))).))))...((((.......................)))).,15,-7.212,12,0,0.000111
864,..((...(((.((.((.........))...)).)))..))....((((((......((...))......)))))).,17,-7.211,8,0,0.000111
865,.......(((.((.(...........)...)).)))........((((((..............(...))))))).,13,-7.211,4,0,0.000111
866,...(((((((.((.(((.......)))...)).))).......))))..((....))...................,14,-7.208,22,0,0.000111
867,.......(((.((.((.........))...)).))).........(((((......((.........)))))))..,14,-7.207,6,0,0.000110
868,...((..(((.((.((.........))...)).))).)).....((((((..((.....))........)))))).,17,-7.206,8,0,0.000110
869,.(((...(((.((.(((.......)))...)).)))..)))...((((((.....(......)......)))))).,18,-7.203,10,0,0.000110
870,...((.....))..........(((....)))............((((((...................)))))).,11,-7.202,21,0,0.000110
871,...(((((((((.(((......(((....))))))..))))).)))).............(.(......).)....,17,-7.2,45,0,0.000109
872,.......(((.((.((.........))...)).)))..(....)((((((.(((..(.....).)))..)))))).,18,-7.2,10,0,0.000109
873,.......(((.((.((.........))...)).)))..(....)((((((.(..............)..)))))).,15,-7.2,4,0,0.000109
874,......((((.((.(((.......)))...)).))).....)..((((((...................)))))).,15,-7.199,4,0,0.000109
875,.(((...(((.((.(((.......)))...)).)))..)))...((((((...(..(.....)..)...)))))).,19,-7.199,12,0,0.000109
876,.......(((.((.(((.......)))...)).)))........((((((..((..((...)).))...)))))).,18,-7.198,10,0,0.000109
877,.......(((((.(((......(((....))))))..)))))..((((((.(.(..........).)..)))))).,19,-7.198,30,0,0.000109
878,..((...(((.((.((((.....))))...)).)))..))....((((((.((............))..)))))).,19,-7.196,12,0,0.000108
879,..(((..(((.((.((.........))...)).))).)))....((((((...(..((...)).)....)))))).,19,-7.195,12,0,0.000108
880,..(((..(((.((.((.........))...)).))).)))....((((((...(.......).......)))))).,17,-7.194,8,0,0.000108
881,.((((..(((.((.(((.......)))...)).))).))))...(((((((........).........)))))).,19,-7.193,12,0,0.000108
882,.(((...(((.((.((.........))...)).)))..)))...(((((((.....)............)))))).,17,-7.193,8,0,0.000108
883,.(((...(((.((.((.........))...)).)))..)))...((((((...(..........)....)))))).,17,-7.19,8,0,0.000107
884,..((.(..((.((.((.........))...)).))..)))....((((((...................)))))).,15,-7.189,8,0,0.000107
885,...(((((((((.(((......(((....))))))..))))).)))).((.....))...(.(......).)....,19,-7.189,47,0,0.000107
886,.((((..(((.((.((.........))...)).))).))))...((((((.(....(.....)...)..)))))).,19,-7.189,12,0,0.000107
887,...(((((((.((.((.........))...)).))).......))))..((....)).....(.(...).).....,15,-7.189,23,0,0.000107
888,.((((..(((.((.((.........))...)).))).))))...((((((...(.....)....(...))))))).,19,-7.187,12,0,0.000107
889,......................(((....)))((...)).....((((((...................)))))).,11,-7.186,21,0,0.000107
890,.......(((.((.((.........))...)).)))........((((((..((.....).......).)))))).,15,-7.184,4,0,0.000106
891,...(((((((.((.((.........))...)).))).......))))(((.....)))..................,14,-7.184,20,0,0.000106
892,...........(..((((....(((....)))...))))..)..((((((...................)))))).,14,-7.183,24,0,0.000106
893,...(.(.(((.((.((.........))...)).))).)).....((((((...................)))))).,15,-7.182,4,0,0.000106
894,.((((..(((.((.(((.......)))...)).))).))))...((((((...(.(......).)....)))))).,20,-7.181,14,0,0.000106
895,.......(((.((((((.......))).)).).)))........((((((......(((.......))))))))).,18,-7.18,13,0,0.000106
896,.......(((.((((((.......))).).)).)))........((((((......(((.......))))))))).,18,-7.18,10,0,0.000106
897,.((((..(((.((.((((.....))))...)).))).))))...((((((......((...))......)))))).,21,-7.179,16,0,0.000105
898,.(.((..(((.((.((.........))...)).))).)).)...((((((...................)))))).,16,-7.178,6,0,0.000105
899,..........((.(((......(((....))))))..)).....((((((.....(......)......)))))).,15,-7.177,25,0,0.000105
900,..(((..(((.((.(...........)...)).))).)))....((((((......(((.......))))))))).,18,-7.176,14,0,0.000105
901,...(((((((((.(((......(((....))))))..))))).))))..((....))..........(.....)..,18,-7.176,47,0,0.000105
902,..........((.(((................)))..)).....((((((...................)))))).,11,-7.176,19,0,0.000105
903,..((...(((.((.((((.....))))...)).)))..))....(((((.....................))))).,16,-7.175,10,0,0.000105
904,..(((..(((.((.((.........))...)).))).)))....((((((.(...(......)...)..)))))).,18,-7.175,10,0,0.000105
905,..(((..(((.((.((((.....))))...)).))).)))....(((((((....).............)))))).,19,-7.174,12,0,0.000105
906,..(((..(((.((.((((.....))))...)).))).)))....(((((((....)).............))))).,19,-7.174,15,0,0.000105
907,..........((.(((......(((....))))))..)).....((((((...(..(.....)..)...)))))).,16,-7.174,27,0,0.000104
908,..(((..(((.((.((((.....))))...)).))).)))....((((((...(.(......)..)...)))))).,20,-7.172,14,0,0.000104
909,..............(((.....(((....)))....))).....((((((.((............))..)))))).,14,-7.169,26,0,0.000104
910,.......(((.((.((.........))...)).)))..(....)((((((..(..............).)))))).,15,-7.169,4,0,0.000104
911,...(((((((((.(((......(((....))))))..))))).))))(((.....)))....((.......))...,20,-7.166,48,0,0.000103
912,.......(((.((.(..............))).)))........((((((.((............))..)))))).,14,-7.165,9,0,0.000103
913,.((((..(((.((.(((.......)))...)).))).))))...(((((((.((.....))).......)))))).,21,-7.165,16,0,0.000103
914,.......(((.((.................)).)))........((((((.........(........))))))).,12,-7.165,6,0,0.000103
915,..((...(((.((.(((.......)))...)).)))..))....((((((..((.....))........)))))).,18,-7.164,10,0,0.000103
916,.......(((.((.((((.....))))...)).)))........((((((.......(...).......)))))).,16,-7.163,6,0,0.000103
917,..((.(.(((.((.(((.......)))...)).))).)))....((((((......(((.......))))))))).,20,-7.162,14,0,0.000102
918,.((((..(((.((.................)).))).))))...((((((.(((.(......).)))..)))))).,19,-7.161,20,0,0.000102
919,..((...(((.((.((((.....))))...)).)))..))....((((((......(.....)......)))))).,18,-7.161,10,0,0.000102
920,.((((..(((.((.((.........))..).).))).))))...((((((...................)))))).,17,-7.16,11,0,0.000102
921,.......(((.((.((((.....))))...)).)))..........((((...................))))...,13,-7.158,8,0,0.000102
922,.(((.(.(((.((.((.........))...)).))).))))...((((((......((.........)))))))).,19,-7.158,12,0,0.000102
923,.((((..(((.((.((.........))...)).))).))))...((((((..(...(.....)....).)))))).,19,-7.158,12,0,0.000102
924,.......(((.((.((.........))...)).)))..........((((......(((.......)))))))...,14,-7.154,10,0,0.000101
925,..((...(((.((.(...........)...)).)))..))....((((((...................)))))).,14,-7.154,6,0,0.000101
926,.......(((.((.(((.......)))...)).))).........(((((......(((.......))))))))..,16,-7.153,10,0,0.000101
927,.(((...(((.((.((.........))...)).)))..)))...((((((......((...))......)))))).,18,-7.153,10,0,0.000101
928,.......(((.((.((.........))...)).)))........((((((..(...........)....)))))).,14,-7.152,2,0,0.000101
929,...(((((((((.(((......(((....))))))..))))).)))).....((.....)).(.(...).).....,19,-7.151,50,0,0.000100
930,.......(((.((.((.........))...)).)))........((((((.........(.(....).))))))).,15,-7.15,4,0,0.000100
931,..............(((.....(((....)))....))).....(((((.....................))))).,11,-7.148,24,0,0.000100
932,..((...(((.((.((.........))...)).)))..))....(((((((....)).............))))).,16,-7.147,9,0,0.000100
933,..((...(((.((.((.........))...)).)))..))....(((((((....).............)))))).,16,-7.147,6,0,0.000100
934,.......(((.((.((.........))...)).)))........((((((..(..(......)....).)))))).,15,-7.146,4,0,0.000100
935,..((...(((.((.((.........))...)).)))..))....((((((...(.(......)..)...)))))).,17,-7.145,8,0,0.000100
936,..(((..(((.((.((((.....))))...)).))).)))....((((((...(..(.....).)....)))))).,20,-7.144,14,0,0.000099
937,.......(((.((.(..............))).)))........(((((.....................))))).,11,-7.144,7,0,0.000099
938,......................(((....)))............((((((......((.........)))))))).,11,-7.144,22,0,0.000099
939,..(((..(((.((.(((.......)))...)).))).)))....((((((.......(...).......)))))).,18,-7.142,10,0,0.000099
940,.......(((.((.((((.....))))...)).)))........(((((((..(.....).).......)))))).,17,-7.142,8,0,0.000099
941,..(((..(((.((..........(.....))).))).)))....((((((...................)))))).,15,-7.139,12,0,0.000098
942,..(((..(((.((.(((.......)))...)).))).)))......((((...................))))...,15,-7.138,12,0,0.000098
943,.......(((.((.................)).)))........((((((.......(.....).....)))))).,12,-7.138,6,0,0.000098
944,.........(.((.................)).)..........((((((...................)))))).,9,-7.137,8,0,0.000098
945,.(((...(((.((.((((.....))))...)).)))..)))...((((((.((............))..)))))).,20,-7.137,14,0,0.000098
946,.......(((.((.................)).)))........((((((...........(......))))))).,12,-7.137,6,0,0.000098
947,.((((..(((.((.((.........))...)).))).))))...((((((...(..((...)).)....)))))).,20,-7.136,14,0,0.000098
948,.((((..(((.((.((.........))...)).))).))))...((((((...(.......).......)))))).,18,-7.135,10,0,0.000098
949,.......(((.(.((((.......))).)..).)))........((((((...................)))))).,14,-7.135,6,0,0.000098
950,..............(((.....(((....)))....))).....((((((......(.....)......)))))).,13,-7.134,24,0,0.000098
951,.......(((.((..(........).....)).)))........((((((...................)))))).,12,-7.132,5,0,0.000097
952,.......(((.((.((.........))...)).)))..(.....)..(((.....)))..................,11,-7.131,16,0,0.000097
953,.(((.(..((.((.((.........))...)).))..))))...((((((...................)))))).,16,-7.131,10,0,0.000097
954,.......(((.((.(..............))).)))........((((((......(.....)......)))))).,13,-7.13,7,0,0.000097
955,...(((((((((.(((......(((....))))))..))))).))))......((.((.........))..))...,19,-7.13,49,0,0.000097
956,...((..(((.((.((.........))...)).))).)).....((((((.(((.(......).)))..)))))).,19,-7.129,12,0,0.000097
957,.......(((.((.((.........))...)).)))..(....)..((((...................))))...,12,-7.128,6,0,0.000097
958,.......(((((.(((......(((....))))))..)))))..((((((..((.(......).))...)))))).,20,-7.126,32,0,0.000096
959,.....(.(((.((.................)).))).)......((((((...................)))))).,12,-7.125,6,0,0.000096
960,..(.....).....((((....(((....)))...)))).....((((((...................)))))).,14,-7.125,24,0,0.000096
961,..(((..(((.((.((((.....))))...)).))).)))....((((((.....(............))))))).,19,-7.125,12,0,0.000096
962,.......(((.((.................)).)))........((((((...(..((...))..)...)))))).,14,-7.124,10,0,0.000096
963,.......(((((.(((................)))..)))))..((((((......((.........)))))))).,16,-7.124,26,0,0.000096
964,..((...(((.((.((((.....))))...)).)))..))....((((((.(((..........)))..)))))).,20,-7.123,14,0,0.000096
965,..(((..(((.((.(((.......)))...)).))).)))....(((((((..(.....).).......)))))).,19,-7.121,12,0,0.000096
966,.......(((.((.((.........))...)).)))........((((((......(.....).(...))))))).,15,-7.121,4,0,0.000096
967,.......(((.(((.....)..........)).)))........((((((...................)))))).,12,-7.119,6,0,0.000095
968,.......(((.((.((.........))...)).)))........((((((...(...(.....).)...)))))).,15,-7.119,4,0,0.000095
969,.((((..(((.((.(...........)...)).))).))))...((((((......(((.......))))))))).,19,-7.118,16,0,0.000095
970,..((...(((.((.((.........))...)).)))..))....((((((...(..(.....).)....)))))).,17,-7.118,8,0,0.000095
971,.(((...(((.((.((((.....))))...)).)))..)))...(((((.....................))))).,17,-7.116,12,0,0.000095
972,..((...(((.((.................)).)))..))....((((((......((.........)))))))).,15,-7.116,12,0,0.000095
973,.......(((.((.(...........)...)).)))........((((((.(((..(.....).)))..)))))).,16,-7.116,10,0,0.000095
974,.......(((.((.(...........)...)).)))........((((((.(..............)..)))))).,13,-7.116,4,0,0.000095
975,.((((..(((.((.((.........))...)).))).))))...((((((.(...(......)...)..)))))).,19,-7.116,12,0,0.000095
976,...(((.(((((.(((......(((....))))))..)))))..)))..((....)).....(.(...).).....,18,-7.116,47,0,0.000095
977,.((((..(((.((.((((.....))))...)).))).))))...(((((((....).............)))))).,20,-7.116,14,0,0.000095
978,.((((..(((.((.((((.....))))...)).))).))))...(((((((....)).............))))).,20,-7.116,17,0,0.000095
979,.......(((.((.(((.......)))...)).)))........((((((...(.....).........)))))).,15,-7.116,4,0,0.000095
980,.((((..(((.((.((((.....))))...)).))).))))...((((((...(.(......)..)...)))))).,21,-7.114,16,0,0.000094
981,...........(((.......))).(((........))).....((((((...................)))))).,12,-7.113,22,0,0.000094
982,.......(((.((.(((.......)))...)).)))........((((((..((...........).).)))))).,16,-7.112,6,0,0.000094
983,..............((......(((....)))))..........((((((...................)))))).,11,-7.111,19,0,0.000094
984,...(((.(((((.(((......(((....))))))..)))))..)))(((.....)))..................,17,-7.111,44,0,0.000094
985,..(((..(((.((.((((.....))))...)).))).)))....((((((..(............)...)))))).,19,-7.11,12,0,0.000094
986,...(((((((((.(((......(((....))))))..))))).))))..((....))..(.((.(...).))..).,21,-7.108,51,0,0.000094
987,..(((..(((.((.((((.....))))...)).))).)))....((((((......(...........))))))).,19,-7.106,12,0,0.000093
988,.(((...(((.((.(((.......)))...)).)))..)))...((((((..((.....))........)))))).,19,-7.106,12,0,0.000093
989,.......(((((.(((......(((....))))))..)))))..(((((((.((.....))....)...)))))).,20,-7.105,32,0,0.000093
990,...((..(((.((.................)).))).)).....((((((......(((.......))))))))).,16,-7.104,14,0,0.000093
991,.(((.(.(((.((.(((.......)))...)).))).))))...((((((......(((.......))))))))).,21,-7.104,16,0,0.000093
992,.(((...(((.((.((((.....))))...)).)))..)))...((((((......(.....)......)))))).,19,-7.102,12,0,0.000093
993,.......(((.((.((.........))...)).)))........((((((.(.(.(......)..))..)))))).,16,-7.1,6,0,0.000092
994,.......(((((..........(((....))).....)))))..((((((......(((.......))))))))).,17,-7.099,30,0,0.000092
995,.......(((.((.((.........))...)).)))........((((((......((..(.....))))))))).,16,-7.098,6,0,0.000092
996,..((...(((.((.((.........))...)).)))..))....((((((.....(............))))))).,16,-7.098,6,0,0.000092
997,..............(((.....(((....)))....))).....((((((.(((..........)))..)))))).,15,-7.096,28,0,0.000092
998,..(((..(((.((.((((.....))))...)).))).)))....(((((((.((.....))...)....)))))).,21,-7.096,16,0,0.000092
999,..(((..(((.((.((((.....))))...)).))).)))....(((((((.((.....))...))....))))).,21,-7.096,19,0,0.000092
1000,.(((...(((.((.(...........)...)).)))..)))...((((((...................)))))).,15,-7.095,8,0,0.000091
1001,.....(....)...(((.....(((....)))....))).....((((((...................)))))).,13,-7.095,24,0,0.000091
1002,.......(((.((.((((.....))))...)).)))........((((((.(.(..........).)..)))))).,17,-7.094,8,0,0.000091
1003,.......(((.((.((.........))...)).))).......(.(((((...................)))))).,13,-7.093,3,0,0.000091
1004,.......(((.((.(..............))).)))........((((((.(((..........)))..)))))).,15,-7.092,11,0,0.000091
1005,(...)..(((.((.((.........))...)).)))........((((((...................)))))).,14,-7.091,2,0,0.000091
1006,.......((.((.(((......(((....))))))..)).))..((((((.((............))..)))))).,18,-7.089,29,0,0.000091
1007,.(((...(((.((.((.........))...)).)))..)))...(((((((....).............)))))).,17,-7.089,8,0,0.000090
1008,.(((...(((.((.((.........))...)).)))..)))...(((((((....)).............))))).,17,-7.089,11,0,0.000090
1009,.......(((.((.((.........))...)).)))........(((((...((.....)).........))))).,14,-7.088,6,0,0.000090
1010,..((...(((.((.(((.......)))...)).)))..))....((((((.(((.(......).)))..)))))).,20,-7.087,14,0,0.000090
1011,.(((...(((.((.((.........))...)).)))..)))...((((((...(.(......)..)...)))))).,18,-7.087,10,0,0.000090
1012,.......(.(((.(((......(((....))))))..))).)..((((((......((.........)))))))).,18,-7.086,29,0,0.000090
1013,..((...(((.((.((((.....))))...)).)))..))....((((((..............(...))))))).,18,-7.086,10,0,0.000090
1014,.((((..(((.((.((((.....))))...)).))).))))...((((((...(..(.....).)....)))))).,21,-7.086,16,0,0.000090
1015,..(((..(((.((.((((.....))))...)).))).)))....(((((((..............)...)))))).,19,-7.086,12,0,0.000090
1016,.......(((.((.(...........)...)).)))........((((((..(..............).)))))).,13,-7.085,4,0,0.000090
1017,..(((..(((.((.((.(.....).))...)).))).)))....((((((......((.........)))))))).,19,-7.085,12,0,0.000090
1018,.......(((.(...................).)))........((((((......(((.......))))))))).,13,-7.084,12,0,0.000090
1019,.((((..(((.((.(((.......)))...)).))).))))...((((((.......(...).......)))))).,19,-7.084,12,0,0.000090
1020,..((...(((.((.((.........))...)).)))..))....((((((..(............)...)))))).,16,-7.083,6,0,0.000090
1021,.......(((.(((((.........)).)).).)))........((((((.((............))..)))))).,16,-7.083,9,0,0.000090
1022,.......(((.(((((.........)).).)).)))........((((((.((............))..)))))).,16,-7.083,6,0,0.000090
1023,......(..(((.(((......(((....))))))..))).)..((((((...................)))))).,16,-7.082,26,0,0.000089
1024,.........(.((.((.........))...)).)..........((((((......((.........)))))))).,13,-7.082,8,0,0.000089
1025,......(.((.((.((.........))...)).)))........((((((...................)))))).,13,-7.082,3,0,0.000089
1026,.......(((.((.((........).)...)).)))........((((((...................)))))).,13,-7.082,3,0,0.000089
1027,...(...(((.((.................)).)))..).....((((((...................)))))).,12,-7.082,6,0,0.000089
1028,.((((..(((.((..........(.....))).))).))))...((((((...................)))))).,16,-7.08,14,0,0.000089
1029,..........((.(((......(((....))))))..)).....((((((..((.....))........)))))).,16,-7.08,27,0,0.000089
1030,.((((..(((.((.(((.......)))...)).))).)))).....((((...................))))...,16,-7.079,14,0,0.000089
1031,..((...(((.((.((.........))...)).)))..))....((((((......(...........))))))).,16,-7.079,6,0,0.000089
1032,......((((.((.................)).))).)......((((((...................)))))).,12,-7.078,6,0,0.000089
1033,..(((..(((.((.................)).))).)))....((((((.(((.....)).....)..)))))).,17,-7.078,16,0,0.000089
1034,..(((..(((.((.((((.....))))...)).))).)))....(((((((.............))....))))).,19,-7.078,15,0,0.000089
1035,..(((..(((.((.((((.....))))...)).))).)))....(((((((.............)....)))))).,19,-7.078,12,0,0.000089
1036,.......(((((.(((......(((....))))))..)))))..(((((((.(..........).)...)))))).,19,-7.075,30,0,0.000088
1037,..(((..(((.((.(((.......)))...)).))).)))....((((((.(.(..........).)..)))))).,19,-7.074,12,0,0.000088
1038,.......(((.((.(((.......)))...)).)))........(((((((.(.....)..).......)))))).,16,-7.072,6,0,0.000088
1039,.......(((.((.(((.......)))...)).)))........((((((..((..(.....)..).).)))))).,17,-7.07,8,0,0.000088
1040,.......(((.((.(((.......)))...)).)))........((((((..(...(.....)..)...)))))).,16,-7.07,6,0,0.000088
1041,.....(.(((.((.((.........))...)).))).)......((((((......((.........)))))))).,16,-7.069,6,0,0.000088
1042,..(((..(((.((.((((.....))))...)).))).)))....((((((.(((..((...)).)))..)))))).,23,-7.069,20,0,0.000088
1043,..((...(((.((.((.........))...)).)))..))....(((((((.((.....))...)....)))))).,18,-7.069,10,0,0.000087
1044,..((...(((.((.((.........))...)).)))..))....(((((((.((.....))...))....))))).,18,-7.069,13,0,0.000087
1045,.......((.((.(((......(((....))))))..)).))..(((((.....................))))).,15,-7.069,27,0,0.000087
1046,.......(((((.(((......(((....))))))..)))))..((((((.(.(..(.....).).)..)))))).,20,-7.067,32,0,0.000087
1047,.......(((.((.(((.......)))...)).)))..(....)((((((.((............))..)))))).,17,-7.066,8,0,0.000087
1048,.((((..(((.((.((((.....))))...)).))).))))...((((((.....(............))))))).,20,-7.066,14,0,0.000087
1049,..((.(.(((.((.((.........))...)).))).)))....((((((.((............))..)))))).,18,-7.065,10,0,0.000087
1050,.(((...(((.((.((((.....))))...)).)))..)))...((((((.(((..........)))..)))))).,21,-7.064,16,0,0.000087
1051,..............((((....(((....)))...)))).....((((((......(((.......))))))))).,16,-7.063,29,0,0.000087
1052,........((.((.................)).)).........((((((...................)))))).,10,-7.063,6,0,0.000087
1053,.((((..(((.((.(((.......)))...)).))).))))...(((((((..(.....).).......)))))).,20,-7.063,14,0,0.000087
1054,.......(((.((.(((.......)))...)).)))........((((((....(...........)..)))))).,15,-7.062,4,0,0.000086
1055,.......(((.(((((.........)).)).).)))........(((((.....................))))).,13,-7.062,7,0,0.000086
1056,.......(((.(((((.........)).).)).)))........(((((.....................))))).,13,-7.062,4,0,0.000086
1057,.......(((.(((.........)......)).)))........((((((...................)))))).,12,-7.061,6,0,0.000086
1058,.......(((.((.(((.......)))...)).)))........((((((..(..(......)..)...)))))).,16,-7.061,6,0,0.000086
1059,..............(((.....(((....)))....))).....((((((..............(...))))))).,13,-7.06,24,0,0.000086
1060,.(((...(((.((.((.........))...)).)))..)))...((((((...(..(.....).)....)))))).,18,-7.059,10,0,0.000086
1061,..((...(((.((.((.........))...)).)))..))....(((((((..............)...)))))).,16,-7.059,6,0,0.000086
1062,.......(((.((.(((.......)))...)).)))........((((((.(.(.(......).).)..)))))).,17,-7.059,8,0,0.000086
1063,.......(((.((.((.(.....).))...)).)))........((((((...(...........)...)))))).,15,-7.058,4,0,0.000086
1064,.(((...(((.((.................)).)))..)))...((((((......((.........)))))))).,16,-7.058,14,0,0.000086
1065,.......(((((.(((......(((....))))))..)))))..((((.......................)))).,15,-7.057,30,0,0.000086
1066,.......(((.((.((.........))...)).)))........((((((.....(..........)..)))))).,14,-7.056,2,0,0.000086
1067,.......(((.((.(((.......)))...)).)))........((((.((..................)))))).,14,-7.056,7,0,0.000086
1068,.......(((.((.(((.......)))...)).)))........(((((.(..................)))))).,14,-7.056,5,0,0.000086
1069,.......(((.((.(..............))).)))........((((((..............(...))))))).,13,-7.055,7,0,0.000086
1070,.......(((.((.((.........))...)).))).........(((((.((............))..)))))..,14,-7.055,6,0,0.000085
1071,.......((.((.(((......(((....))))))..)).))..((((((......(.....)......)))))).,17,-7.054,27,0,0.000085
1072,..(((..(((.((.((.........))...)).))).)))....((((((.......(......)....)))))).,17,-7.054,8,0,0.000085
1073,..((...)).....((((....(((....)))...)))).....((((((...................)))))).,15,-7.053,25,0,0.000085
1074,...((..(((.((.((((.....))))...)).))).)).....((((((......((.........)))))))).,19,-7.053,12,0,0.000085
1075,..(((..(((.(((..............)).).))).)))....((((((...................)))))).,15,-7.052,15,0,0.000085
1076,..(((..(((.(((..............).)).))).)))....((((((...................)))))).,15,-7.052,12,0,0.000085
1077,.((((..(((.((.((((.....))))...)).))).))))...((((((..(............)...)))))).,20,-7.052,14,0,0.000085
1078,.......(((.((.(((....)...))...)).)))........((((((......((.........)))))))).,16,-7.051,6,0,0.000085
1079,..((...(((.((.((.........))...)).)))..))....(((((((.............))....))))).,16,-7.051,9,0,0.000085
1080,..((...(((.((.((.........))...)).)))..))....(((((((.............)....)))))).,16,-7.051,6,0,0.000085
1081,...((..(((.((.((.(.....).))...)).))).)).....((((((...................)))))).,16,-7.05,6,0,0.000085
1082,.......(((.(((((.........)).)).).)))........((((((......(.....)......)))))).,15,-7.048,7,0,0.000084
1083,.......(((.(((((.........)).).)).)))........((((((......(.....)......)))))).,15,-7.048,4,0,0.000084
1084,.((((..(((.((.((((.....))))...)).))).))))...((((((......(...........))))))).,20,-7.047,14,0,0.000084
1085,..(((..(((.((.................)).))).)))....(((((((.....)............)))))).,15,-7.047,12,0,0.000084
1086,.......(((.((.(((.......)))...)).)))..(....)(((((.....................))))).,14,-7.045,6,0,0.000084
1087,..((.(.(((.((.((.........))...)).))).)))....(((((.....................))))).,15,-7.044,8,0,0.000084
1088,..(((..(((.((.................)).))).)))....((((((...(..........)....)))))).,15,-7.044,12,0,0.000084
1089,.......(((.((.(((.......)))...)).)))........((((((.(((.....).....))..)))))).,17,-7.042,8,0,0.000084
1090,..((...(((.((.((.........))...)).)))..))....((((((.(((..((...)).)))..)))))).,20,-7.042,14,0,0.000084
1091,.......(((.((.(((...)....))...)).)))........((((((...................)))))).,14,-7.042,2,0,0.000084
1092,.....(..((.((.((.........))...)).))..)......((((((...................)))))).,13,-7.042,4,0,0.000084
1093,.......(((.((.................)).)))........(((((((........).........)))))).,12,-7.041,6,0,0.000083
1094,.(((...(((.((.((.........))...)).)))..)))...((((((.....(............))))))).,17,-7.039,8,0,0.000083
1095,.......(..((.(((......(((....))))))..))..)..((((((...................)))))).,15,-7.039,24,0,0.000083
1096,..(((..(((.((.((((.....))))...)).))).)))....((((((..((..........))...)))))).,20,-7.038,14,0,0.000083
1097,.((((..(((.((.((((.....))))...)).))).))))...(((((((.((.....))...)....)))))).,22,-7.037,18,0,0.000083
1098,.((((..(((.((.((((.....))))...)).))).))))...(((((((.((.....))...))....))))).,22,-7.037,21,0,0.000083
1099,...(((((((((.(((......(((....))))))..))))).)))).........(((.......))).......,18,-7.035,49,0,0.000083
1100,.......(((((.(((......(((....))))))..)))))..((((((.(....(.....)...)..)))))).,19,-7.035,30,0,0.000083
1101,.......(((.((.((.........))...)).))).........((((.....................))))..,11,-7.034,4,0,0.000083
1102,..(((..(((.((.((((.....))))...)).))).)))....((((((..((.....))...(...))))))).,21,-7.034,16,0,0.000082
1103,.......(((((.(((......(((....))))))..)))))..((((((...(.....)....(...))))))).,19,-7.033,30,0,0.000082
1104,.......(((.((.(((.......)))...)).)))..(....)((((((......(.....)......)))))).,16,-7.031,6,0,0.000082
1105,..((.(.(((.((.((.........))...)).))).)))....((((((......(.....)......)))))).,17,-7.03,8,0,0.000082
1106,.......(((.((.................)).)))........((((((...(.(......).)....)))))).,13,-7.029,8,0,0.000082
1107,.(((...(((.((.(((.......)))...)).)))..)))...((((((.(((.(......).)))..)))))).,21,-7.029,16,0,0.000082
1108,.(((...(((.((.((((.....))))...)).)))..)))...((((((..............(...))))))).,19,-7.028,12,0,0.000082
1109,.........(.((.(((.......)))...)).)..........((((((......(((.......))))))))).,15,-7.027,12,0,0.000082
1110,.((((..(((.((.((((.....))))...)).))).))))...(((((((..............)...)))))).,20,-7.027,14,0,0.000082
1111,.((((..(((.((.((.(.....).))...)).))).))))...((((((......((.........)))))))).,20,-7.027,14,0,0.000081
1112,...(...(((.((.((.........))...)).)))..).....((((((......((.........)))))))).,16,-7.026,6,0,0.000081
1113,.(((...(((.((.((.........))...)).)))..)))...((((((..(............)...)))))).,17,-7.025,8,0,0.000081
1114,......((((.((.((.........))...)).))).)......((((((......((.........)))))))).,16,-7.023,6,0,0.000081
1115,.......(((.((.((((.....))))...)).)))........((((((..((.(......).))...)))))).,18,-7.023,10,0,0.000081
1116,.......(((((.((((......((....))))))..)))))..((((((......(((.......))))))))).,20,-7.022,32,0,0.000081
1117,..(((..(((.((.(..............))).))).)))....((((((......(((.......))))))))).,18,-7.021,17,0,0.000081
1118,...(((((((.((.((.........))...)).))).......)))).............................,11,-7.021,17,0,0.000081
1119,.(((...(((.((.((.........))...)).)))..)))...((((((......(...........))))))).,17,-7.02,8,0,0.000081
1120,.......(((.((.((.........))...)).))).........(((((......(.....)......)))))..,13,-7.02,4,0,0.000081
1121,...(((((((((.(((......(((....))))))..))))).))))......(.....)..(.(...).).....,18,-7.02,48,0,0.000081
1122,.((((..(((.((.................)).))).))))...((((((.(((.....)).....)..)))))).,18,-7.02,18,0,0.000081
1123,.......(((.((.((.(.....).))...)).)))........((((((.....(......)......)))))).,15,-7.02,4,0,0.000080
1124,.((((..(((.((.((((.....))))...)).))).))))...(((((((.............))....))))).,20,-7.019,17,0,0.000080
1125,.((((..(((.((.((((.....))))...)).))).))))...(((((((.............)....)))))).,20,-7.019,14,0,0.000080
1126,.......(((.((.((.........))...)).)))............((.....))...................,9,-7.019,14,0,0.000080
1127,...(((((((((.(((......(((....))))))..))))).))))(((.....))).((.(.(...).)..)).,22,-7.018,51,0,0.000080
1128,.......((.((.(((......(((....))))))..)).))..((((((.(((..........)))..)))))).,19,-7.016,31,0,0.000080
1129,.......(((.((.((.(.....).))...)).)))........((((((...(..(.....)..)...)))))).,16,-7.016,6,0,0.000080
1130,.((((..(((.((.(((.......)))...)).))).))))...((((((.(.(..........).)..)))))).,20,-7.015,14,0,0.000080
1131,.....(.(((.((.(((.......)))...)).))).)......((((((......(((.......))))))))).,18,-7.015,10,0,0.000080
1132,.......(((.((.((.........))...)).)))........((((((.(.(..((...)).).)..)))))).,17,-7.014,8,0,0.000080
1133,..(((..(((.((.((.........))...)).))).)))....((((((.(.(...........))..)))))).,18,-7.013,10,0,0.000080
1134,.......(((.((.................)).)))........(((((((.((.....))).......)))))).,14,-7.013,10,0,0.000080
1135,.......(((.(...........((....))).)))........((((((...................)))))).,12,-7.011,9,0,0.000079
1136,..((...(((.((.((.........))...)).)))..))....((((((..((..........))...)))))).,17,-7.011,8,0,0.000079
1137,.((((..(((.((.((((.....))))...)).))).))))...((((((.(((..((...)).)))..)))))).,24,-7.011,22,0,0.000079
1138,.......(((((.(((......((......)))))..)))))..((((((......(((.......))))))))).,19,-7.01,30,0,0.000079
1139,.(((...(((.((.((.........))...)).)))..)))...(((((((.((.....))...)....)))))).,19,-7.01,12,0,0.000079
1140,.(((...(((.((.((.........))...)).)))..)))...(((((((.((.....))...))....))))).,19,-7.01,15,0,0.000079
1141,...(((((((.((.((.........))...)).))).......)))).((.....))...................,13,-7.01,19,0,0.000079
1142,.......(((.(((((.........)).)).).)))........((((((.(((..........)))..)))))).,17,-7.01,11,0,0.000079
1143,.......(((.(((((.........)).).)).)))........((((((.(((..........)))..)))))).,17,-7.01,8,0,0.000079
1144,...(((((((((.(((......(((....))))))..))))).))))(((.....)))...........(....).,19,-7.01,46,0,0.000079
1145,..(((..(((.((.((.........))...)).))).)))....(((((((..(.......)..)....)))))).,18,-7.008,10,0,0.000079
1146,..(((..(((.((.((.........))...)).))).)))....(((((((..(.......)..))....))))).,18,-7.008,13,0,0.000079
1147,..((...(((.((.((.........))...)).)))..))....((((((..((.....))...(...))))))).,18,-7.007,10,0,0.000079
1148,........((.((.((.........))...)).)).........((((((......((.........)))))))).,14,-7.007,6,0,0.000079
1149,..(((..(((.((.................)).))).)))....((((((......((...))......)))))).,16,-7.006,14,0,0.000079
1150,.(((.(.(((.((.((.........))...)).))).))))...((((((.((............))..)))))).,19,-7.006,12,0,0.000079
1151,...((..(((.((.(((.......)))...)).))).)).....((((((...(...........)...)))))).,17,-7.005,8,0,0.000079
1152,...(((((((((.(((......(((....))))))..))))).))))...............((.......))...,17,-7.004,45,0,0.000078
1153,.......(((((.(((......(((....))))))..)))))..((((((..(...(.....)....).)))))).,19,-7.004,30,0,0.000078
1154,..........((.(((......(((....))))))..)).....((((((.(((.(......).)))..)))))).,18,-7.003,31,0,0.000078
1155,..(((..(((.((.(((.......)))...)).))).)))....((((((..((.(......).))...)))))).,20,-7.002,14,0,0.000078
1156,.......(((.((.((((.....))))...)).)))........(((((((.((.....))....)...)))))).,18,-7.002,10,0,0.000078
1157,.(((...(((.((.((.........))...)).)))..)))...(((((((..............)...)))))).,17,-7.0,8,0,0.000078
1158,......(.((.((.((.........))...)).))..)......((((((...................)))))).,13,-7.0,4,0,0.000078
1159,...(((((((((.(((......(((....))))))..))))).))))..((....))........(........).,18,-6.999,47,0,0.000078
1160,..((...(((.((.(..............))).)))..))....((((((...................)))))).,14,-6.999,9,0,0.000078
1161,..(.(..(((.((.(((.......)))...)).))).).)....((((((...................)))))).,16,-6.998,6,0,0.000078
1162,.((((..(((.((.((.........))...)).))).))))...((((((.......(......)....)))))).,18,-6.996,10,0,0.000077
1163,..(((..(((.((.((.........))...)).))).))).......(((.....)))..................,13,-6.994,21,0,0.000077
1164,.((((..(((.(((..............)).).))).))))...((((((...................)))))).,16,-6.993,17,0,0.000077
1165,.((((..(((.(((..............).)).))).))))...((((((...................)))))).,16,-6.993,14,0,0.000077
1166,.......(((.((.(((.......)))...)).)))..(....)((((((.(((..........)))..)))))).,18,-6.993,10,0,0.000077
1167,...(((((((((.(((......(((....))))))..))))).)))).((.....)).....((.......))...,19,-6.993,47,0,0.000077
1168,.(((...(((.((.((.........))...)).)))..)))...(((((((.............)....)))))).,17,-6.993,8,0,0.000077
1169,.(((...(((.((.((.........))...)).)))..)))...(((((((.............))....))))).,17,-6.993,11,0,0.000077
1170,..((...(((.((.((((.....))))...)).)))..))....((((((.(((..(.....).)))..)))))).,21,-6.992,16,0,0.000077
1171,..((.(.(((.((.((.........))...)).))).)))....((((((.(((..........)))..)))))).,19,-6.992,12,0,0.000077
1172,..((...(((.((.((((.....))))...)).)))..))....((((((.(..............)..)))))).,18,-6.992,10,0,0.000077
1173,......................(((....)))............((((((.((............))..)))))).,11,-6.992,22,0,0.000077
1174,.......(((.((.((.........))...)).)))........((((((..((..........)..).)))))).,15,-6.991,4,0,0.000077
1175,..(((..(((.((.((.........))...)).))).)))....((((((.((...((...))..))..)))))).,20,-6.991,14,0,0.000077
1176,.......(((.((.((.(...)...))...)).)))........((((((......(((.......))))))))).,17,-6.988,8,0,0.000076
1177,.((((..(((.((.................)).))).))))...(((((((.....)............)))))).,16,-6.988,14,0,0.000076
1178,...((..(((.((.((.........))...)).))).)).....((((((.(((.....)).....)..)))))).,18,-6.988,10,0,0.000076
1179,.......(((.((.((.........))...)).)))........((((((..(..........).....)))))).,14,-6.988,2,0,0.000076
1180,.(((.(.(((.((.((.........))...)).))).))))...(((((.....................))))).,16,-6.985,10,0,0.000076
1181,.((((..(((.((.................)).))).))))...((((((...(..........)....)))))).,16,-6.985,14,0,0.000076
1182,..(((.........))).....(((....)))............((((((...................)))))).,12,-6.984,22,0,0.000076
1183,.(((...(((.((.((.........))...)).)))..)))...((((((.(((..((...)).)))..)))))).,21,-6.984,16,0,0.000076
1184,.......(((.((.((.........))...)).))).........(((((.(((..........)))..)))))..,15,-6.982,8,0,0.000076
1185,.......(((((.(((......(((....))))))..)))))..((((((...(..((...)).)....)))))).,20,-6.982,32,0,0.000076
1186,.......(((.((.((.........))...)).)))........((((((.(....((...))...)..)))))).,16,-6.981,6,0,0.000075
1187,...((((.((((.(((......(((....))))))..))))..))))..((....)).....(.(...).).....,18,-6.981,48,0,0.000075
1188,.......(((((.(((......(((....))))))..)))))..((((((...(.......).......)))))).,18,-6.981,28,0,0.000075
1189,..(((..(((.((.(((.......)))...)).))).)))....(((((((.((.....))....)...)))))).,20,-6.981,14,0,0.000075
1190,.......(((.((.(((.......)))...)).)))........((((((......((...(....))))))))).,17,-6.981,8,0,0.000075
1191,.......((.((.(((......(((....))))))..)).))..((((((..............(...))))))).,17,-6.98,27,0,0.000075
1192,.((((..(((.((.((((.....))))...)).))).))))...((((((..((..........))...)))))).,21,-6.979,16,0,0.000075
1193,...(((((((((.(((......(((....))))))..))))).))))............((............)).,17,-6.977,45,0,0.000075
1194,...((((.((((.(((......(((....))))))..))))..))))(((.....)))..................,17,-6.976,45,0,0.000075
1195,.((((..(((.((.((((.....))))...)).))).))))...((((((..((.....))...(...))))))).,22,-6.975,18,0,0.000075
1196,.......(((.(((((.........)).)).).)))........((((((..............(...))))))).,15,-6.973,7,0,0.000074
1197,.......(((.(((((.........)).).)).)))........((((((..............(...))))))).,15,-6.973,4,0,0.000074
1198,.......(((((.(((................)))..)))))..((((((.((............))..)))))).,16,-6.972,26,0,0.000074
1199,.......(((.((.((((.....))))...)).)))........(((((((.(..........).)...)))))).,17,-6.972,8,0,0.000074
1200,...(...(((.((.(((.......)))...)).)))..).....((((((......(((.......))))))))).,18,-6.971,10,0,0.000074
1201,.(((.(.(((.((.((.........))...)).))).))))...((((((......(.....)......)))))).,18,-6.971,10,0,0.000074
1202,......................(((....)))............(((((.....................))))).,8,-6.971,20,0,0.000074
1203,..(((..(((.((.((.........))...)).))).)))....((((((.(.(..(.....)..))..)))))).,19,-6.971,12,0,0.000074
1204,.......(((.((.((.........))...)).)))........(((((.......(.....).......))))).,13,-6.97,4,0,0.000074
1205,......((((.((.(((.......)))...)).))).)......((((((......(((.......))))))))).,18,-6.968,10,0,0.000074
1206,.......(((.((....(.....)......)).)))........((((((...................)))))).,12,-6.968,6,0,0.000074
1207,.......(((.(((.(.......).)....)).)))........((((((...................)))))).,13,-6.966,6,0,0.000074
1208,...((..(((.((.(((.......)))...)).))).)).....((((((.....(......)......)))))).,17,-6.966,8,0,0.000074
1209,...(((((((((.(((......(((....))))))..))))).)))).((.....))..((............)).,19,-6.966,47,0,0.000074
1210,..............(((.....(((....)))....))).....((((((.(((..(.....).)))..)))))).,16,-6.965,30,0,0.000073
1211,..............(((.....(((....)))....))).....((((((.(..............)..)))))).,13,-6.965,24,0,0.000073
1212,..((...(((.((.................)).)))..))....((((((.((............))..)))))).,15,-6.964,12,0,0.000073
1213,.......(((.((.((((.....))))...)).)))........((((((.(.(..(.....).).)..)))))).,18,-6.963,10,0,0.000073
1214,.((((..(((.((.(..............))).))).))))...((((((......(((.......))))))))).,19,-6.963,19,0,0.000073
1215,...((..(((.((.(((.......)))...)).))).)).....((((((...(..(.....)..)...)))))).,18,-6.962,10,0,0.000073
1216,.......(((((.(((......(((....))))))..)))))..((((((.(...(......)...)..)))))).,19,-6.962,30,0,0.000073
1217,.......(((.((.(..............))).)))........((((((.(((..(.....).)))..)))))).,16,-6.961,13,0,0.000073
1218,.......(((((..((......(((....)))))...)))))..((((((...................)))))).,16,-6.961,25,0,0.000073
1219,.......(((.((.(..............))).)))........((((((.(..............)..)))))).,13,-6.961,7,0,0.000073
1220,..((...(((.((.((((.....))))...)).)))..))....((((((..(..............).)))))).,18,-6.961,10,0,0.000073
1221,.......(((.((.((.........))...)).)))........((((((..((.(......)..).).)))))).,16,-6.957,6,0,0.000072
1222,......................(((....)))............((((((......(.....)......)))))).,10,-6.957,20,0,0.000072
1223,..(((..(((.((.((.........))...)).))).)))....((((((..((..((...)).))...)))))).,20,-6.957,14,0,0.000072
1224,.......(((.((.(((.......)))...)).)))..(....)((((((..............(...))))))).,16,-6.957,6,0,0.000072
1225,..(((...((.((.((.........))...)).))..)))....((((((...................)))))).,15,-6.956,8,0,0.000072
1226,...((..(((.((.((.........))...)).))).)).....(((((((.....)............)))))).,16,-6.956,6,0,0.000072
1227,.......(((.((.((.(......)))...)).)))........((((((...................)))))).,14,-6.955,2,0,0.000072
1228,..((.(.(((.((.((.........))...)).))).)))....((((((..............(...))))))).,17,-6.955,8,0,0.000072
1229,.((((..(((.((.((.........))...)).))).))))...((((((.(.(...........))..)))))).,19,-6.955,12,0,0.000072
1230,.......(((.((.((((.....))))...)).)))........((((.......................)))).,13,-6.954,8,0,0.000072
1231,...((..(((.((.((.........))...)).))).)).....((((((...(..........)....)))))).,16,-6.953,6,0,0.000072
1232,........((.((.(((.......)))...)).)).........((((((......(((.......))))))))).,16,-6.953,10,0,0.000072
1233,.......(((.((.((.........))...)).)))........(((((...((.....))...(...).))))).,15,-6.952,8,0,0.000072
1234,.(((...(((.((.((.........))...)).)))..)))...((((((..((..........))...)))))).,18,-6.952,10,0,0.000072
1235,.......(((((.(((................)))..)))))..(((((.....................))))).,13,-6.951,24,0,0.000072
1236,..(((..(((.((.(((.......)))...)).))).)))....(((((((.(..........).)...)))))).,19,-6.951,12,0,0.000072
1237,.......(((.((.((.........))...)).)))........((((((..(...((...))....).)))))).,16,-6.95,6,0,0.000072
1238,.......(((.((.((.........))...)).)))..(....)((((((...(...........)...)))))).,15,-6.95,4,0,0.000072
1239,.((((..(((.((.((.........))...)).))).))))...(((((((..(.......)..))....))))).,19,-6.949,15,0,0.000071
1240,.((((..(((.((.((.........))...)).))).))))...(((((((..(.......)..)....)))))).,19,-6.949,12,0,0.000071
1241,.(((...(((.((.((.........))...)).)))..)))...((((((..((.....))...(...))))))).,19,-6.948,12,0,0.000071
1242,..(((..(((.((...(...........).)).))).)))....((((((...................)))))).,15,-6.948,12,0,0.000071
1243,...(((.(((((.(((......(((....))))))..)))))..))).............................,14,-6.948,41,0,0.000071
1244,.((((..(((.((.................)).))).))))...((((((......((...))......)))))).,17,-6.948,16,0,0.000071
1245,..((...(((.((.(((.......)))...)).)))..))....((((((.(((.....)).....)..)))))).,19,-6.946,12,0,0.000071
1246,.......(((.((.((.........))...)).))).........(((((..............(...))))))..,13,-6.945,4,0,0.000071
1247,.......(((.((.((.........))...)).)))........(((((.(..............)....))))).,13,-6.944,4,0,0.000071
1248,..((...(((.((.................)).)))..))....(((((.....................))))).,12,-6.944,10,0,0.000071
1249,.((((..(((.((.(((.......)))...)).))).))))...((((((..((.(......).))...)))))).,21,-6.943,16,0,0.000071
1250,..(((..(((.(((((((.....)))).)).).))).)))....((((((...................)))))).,19,-6.943,15,0,0.000071
1251,..(((..(((.(((((((.....)))).).)).))).)))....((((((...................)))))).,19,-6.943,12,0,0.000071
1252,.......(((.((.((((.....))))...)).)))..(....)((((((......(((.......))))))))).,19,-6.943,12,0,0.000071
1253,..(((..(((.((.(((.......)))...)).))).)))....((((((.(.(..(.....).).)..)))))).,20,-6.943,14,0,0.000071
1254,..(((..(((.((.................)).))).)))....(((((((....).............)))))).,15,-6.943,12,0,0.000071
1255,..(((..(((.((.................)).))).)))....(((((((....)).............))))).,15,-6.943,15,0,0.000071
1256,.......(((.((.((.........))...)).)))........((((((.......(.......)...)))))).,14,-6.941,2,0,0.000071
1257,..(((..(((.((.................)).))).)))....((((((...(.(......)..)...)))))).,16,-6.941,14,0,0.000070
1258,..(((..(((.((.((((.....))))...)).))).)))....((((((.((...(.....)..))..)))))).,21,-6.941,16,0,0.000070
1259,.(((...(((.((.(..............))).)))..)))...((((((...................)))))).,15,-6.94,11,0,0.000070
1260,.((.(..(((.((.(((.......)))...)).))).).))...((((((...................)))))).,17,-6.939,8,0,0.000070
1261,..(((..(((.(((((.........)).)).).))).)))....((((((......(((.......))))))))).,20,-6.939,17,0,0.000070
1262,..(((..(((.(((((.........)).).)).))).)))....((((((......(((.......))))))))).,20,-6.939,14,0,0.000070
1263,...(((.(((((.(((......(((....))))))..)))))..))).((.....))...................,16,-6.937,43,0,0.000070
1264,.......(((((.(((................)))..)))))..((((((......(.....)......)))))).,15,-6.937,24,0,0.000070
1265,.((((..(((.((.((.........))...)).))).))))......(((.....)))..................,14,-6.935,23,0,0.000070
1266,..............(((.....(((....)))....))).....((((((..(..............).)))))).,13,-6.934,24,0,0.000070
1267,.......(.(((.(((......(((....))))))..))).)..((((((.((............))..)))))).,18,-6.934,29,0,0.000070
1268,.(((...(((.((.((((.....))))...)).)))..)))...((((((.(((..(.....).)))..)))))).,22,-6.933,18,0,0.000070
1269,.(((.(.(((.((.((.........))...)).))).))))...((((((.(((..........)))..)))))).,20,-6.933,14,0,0.000070
1270,.(((...(((.((.((((.....))))...)).)))..)))...((((((.(..............)..)))))).,19,-6.933,12,0,0.000070
1271,..(((..(((.((.(((.......)))...)).))).)))....((((.......................)))).,15,-6.933,12,0,0.000070
1272,..(((..(((.((.((.(.....).))...)).))).)))....((((((.((............))..)))))).,19,-6.933,12,0,0.000070
1273,.((((..(((.((.((.........))...)).))).))))...((((((.((...((...))..))..)))))).,21,-6.932,16,0,0.000069
1274,...(((((((((.(((......(((....))))))..))))).))))(((..............))).........,18,-6.932,46,0,0.000069
1275,..(((..(((.((.((((.....))))...)).))).)))....((((((.((..(......)..))..)))))).,21,-6.932,16,0,0.000069
1276,.......(((.((.................)).)))........((((((.......(...).......)))))).,12,-6.931,6,0,0.000069
1277,.......(((.((.((((.....))))...)).)))........((((((.(....(.....)...)..)))))).,17,-6.931,8,0,0.000069
1278,...(((((((((.(((......(((....))))))..))))).))))(((..((.....))...))).........,20,-6.93,50,0,0.000069
1279,.......(((.((.(..............))).)))........((((((..(..............).)))))).,13,-6.93,7,0,0.000069
1280,.........(.((.((.........))...)).)..........((((((.((............))..)))))).,13,-6.93,8,0,0.000069
1281,..((...(((.((.................)).)))..))....((((((......(.....)......)))))).,14,-6.929,10,0,0.000069
1282,.......(((.((.((((.....))))...)).)))........((((((...(.....)....(...))))))).,17,-6.929,8,0,0.000069
1283,.......(.(.((.((.........))...)).).)........((((((...................)))))).,12,-6.928,2,0,0.000069
1284,...(((((((((.(((......(((....))))))..))))).)))).....((.....))...(...).......,18,-6.928,49,0,0.000069
1285,.......(((.((.................)).)))..........((((...................))))...,9,-6.927,8,0,0.000069
1286,.......(((.((.(.(......)..)...)).)))........((((((...................)))))).,13,-6.923,4,0,0.000068
1287,.((((..(((.((.(((.......)))...)).))).))))...(((((((.((.....))....)...)))))).,21,-6.922,16,0,0.000068
1288,.......(((.((.((.(.....).))...)).)))........((((((..((.....))........)))))).,16,-6.922,6,0,0.000068
1289,...((((..(((.(((......(((....))))))..)))...))))..((....))...................,15,-6.922,44,0,0.000068
1290,..((..((((.((.((.........))...)).))).)))....((((((...................)))))).,16,-6.92,6,0,0.000068
1291,...(((((((((.(((......(((....))))))..))))).))))(((.....))).........((...))..,20,-6.92,48,0,0.000068
1292,......................(((....)))............((((((.(((..........)))..)))))).,12,-6.919,24,0,0.000068
1293,.....(....)...........(((....)))............((((((...................)))))).,10,-6.918,20,0,0.000068
1294,.....(.(((.((.((.........))...)).))).)......((((((.((............))..)))))).,16,-6.917,6,0,0.000068
1295,..((...(((.(((((.........)).)).).)))..))....((((((...................)))))).,16,-6.916,9,0,0.000068
1296,..((...(((.(((((.........)).).)).)))..))....((((((...................)))))).,16,-6.916,6,0,0.000068
1297,...((..(((.((.((.........))...)).))).)).....((((((......((...))......)))))).,17,-6.916,8,0,0.000068
1298,..(((..(((.((.((((.....))))...)).))).))).....(((((...................)))))..,17,-6.916,12,0,0.000068
1299,..((...(((.((.(((.......)))...)).)))..))....(((((((.....)............)))))).,17,-6.914,8,0,0.000067
1300,..((...(((.((.((.........))...)).)))..))....((((((.((...(.....)..))..)))))).,18,-6.914,10,0,0.000067
1301,.......(.(((.(((......(((....))))))..))).)..(((((.....................))))).,15,-6.914,27,0,0.000067
1302,..(((..(((.((.................)).))).)))....((((((...(..(.....).)....)))))).,16,-6.913,14,0,0.000067
1303,..(((..(((.((.((.(.....).))...)).))).)))....(((((.....................))))).,16,-6.912,10,0,0.000067
1304,.......(((.((.((.........))...)).)))........((((((.....))..............)))).,13,-6.912,6,0,0.000067
1305,.((((..(((.((.((.........))...)).))).))))...((((((.(.(..(.....)..))..)))))).,20,-6.912,14,0,0.000067
1306,..(((..(((.((.((.........))...)).))).))).....(((((......(((.......))))))))..,18,-6.911,14,0,0.000067
1307,..((...(((.((.(((.......)))...)).)))..))....((((((...(..........)....)))))).,17,-6.911,8,0,0.000067
1308,.......(((.((.((.........))...)).)))..(....)((((((.....(......)......)))))).,15,-6.911,4,0,0.000067
1309,.......(((.((.................)).)))........(((((((..(.....).).......)))))).,13,-6.911,8,0,0.000067
1310,..(((..(((.((.(((.......)))...)).))).)))....((((((.(....(.....)...)..)))))).,19,-6.91,12,0,0.000067
1311,.....(.(((.((.(((.......)))...)).))).....)..((((((...................)))))).,15,-6.909,4,0,0.000067
1312,.........(.((.((.........))...)).)..........(((((.....................))))).,10,-6.909,6,0,0.000067
1313,..(((..(((.((.(((.......)))...)).))).)))....((((((...(.....)....(...))))))).,19,-6.908,12,0,0.000067
1314,.......(((.((.((.........))...)).)))..(....)((((((...(..(.....)..)...)))))).,16,-6.907,6,0,0.000067
1315,.......(((.((.((.........))...)).)))........(.((((...................)))).).,12,-6.907,2,0,0.000067
1316,..(((..(((.((.((((.....))))...)).))).)))....((((((..((..(.....).))...)))))).,21,-6.907,16,0,0.000067
1317,.(((...(((.((.................)).)))..)))...((((((.((............))..)))))).,16,-6.906,14,0,0.000066
1318,..((...(((.((.((.........))...)).)))..))....((((((.((..(......)..))..)))))).,18,-6.905,10,0,0.000066
1319,.......(((.((.((.........))...)).)))........((((((.(.(.......)....)..)))))).,15,-6.904,4,0,0.000066
1320,.......(((.((.((((.....))))..).).)))........((((((...................)))))).,15,-6.902,7,0,0.000066
1321,.(((...(((.((.((((.....))))...)).)))..)))...((((((..(..............).)))))).,19,-6.902,12,0,0.000066
1322,...((..(((.((.((((.....))))...)).))).)).....((((((.((............))..)))))).,19,-6.901,12,0,0.000066
1323,.......(((.((.((((.....))))...)).)))........((((((..(...(.....)....).)))))).,17,-6.9,8,0,0.000066
1324,.......(.(((.(((......(((....))))))..))).)..((((((......(.....)......)))))).,17,-6.899,27,0,0.000066
1325,.......(((.((.(((....)...))...)).)))........((((((.((............))..)))))).,16,-6.899,6,0,0.000066
1326,.......(((((.(((................)))..)))))..((((((.(((..........)))..)))))).,17,-6.899,28,0,0.000066
1327,.......(((.((.((.........))...)).)))........((((((.....)))..............))).,13,-6.899,9,0,0.000066
1328,.((((..(((.((.((.........))...)).))).))))...((((((..((..((...)).))...)))))).,21,-6.898,16,0,0.000066
1329,..(((..(((.((.((.(.....).))...)).))).)))....((((((......(.....)......)))))).,18,-6.898,10,0,0.000066
1330,.......(((.((.((.........))..).).)))........((((((......(((.......))))))))).,16,-6.898,9,0,0.000066
1331,.((((...((.((.((.........))...)).))..))))...((((((...................)))))).,16,-6.898,10,0,0.000066
1332,.......(((.((.(.(.......).)...)).)))........((((((...................)))))).,13,-6.898,4,0,0.000066
1333,.......(((.((((((.......))).)).).)))........((((((......((.........)))))))).,17,-6.897,11,0,0.000066
1334,.......(((.((((((.......))).).)).)))........((((((......((.........)))))))).,17,-6.897,8,0,0.000066
1335,.(((.(.(((.((.((.........))...)).))).))))...((((((..............(...))))))).,18,-6.897,10,0,0.000065
1336,.....(.(((.((.((.........))...)).))).)......(((((.....................))))).,13,-6.897,4,0,0.000065
1337,.......(((((.((((..............))))..)))))..((((((......(((.......))))))))).,18,-6.896,29,0,0.000065
1338,.........(.((.((.........))...)).)..........((((((......(.....)......)))))).,12,-6.895,6,0,0.000065
1339,..(((..(((.((.(...........)...)).))).)))....((((((......((.........)))))))).,17,-6.893,12,0,0.000065
1340,..(((..(((.(.(((.........)).)..).))).)))....((((((...................)))))).,16,-6.893,10,0,0.000065
1341,..(((..(((.((.................)).))).)))....((((((.....(............))))))).,15,-6.893,12,0,0.000065
1342,.((((..(((.((.(((.......)))...)).))).))))...(((((((.(..........).)...)))))).,20,-6.892,14,0,0.000065
1343,..((...(((.((.................)).)))..))....((((((.(((..........)))..)))))).,16,-6.891,14,0,0.000065
1344,.......(((.((.((.........))...)).)))..(....).(((((...................)))))..,13,-6.89,4,0,0.000065
1345,.((((..(((.((...(...........).)).))).))))...((((((...................)))))).,16,-6.89,14,0,0.000065
1346,..((...(((.((.((.........))...)).)))..)).....(((((...................)))))..,14,-6.889,6,0,0.000065
1347,.(((...(((.((.(((.......)))...)).)))..)))...((((((.(((.....)).....)..)))))).,20,-6.887,14,0,0.000064
1348,..(.....)..(..(((.....(((....)))....)))..)..((((((...................)))))).,14,-6.886,24,0,0.000064
1349,..(((..(((.((.((((.....))))...)).))).)))....(((((((..........).......)))))).,19,-6.886,12,0,0.000064
1350,.......((.((.(((......(((....))))))..)).))..((((((.(((..(.....).)))..)))))).,20,-6.885,33,0,0.000064
1351,.......((.((.(((......(((....))))))..)).))..((((((.(..............)..)))))).,17,-6.885,27,0,0.000064
1352,.(((...(((.((.................)).)))..)))...(((((.....................))))).,13,-6.885,12,0,0.000064
1353,.((((..(((.(((((((.....)))).)).).))).))))...((((((...................)))))).,20,-6.885,17,0,0.000064
1354,.((((..(((.(((((((.....)))).).)).))).))))...((((((...................)))))).,20,-6.885,14,0,0.000064
1355,.((((..(((.((.(((.......)))...)).))).))))...((((((.(.(..(.....).).)..)))))).,21,-6.884,16,0,0.000064
1356,.((((..(((.((.................)).))).))))...(((((((....).............)))))).,16,-6.884,14,0,0.000064
1357,.((((..(((.((.................)).))).))))...(((((((....)).............))))).,16,-6.884,17,0,0.000064
1358,.....(.(((.((.((.........))...)).))).)......((((((......(.....)......)))))).,15,-6.882,4,0,0.000064
1359,......................(((....)))............((((((..............(...))))))).,10,-6.882,20,0,0.000064
1360,.((((..(((.((.................)).))).))))...((((((...(.(......)..)...)))))).,17,-6.882,16,0,0.000064
1361,.((((..(((.((.((((.....))))...)).))).))))...((((((.((...(.....)..))..)))))).,22,-6.882,18,0,0.000064
1362,..(((..(((.((.(((.......)))..).).))).)))....((((((...................)))))).,17,-6.882,11,0,0.000064
1363,.((((..(((.(((((.........)).)).).))).))))...((((((......(((.......))))))))).,21,-6.88,19,0,0.000064
1364,.((((..(((.(((((.........)).).)).))).))))...((((((......(((.......))))))))).,21,-6.88,16,0,0.000064
1365,...((..(((.((.((((.....))))...)).))).)).....(((((.....................))))).,16,-6.88,10,0,0.000064
1366,..((...(((.((.((.........))...)).)))..))....((((((..((..(.....).))...)))))).,18,-6.88,10,0,0.000064
1367,..((.(.(((.((.(((.......)))...)).))).)))....((((((......((.........)))))))).,19,-6.88,12,0,0.000064
1368,..(((..(((.((.(((.......)))...)).))).)))....((((((..(...(.....)....).)))))).,19,-6.879,12,0,0.000064
1369,.......(((.(..((.........))....).)))........((((((...................)))))).,12,-6.879,2,0,0.000063
1370,.......(((.((.(..(.....)..)...)).)))........((((((...................)))))).,13,-6.879,4,0,0.000063
1371,.......(((.(((((.........)).)).).)))........((((((.(((..(.....).)))..)))))).,18,-6.879,13,0,0.000063
1372,.......(((.(((((.........)).).)).)))........((((((.(((..(.....).)))..)))))).,18,-6.879,10,0,0.000063
1373,..(((..(((.((.................)).))).)))....((((((..(............)...)))))).,15,-6.879,12,0,0.000063
1374,...(((((((((.(((......(((....))))))..))))).))))..((..................)).....,17,-6.879,44,0,0.000063
1375,.......(((.((.(((.......)))...)).)))...........(((.....)))....(.(...).).....,13,-6.879,20,0,0.000063
1376,.......(((.(((((.........)).)).).)))........((((((.(..............)..)))))).,15,-6.879,7,0,0.000063
1377,.......(((.(((((.........)).).)).)))........((((((.(..............)..)))))).,15,-6.879,4,0,0.000063
1378,.......(((.((.(((....)...))...)).)))........(((((.....................))))).,13,-6.879,4,0,0.000063
1379,.......(((.((.((((.....))))...)).)))........((((((...(..((...)).)....)))))).,18,-6.878,10,0,0.000063
1380,.......(((.(((.(.........)..)).).)))........((((((...................)))))).,13,-6.878,7,0,0.000063
1381,.......(((.(((.(.........)..).)).)))........((((((...................)))))).,13,-6.878,4,0,0.000063
1382,.......(((.((.((((.....))))...)).)))........((((((...(.......).......)))))).,16,-6.877,6,0,0.000063
1383,.((((..(((.((.(((.......)))...)).))).))))...((((.......................)))).,16,-6.874,14,0,0.000063
1384,.((((..(((.((.((.(.....).))...)).))).))))...((((((.((............))..)))))).,20,-6.874,14,0,0.000063
1385,..(((..(((.((.................)).))).)))....((((((......(...........))))))).,15,-6.874,12,0,0.000063
1386,..(((..(((.((.((.........))...)).))).)))....((((((...(.....).........)))))).,17,-6.874,8,0,0.000063
1387,..((...(((.((.(((.......)))...)).)))..))....((((((......((...))......)))))).,18,-6.874,10,0,0.000063
1388,...(...(((.((.((.........))...)).)))..).....((((((.((............))..)))))).,16,-6.874,6,0,0.000063
1389,.((((..(((.((.((((.....))))...)).))).))))...((((((.((..(......)..))..)))))).,22,-6.873,18,0,0.000063
1390,.......(((.((.((.........))...)).)))..........((((......((.........))))))...,13,-6.871,8,0,0.000063
1391,..(((..(((.((((.......))......)).))).)))....((((((...................)))))).,16,-6.871,13,0,0.000063
1392,..(((..(((.((.((.........))...)).))).)))....((((((..((...........).).)))))).,18,-6.871,10,0,0.000063
1393,.(((...(((.((.................)).)))..)))...((((((......(.....)......)))))).,15,-6.871,12,0,0.000063
1394,......((((.((.((.........))...)).))).)......((((((.((............))..)))))).,16,-6.871,6,0,0.000063
1395,...(((((((.((.((.........))...)).))).......))))..((....))..((.(.(...).)..)).,17,-6.87,25,0,0.000063
1396,.......(((.((.(((.......)))...)).))).........(((((......((.........)))))))..,15,-6.87,8,0,0.000063
1397,...((..(((.((.(((.......)))...)).))).)).....((((((..((.....))........)))))).,18,-6.869,10,0,0.000062
1398,..........((..........(((....))).....)).....((((((...................)))))).,11,-6.869,21,0,0.000062
1399,.......(((.((.(...........)...)).)))........((((((...(...........)...)))))).,13,-6.866,4,0,0.000062
1400,...((..(((.((.((((.....))))...)).))).)).....((((((......(.....)......)))))).,18,-6.866,10,0,0.000062
1401,.......(((.((.(((....)...))...)).)))........((((((......(.....)......)))))).,15,-6.864,4,0,0.000062
1402,..(((..(((.((.................)).))).)))....(((((((.((.....))...)....)))))).,17,-6.864,16,0,0.000062
1403,..(((..(((.((.................)).))).)))....(((((((.((.....))...))....))))).,17,-6.864,19,0,0.000062
1404,.......(((.((.................)).)))........((((((.(.(..........).)..)))))).,13,-6.863,8,0,0.000062
1405,.......(((.((.(((.......)))...)).)))..(....)((((((.(((..(.....).)))..)))))).,19,-6.862,12,0,0.000062
1406,.......(((.((.(((.......)))...)).)))..(....)((((((.(..............)..)))))).,16,-6.862,6,0,0.000062
1407,.......(((((.(((................)))..)))))..((((((..............(...))))))).,15,-6.862,24,0,0.000062
1408,..........((.(((......(((....))))))..)).....((((((.(((.....)).....)..)))))).,17,-6.862,29,0,0.000062
1409,.(((..((((.((.((.........))...)).))).))))...((((((...................)))))).,17,-6.861,8,0,0.000062
1410,.......(.(((.(((......(((....))))))..))).)..((((((.(((..........)))..)))))).,19,-6.861,31,0,0.000062
1411,..((.(.(((.((.((.........))...)).))).)))....((((((.(((..(.....).)))..)))))).,20,-6.861,14,0,0.000062
1412,..((.(.(((.((.((.........))...)).))).)))....((((((.(..............)..)))))).,17,-6.861,8,0,0.000062
1413,.......(((.((.((.........))...)).)))........((((((..((..(.....).)..).)))))).,16,-6.86,6,0,0.000062
1414,..(((..(((.((.((.(.....).))...)).))).)))....((((((.(((..........)))..)))))).,20,-6.86,14,0,0.000062
1415,..((...(((.((.((.........))...)).)))..))....(((((((..........).......)))))).,16,-6.859,6,0,0.000061
1416,...((..(((.((.(...........)...)).))).)).....((((((...................)))))).,14,-6.859,6,0,0.000061
1417,.......(((.((.((((.....))))...)).)))........((((((.(...(......)...)..)))))).,17,-6.858,8,0,0.000061
1418,...(((((((((.(((......(((....))))))..))))).))))..((....)).....(.(...))......,19,-6.858,49,0,0.000061
1419,.(((...(((.(((((.........)).)).).)))..)))...((((((...................)))))).,17,-6.858,11,0,0.000061
1420,.(((...(((.(((((.........)).).)).)))..)))...((((((...................)))))).,17,-6.858,8,0,0.000061
1421,..(((..(((.((.(((.......)))...)).))).)))....((((((...(..((...)).)....)))))).,20,-6.857,14,0,0.000061
1422,.((((..(((.((.((((.....))))...)).))).))))....(((((...................)))))..,18,-6.857,14,0,0.000061
1423,.........(.((.((.........))...)).)..........((((((.(((..........)))..)))))).,14,-6.857,10,0,0.000061
1424,..(((..(((.((.(((.......)))...)).))).)))....((((((...(.......).......)))))).,18,-6.857,10,0,0.000061
1425,.(((...(((.((.(((.......)))...)).)))..)))...(((((((.....)............)))))).,18,-6.855,10,0,0.000061
1426,.(((...(((.((.((.........))...)).)))..)))...((((((.((...(.....)..))..)))))).,19,-6.855,12,0,0.000061
1427,........((.((.((.........))...)).)).........((((((.((............))..)))))).,14,-6.855,6,0,0.000061
1428,..((...(((.((.................)).)))..))....((((((..............(...))))))).,14,-6.855,10,0,0.000061
1429,.((((..(((.((.................)).))).))))...((((((...(..(.....).)....)))))).,17,-6.854,16,0,0.000061
1430,.......((.((.(((......(((....))))))..)).))..((((((..(..............).)))))).,17,-6.854,27,0,0.000061
1431,..(((..(((.((.................)).))).)))....(((((((..............)...)))))).,15,-6.854,12,0,0.000061
1432,......(...((.(((......(((....))))))..))..)..((((((...................)))))).,15,-6.854,25,0,0.000061
1433,.((((..(((.((.((.(.....).))...)).))).))))...(((((.....................))))).,17,-6.854,12,0,0.000061
1434,...(...(((.((.((.........))...)).)))..).....(((((.....................))))).,13,-6.853,4,0,0.000061
1435,.((((..(((.((.((.........))...)).))).))))....(((((......(((.......))))))))..,19,-6.853,16,0,0.000061
1436,.(((...(((.((.(((.......)))...)).)))..)))...((((((...(..........)....)))))).,18,-6.853,10,0,0.000061
1437,...((..(((.((.((.........))...)).))).)).....(((((((....)).............))))).,16,-6.852,9,0,0.000061
1438,...((..(((.((.((.........))...)).))).)).....(((((((....).............)))))).,16,-6.852,6,0,0.000061
1439,..((.(..((.((.(((.......)))...)).))..)))....((((((...................)))))).,16,-6.852,10,0,0.000061
1440,.((((..(((.((.(((.......)))...)).))).))))...((((((.(....(.....)...)..)))))).,20,-6.852,14,0,0.000061
1441,...(((((((.((.(((.......)))...)).))).......))))..((....)).....(.(...).).....,16,-6.852,25,0,0.000061
1442,.......(((.((.((.........))...)).))).........(((((.(((..(.....).)))..)))))..,16,-6.851,10,0,0.000061
1443,.......(((.((.((.........))...)).))).........(((((.(..............)..)))))..,13,-6.851,4,0,0.000061
1444,..(((..(((.((...........(....))).))).)))....((((((...................)))))).,15,-6.85,12,0,0.000061
1445,...((..(((.((.((.........))...)).))).)).....((((((...(.(......)..)...)))))).,17,-6.85,8,0,0.000060
1446,......((((.((.((.........))...)).))).)......(((((.....................))))).,13,-6.85,4,0,0.000060
1447,.((((..(((.((.(((.......)))...)).))).))))...((((((...(.....)....(...))))))).,20,-6.85,14,0,0.000060
1448,.((((..(((.((.((((.....))))...)).))).))))...((((((..((..(.....).))...)))))).,22,-6.848,18,0,0.000060
1449,.......(((.(((((.........)).)).).)))........((((((..(..............).)))))).,15,-6.848,7,0,0.000060
1450,.......(((.(((((.........)).).)).)))........((((((..(..............).)))))).,15,-6.848,4,0,0.000060
1451,...(((((((((.(((......(((....))))))..))))).))))......................(....).,16,-6.847,43,0,0.000060
1452,..(((..(((.((.................)).))).)))....(((((((.............))....))))).,15,-6.847,15,0,0.000060
1453,..(((..(((.((.................)).))).)))....(((((((.............)....)))))).,15,-6.847,12,0,0.000060
1454,.......(((.((.(((.......)))...)).)))........((((((..((.....).......).)))))).,16,-6.846,6,0,0.000060
1455,...(((((((.((.(((.......)))...)).))).......))))(((.....)))..................,15,-6.846,22,0,0.000060
1456,.(((...(((.((.((.........))...)).)))..)))...((((((.((..(......)..))..)))))).,19,-6.846,12,0,0.000060
1457,.......(((.((.((.(.....).))...)).)))........((((((.(((.(......).)))..)))))).,18,-6.845,10,0,0.000060
1458,.......(((.((.((.........))...)).)))........((((((.......((.......)).)))))).,15,-6.845,4,0,0.000060
1459,...(((((((((.(((......(((....))))))..))))).))))..((....))..((.((.......)))).,21,-6.845,50,0,0.000060
1460,...(.(.(((.((.(((.......)))...)).))).)).....((((((...................)))))).,16,-6.845,6,0,0.000060
1461,.....(.(((.((.((.........))...)).))).)......((((((.(((..........)))..)))))).,17,-6.844,8,0,0.000060
1462,.......(((.((.((.........))...)).)))........((((((.(((...(...)..)))..)))))).,17,-6.843,8,0,0.000060
1463,.......(((((.(((......(((....))))))..)))))..((((((.......(......)....)))))).,18,-6.841,28,0,0.000060
1464,.(.((..(((.((.(((.......)))...)).))).)).)...((((((...................)))))).,17,-6.84,8,0,0.000059
1465,...(((((((((.(((......(((....))))))..))))).))))........(......).............,16,-6.84,45,0,0.000059
1466,.((((..(((.((.((.(.....).))...)).))).))))...((((((......(.....)......)))))).,19,-6.84,12,0,0.000059
1467,..(((..(((.((....((........)).)).))).)))....((((((...................)))))).,16,-6.84,14,0,0.000059
1468,...(...(((.((.((.........))...)).)))..).....((((((......(.....)......)))))).,15,-6.839,4,0,0.000059
1469,...((.....))..((((....(((....)))...)))).....((((((...................)))))).,15,-6.838,26,0,0.000059
1470,..(((..(((.((.................)).))).)))....((((((.(((..((...)).)))..)))))).,19,-6.838,20,0,0.000059
1471,..(((..(((.((.(((.......)))...)).))).)))....((((((.(...(......)...)..)))))).,19,-6.837,12,0,0.000059
1472,...(((((((((.(((......(((....))))))..))))).)))).((.....))............(....).,18,-6.836,45,0,0.000059
1473,.......(((.((.((.........))...)).))).......((....)).........................,9,-6.836,14,0,0.000059
1474,......((((.((.((.........))...)).))).)......((((((......(.....)......)))))).,15,-6.836,4,0,0.000059
1475,.((((..(((.((.(...........)...)).))).))))...((((((......((.........)))))))).,18,-6.835,14,0,0.000059
1476,.((((..(((.(.(((.........)).)..).))).))))...((((((...................)))))).,17,-6.835,12,0,0.000059
1477,.((((..(((.((.................)).))).))))...((((((.....(............))))))).,16,-6.834,14,0,0.000059
1478,........((.((.((.........))...)).)).........(((((.....................))))).,11,-6.834,4,0,0.000059
1479,.(((...(((.((.................)).)))..)))...((((((.(((..........)))..)))))).,17,-6.833,16,0,0.000059
1480,...((((((.((.(((......(((....))))))..)).)).))))..((....))...................,16,-6.833,45,0,0.000059
1481,.......(((.((.(((.......)))...)).)))..(....)((((((..(..............).)))))).,16,-6.831,6,0,0.000059
1482,..(((..(((.((.((.........))...)).))).)))....(((((((.(.....)..).......)))))).,18,-6.83,10,0,0.000058
1483,.(((...(((.((.((.........))...)).)))..)))....(((((...................)))))..,15,-6.83,8,0,0.000058
1484,..((.(.(((.((.((.........))...)).))).)))....((((((..(..............).)))))).,17,-6.83,8,0,0.000058
1485,..........((.(((......(((....))))))..)).....(((((((.....)............)))))).,15,-6.83,25,0,0.000058
1486,..(((..(((.((.((.........))...)).))).)))....((((((..((..(.....)..).).)))))).,19,-6.828,12,0,0.000058
1487,..(((..(((.((.((.........))...)).))).)))....((((((..(...(.....)..)...)))))).,18,-6.828,10,0,0.000058
1488,...((..(((.((.((((.....))))...)).))).)).....((((((.(((..........)))..)))))).,20,-6.828,14,0,0.000058
1489,.......(((.((.(...........)...)).)))........((((((.....(......)......)))))).,13,-6.828,4,0,0.000058
1490,.((((..(((.((.((((.....))))...)).))).))))...(((((((..........).......)))))).,20,-6.827,14,0,0.000058
1491,..........((.(((......(((....))))))..)).....((((((...(..........)....)))))).,15,-6.827,25,0,0.000058
1492,...(((((((.((.((.........))...)).))).......))))(((.....)))....(.(...).).....,16,-6.827,23,0,0.000058
1493,.......(((.((.(((....)...))...)).)))........((((((.(((..........)))..)))))).,17,-6.826,8,0,0.000058
1494,.......(.(((.(((......(((....))))))..))).)..((((((..............(...))))))).,17,-6.825,27,0,0.000058
1495,.......(((.((.((.........))...)).)))...........(((.....)))......(...).......,11,-6.825,17,0,0.000058
1496,...........(..(((.....(((....)))....)))..)..((((((......(((.......))))))))).,16,-6.824,29,0,0.000058
1497,.......(((.((.(...........)...)).)))........((((((...(..(.....)..)...)))))).,14,-6.824,6,0,0.000058
1498,...(...)..((.(((......(((....))))))..)).....((((((...................)))))).,15,-6.824,24,0,0.000058
1499,..(((..(((.((.((.(.....).))...)).))).)))....((((((..............(...))))))).,18,-6.823,10,0,0.000058
1500,.((((..(((.((.(((.......)))..).).))).))))...((((((...................)))))).,18,-6.823,13,0,0.000058
1501,...((..(((.((.((.........))...)).))).)).....((((((...(..(.....).)....)))))).,17,-6.822,8,0,0.000058
1502,...(((((((((.(((......(((....))))))..))))).))))..((....)).......(.........).,18,-6.822,47,0,0.000058
1503,...((..(((.((.................)).))).)).....((((((......((.........)))))))).,15,-6.821,12,0,0.000058
1504,.(((...(((.((.((.........))...)).)))..)))...((((((..((..(.....).))...)))))).,19,-6.821,12,0,0.000058
1505,.(((.(.(((.((.(((.......)))...)).))).))))...((((((......((.........)))))))).,20,-6.821,14,0,0.000058
1506,.......(((.((.((.........))...)).)))...........(((.....)))..(.(.(...)).)....,13,-6.821,19,0,0.000058
1507,.((((..(((.((.(((.......)))...)).))).))))...((((((..(...(.....)....).)))))).,20,-6.821,14,0,0.000058
1508,..(((..(((.((.((.........))...)).))).)))....((((((....(...........)..)))))).,17,-6.82,8,0,0.000058
1509,.......(((.((.((.........))...)).))).........(((((..(..............).)))))..,13,-6.82,4,0,0.000057
1510,.((((..(((.((.................)).))).))))...((((((..(............)...)))))).,16,-6.82,14,0,0.000057
1511,........((.((.((.........))...)).)).........((((((......(.....)......)))))).,13,-6.82,4,0,0.000057
1512,.........(.((.((.........))...)).)..........((((((..............(...))))))).,12,-6.82,6,0,0.000057
1513,..(((..(((.((.((.........))...)).))).)))....((((((..(..(......)..)...)))))).,18,-6.819,10,0,0.000057
1514,.......(((.((..........(.....))).)))........((((((......(((.......))))))))).,15,-6.818,12,0,0.000057
1515,..(((..(((.((.((((.....))))...)).))).)))....((((((.........(........))))))).,19,-6.817,12,0,0.000057
1516,..(((..(((.((.((.........))...)).))).)))....((((((.(.(.(......).).)..)))))).,19,-6.817,12,0,0.000057
1517,.......(((.((.(((.......)))...)).)))..........((((......(((.......)))))))...,15,-6.817,12,0,0.000057
1518,..(((..(((.((.((((...)..)))...)).))).)))....((((((...................)))))).,18,-6.817,10,0,0.000057
1519,.......(((((..........(((....))).....)))))..((((((......((.........)))))))).,16,-6.817,28,0,0.000057
1520,.......(((.((.((.........))...)).)))........((((((..(.......)........)))))).,14,-6.816,2,0,0.000057
1521,.((((..(((.((.................)).))).))))...((((((......(...........))))))).,16,-6.816,14,0,0.000057
1522,.((((..(((.((.((.........))...)).))).))))...((((((...(.....).........)))))).,18,-6.815,10,0,0.000057
1523,.(((...(((.((.(((.......)))...)).)))..)))...((((((......((...))......)))))).,19,-6.815,12,0,0.000057
1524,.......(((.((.(((.......)))...)).)))........((((((..(...........)....)))))).,15,-6.815,4,0,0.000057
1525,..((...))..(..(((.....(((....)))....)))..)..((((((...................)))))).,15,-6.815,25,0,0.000057
1526,...(((((((((.(((......(((....))))))..))))).))))..((....))..(..............).,18,-6.815,47,0,0.000057
1527,..(((..(((.((.((.........))...)).))).)))....((((.((..................)))))).,16,-6.815,11,0,0.000057
1528,..(((..(((.((.((.........))...)).))).)))....(((((.(..................)))))).,16,-6.815,9,0,0.000057
1529,.......(((.((.((.........))...)).)))..(....)((((((..((.....))........)))))).,16,-6.814,6,0,0.000057
1530,...(((((((((.(((......(((....))))))..))))).))))(((.....))).........(.....)..,19,-6.814,47,0,0.000057
1531,...((((.((((.(((......(((....))))))..))))..)))).............................,14,-6.813,42,0,0.000057
1532,.......(((.((.(((.......)))...)).)))........((((((.........(.(....).))))))).,16,-6.813,6,0,0.000057
1533,.((((..(((.((((.......))......)).))).))))...((((((...................)))))).,17,-6.813,15,0,0.000057
1534,.((((..(((.((.((.........))...)).))).))))...((((((..((...........).).)))))).,19,-6.812,12,0,0.000057
1535,.......(((.((...(.......).....)).)))........((((((...................)))))).,12,-6.812,6,0,0.000057
1536,..((...(((.((.(((.......)))...)).)))..))....(((((((....).............)))))).,17,-6.81,8,0,0.000057
1537,..((...(((.((.(((.......)))...)).)))..))....(((((((....)).............))))).,17,-6.81,11,0,0.000057
1538,.......(((.((.(((.......)))...)).)))........((((((..(..(......)....).)))))).,16,-6.808,6,0,0.000056
1539,..((...(((.((.(((.......)))...)).)))..))....((((((...(.(......)..)...)))))).,18,-6.808,10,0,0.000056
1540,.....(.(((.((.((.........))...)).))).)......((((((..............(...))))))).,15,-6.808,4,0,0.000056
1541,..(((..(((.((.................)).))).)))....((((((..((..........))...)))))).,16,-6.806,14,0,0.000056
1542,.((((..(((.((.................)).))).))))...(((((((.((.....))...))....))))).,18,-6.806,21,0,0.000056
1543,.((((..(((.((.................)).))).))))...(((((((.((.....))...)....)))))).,18,-6.806,18,0,0.000056
1544,.......(((.((.((.........))...)).)))........((((((..((.....))(......))))))).,16,-6.805,6,0,0.000056
1545,..((....((.((.((.........))...)).))...))....((((((...................)))))).,14,-6.803,6,0,0.000056
1546,...((((.((((.(((......(((....))))))..))))..)))).((.....))...................,16,-6.802,44,0,0.000056
1547,...((..(((.((.((.........))...)).))).)).....((((((.....(............))))))).,16,-6.802,6,0,0.000056
1548,..(((..(((.((.................)).))).)))....((((((..((.....))...(...))))))).,17,-6.802,16,0,0.000056
1549,.(((.(.(((.((.((.........))...)).))).))))...((((((.(((..(.....).)))..)))))).,21,-6.802,16,0,0.000056
1550,.(((.(.(((.((.((.........))...)).))).))))...((((((.(..............)..)))))).,18,-6.802,10,0,0.000056
1551,.((((..(((.((.((.(.....).))...)).))).))))...((((((.(((..........)))..)))))).,21,-6.802,16,0,0.000056
1552,.......(((.(...................).)))........((((((......((.........)))))))).,12,-6.802,10,0,0.000056
1553,..(((..(((.((.((.........))...)).))).)))....((((((.(((.....).....))..)))))).,19,-6.801,12,0,0.000056
1554,...(...(((.((.((.........))...)).)))..).....((((((.(((..........)))..)))))).,17,-6.801,8,0,0.000056
1555,.(((...(((.((.((.........))...)).)))..)))...(((((((..........).......)))))).,17,-6.8,8,0,0.000056
1556,.......(((((.(((......(((....))))))..)))))..((((((.(.(...........))..)))))).,19,-6.8,30,0,0.000056
1557,.((((..(((.((.(((.......)))...)).))).))))...((((((...(..((...)).)....)))))).,21,-6.799,16,0,0.000055
1558,.((((..(((.((.(((.......)))...)).))).))))...((((((...(.......).......)))))).,19,-6.798,12,0,0.000055
1559,......((((.((.((.........))...)).))).)......((((((.(((..........)))..)))))).,17,-6.798,8,0,0.000055
1560,...(((((((.((.((.........))...)).))).......))))..((....)).......(...).......,14,-6.797,22,0,0.000055
1561,...(((.(((((.(((......(((....))))))..)))))..)))..((....))..((.(.(...).)..)).,20,-6.797,49,0,0.000055
1562,.(((...(((.((.................)).)))..)))...((((((..............(...))))))).,15,-6.796,12,0,0.000055
1563,.((((..(((.((.................)).))).))))...(((((((..............)...)))))).,16,-6.796,14,0,0.000055
1564,.......(((((.(((......(((....))))))..)))))..(((((((..(.......)..))....))))).,19,-6.795,33,0,0.000055
1565,.......(((((.(((......(((....))))))..)))))..(((((((..(.......)..)....)))))).,19,-6.795,30,0,0.000055
1566,.......(((.((.(((.......)))...)).)))..(.....)..(((.....)))..................,12,-6.794,18,0,0.000055
1567,...(((((((.((.((.........))...)).))).......))))..((....))...(.(.(...)).)....,16,-6.794,24,0,0.000055
1568,.(((.(..((.((.(((.......)))...)).))..))))...((((((...................)))))).,17,-6.793,12,0,0.000055
1569,...((..(((.((.(((.......)))...)).))).)).....((((((.(((.(......).)))..)))))).,20,-6.792,14,0,0.000055
1570,.((((..(((.((...........(....))).))).))))...((((((...................)))))).,16,-6.792,14,0,0.000055
1571,..........((.((((......((....))))))..)).....((((((...................)))))).,14,-6.791,23,0,0.000055
1572,.......(((.((.................)).)))........((((((..((.(......).))...)))))).,14,-6.791,10,0,0.000055
1573,...((..(((.((.((((.....))))...)).))).)).....((((((..............(...))))))).,18,-6.791,10,0,0.000055
1574,.......(((.((.(((.......)))...)).)))..(....)..((((...................))))...,13,-6.791,8,0,0.000055
1575,...(((((((((.(((......(((....))))))..))))).))))..((....)).....(......)......,18,-6.791,47,0,0.000055
1576,..((...(((.((.((.........))...)).)))..))....((((((.........(........))))))).,16,-6.791,6,0,0.000055
1577,..(((..(((.((.((((.....))))...)).))).)))....((((((.......(.....).....)))))).,19,-6.79,12,0,0.000055
1578,..........((.(((......(((....))))))..)).....((((((......((...))......)))))).,16,-6.79,27,0,0.000055
1579,..(((..(((.((.((((.....))))...)).))).)))....((((((...........(......))))))).,19,-6.79,12,0,0.000055
1580,.......(((.((.(((....)...))...)).)))........((((((..............(...))))))).,15,-6.79,4,0,0.000055
1581,...(((((((((.(((......(((....))))))..))))).))))..((....))..((...(...)....)).,20,-6.789,50,0,0.000055
1582,......................(((....)))............((((((.(((..(.....).)))..)))))).,13,-6.788,26,0,0.000054
1583,...((..(((.((.((.........))...)).))).)).....((((((..(............)...)))))).,16,-6.788,6,0,0.000054
1584,.((((..(((.((.................)).))).))))...(((((((.............))....))))).,16,-6.788,17,0,0.000054
1585,.((((..(((.((.................)).))).))))...(((((((.............)....)))))).,16,-6.788,14,0,0.000054
1586,......................(((....)))............((((((.(..............)..)))))).,10,-6.788,20,0,0.000054
1587,...(((((((((.(((......(((....))))))..))))).))))...(.....)...................,16,-6.787,45,0,0.000054
1588,.......(((.((.(((.......)))...)).)))........((((((......(.....).(...))))))).,16,-6.784,6,0,0.000054
1589,...((..(((.((.((.........))...)).))).)).....((((((......(...........))))))).,16,-6.784,6,0,0.000054
1590,........((.((.((.........))...)).)).........((((((.(((..........)))..)))))).,15,-6.782,8,0,0.000054
1591,...(((((((((.(((......(((....))))))..))))).))))..((....)).....(.........)...,18,-6.782,47,0,0.000054
1592,.......(((.((.(((.......)))...)).)))........((((((...(...(.....).)...)))))).,16,-6.781,6,0,0.000054
1593,.......(((((.(((......(((....))))))..))))).....(((.....)))..................,14,-6.781,41,0,0.000054
1594,.((((..(((.((....((........)).)).))).))))...((((((...................)))))).,17,-6.781,16,0,0.000054
1595,..((...(((.((.(((.......)))...)).)))..))....((((((...(..(.....).)....)))))).,18,-6.78,10,0,0.000054
1596,..............((((....(((....)))...)))).....((((((......((.........)))))))).,15,-6.78,27,0,0.000054
1597,..........((.(((......((......)))))..)).....((((((...................)))))).,13,-6.779,21,0,0.000054
1598,.......(((.((.((.........))...)).)))........((((((.....(......).(...))))))).,15,-6.779,4,0,0.000054
1599,.((((..(((.((.................)).))).))))...((((((.(((..((...)).)))..)))))).,20,-6.779,22,0,0.000054
1600,.((((..(((.((.(((.......)))...)).))).))))...((((((.(...(......)...)..)))))).,20,-6.779,14,0,0.000054
1601,.......(((((.(((......(((....))))))..)))))..((((((.((...((...))..))..)))))).,21,-6.778,34,0,0.000054
1602,..(((..(((.((.((((.....))))...)).))).)))....((((((...(..((...))..)...)))))).,21,-6.777,16,0,0.000053
1603,.......(((.((.((.........))...)).)))..(.....)..(((.....)))....(.(...).).....,13,-6.774,19,0,0.000053
1604,...((..(((.((.((.........))...)).))).)).....(((((((.((.....))...))....))))).,18,-6.774,13,0,0.000053
1605,...((..(((.((.((.........))...)).))).)).....(((((((.((.....))...)....)))))).,18,-6.774,10,0,0.000053
1606,.((((..(((.((.((.........))...)).))).))))...(((((((.(.....)..).......)))))).,19,-6.772,12,0,0.000053
1607,.(((.(.(((.((.((.........))...)).))).))))...((((((..(..............).)))))).,18,-6.771,10,0,0.000053
1608,.......(((.((.................)).)))........(((((((.((.....))....)...)))))).,14,-6.77,10,0,0.000053
1609,.((((..(((.((.((.........))...)).))).))))...((((((..((..(.....)..).).)))))).,20,-6.77,14,0,0.000053
1610,.((((..(((.((.((.........))...)).))).))))...((((((..(...(.....)..)...)))))).,19,-6.77,12,0,0.000053
1611,.......(((((.(((................)))..)))))..((((((.(((..(.....).)))..)))))).,18,-6.768,30,0,0.000053
1612,.......(((((.(((................)))..)))))..((((((.(..............)..)))))).,15,-6.768,24,0,0.000053
1613,...((((...((.(((......(((....))))))..))....))))..((....))...................,14,-6.767,43,0,0.000053
1614,..(.....).....(((.....(((....)))....))).....((((((......(((.......))))))))).,16,-6.766,29,0,0.000053
1615,.((((..(((.((.((.(.....).))...)).))).))))...((((((..............(...))))))).,19,-6.765,12,0,0.000052
1616,...(...(((.((.((.........))...)).)))..).....((((((..............(...))))))).,15,-6.764,4,0,0.000052
1617,...((..(((.((.((.........))...)).))).)).....(((((((..............)...)))))).,16,-6.764,6,0,0.000052
1618,..((...(((.((.((.........))...)).)))..))....((((((.......(.....).....)))))).,16,-6.763,6,0,0.000052
1619,..((...(((.((.((.........))...)).)))..))....((((((...........(......))))))).,16,-6.763,6,0,0.000052
1620,.......(((.((.(((.......)))...)).)))........((((((.(.(.(......)..))..)))))).,17,-6.762,8,0,0.000052
1621,.((((..(((.((.((.........))...)).))).))))...((((((....(...........)..)))))).,18,-6.762,10,0,0.000052
1622,......((((.((.((.........))...)).))).)......((((((..............(...))))))).,15,-6.761,4,0,0.000052
1623,.......(((.((.(((.......)))...)).)))........((((((......((..(.....))))))))).,17,-6.761,8,0,0.000052
1624,.((((..(((.((.((.........))...)).))).))))...((((((..(..(......)..)...)))))).,19,-6.761,12,0,0.000052
1625,..((...(((.((.................)).)))..))....((((((.(((..(.....).)))..)))))).,17,-6.761,16,0,0.000052
1626,..((...(((.((.(((.......)))...)).)))..))....((((((.....(............))))))).,17,-6.76,8,0,0.000052
1627,..((...(((.((.................)).)))..))....((((((.(..............)..)))))).,14,-6.76,10,0,0.000052
1628,.((((..(((.((.((((.....))))...)).))).))))...((((((.........(........))))))).,20,-6.759,14,0,0.000052
1629,.((((..(((.((.((.........))...)).))).))))...((((((.(.(.(......).).)..)))))).,20,-6.759,14,0,0.000052
1630,...(((((((((.(((......(((....))))))..))))).)))).((..............))..........,17,-6.759,45,0,0.000052
1631,..(((..(((.((.(............)..)).))).)))....((((((...................)))))).,15,-6.758,11,0,0.000052
1632,.......(((.((.((.........))...)).)))........((((((...............)....))))).,13,-6.758,3,0,0.000052
1633,.((((..(((.((.((((...)..)))...)).))).))))...((((((...................)))))).,19,-6.758,12,0,0.000052
1634,..(.....)..(((.......))).((.....))..........((((((...................)))))).,12,-6.758,20,0,0.000052
1635,.......(((((.(((......(((....))))))..)))))..((((((.(.(..(.....)..))..)))))).,20,-6.758,32,0,0.000052
1636,...(((((((((.(((......(((....))))))..))))).))))....................((...))..,17,-6.757,45,0,0.000052
1637,......................(((....)))............((((((..(..............).)))))).,10,-6.757,20,0,0.000052
1638,...(((((((((.(((......(((....))))))..))))).)))).((..((.....))...))..........,19,-6.757,49,0,0.000052
1639,...((..(((.((.((.........))...)).))).)).....(((((((.............))....))))).,16,-6.756,9,0,0.000052
1640,...((..(((.((.((.........))...)).))).)).....(((((((.............)....)))))).,16,-6.756,6,0,0.000052
1641,.((((..(((.((.((.........))...)).))).))))...((((.((..................)))))).,17,-6.756,13,0,0.000052
1642,.((((..(((.((.((.........))...)).))).))))...(((((.(..................)))))).,17,-6.756,11,0,0.000052
1643,.......(((.((.(((.......)))...)).))).......(.(((((...................)))))).,14,-6.756,5,0,0.000052
1644,..(((..(((.((.(((....)...))...)).))).)))....((((((......(((.......))))))))).,20,-6.755,14,0,0.000052
1645,...(((.(((((.(((......(((....))))))..)))))..)))(((.....)))....(.(...).).....,19,-6.754,47,0,0.000051
1646,.......(((.((.((.........))...)).)))...........(((.....)))..(.(......).)....,12,-6.754,17,0,0.000051
1647,(...)..(((.((.(((.......)))...)).)))........((((((...................)))))).,15,-6.753,4,0,0.000051
1648,...(((((((((.(((......(((....))))))..))))).)))).........((.........)).......,17,-6.752,47,0,0.000051
1649,.(((...(((.((.(((.......)))...)).)))..)))...(((((((....)).............))))).,18,-6.751,13,0,0.000051
1650,.(((...(((.((.(((.......)))...)).)))..)))...(((((((....).............)))))).,18,-6.751,10,0,0.000051
1651,.......(((.((.((.........))...)).)))........(((.((...................)).))).,12,-6.751,2,0,0.000051
1652,.......(((.((.((.........))...)).)))........((.(((...................))).)).,12,-6.751,2,0,0.000051
1653,.......(((.((.(((.......)))...)).)))........(((((...((.....)).........))))).,15,-6.751,8,0,0.000051
1654,...(((((((((.(((......(((....))))))..))))).))))...(....)....................,16,-6.751,45,0,0.000051
1655,..((...(((.((.((.........))...)).)))..))....((((((...(..((...))..)...)))))).,18,-6.75,10,0,0.000051
1656,.(((...(((.((.(((.......)))...)).)))..)))...((((((...(.(......)..)...)))))).,19,-6.749,12,0,0.000051
1657,.......(((.((.((.........))...)).)))........(((((.......(((.......))).))))).,15,-6.749,8,0,0.000051
1658,.((((..(((.((.................)).))).))))...((((((..((..........))...)))))).,17,-6.747,16,0,0.000051
1659,...((..(((.((.((.........))...)).))).)).....((((((.(((..((...)).)))..)))))).,20,-6.747,14,0,0.000051
1660,...(((((((((.(((......(((....))))))..))))).)))).((.....))..........((...))..,19,-6.746,47,0,0.000051
1661,..((...(((.((.(((.......)))...)).)))..))....((((((..(............)...)))))).,17,-6.746,8,0,0.000051
1662,........((.((.((.........))...)).)).........((((((..............(...))))))).,13,-6.745,4,0,0.000051
1663,.......(((.((((((.......))).)).).)))........((((((.((............))..)))))).,17,-6.745,11,0,0.000051
1664,.......(((.((((((.......))).).)).)))........((((((.((............))..)))))).,17,-6.745,8,0,0.000051
1665,.(((....((.((.((.........))...)).))...)))...((((((...................)))))).,15,-6.745,8,0,0.000051
1666,......(.((.((.(((.......)))...)).)))........((((((...................)))))).,14,-6.744,5,0,0.000051
1667,.........(.((.(((.......)))...)).)..........((((((......((.........)))))))).,14,-6.744,10,0,0.000051
1668,.......(((((.(((......(((....))))))..)))))..((((((..((..((...)).))...)))))).,21,-6.744,34,0,0.000051
1669,.((((..(((.((.................)).))).))))...((((((..((.....))...(...))))))).,18,-6.744,18,0,0.000051
1670,.((((..(((.((.((.........))...)).))).))))...((((((.(((.....).....))..)))))).,20,-6.742,14,0,0.000050
1671,..((...(((.((.((((.....))))...)).)))..))....((((((...(...........)...)))))).,18,-6.742,10,0,0.000050
1672,..((...(((.((.(((.......)))...)).)))..))....((((((......(...........))))))).,17,-6.742,8,0,0.000050
1673,..(((..(((.((.(...........)...)).))).)))....((((((.((............))..)))))).,17,-6.741,12,0,0.000050
1674,.......(((.((.................)).)))........(((((((.(..........).)...)))))).,13,-6.74,8,0,0.000050
1675,..(..(.(((.((.((.........))...)).))).).)....((((((...................)))))).,15,-6.739,4,0,0.000050
1676,..(((..(((.((.((.........))...)).))).)))....((((((......((...(....))))))))).,19,-6.739,12,0,0.000050
1677,.......(((((.((((......((....))))))..)))))..((((((......((.........)))))))).,19,-6.739,30,0,0.000050
1678,..(((..(((.((.(..............))).))).)))....((((((......((.........)))))))).,17,-6.738,15,0,0.000050
1679,.......(((.((.((.........))...)).)))........((((((......(.(.......).))))))).,15,-6.738,4,0,0.000050
1680,.......(((.((.((((.....))))...)).)))........((((((.......(......)....)))))).,16,-6.738,6,0,0.000050
1681,.......(((.((.((.........))...)).)))..(....)((((((.(((.(......).)))..)))))).,18,-6.737,10,0,0.000050
1682,.......(((((.(((................)))..)))))..((((((..(..............).)))))).,15,-6.737,24,0,0.000050
1683,...(((((((((.(((......(((....))))))..))))).))))..(.....)....................,16,-6.735,44,0,0.000050
1684,..((...(((.((.(((....)...))...)).)))..))....((((((...................)))))).,16,-6.733,6,0,0.000050
1685,.....(.(((.((.(((.......)))...)).))).)......((((((......((.........)))))))).,17,-6.732,8,0,0.000050
1686,.......(((.((.................)).)))........((((((.(.(..(.....).).)..)))))).,14,-6.732,10,0,0.000050
1687,.(((...(((.((.((.........))...)).)))..)))...((((((.........(........))))))).,17,-6.732,8,0,0.000050
1688,.......(((.((.((.........))...)).)))........((((((..(........(....)).)))))).,15,-6.732,4,0,0.000050
1689,.((((..(((.((.((((.....))))...)).))).))))...((((((.......(.....).....)))))).,20,-6.732,14,0,0.000050
1690,..((...(((.((.(((.......)))...)).)))..))....(((((((.((.....))...))....))))).,19,-6.732,15,0,0.000050
1691,..((...(((.((.(((.......)))...)).)))..))....(((((((.((.....))...)....)))))).,19,-6.732,12,0,0.000050
1692,.((((..(((.((.((((.....))))...)).))).))))...((((((...........(......))))))).,20,-6.731,14,0,0.000049
1693,.......(((.(((..............)).).)))........((((((......(((.......))))))))).,15,-6.731,15,0,0.000049
1694,.......(((.(((..............).)).)))........((((((......(((.......))))))))).,15,-6.731,12,0,0.000049
1695,.......(.(((.(((......(((....))))))..))).)..((((((.(((..(.....).)))..)))))).,20,-6.73,33,0,0.000049
1696,.......(((.((.(...........)...)).)))........((((((..((.....))........)))))).,14,-6.73,6,0,0.000049
1697,.......(.(((.(((......(((....))))))..))).)..((((((.(..............)..)))))).,17,-6.73,27,0,0.000049
1698,..((...(((.((.................)).)))..))....((((((..(..............).)))))).,14,-6.729,10,0,0.000049
1699,..(((..(((.((.((.(.....).))...)).))).)))....((((((.(((..(.....).)))..)))))).,21,-6.729,16,0,0.000049
1700,..(((..(((.((.((.(.....).))...)).))).)))....((((((.(..............)..)))))).,18,-6.729,10,0,0.000049
1701,.......(((((.(((......((......)))))..)))))..((((((......((.........)))))))).,18,-6.727,28,0,0.000049
1702,..((.(.(((.((.(((.......)))...)).))).)))....((((((.((............))..)))))).,19,-6.727,12,0,0.000049
1703,...(((((((.((.((.........))...)).))).......))))..((....))...(.(......).)....,15,-6.726,22,0,0.000049
1704,..........((.(((......(((....))))))..)).....(((((((....).............)))))).,15,-6.726,25,0,0.000049
1705,..........((.(((......(((....))))))..)).....(((((((....)).............))))).,15,-6.726,28,0,0.000049
1706,.........(.((.((.........))...)).)..........((((((.(((..(.....).)))..)))))).,15,-6.726,12,0,0.000049
1707,.........(.((.((.........))...)).)..........((((((.(..............)..)))))).,12,-6.726,6,0,0.000049
1708,..(((..(((.(..(..............).).))).)))....((((((...................)))))).,14,-6.725,13,0,0.000049
1709,.......(((.((((((.......))).)).).)))........(((((.....................))))).,14,-6.725,9,0,0.000049
1710,.......(((.((((((.......))).).)).)))........(((((.....................))))).,14,-6.725,6,0,0.000049
1711,..(.....).((.(((......(((....))))))..)).....((((((......(((.......))))))))).,18,-6.724,30,0,0.000049
1712,...(((.(((((.(((......(((....))))))..)))))..)))..((....)).......(...).......,17,-6.724,46,0,0.000049
1713,..........((.(((......(((....))))))..)).....((((((...(.(......)..)...)))))).,16,-6.724,27,0,0.000049
1714,...(((((((((.(((......(((....))))))..))))).))))..((....)).....(((...)..))...,20,-6.724,50,0,0.000049
1715,.......(((.((.................)).)))........((((.......................)))).,9,-6.722,8,0,0.000049
1716,.......(((.((((............))).).)))........((((((...................)))))).,13,-6.722,10,0,0.000049
1717,.......(((.((((............)).)).)))........((((((...................)))))).,13,-6.722,7,0,0.000049
1718,.(((...(((.((.(((.......)))...)).)))..)))...((((((...(..(.....).)....)))))).,19,-6.722,12,0,0.000049
1719,..((...(((.((.(((.......)))...)).)))..))....(((((((..............)...)))))).,17,-6.722,8,0,0.000049
1720,...(((.(((((.(((......(((....))))))..)))))..)))..((....))...(.(.(...)).)....,19,-6.721,48,0,0.000049
1721,..(((..(((.((.(...........)...)).))).)))....(((((.....................))))).,14,-6.721,10,0,0.000049
1722,.......(((.((.((.........))...)).)))..........((((.((............))..))))...,13,-6.719,8,0,0.000048
1723,.......(((.((.(((.......)))...)).)))........((((((.....(..........)..)))))).,15,-6.719,4,0,0.000048
1724,.((((..(((.((.((((.....))))...)).))).))))...((((((...(..((...))..)...)))))).,22,-6.718,18,0,0.000048
1725,.......(((.((.(((.......)))...)).))).........(((((.((............))..)))))..,15,-6.718,8,0,0.000048
1726,.......(((.((..((......)).....)).)))........((((((...................)))))).,13,-6.717,7,0,0.000048
1727,..(((..(((.((.(((.......)))...)).))).)))....((((((.......(......)....)))))).,18,-6.717,10,0,0.000048
1728,..............(((.....(((....)))....))).....((((((...(...........)...)))))).,13,-6.716,24,0,0.000048
1729,...((..(((.((.((.........))...)).))).)).....((((((..((..........))...)))))).,17,-6.715,8,0,0.000048
1730,...(((((((((.(((................)))..))))).))))..((....))...................,14,-6.715,42,0,0.000048
1731,..((...(((.((.(((.......)))...)).)))..))....(((((((.............)....)))))).,17,-6.714,8,0,0.000048
1732,..((...(((.((.(((.......)))...)).)))..))....(((((((.............))....))))).,17,-6.714,11,0,0.000048
1733,.....(.(((.((.((.........))...)).))).)......((((((.(((..(.....).)))..)))))).,18,-6.714,10,0,0.000048
1734,.....(.(((.((.((.........))...)).))).)......((((((.(..............)..)))))).,15,-6.713,4,0,0.000048
1735,...((..(((.((.((.........))...)).))).)).....((((((..((.....))...(...))))))).,18,-6.712,10,0,0.000048
1736,.......(((.((.................)).)))..(....)((((((......(((.......))))))))).,15,-6.712,12,0,0.000048
1737,.......(((.((.(..............))).)))........((((((...(...........)...)))))).,13,-6.711,7,0,0.000048
1738,.......(((.((((((.......))).)).).)))........((((((......(.....)......)))))).,16,-6.71,9,0,0.000048
1739,.......(((.((((((.......))).).)).)))........((((((......(.....)......)))))).,16,-6.71,6,0,0.000048
1740,..(((..(((.((.................)).))).)))....((((((.((...(.....)..))..)))))).,17,-6.709,16,0,0.000048
1741,..((.(.(((.((.(((.......)))...)).))).)))....(((((.....................))))).,16,-6.707,10,0,0.000047
1742,..(((..(((.((.(...........)...)).))).)))....((((((......(.....)......)))))).,16,-6.706,10,0,0.000047
1743,.......(((.((.((.(...)...))...)).)))........((((((......((.........)))))))).,16,-6.705,6,0,0.000047
1744,..((...(((.((.(((.......)))...)).)))..))....((((((.(((..((...)).)))..)))))).,21,-6.705,16,0,0.000047
1745,.(((...(((.((.((.........))...)).)))..)))...((((((.......(.....).....)))))).,17,-6.705,8,0,0.000047
1746,.....(..((.((.(((.......)))...)).))..)......((((((...................)))))).,14,-6.704,6,0,0.000047
1747,.(((...(((.((.((.........))...)).)))..)))...((((((...........(......))))))).,17,-6.704,8,0,0.000047
1748,.......(((.((.((.........))...)).)))........((((((.(.(..((...))..))..)))))).,17,-6.704,8,0,0.000047
1749,.......(((.((.((.(.....).))...)).)))........((((((.(((.....)).....)..)))))).,17,-6.704,8,0,0.000047
1750,...((..(((.((.(..............))).))).)).....((((((...................)))))).,14,-6.704,9,0,0.000047
1751,..((...(((.((.((((.....))))...)).)))..))....((((((.....(......)......)))))).,18,-6.703,10,0,0.000047
1752,.(((...(((.((.................)).)))..)))...((((((.(((..(.....).)))..)))))).,18,-6.702,18,0,0.000047
1753,.(((...(((.((.(((.......)))...)).)))..)))...((((((.....(............))))))).,18,-6.702,10,0,0.000047
1754,.(((...(((.((.................)).)))..)))...((((((.(..............)..)))))).,15,-6.702,12,0,0.000047
1755,..(((..(((.((.................)).))).)))....((((((.((..(......)..))..)))))).,17,-6.7,16,0,0.000047
1756,..((...(((.((.((((.....))))...)).)))..))....((((((...(..(.....)..)...)))))).,19,-6.7,12,0,0.000047
1757,.((((..(((.((.(............)..)).))).))))...((((((...................)))))).,16,-6.7,13,0,0.000047
1758,.......(((.((.................)).)))........((((((.(....(.....)...)..)))))).,13,-6.699,8,0,0.000047
1759,.......(.(((.(((......(((....))))))..))).)..((((((..(..............).)))))).,17,-6.699,27,0,0.000047
1760,.....(((((((.(((......(((....))))))..))))).))..(((.....)))..................,16,-6.699,44,0,0.000047
1761,.......(((.((.((.........))...)).)))..........(((.....................)))...,10,-6.698,6,0,0.000047
1762,.......(((((.(((......(((....))))))..)))))...(((((......(((.......))))))))..,19,-6.698,34,0,0.000047
1763,..(((..(((.((.((.(.....).))...)).))).)))....((((((..(..............).)))))).,18,-6.698,10,0,0.000047
1764,.......(((.((.................)).)))........((((((...(.....)....(...))))))).,13,-6.698,8,0,0.000047
1765,.......(((.((.(((.......)))...)).))).........((((.....................))))..,12,-6.697,6,0,0.000047
1766,...((..(((.((.((((.....))))...)).))).)).....((((((.(((..(.....).)))..)))))).,21,-6.697,16,0,0.000047
1767,.((((..(((.((.(((....)...))...)).))).))))...((((((......(((.......))))))))).,21,-6.697,16,0,0.000047
1768,...((..(((.((.((((.....))))...)).))).)).....((((((.(..............)..)))))).,18,-6.697,10,0,0.000047
1769,.......(((.((.((((.....))))...)).)))........((((((.(.(...........))..)))))).,17,-6.697,8,0,0.000047
1770,..........((.(((......(((....))))))..)).....((((((...(..(.....).)....)))))).,16,-6.696,27,0,0.000047
1771,...........(((.......))).((.....))..........((((((......(((.......))))))))).,14,-6.696,25,0,0.000047
1772,.......(((.((.(((....)...))...)).)))........((((((.(((..(.....).)))..)))))).,18,-6.695,10,0,0.000047
1773,.......(((.((.(((....)...))...)).)))........((((((.(..............)..)))))).,15,-6.695,4,0,0.000047
1774,..((...)).....(((.....(((....)))....))).....((((((......(((.......))))))))).,17,-6.695,30,0,0.000047
1775,.......(((.((.((.........))...)).)))........((((((..(....(.....)...).)))))).,15,-6.695,4,0,0.000047
1776,.........(.((.((.........))...)).)..........((((((..(..............).)))))).,12,-6.695,6,0,0.000047
1777,..(((..(((.((.((((.....))))...)).))).)))....(((((((........).........)))))).,19,-6.694,12,0,0.000046
1778,..((.(.(((.((.(((.......)))...)).))).)))....((((((......(.....)......)))))).,18,-6.693,10,0,0.000046
1779,.(((...(((.((.((.........))...)).)))..)))...((((((...(..((...))..)...)))))).,19,-6.691,12,0,0.000046
1780,.......(((.((.((((.....))))...)).)))........(((((((..(.......)..))....))))).,17,-6.691,11,0,0.000046
1781,.......(((.((.((((.....))))...)).)))........(((((((..(.......)..)....)))))).,17,-6.691,8,0,0.000046
1782,...(...(((.((.(((.......)))...)).)))..).....((((((......((.........)))))))).,17,-6.689,8,0,0.000046
1783,.(((...(((.((.(((.......)))...)).)))..)))...((((((..(............)...)))))).,18,-6.687,10,0,0.000046
1784,..((...))..(((.......))).((.....))..........((((((...................)))))).,13,-6.686,21,0,0.000046
1785,......((((.((.(((.......)))...)).))).)......((((((......((.........)))))))).,17,-6.685,8,0,0.000046
1786,.......(((.(.(..............)..).)))........((((((...................)))))).,11,-6.685,8,0,0.000046
1787,.......((..(.(((......(((....))))))..)..))..((((((...................)))))).,15,-6.685,23,0,0.000046
1788,.......(((.((.((.........))...)).)))..........((((......(.....)......))))...,12,-6.684,6,0,0.000046
1789,..(((..(((.((.................)).))).))).....(((((...................)))))..,13,-6.684,12,0,0.000046
1790,...(((((((.((.(((.......)))...)).))).......)))).............................,12,-6.684,19,0,0.000046
1791,.(((...(((.((.((((.....))))...)).)))..)))...((((((...(...........)...)))))).,19,-6.684,12,0,0.000046
1792,.(((...(((.((.(((.......)))...)).)))..)))...((((((......(...........))))))).,18,-6.683,10,0,0.000046
1793,.......(((.((.(((.......)))...)).))).........(((((......(.....)......)))))..,14,-6.683,6,0,0.000046
1794,.((((..(((.((.(...........)...)).))).))))...((((((.((............))..)))))).,18,-6.683,14,0,0.000046
1795,.....(.(((.((.((.........))...)).))).)......((((((..(..............).)))))).,15,-6.682,4,0,0.000046
1796,..(((..(((.((.((((.....))))...)).))).)))....((((((...(.(......).)....)))))).,20,-6.682,14,0,0.000046
1797,.......(((.((.(((.......)))...)).)))............((.....))...................,10,-6.682,16,0,0.000045
1798,.((..(.(((.((.((.........))...)).))).).))...((((((...................)))))).,16,-6.681,6,0,0.000045
1799,.((((..(((.((.((.........))...)).))).))))...((((((......((...(....))))))))).,20,-6.681,14,0,0.000045
1800,.........(.....)......(((....)))............((((((......(((.......))))))))).,13,-6.68,24,0,0.000045
1801,.((((..(((.((.(..............))).))).))))...((((((......((.........)))))))).,18,-6.68,17,0,0.000045
1802,.......(((.((....(......).....)).)))........((((((...................)))))).,12,-6.68,6,0,0.000045
1803,...(((((((.((.((.........))...)).))).......)))).....((.....))...............,13,-6.678,21,0,0.000045
1804,...(((((.(((.(((......(((....))))))..))).).))))..((....))...................,16,-6.678,45,0,0.000045
1805,.......(((.((.((((.....))))...)).)))...........(((.....)))..................,12,-6.677,19,0,0.000045
1806,..............(((.....(((....)))....))).....((((((.....(......)......)))))).,13,-6.677,24,0,0.000045
1807,.......(((.((.(((.......)))...)).)))........((((((.(.(..((...)).).)..)))))).,18,-6.676,10,0,0.000045
1808,.......(((.((.((.........))...)).)))........((((((.....)..............))))).,13,-6.676,3,0,0.000045
1809,..........((.(((......(((....))))))..)).....((((((.....(............))))))).,15,-6.676,25,0,0.000045
1810,..(((..(((.((.(((.......)))...)).))).)))....((((((.(.(...........))..)))))).,19,-6.676,12,0,0.000045
1811,..(((..(((.((.................)).))).)))....((((((..((..(.....).))...)))))).,17,-6.675,16,0,0.000045
1812,.(((...(((.((.(((....)...))...)).)))..)))...((((((...................)))))).,17,-6.674,8,0,0.000045
1813,.......(((.((.((((.....))))...)).)))........((((((.((...((...))..))..)))))).,19,-6.674,12,0,0.000045
1814,......................(((....)))..(....)....((((((...................)))))).,10,-6.674,19,0,0.000045
1815,..((...(((.((.(((.......)))...)).)))..))....((((((..((..........))...)))))).,18,-6.673,10,0,0.000045
1816,..............(((.....(((....)))....))).....((((((...(..(.....)..)...)))))).,14,-6.673,26,0,0.000045
1817,.(((...(((.((.(((.......)))...)).)))..)))...(((((((.((.....))...)....)))))).,20,-6.673,14,0,0.000045
1818,.(((...(((.((.(((.......)))...)).)))..)))...(((((((.((.....))...))....))))).,20,-6.673,17,0,0.000045
1819,...(((((((.((.(((.......)))...)).))).......)))).((.....))...................,14,-6.673,21,0,0.000045
1820,.......(((.((.(..............))).)))........((((((.....(......)......)))))).,13,-6.673,7,0,0.000045
1821,.......(((.((((((.......))).)).).)))........((((((.(((..........)))..)))))).,18,-6.673,13,0,0.000045
1822,.......(((.((((((.......))).).)).)))........((((((.(((..........)))..)))))).,18,-6.673,10,0,0.000045
1823,.......(((.((.((.(.....).))...)).)))........(((((((.....)............)))))).,15,-6.672,4,0,0.000045
1824,.(((...(((.((.................)).)))..)))...((((((..(..............).)))))).,15,-6.671,12,0,0.000045
1825,.((((..(((.((.((.(.....).))...)).))).))))...((((((.(((..(.....).)))..)))))).,22,-6.671,18,0,0.000045
1826,.((((..(((.((.((.(.....).))...)).))).))))...((((((.(..............)..)))))).,19,-6.671,12,0,0.000045
1827,..(((..(((.((.(((.......)))...)).))).)))....(((((((..(.......)..))....))))).,19,-6.67,15,0,0.000045
1828,..(((..(((.((.(((.......)))...)).))).)))....(((((((..(.......)..)....)))))).,19,-6.67,12,0,0.000045
1829,...(...(((.((.((.........))...)).)))..).....((((((.(((..(.....).)))..)))))).,18,-6.67,10,0,0.000045
1830,...(...(((.((.((.........))...)).)))..).....((((((.(..............)..)))))).,15,-6.67,4,0,0.000045
1831,..((...(((.((.(((.......)))...)).)))..))....((((((..((.....))...(...))))))).,19,-6.67,12,0,0.000045
1832,........((.((.(((.......)))...)).)).........((((((......((.........)))))))).,15,-6.67,8,0,0.000045
1833,.......(((.((.((.(.....).))...)).)))........((((((...(..........)....)))))).,15,-6.669,4,0,0.000045
1834,...((..(((.((.................)).))).)).....((((((.((............))..)))))).,15,-6.669,12,0,0.000045
1835,.......(((.((.(..............))).)))........((((((...(..(.....)..)...)))))).,14,-6.669,9,0,0.000045
1836,.(((.(.(((.((.(((.......)))...)).))).))))...((((((.((............))..)))))).,20,-6.669,14,0,0.000045
1837,.......(((.((.................)).)))........((((((..(...(.....)....).)))))).,13,-6.669,8,0,0.000045
1838,..(((..(((.((.(...........)...)).))).)))....((((((.(((..........)))..)))))).,18,-6.669,14,0,0.000045
1839,..(((..(((.((....(..........).)).))).)))....((((((...................)))))).,15,-6.668,12,0,0.000044
1840,...(((((((((.(((......(((....))))))..))))).))))..((....)).............(...).,18,-6.667,46,0,0.000044
1841,.......(((.((.(((......).))...)).)))........((((((...................)))))).,14,-6.667,2,0,0.000044
1842,.......(((.((.(((......)).)...)).)))........((((((...................)))))).,14,-6.667,5,0,0.000044
1843,......((((.((.((.........))...)).))).)......((((((.(((..(.....).)))..)))))).,18,-6.667,10,0,0.000044
1844,......((((.((.((.........))...)).))).)......((((((.(..............)..)))))).,15,-6.667,4,0,0.000044
1845,..((...(((.((.((.........))...)).)))..))....(((((((........).........)))))).,16,-6.667,6,0,0.000044
1846,.((((..(((.(..(..............).).))).))))...((((((...................)))))).,15,-6.666,15,0,0.000044
1847,...((..(((.((.((((.....))))...)).))).)).....((((((..(..............).)))))).,18,-6.666,10,0,0.000044
1848,..(((..(((.((.((((.....))))...)).))).)))....(((((((.((.....))).......)))))).,21,-6.665,16,0,0.000044
1849,..........((.((((..............))))..)).....((((((...................)))))).,12,-6.665,20,0,0.000044
1850,.......(((((..........(((....))).....)))))..((((((.((............))..)))))).,16,-6.664,28,0,0.000044
1851,.......(((.((.(((....)...))...)).)))........((((((..(..............).)))))).,15,-6.664,4,0,0.000044
1852,...(((((((.((.((.........))...)).))).......))))...............(.(...).).....,13,-6.664,20,0,0.000044
1853,.(((...(((.((.(((.......)))...)).)))..)))...(((((((..............)...)))))).,18,-6.663,10,0,0.000044
1854,...((((.((((.(((......(((....))))))..))))..))))..((....))..((.(.(...).)..)).,20,-6.662,50,0,0.000044
1855,......(.((.((.(((.......)))...)).))..)......((((((...................)))))).,14,-6.662,6,0,0.000044
1856,.((((..(((.((.(...........)...)).))).))))...(((((.....................))))).,15,-6.662,12,0,0.000044
1857,.......(((.((.((.........))...)).)))............((.....)).....(.(...).).....,11,-6.662,17,0,0.000044
1858,..........((.(((......(((....))))))..)).....((((((..(............)...)))))).,15,-6.662,25,0,0.000044
1859,.......(((((.(((......(((....))))))..)))))..((((((...(.....).........)))))).,18,-6.661,28,0,0.000044
1860,.......(((.(((...........)....)).)))........((((((...................)))))).,12,-6.661,5,0,0.000044
1861,.......(((.(((..........).....)).)))........((((((...................)))))).,12,-6.661,6,0,0.000044
1862,.......(((.((.((((.....))))...)).)))..(....)((((((......((.........)))))))).,18,-6.66,10,0,0.000044
1863,.((((..(((.((.(((.......)))...)).))).))))...((((((.......(......)....)))))).,19,-6.658,12,0,0.000044
1864,.......(((.((.((.(.....).))...)).)))..(....)((((((...................)))))).,15,-6.658,4,0,0.000044
1865,.......(((((.(((......(((....))))))..)))))..((((((..((...........).).)))))).,19,-6.658,30,0,0.000044
1866,..........((.(((......(((....))))))..)).....((((((......(...........))))))).,15,-6.658,25,0,0.000044
1867,..(((..(((.((.(((.......)))...)).))).))).......(((.....)))..................,14,-6.657,23,0,0.000044
1868,..(((..(((.(((((.........)).)).).))).)))....((((((......((.........)))))))).,19,-6.656,15,0,0.000044
1869,..(((..(((.(((((.........)).).)).))).)))....((((((......((.........)))))))).,19,-6.656,12,0,0.000044
1870,.(((...(((.((.(((.......)))...)).)))..)))...(((((((.............)....)))))).,18,-6.655,10,0,0.000044
1871,.(((...(((.((.(((.......)))...)).)))..)))...(((((((.............))....))))).,18,-6.655,13,0,0.000044
1872,..((...(((.((.((.........))...)).)))..))....((((((...(.(......).)....)))))).,17,-6.655,8,0,0.000043
1873,..((.(.(((.((.(((.......)))...)).))).)))....((((((.(((..........)))..)))))).,20,-6.655,14,0,0.000043
1874,..(((..(((.((.................)).))).)))....(((((((..........).......)))))).,15,-6.654,12,0,0.000043
1875,.......(((.((.(((.......)))...)).)))........((((((..((..........)..).)))))).,16,-6.654,6,0,0.000043
1876,.......(((.((.((((.....))))...)).)))........((((((.(.(..(.....)..))..)))))).,18,-6.654,10,0,0.000043
1877,.......(((.((.(...........)...)).)))........((((((.(((.(......).)))..)))))).,16,-6.654,10,0,0.000043
1878,..(((..(((.((.(((.......)))...)).))).)))....((((((.((...((...))..))..)))))).,21,-6.654,16,0,0.000043
1879,...(((.(((((.(((......(((....))))))..)))))..)))..((....))...(.(......).)....,18,-6.653,46,0,0.000043
1880,...(((((((.((.((.........))...)).))).......)))).((.....)).....(.(...).).....,15,-6.653,22,0,0.000043
1881,..((...)).((.(((......(((....))))))..)).....((((((......(((.......))))))))).,19,-6.653,31,0,0.000043
1882,.......(((.((.((.........))...)).)))........((((((......(.........)..)))))).,14,-6.653,2,0,0.000043
1883,...(((((((((.(((......(((....))))))..))))).))))....................(.....)..,16,-6.651,44,0,0.000043
1884,........((.((.((.........))...)).)).........((((((.(((..(.....).)))..)))))).,16,-6.651,10,0,0.000043
1885,........((.((.((.........))...)).)).........((((((.(..............)..)))))).,13,-6.651,4,0,0.000043
1886,...(((((((((.(((......(((....))))))..))))).))))(((.....))).((............)).,20,-6.651,48,0,0.000043
1887,...((..(((.((.(((.......)))...)).))).)).....((((((.(((.....)).....)..)))))).,19,-6.651,12,0,0.000043
1888,.......(((((.((.......(((....))).))..)))))..((((((...................)))))).,16,-6.651,25,0,0.000043
1889,.((((..(((.((.................)).))).))))...((((((.((...(.....)..))..)))))).,18,-6.65,18,0,0.000043
1890,.......(((.((.(((.......)))...)).)))........((((((..(..........).....)))))).,15,-6.65,4,0,0.000043
1891,...(((((((.((.((((.....))))...)).))).......))))..((....))...................,15,-6.65,24,0,0.000043
1892,.......(((.(...................).)))........((((((.((............))..)))))).,12,-6.649,10,0,0.000043
1893,...((..(((.((.................)).))).)).....(((((.....................))))).,12,-6.648,10,0,0.000043
1894,.(((.(.(((.((.(((.......)))...)).))).))))...(((((.....................))))).,17,-6.648,12,0,0.000043
1895,......(.....).........(((....)))............((((((...................)))))).,10,-6.648,19,0,0.000043
1896,.((((..(((.((.(...........)...)).))).))))...((((((......(.....)......)))))).,17,-6.648,12,0,0.000043
1897,..........((.(((......(((....))))))..)).....(((((((.((.....))...)....)))))).,17,-6.647,29,0,0.000043
1898,..........((.(((......(((....))))))..)).....(((((((.((.....))...))....))))).,17,-6.647,32,0,0.000043
1899,...........((.........)).((.....))..........((((((...................)))))).,10,-6.647,17,0,0.000043
1900,.......(((.((.((.........))...)).)))..(....)...(((.....)))..................,11,-6.647,17,0,0.000043
1901,.......(((.((.((.........))...)).)))..(.....).((((...................))))...,12,-6.647,5,0,0.000043
1902,.......(((.((.................)).)))........((((((...(..((...)).)....)))))).,14,-6.647,10,0,0.000043
1903,.(((...(((.((.(((.......)))...)).)))..)))...((((((.(((..((...)).)))..)))))).,22,-6.646,18,0,0.000043
1904,.......(((.((.((.........))...)).)))..........((((.(((..........)))..))))...,14,-6.646,10,0,0.000043
1905,.......(((.((.................)).)))........((((((...(.......).......)))))).,12,-6.646,6,0,0.000043
1906,.......(((.((.(((.......)))...)).))).........(((((.(((..........)))..)))))..,16,-6.645,10,0,0.000043
1907,.(((...(((.((.((((.....))))...)).)))..)))...((((((.....(......)......)))))).,19,-6.645,12,0,0.000043
1908,.......(((.((.(((.......)))...)).)))........((((((.(....((...))...)..)))))).,17,-6.644,8,0,0.000043
1909,.......(((((..........(((....))).....)))))..(((((.....................))))).,13,-6.644,26,0,0.000043
1910,.((((..(((.((.................)).))).))))...((((((.((..(......)..))..)))))).,18,-6.642,18,0,0.000043
1911,......((((.((.((((.....))))...)).))).....)..((((((...................)))))).,16,-6.641,6,0,0.000043
1912,.(((...(((.((.((((.....))))...)).)))..)))...((((((...(..(.....)..)...)))))).,20,-6.641,14,0,0.000042
1913,...(((((((((.(((......(((....))))))..))))).)))).((.....))..........(.....)..,18,-6.64,46,0,0.000042
1914,.......(((.((.((((.....))))...)).)))........((((((..((..((...)).))...)))))).,19,-6.64,12,0,0.000042
1915,.((((..(((.((.((.(.....).))...)).))).))))...((((((..(..............).)))))).,19,-6.64,12,0,0.000042
1916,...(...(((.((.((.........))...)).)))..).....((((((..(..............).)))))).,15,-6.639,4,0,0.000042
1917,..((...(((.((.((.........))...)).)))..))....(((((((.((.....))).......)))))).,18,-6.639,10,0,0.000042
1918,..........((.(((......(((....))))))..)).....(((((((..............)...)))))).,15,-6.638,25,0,0.000042
1919,.........................((.....))..........((((((...................)))))).,8,-6.637,15,0,0.000042
1920,...(((((((((.(((......(((....))))))..))))).))))(((.....))).......(........).,19,-6.637,47,0,0.000042
1921,..(((..(((.((.((.........))...)).))).))).......(((.....)))....(.(...).).....,15,-6.637,24,0,0.000042
1922,......((((.((.((.........))...)).))).....)..((((((......(((.......))))))))).,17,-6.637,8,0,0.000042
1923,......((((.((.((.........))...)).))).)......((((((..(..............).)))))).,15,-6.636,4,0,0.000042
1924,.......(((.((((((.......))).)).).)))........((((((..............(...))))))).,16,-6.636,9,0,0.000042
1925,.......(((.((((((.......))).).)).)))........((((((..............(...))))))).,16,-6.636,6,0,0.000042
1926,.......((.((.(((......(((....))))))..)).))..((((((...(...........)...)))))).,17,-6.636,27,0,0.000042
1927,.((((..(((.((.((((.....))))...)).))).))))...(((((((........).........)))))).,20,-6.635,14,0,0.000042
1928,...(((((((((.(((......(((....))))))..))))).))))..((....))...........(...)...,18,-6.635,47,0,0.000042
1929,...((..(((.((.................)).))).)).....((((((......(.....)......)))))).,14,-6.634,10,0,0.000042
1930,.(((.(.(((.((.(((.......)))...)).))).))))...((((((......(.....)......)))))).,19,-6.634,12,0,0.000042
1931,..(((..(((.((.(((.......)))...)).))).)))....((((((.(.(..(.....)..))..)))))).,20,-6.633,14,0,0.000042
1932,.......(((.((.(((.......)))...)).)))........(((((.......(.....).......))))).,14,-6.632,6,0,0.000042
1933,.......(((.((.((.(.....).))...)).)))........((((((......((...))......)))))).,16,-6.632,6,0,0.000042
1934,..(((..(((.((.(...........)...)).))).)))....((((((..............(...))))))).,16,-6.632,10,0,0.000042
1935,..........((.(((......(((....))))))..)).....(((((((.............)....)))))).,15,-6.63,25,0,0.000042
1936,..........((.(((......(((....))))))..)).....(((((((.............))....))))).,15,-6.63,28,0,0.000042
1937,.......(((((..........(((....))).....)))))..((((((......(.....)......)))))).,15,-6.63,26,0,0.000042
1938,.......(((.(((((.........)).)).).)))........((((((...(...........)...)))))).,15,-6.629,7,0,0.000042
1939,.......(((.(((((.........)).).)).)))........((((((...(...........)...)))))).,15,-6.629,4,0,0.000042
1940,.......(((.((.((.........))...)).)))..........((((.....))).)................,11,-6.629,16,0,0.000042
1941,.......(((.(...................).)))........(((((.....................))))).,9,-6.629,8,0,0.000042
1942,...(((((((((.(((......(((....))))))..))))).))))......(.....)....(...).......,17,-6.629,47,0,0.000042
1943,..(((..(((.((.((.........))...)).))).))).....(((((......((.........)))))))..,17,-6.628,12,0,0.000042
1944,..............((((....(((....)))...)))).....((((((.((............))..)))))).,15,-6.628,27,0,0.000042
1945,.......(((.((.((.........))...)).)))........((((((.((....(...)...))..)))))).,16,-6.627,6,0,0.000042
1946,.......(((.((...(...........).)).)))........((((((......(((.......))))))))).,15,-6.627,12,0,0.000042
1947,.......(((.((.................)).)))........((((((.(...(......)...)..)))))).,13,-6.627,8,0,0.000041
1948,.((((..(((.((.................)).))).))))....(((((...................)))))..,14,-6.626,14,0,0.000041
1949,.......(((.((.((.........))...)).)))........((((((..............)).....)))).,13,-6.624,6,0,0.000041
1950,...(((((((((.(((......(((....))))))..))))).))))..((....)).(.(.(.(...)).).)..,21,-6.624,51,0,0.000041
1951,.((((..(((.((.((((.....))))...)).))).))))...((((((...(.(......).)....)))))).,21,-6.623,16,0,0.000041
1952,.......(((.(((((((.....)))).)).).)))........((((((......(((.......))))))))).,19,-6.622,15,0,0.000041
1953,.......(((.(((((((.....)))).).)).)))........((((((......(((.......))))))))).,19,-6.622,12,0,0.000041
1954,.......(((.((.((.........))...)).)))........((((((..((.....))...)).....)))).,15,-6.622,10,0,0.000041
1955,.......(((.((.((.........))...)).)))........((((((..(..(......).)....)))))).,15,-6.621,4,0,0.000041
1956,...((..(((.(((((.........)).)).).))).)).....((((((...................)))))).,16,-6.621,9,0,0.000041
1957,...((..(((.(((((.........)).).)).))).)).....((((((...................)))))).,16,-6.621,6,0,0.000041
1958,..........((.(((......(((....))))))..)).....((((((.(((..((...)).)))..)))))).,19,-6.621,33,0,0.000041
1959,.......(((.((.(((.......)))...)).)))........((((((..((.(......)..).).)))))).,17,-6.62,8,0,0.000041
1960,........((.((.((.........))...)).)).........((((((..(..............).)))))).,13,-6.62,4,0,0.000041
1961,..(((..(((.((.(((.......)))...)).))).)))....((((((..((..((...)).))...)))))).,21,-6.62,16,0,0.000041
1962,...((((.((((.(((......(((....))))))..))))..))))(((.....)))....(.(...).).....,19,-6.619,48,0,0.000041
1963,..(((...((.((.(((.......)))...)).))..)))....((((((...................)))))).,16,-6.619,10,0,0.000041
1964,...((..(((.((.(((.......)))...)).))).)).....(((((((.....)............)))))).,17,-6.619,8,0,0.000041
1965,...((..(((.((.((.........))...)).))).)).....((((((.((...(.....)..))..)))))).,18,-6.619,10,0,0.000041
1966,..((.(.(((.((.(((.......)))...)).))).)))....((((((..............(...))))))).,18,-6.618,10,0,0.000041
1967,.......(....).........(((....)))............((((((...................)))))).,10,-6.618,18,0,0.000041
1968,.......(((.((.((.........))...)).)))........((((((....(..(.....)..)..)))))).,15,-6.617,4,0,0.000041
1969,.......(((((.(((......(((....))))))..)))))..(((((((.(.....)..).......)))))).,19,-6.617,30,0,0.000041
1970,.((((..(((.((.(((.......)))...)).))).))))...((((((.(.(...........))..)))))).,20,-6.617,14,0,0.000041
1971,.((((..(((.((.................)).))).))))...((((((..((..(.....).))...)))))).,18,-6.616,18,0,0.000041
1972,...((..(((.((.(((.......)))...)).))).)).....((((((...(..........)....)))))).,17,-6.616,8,0,0.000041
1973,.......(((((.(((......(((....))))))..)))))..((((((..((..(.....)..).).)))))).,20,-6.615,32,0,0.000041
1974,.......(((((.(((......(((....))))))..)))))..((((((..(...(.....)..)...)))))).,19,-6.615,30,0,0.000041
1975,.......(((.((.((.........))..).).)))........((((((......((.........)))))))).,15,-6.615,7,0,0.000041
1976,.......(((.((.(((.......)))...)).)))........(((((...((.....))...(...).))))).,16,-6.615,10,0,0.000041
1977,.(((...(((.((.(((.......)))...)).)))..)))...((((((..((..........))...)))))).,19,-6.615,12,0,0.000041
1978,.......(((.(...................).)))........((((((......(.....)......)))))).,11,-6.615,8,0,0.000041
1979,.......(((((.((((.......((...))))))..)))))..((((((...................)))))).,17,-6.613,25,0,0.000041
1980,.......(((((.((((..............))))..)))))..((((((......((.........)))))))).,17,-6.613,27,0,0.000041
1981,.......(((.((.(((.......)))...)).)))........((((((..(...((...))....).)))))).,17,-6.613,8,0,0.000041
1982,.......(((.((.(((.......)))...)).)))..(....)((((((...(...........)...)))))).,16,-6.613,6,0,0.000040
1983,.((((..(((.((.(((.......)))...)).))).))))...(((((((..(.......)..)....)))))).,20,-6.612,14,0,0.000040
1984,.((((..(((.((.(((.......)))...)).))).))))...(((((((..(.......)..))....))))).,20,-6.612,17,0,0.000040
1985,.(((...(((.((.(((.......)))...)).)))..)))...((((((..((.....))...(...))))))).,20,-6.611,14,0,0.000040
1986,..((.(.(((.((.((.........))...)).))).)))....((((((...(...........)...)))))).,17,-6.611,8,0,0.000040
1987,.......(((.((.((.........))...)).)))........((((((.(((.......)...))..)))))).,16,-6.611,6,0,0.000040
1988,.......(((.((.((.........))...)).)))........((((((..............))).....))).,13,-6.61,9,0,0.000040
1989,.((((..(((.((.(...........)...)).))).))))...((((((.(((..........)))..)))))).,19,-6.61,16,0,0.000040
1990,.((((..(((.((....(..........).)).))).))))...((((((...................)))))).,16,-6.61,14,0,0.000040
1991,...((..(((.((.((.........))...)).))).)).....((((((.((..(......)..))..)))))).,18,-6.61,10,0,0.000040
1992,.......(((.((.((.........))...)).)))..........((((..............(...)))))...,12,-6.61,6,0,0.000040
1993,.......(((.((.((.........))...)).)))........((((((..((.....))...))).....))).,15,-6.609,13,0,0.000040
1994,.......(((.((.(((.......)))...)).))).........(((((..............(...))))))..,14,-6.608,6,0,0.000040
1995,.(((...(((.((.((.........))...)).)))..)))...(((((((........).........)))))).,17,-6.608,8,0,0.000040
1996,.......(((((.(((......(((....))))))..)))))..((((((....(...........)..)))))).,18,-6.608,28,0,0.000040
1997,..............((((....(((....)))...)))).....(((((.....................))))).,12,-6.607,25,0,0.000040
1998,.......(((.((.((.........))...)).)))........((((((..((.......).....).)))))).,15,-6.607,4,0,0.000040
1999,.((((..(((.((.((((.....))))...)).))).))))...(((((((.((.....))).......)))))).,22,-6.607,18,0,0.000040
2000,.......(((.((.(((.......)))...)).)))........(((((.(..............)....))))).,14,-6.607,6,0,0.000040
2001,.......(((((.(((......(((....))))))..)))))..((((((..(..(......)..)...)))))).,19,-6.606,30,0,0.000040
2002,..((...(((.((.((((.....))))...)).)))..))....((((((..((.....))........)))))).,19,-6.606,12,0,0.000040
2003,...(((((((((.(((......(((....))))))..))))).))))...........(.(.(.(...)).).)..,19,-6.606,48,0,0.000040
2004,..(((..(((.((.((.........))...)).))).)))....((((((..((.....).......).)))))).,18,-6.605,10,0,0.000040
2005,...(((.(((((.(((......(((....))))))..)))))..))).....((.....))...............,16,-6.605,45,0,0.000040
2006,.......(((((.(((......(((....))))))..)))))..((((((.(.(.(......).).)..)))))).,20,-6.604,32,0,0.000040
2007,..((.(.(((.((.((((.....))))...)).))).)))....((((((......(((.......))))))))).,21,-6.604,16,0,0.000040
2008,.......(((.((.(((.......)))...)).)))........((((((.......(.......)...)))))).,15,-6.604,4,0,0.000040
2009,.......(((((.(((......(((....))))))..)))))..(((((.(..................)))))).,17,-6.602,29,0,0.000040
2010,.......(((((.(((......(((....))))))..)))))..((((.((..................)))))).,17,-6.602,31,0,0.000040
2011,..(((..(((.((((((.......))).)).).))).)))....((((((......(((.......))))))))).,21,-6.602,19,0,0.000040
2012,..(((..(((.((((((.......))).).)).))).)))....((((((......(((.......))))))))).,21,-6.602,16,0,0.000040
2013,.......(((.((.((.........))...)).))).........(((((...(...........)...)))))..,13,-6.601,4,0,0.000040
2014,.((((..(((.((.(((.......)))...)).))).))))......(((.....)))..................,15,-6.598,25,0,0.000040
2015,.......(((.((.((.........))...)).)))........((((((.((.......).....)..)))))).,15,-6.598,4,0,0.000039
2016,.((((..(((.(((((.........)).)).).))).))))...((((((......((.........)))))))).,20,-6.597,17,0,0.000039
2017,.((((..(((.(((((.........)).).)).))).))))...((((((......((.........)))))))).,20,-6.597,14,0,0.000039
2018,.......((.((.(((......(((....))))))..)).))..((((((.....(......)......)))))).,17,-6.597,27,0,0.000039
2019,...((..(((.((.................)).))).)).....((((((.(((..........)))..)))))).,16,-6.596,14,0,0.000039
2020,.(((...(((.((.((.........))...)).)))..)))...((((((...(.(......).)....)))))).,18,-6.596,10,0,0.000039
2021,.(((.(.(((.((.(((.......)))...)).))).))))...((((((.(((..........)))..)))))).,21,-6.596,16,0,0.000039
2022,.((((..(((.((.................)).))).))))...(((((((..........).......)))))).,16,-6.596,14,0,0.000039
2023,.......(((.((.((.........))...)).)))..(....)((((((.(((.....)).....)..)))))).,17,-6.595,8,0,0.000039
2024,.......((.((.(((................)))..)).))..((((((...................)))))).,13,-6.595,21,0,0.000039
2025,.((((..(((.((.(((.......)))...)).))).))))...((((((.((...((...))..))..)))))).,22,-6.595,18,0,0.000039
2026,.......(((.((.((((.....))))...)).))).........(((((......(((.......))))))))..,17,-6.595,12,0,0.000039
2027,...((..(((.((.((.........))...)).))).))......(((((...................)))))..,14,-6.594,6,0,0.000039
2028,.......((.((.(((......(((....))))))..)).))..((((((...(..(.....)..)...)))))).,18,-6.593,29,0,0.000039
2029,.....(...(((.(((......(((....))))))..))).)..((((((...................)))))).,16,-6.593,26,0,0.000039
2030,..............((((....(((....)))...)))).....((((((......(.....)......)))))).,14,-6.593,25,0,0.000039
2031,.........(.((.(((.......)))...)).)..........((((((.((............))..)))))).,14,-6.592,10,0,0.000039
2032,.......(((((..........(((....))).....)))))..((((((.(((..........)))..)))))).,17,-6.592,30,0,0.000039
2033,..(....(((.((.((.........))...)).)))...)....((((((...................)))))).,14,-6.592,2,0,0.000039
2034,...(((.(((((.(((......(((....))))))..)))))..)))...............(.(...).).....,16,-6.591,44,0,0.000039
2035,.......(.(.((.(((.......)))...)).).)........((((((...................)))))).,13,-6.591,4,0,0.000039
2036,.......(((.(((((.........)).)).).)))........((((((.....(......)......)))))).,15,-6.59,7,0,0.000039
2037,.......(((.(((((.........)).).)).)))........((((((.....(......)......)))))).,15,-6.59,4,0,0.000039
2038,...((((.((((.(((......(((....))))))..))))..))))..((....)).......(...).......,17,-6.59,47,0,0.000039
2039,..........((.(((......(((....))))))..)).....((((((..((..........))...)))))).,16,-6.589,27,0,0.000039
2040,..(.....).............(((....)))............((((((......(((.......))))))))).,13,-6.589,25,0,0.000039
2041,.......(((((.(((......(((....))))))..)))))..((((((.(((.....).....))..)))))).,20,-6.588,32,0,0.000039
2042,.......(((((.((((......((....))))))..)))))..((((((.((............))..)))))).,19,-6.587,30,0,0.000039
2043,.......(((.(((((.........)).)).).)))........((((((...(..(.....)..)...)))))).,16,-6.586,9,0,0.000039
2044,.......(((.(((((.........)).).)).)))........((((((...(..(.....)..)...)))))).,16,-6.586,6,0,0.000039
2045,..(((..(((.((.(..............))).))).)))....((((((.((............))..)))))).,17,-6.586,15,0,0.000039
2046,...((((.((((.(((......(((....))))))..))))..))))..((....))...(.(.(...)).)....,19,-6.586,49,0,0.000039
2047,..(((..(((.((.................)).))).)))....((((((.........(........))))))).,15,-6.586,12,0,0.000039
2048,..........((.(((......(((....))))))..)).....((((((..((.....))...(...))))))).,17,-6.586,29,0,0.000039
2049,.......(((.((.((.........))...)).)))........(((..((..................)).))).,12,-6.585,7,0,0.000039
2050,...((..(((.((.((.........))...)).))).)).....((((((..((..(.....).))...)))))).,18,-6.585,10,0,0.000039
2051,..(((..(((.((.((((.....))))...)).))).)))....((((((.......(...).......)))))).,19,-6.584,12,0,0.000039
2052,...(((((((((.(((......(((....))))))..))))).))))............(.((.(...).))..).,19,-6.584,48,0,0.000039
2053,..((..((((.((.(((.......)))...)).))).)))....((((((...................)))))).,17,-6.583,8,0,0.000039
2054,...(((((((((.(((......(((....))))))..))))).))))..((....))...(.....).........,18,-6.582,48,0,0.000038
2055,...(((.(((((.(((......(((....))))))..)))))..))).((.....)).....(.(...).).....,18,-6.58,46,0,0.000038
2056,.(((...(((.((.((.........))...)).)))..)))...(((((((.((.....))).......)))))).,19,-6.58,12,0,0.000038
2057,.....(.(((.((.(((.......)))...)).))).)......((((((.((............))..)))))).,17,-6.58,8,0,0.000038
2058,..(((..(((.((.((((.....))))...)).))).)))......((((...................))))...,16,-6.58,14,0,0.000038
2059,..............(((.....(((....)))....))).....((((((..((.....))........)))))).,14,-6.58,26,0,0.000038
2060,..((...(((.((((((.......))).)).).)))..))....((((((...................)))))).,17,-6.579,11,0,0.000038
2061,..((...(((.((((((.......))).).)).)))..))....((((((...................)))))).,17,-6.579,8,0,0.000038
2062,...((..(((.((.(((.......)))...)).))).)).....((((((......((...))......)))))).,18,-6.579,10,0,0.000038
2063,.((((..(((.((.((.........))...)).))).))))......(((.....)))....(.(...).).....,16,-6.579,26,0,0.000038
2064,.......(((.((.((.........))...)).)))..(.....)...((.....))...................,10,-6.577,15,0,0.000038
2065,.......(((.(...................).)))........((((((.(((..........)))..)))))).,13,-6.577,12,0,0.000038
2066,.......(((.(.(((((.....)))).)..).)))........((((((...................)))))).,15,-6.577,8,0,0.000038
2067,..((...(((.((.(((.......)))...)).)))..))....((((((.((...(.....)..))..)))))).,19,-6.576,12,0,0.000038
2068,.......(((.((.(..............))).)))........((((((..((.....))........)))))).,14,-6.575,9,0,0.000038
2069,..(((..(((.((.((.........))...)).))).)))......((((......(((.......)))))))...,17,-6.575,16,0,0.000038
2070,.......(((((.(((......((......)))))..)))))..((((((.((............))..)))))).,18,-6.575,28,0,0.000038
2071,.......(((.((.(((.......)))...)).)))........((((((.....))..............)))).,14,-6.575,8,0,0.000038
2072,.((((..(((.((.(((.......)))...)).))).))))...((((((.(.(..(.....)..))..)))))).,21,-6.575,16,0,0.000038
2073,..(((..(((.((.(((.......)))...)).))).))).....(((((......(((.......))))))))..,19,-6.574,16,0,0.000038
2074,.......(((.((.(((.......)))...)).)))..(....)((((((.....(......)......)))))).,16,-6.574,6,0,0.000038
2075,..(((..(((.((.((.........))...)).))).)))....((((((..(...........)....)))))).,17,-6.573,8,0,0.000038
2076,.((((..(((.((.(...........)...)).))).))))...((((((..............(...))))))).,17,-6.573,12,0,0.000038
2077,...(((((((((.(((......(((....))))))..))))).)))).((.....))..(.((.(...).))..).,21,-6.573,50,0,0.000038
2078,..((.(.(((.((.((.........))...)).))).)))....((((((.....(......)......)))))).,17,-6.572,8,0,0.000038
2079,.......(((.(.(((.........)).)..).)))........((((((......(((.......))))))))).,16,-6.572,10,0,0.000038
2080,..(((..(((.((.((.........))...)).))).)))....((((((.........(.(....).))))))).,18,-6.572,10,0,0.000038
2081,.........(.((.(((.......)))...)).)..........(((((.....................))))).,11,-6.572,8,0,0.000038
2082,.......(((.((................).).)))........((((((...................)))))).,11,-6.571,7,0,0.000038
2083,.......(((.((.(((.......)))...)).)))..(....)((((((...(..(.....)..)...)))))).,17,-6.57,8,0,0.000038
2084,.......(((.((.(((.......)))...)).)))........(.((((...................)))).).,13,-6.57,4,0,0.000038
2085,...(((((((((.(((......(((....))))))..))))).))))..((....)).....(.......).....,18,-6.57,47,0,0.000038
2086,.((((..(((.((.((.........))...)).))).))))....(((((......((.........)))))))..,18,-6.57,14,0,0.000038
2087,..((.(.(((.((.((.........))...)).))).)))....((((((...(..(.....)..)...)))))).,18,-6.569,10,0,0.000038
2088,...........(((.......)))........((...)).....((((((...................)))))).,11,-6.568,21,0,0.000038
2089,.......(((.((.((.(.....).))...)).)))........(((((((....).............)))))).,15,-6.568,4,0,0.000038
2090,.......(((.((.((.(.....).))...)).)))........(((((((....)).............))))).,15,-6.568,7,0,0.000038
2091,..((...(((.((.(((.......)))...)).)))..))....((((((.((..(......)..))..)))))).,19,-6.568,12,0,0.000038
2092,..(((..(((.((.((.........))...)).))).)))....((((((..(..(......)....).)))))).,18,-6.567,10,0,0.000037
2093,.......(((.((.(((.......)))...)).)))........((((((.(.(.......)....)..)))))).,16,-6.566,6,0,0.000037
2094,.......(((((.((((......((....))))))..)))))..(((((.....................))))).,16,-6.566,28,0,0.000037
2095,.......(((.((.((.(.....).))...)).)))........((((((...(.(......)..)...)))))).,16,-6.566,6,0,0.000037
2096,.......(((.((.((.........))...)).)))........((((((.((.....).......)..)))))).,15,-6.566,4,0,0.000037
2097,..(((..(((.((.(..............))).))).)))....(((((.....................))))).,14,-6.566,13,0,0.000037
2098,.......(((.((.((.........))...)).)))........((((((.(((...(.....))))..)))))).,17,-6.565,8,0,0.000037
2099,...((((..(((.(((......(((....))))))..)))...))))..((....)).....(.(...).).....,17,-6.565,47,0,0.000037
2100,...((..(((.((.((.........))...)).))).)).....(((((((..........).......)))))).,16,-6.564,6,0,0.000037
2101,.......(((.((.((.........))...)).)))..(....)(((((((.....)............)))))).,15,-6.564,4,0,0.000037
2102,..(((..(((.((.((((.....))))...)).))).)))....(((((((..(.....).).......)))))).,20,-6.563,14,0,0.000037
2103,.......(((.((.((.........))...)).))).........(((((.....(......)......)))))..,13,-6.563,4,0,0.000037
2104,.......(((.((.((.........))...)).)))........((((((.......(.........).)))))).,14,-6.562,2,0,0.000037
2105,.......(((.((.((.........))...)).)))........((((((..((..((...))..).).)))))).,17,-6.562,8,0,0.000037
2106,.......(((.((.((.........))...)).)))........((((((..(...((...))..)...)))))).,16,-6.562,6,0,0.000037
2107,.......(((.((.(((.......)))...)).)))........((((((.....)))..............))).,14,-6.561,11,0,0.000037
2108,.((((..(((.((.(((.......)))...)).))).))))...((((((..((..((...)).))...)))))).,22,-6.561,18,0,0.000037
2109,.......(((.((.((.........))...)).)))..(....)((((((...(..........)....)))))).,15,-6.561,4,0,0.000037
2110,.......(((.((.(((.......)))..).).)))........((((((......(((.......))))))))).,17,-6.561,11,0,0.000037
2111,.((((...((.((.(((.......)))...)).))..))))...((((((...................)))))).,17,-6.56,12,0,0.000037
2112,...((((..(((.(((......(((....))))))..)))...))))(((.....)))..................,16,-6.56,44,0,0.000037
2113,...((..(((.((.................)).))).)).....((((((..............(...))))))).,14,-6.559,10,0,0.000037
2114,.............(((......(((....)))))).........((((((...................)))))).,12,-6.559,20,0,0.000037
2115,.......(((.((.((.........))...)).)))........(((((((....)).......(...).))))).,15,-6.559,7,0,0.000037
2116,.(((.(.(((.((.(((.......)))...)).))).))))...((((((..............(...))))))).,19,-6.559,12,0,0.000037
2117,.....(.(((.((.(((.......)))...)).))).)......(((((.....................))))).,14,-6.559,6,0,0.000037
2118,.......(((.((.((.........))...)).))).........(((((...(..(.....)..)...)))))..,14,-6.559,6,0,0.000037
2119,..(((..(((.((.................)).))).)))....((((((.......(.....).....)))))).,15,-6.559,12,0,0.000037
2120,..(((..(((.((.................)).))).)))....((((((...........(......))))))).,15,-6.558,12,0,0.000037
2121,.......(((.((.((((.....))))...)).)))........((((((...(.....).........)))))).,16,-6.557,6,0,0.000037
2122,.........(.((.(((.......)))...)).)..........((((((......(.....)......)))))).,13,-6.557,8,0,0.000037
2123,..((...(((.((.((.........))...)).)))..))....((((((.......(...).......)))))).,16,-6.557,6,0,0.000037
2124,.......(((.((.((.........))...)).)))...........(((.....)))....((.......))...,12,-6.557,17,0,0.000037
2125,...(((((((((.(((......(((....))))))..))))).))))..((....)).(.(.(......).).)..,20,-6.556,49,0,0.000037
2126,..(((..(((.(.((((.......))).)..).))).)))....((((((...................)))))).,17,-6.556,12,0,0.000037
2127,..............((((....(((....)))...)))).....((((((.(((..........)))..)))))).,16,-6.555,29,0,0.000037
2128,.......(((((..........(((....))).....)))))..((((((..............(...))))))).,15,-6.555,26,0,0.000037
2129,.......(((((.(((......((......)))))..)))))..(((((.....................))))).,15,-6.555,26,0,0.000037
2130,.......(((.((.((((.....))))...)).)))........((((((..((...........).).)))))).,17,-6.554,8,0,0.000037
2131,.....(....)...((((....(((....)))...)))).....((((((...................)))))).,14,-6.553,25,0,0.000037
2132,.......(((.((.((.(...)...))...)).)))........((((((.((............))..)))))).,16,-6.553,6,0,0.000037
2133,.......(((.((.(((.......)))...)).)))..(....).(((((...................)))))..,14,-6.553,6,0,0.000037
2134,..((...(((.((.((.........))...)).)))..))......((((...................))))...,13,-6.553,8,0,0.000037
2135,..(((..(((.((..(........).....)).))).)))....((((((...................)))))).,15,-6.553,11,0,0.000037
2136,.(((.(.(((.((.((.........))...)).))).))))...((((((...(...........)...)))))).,18,-6.553,10,0,0.000037
2137,.......(((((.((((......((....))))))..)))))..((((((......(.....)......)))))).,18,-6.552,28,0,0.000037
2138,..((...(((.((.(((.......)))...)).)))..)).....(((((...................)))))..,15,-6.551,8,0,0.000037
2139,..(((..(((.((.(..............))).))).)))....((((((......(.....)......)))))).,16,-6.551,13,0,0.000037
2140,.......(((.((((.......))......)).)))........((((((......(((.......))))))))).,16,-6.55,13,0,0.000036
2141,.......(((.(((....)...........)).)))........((((((...................)))))).,12,-6.55,6,0,0.000036
2142,.(((...(((.((.((((.....))))...)).)))..)))...((((((..((.....))........)))))).,20,-6.548,14,0,0.000036
2143,.((((..(((.((.((.........))...)).))).))))...((((((..((.....).......).)))))).,19,-6.546,12,0,0.000036
2144,.(((.(.(((.((.((((.....))))...)).))).))))...((((((......(((.......))))))))).,22,-6.546,18,0,0.000036
2145,..(((..(((.((.................)).))).)))....((((((...(..((...))..)...)))))).,17,-6.545,16,0,0.000036
2146,.....(.(((.((.(((.......)))...)).))).)......((((((......(.....)......)))))).,16,-6.545,6,0,0.000036
2147,..........((..........(((....)))))..........((((((...................)))))).,11,-6.544,20,0,0.000036
2148,.((((..(((.((((((.......))).)).).))).))))...((((((......(((.......))))))))).,22,-6.543,21,0,0.000036
2149,.((((..(((.((((((.......))).).)).))).))))...((((((......(((.......))))))))).,22,-6.543,18,0,0.000036
2150,..(((..(((.((.((.........))...)).))).)))....((((((......(.....).(...))))))).,18,-6.542,10,0,0.000036
2151,..((...(((.((.(((.......)))...)).)))..))....((((((..((..(.....).))...)))))).,19,-6.542,12,0,0.000036
2152,.....(.(((((.(((......(((....))))))..))))).)((((((...................)))))).,18,-6.542,28,0,0.000036
2153,.......(((.(((......).........)).)))........((((((...................)))))).,12,-6.542,6,0,0.000036
2154,.......(((.(..(((.......)))....).)))........((((((...................)))))).,13,-6.542,4,0,0.000036
2155,.......(((.((((((.......))).)).).)))........((((((.(((..(.....).)))..)))))).,19,-6.542,15,0,0.000036
2156,.......(((.((((((.......))).).)).)))........((((((.(((..(.....).)))..)))))).,19,-6.542,12,0,0.000036
2157,.......(((.((((((.......))).)).).)))........((((((.(..............)..)))))).,16,-6.541,9,0,0.000036
2158,.......(((.((((((.......))).).)).)))........((((((.(..............)..)))))).,16,-6.541,6,0,0.000036
2159,...........(..(((.....(((....)))....)))..)..((((((......((.........)))))))).,15,-6.541,27,0,0.000036
2160,.......(((.(((.((.......))..)).).)))........((((((...................)))))).,14,-6.541,9,0,0.000036
2161,.......(((.(((.((.......))..).)).)))........((((((...................)))))).,14,-6.541,6,0,0.000036
2162,.......(((((.(((......((......)))))..)))))..((((((......(.....)......)))))).,17,-6.54,26,0,0.000036
2163,.......(((.(...................).)))........((((((..............(...))))))).,11,-6.54,8,0,0.000036
2164,..(((..(((.(((.....)..........)).))).)))....((((((...................)))))).,15,-6.54,12,0,0.000036
2165,..(((..(((.((.((.........))...)).))).)))....((((((...(...(.....).)...)))))).,18,-6.54,10,0,0.000036
2166,...(((((((((.(((......(((....))))))..))))).))))...........(.(.(......).).)..,18,-6.539,46,0,0.000036
2167,.......(((.((.((.(.....).))...)).)))........((((((...(..(.....).)....)))))).,16,-6.538,6,0,0.000036
2168,......................(((....)))............((((((...(...........)...)))))).,10,-6.538,20,0,0.000036
2169,.......(((.((.((.........))...)).))).............((....))...................,9,-6.538,15,0,0.000036
2170,..(((..(((.((.(...........)...)).))).)))....((((((.(((..(.....).)))..)))))).,19,-6.538,16,0,0.000036
2171,..(((..(((.((.(...........)...)).))).)))....((((((.(..............)..)))))).,16,-6.537,10,0,0.000036
2172,..(((..(((.((.(((.......)))...)).))).)))....((((((...(.....).........)))))).,18,-6.537,10,0,0.000036
2173,..((...(((.((.((.........))...)).)))..))....(((((((..(.....).).......)))))).,17,-6.536,8,0,0.000036
2174,...(...(((.((.(((.......)))...)).)))..).....((((((.((............))..)))))).,17,-6.536,8,0,0.000036
2175,.......(((.((..........(.....))).)))........((((((......((.........)))))))).,14,-6.535,10,0,0.000036
2176,.......(((.((.(((.......)))...)).)))..........((((......((.........))))))...,14,-6.534,10,0,0.000035
2177,..(((..(((.((.(((.......)))...)).))).)))....((((((..((...........).).)))))).,19,-6.534,12,0,0.000035
2178,......((((.((.(((.......)))...)).))).)......((((((.((............))..)))))).,17,-6.533,8,0,0.000035
2179,.((....(((.((.((.........))...)).)))...))...((((((...................)))))).,15,-6.533,4,0,0.000035
2180,...(((((((.((.(((.......)))...)).))).......))))..((....))..((.(.(...).)..)).,18,-6.533,27,0,0.000035
2181,.......(((.((.((.(...)...))...)).)))........(((((.....................))))).,13,-6.533,4,0,0.000035
2182,...(((((((.((.((.........))...)).))).......))))..((....)).....((.......))...,15,-6.53,22,0,0.000035
2183,.......(((.((...........(....))).)))........((((((......(((.......))))))))).,15,-6.529,12,0,0.000035
2184,..((...(((.((.((((.....))))...)).)))..))....((((((.(((.(......).)))..)))))).,21,-6.529,16,0,0.000035
2185,...(((((((((.(((......(((....))))))..))))).)))).........((...)).............,17,-6.529,47,0,0.000035
2186,.((((..(((.((.(..............))).))).))))...((((((.((............))..)))))).,18,-6.528,17,0,0.000035
2187,.((((..(((.((.................)).))).))))...((((((.........(........))))))).,16,-6.527,14,0,0.000035
2188,.......(((((.(((......(((....))))))..)))))..((((((......((...(....))))))))).,20,-6.526,32,0,0.000035
2189,.((((..(((.((.((((.....))))...)).))).))))...((((((.......(...).......)))))).,20,-6.526,14,0,0.000035
2190,.(((..((((.((.(((.......)))...)).))).))))...((((((...................)))))).,18,-6.524,10,0,0.000035
2191,..((.(.(((.((.(((.......)))...)).))).)))....((((((.(((..(.....).)))..)))))).,21,-6.524,16,0,0.000035
2192,..((.(.(((.((.(((.......)))...)).))).)))....((((((.(..............)..)))))).,18,-6.524,10,0,0.000035
2193,.......(((.((.((.........))...)).)))..(....)((((((......((...))......)))))).,16,-6.523,6,0,0.000035
2194,.......(((.((.(((.......)))...)).)))........((((((..((..(.....).)..).)))))).,17,-6.523,8,0,0.000035
2195,..((...(((.((.(((.......)))...)).)))..))....(((((((..........).......)))))).,17,-6.522,8,0,0.000035
2196,.((((..(((.((.((((.....))))...)).))).)))).....((((...................))))...,17,-6.521,16,0,0.000035
2197,..(((..(((.((.((.........))...)).))).)))....((((((.(.(.(......)..))..)))))).,19,-6.521,12,0,0.000035
2198,...(((((((((.(((......(((....))))))..))))).))))..((..(.......)..))..........,18,-6.521,48,0,0.000035
2199,.(((...(((.((((((.......))).)).).)))..)))...((((((...................)))))).,18,-6.52,13,0,0.000035
2200,.(((...(((.((((((.......))).).)).)))..)))...((((((...................)))))).,18,-6.52,10,0,0.000035
2201,.........(.((.(((.......)))...)).)..........((((((.(((..........)))..)))))).,15,-6.519,12,0,0.000035
2202,..(((..(((.((.((.........))...)).))).)))....((((((......((..(.....))))))))).,19,-6.519,12,0,0.000035
2203,.......(((.((.((.........))...)).)))........((((((.(.(.....)......)..)))))).,15,-6.519,4,0,0.000035
2204,...((((.((((.(((......(((....))))))..))))..))))..((....))...(.(......).)....,18,-6.519,47,0,0.000035
2205,.......(((.((....((........)).)).)))........((((((......(((.......))))))))).,16,-6.519,14,0,0.000035
2206,.......(((.((.((.(...)...))...)).)))........((((((......(.....)......)))))).,15,-6.518,4,0,0.000035
2207,.......(((.((.((.(.....).))...)).)))........((((((.....(............))))))).,15,-6.518,4,0,0.000035
2208,..............((((....(((....)))...)))).....((((((..............(...))))))).,14,-6.518,25,0,0.000035
2209,.......(((((.(((................)))..)))))..((((((...(...........)...)))))).,15,-6.518,24,0,0.000035
2210,...(((((((((.(((......(((....))))))..))))).))))..((....))....(............).,18,-6.518,47,0,0.000035
2211,.(((...(((.((.(((.......)))...)).)))..)))...((((((.((...(.....)..))..)))))).,20,-6.518,14,0,0.000035
2212,..((...)).............(((....)))............((((((......(((.......))))))))).,14,-6.518,26,0,0.000035
2213,........((.((.(((.......)))...)).)).........((((((.((............))..)))))).,15,-6.518,8,0,0.000034
2214,.((((..(((.((.((.........))...)).))).)))).....((((......(((.......)))))))...,18,-6.517,18,0,0.000034
2215,.....(..((.((.((.........))...)).)))........((((((...................)))))).,13,-6.516,3,0,0.000034
2216,...(...(((.((.(((.......)))...)).)))..).....(((((.....................))))).,14,-6.516,6,0,0.000034
2217,..(((..(((.((.((((.....))))...)).))).)))....((((((.(.(..........).)..)))))).,20,-6.516,14,0,0.000034
2218,.......(((.((.((.........))...)).)))..........((((.(((..(.....).)))..))))...,15,-6.515,12,0,0.000034
2219,.((((..(((.((.(((.......)))...)).))).))))....(((((......(((.......))))))))..,20,-6.515,18,0,0.000034
2220,.......(((.((.((.........))...)).)))..........((((.(..............)..))))...,12,-6.515,6,0,0.000034
2221,.((((..(((.((.((.........))...)).))).))))...((((((..(...........)....)))))).,18,-6.515,10,0,0.000034
2222,...((..(((.((.(((.......)))...)).))).)).....(((((((....).............)))))).,17,-6.515,8,0,0.000034
2223,...((..(((.((.(((.......)))...)).))).)).....(((((((....)).............))))).,17,-6.515,11,0,0.000034
2224,..(((..(((.((.((.........))...)).))).)))...(.(((((...................)))))).,16,-6.514,9,0,0.000034
2225,.......(((((.((((......((....))))))..)))))..((((((.(((..........)))..)))))).,20,-6.514,32,0,0.000034
2226,.......(((.((.(((.......)))...)).))).........(((((.(((..(.....).)))..)))))..,17,-6.514,12,0,0.000034
2227,.......(((.((.(((.......)))...)).))).........(((((.(..............)..)))))..,14,-6.514,6,0,0.000034
2228,.(((.(.(((.((.((.........))...)).))).))))...((((((.....(......)......)))))).,18,-6.514,10,0,0.000034
2229,.......(((.((.((((.....))))...)).)))........(((((((.(.....)..).......)))))).,17,-6.514,8,0,0.000034
2230,..(((..(((.((.(..............))).))).)))....((((((.(((..........)))..)))))).,18,-6.514,17,0,0.000034
2231,.((((..(((.((.((.........))...)).))).))))...((((((.........(.(....).))))))).,19,-6.513,12,0,0.000034
2232,...((..(((.((.(((.......)))...)).))).)).....((((((...(.(......)..)...)))))).,18,-6.513,10,0,0.000034
2233,......((((.((.(((.......)))...)).))).)......(((((.....................))))).,14,-6.513,6,0,0.000034
2234,.......(((.((.((.........))...)).)))........(((((......(......).......))))).,13,-6.512,4,0,0.000034
2235,.......(((.((.(...........)...)).)))........((((((.(((.....)).....)..)))))).,15,-6.512,8,0,0.000034
2236,.......(((.((.((((.....))))...)).)))........((((((..((..(.....)..).).)))))).,18,-6.512,10,0,0.000034
2237,.......(((.((.((((.....))))...)).)))........((((((..(...(.....)..)...)))))).,17,-6.512,8,0,0.000034
2238,.......(((.((.((.........))...)).)))........((((((...(.......)..(...))))))).,15,-6.511,4,0,0.000034
2239,..((...(((.((.................)).)))..))....((((((...(...........)...)))))).,14,-6.511,10,0,0.000034
2240,.......(((.((((((.......))).)).).)))........((((((..(..............).)))))).,16,-6.51,9,0,0.000034
2241,.......(((.((((((.......))).).)).)))........((((((..(..............).)))))).,16,-6.51,6,0,0.000034
2242,.(((.(.(((.((.((.........))...)).))).))))...((((((...(..(.....)..)...)))))).,19,-6.51,12,0,0.000034
2243,..(((..(((.((.((.........))...)).))).)))....(((((...((.....)).........))))).,17,-6.509,12,0,0.000034
2244,.(((...(((.((.(((.......)))...)).)))..)))...((((((.((..(......)..))..)))))).,20,-6.509,14,0,0.000034
2245,.((((..(((.((.((.........))...)).))).))))...((((((..(..(......)....).)))))).,19,-6.508,12,0,0.000034
2246,.......(((.((.((((.....))))...)).)))..(....)((((((.((............))..)))))).,18,-6.508,10,0,0.000034
2247,.......(((.((.(((.......)))...)).)))........((((((.......((.......)).)))))).,16,-6.508,6,0,0.000034
2248,.....(.(((.((.(((.......)))...)).))).)......((((((.(((..........)))..)))))).,18,-6.507,10,0,0.000034
2249,.((((..(((.((.(..............))).))).))))...(((((.....................))))).,15,-6.507,15,0,0.000034
2250,..(((..(((.((.(...........)...)).))).)))....((((((..(..............).)))))).,16,-6.506,10,0,0.000034
2251,.......(((.((.................)).)))........((((((.......(......)....)))))).,12,-6.506,6,0,0.000034
2252,...(((((((.((.((.........))...)).))).......))))..((.((.....))...))..........,15,-6.506,24,0,0.000034
2253,.......(((.((.(((.......)))...)).)))........((((((.(((...(...)..)))..)))))).,18,-6.506,10,0,0.000034
2254,..(((..(((.(...................).))).)))....((((((......(((.......))))))))).,16,-6.506,18,0,0.000034
2255,.......(((((...((.....(((....)))..)).)))))..((((((...................)))))).,16,-6.505,25,0,0.000034
2256,.((((..(((.((.((((.....))))...)).))).))))...(((((((..(.....).).......)))))).,21,-6.505,16,0,0.000034
2257,.......(((.((.((.(.....).))...)).)))........((((((..(............)...)))))).,15,-6.504,4,0,0.000034
2258,.......(((.((.((((.....))))...)).)))........((((((....(...........)..)))))).,16,-6.504,6,0,0.000034
2259,...(((((((((.(((......(((....))))))..))))).)))).....((.....))........(....).,18,-6.504,47,0,0.000034
2260,..(((..(((.(((((.........)).)).).))).)))....((((((.((............))..)))))).,19,-6.504,15,0,0.000034
2261,..(((..(((.(((((.........)).).)).))).)))....((((((.((............))..)))))).,19,-6.504,12,0,0.000034
2262,...(((((((.((.((.........))...)).))).......))))..((....))..((............)).,15,-6.503,22,0,0.000034
2263,..(((..(((.((.((........).)...)).))).)))....((((((...................)))))).,16,-6.503,9,0,0.000034
2264,..............(((.....(((....)))....))).....((((((.(((.(......).)))..)))))).,16,-6.503,30,0,0.000034
2265,.......(((.((.((((.....))))...)).)))........((((((..(..(......)..)...)))))).,17,-6.503,8,0,0.000034
2266,.......(((((.(((......((......)))))..)))))..((((((.(((..........)))..)))))).,19,-6.503,30,0,0.000034
2267,...(...(((.((.(((.......)))...)).)))..).....((((((......(.....)......)))))).,16,-6.502,6,0,0.000034
2268,.......(((.((.((((.....))))...)).)))........((((((.(.(.(......).).)..)))))).,18,-6.501,10,0,0.000034
2269,.((((..(((.((.................)).))).))))...((((((.......(.....).....)))))).,16,-6.5,14,0,0.000034
2270,.......((.((.(((......(((....))))))..)).))..((((((..((.....))........)))))).,18,-6.5,29,0,0.000033
2271,.......(((.((.((.(.....).))...)).)))........((((((......(...........))))))).,15,-6.5,4,0,0.000033
2272,.((((..(((.((.................)).))).))))...((((((...........(......))))))).,16,-6.5,14,0,0.000033
2273,......................(((....)))............((((((.....(......)......)))))).,10,-6.5,20,0,0.000033
2274,.......(((.((.(((.......)))...)).))).......((....)).........................,10,-6.499,16,0,0.000033
2275,.(((...(((.((.((.........))...)).)))..)))...((((((.......(...).......)))))).,17,-6.499,8,0,0.000033
2276,.......(((.((.(..............))).)))........((((((.(((.(......).)))..)))))).,16,-6.499,13,0,0.000033
2277,......((((.((.(((.......)))...)).))).)......((((((......(.....)......)))))).,16,-6.498,6,0,0.000033
2278,........((((.(((......(((....))))))..))))...((((((......(((.......))))))))).,19,-6.498,31,0,0.000033
2279,.......(((.((.((((.....))))...)).)))........((((.((..................)))))).,15,-6.498,9,0,0.000033
2280,.......(((.((.((((.....))))...)).)))........(((((.(..................)))))).,15,-6.498,7,0,0.000033
2281,.((((..(((.(.((((.......))).)..).))).))))...((((((...................)))))).,18,-6.497,14,0,0.000033
2282,........((.((.(((.......)))...)).)).........(((((.....................))))).,12,-6.497,6,0,0.000033
2283,...(((((((((.(((......(((....))))))..))))).))))...(((.................)))...,18,-6.497,46,0,0.000033
2284,.......(((.((.((.........))...)).)))........((((((..(.....)..........)))))).,14,-6.496,2,0,0.000033
2285,...(((((((((.(((......(((....))))))..))))).))))(((.....)))....(.(...))......,20,-6.496,49,0,0.000033
2286,......................(((....)))............((((((...(..(.....)..)...)))))).,11,-6.496,22,0,0.000033
2287,.......(((.((.((((...)..)))...)).)))........((((((......(((.......))))))))).,18,-6.496,10,0,0.000033
2288,......((((((.(((......(((....))))))..))))).)((((((...................)))))).,18,-6.496,28,0,0.000033
2289,...((..(((.((.((.........))...)).))).)).....((((((.........(........))))))).,16,-6.495,6,0,0.000033
2290,.......(((.((.(..(......).)...)).)))........((((((...................)))))).,13,-6.494,4,0,0.000033
2291,.(((...(((.((.((.........))...)).)))..))).....((((...................))))...,14,-6.494,10,0,0.000033
2292,.((((..(((.((..(........).....)).))).))))...((((((...................)))))).,16,-6.494,13,0,0.000033
2293,..(((..(((.((.(((.......)))...)).))).)))....(((((((.(.....)..).......)))))).,19,-6.493,12,0,0.000033
2294,.......(((.(((((.........)).)).).)))........((((((..((.....))........)))))).,16,-6.493,9,0,0.000033
2295,.......(((.(((((.........)).).)).)))........((((((..((.....))........)))))).,16,-6.493,6,0,0.000033
2296,.(((...(((.((.(((.......)))...)).)))..)))....(((((...................)))))..,16,-6.493,10,0,0.000033
2297,.((((..(((.((.(..............))).))).))))...((((((......(.....)......)))))).,17,-6.493,15,0,0.000033
2298,..((.(.(((.((.(((.......)))...)).))).)))....((((((..(..............).)))))).,18,-6.493,10,0,0.000033
2299,..........((.(((......(((....))))))..)).....((((((.((...(.....)..))..)))))).,17,-6.492,29,0,0.000033
2300,...(((((((((.(((......(((....))))))..))))).)))).....((.....)).((.......))...,19,-6.492,49,0,0.000033
2301,..(((..(((.((.(((.......)))...)).))).)))....((((((..((..(.....)..).).)))))).,20,-6.491,14,0,0.000033
2302,..(((..(((.((.(((.......)))...)).))).)))....((((((..(...(.....)..)...)))))).,19,-6.491,12,0,0.000033
2303,.......(((.((.((.(.....).))...)).)))........(((((((.((.....))...)....)))))).,17,-6.49,8,0,0.000033
2304,.......(((.((.((.(.....).))...)).)))........(((((((.((.....))...))....))))).,17,-6.49,11,0,0.000033
2305,...(((((((.((.(((.......)))...)).))).......))))(((.....)))....(.(...).).....,17,-6.489,25,0,0.000033
2306,..((...(((.((.((.........))...)).)))..))....((((((.(.(..........).)..)))))).,17,-6.489,8,0,0.000033
2307,...(((((((.((.((.........))...)).))).......))))..((.............))..........,13,-6.488,20,0,0.000033
2308,.......(((.((.((((.....))))...)).)))..(....)(((((.....................))))).,15,-6.487,8,0,0.000033
2309,.......(((.((.(((.......)))...)).)))...........(((.....)))......(...).......,12,-6.487,19,0,0.000033
2310,.((((..(((.((.................)).))).))))...((((((...(..((...))..)...)))))).,18,-6.487,18,0,0.000033
2311,....((.(((.((.((.........))...)).))).....)).((((((...................)))))).,15,-6.486,4,0,0.000033
2312,...((..(((.((.(((.......)))...)).))).)).....((((((...(..(.....).)....)))))).,18,-6.485,10,0,0.000033
2313,.......(((.((.((.........))...)).)))........((((((.(.....)...........)))))).,14,-6.485,2,0,0.000033
2314,.......(((.((.((((.....))))...)).)))........((((((.(((.....).....))..)))))).,18,-6.484,10,0,0.000033
2315,.......(((.((.((.........))...)).)))..........((((..(..............).))))...,12,-6.484,6,0,0.000033
2316,.((((..(((.((.((.........))...)).))).))))...((((((......(.....).(...))))))).,19,-6.484,12,0,0.000033
2317,.(((...(((.((.(((.......)))...)).)))..)))...((((((..((..(.....).))...)))))).,20,-6.484,14,0,0.000033
2318,.......(((.((.(((.......)))...)).)))...........(((.....)))..(.(.(...)).)....,14,-6.484,21,0,0.000033
2319,..(.....).....(((.....(((....)))....))).....((((((......((.........)))))))).,15,-6.483,27,0,0.000033
2320,..........((.(((......(((....))))))..)).....((((((.((..(......)..))..)))))).,17,-6.483,29,0,0.000033
2321,..(((..(((.((.(((.......)))...)).))).)))....((((((....(...........)..)))))).,18,-6.483,10,0,0.000033
2322,..((...(((.(...................).)))..))....((((((...................)))))).,12,-6.483,10,0,0.000033
2323,..(((..(((.(((((.........)).)).).))).)))....(((((.....................))))).,16,-6.483,13,0,0.000033
2324,..(((..(((.(((((.........)).).)).))).)))....(((((.....................))))).,16,-6.483,10,0,0.000033
2325,.......(((.((.(((.......)))...)).))).........(((((..(..............).)))))..,14,-6.483,6,0,0.000033
2326,........((.((.(((.......)))...)).)).........((((((......(.....)......)))))).,14,-6.483,6,0,0.000033
2327,.........(.((.(((.......)))...)).)..........((((((..............(...))))))).,13,-6.483,8,0,0.000033
2328,..(((..(((.(((.........)......)).))).)))....((((((...................)))))).,15,-6.482,12,0,0.000033
2329,..(((..(((.((.(((.......)))...)).))).)))....((((((..(..(......)..)...)))))).,19,-6.482,12,0,0.000032
2330,.((((..(((.(((.....)..........)).))).))))...((((((...................)))))).,16,-6.481,14,0,0.000032
2331,.((((..(((.((.((.........))...)).))).))))...((((((...(...(.....).)...)))))).,19,-6.481,12,0,0.000032
2332,.......(((.((.((.(...)...))...)).)))........((((((.(((..........)))..)))))).,17,-6.481,8,0,0.000032
2333,.......(.(((.(((......(((....))))))..))).)..((((((...(...........)...)))))).,17,-6.481,27,0,0.000032
2334,.......(((.((.(...........)...)).)))........(((((((.....)............)))))).,13,-6.48,4,0,0.000032
2335,..(((..(((.((.(((.......)))...)).))).)))....((((((.(.(.(......).).)..)))))).,20,-6.48,14,0,0.000032
2336,.......(((.((.((.........))...)).)))........((((((....(.(.....)...)..)))))).,15,-6.48,4,0,0.000032
2337,...((.....))..(((.....(((....)))....))).....((((((......(((.......))))))))).,17,-6.48,31,0,0.000032
2338,.......(((.((.((.(.....).))...)).)))........(((((((..............)...)))))).,15,-6.48,4,0,0.000032
2339,.......(((.((.((.........))...)).))).......((....))...........(.(...).).....,11,-6.479,17,0,0.000032
2340,..(((..(((.((.((.(.....).))...)).))).)))....((((((...(...........)...)))))).,18,-6.479,10,0,0.000032
2341,.......(((((.(((................)))..)))))..((((((.....(......)......)))))).,15,-6.479,24,0,0.000032
2342,.((((..(((.((.(...........)...)).))).))))...((((((.(((..(.....).)))..)))))).,20,-6.479,18,0,0.000032
2343,.((((..(((.((.(...........)...)).))).))))...((((((.(..............)..)))))).,17,-6.479,12,0,0.000032
2344,.......(((.((.(((.......)))...)).)))........((((((..(.......)........)))))).,15,-6.479,4,0,0.000032
2345,.((((..(((.((.(((.......)))...)).))).))))...((((((...(.....).........)))))).,19,-6.478,12,0,0.000032
2346,.(((...(((.((.((.........))...)).)))..)))...(((((((..(.....).).......)))))).,18,-6.478,10,0,0.000032
2347,.......(((((.((((......((....))))))..)))))..((((((..............(...))))))).,18,-6.477,28,0,0.000032
2348,.......(((.((.(...........)...)).)))........((((((...(..........)....)))))).,13,-6.477,4,0,0.000032
2349,..(((..(((.((.((.........))...)).))).)))....((((((.....(..........)..)))))).,17,-6.477,8,0,0.000032
2350,..(((..(((.((.(((.......)))...)).))).)))....(((((.(..................)))))).,17,-6.477,11,0,0.000032
2351,..(((..(((.((.(((.......)))...)).))).)))....((((.((..................)))))).,17,-6.477,13,0,0.000032
2352,.......(((.((.((.........))...)).)))........((((..(..................).)))).,12,-6.477,5,0,0.000032
2353,..(((..(((.((.(..............))).))).)))....((((((..............(...))))))).,16,-6.477,13,0,0.000032
2354,.......(((.((.(((.......)))...)).)))..(....)((((((..((.....))........)))))).,17,-6.477,8,0,0.000032
2355,..(((..(((.((.((.........))...)).))).))).....(((((.((............))..)))))..,17,-6.476,12,0,0.000032
2356,.........(.((.((.........))...)).)..........((((((...(...........)...)))))).,12,-6.476,6,0,0.000032
2357,...((((((.((.(((......(((....))))))..)).)).))))..((....)).....(.(...).).....,18,-6.476,48,0,0.000032
2358,.......(((((.(((................)))..)))))..((((((...(..(.....)..)...)))))).,16,-6.476,26,0,0.000032
2359,..((.(.(((.((.((.........))...)).))).)))....((((((..((.....))........)))))).,18,-6.475,10,0,0.000032
2360,.((((..(((.((.(((.......)))...)).))).))))...((((((..((...........).).)))))).,20,-6.475,14,0,0.000032
2361,...(((((((((.(((......(((....))))))..))))).))))..................(........).,16,-6.475,44,0,0.000032
2362,.......(((.((.((((.....))))...)).)))..(....)((((((......(.....)......)))))).,17,-6.473,8,0,0.000032
2363,..(((..(((.((.(((....)...))...)).))).)))....((((((......((.........)))))))).,19,-6.473,12,0,0.000032
2364,..((...(((.((.................)).)))..))....((((((.....(......)......)))))).,14,-6.472,10,0,0.000032
2365,.......(((.((.((.(.....).))...)).)))........(((((((.............))....))))).,15,-6.472,7,0,0.000032
2366,.......(((.((.((.(.....).))...)).)))........(((((((.............)....)))))).,15,-6.472,4,0,0.000032
2367,.(((...(((.((.((((.....))))...)).)))..)))...((((((.(((.(......).)))..)))))).,22,-6.471,18,0,0.000032
2368,...((((((.((.(((......(((....))))))..)).)).))))(((.....)))..................,17,-6.471,45,0,0.000032
2369,.....(.(((.((.(((.......)))...)).))).)......((((((..............(...))))))).,16,-6.47,6,0,0.000032
2370,...((((.((((.(((......(((....))))))..))))..)))).....((.....))...............,16,-6.47,46,0,0.000032
2371,.......(((.((.((.........))...)).)))........((((((......).............))))).,13,-6.47,3,0,0.000032
2372,..............((......(((....))).....)).....((((((...................)))))).,11,-6.47,20,0,0.000032
2373,.........(.((.((((.....))))...)).)..........((((((......(((.......))))))))).,16,-6.469,14,0,0.000032
2374,..(((..(((.(((((.........)).)).).))).)))....((((((......(.....)......)))))).,18,-6.469,13,0,0.000032
2375,..(((..(((.(((((.........)).).)).))).)))....((((((......(.....)......)))))).,18,-6.469,10,0,0.000032
2376,...((..(((.((.((.........))...)).))).)).....((((((.......(.....).....)))))).,16,-6.468,6,0,0.000032
2377,..((...(((.((.................)).)))..))....((((((...(..(.....)..)...)))))).,15,-6.468,12,0,0.000032
2378,...((..(((.((.((.........))...)).))).)).....((((((...........(......))))))).,16,-6.468,6,0,0.000032
2379,.......(((.((.(((.......)))...)).)))........((((((..((.....))(......))))))).,17,-6.468,8,0,0.000032
2380,..........((.(((......(((....))))))..))......(((((...................)))))..,13,-6.467,25,0,0.000032
2381,..........(....)......(((....)))............((((((......(((.......))))))))).,13,-6.467,25,0,0.000032
2382,.......(((.((.((.........))...)).)))........(((((.......((.........)).))))).,14,-6.466,6,0,0.000032
2383,.......(((.((.(...........)...)).)))..(....)((((((...................)))))).,13,-6.466,4,0,0.000032
2384,..((....((.((.(((.......)))...)).))...))....((((((...................)))))).,15,-6.466,8,0,0.000032
2385,.......(((((.(((......((......)))))..)))))..((((((..............(...))))))).,17,-6.466,26,0,0.000032
2386,.......(((.((.((.........))...)).))).........(((((..((.....))........)))))..,14,-6.465,6,0,0.000032
2387,...((..(((.((.................)).))).)).....((((((.(((..(.....).)))..)))))).,17,-6.465,16,0,0.000032
2388,...((..(((.((.(((.......)))...)).))).)).....((((((.....(............))))))).,17,-6.465,8,0,0.000032
2389,...((..(((.((.................)).))).)).....((((((.(..............)..)))))).,14,-6.465,10,0,0.000032
2390,.(((.(.(((.((.(((.......)))...)).))).))))...((((((.(((..(.....).)))..)))))).,22,-6.465,18,0,0.000032
2391,.......(((.((.................)).)))........((((((.(.(...........))..)))))).,13,-6.465,8,0,0.000032
2392,.(((.(.(((.((.(((.......)))...)).))).))))...((((((.(..............)..)))))).,19,-6.465,12,0,0.000032
2393,...(((((((((.(((......(((....))))))..))))).)))).((.....))........(........).,18,-6.464,46,0,0.000032
2394,..(((..(((.((.(((.......)))...)).))).)))....((((((.(((.....).....))..)))))).,20,-6.464,14,0,0.000032
2395,...(...(((.((.(((.......)))...)).)))..).....((((((.(((..........)))..)))))).,18,-6.464,10,0,0.000031
2396,.....(.(((.((.((.........))...)).))).)......((((((...(...........)...)))))).,15,-6.464,4,0,0.000031
2397,..(((..(((.((.(((...)....))...)).))).)))....((((((...................)))))).,17,-6.463,8,0,0.000031
2398,.(((...(((.((.(((.......)))...)).)))..)))...(((((((..........).......)))))).,18,-6.463,10,0,0.000031
2399,.......(((.((.((.(.....).))...)).)))........((((((.(((..((...)).)))..)))))).,19,-6.463,12,0,0.000031
2400,.......(((.((.((.........))..).).)))........((((((.((............))..)))))).,15,-6.463,7,0,0.000031
2401,.((((..(((.((.((.........))...)).))).))))...((((((.(.(.(......)..))..)))))).,20,-6.462,14,0,0.000031
2402,.......(((.((.((.........))...)).)))........((((((...(...(...)...)...)))))).,15,-6.462,4,0,0.000031
2403,..(((..(((.((.................)).))).)))....(((((((........).........)))))).,15,-6.462,12,0,0.000031
2404,.......(((((.((((..............))))..)))))..((((((.((............))..)))))).,17,-6.461,27,0,0.000031
2405,.((((..(((.((.((.........))...)).))).))))...((((((......((..(.....))))))))).,20,-6.461,14,0,0.000031
2406,.......(((((..........(((....))).....)))))..((((((.(((..(.....).)))..)))))).,18,-6.461,32,0,0.000031
2407,......((((.((.(((.......)))...)).))).)......((((((.(((..........)))..)))))).,18,-6.461,10,0,0.000031
2408,.......(((((..........(((....))).....)))))..((((((.(..............)..)))))).,15,-6.461,26,0,0.000031
2409,...(((((((.((.(((.......)))...)).))).......))))..((....)).......(...).......,15,-6.46,24,0,0.000031
2410,...(((((((((.(((......(((....))))))..))))).))))(((.....)))......(.........).,19,-6.46,47,0,0.000031
2411,.......(((.((.((.........))...)).)))..(....)(((((((....)).............))))).,15,-6.46,7,0,0.000031
2412,.......(((.((.((.........))...)).)))..(....)(((((((....).............)))))).,15,-6.46,4,0,0.000031
2413,.......(((.((.................)).)))........(((((((..(.......)..)....)))))).,13,-6.46,8,0,0.000031
2414,.......(((.((.................)).)))........(((((((..(.......)..))....))))).,13,-6.46,11,0,0.000031
2415,..........((.(((......(((....))))))..)).....((((((..((..(.....).))...)))))).,17,-6.458,29,0,0.000031
2416,.......(((.((.((.........))...)).)))..(....)((((((...(.(......)..)...)))))).,16,-6.458,6,0,0.000031
2417,...(((.(((((.(((......(((....))))))..)))))..)))..((....)).....((.......))...,18,-6.457,46,0,0.000031
2418,.((((..(((.((.((((.....))))...)).))).))))...((((((.(.(..........).)..)))))).,21,-6.457,16,0,0.000031
2419,.....(.(((.((.((((.....))))...)).))).)......((((((......(((.......))))))))).,19,-6.457,12,0,0.000031
2420,...((((.((((.(((......(((....))))))..))))..))))...............(.(...).).....,16,-6.457,45,0,0.000031
2421,...(((((((.((.(((.......)))...)).))).......))))..((....))...(.(.(...)).)....,17,-6.456,26,0,0.000031
2422,.((((..(((.((.((.........))...)).))).))))..(.(((((...................)))))).,17,-6.456,11,0,0.000031
2423,..(((..(((.((.((.........))...)).))).))).....((((.....................))))..,14,-6.456,10,0,0.000031
2424,.((((..(((.((.(..............))).))).))))...((((((.(((..........)))..)))))).,19,-6.455,19,0,0.000031
2425,...((..(((.((.((.........))...)).))).)).....((((((...(..((...))..)...)))))).,18,-6.455,10,0,0.000031
2426,..((...(((.((.(((.......)))...)).)))..))....((((((.........(........))))))).,17,-6.453,8,0,0.000031
2427,..((((..((.((.((.........))...)).)))).))....((((((...................)))))).,16,-6.453,9,0,0.000031
2428,.(((...(((.((.................)).)))..)))...((((((...(...........)...)))))).,15,-6.452,12,0,0.000031
2429,...((..(((.((.(((.......)))...)).))).)).....((((((..(............)...)))))).,17,-6.451,8,0,0.000031
2430,......(..(.((.((.........))...)).).)........((((((...................)))))).,12,-6.451,5,0,0.000031
2431,.((((..(((.((.((.........))...)).))).))))...(((((...((.....)).........))))).,18,-6.451,14,0,0.000031
2432,..(((..(((.((.................)).))).)))....((((((...(.(......).)....)))))).,16,-6.45,14,0,0.000031
2433,.......(((.(((..............)).).)))........((((((......((.........)))))))).,14,-6.448,13,0,0.000031
2434,.......(((.(((..............).)).)))........((((((......((.........)))))))).,14,-6.448,10,0,0.000031
2435,.((((..(((.((.(...........)...)).))).))))...((((((..(..............).)))))).,17,-6.448,12,0,0.000031
2436,.((((..(((.(...................).))).))))...((((((......(((.......))))))))).,17,-6.447,20,0,0.000031
2437,...((..(((.((.((((.....))))...)).))).)).....((((((...(...........)...)))))).,18,-6.447,10,0,0.000031
2438,...((..(((.((.(((.......)))...)).))).)).....((((((......(...........))))))).,17,-6.446,8,0,0.000031
2439,.......(((.((.................)).)))...........(((.....)))..................,8,-6.446,19,0,0.000031
2440,.......(((.((..(.........)....)).)))........((((((...................)))))).,12,-6.446,2,0,0.000031
2441,.......(((.((...(......)......)).)))........((((((...................)))))).,12,-6.446,6,0,0.000031
2442,..((...(((.((.((.(.....).))...)).)))..))....((((((......(((.......))))))))).,19,-6.446,12,0,0.000031
2443,.......(((.(...................).)))........((((((.(((..(.....).)))..)))))).,14,-6.446,14,0,0.000031
2444,...((((.((((.(((......(((....))))))..))))..)))).((.....)).....(.(...).).....,18,-6.446,47,0,0.000031
2445,...........(((.......)))....................((((((...................)))))).,9,-6.446,18,0,0.000031
2446,.......(((.((.(((....)...))...)).)))........((((((...(...........)...)))))).,15,-6.446,4,0,0.000031
2447,.......(((.(...................).)))........((((((.(..............)..)))))).,11,-6.446,8,0,0.000031
2448,.((((..(((.(((((.........)).)).).))).))))...((((((.((............))..)))))).,20,-6.445,17,0,0.000031
2449,.((((..(((.(((((.........)).).)).))).))))...((((((.((............))..)))))).,20,-6.445,14,0,0.000031
2450,........((.((.(((.......)))...)).)).........((((((.(((..........)))..)))))).,16,-6.445,10,0,0.000031
2451,.((((..(((.((.((........).)...)).))).))))...((((((...................)))))).,17,-6.444,11,0,0.000030
2452,..(((..(((.((.((((.....))))...)).))).)))....((((((..((.(......).))...)))))).,21,-6.444,16,0,0.000030
2453,.......(((.((.((.(...)...))...)).)))........((((((..............(...))))))).,15,-6.444,4,0,0.000030
2454,.......(((.(.(((......(((....))))))..).)))..((((((...................)))))).,16,-6.443,24,0,0.000030
2455,.......(((.((.................)).)))........((((((.((...((...))..))..)))))).,15,-6.443,12,0,0.000030
2456,.......(((.((.((.........))..).).)))........(((((.....................))))).,12,-6.442,5,0,0.000030
2457,.......(.(((.(((......(((....))))))..))).)..((((((.....(......)......)))))).,17,-6.442,27,0,0.000030
2458,.......(((.((.(((.......)))...)).)))........((((((.....(......).(...))))))).,16,-6.442,6,0,0.000030
2459,..(.....).((.(((......(((....))))))..)).....((((((......((.........)))))))).,17,-6.441,28,0,0.000030
2460,..(((..(((.((.((.........))...)).))).))).....(((((......(.....)......)))))..,16,-6.441,10,0,0.000030
2461,..(((..(((.((.((.(.....).))...)).))).)))....((((((.....(......)......)))))).,18,-6.441,10,0,0.000030
2462,.......(.(((.(((................)))..))).)..((((((...................)))))).,13,-6.44,21,0,0.000030
2463,.......(((((.((((..............))))..)))))..(((((.....................))))).,14,-6.44,25,0,0.000030
2464,.......(((.((.(...........)...)).)))........((((((......((...))......)))))).,14,-6.44,6,0,0.000030
2465,..(((..(((.((.((.........))...)).))).)))........((.....))...................,12,-6.44,20,0,0.000030
2466,..(.(..(((.((.((((.....))))...)).))).).)....((((((...................)))))).,17,-6.44,8,0,0.000030
2467,.........(.....)......(((....)))((...)).....((((((...................)))))).,12,-6.439,21,0,0.000030
2468,.......(((((.(((.......((....)).)))..)))))..((((((...................)))))).,16,-6.439,25,0,0.000030
2469,.......(.(((.(((......(((....))))))..))).)..((((((...(..(.....)..)...)))))).,18,-6.438,29,0,0.000030
2470,...((..(((.((.(((....)...))...)).))).)).....((((((...................)))))).,16,-6.438,6,0,0.000030
2471,..........((.(((......(((....))))))..)).....(((((((..........).......)))))).,15,-6.438,25,0,0.000030
2472,.........(.((.((.........))...)).)..........((((((.....(......)......)))))).,12,-6.437,6,0,0.000030
2473,.......(((.((.(............)..)).)))........((((((......(((.......))))))))).,15,-6.437,11,0,0.000030
2474,.......(((.((.(((.......)))...)).)))..(.....)..(((.....)))....(.(...).).....,14,-6.437,21,0,0.000030
2475,..(((..(((.((.((.(.....).))...)).))).)))....((((((...(..(.....)..)...)))))).,19,-6.437,12,0,0.000030
2476,...((..(((.((.(((.......)))...)).))).)).....(((((((.((.....))...)....)))))).,19,-6.436,12,0,0.000030
2477,...((..(((.((.(((.......)))...)).))).)).....(((((((.((.....))...))....))))).,19,-6.436,15,0,0.000030
2478,...(((((((.((.((.........))...)).))).......))))(((.....)))......(...).......,15,-6.435,22,0,0.000030
2479,.......(((.((.((((.....))))...)).)))..(....)((((((.(((..........)))..)))))).,19,-6.435,12,0,0.000030
2480,..(.(..(((.((.((.........))...)).))).).)....((((((......(((.......))))))))).,18,-6.435,10,0,0.000030
2481,..(((..(((.((.((.........))...)).))).)))....((((((.(.(..((...)).).)..)))))).,20,-6.435,14,0,0.000030
2482,.((((..(((.((.(((.......)))...)).))).))))...(((((((.(.....)..).......)))))).,20,-6.434,14,0,0.000030
2483,...((..(((.((.................)).))).)).....((((((..(..............).)))))).,14,-6.434,10,0,0.000030
2484,.(((.(.(((.((.(((.......)))...)).))).))))...((((((..(..............).)))))).,19,-6.434,12,0,0.000030
2485,..(((..(((.((.................)).))).)))....(((((((.((.....))).......)))))).,17,-6.434,16,0,0.000030
2486,.........(.((.((.........))...)).)..........((((((...(..(.....)..)...)))))).,13,-6.433,8,0,0.000030
2487,...(((.(((((.(((......(((....))))))..)))))..)))..((.((.....))...))..........,18,-6.433,48,0,0.000030
2488,..(((..(((.(...........((....))).))).)))....((((((...................)))))).,15,-6.433,15,0,0.000030
2489,.((((..(((.((.(((.......)))...)).))).))))...((((((..((..(.....)..).).)))))).,21,-6.432,16,0,0.000030
2490,.((((..(((.((.(((.......)))...)).))).))))...((((((..(...(.....)..)...)))))).,20,-6.432,14,0,0.000030
2491,...(((((((.((.((.........))...)).))).......))))(((.....)))..(.(.(...)).)....,17,-6.432,24,0,0.000030
2492,.......(((.((.((.(.....).))...)).)))........((((((..((..........))...)))))).,16,-6.431,6,0,0.000030
2493,..(((..(((.(((((.........)).)).).))).)))....((((((.(((..........)))..)))))).,20,-6.431,17,0,0.000030
2494,..(((..(((.(((((.........)).).)).))).)))....((((((.(((..........)))..)))))).,20,-6.431,14,0,0.000030
2495,...(((((((((.(((......(((....))))))..))))).))))...(.....).....(.(...).).....,18,-6.43,48,0,0.000030
2496,.......(((.((...(....)........)).)))........((((((...................)))))).,12,-6.43,6,0,0.000030
2497,.(((...(((.((.((.........))...)).)))..)))...((((((.(.(..........).)..)))))).,18,-6.43,10,0,0.000030
2498,...(((.(((((.(((......(((....))))))..)))))..)))..((....))..((............)).,18,-6.43,46,0,0.000030
2499,.......(((.((.((.........))...)).)))..(....)((((((...(..(.....).)....)))))).,16,-6.43,6,0,0.000030
2500,.......(((((..........(((....))).....)))))..((((((..(..............).)))))).,15,-6.43,26,0,0.000030
2501,.......(((.((.................)).)))..(....)((((((......((.........)))))))).,14,-6.429,10,0,0.000030
2502,...(((((((((.(((......(((....))))))..))))).))))(((.....)))....(......)......,19,-6.429,47,0,0.000030
2503,.......(((.((.((.........))..).).)))........((((((......(.....)......)))))).,14,-6.428,5,0,0.000030
2504,.......(((.((.((.(.....).))...)).)))........((((((..((.....))...(...))))))).,17,-6.428,8,0,0.000030
2505,...(...(((.((.(((.......)))...)).)))..).....((((((..............(...))))))).,16,-6.427,6,0,0.000030
2506,...((..(((.((.(((.......)))...)).))).)).....(((((((..............)...)))))).,17,-6.426,8,0,0.000030
2507,..((...(((.((.(((.......)))...)).)))..))....((((((.......(.....).....)))))).,17,-6.426,8,0,0.000030
2508,.......(((((.((((..............))))..)))))..((((((......(.....)......)))))).,16,-6.426,25,0,0.000030
2509,..((...(((.((.(((.......)))...)).)))..))....((((((...........(......))))))).,17,-6.426,8,0,0.000030
2510,.....(.(((.((.((.........))...)).))).)......((((((.....(......)......)))))).,15,-6.425,4,0,0.000030
2511,.((((..(((.((.(((.......)))...)).))).))))...((((((....(...........)..)))))).,19,-6.425,12,0,0.000029
2512,.(((...(((.(...................).)))..)))...((((((...................)))))).,13,-6.425,12,0,0.000029
2513,.((((..(((.(((((.........)).)).).))).))))...(((((.....................))))).,17,-6.425,15,0,0.000029
2514,.((((..(((.(((((.........)).).)).))).))))...(((((.....................))))).,17,-6.425,12,0,0.000029
2515,.......(((((.(((......(((....))))))..))))).....(((.....)))....(.(...).).....,16,-6.424,44,0,0.000029
2516,..............((((....(((....)))...)))).....((((((.(((..(.....).)))..)))))).,17,-6.424,31,0,0.000029
2517,..............((((....(((....)))...)))).....((((((.(..............)..)))))).,14,-6.424,25,0,0.000029
2518,.((((..(((.(((.........)......)).))).))))...((((((...................)))))).,16,-6.424,14,0,0.000029
2519,......((((.((.(((.......)))...)).))).)......((((((..............(...))))))).,16,-6.424,6,0,0.000029
2520,.((((..(((.((.(((.......)))...)).))).))))...((((((..(..(......)..)...)))))).,20,-6.423,14,0,0.000029
2521,..(((..(((.((.((((.....))))...)).))).)))....(((((((.((.....))....)...)))))).,21,-6.423,16,0,0.000029
2522,.......((.((.(((......(((....))))))..)).))..((((((.(((.(......).)))..)))))).,20,-6.423,33,0,0.000029
2523,.......(((.((.((((.....))))...)).)))........((((((......((...(....))))))))).,18,-6.423,10,0,0.000029
2524,.......(((.((.................)).)))........((((((.(.(..(.....)..))..)))))).,14,-6.422,10,0,0.000029
2525,.((((..(((.((.(((.......)))...)).))).))))...((((((.(.(.(......).).)..)))))).,21,-6.421,16,0,0.000029
2526,.....(.(((.((.((.........))...)).))).)......((((((...(..(.....)..)...)))))).,16,-6.421,6,0,0.000029
2527,.((((..(((.((.((.(.....).))...)).))).))))...((((((...(...........)...)))))).,19,-6.421,12,0,0.000029
2528,.......(((.((.(((.......)))...)).)))........((((((...............)....))))).,14,-6.421,5,0,0.000029
2529,...(...(((.((.((.........))...)).)))..).....((((((...(...........)...)))))).,15,-6.42,4,0,0.000029
2530,...(((((((((.(((......(((....))))))..))))).))))(((.....)))....(.........)...,19,-6.42,47,0,0.000029
2531,...(((((((.((.................)).))).......))))..((....))...................,11,-6.419,24,0,0.000029
2532,.((((..(((.((.((.........))...)).))).))))...((((((.....(..........)..)))))).,18,-6.419,10,0,0.000029
2533,...((..(((.((.(((.......)))...)).))).)).....(((((((.............))....))))).,17,-6.419,11,0,0.000029
2534,...((..(((.((.(((.......)))...)).))).)).....(((((((.............)....)))))).,17,-6.419,8,0,0.000029
2535,...........(((.......))).((..........)).....((((((...................)))))).,11,-6.419,20,0,0.000029
2536,.((((..(((.((.(((.......)))...)).))).))))...(((((.(..................)))))).,18,-6.419,13,0,0.000029
2537,.((((..(((.((.(((.......)))...)).))).))))...((((.((..................)))))).,18,-6.419,15,0,0.000029
2538,.((((..(((.((.(..............))).))).))))...((((((..............(...))))))).,17,-6.418,15,0,0.000029
2539,...........(.(((......(((....))))))..)......((((((...................)))))).,13,-6.418,21,0,0.000029
2540,..(((..(((.((.((.........))...)).)))).))....((((((...................)))))).,16,-6.418,6,0,0.000029
2541,.((((..(((.((.((.........))...)).))).))))....(((((.((............))..)))))..,18,-6.418,14,0,0.000029
2542,......((((.((.((.........))...)).))).)......((((((...(...........)...)))))).,15,-6.417,4,0,0.000029
2543,..((...(((.((.((.........))...)).)))..))....((((((..((.(......).))...)))))).,18,-6.417,10,0,0.000029
2544,.(((.(.(((.((.((.........))...)).))).))))...((((((..((.....))........)))))).,19,-6.417,12,0,0.000029
2545,.......(((.((.(((.......)))...)).)))...........(((.....)))..(.(......).)....,13,-6.416,19,0,0.000029
2546,.......(((.(((((.........)).)).).)))........((((((.(((.(......).)))..)))))).,18,-6.416,13,0,0.000029
2547,.......(((.(((((.........)).).)).)))........((((((.(((.(......).)))..)))))).,18,-6.416,10,0,0.000029
2548,.......(((.((.((.........))...)).)))........((((((..(.......(.....)).)))))).,15,-6.416,4,0,0.000029
2549,.......(((((.(((......(((....))))))..)))))...(((((......((.........)))))))..,18,-6.415,32,0,0.000029
2550,...(((.(((((.(((......(((....))))))..)))))..)))..((.............))..........,16,-6.415,44,0,0.000029
2551,.......(((.(...................).)))........((((((..(..............).)))))).,11,-6.415,8,0,0.000029
2552,...(((((((.((.((.........))...)).))).......))))......((.(((.......)))..))...,16,-6.414,25,0,0.000029
2553,.......(((.((.(((.......)))...)).)))........(((.((...................)).))).,13,-6.414,4,0,0.000029
2554,.......(((.((.(((.......)))...)).)))........((.(((...................))).)).,13,-6.414,4,0,0.000029
2555,.((((..(((.((.(((....)...))...)).))).))))...((((((......((.........)))))))).,20,-6.414,14,0,0.000029
2556,...(((((((((.(((......(((....))))))..))))).)))).....((.....))......((...))..,19,-6.414,49,0,0.000029
2557,.(((...(((.((.................)).)))..)))...((((((.....(......)......)))))).,15,-6.413,12,0,0.000029
2558,...(...(((.((.((((.....))))...)).)))..).....((((((......(((.......))))))))).,19,-6.413,12,0,0.000029
2559,...........(((.......))).((.....))..........((((((......((.........)))))))).,13,-6.413,23,0,0.000029
2560,..(((..(((.((.((.........))...)).))).)))....((((((..((..........)..).)))))).,18,-6.413,10,0,0.000029
2561,..((...(((.((.(((.......)))...)).)))..))....((((((...(..((...))..)...)))))).,19,-6.413,12,0,0.000029
2562,..((...)).....(((.....(((....)))....))).....((((((......((.........)))))))).,16,-6.412,28,0,0.000029
2563,.......(((.((.(((.......)))...)).)))........(((((.......(((.......))).))))).,16,-6.412,10,0,0.000029
2564,.((((..(((.(((((.........)).)).).))).))))...((((((......(.....)......)))))).,19,-6.41,15,0,0.000029
2565,.((((..(((.(((((.........)).).)).))).))))...((((((......(.....)......)))))).,19,-6.41,12,0,0.000029
2566,...........(((.......)))(.(....).)..........((((((...................)))))).,11,-6.41,19,0,0.000029
2567,......((((.((.((((.....))))...)).))).)......((((((......(((.......))))))))).,19,-6.41,12,0,0.000029
2568,.......(((.((.((.........))...)).)))..(....)((((((.....(............))))))).,15,-6.41,4,0,0.000029
2569,......((((.((.................)).))).....)..((((((...................)))))).,12,-6.41,6,0,0.000029
2570,...((((...((.(((......(((....))))))..))....))))..((....)).....(.(...).).....,16,-6.41,46,0,0.000029
2571,...((..(((.((.(((.......)))...)).))).)).....((((((.(((..((...)).)))..)))))).,21,-6.41,16,0,0.000029
2572,..(((..(((.((.((.(...)...))...)).))).)))....((((((......(((.......))))))))).,20,-6.41,14,0,0.000029
2573,.(((...(((.((.................)).)))..)))...((((((...(..(.....)..)...)))))).,16,-6.409,14,0,0.000029
2574,..(((..(((.((.((.........))...)).))).)))....((((((..(..........).....)))))).,17,-6.409,8,0,0.000029
2575,.......(((.((.((.........))...)).)))...........(((.....))).((.(.(...).)..)).,14,-6.409,20,0,0.000029
2576,.......(((.((.................)).)))........((((((..((..((...)).))...)))))).,15,-6.409,12,0,0.000029
2577,...((..(((.((.((((.....))))...)).))).)).....((((((.....(......)......)))))).,18,-6.408,10,0,0.000029
2578,........((.((.(((.......)))...)).)).........((((((..............(...))))))).,14,-6.408,6,0,0.000029
2579,...(((((((((..........(((....))).....))))).))))..((....))...................,14,-6.408,44,0,0.000029
2580,.(((....((.((.(((.......)))...)).))...)))...((((((...................)))))).,16,-6.407,10,0,0.000029
2581,.......(((.((.(((....)...))...)).)))........((((((.....(......)......)))))).,15,-6.407,4,0,0.000029
2582,.((((..(((.((.(((.......)))...)).))).))))...((((((.(((.....).....))..)))))).,21,-6.405,16,0,0.000029
2583,.((((..(((.((.(((...)....))...)).))).))))...((((((...................)))))).,18,-6.405,10,0,0.000029
2584,...((((...((.(((......(((....))))))..))....))))(((.....)))..................,15,-6.405,43,0,0.000029
2585,...((..(((.((.((((.....))))...)).))).)).....((((((...(..(.....)..)...)))))).,19,-6.404,12,0,0.000029
2586,.......(((.(..(..............).).)))........((((((......(((.......))))))))).,14,-6.404,13,0,0.000028
2587,..(((..(((.((.((.........))...)).))).))).....(((((.(((..........)))..)))))..,18,-6.404,14,0,0.000028
2588,.((((..(((.((.................)).))).))))...(((((((........).........)))))).,16,-6.403,14,0,0.000028
2589,.......(((.((.(((....)...))...)).)))........((((((...(..(.....)..)...)))))).,16,-6.403,6,0,0.000028
2590,..(((..(((.((.((.........))...)).))).)))....((((((.(....((...))...)..)))))).,19,-6.402,12,0,0.000028
2591,......................(((....)))............((((((..((.....))........)))))).,11,-6.402,22,0,0.000028
2592,..(..(.(((.((.(((.......)))...)).))).).)....((((((...................)))))).,16,-6.402,6,0,0.000028
2593,..(((..(((.((.(((.......)))...)).))).)))....((((((......((...(....))))))))).,20,-6.402,14,0,0.000028
2594,........((.((.((.........))...)).)).........((((((...(...........)...)))))).,13,-6.401,4,0,0.000028
2595,.......(((.((.(((.......)))...)).)))........((((((......(.(.......).))))))).,16,-6.401,6,0,0.000028
2596,.......(((.((.((.........))...)).)))...........(((.....)))...........(....).,11,-6.401,15,0,0.000028
2597,.......(((.((.(((.......)))...)).)))..(....)((((((.(((.(......).)))..)))))).,19,-6.4,12,0,0.000028
2598,.......(((.((.((((.....))))...)).)))..(....)((((((..............(...))))))).,17,-6.398,8,0,0.000028
2599,..((.(.(((.((.((.........))...)).))).)))....((((((.(((.(......).)))..)))))).,20,-6.398,14,0,0.000028
2600,.......(((.((.((.........))...)).)))........((((((..((.(......).)..).)))))).,16,-6.398,6,0,0.000028
2601,......................(.(.(....).).)........((((((...................)))))).,9,-6.397,16,0,0.000028
2602,.........(.....)......(((....)))............((((((......((.........)))))))).,12,-6.397,22,0,0.000028
2603,...((((..(((.(((......(((....))))))..)))...)))).............................,13,-6.397,41,0,0.000028
2604,.((((..(((.((.((.........))...)).))).))))....((((.....................))))..,15,-6.397,12,0,0.000028
2605,..((...(((.((.((.........))...)).)))..))....(((((((.((.....))....)...)))))).,18,-6.396,10,0,0.000028
2606,.......(((.((.((.........))...)).)))........((((.(...................).)))).,12,-6.396,2,0,0.000028
2607,.(.....(((.((.((.........))...)).)))).......((((((...................)))))).,14,-6.396,2,0,0.000028
2608,.......(((.((.((.........))...)).)))..(....)((((((..(............)...)))))).,15,-6.396,4,0,0.000028
2609,.(((...(((.((.(((.......)))...)).)))..)))...((((((.........(........))))))).,18,-6.395,10,0,0.000028
2610,........((.((.((((.....))))...)).)).........((((((......(((.......))))))))).,17,-6.395,12,0,0.000028
2611,.......(((.((.(((.......)))...)).)))........((((((..(........(....)).)))))).,16,-6.394,6,0,0.000028
2612,..(((..(((.(((((.........)).)).).))).)))....((((((..............(...))))))).,18,-6.394,13,0,0.000028
2613,..(((..(((.(((((.........)).).)).))).)))....((((((..............(...))))))).,18,-6.394,10,0,0.000028
2614,.(((((..((.((.((.........))...)).)))).)))...((((((...................)))))).,17,-6.394,11,0,0.000028
2615,...(((((((((.(((......(((....))))))..))))).))))...(....)......(.(...).).....,18,-6.394,48,0,0.000028
2616,..............((((....(((....)))...)))).....((((((..(..............).)))))).,14,-6.393,25,0,0.000028
2617,..(((..(((.((.((((.....))))...)).))).)))....(((((((.(..........).)...)))))).,20,-6.393,14,0,0.000028
2618,.......(((((.(((......(((....))))))..)))))..((((((..((.....).......).)))))).,19,-6.392,30,0,0.000028
2619,.((((..(((.((.................)).))).))))...((((((...(.(......).)....)))))).,17,-6.392,16,0,0.000028
2620,.......(((.((.((.........))...)).)))..(....)((((((......(...........))))))).,15,-6.391,4,0,0.000028
2621,..(((..(((.((.((.........))...)).))).)))....(((((.......(.....).......))))).,16,-6.391,10,0,0.000028
2622,.......(((.((.((.........))..).).)))........((((((.(((..........)))..)))))).,16,-6.39,9,0,0.000028
2623,...........(..(((.....(((....)))....)))..)..((((((.((............))..)))))).,15,-6.389,27,0,0.000028
2624,...(((((((.((.(((.......)))...)).))).......))))..((....))...(.(......).)....,16,-6.389,24,0,0.000028
2625,..(((..(((.((....(.....)......)).))).)))....((((((...................)))))).,15,-6.389,12,0,0.000028
2626,.......(((.((.((.........))...)).))).........(((((.(((.(......).)))..)))))..,16,-6.389,10,0,0.000028
2627,.........(.((.(((.......)))...)).)..........((((((.(((..(.....).)))..)))))).,16,-6.389,14,0,0.000028
2628,.........(.((.(((.......)))...)).)..........((((((.(..............)..)))))).,13,-6.388,8,0,0.000028
2629,.......(((((.((((..............))))..)))))..((((((.(((..........)))..)))))).,18,-6.388,29,0,0.000028
2630,.......(((.((.((.........))...)).)))........((((((..............).....))))).,13,-6.388,3,0,0.000028
2631,..((...(((.((.((((.....))))...)).)))..))....((((((.(((.....)).....)..)))))).,20,-6.388,14,0,0.000028
2632,..(((..(((.(((.(.......).)....)).))).)))....((((((...................)))))).,16,-6.388,12,0,0.000028
2633,.(((...(((.((.((.(.....).))...)).)))..)))...((((((......(((.......))))))))).,20,-6.387,14,0,0.000028
2634,..((...(((.((.((.(...)...))...)).)))..))....((((((...................)))))).,16,-6.387,6,0,0.000028
2635,.......(((.((.((.........))...)).)))........((((((..((.....))...).....))))).,15,-6.386,7,0,0.000028
2636,...((((..(((.(((......(((....))))))..)))...)))).((.....))...................,15,-6.386,43,0,0.000028
2637,.((((..(((.((.((((.....))))...)).))).))))...((((((..((.(......).))...)))))).,22,-6.385,18,0,0.000028
2638,..(((..(((.((.((((.....))))...)).))).)))....((((((.(.(..(.....).).)..)))))).,21,-6.385,16,0,0.000028
2639,...(((((((((.(((......(((....))))))..))))).))))..((....))....(......).......,18,-6.385,48,0,0.000028
2640,.......(((((.((((......((....))))))..)))))..((((((.(((..(.....).)))..)))))).,21,-6.383,34,0,0.000028
2641,.......(((.((.((.........))...)).)))........(((((((.(.......)...)....)))))).,15,-6.383,4,0,0.000028
2642,.......(((.((.((.........))...)).)))........(((((((.(.......)...))....))))).,15,-6.383,7,0,0.000028
2643,.......(((((.((((......((....))))))..)))))..((((((.(..............)..)))))).,18,-6.383,28,0,0.000027
2644,.......(((.((.((.........))...)).)))..(.....)..(((.....)))......(...).......,12,-6.383,18,0,0.000027
2645,.((((..(((.((.((.........))...)).))).))))....(((((......(.....)......)))))..,17,-6.383,12,0,0.000027
2646,.......(((.((..........(.....))).)))........((((((.((............))..)))))).,14,-6.383,10,0,0.000027
2647,..(((..(((.((.(..............))).))).)))....((((((.(((..(.....).)))..)))))).,19,-6.383,19,0,0.000027
2648,..(((..(((.((.(..............))).))).)))....((((((.(..............)..)))))).,16,-6.382,13,0,0.000027
2649,.((((..(((.((.((.(.....).))...)).))).))))...((((((.....(......)......)))))).,19,-6.382,12,0,0.000027
2650,.......(((((.(((................)))..)))))..((((((..((.....))........)))))).,16,-6.382,26,0,0.000027
2651,.......(((.((.(((.......)))...)).)))..........((((.((............))..))))...,14,-6.382,10,0,0.000027
2652,.((((..(((.((.((.........))...)).))).)))).......((.....))...................,13,-6.381,22,0,0.000027
2653,...(...(((.((.((.........))...)).)))..).....((((((.....(......)......)))))).,15,-6.381,4,0,0.000027
2654,.......(((.((.((.........))...)).)))..(....)(((((((.((.....))...))....))))).,17,-6.381,11,0,0.000027
2655,.......(((.((.((.........))...)).)))..(....)(((((((.((.....))...)....)))))).,17,-6.381,8,0,0.000027
2656,.((.(..(((.((.((((.....))))...)).))).).))...((((((...................)))))).,18,-6.381,10,0,0.000027
2657,.......(((.((.((.........))...)).)))........((((((.((....(.....).))..)))))).,16,-6.379,6,0,0.000027
2658,.......(((.((.((.........))...)).)))..(.....)..(((.....)))..(.(.(...)).)....,14,-6.379,20,0,0.000027
2659,...(((((((.((.((.........))...)).))).......))))......(.....)................,12,-6.379,19,0,0.000027
2660,..(((..(((.((.((.........))...)).))).)))....((((((..((.(......)..).).)))))).,19,-6.379,12,0,0.000027
2661,......((((.((.((.........))...)).))).)......((((((.....(......)......)))))).,15,-6.378,4,0,0.000027
2662,.((((..(((.((.((.(.....).))...)).))).))))...((((((...(..(.....)..)...)))))).,20,-6.378,14,0,0.000027
2663,...(((((((((.(((......(((....))))))..))))).))))..(.....)......(.(...).).....,18,-6.378,47,0,0.000027
2664,...((..(((.((.(((.......)))...)).))).)).....((((((..((..........))...)))))).,18,-6.378,10,0,0.000027
2665,...(...(((.((.((.........))...)).)))..).....((((((...(..(.....)..)...)))))).,16,-6.378,6,0,0.000027
2666,.......(((.((.((.........))...)).)))........((((.((.((.....))...)).....)))).,15,-6.377,11,0,0.000027
2667,.((.(..(((.((.((.........))...)).))).).))...((((((......(((.......))))))))).,19,-6.377,12,0,0.000027
2668,..(((..(((.((.((.(......)))...)).))).)))....((((((...................)))))).,17,-6.377,8,0,0.000027
2669,.((((..(((.((.((.........))...)).))).))))...((((((.(.(..((...)).).)..)))))).,21,-6.376,16,0,0.000027
2670,.......(((.((.(...........)...)).)))........(((((((....)).............))))).,13,-6.376,7,0,0.000027
2671,.......(((.((.(...........)...)).)))........(((((((....).............)))))).,13,-6.376,4,0,0.000027
2672,.....(.(((.((.(((.......)))...)).))).)......((((((.(((..(.....).)))..)))))).,19,-6.376,12,0,0.000027
2673,...(((((((.((.((.........))...)).))).......)))).........(.....).............,12,-6.376,19,0,0.000027
2674,.....(.(((.((.(((.......)))...)).))).)......((((((.(..............)..)))))).,16,-6.376,6,0,0.000027
2675,.((((..(((.((.................)).))).))))...(((((((.((.....))).......)))))).,18,-6.375,18,0,0.000027
2676,..(((..(((.((.((((.....))))...)).))).)))....((((.......................)))).,16,-6.375,14,0,0.000027
2677,...........(((.......))).(((...)))..........((((((...................)))))).,12,-6.375,20,0,0.000027
2678,..((...(((.((.................)).)))..))....((((((..((.....))........)))))).,15,-6.375,12,0,0.000027
2679,...((..(((.((.(((.......)))...)).))).)).....((((((..((.....))...(...))))))).,19,-6.375,12,0,0.000027
2680,......((((.((.((.........))...)).))).)......((((((...(..(.....)..)...)))))).,16,-6.374,6,0,0.000027
2681,.......(((.((.(...........)...)).)))........((((((...(.(......)..)...)))))).,14,-6.374,6,0,0.000027
2682,.......(((.((.((.........))...)).)))........(((((.(.....(((.......))))))))).,16,-6.374,9,0,0.000027
2683,.......(((.((.((.........))...)).)))........((((.((.....(((.......))))))))).,16,-6.374,11,0,0.000027
2684,.......(((.((.((.........))...)).)))........((((((.....(.((.......))))))))).,16,-6.374,6,0,0.000027
2685,......(((.((.(((......(((....))))))..))...)))..(((.....)))..................,14,-6.374,41,0,0.000027
2686,.((((..(((.(...........((....))).))).))))...((((((...................)))))).,16,-6.374,17,0,0.000027
2687,...(((((((.((.((.........))...)).))).......))))..((....))............(....).,14,-6.374,20,0,0.000027
2688,..(((..(((.((.((.........))...)).))).)))....(((((...((.....))...(...).))))).,18,-6.374,14,0,0.000027
2689,...(((((((((.(((......(((....))))))..))))).))))...(........)................,16,-6.373,45,0,0.000027
2690,..((.(.(((.((.................)).))).)))....((((((......(((.......))))))))).,17,-6.373,16,0,0.000027
2691,.((((..(((.(((((.........)).)).).))).))))...((((((.(((..........)))..)))))).,21,-6.372,19,0,0.000027
2692,.((((..(((.(((((.........)).).)).))).))))...((((((.(((..........)))..)))))).,21,-6.372,16,0,0.000027
2693,.......(((.((.((.........))...)).)))........(((((....(...............)))))).,13,-6.372,3,0,0.000027
2694,.......(((.((.((.........))...)).)))........((((((..((.....).....)...)))))).,15,-6.372,4,0,0.000027
2695,.......(((((.(((......((......)))))..)))))..((((((.(((..(.....).)))..)))))).,20,-6.372,32,0,0.000027
2696,..(((..(((.((.((.........))...)).))).)))....((((((..(...((...))....).)))))).,19,-6.371,12,0,0.000027
2697,...((..(((.((.((.........))...)).))).)).....(((((((........).........)))))).,16,-6.371,6,0,0.000027
2698,.......(((((.(((......((......)))))..)))))..((((((.(..............)..)))))).,17,-6.371,26,0,0.000027
2699,.......(((.((.((.........))...)).)))..(....)(((((((..............)...)))))).,15,-6.371,4,0,0.000027
2700,..((...)).((.(((......(((....))))))..)).....((((((......((.........)))))))).,18,-6.37,29,0,0.000027
2701,..........((.(((......(((....))))))..)).....((((((.........(........))))))).,15,-6.369,25,0,0.000027
2702,...........(..(((.....(((....)))....)))..)..(((((.....................))))).,12,-6.369,25,0,0.000027
2703,.(((...(((.((.(((.......)))...)).)))..)))...((((((.......(.....).....)))))).,18,-6.368,10,0,0.000027
2704,.......(((.((.((.........))...)).)))........(((((((..(.......)...)...)))))).,15,-6.367,4,0,0.000027
2705,.(((...(((.((.(((.......)))...)).)))..)))...((((((...........(......))))))).,18,-6.367,10,0,0.000027
2706,.......(((.((.(((.......)))...)).)))........((((((.(.(..((...))..))..)))))).,18,-6.367,10,0,0.000027
2707,..(((..(((.((.((.........))...)).))).))).....(((((..............(...))))))..,16,-6.367,10,0,0.000027
2708,..((...(((.((.((.........))...)).)))..))....(((((((.(..........).)...)))))).,17,-6.366,8,0,0.000027
2709,...(((((((((.(((......(((....))))))..))))).))))..(......)...................,16,-6.365,44,0,0.000027
2710,..(((..(((.((.((.........))...)).))).)))....(((((.(..............)....))))).,16,-6.365,10,0,0.000027
2711,...(((((((.((.((.........))...)).))).......))))(((.....)))..(.(......).)....,16,-6.364,22,0,0.000027
2712,.((((..(((.((.((((.....))))...)).))).))))...(((((((.((.....))....)...)))))).,22,-6.364,18,0,0.000027
2713,.......(((.((.((.........))...)).)))..(....)(((((((.............))....))))).,15,-6.364,7,0,0.000027
2714,.......(((.((.((.........))...)).)))..(....)(((((((.............)....)))))).,15,-6.364,4,0,0.000027
2715,.......(((.((.................)).))).........(((((......(((.......))))))))..,13,-6.363,12,0,0.000027
2716,........((.((.((.........))...)).)).........((((((.....(......)......)))))).,13,-6.363,4,0,0.000027
2717,..(((..(((.((.((.........))...)).))).)))....((((((.......(.......)...)))))).,17,-6.362,8,0,0.000027
2718,.......(((((.(((......(((....))))))..)))))....((((......(((.......)))))))...,18,-6.362,36,0,0.000027
2719,...(((.(((((.(((......(((....))))))..)))))..)))(((.....)))......(...).......,18,-6.362,46,0,0.000027
2720,.......(((.((..........(.....))).)))........(((((.....................))))).,11,-6.362,8,0,0.000027
2721,...(((((((((.(((......(((....))))))..))))).))))(((.....)))....(((...)..))...,21,-6.362,50,0,0.000027
2722,...(((((((((.(((......(((....))))))..))))).))))......(.....)..((.......))...,18,-6.361,47,0,0.000027
2723,.......(((.((.(((.......)))...)).)))..........(((.....................)))...,11,-6.361,8,0,0.000026
2724,..............(((.....(((....)))....))).....((((((.(((.....)).....)..)))))).,15,-6.361,28,0,0.000026
2725,.......(((((.(((......(((....))))))..)))))..((((((..(...........)....)))))).,18,-6.361,28,0,0.000026
2726,...((..(((.((.((.........))...)).))).)).....((((((...(.(......).)....)))))).,17,-6.36,8,0,0.000026
2727,.......(((.((.((.........))...)).)))........((((.((.............)).....)))).,13,-6.359,7,0,0.000026
2728,.((((..(((.((.((.........))...)).)))).)))...((((((...................)))))).,17,-6.359,8,0,0.000026
2729,.......(((((.(((......(((....))))))..)))))..((((((.........(.(....).))))))).,19,-6.359,30,0,0.000026
2730,........((.((.((.........))...)).)).........((((((...(..(.....)..)...)))))).,14,-6.359,6,0,0.000026
2731,.......(((.((.((.........))...)).)))........(((((....(...........)....))))).,13,-6.359,4,0,0.000026
2732,...(((.(((((.(((......(((....))))))..)))))..)))(((.....)))..(.(.(...)).)....,20,-6.359,48,0,0.000026
2733,.(((...(((.((.((.........))...)).)))..)))...((((((..((.(......).))...)))))).,19,-6.358,12,0,0.000026
2734,...(((((((((.(((................)))..))))).))))..((....)).....(.(...).).....,16,-6.358,45,0,0.000026
2735,..((...(((.((.((.........))...)).)))..))....((((((.(.(..(.....).).)..)))))).,18,-6.358,10,0,0.000026
2736,.......(((.((.(((.......)))...)).)))........((((((..(....(.....)...).)))))).,16,-6.358,6,0,0.000026
2737,.........(.((.(((.......)))...)).)..........((((((..(..............).)))))).,13,-6.357,8,0,0.000026
2738,.......(((.((.(..............))).)))........((((((.(((.....)).....)..)))))).,15,-6.357,11,0,0.000026
2739,..((...(((.((.((((.....))))...)).)))..))....(((((((.....)............)))))).,18,-6.356,10,0,0.000026
2740,.......(((.((.((.........))...)).)))........(((((((.((.....)...).)...)))))).,16,-6.355,6,0,0.000026
2741,.......(((.((.((.........))...)).)))..(....)((((((.(((..((...)).)))..)))))).,19,-6.355,12,0,0.000026
2742,...........(..(((.....(((....)))....)))..)..((((((......(.....)......)))))).,14,-6.354,25,0,0.000026
2743,......((((.((.((.........))...)).))).....)..((((((......((.........)))))))).,16,-6.354,6,0,0.000026
2744,.((((..(((.((.((.........))...)).))).))))...((((((..((..........)..).)))))).,19,-6.354,12,0,0.000026
2745,.......(((((.(((......(((....))))))..)))))..((((((..(..(......)....).)))))).,19,-6.354,30,0,0.000026
2746,.(((...(((.((.(((.......)))...)).)))..)))...((((((...(..((...))..)...)))))).,20,-6.354,14,0,0.000026
2747,.......(((.((.((.........))..).).)))........((((((..............(...))))))).,14,-6.353,5,0,0.000026
2748,..((...(((.((.((((.....))))...)).)))..))....((((((...(..........)....)))))).,18,-6.353,10,0,0.000026
2749,...(((((((((.(((................)))..))))).))))(((.....)))..................,15,-6.353,42,0,0.000026
2750,..(((..(((.((.................)).))).)))....((((((.......(...).......)))))).,15,-6.353,12,0,0.000026
2751,..(((..(((.((.((((.....))))...)).))).)))....((((((.(....(.....)...)..)))))).,20,-6.352,14,0,0.000026
2752,.......(((((.((((......((....))))))..)))))..((((((..(..............).)))))).,18,-6.352,28,0,0.000026
2753,..(((..(((.((.(..............))).))).)))....((((((..(..............).)))))).,16,-6.351,13,0,0.000026
2754,.......(((((.((((..............))))..)))))..((((((..............(...))))))).,16,-6.351,25,0,0.000026
2755,.....(.(((.((.((((.....))))...)).))).....)..((((((...................)))))).,16,-6.351,6,0,0.000026
2756,.((((..(((.((.((.(...)...))...)).))).))))...((((((......(((.......))))))))).,21,-6.351,16,0,0.000026
2757,..(((..(((.((.((((.....))))...)).))).)))....((((((...(.....)....(...))))))).,20,-6.35,14,0,0.000026
2758,.((((..(((.((.((.........))...)).))).))))...((((((..(..........).....)))))).,18,-6.35,10,0,0.000026
2759,.......(((.((.((.(...)...))...)).)))........((((((.(((..(.....).)))..)))))).,18,-6.35,10,0,0.000026
2760,..(((..(.(.((.((.........))...)).).).)))....((((((...................)))))).,15,-6.35,8,0,0.000026
2761,.......(((.(((.......)........)).)))........((((((...................)))))).,12,-6.35,6,0,0.000026
2762,.......(((.((.((.(...)...))...)).)))........((((((.(..............)..)))))).,15,-6.349,4,0,0.000026
2763,.......(((.((.((.........))...)).)))........(((((((....(......)..)...)))))).,15,-6.348,4,0,0.000026
2764,..(.....).............(((....)))((...)).....((((((...................)))))).,12,-6.348,22,0,0.000026
2765,..(((..(((.((.................)).))).)))......((((...................))))...,12,-6.348,14,0,0.000026
2766,..((...(((.((.((.........))...)).)))..))....((((.......................)))).,13,-6.348,8,0,0.000026
2767,.......(((.((..........(.....))).)))........((((((......(.....)......)))))).,13,-6.348,8,0,0.000026
2768,.......(((.((....(..........).)).)))........((((((......(((.......))))))))).,15,-6.347,12,0,0.000026
2769,.......(((.((.(((.......)))...)).)))..........((((......(.....)......))))...,13,-6.347,8,0,0.000026
2770,.....(.(((.((.((.........))...)).))).....)..((((((......(((.......))))))))).,17,-6.347,8,0,0.000026
2771,.......(((.((.(...........)...)).)))........((((((...(..(.....).)....)))))).,14,-6.347,6,0,0.000026
2772,...(((((((((.(((......(((....))))))..))))).))))......((................))...,17,-6.346,45,0,0.000026
2773,..((..(.((.((.((.........))...)).)))..))....((((((...................)))))).,15,-6.346,7,0,0.000026
2774,...(((((((.((.((.........))...)).))).......))))............((.(.(...).)..)).,15,-6.346,22,0,0.000026
2775,.....(.(((.((.(((.......)))...)).))).)......((((((..(..............).)))))).,16,-6.345,6,0,0.000026
2776,.((((..(((.((.((.........))...)).))).))))....(((((.(((..........)))..)))))..,19,-6.345,16,0,0.000026
2777,..(.....)..(..((((....(((....)))...))))..)..((((((...................)))))).,15,-6.345,25,0,0.000026
2778,.......(.(((.(((......(((....))))))..))).)..((((((..((.....))........)))))).,18,-6.345,29,0,0.000026
2779,..(((..(((.((.(.(......)..)...)).))).)))....((((((...................)))))).,16,-6.345,10,0,0.000026
2780,.......(((.((...(...........).)).)))........((((((......((.........)))))))).,14,-6.345,10,0,0.000026
2781,.......(((.((.((.........))...)).)))..(.....)(((((...................)))))..,13,-6.344,3,0,0.000026
2782,.((((..(((.((.((.........))...)).))).))))...((((((.(....((...))...)..)))))).,20,-6.344,14,0,0.000026
2783,.((..(.(((.((.(((.......)))...)).))).).))...((((((...................)))))).,17,-6.344,8,0,0.000026
2784,..(((..(((.((.((.(.....).))...)).))).)))....((((((..((.....))........)))))).,19,-6.343,12,0,0.000026
2785,.((((..(((.((.(((.......)))...)).))).))))...((((((......((...(....))))))))).,21,-6.343,16,0,0.000026
2786,...((..(((.((.((.........))...)).))).)).....(((((((.((.....))).......)))))).,18,-6.343,10,0,0.000026
2787,.......(((.((.((.........))...)).)))............((.....))..((.(.(...).)..)).,13,-6.343,19,0,0.000026
2788,.....(((((((.(((......(((....))))))..))))).))..(((.....)))....(.(...).).....,18,-6.342,47,0,0.000026
2789,..........((.(((......(((....))))))..)).....((((((.......(.....).....)))))).,15,-6.342,25,0,0.000026
2790,..........((.(((......(((....))))))..)).....((((((...........(......))))))).,15,-6.341,25,0,0.000026
2791,...(((.(((((.(((......(((....))))))..)))))..)))......((.(((.......)))..))...,19,-6.341,49,0,0.000026
2792,.......(((((.(((......((......)))))..)))))..((((((..(..............).)))))).,17,-6.34,26,0,0.000026
2793,...(((((((.((.(((.......)))...)).))).......)))).....((.....))...............,14,-6.34,23,0,0.000026
2794,.........(.((.((.........))...)).)..........((((((..((.....))........)))))).,13,-6.34,8,0,0.000026
2795,.(((.(.(((.((.((.........))...)).))).))))...((((((.(((.(......).)))..)))))).,21,-6.34,16,0,0.000026
2796,.......(((.((.(.((.....)).)...)).)))........((((((...................)))))).,14,-6.34,6,0,0.000026
2797,.......(((.(((((((.....)))).)).).)))........((((((......((.........)))))))).,18,-6.339,13,0,0.000026
2798,.......(((.(((((((.....)))).).)).)))........((((((......((.........)))))))).,18,-6.339,10,0,0.000026
2799,.......(((.((.(((.......)))...)).)))........((((((.....)..............))))).,14,-6.339,5,0,0.000026
2800,.(((...(((.((.((.........))...)).)))..)))...(((((((.((.....))....)...)))))).,19,-6.337,12,0,0.000025
2801,.......(((.(((((.(.....).)).)).).)))........((((((...................)))))).,15,-6.337,7,0,0.000025
2802,.......(((.(((((.(.....).)).).)).)))........((((((...................)))))).,15,-6.337,4,0,0.000025
2803,.((((..(((.(((((.........)).)).).))).))))...((((((..............(...))))))).,19,-6.336,15,0,0.000025
2804,.((((..(((.(((((.........)).).)).))).))))...((((((..............(...))))))).,19,-6.336,12,0,0.000025
2805,.......(((.((.((.........))...)).)))........((((((((.....).).........)))))).,15,-6.335,4,0,0.000025
2806,...(((((((.((.((.........))...)).))).......)))).((.....))..((.(.(...).)..)).,17,-6.335,24,0,0.000025
2807,.......(((.((.((.(.....).))...)).)))........((((((.((...(.....)..))..)))))).,17,-6.334,8,0,0.000025
2808,.((((..(((.((.((((.....))))...)).))).))))...(((((((.(..........).)...)))))).,21,-6.334,16,0,0.000025
2809,..(((..(((.((.((.........))...)).))).)))....((((((.....))..............)))).,16,-6.333,12,0,0.000025
2810,...(((((((((.(((......(((....))))))..))))).))))...............(.(...))......,17,-6.333,46,0,0.000025
2811,...(...(((.((.(((.......)))...)).)))..).....((((((.(((..(.....).)))..)))))).,19,-6.333,12,0,0.000025
2812,...(...(((.((.(((.......)))...)).)))..).....((((((.(..............)..)))))).,16,-6.332,6,0,0.000025
2813,.((((..(((.((.((.........))...)).))).))))...(((((.......(.....).......))))).,17,-6.332,12,0,0.000025
2814,...(((((((((.(((......(((....))))))..))))).))))..((.((.....))...))...(....).,20,-6.332,50,0,0.000025
2815,..(((..(((.((.................)).))).)))....(((((((..(.....).).......)))))).,16,-6.332,14,0,0.000025
2816,..(.....).....(((.....(((....)))....))).....((((((.((............))..)))))).,15,-6.331,27,0,0.000025
2817,.((((..(((.((....(.....)......)).))).))))...((((((...................)))))).,16,-6.331,14,0,0.000025
2818,...(((((((((.((((......((....))))))..))))).))))..((....))...................,17,-6.33,46,0,0.000025
2819,......((((.((.(((.......)))...)).))).)......((((((.(((..(.....).)))..)))))).,19,-6.33,12,0,0.000025
2820,.......(((((.(((......(((....))))))..)))))..((((((......(.....).(...))))))).,19,-6.329,30,0,0.000025
2821,......((((.((.(((.......)))...)).))).)......((((((.(..............)..)))))).,16,-6.329,6,0,0.000025
2822,..((...(((.((.(((.......)))...)).)))..))....(((((((........).........)))))).,17,-6.329,8,0,0.000025
2823,..............(((.....(((....)))....))).....(((((((.....)............)))))).,13,-6.329,24,0,0.000025
2824,.(((...(((.((.((((.....))))...)).)))..)))...((((((.(((.....)).....)..)))))).,21,-6.329,16,0,0.000025
2825,.((((..(((.(((.(.......).)....)).))).))))...((((((...................)))))).,17,-6.329,14,0,0.000025
2826,.......(((.((.((.........))...)).)))........(((((((........)....(...))))))).,15,-6.329,4,0,0.000025
2827,.(((...(((.((.((.(...)...))...)).)))..)))...((((((...................)))))).,17,-6.328,8,0,0.000025
2828,..........((.(((......(((....))))))..)).....((((((...(..((...))..)...)))))).,17,-6.328,29,0,0.000025
2829,..(((..(((.((.((.........))...)).))).)))....(.((((...................)))).).,15,-6.328,8,0,0.000025
2830,.....(.(((.((.((.........))...)).))).)......((((((..((.....))........)))))).,16,-6.328,6,0,0.000025
2831,.......(((.((.((.........))...)).)))........((((((.(.....(...)....)..)))))).,15,-6.327,4,0,0.000025
2832,...(((((((.((.(((.......)))...)).))).......))))...............(.(...).).....,14,-6.327,22,0,0.000025
2833,.......(((((.(((......(((....))))))..)))))..((((((...(...(.....).)...)))))).,19,-6.327,30,0,0.000025
2834,.......(((.((.(...........)...)).)))........((((((.....(............))))))).,13,-6.327,4,0,0.000025
2835,..............(((.....(((....)))....))).....((((((...(..........)....)))))).,13,-6.327,24,0,0.000025
2836,.((((..(((.((.((((.....))))...)).))).))))...((((((.(.(..(.....).).)..)))))).,22,-6.326,18,0,0.000025
2837,......................(((....))).(.......)..((((((...................)))))).,10,-6.326,19,0,0.000025
2838,.......(((.((.................)).)))........((((((...(.....).........)))))).,12,-6.326,6,0,0.000025
2839,.......(((.((.((.(.....).))...)).)))........((((((.((..(......)..))..)))))).,17,-6.325,8,0,0.000025
2840,......................(((....)))............((((((.(((.(......).)))..)))))).,13,-6.325,26,0,0.000025
2841,..((...(((.((.((.........))...)).)))..))....((((((.(....(.....)...)..)))))).,17,-6.325,8,0,0.000025
2842,.......(((.((.((.........))...)).)))........(((((((.....(.....)..)...)))))).,15,-6.325,4,0,0.000025
2843,.......(((.((.(..............))).)))........(((((((.....)............)))))).,13,-6.325,7,0,0.000025
2844,..(((..(((.((.((.........))...)).))).)))....((((((.(.(.......)....)..)))))).,18,-6.325,10,0,0.000025
2845,.......(((.((.((.........))...)).)))........(((((((.(...(.....)).)...)))))).,16,-6.325,6,0,0.000025
2846,.......(((.((.(((.......)))...)).)))............((.....)).....(.(...).).....,12,-6.325,19,0,0.000025
2847,.((((..(((.((.(..............))).))).))))...((((((.(((..(.....).)))..)))))).,20,-6.324,21,0,0.000025
2848,.((((..(((.((.(..............))).))).))))...((((((.(..............)..)))))).,17,-6.324,15,0,0.000025
2849,..(((..(((.((.((((.....))))..).).))).)))....((((((...................)))))).,18,-6.324,13,0,0.000025
2850,..((...(((.((.((.........))...)).)))..))....((((((...(.....)....(...))))))).,17,-6.323,8,0,0.000025
2851,...(...)......(((.....(((....)))....))).....((((((...................)))))).,13,-6.323,23,0,0.000025
2852,.......(((.((.((.........))...)).)))...........(((..............))).........,10,-6.323,15,0,0.000025
2853,.......(((.((.((.........))...)).)))..(....)((((((..((..........))...)))))).,16,-6.323,6,0,0.000025
2854,.......(((.((.................)).)))........((((((..((...........).).)))))).,13,-6.323,8,0,0.000025
2855,...((((.((((.(((......(((....))))))..))))..))))..((....)).....((.......))...,18,-6.322,47,0,0.000025
2856,.......(((.((.(..............))).)))........((((((...(..........)....)))))).,13,-6.322,7,0,0.000025
2857,...(((((((((.(((......(((....))))))..))))).)))).((.....)).....(.(...))......,19,-6.322,48,0,0.000025
2858,..((.(.(((.((.((((.....))))...)).))).)))....((((((......((.........)))))))).,20,-6.321,14,0,0.000025
2859,.......(((.((.((.........))...)).)))........((((((..(.......)...(...))))))).,15,-6.321,4,0,0.000025
2860,.......(((.((.((.........))...)).)))...........(((..((.....))...))).........,12,-6.321,19,0,0.000025
2861,..(((..(((.((.((((.....))))...)).))).)))....((((((..(...(.....)....).)))))).,20,-6.321,14,0,0.000025
2862,...(((((.(((.(((......(((....))))))..))).).))))..((....)).....(.(...).).....,18,-6.321,48,0,0.000025
2863,.......(((.((.((((.....))))...)).)))...........(((.....)))....(.(...).).....,14,-6.321,22,0,0.000025
2864,..(((..(((.((.(((....)...))...)).))).)))....((((((.((............))..)))))).,19,-6.32,12,0,0.000025
2865,...(((((((((.(((......(((....))))))..))))).))))............((.((.......)))).,19,-6.32,47,0,0.000025
2866,...(...........)......(((....)))............((((((...................)))))).,10,-6.32,19,0,0.000025
2867,.((((..(((.((.((.........))...)).))).))))...((((((..((.(......)..).).)))))).,20,-6.32,14,0,0.000025
2868,..(((..(((.((.((.........))...)).))).)))....((((((.....)))..............))).,16,-6.32,15,0,0.000025
2869,.......(((.((.((.........))...)).)))..(....)((((((..((.....))...(...))))))).,17,-6.319,8,0,0.000025
2870,..(((..(((.((.((.........))..).).))).)))....((((((......(((.......))))))))).,19,-6.319,15,0,0.000025
2871,..((.(.(((.((.((.(.....).))...)).))).)))....((((((...................)))))).,17,-6.319,8,0,0.000025
2872,..(((..(((.((.(.(.......).)...)).))).)))....((((((...................)))))).,16,-6.319,10,0,0.000025
2873,...(((((((((.(((......(((....))))))..))))).))))..((....))....(((.......)).).,20,-6.319,49,0,0.000025
2874,...(((((((((.(((......((......)))))..))))).))))..((....))...................,16,-6.319,44,0,0.000025
2875,......(.....).(((.....(((....)))....))).....((((((...................)))))).,13,-6.319,23,0,0.000025
2876,..(((..(((.((((((.......))).)).).))).)))....((((((......((.........)))))))).,20,-6.319,17,0,0.000025
2877,..(((..(((.((((((.......))).).)).))).)))....((((((......((.........)))))))).,20,-6.319,14,0,0.000025
2878,.......(((.((.((.(...)...))...)).)))........((((((..(..............).)))))).,15,-6.318,4,0,0.000025
2879,.((((..(((.((.((.(......)))...)).))).))))...((((((...................)))))).,18,-6.318,10,0,0.000025
2880,..((...(((.((.(((.......)))...)).)))..))....((((((...(.(......).)....)))))).,18,-6.318,10,0,0.000025
2881,...........(..(((.....(((....)))....)))..)..((((((.(((..........)))..)))))).,16,-6.316,29,0,0.000025
2882,.((((..(((.((.((((.....))))...)).))).))))...((((.......................)))).,17,-6.316,16,0,0.000025
2883,.......(((.((.((.........))...)).)))........(((((....(..(.....)..)....))))).,14,-6.316,6,0,0.000025
2884,.(((...(((.((.................)).)))..)))...((((((..((.....))........)))))).,16,-6.316,14,0,0.000025
2885,...(((((((.((.(((.......)))...)).))).......)))).((.....)).....(.(...).).....,16,-6.316,24,0,0.000025
2886,..((...........)).....(((....)))............((((((......(((.......))))))))).,14,-6.316,27,0,0.000025
2887,..((...(((.((.((((.....))))...)).)))..))....((((((......((...))......)))))).,19,-6.316,12,0,0.000025
2888,...(((((.(((.(((......(((....))))))..))).).))))(((.....)))..................,17,-6.316,45,0,0.000025
2889,.......(((.((.(((.......)))...)).)))........((((((......(.........)..)))))).,15,-6.316,4,0,0.000025
2890,.((((..(((.((.((.........))...)).))).))))...(((((...((.....))...(...).))))).,19,-6.315,16,0,0.000025
2891,...(((((((((.(((......(((....))))))..))))).))))..((.............))...(....).,18,-6.314,46,0,0.000024
2892,.(((.(.(((.((.................)).))).))))...((((((......(((.......))))))))).,18,-6.314,18,0,0.000024
2893,........((.((.(((.......)))...)).)).........((((((.(((..(.....).)))..)))))).,17,-6.314,12,0,0.000024
2894,........((.((.(((.......)))...)).)).........((((((.(..............)..)))))).,14,-6.314,6,0,0.000024
2895,.((((..(((.((.((.........))...)).))).))))...((((((..(...((...))....).)))))).,20,-6.313,14,0,0.000024
2896,.......(((.((.(...........)...)).)))........((((((..(............)...)))))).,13,-6.312,4,0,0.000024
2897,.......(((.((.((.........))...)).)))..(.....)..(((.....)))..(.(......).)....,13,-6.312,18,0,0.000024
2898,.......(((.((.((((.....))))...)).))).........(((((......((.........)))))))..,16,-6.312,10,0,0.000024
2899,.......(((.((.(..............))).)))..(....)((((((...................)))))).,13,-6.311,7,0,0.000024
2900,...((..(((.((.((((.....))))...)).))).)).....((((((..((.....))........)))))).,19,-6.311,12,0,0.000024
2901,..(.....).....(((.....(((....)))....))).....(((((.....................))))).,12,-6.311,25,0,0.000024
2902,.......(((.((.((.........))...)).)))...........(((.....))).........((...))..,12,-6.311,17,0,0.000024
2903,.......(((.((..........(.....))).)))........((((((.(((..........)))..)))))).,15,-6.31,12,0,0.000024
2904,.......(((.((.(((.......)))...)).)))..(....)...(((.....)))..................,12,-6.31,19,0,0.000024
2905,.......(((.((.(((....)...))...)).)))........((((((..((.....))........)))))).,16,-6.31,6,0,0.000024
2906,.......(((.((.((.(.....).))...)).))).........(((((...................)))))..,13,-6.309,4,0,0.000024
2907,.......(((.((.(((.......)))...)).)))..(.....).((((...................))))...,13,-6.309,7,0,0.000024
2908,...(((((((((.(((......(((....))))))..))))).)))).((.....))..((.((.......)))).,21,-6.309,49,0,0.000024
2909,.......(((.((.(((.......)))...)).)))..........((((.(((..........)))..))))...,15,-6.309,12,0,0.000024
2910,.((((..(((.((.((.........))...)).))).))))....(((((..............(...))))))..,17,-6.308,12,0,0.000024
2911,...((((((.((.(((......(((....))))))..)).)).)))).............................,14,-6.308,42,0,0.000024
2912,.......(((((.(((......(((....))))))..)))))..((((((.(.(.(......)..))..)))))).,20,-6.308,32,0,0.000024
2913,...(((((((((.(((......(((....))))))..))))).)))).....((.....))......(.....)..,18,-6.308,48,0,0.000024
2914,.......(((.((.(...........)...)).)))........((((((......(...........))))))).,13,-6.308,4,0,0.000024
2915,.(((...(((.((.((.........))...)).)))..)))...(((((((.(..........).)...)))))).,18,-6.307,10,0,0.000024
2916,.((((..(((.((.((.........))...)).))).))))...(((((.(..............)....))))).,17,-6.306,12,0,0.000024
2917,.......(((((.(((......(((....))))))..)))))..((((((......((..(.....))))))))).,20,-6.306,32,0,0.000024
2918,.......(((.((.((.........))...)).)))........((((((.....(..(.......).))))))).,15,-6.306,4,0,0.000024
2919,..(.....).............(((....)))............((((((......((.........)))))))).,12,-6.306,23,0,0.000024
2920,.......(((.((.((.........))...)).)))........((((((......(...(.....).))))))).,15,-6.306,4,0,0.000024
2921,...(((.(((((.(((......(((....))))))..)))))..)))......(.....)................,15,-6.306,43,0,0.000024
2922,.......(((.((.((.........))...)).))).....((.(.....).))......................,10,-6.305,17,0,0.000024
2923,.......(((((.(((................)))..)))))..((((((.(((.(......).)))..)))))).,18,-6.305,30,0,0.000024
2924,...(((((((((.(((......(((....))))))..))))).))))(((.....)))............(...).,19,-6.305,46,0,0.000024
2925,.......(((.((.((((.....))))...)).)))..(....)((((((.(((..(.....).)))..)))))).,20,-6.304,14,0,0.000024
2926,.......(((.((.((((.....))))...)).)))..(....)((((((.(..............)..)))))).,17,-6.304,8,0,0.000024
2927,.((((..(((.((.((.........))...)).))).))))...((((((.......(.......)...)))))).,18,-6.304,10,0,0.000024
2928,...(((.(((((.(((......(((....))))))..)))))..))).........(.....).............,15,-6.303,43,0,0.000024
2929,...((.....))..........(((....)))............((((((......(((.......))))))))).,14,-6.303,27,0,0.000024
2930,...(...(((.((.(((.......)))...)).)))..).....((((((..(..............).)))))).,16,-6.302,6,0,0.000024
2931,..((...(((.((.(((.......)))...)).)))..))....(((((((.((.....))).......)))))).,19,-6.301,12,0,0.000024
2932,...(((.(((((.(((......(((....))))))..)))))..)))..((....))............(....).,17,-6.301,44,0,0.000024
2933,.......(((.((.((.(.....).))...)).)))........((((((..((..(.....).))...)))))).,17,-6.3,8,0,0.000024
2934,..(((..(((.(..((.........))....).))).)))....((((((...................)))))).,15,-6.3,8,0,0.000024
2935,..(((..(((.((.(..(.....)..)...)).))).)))....((((((...................)))))).,16,-6.3,10,0,0.000024
2936,..(((..(((.(((((.........)).)).).))).)))....((((((.(((..(.....).)))..)))))).,21,-6.3,19,0,0.000024
2937,..(((..(((.(((((.........)).).)).))).)))....((((((.(((..(.....).)))..)))))).,21,-6.3,16,0,0.000024
2938,..(((..(((.((.(((.......)))...)).))).))).......(((.....)))....(.(...).).....,16,-6.3,26,0,0.000024
2939,..(((..(((.(((((.........)).)).).))).)))....((((((.(..............)..)))))).,18,-6.3,13,0,0.000024
2940,..(((..(((.(((((.........)).).)).))).)))....((((((.(..............)..)))))).,18,-6.3,10,0,0.000024
2941,..(((..(((.((.(((....)...))...)).))).)))....(((((.....................))))).,16,-6.3,10,0,0.000024
2942,......((((.((.(((.......)))...)).))).....)..((((((......(((.......))))))))).,18,-6.3,10,0,0.000024
2943,..(((..(((.((.((((.....))))...)).))).)))....((((((...(..((...)).)....)))))).,21,-6.299,16,0,0.000024
2944,.(((...(((.((.((.........))...)).)))..)))...((((((.(.(..(.....).).)..)))))).,19,-6.299,12,0,0.000024
2945,..(((..(((.(((.(.........)..)).).))).)))....((((((...................)))))).,16,-6.299,13,0,0.000024
2946,..(((..(((.(((.(.........)..).)).))).)))....((((((...................)))))).,16,-6.299,10,0,0.000024
2947,(...)..(((((.(((......(((....))))))..)))))..((((((...................)))))).,18,-6.299,28,0,0.000024
2948,..(((..(((.((.((((.....))))...)).))).)))....((((((...(.......).......)))))).,19,-6.299,12,0,0.000024
2949,......((((.((.(((.......)))...)).))).)......((((((..(..............).)))))).,16,-6.298,6,0,0.000024
2950,...((((.((((.(((......(((....))))))..))))..))))..((.((.....))...))..........,18,-6.298,49,0,0.000024
2951,..((...(((.((.................)).)))..))....((((((.(((.(......).)))..)))))).,17,-6.298,16,0,0.000024
2952,.......(((.((.(...........)...)).)))........(((((((.((.....))...)....)))))).,15,-6.298,8,0,0.000024
2953,.......(((.((.(...........)...)).)))........(((((((.((.....))...))....))))).,15,-6.298,11,0,0.000024
2954,...(((((((((.(((......(((....))))))..))))).)))).................(.........).,16,-6.297,44,0,0.000024
2955,.(((...(((.((.((((.....))))...)).)))..)))...(((((((.....)............)))))).,19,-6.297,12,0,0.000024
2956,...((((((.((.(((......(((....))))))..)).)).)))).((.....))...................,16,-6.297,44,0,0.000024
2957,..((...(((.((.((.........))..).).)))..))....((((((...................)))))).,15,-6.297,7,0,0.000024
2958,..(.....).....(((.....(((....)))....))).....((((((......(.....)......)))))).,14,-6.296,25,0,0.000024
2959,.......(((.((.((.........))...)).)))........((((((..(....(...).....).)))))).,15,-6.296,4,0,0.000024
2960,.......(((((.(((......(((....))))))..)))))..(((((...((.....)).........))))).,18,-6.296,32,0,0.000024
2961,.......(((.(((..............)).).)))........((((((.((............))..)))))).,14,-6.296,13,0,0.000024
2962,.......(((.(((..............).)).)))........((((((.((............))..)))))).,14,-6.296,10,0,0.000024
2963,......................(((....)))(.....).....((((((...................)))))).,10,-6.296,20,0,0.000024
2964,...((((.((((.(((......(((....))))))..))))..))))..((....))..((............)).,18,-6.296,47,0,0.000024
2965,.......(((.((...(........)....)).)))........((((((...................)))))).,12,-6.295,5,0,0.000024
2966,.(((...(((.((.((((.....))))...)).)))..)))...((((((...(..........)....)))))).,19,-6.295,12,0,0.000024
2967,..((...(((.((.((.........))...)).)))..))....((((((..(...(.....)....).)))))).,17,-6.294,8,0,0.000024
2968,.((((..(((.((.................)).))).))))...((((((.......(...).......)))))).,16,-6.294,14,0,0.000024
2969,..((.(..((.((.((((.....))))...)).))..)))....((((((...................)))))).,17,-6.294,12,0,0.000024
2970,.((((..(((.((.((((.....))))...)).))).))))...((((((.(....(.....)...)..)))))).,21,-6.294,16,0,0.000024
2971,...(((((((.((.((((.....))))...)).))).......))))..((....)).....(.(...).).....,17,-6.293,27,0,0.000024
2972,.((((..(((.((.(..............))).))).))))...((((((..(..............).)))))).,17,-6.293,15,0,0.000024
2973,...(((((((((.(((......(((....))))))..))))).))))...((...................))...,17,-6.293,45,0,0.000024
2974,..(((..(((.((.((.........))...)).))).)))......((((......((.........))))))...,16,-6.292,14,0,0.000024
2975,.((((..(((.((.((((.....))))...)).))).))))...((((((...(.....)....(...))))))).,21,-6.292,16,0,0.000024
2976,.......(((.((((((.......))).)).).)))........((((((...(...........)...)))))).,16,-6.292,9,0,0.000024
2977,.......(((.((((((.......))).).)).)))........((((((...(...........)...)))))).,16,-6.292,6,0,0.000024
2978,.......(((.((.(((.......)))...)).)))..........((((.....))).)................,12,-6.292,18,0,0.000024
2979,...(((.(((((.(((......(((....))))))..)))))..)))(((.....)))..(.(......).)....,19,-6.291,46,0,0.000024
2980,..(((..(((.((.(((.......)))...)).))).))).....(((((......((.........)))))))..,18,-6.291,14,0,0.000024
2981,.((((..(.(.((.((.........))...)).).).))))...((((((...................)))))).,16,-6.291,10,0,0.000024
2982,.......(((.((.((.........))...)).)))..(....)...(((.....)))....(.(...).).....,13,-6.29,20,0,0.000024
2983,...(((((((((.(((......(((....))))))..))))).))))............(..............).,16,-6.29,44,0,0.000024
2984,.......(((.((.(((.......)))...)).)))........((((((.((....(...)...))..)))))).,17,-6.29,8,0,0.000024
2985,......(.((((.(((......(((....))))))..)))))..((((((...................)))))).,17,-6.29,27,0,0.000023
2986,.......(((.((.((.........))...)).)))........((((((..(.....).....(...))))))).,15,-6.29,4,0,0.000023
2987,.((((..(((.((.................)).))).)))).....((((...................))))...,13,-6.29,16,0,0.000023
2988,.......(((.((.((.........))...)).)))........((((((...(.....).(......))))))).,15,-6.29,4,0,0.000023
2989,..((.(..((.((.((.........))...)).))..)))....((((((......(((.......))))))))).,18,-6.289,14,0,0.000023
2990,.(((...(((.((.((.........))...)).)))..)))...((((.......................)))).,14,-6.289,10,0,0.000023
2991,.......(((.(.(((.........)).)..).)))........((((((......((.........)))))))).,15,-6.289,8,0,0.000023
2992,..(.....).((.(((......(((....))))))..)).....((((((.((............))..)))))).,17,-6.289,28,0,0.000023
2993,..............(((.....(((....)))....))).....((((((......((...))......)))))).,14,-6.289,26,0,0.000023
2994,.......(....).(((.....(((....)))....))).....((((((...................)))))).,13,-6.288,22,0,0.000023
2995,.......(((.((.((((.....))))...)).)))........((((((..((.....).......).)))))).,17,-6.288,8,0,0.000023
2996,...(((((((.((.((((.....))))...)).))).......))))(((.....)))..................,16,-6.288,24,0,0.000023
2997,.......((.((..........(((....))).....)).))..((((((...................)))))).,13,-6.288,23,0,0.000023
2998,.......(((.((.(...........)...)).)))........(((((((..............)...)))))).,13,-6.288,4,0,0.000023
2999,..(((..(((.((.(...........)...)).))).)))....((((((...(...........)...)))))).,16,-6.288,10,0,0.000023
3000,.(((..(.((.((.((.........))...)).)))..)))...((((((...................)))))).,16,-6.287,9,0,0.000023
3001,...(.(.(((.((.((((.....))))...)).))).)).....((((((...................)))))).,17,-6.287,8,0,0.000023
3002,.......(((.((.(((.......)))...)).)))........((((((..............)).....)))).,14,-6.286,8,0,0.000023
3003,...(((((((((.(((......(((....))))))..))))).)))).((.....)).......(.........).,18,-6.286,46,0,0.000023
3004,......................(((....)))((...)).....((((((......(((.......))))))))).,14,-6.286,27,0,0.000023
3005,.((((..(((.((.(.(......)..)...)).))).))))...((((((...................)))))).,17,-6.286,12,0,0.000023
3006,..(((..(((.((.(((....)...))...)).))).)))....((((((......(.....)......)))))).,18,-6.286,10,0,0.000023
3007,.......(((.((.((.........))...)).)))........((((((.....((.....).....))))))).,15,-6.285,4,0,0.000023
3008,.......(((.((.(..............))).)))........((((((......((...))......)))))).,14,-6.285,9,0,0.000023
3009,.((((..(((.((.((.(.....).))...)).))).))))...((((((..((.....))........)))))).,20,-6.285,14,0,0.000023
3010,.......(((.((.(((.......)))...)).)))........((((((..((.....))...)).....)))).,16,-6.285,12,0,0.000023
3011,..(((..(((.((.................)).))).)))....((((((.(.(..........).)..)))))).,16,-6.284,14,0,0.000023
3012,...(...(((.((.((.........))...)).)))..).....((((((..((.....))........)))))).,16,-6.284,6,0,0.000023
3013,.......(((.((.(((.......)))...)).)))........((((((..(..(......).)....)))))).,16,-6.284,6,0,0.000023
3014,...((..(((.((((((.......))).)).).))).)).....((((((...................)))))).,17,-6.284,11,0,0.000023
3015,...((..(((.((((((.......))).).)).))).)).....((((((...................)))))).,17,-6.284,8,0,0.000023
3016,...(((((((.((.((.........))...)).))).......))))..((....))..........((...))..,15,-6.283,22,0,0.000023
3017,...........(..((((....(((....)))...))))..)..((((((......(((.......))))))))).,17,-6.283,30,0,0.000023
3018,........((.((.(((.......)))...)).)).........((((((..(..............).)))))).,14,-6.283,6,0,0.000023
3019,.(.((..(((.((.((((.....))))...)).))).)).)...((((((...................)))))).,18,-6.282,10,0,0.000023
3020,...(.(.(((.((.((.........))...)).))).)).....((((((......(((.......))))))))).,18,-6.282,10,0,0.000023
3021,.......(((.((.................)).)))........(((((((.(.....)..).......)))))).,13,-6.282,8,0,0.000023
3022,..(((..(((.((.((.........))...)).))).)))....((((((..((..(.....).)..).)))))).,19,-6.282,12,0,0.000023
3023,...((..(((.((.(((.......)))...)).))).)).....((((((.((...(.....)..))..)))))).,19,-6.281,12,0,0.000023
3024,.......((.((.(((......(((....))))))..)).))..((((((.(((.....)).....)..)))))).,19,-6.281,31,0,0.000023
3025,......((((.((.((.........))...)).))).)......((((((..((.....))........)))))).,16,-6.281,6,0,0.000023
3026,.......(((.((.((.........))...)).)))........(((((.(.((.....))...).....))))).,15,-6.281,8,0,0.000023
3027,.......(((.((.((.........))...)).)))........(((((.(.((.....))....)....))))).,15,-6.281,8,0,0.000023
3028,...((((.((((.(((......(((....))))))..))))..))))..((.............))..........,16,-6.281,45,0,0.000023
3029,.......(((.((.................)).)))........((((((..((..(.....)..).).)))))).,14,-6.28,10,0,0.000023
3030,.......(((.((.(((.......)))...)).)))........((((((....(..(.....)..)..)))))).,16,-6.28,6,0,0.000023
3031,.......(((.((.................)).)))........((((((..(...(.....)..)...)))))).,13,-6.28,8,0,0.000023
3032,.......(((.((.(...........)...)).)))........(((((((.............)....)))))).,13,-6.28,4,0,0.000023
3033,.......(((.((.(...........)...)).)))........(((((((.............))....))))).,13,-6.28,7,0,0.000023
3034,...........(..(((.....(((....)))....)))..)..((((((..............(...))))))).,14,-6.28,25,0,0.000023
3035,.......(((.((.((.(.....).))...)).)))........(((((((..........).......)))))).,15,-6.28,4,0,0.000023
3036,..(((..(((.((.((((.....))))...)).))).)))....((((((.(...(......)...)..)))))).,20,-6.279,14,0,0.000023
3037,...(((((((((.(((......(((....))))))..))))).)))).((.....))..(..............).,18,-6.279,46,0,0.000023
3038,..............(((.....((......))....))).....((((((...................)))))).,11,-6.279,20,0,0.000023
3039,.(.((..(((.((.((.........))...)).))).)).)...((((((......(((.......))))))))).,19,-6.278,12,0,0.000023
3040,.......(((.((.(((.......)))..).).)))........((((((......((.........)))))))).,16,-6.278,9,0,0.000023
3041,..((...)).............(((....)))((...)).....((((((...................)))))).,13,-6.277,23,0,0.000023
3042,.......(((.((.................)).)))..(....)((((((.((............))..)))))).,14,-6.277,10,0,0.000023
3043,.......(((.((.((.........))...)).)))........((((((......((...)).(...))))))).,16,-6.276,6,0,0.000023
3044,..........((.(((................)))..)).....((((((......(((.......))))))))).,14,-6.276,25,0,0.000023
3045,..(.....)..(((.......))).(((........))).....((((((...................)))))).,13,-6.275,23,0,0.000023
3046,.......(((.(((..............)).).)))........(((((.....................))))).,11,-6.275,11,0,0.000023
3047,.......(((.(((..............).)).)))........(((((.....................))))).,11,-6.275,8,0,0.000023
3048,.((((..(((.((.((.........))...)).))).))))...((((((.....))..............)))).,17,-6.275,14,0,0.000023
3049,...(((((((((.(((......(((....))))))..))))).))))(((...................)))....,18,-6.275,37,0,0.000023
3050,.......(((.(((((.........)).)).).)))........((((((.(((.....)).....)..)))))).,17,-6.275,11,0,0.000023
3051,.......(((.(((((.........)).).)).)))........((((((.(((.....)).....)..)))))).,17,-6.275,8,0,0.000023
3052,..((.(.(((.((.(((.......)))...)).))).)))....((((((...(...........)...)))))).,18,-6.274,10,0,0.000023
3053,...(((((((((.(((......(((....))))))..))))).))))......(..(((.......))).).....,19,-6.273,50,0,0.000023
3054,..((...))..(..((((....(((....)))...))))..)..((((((...................)))))).,16,-6.273,26,0,0.000023
3055,.......(((.((.(((.......)))...)).)))........((((((.(((.......)...))..)))))).,17,-6.273,8,0,0.000023
3056,.......(((.((..........(.....))).)))........((((((..............(...))))))).,13,-6.273,8,0,0.000023
3057,.......(((.((.((((.....))))...)).)))..(....)((((((..(..............).)))))).,17,-6.273,8,0,0.000023
3058,.((((..(((.((.................)).))).))))...(((((((..(.....).).......)))))).,17,-6.273,16,0,0.000023
3059,..(.....).....((......(((....)))))..........((((((...................)))))).,12,-6.273,20,0,0.000023
3060,.......(((.((.(((.......)))...)).)))........((((((..............))).....))).,14,-6.273,11,0,0.000023
3061,...(((((((.((.((.........))...)).))).......)))).................(...).......,12,-6.273,19,0,0.000023
3062,...(((((((((.(((......(((....))))))..))))).))))(((.....)))..........(...)...,19,-6.273,47,0,0.000023
3063,..(((..(((.((.((.........))...)).))).))).....(((((.(((..(.....).)))..)))))..,19,-6.273,16,0,0.000023
3064,...(((.(((((.(((......(((....))))))..)))))..)))............((.(.(...).)..)).,18,-6.273,46,0,0.000023
3065,..((...(((.((.((.........))...)).)))..))....((((((...(..((...)).)....)))))).,18,-6.272,10,0,0.000023
3066,.......(((.((.................)).)))........((((((....(...........)..)))))).,12,-6.272,6,0,0.000023
3067,..(((..(((.((.((.........))...)).))).))).....(((((.(..............)..)))))..,16,-6.272,10,0,0.000023
3068,...((..(((.((.(((.......)))...)).))).)).....((((((.((..(......)..))..)))))).,19,-6.272,12,0,0.000023
3069,.......(((.((.(((.......)))...)).)))..........((((..............(...)))))...,13,-6.272,8,0,0.000023
3070,.......(((.((.((.........))...)).)))..........((((.....))).)..(.(...).).....,13,-6.272,19,0,0.000023
3071,..((...(((.((.((.........))...)).)))..))....((((((...(.......).......)))))).,16,-6.272,6,0,0.000023
3072,.......(((.((.(((.......)))...)).)))........((((((..((.....))...))).....))).,16,-6.271,15,0,0.000023
3073,.......(((.((.................)).)))........((((((..(..(......)..)...)))))).,13,-6.271,8,0,0.000023
3074,.......(((.((.(...........)...)).)))........((((((.(((..((...)).)))..)))))).,17,-6.271,12,0,0.000023
3075,.(((...(((.((.(((.......)))...)).)))..)))...(((((((........).........)))))).,18,-6.271,10,0,0.000023
3076,.......(((.((.((.........))...)).)))............((.....)).......(...).......,10,-6.271,16,0,0.000023
3077,.((((..(((.((.((.........))...)).))).))))...(.((((...................)))).).,16,-6.27,10,0,0.000023
3078,.......(((.((.(((.......)))...)).)))........((((((..((.......).....).)))))).,16,-6.27,6,0,0.000023
3079,...(((((((.((.((.........))...)).))).......)))).............(.(.(...)).)....,14,-6.269,21,0,0.000023
3080,.......(((.((.((.........))...)).)))........((((((..(..(..........)).)))))).,15,-6.269,4,0,0.000023
3081,.......(((.((.................)).)))........((((((.(.(.(......).).)..)))))).,14,-6.269,10,0,0.000023
3082,..(((..(((.(((((.........)).)).).))).)))....((((((..(..............).)))))).,18,-6.269,13,0,0.000023
3083,..(((..(((.(((((.........)).).)).))).)))....((((((..(..............).)))))).,18,-6.269,10,0,0.000023
3084,.......(((.((.((.........))...)).)))........(((((....(.....)....(...).))))).,14,-6.269,6,0,0.000023
3085,..(.....).((.(((......(((....))))))..)).....(((((.....................))))).,14,-6.269,26,0,0.000023
3086,.......(.(((.(((......(((....))))))..))).)..((((((.(((.(......).)))..)))))).,20,-6.268,33,0,0.000023
3087,..(((..(((.((.(((.......)))...)).))).)))....((((((..((.....).......).)))))).,19,-6.268,12,0,0.000023
3088,.......(((.((((.......))......)).)))........((((((......((.........)))))))).,15,-6.267,11,0,0.000023
3089,.......(((.((.((.........))...)).)))............((.....))...(.(.(...)).)....,12,-6.267,18,0,0.000023
3090,.(((...(((.((.((.........))...)).)))..)))...((((((.(....(.....)...)..)))))).,18,-6.267,10,0,0.000023
3091,..(((..(((.((.((.(.....).))...)).))).)))....((((((.(((.(......).)))..)))))).,21,-6.267,16,0,0.000023
3092,..(((..(((.((.((.........))...)).))).)))....((((((.......((.......)).)))))).,18,-6.266,10,0,0.000023
3093,.......(((.((.................)).)))........(((((.(..................)))))).,11,-6.266,7,0,0.000023
3094,.......(((.((.................)).)))........((((.((..................)))))).,11,-6.266,9,0,0.000023
3095,.((((..(((.((.((.........))...)).))).))))...((((((.(.(.......)....)..)))))).,19,-6.266,12,0,0.000023
3096,...(((((((((.(((......(((....))))))..))))).))))...............(......)......,16,-6.266,44,0,0.000023
3097,.......(((.((.((.........))...)).)))..........((((...(...........)...))))...,12,-6.266,6,0,0.000023
3098,........((.((.((.........))...)).)).........((((((..((.....))........)))))).,14,-6.265,6,0,0.000023
3099,.((((..(((.((.((((.....))))..).).))).))))...((((((...................)))))).,19,-6.265,15,0,0.000023
3100,.(((...(((.((.((.........))...)).)))..)))...((((((...(.....)....(...))))))).,18,-6.265,10,0,0.000023
3101,...(((((((((.(((......(((....))))))..))))).))))............((...(...)....)).,18,-6.265,47,0,0.000023
3102,.......(((((.(((......(((....))))))..)))))..((((((.....(..........)..)))))).,18,-6.264,28,0,0.000023
3103,..(((..(((.((.((.........))...)).))).)))....((((((.(((...(...)..)))..)))))).,20,-6.264,14,0,0.000022
3104,.......(((.((.(((.......)))...)).))).........(((((...(...........)...)))))..,14,-6.264,6,0,0.000022
3105,.......(((((.(((......(((....))))))..)))))...(((((.((............))..)))))..,18,-6.263,32,0,0.000022
3106,.......(((.((.((.........))...)).)))........(((((.(.............).....))))).,13,-6.263,4,0,0.000022
3107,.........(.((.((.........))...)).)..........((((((.(((.(......).)))..)))))).,15,-6.263,12,0,0.000022
3108,.(((.(.(((.((.((((.....))))...)).))).))))...((((((......((.........)))))))).,21,-6.263,16,0,0.000022
3109,.((((..(((.((.((((.....))))...)).))).))))...((((((..(...(.....)....).)))))).,21,-6.263,16,0,0.000022
3110,...((..(((.((.((.........))...)).))).)).....((((((.......(...).......)))))).,16,-6.262,6,0,0.000022
3111,...(((((((.((.((.........))...)).))).......)))).((.....)).......(...).......,14,-6.262,21,0,0.000022
3112,.((((..(((.((.(((....)...))...)).))).))))...((((((.((............))..)))))).,20,-6.262,14,0,0.000022
3113,...(((.(((((.(((......(((....))))))..)))))..))).((.....))..((.(.(...).)..)).,20,-6.262,48,0,0.000022
3114,.((((..(((.((.((.........))...)).))).))))...((((((.....)))..............))).,17,-6.261,17,0,0.000022
3115,.......(((.(((..............)).).)))........((((((......(.....)......)))))).,13,-6.261,11,0,0.000022
3116,.......(((.(((..............).)).)))........((((((......(.....)......)))))).,13,-6.261,8,0,0.000022
3117,...........(((.......))).((.....))..........((((((.((............))..)))))).,13,-6.261,23,0,0.000022
3118,.((((..(((.((.((.........))..).).))).))))...((((((......(((.......))))))))).,20,-6.261,17,0,0.000022
3119,.(((.(.(((.((.((.(.....).))...)).))).))))...((((((...................)))))).,18,-6.261,10,0,0.000022
3120,.((((..(((.((.(.(.......).)...)).))).))))...((((((...................)))))).,17,-6.26,12,0,0.000022
3121,.......(((.((.(((.......)))...)).)))........((((((.((.......).....)..)))))).,16,-6.26,6,0,0.000022
3122,.((((..(((.((((((.......))).)).).))).))))...((((((......((.........)))))))).,21,-6.26,19,0,0.000022
3123,.((((..(((.((((((.......))).).)).))).))))...((((((......((.........)))))))).,21,-6.26,16,0,0.000022
3124,..((...)).....(((.....(((....)))....))).....((((((.((............))..)))))).,16,-6.26,28,0,0.000022
3125,.......(((.((.((.........))..).).)))........((((((.(((..(.....).)))..)))))).,17,-6.259,11,0,0.000022
3126,.......(((.((.((.........))..).).)))........((((((.(..............)..)))))).,14,-6.259,5,0,0.000022
3127,.(((...(((.((.(((.......)))...)).)))..)))...((((((...(.(......).)....)))))).,19,-6.259,12,0,0.000022
3128,.......(((.((.((((.....))))...)).)))..........((((......(((.......)))))))...,16,-6.259,14,0,0.000022
3129,..(.....).....(((.....(((....)))....))).....((((((.(((..........)))..)))))).,16,-6.259,29,0,0.000022
3130,...(((((((.((.((.........))...)).))).......)))).((.....))...(.(.(...)).)....,16,-6.258,23,0,0.000022
3131,.......(((.((.((.........))...)).))).....(...(((((...................)))))).,13,-6.258,3,0,0.000022
3132,.......(((.((.(((.......)))...)).)))..(....)((((((.(((.....)).....)..)))))).,18,-6.258,10,0,0.000022
3133,...(((((((((.(((......(((....))))))..))))).))))(((.....))).(.((.(...).))..).,22,-6.258,51,0,0.000022
3134,...((..(((.((.((.........))...)).))).)).......((((...................))))...,13,-6.258,8,0,0.000022
3135,..(((..(((.((.((.........))...)).))).)))...((....)).........................,12,-6.258,20,0,0.000022
3136,...(((((((((.(((......(((....))))))..))))).))))...............(.........)...,16,-6.257,44,0,0.000022
3137,.......(((((.((((..............))))..)))))..((((((.(((..(.....).)))..)))))).,19,-6.257,31,0,0.000022
3138,.(((...(((.((.((((.....))))...)).)))..)))...((((((......((...))......)))))).,20,-6.257,14,0,0.000022
3139,.......(((((.((((..............))))..)))))..((((((.(..............)..)))))).,16,-6.257,25,0,0.000022
3140,.......(((.((.((((.....))))...)).)))........((((((..(...........)....)))))).,16,-6.257,6,0,0.000022
3141,..((.(.(((.((.((.........))...)).))).)))....((((((.(((.....)).....)..)))))).,19,-6.257,12,0,0.000022
3142,...((..(((.((.(((.......)))...)).))).))......(((((...................)))))..,15,-6.256,8,0,0.000022
3143,.......(((.((.................)).)))..(....)(((((.....................))))).,11,-6.256,8,0,0.000022
3144,.(.(...(((.((.((.........))...)).)))..).)...((((((...................)))))).,15,-6.255,4,0,0.000022
3145,.......(((.((.((((.....))))...)).)))........((((((.........(.(....).))))))).,17,-6.255,8,0,0.000022
3146,...(((((((((.(((......(((....))))))..))))).)))).((.....)).....(......)......,18,-6.255,46,0,0.000022
3147,..(.....).((.(((......(((....))))))..)).....((((((......(.....)......)))))).,16,-6.254,26,0,0.000022
3148,..(....(((.((.(((.......)))...)).)))...)....((((((...................)))))).,15,-6.254,4,0,0.000022
3149,.......(((.((..(.......)......)).)))........((((((...................)))))).,12,-6.254,5,0,0.000022
3150,..((...(((.((.(...........)...)).)))..))....((((((......(((.......))))))))).,17,-6.254,12,0,0.000022
3151,...(((((((((.(((......(((....))))))..))))).)))).((.....))..((...(...)....)).,20,-6.254,49,0,0.000022
3152,.......(((.((...((.....)).....)).)))........((((((...................)))))).,13,-6.254,8,0,0.000022
3153,.......(((.((((((.......))).)).).)))........((((((.....(......)......)))))).,16,-6.253,9,0,0.000022
3154,.......(((.((((((.......))).).)).)))........((((((.....(......)......)))))).,16,-6.253,6,0,0.000022
3155,.......(((.((.................)).)))........((((((.(((.....).....))..)))))).,14,-6.253,10,0,0.000022
3156,..((...(((.((.((.........))...)).)))..))....((((((.(...(......)...)..)))))).,17,-6.252,8,0,0.000022
3157,..((...(((.((.((((.....))))...)).)))..))....(((((((....)).............))))).,18,-6.252,13,0,0.000022
3158,..((...(((.((.((((.....))))...)).)))..))....(((((((....).............)))))).,18,-6.252,10,0,0.000022
3159,...(((((((((.(((......(((....))))))..))))).))))..((....))..((.(.......)..)).,20,-6.251,49,0,0.000022
3160,.......(((.((.((.........))...)).)))........(((((.(.(..........).)....))))).,14,-6.251,6,0,0.000022
3161,.....(.(((.((.((.........))...)).))).)......((((((.(((.(......).)))..)))))).,18,-6.251,10,0,0.000022
3162,.......(((.((.((((.....))))...)).)))........((((((..(..(......)....).)))))).,17,-6.25,8,0,0.000022
3163,..((...(((.((.((((.....))))...)).)))..))....((((((...(.(......)..)...)))))).,19,-6.25,12,0,0.000022
3164,.......((.((.(((......(((....))))))..)).))..(((((((.....)............)))))).,17,-6.249,27,0,0.000022
3165,.......(((.((((((.......))).)).).)))........((((((...(..(.....)..)...)))))).,17,-6.249,11,0,0.000022
3166,.......(((.((((((.......))).).)).)))........((((((...(..(.....)..)...)))))).,17,-6.249,8,0,0.000022
3167,..(((..(((.((.(...........)...)).))).)))....((((((.....(......)......)))))).,16,-6.249,10,0,0.000022
3168,.......(((.((.(((.......)))...)).)))........(((..((..................)).))).,13,-6.248,9,0,0.000022
3169,..(((..(((.((.(((....)...))...)).))).)))....((((((.(((..........)))..)))))).,20,-6.248,14,0,0.000022
3170,...((..(((.((.(((.......)))...)).))).)).....((((((..((..(.....).))...)))))).,19,-6.247,12,0,0.000022
3171,.......(((.((.((.........))...)).))).........(((((.(((.....)).....)..)))))..,15,-6.247,8,0,0.000022
3172,.......((.((.(((......(((....))))))..)).))..((((((...(..........)....)))))).,17,-6.247,27,0,0.000022
3173,.......(((.((...........(....))).)))........((((((......((.........)))))))).,14,-6.247,10,0,0.000022
3174,...(((((((((.(((......(((....))))))..))))).)))).((.....)).....(.........)...,18,-6.246,46,0,0.000022
3175,...((((..(((.(((......(((....))))))..)))...))))..((....))..((.(.(...).)..)).,19,-6.246,49,0,0.000022
3176,..(((..(((.((.((.........))...)).))).))).......(((.....)))......(...).......,14,-6.246,23,0,0.000022
3177,..........((.(((......(((....))))))..)).....(((((((........).........)))))).,15,-6.245,25,0,0.000022
3178,..(((..(((.((.(...........)...)).))).)))....((((((...(..(.....)..)...)))))).,17,-6.245,12,0,0.000022
3179,.........(.....)......(((....)))............((((((.((............))..)))))).,12,-6.245,22,0,0.000022
3180,.......(((.((.((.........))...)).)))........((((((......(..(......).))))))).,15,-6.244,4,0,0.000022
3181,.(((...(((.((.(((.......)))...)).)))..)))...(((((((.((.....))).......)))))).,20,-6.243,14,0,0.000022
3182,.......(((.(((((.........)).)).).)))........(((((((.....)............)))))).,15,-6.243,7,0,0.000022
3183,.......(((.(((((.........)).).)).)))........(((((((.....)............)))))).,15,-6.243,4,0,0.000022
3184,.......(((((.(((......(((....))))))..)))))...((((.....................))))..,15,-6.243,30,0,0.000022
3185,..(((..(((.((.((.........))...)).))).))).......(((.....)))..(.(.(...)).)....,16,-6.242,25,0,0.000022
3186,...((((...((.(((......(((....))))))..))....)))).............................,12,-6.242,40,0,0.000022
3187,.......(((.((.................)).)))..(....)((((((......(.....)......)))))).,13,-6.242,8,0,0.000022
3188,.((((..(((.(..((.........))....).))).))))...((((((...................)))))).,16,-6.242,10,0,0.000022
3189,.((((..(((.((.(..(.....)..)...)).))).))))...((((((...................)))))).,17,-6.242,12,0,0.000022
3190,.((((..(((.(((((.........)).)).).))).))))...((((((.(((..(.....).)))..)))))).,22,-6.241,21,0,0.000022
3191,.((((..(((.(((((.........)).).)).))).))))...((((((.(((..(.....).)))..)))))).,22,-6.241,18,0,0.000022
3192,..(((..(((.((.((.........))...)).))).))).....(((((..(..............).)))))..,16,-6.241,10,0,0.000022
3193,.((((..(((.((.(((.......)))...)).))).))))......(((.....)))....(.(...).).....,17,-6.241,28,0,0.000022
3194,.((((..(((.(((((.........)).)).).))).))))...((((((.(..............)..)))))).,19,-6.241,15,0,0.000022
3195,.((((..(((.(((((.........)).).)).))).))))...((((((.(..............)..)))))).,19,-6.241,12,0,0.000022
3196,...((..(((.((.((.........))...)).))).)).....(((((((..(.....).).......)))))).,17,-6.241,8,0,0.000022
3197,.((((..(((.((.(((....)...))...)).))).))))...(((((.....................))))).,17,-6.241,12,0,0.000022
3198,.((((..(((.((.((((.....))))...)).))).))))...((((((...(..((...)).)....)))))).,22,-6.241,18,0,0.000022
3199,.((((..(((.(((.(.........)..)).).))).))))...((((((...................)))))).,17,-6.24,15,0,0.000022
3200,.((((..(((.(((.(.........)..).)).))).))))...((((((...................)))))).,17,-6.24,12,0,0.000022
3201,...........(((.......))).((.....))..........(((((.....................))))).,10,-6.24,21,0,0.000022
3202,.((((..(((.((.((((.....))))...)).))).))))...((((((...(.......).......)))))).,20,-6.24,14,0,0.000022
3203,.......(((.(((((.........)).)).).)))........((((((...(..........)....)))))).,15,-6.24,7,0,0.000022
3204,.......(((.(((((.........)).).)).)))........((((((...(..........)....)))))).,15,-6.24,4,0,0.000022
3205,.......(((.((.(((.......)))...)).)))..(.....)...((.....))...................,11,-6.24,17,0,0.000022
3206,.......(((.((.(...........)...)).)))........((((((..((..........))...)))))).,14,-6.24,6,0,0.000022
3207,..((...)).....(((.....(((....)))....))).....(((((.....................))))).,13,-6.239,26,0,0.000022
3208,.(((...(((.((.................)).)))..)))...((((((.(((.(......).)))..)))))).,18,-6.239,18,0,0.000022
3209,.......(((.((.((.........))...)).)))..........(..((....))..)................,10,-6.239,16,0,0.000022
3210,..(((..(((.((..........(.....))).))).)))....((((((......(((.......))))))))).,18,-6.239,18,0,0.000022
3211,.(((...(((.((.((.........))..).).)))..)))...((((((...................)))))).,16,-6.238,9,0,0.000022
3212,..(((..(((.((.(((.......)))...)).))).)))......((((......(((.......)))))))...,18,-6.238,18,0,0.000022
3213,.......(((.((.((.........))...)).)))........((((((..........(.....)..)))))).,14,-6.238,2,0,0.000022
3214,.........(.((.................)).)..........((((((......(((.......))))))))).,12,-6.238,14,0,0.000022
3215,..(((..(((.((.((.........))...)).))).)))....((((((..(.......)........)))))).,17,-6.237,8,0,0.000021
3216,..(((..(((.((.(((.......)))...)).))).)))....((((((..(...........)....)))))).,18,-6.236,10,0,0.000021
3217,.......(((.((.(...........)...)).)))........((((((..((.....))...(...))))))).,15,-6.236,8,0,0.000021
3218,.......(((.((.((((.....))))...)).)))..(.....)..(((.....)))..................,13,-6.236,20,0,0.000021
3219,.(((...(((.((.((.........))...)).)))..)))...((((((..(...(.....)....).)))))).,18,-6.236,10,0,0.000021
3220,.......(((.((....((........)).)).)))........((((((......((.........)))))))).,15,-6.236,12,0,0.000021
3221,.(((.(..((.((.((((.....))))...)).))..))))...((((((...................)))))).,18,-6.235,14,0,0.000021
3222,..((.(.(((.((.(((.......)))...)).))).)))....((((((.....(......)......)))))).,18,-6.235,10,0,0.000021
3223,.......(((.(.((((.......))).)..).)))........((((((......(((.......))))))))).,17,-6.235,12,0,0.000021
3224,..((...)).............(((....)))............((((((......((.........)))))))).,13,-6.235,24,0,0.000021
3225,..(((..(((.((.(((.......)))...)).))).)))....((((((.........(.(....).))))))).,19,-6.234,12,0,0.000021
3226,...((..(((.((.((((.....))))...)).))).)).....((((((.(((.(......).)))..)))))).,21,-6.234,16,0,0.000021
3227,.((((..(((.((.((.........))...)).))).)))).....((((......((.........))))))...,17,-6.234,16,0,0.000021
3228,..........((.(((......(((....))))))..)).....((((((...(.(......).)....)))))).,16,-6.233,27,0,0.000021
3229,..(((..(((.((...(.......).....)).))).)))....((((((...................)))))).,15,-6.233,12,0,0.000021
3230,.......(((.((.((((.....))))...)).)))..(....)..((((...................))))...,14,-6.233,10,0,0.000021
3231,.......(......).......(((....)))............((((((...................)))))).,10,-6.233,18,0,0.000021
3232,.......(((.((.(((....)...))...)).)))........((((((.(((.(......).)))..)))))).,18,-6.233,10,0,0.000021
3233,.((((..(((.((.(((.......)))...)).))).))))....(((((......((.........)))))))..,19,-6.232,16,0,0.000021
3234,.......(((.((..(........).....)).)))........((((((......(((.......))))))))).,15,-6.232,11,0,0.000021
3235,..((.(.(((.((.(((.......)))...)).))).)))....((((((...(..(.....)..)...)))))).,19,-6.231,12,0,0.000021
3236,...((((...((.(((......(((....))))))..))....)))).((.....))...................,14,-6.231,42,0,0.000021
3237,.((((..(((.((.((.........))...)).))).)))..).((((((...................)))))).,17,-6.231,8,0,0.000021
3238,.(((.(..((.((.((.........))...)).))..))))...((((((......(((.......))))))))).,19,-6.231,16,0,0.000021
3239,..(((..(((.((.(((.......)))...)).))).)))....((((((..(..(......)....).)))))).,19,-6.23,12,0,0.000021
3240,.......(((.((.((.........))...)).))).......((....))..((.(((.......)))..))...,14,-6.23,22,0,0.000021
3241,.((((..(((.((.(...........)...)).))).))))...((((((...(...........)...)))))).,17,-6.229,12,0,0.000021
3242,.......(((.((.((.........))...)).)))........(((((((.((.......).).)...)))))).,16,-6.229,6,0,0.000021
3243,.......(((.((.(((.......)))...)).)))........((((((.((.....).......)..)))))).,16,-6.229,6,0,0.000021
3244,.......(((.(((((.........)).)).).)))..(....)((((((...................)))))).,15,-6.229,7,0,0.000021
3245,.......(((.(((((.........)).).)).)))..(....)((((((...................)))))).,15,-6.229,4,0,0.000021
3246,.......(((.((.((.........))...)).)))..(....)..((((......(((.......)))))))...,15,-6.228,12,0,0.000021
3247,.......(((((.(((......(((....))))))..)))))...(((((......(.....)......)))))..,17,-6.228,30,0,0.000021
3248,.......(((.((.((.........))..).).)))........((((((..(..............).)))))).,14,-6.228,5,0,0.000021
3249,.......(((.((.(((.......)))...)).)))........((((((.(((...(.....))))..)))))).,18,-6.228,10,0,0.000021
3250,...((((.((((.(((......(((....))))))..))))..))))(((.....)))......(...).......,18,-6.228,47,0,0.000021
3251,.......(((((.(((......(((....))))))..)))))......((.....))...................,13,-6.227,40,0,0.000021
3252,.((((..(((.((.(((....)...))...)).))).))))...((((((......(.....)......)))))).,19,-6.227,12,0,0.000021
3253,.......(((.((.((.........))...)).)))..........((((.....(......)......))))...,12,-6.227,6,0,0.000021
3254,...((..(((.((.(((.......)))...)).))).)).....(((((((..........).......)))))).,17,-6.226,8,0,0.000021
3255,.......(((.((.(((.......)))...)).)))..(....)(((((((.....)............)))))).,16,-6.226,6,0,0.000021
3256,..(((..(((.((.((.........))...)).))).)))....((((((..((.....))(......))))))).,19,-6.226,12,0,0.000021
3257,..........(....)......(((....)))((...)).....((((((...................)))))).,12,-6.226,22,0,0.000021
3258,.......(((.((.((.........))...)).)))..(....)((((((.((...(.....)..))..)))))).,17,-6.226,8,0,0.000021
3259,.......(((((.((((..............))))..)))))..((((((..(..............).)))))).,16,-6.226,25,0,0.000021
3260,...........(((.......))).((.....))..........((((((......(.....)......)))))).,12,-6.226,21,0,0.000021
3261,.......(((.((.((((.....))))...)).)))........((((((......(.....).(...))))))).,17,-6.226,8,0,0.000021
3262,.((((..(((.((.................)).))).))))...((((((.(.(..........).)..)))))).,17,-6.225,16,0,0.000021
3263,.......(((.((.(((.......)))...)).))).........(((((.....(......)......)))))..,14,-6.225,6,0,0.000021
3264,..............(((.....(((....)))....))).....(((((((....).............)))))).,13,-6.225,24,0,0.000021
3265,..............(((.....(((....)))....))).....(((((((....)).............))))).,13,-6.225,27,0,0.000021
3266,.....(.(((.((.................)).))).)......((((((......(((.......))))))))).,15,-6.225,12,0,0.000021
3267,..((...)).....(((.....(((....)))....))).....((((((......(.....)......)))))).,15,-6.225,26,0,0.000021
3268,.......(((.((.(((.......)))...)).)))........((((((.......(.........).)))))).,15,-6.225,4,0,0.000021
3269,..(.....).....((((....(((....)))...)))).....((((((......(((.......))))))))).,17,-6.225,30,0,0.000021
3270,..((.(.(((.((.((.........))...)).))).)))....(((((((.....)............)))))).,17,-6.225,8,0,0.000021
3271,.......(((.((.(((.......)))...)).)))........((((((..((..((...))..).).)))))).,18,-6.225,10,0,0.000021
3272,.......(((.((.(((.......)))...)).)))........((((((..(...((...))..)...)))))).,17,-6.225,8,0,0.000021
3273,.........(.....)......(((....)))............(((((.....................))))).,9,-6.224,20,0,0.000021
3274,...((((.((((.(((......(((....))))))..))))..))))(((.....)))..(.(.(...)).)....,20,-6.224,49,0,0.000021
3275,.......(((.((.(((.......)))...)).)))..(....)((((((...(..........)....)))))).,16,-6.224,6,0,0.000021
3276,..............(((.....(((....)))....))).....((((((...(.(......)..)...)))))).,14,-6.223,26,0,0.000021
3277,.......(((.((.((((.....))))...)).)))........((((((...(...(.....).)...)))))).,17,-6.223,8,0,0.000021
3278,.......(((.(((..............)).).)))........((((((.(((..........)))..)))))).,15,-6.223,15,0,0.000021
3279,.......(((.(((..............).)).)))........((((((.(((..........)))..)))))).,15,-6.223,12,0,0.000021
3280,.....(....((.(((......(((....))))))..))..)..((((((...................)))))).,15,-6.223,25,0,0.000021
3281,.((((..(((.((.((.........))...)).))).))))...((((((..((..(.....).)..).)))))).,20,-6.223,14,0,0.000021
3282,.......(((.((.((.........))...)).)))..........((((...(..(.....)..)...))))...,13,-6.223,8,0,0.000021
3283,..(((..(((.(...................).))).)))....((((((......((.........)))))))).,15,-6.223,16,0,0.000021
3284,..((...(((.((.((((.....))))...)).)))..))....((((((...(..(.....).)....)))))).,19,-6.222,12,0,0.000021
3285,..((.(.(((.((.((.........))...)).))).)))....((((((...(..........)....)))))).,17,-6.222,8,0,0.000021
3286,.......(((.((.(((.......)))...)).)))........(((((((....)).......(...).))))).,16,-6.222,9,0,0.000021
3287,.......(((((.(((......(((....))))))..)))))..((((((.(.(..((...)).).)..)))))).,21,-6.222,34,0,0.000021
3288,..(.....).....(((.....(((....)))....))).....((((((..............(...))))))).,14,-6.222,25,0,0.000021
3289,.......(((.((.(((.......)))...)).))).........(((((...(..(.....)..)...)))))..,15,-6.222,8,0,0.000021
3290,.......(((.((.(..............))).)))........(((((((....)).............))))).,13,-6.221,10,0,0.000021
3291,.......(((.((.(..............))).)))........(((((((....).............)))))).,13,-6.221,7,0,0.000021
3292,.((((..(((.((.((((.....))))...)).))).))))...((((((.(...(......)...)..)))))).,21,-6.221,16,0,0.000021
3293,.......(((.((.((.........))...)).)))..(.....)...((.....)).....(.(...).).....,12,-6.22,18,0,0.000021
3294,...(((((((((.(((......(((....))))))..))))).))))(((.....)))..(.....).........,19,-6.22,48,0,0.000021
3295,..((...(((.((.(((.......)))...)).)))..))....((((((.......(...).......)))))).,17,-6.22,8,0,0.000021
3296,...(((((((((.(((......(((....))))))..))))).))))..((....))..(........).......,18,-6.22,48,0,0.000021
3297,.......(((.((.(((.......)))...)).)))...........(((.....)))....((.......))...,13,-6.22,19,0,0.000021
3298,.......(((.((.(..............))).)))........((((((...(.(......)..)...)))))).,14,-6.219,9,0,0.000021
3299,.......(((.(((.....)..........)).)))........((((((......(((.......))))))))).,15,-6.219,12,0,0.000021
3300,..((...)).((.(((......(((....))))))..)).....((((((.((............))..)))))).,18,-6.218,29,0,0.000021
3301,.......(((.((....(.......)....)).)))........((((((...................)))))).,12,-6.218,5,0,0.000021
3302,..........((.(((......(((....))))))..)).....(((((((.((.....))).......)))))).,17,-6.217,29,0,0.000021
3303,.......(((.((.((.........))...)).)))..(....)((((((.((..(......)..))..)))))).,17,-6.217,8,0,0.000021
3304,.......(((.((............(...))).)))........((((((...................)))))).,12,-6.217,5,0,0.000021
3305,..((...(((.((..........(.....))).)))..))....((((((...................)))))).,14,-6.217,10,0,0.000021
3306,..(.....).((.(((......(((....))))))..)).....((((((.(((..........)))..)))))).,18,-6.217,30,0,0.000021
3307,..((...(((.((.(((.......)))...)).)))..))......((((...................))))...,14,-6.216,10,0,0.000021
3308,...((..(((.((.................)).))).)).....((((((...(...........)...)))))).,14,-6.215,10,0,0.000021
3309,........((((.(((......(((....))))))..))))...((((((......((.........)))))))).,18,-6.215,29,0,0.000021
3310,.(((.(.(((.((.(((.......)))...)).))).))))...((((((...(...........)...)))))).,19,-6.215,12,0,0.000021
3311,.......(((.((.((.........))...)).))).........((((((.....)............)))))..,13,-6.215,4,0,0.000021
3312,.....(((((((.(((......(((....))))))..))))).)).((((...................))))...,17,-6.214,33,0,0.000021
3313,.((((..(((.((.((.........))...)).))).))))....(((((.(((..(.....).)))..)))))..,20,-6.214,18,0,0.000021
3314,.(((...(((.((.((.........))...)).)))..)))...((((((...(..((...)).)....)))))).,19,-6.214,12,0,0.000021
3315,.((((..(((.((.((.........))...)).))).))))....(((((.(..............)..)))))..,17,-6.214,12,0,0.000021
3316,...........(((.......))).(((........))).....((((((......(((.......))))))))).,15,-6.213,28,0,0.000021
3317,.(((...(((.((.((.........))...)).)))..)))...((((((...(.......).......)))))).,17,-6.213,8,0,0.000021
3318,.......((.((.(((......(((....))))))..))...))((((((...................)))))).,16,-6.213,25,0,0.000021
3319,.......(((.((.((((...)..)))...)).)))........((((((......((.........)))))))).,17,-6.213,8,0,0.000021
3320,.......(((.((.((.........))...)).))).........(((((...(..........)....)))))..,13,-6.212,4,0,0.000021
3321,..(((..(((.((.................)).))).)))....((((((..((.(......).))...)))))).,17,-6.212,16,0,0.000021
3322,.......(((.((.((.(.....).))...)).)))........((((((.........(........))))))).,15,-6.211,4,0,0.000021
3323,..............((......(((....)))))..........((((((......(((.......))))))))).,14,-6.211,25,0,0.000021
3324,..(((..(((.((.(((....)...))...)).))).)))....((((((..............(...))))))).,18,-6.211,10,0,0.000021
3325,.......(((((..........(((....))).....)))))..((((((...(...........)...)))))).,15,-6.211,26,0,0.000021
3326,.......((.((.((((......((....))))))..)).))..((((((...................)))))).,16,-6.211,25,0,0.000021
3327,...(((.(((((.(((......(((....))))))..)))))..)))..((....))..........((...))..,18,-6.21,46,0,0.000021
3328,.((((..(((.(((((.........)).)).).))).))))...((((((..(..............).)))))).,19,-6.21,15,0,0.000021
3329,.((((..(((.(((((.........)).).)).))).))))...((((((..(..............).)))))).,19,-6.21,12,0,0.000021
3330,.........(.....)......(((....)))............((((((......(.....)......)))))).,11,-6.21,20,0,0.000021
3331,.......((.((.(((......(((....))))))..)).))..((((((......((...))......)))))).,18,-6.209,29,0,0.000021
3332,.((((..(((.((.(((.......)))...)).))).))))...((((((..((.....).......).)))))).,20,-6.209,14,0,0.000020
3333,..(.(..(((.((.................)).))).).)....((((((...................)))))).,13,-6.208,8,0,0.000020
3334,.((((..(((.((.((.(.....).))...)).))).))))...((((((.(((.(......).)))..)))))).,22,-6.208,18,0,0.000020
3335,.((((..(((.((.((.........))...)).))).))))...((((((.......((.......)).)))))).,19,-6.208,12,0,0.000020
3336,...(((((((((.(((......(((....))))))..))))).))))(((.....)))....(.......).....,19,-6.208,47,0,0.000020
3337,.....(...)....(((.....(((....)))....))).....((((((...................)))))).,13,-6.208,23,0,0.000020
3338,...(...(((.((.((.........))...)).)))..).....((((((.(((.(......).)))..)))))).,18,-6.207,10,0,0.000020
3339,...((((.((((.(((......(((....))))))..))))..))))......((.(((.......)))..))...,19,-6.207,50,0,0.000020
3340,.((((..(((.((.((.........))...)).))).))))...((((((.(((...(...)..)))..)))))).,21,-6.206,16,0,0.000020
3341,..(((..(((.((.(((.......)))...)).))).)))....((((((......(.....).(...))))))).,19,-6.205,12,0,0.000020
3342,.......(((.((.((.........))...)).)))...........(((.....))).........(.....)..,11,-6.205,16,0,0.000020
3343,...(((((((((.(((......(((....))))))..))))).))))......(.....).........(....).,17,-6.205,45,0,0.000020
3344,...(((((((((.((((..............))))..))))).))))..((....))...................,15,-6.204,43,0,0.000020
3345,.......(((.((.((((.....))))...)).)))........((((((.(.(.(......)..))..)))))).,18,-6.204,10,0,0.000020
3346,......((((.((.((.........))...)).))).)......((((((.(((.(......).)))..)))))).,18,-6.204,10,0,0.000020
3347,..((...))..(((.......))).(((........))).....((((((...................)))))).,14,-6.204,24,0,0.000020
3348,.......(((.((.................)).)))..(....)((((((.(((..........)))..)))))).,15,-6.204,12,0,0.000020
3349,.......(((.((.((((.....))))...)).)))........((((((......((..(.....))))))))).,18,-6.203,10,0,0.000020
3350,...((((..(((.(((......(((....))))))..)))...))))(((.....)))....(.(...).).....,18,-6.203,47,0,0.000020
3351,..(((..(((.((.(((.......)))...)).))).)))....((((((...(...(.....).)...)))))).,19,-6.203,12,0,0.000020
3352,.......(((.(((((.........)).)).).)))........((((((......((...))......)))))).,16,-6.203,9,0,0.000020
3353,.......(((.(((((.........)).).)).)))........((((((......((...))......)))))).,16,-6.203,6,0,0.000020
3354,..((...(((.((.((((.....))))...)).)))..))....((((((.....(............))))))).,18,-6.202,10,0,0.000020
3355,...(((((((((.(((......(((....))))))..))))).)))).........(.....)......(....).,17,-6.202,45,0,0.000020
3356,......((((.((.((.........))...)).))).....)..((((((.((............))..)))))).,16,-6.202,6,0,0.000020
3357,...(((((((.((.((.........))...)).))).......)))).............(.(......).)....,13,-6.202,19,0,0.000020
3358,..((...)).....((......(((....)))))..........((((((...................)))))).,13,-6.202,21,0,0.000020
3359,...(((((((((.(((......(((....))))))..))))).))))...((((...............))))...,19,-6.201,47,0,0.000020
3360,.......(((.((.(((.......)))...)).))).............((....))...................,10,-6.2,17,0,0.000020
3361,..(((..(((.((.((.........))...)).))).)))....((((((.....(......).(...))))))).,18,-6.2,10,0,0.000020
3362,...(((.(((((.(((......(((....))))))..)))))..))).................(...).......,15,-6.2,43,0,0.000020
3363,.......(((((.(((......(((....))))))..)))))..((((((..((..........)..).)))))).,19,-6.2,30,0,0.000020
3364,.......(((.((.((.........))...)).)))............((.....))...(.(......).)....,11,-6.2,16,0,0.000020
3365,...(((((((((.(((......(((....))))))..))))).))))...............(((...)..))...,18,-6.199,47,0,0.000020
3366,..((...(((.((.(((.......)))...)).)))..))....(((((((..(.....).).......)))))).,18,-6.199,10,0,0.000020
3367,.((((..(((.((.((.........))...)).))).))))..((....)).........................,13,-6.199,22,0,0.000020
3368,.......((.((.(((......((......)))))..)).))..((((((...................)))))).,15,-6.199,23,0,0.000020
3369,.(((.(.(((.((.((.........))...)).))).))))...((((((.(((.....)).....)..)))))).,20,-6.198,14,0,0.000020
3370,.......(((.((.((((.....))))...)).))).......(.(((((...................)))))).,15,-6.198,7,0,0.000020
3371,..((...)).((.(((......(((....))))))..)).....(((((.....................))))).,15,-6.197,27,0,0.000020
3372,...((.....))..(((.....(((....)))....))).....((((((......((.........)))))))).,16,-6.197,29,0,0.000020
3373,...(((.(((((.(((......(((....))))))..)))))..))).............(.(.(...)).)....,17,-6.196,45,0,0.000020
3374,.......(((((.(((......(((....))))))..)))))..((((((..(..........).....)))))).,18,-6.196,28,0,0.000020
3375,.......(((.(...................).)))........((((((...(...........)...)))))).,11,-6.196,8,0,0.000020
3376,..............(((.....(((....)))....))).....((((((...(..(.....).)....)))))).,14,-6.196,26,0,0.000020
3377,.((....(((.((.(((.......)))...)).)))...))...((((((...................)))))).,16,-6.196,6,0,0.000020
3378,.(((...(((.((.(...........)...)).)))..)))...((((((......(((.......))))))))).,18,-6.195,14,0,0.000020
3379,(...)..(((.((.((((.....))))...)).)))........((((((...................)))))).,16,-6.195,6,0,0.000020
3380,.....(....)...(((.....(((....)))....))).....((((((......(((.......))))))))).,16,-6.195,30,0,0.000020
3381,.(((...(((.((.((.........))...)).)))..)))...((((((.(...(......)...)..)))))).,18,-6.194,10,0,0.000020
3382,.......(((.((.((.........))...)).))).......((....))..(.....)................,10,-6.194,16,0,0.000020
3383,...((..(((.((.((.........))...)).))).)).....((((((.(.(..........).)..)))))).,17,-6.194,8,0,0.000020
3384,.......(((.((.((.........))...)).))).......(.(((((......(((.......))))))))).,16,-6.193,9,0,0.000020
3385,.(((...(((.((.((((.....))))...)).)))..)))...(((((((....)).............))))).,19,-6.193,15,0,0.000020
3386,.(((...(((.((.((((.....))))...)).)))..)))...(((((((....).............)))))).,19,-6.193,12,0,0.000020
3387,...(((((((.((.(((.......)))...)).))).......))))..((....)).....((.......))...,16,-6.193,24,0,0.000020
3388,.......(((.((.((((.....))))...)).)))........(((((...((.....)).........))))).,16,-6.193,10,0,0.000020
3389,.......(((.((...(...........).)).)))........((((((.((............))..)))))).,14,-6.192,10,0,0.000020
3390,.......(((.((.((.........))...)).)))..(....)((((((..((..(.....).))...)))))).,17,-6.192,8,0,0.000020
3391,.......(((.((.(..............))).)))........((((((...(..(.....).)....)))))).,14,-6.192,9,0,0.000020
3392,.(((...(((.((.((((.....))))...)).)))..)))...((((((...(.(......)..)...)))))).,20,-6.191,14,0,0.000020
3393,..(((..(((.((.................)).))).)))....(((((((.((.....))....)...)))))).,17,-6.191,16,0,0.000020
3394,.......(((.((.................)).)))........((((((......((...(....))))))))).,14,-6.191,10,0,0.000020
3395,.......(((.((.((.........))...)).))).......((....)).....(.....).............,10,-6.191,16,0,0.000020
3396,...(((((((.((.((.........))...)).))).......)))).((.....))...(.(......).)....,15,-6.191,21,0,0.000020
3397,(...)..(((.((.((.........))...)).)))........((((((......(((.......))))))))).,17,-6.191,8,0,0.000020
3398,...(((((((((.(((................)))..))))).)))).............................,12,-6.191,39,0,0.000020
3399,.......(((((.(((......(((....))))))..)))))...(((((.(((..........)))..)))))..,19,-6.191,34,0,0.000020
3400,.((((..(((.((.(...........)...)).))).))))...((((((.....(......)......)))))).,17,-6.19,12,0,0.000020
3401,.......(((((.(((......(((....))))))..)))))..((((((.(....((...))...)..)))))).,20,-6.189,32,0,0.000020
3402,.((((..(((.((.(((....)...))...)).))).))))...((((((.(((..........)))..)))))).,21,-6.189,16,0,0.000020
3403,...(((.(((((.(((......(((....))))))..)))))..))).((.....)).......(...).......,17,-6.189,45,0,0.000020
3404,........((.((.((.........))...)).)).........((((((.(((.(......).)))..)))))).,16,-6.188,10,0,0.000020
3405,...(((((((((.(((......(((....))))))..))))).)))).((.....)).....(((...)..))...,20,-6.188,49,0,0.000020
3406,..((...(((.((.((((.....))))...)).)))..))....((((((..(............)...)))))).,18,-6.188,10,0,0.000020
3407,...((..(((.(...................).))).)).....((((((...................)))))).,12,-6.188,10,0,0.000020
3408,...........(((.......))).((.....))..........((((((.(((..........)))..)))))).,14,-6.188,25,0,0.000020
3409,..((...)).....(((.....(((....)))....))).....((((((.(((..........)))..)))))).,17,-6.187,30,0,0.000020
3410,.......(((.(((((((.....)))).)).).)))........((((((.((............))..)))))).,18,-6.187,13,0,0.000020
3411,...(((((((((.(((......(((....))))))..))))).))))..((....))..........(...)....,18,-6.187,47,0,0.000020
3412,.......(((.(((((((.....)))).).)).)))........((((((.((............))..)))))).,18,-6.187,10,0,0.000020
3413,.((((..(((.((.((.........))...)).))).))))......(((.....)))......(...).......,15,-6.187,25,0,0.000020
3414,.((((..(((.((.(...........)...)).))).))))...((((((...(..(.....)..)...)))))).,18,-6.187,14,0,0.000020
3415,.......(((.(((..............)).).)))........((((((..............(...))))))).,13,-6.186,11,0,0.000020
3416,.......(((.(((..............).)).)))........((((((..............(...))))))).,13,-6.186,8,0,0.000020
3417,.........(.((.((((.....))))...)).)..........((((((......((.........)))))))).,15,-6.186,12,0,0.000020
3418,......(.((.((.((((.....))))...)).)))........((((((...................)))))).,15,-6.186,7,0,0.000020
3419,.......(((.((.(((.......)))...)).)))..(....)((((((......((...))......)))))).,17,-6.186,8,0,0.000020
3420,...........(..(((.....(((....)))....)))..)..((((((.(((..(.....).)))..)))))).,17,-6.186,31,0,0.000020
3421,...........(..(((.....(((....)))....)))..)..((((((.(..............)..)))))).,14,-6.185,25,0,0.000020
3422,...(((.(((((.(((......(((....))))))..)))))..))).((.....))...(.(.(...)).)....,19,-6.185,47,0,0.000020
3423,..((.(.(((.((.((.........))...)).))).)))....((((((......((...))......)))))).,18,-6.185,10,0,0.000020
3424,.......(((.((.((.(.....).))...)).)))........((((((.......(.....).....)))))).,15,-6.184,4,0,0.000020
3425,..........(....)......(((....)))............((((((......((.........)))))))).,12,-6.184,23,0,0.000020
3426,.........(.((.((.(.....).))...)).)..........((((((...................)))))).,12,-6.184,6,0,0.000020
3427,......................(((....)))............((((((.(((.....)).....)..)))))).,12,-6.184,24,0,0.000020
3428,..(((..(((.((.(((.......)))...)).))).)))....((((((.(.(.(......)..))..)))))).,20,-6.184,14,0,0.000020
3429,.((((..(((.((.((.........))...)).))).))))......(((.....)))..(.(.(...)).)....,17,-6.184,27,0,0.000020
3430,..((...(((.((.((((.....))))...)).)))..))....((((((......(...........))))))).,18,-6.184,10,0,0.000020
3431,.......(((.((.((.(.....).))...)).)))........((((((...........(......))))))).,15,-6.184,4,0,0.000020
3432,..((...)).((.(((......(((....))))))..)).....((((((......(.....)......)))))).,17,-6.183,27,0,0.000020
3433,.((((..(((.((.((.........))...)).))).))))....(((((..(..............).)))))..,17,-6.183,12,0,0.000020
3434,..(((..(((.((.(((.......)))...)).))).)))....((((((......((..(.....))))))))).,20,-6.182,14,0,0.000020
3435,......(..(((.(((......(((....))))))..))).)..((((((......(((.......))))))))).,19,-6.182,32,0,0.000020
3436,......(.((.((.((.........))...)).)))........((((((......(((.......))))))))).,16,-6.182,9,0,0.000020
3437,.......(((.((.(((.......)))...)).)))........((((((.(.(.....)......)..)))))).,16,-6.182,6,0,0.000020
3438,.......(((.((.((........).)...)).)))........((((((......(((.......))))))))).,16,-6.182,9,0,0.000020
3439,...(...(((.((.................)).)))..).....((((((......(((.......))))))))).,15,-6.182,12,0,0.000020
3440,......((((.((.((.........))...)).))).....)..(((((.....................))))).,13,-6.181,4,0,0.000020
3441,.......(((.((.((.........))...)).))).............((....)).....(.(...).).....,11,-6.181,18,0,0.000020
3442,.((((..(((.((..........(.....))).))).))))...((((((......(((.......))))))))).,19,-6.18,20,0,0.000020
3443,..(.....).((.(((......(((....))))))..)).....((((((..............(...))))))).,16,-6.18,26,0,0.000020
3444,...(((((((((.(((................)))..))))).)))).((.....))...................,14,-6.18,41,0,0.000020
3445,.((((..(((.((.(((.......)))...)).))).)))).....((((......(((.......)))))))...,19,-6.179,20,0,0.000019
3446,..(((..(((.((.((.........))...)).))).)))....((((((...............)....))))).,16,-6.179,9,0,0.000019
3447,.......(((.((..........(.....))).)))........((((((.(((..(.....).)))..)))))).,16,-6.179,14,0,0.000019
3448,.......(((.((..........(.....))).)))........((((((.(..............)..)))))).,13,-6.179,8,0,0.000019
3449,......((((.((.................)).))).)......((((((......(((.......))))))))).,15,-6.179,12,0,0.000019
3450,.....(..((.((.(((.......)))...)).)))........((((((...................)))))).,14,-6.179,5,0,0.000019
3451,.((((..(((.((.((.........))...)).))).))))...((((((..(.......)........)))))).,18,-6.179,10,0,0.000019
3452,.......(((.((.(((.......)))...)).)))..........((((.(((..(.....).)))..))))...,16,-6.178,14,0,0.000019
3453,.......(((((.(((......(((....))))))..)))))..(((((.......(.....).......))))).,17,-6.178,30,0,0.000019
3454,.......(((.((.(((.......)))...)).)))..........((((.(..............)..))))...,13,-6.178,8,0,0.000019
3455,...(((((((.((.((.........))...)).))).......))))..((....))..........(.....)..,14,-6.178,21,0,0.000019
3456,.((((..(((.((.(((.......)))...)).))).))))...((((((..(...........)....)))))).,19,-6.178,12,0,0.000019
3457,.......(((((.((((.......(.....)))))..)))))..((((((...................)))))).,16,-6.177,24,0,0.000019
3458,..(((..(((.((.(((.......)))...)).))).)))...(.(((((...................)))))).,17,-6.177,11,0,0.000019
3459,...((..(((.((.................)).))).)).....((((((.....(......)......)))))).,14,-6.177,10,0,0.000019
3460,.(((.(.(((.((.(((.......)))...)).))).))))...((((((.....(......)......)))))).,19,-6.177,12,0,0.000019
3461,.((((..(((.((.(((.......)))...)).))).))))...((((((.........(.(....).))))))).,20,-6.176,14,0,0.000019
3462,..............(((.....(((....)))....))).....((((((.....(............))))))).,13,-6.176,24,0,0.000019
3463,.......(((.((.((.........))...)).))).........(((((......((...))......)))))..,14,-6.175,6,0,0.000019
3464,.......(((.((.(((.......)))...)).)))........(((((......(......).......))))).,14,-6.175,6,0,0.000019
3465,..(((..(((.((.((.........))...)).))).))).......(((.....)))..(.(......).)....,15,-6.175,23,0,0.000019
3466,.((((..(((.((...(.......).....)).))).))))...((((((...................)))))).,16,-6.174,14,0,0.000019
3467,..............((((....(((....)))...)))).....((((((...(...........)...)))))).,14,-6.174,25,0,0.000019
3468,.....(.(((.((.((((.....))))...)).))).)......((((((......((.........)))))))).,18,-6.174,10,0,0.000019
3469,.......(((.((.(((.......)))...)).)))........((((((...(.......)..(...))))))).,16,-6.174,6,0,0.000019
3470,..((...(((.((.((((.....))))...)).)))..))....(((((((.((.....))...)....)))))).,20,-6.173,14,0,0.000019
3471,..((...(((.((.((((.....))))...)).)))..))....(((((((.((.....))...))....))))).,20,-6.173,17,0,0.000019
3472,...((((..(((.(((......(((....))))))..)))...))))..((....)).......(...).......,16,-6.173,46,0,0.000019
3473,...((..(((.((.................)).))).)).....((((((...(..(.....)..)...)))))).,15,-6.173,12,0,0.000019
3474,.......(((.((.((.........))...)).)))........((((((...........(....)..)))))).,14,-6.173,2,0,0.000019
3475,.(((.(.(((.((.(((.......)))...)).))).))))...((((((...(..(.....)..)...)))))).,20,-6.173,14,0,0.000019
3476,..(((..(((.((.((.........))...)).))).)))....(((.((...................)).))).,15,-6.173,8,0,0.000019
3477,..(((..(((.((.((.........))...)).))).)))....((.(((...................))).)).,15,-6.173,8,0,0.000019
3478,.........(.....)......(((....)))............((((((.(((..........)))..)))))).,13,-6.172,24,0,0.000019
3479,.......(((.((.((.........))...)).)))........((((((..(.(...........)).)))))).,15,-6.172,4,0,0.000019
3480,.......(((((..........(((....))).....)))))..((((((.....(......)......)))))).,15,-6.172,26,0,0.000019
3481,..(((..(((.((.(((.......)))...)).))).)))....(((((...((.....)).........))))).,18,-6.172,14,0,0.000019
3482,.......(((.((...(...........).)).)))........(((((.....................))))).,11,-6.172,8,0,0.000019
3483,.....(.(((.((.((.(.....).))...)).))).)......((((((...................)))))).,15,-6.172,4,0,0.000019
3484,.......(((.((.(..............))).)))........((((((.....(............))))))).,13,-6.172,7,0,0.000019
3485,.......(((.((.((.........))...)).)))..(....)(((((((..........).......)))))).,15,-6.171,4,0,0.000019
3486,.((((..(((.((.(((.......)))...)).))).))))...((((((..(..(......)....).)))))).,20,-6.171,14,0,0.000019
3487,.......(((.((.((.........))...)).))).(((.......(((.....)))..))).............,13,-6.171,21,0,0.000019
3488,...((((.((((.(((......(((....))))))..))))..))))......(.....)................,15,-6.171,44,0,0.000019
3489,.......(((.((.((.(.....).))...)).)))........((((((...(..((...))..)...)))))).,17,-6.171,8,0,0.000019
3490,..(((..(((.((.((.........))...)).))).)))....(((((.......(((.......))).))))).,18,-6.17,14,0,0.000019
3491,...((((..(((.(((......(((....))))))..)))...))))..((....))...(.(.(...)).)....,18,-6.17,48,0,0.000019
3492,..((.(.(((.((.((((.....))))...)).))).)))....((((((.((............))..)))))).,20,-6.169,14,0,0.000019
3493,...(((((((.((.(((.......)))...)).))).......))))..((.((.....))...))..........,16,-6.169,26,0,0.000019
3494,...((((.((((.(((......(((....))))))..))))..)))).........(.....).............,15,-6.168,44,0,0.000019
3495,.......(((((..........(((....))).....)))))..((((((...(..(.....)..)...)))))).,16,-6.168,28,0,0.000019
3496,...(((((((.((.((.........))...)).))).......))))(((.....)))....((.......))...,16,-6.168,22,0,0.000019
3497,.((((..(((.((.((.........))...)).))).))))...((((((..((.....))(......))))))).,20,-6.168,14,0,0.000019
3498,......((((.((.((.........))...)).))).....)..((((((......(.....)......)))))).,15,-6.167,4,0,0.000019
3499,.......(((.((.................)).)))..(....)((((((..............(...))))))).,13,-6.167,8,0,0.000019
3500,.......(((.(((((((.....)))).)).).)))........(((((.....................))))).,15,-6.167,11,0,0.000019
3501,.......(((.(((((((.....)))).).)).)))........(((((.....................))))).,15,-6.167,8,0,0.000019
3502,..(((..(((.((((((.......))).)).).))).)))....((((((.((............))..)))))).,20,-6.166,17,0,0.000019
3503,..(((..(((.((((((.......))).).)).))).)))....((((((.((............))..)))))).,20,-6.166,14,0,0.000019
3504,.......(((.((.((.........))...)).)))........(((((((.....).......(...))))))).,15,-6.166,4,0,0.000019
3505,.(((.(.(((.((.((.........))...)).))).))))...(((((((.....)............)))))).,18,-6.166,10,0,0.000019
3506,...((((.((((.(((......(((....))))))..))))..))))..((....))............(....).,17,-6.166,45,0,0.000019
3507,...(((((((.((.(((.......)))...)).))).......))))..((....))..((............)).,16,-6.166,24,0,0.000019
3508,.......(((((.(((......(((....))))))..)))))..((((((..((.(......)..).).)))))).,20,-6.166,32,0,0.000019
3509,...(((((((((.(((......(((....))))))..))))).))))..(.........)................,16,-6.166,44,0,0.000019
3510,...........((.........)).(((........))).....((((((...................)))))).,11,-6.165,20,0,0.000019
3511,.((((..(((.(...................).))).))))...((((((......((.........)))))))).,16,-6.164,18,0,0.000019
3512,.......(((((.(((................)))..)))))..((((((.(((.....)).....)..)))))).,17,-6.164,28,0,0.000019
3513,.(((...(((.((.((((.....))))...)).)))..)))...((((((...(..(.....).)....)))))).,20,-6.164,14,0,0.000019
3514,..((...(((.((.((((.....))))...)).)))..))....(((((((..............)...)))))).,18,-6.164,10,0,0.000019
3515,.(((.(.(((.((.((.........))...)).))).))))...((((((...(..........)....)))))).,18,-6.164,10,0,0.000019
3516,........((.((.................)).)).........((((((......(((.......))))))))).,13,-6.163,12,0,0.000019
3517,..((...(((.((.((.(.....).))...)).)))..))....((((((......((.........)))))))).,18,-6.163,10,0,0.000019
3518,.......(((.((.((.........))...)).)))........(((((....(..........).....))))).,13,-6.162,4,0,0.000019
3519,.......(((.(((.........)......)).)))........((((((......(((.......))))))))).,15,-6.161,12,0,0.000019
3520,.(((...(((.((.(((.......)))...)).)))..)))...((((((.......(...).......)))))).,18,-6.161,10,0,0.000019
3521,..............(((.....(((....)))....))).....((((((..(............)...)))))).,13,-6.161,24,0,0.000019
3522,..(((..(((.((.................)).))).)))....(((((((.(..........).)...)))))).,16,-6.161,14,0,0.000019
3523,.......(((.((.((((.....))))...)).)))........((((((.....(..........)..)))))).,16,-6.161,6,0,0.000019
3524,.......(((.((.((.........))...)).))).......((....))........((.(.(...).)..)).,13,-6.161,19,0,0.000019
3525,.......(((((.(((......(((....))))))..)))))..(((((...((.....))...(...).))))).,19,-6.161,34,0,0.000019
3526,.......(((.((.((((.....))))...)).))).........(((((.((............))..)))))..,16,-6.16,10,0,0.000019
3527,..(((..(((.((.((.........))...)).))).)))....((((((......(.(.......).))))))).,18,-6.16,10,0,0.000019
3528,.......(((.((.((.........))...)).)))........((((((..(...(.....).)....)))))).,15,-6.159,4,0,0.000019
3529,..(((..(((.((.((((.....))))...)).))).)))....((((((.......(......)....)))))).,19,-6.159,12,0,0.000019
3530,.......(((.((.(((.......)))...)).)))........((((((..(.....)..........)))))).,15,-6.159,4,0,0.000019
3531,.......(((((.(((......(((....))))))..)))))..((((((..(...((...))....).)))))).,20,-6.159,32,0,0.000019
3532,...((..(((.((.(((.......)))...)).))).)).....((((((.........(........))))))).,17,-6.158,8,0,0.000019
3533,.(((...(((.((..........(.....))).)))..)))...((((((...................)))))).,15,-6.158,12,0,0.000019
3534,.......(((.((...(...........).)).)))........((((((......(.....)......)))))).,13,-6.158,8,0,0.000019
3535,.......(((.((.(..............))).)))........((((((..(............)...)))))).,13,-6.157,7,0,0.000019
3536,.......(((.(...................).)))........((((((.....(......)......)))))).,11,-6.157,8,0,0.000019
3537,...((((((.((.(((......(((....))))))..)).)).))))..((....))..((.(.(...).)..)).,20,-6.157,50,0,0.000019
3538,.(((...(((.((.(((.......)))...)).)))..))).....((((...................))))...,15,-6.157,12,0,0.000019
3539,..............(((.....(((....)))....))).....((((((......(...........))))))).,13,-6.157,24,0,0.000019
3540,...((((.((((.(((......(((....))))))..))))..))))(((.....)))..(.(......).)....,19,-6.157,47,0,0.000019
3541,..((...(((.((.................)).)))..))....((((((.(((.....)).....)..)))))).,16,-6.156,14,0,0.000019
3542,...(((((((((.(((......(((....))))))..))))).))))(((.....)))...(............).,19,-6.156,47,0,0.000019
3543,..((...(((.((.((((.....))))...)).)))..))....(((((((.............)....)))))).,18,-6.156,10,0,0.000019
3544,..((...(((.((.((((.....))))...)).)))..))....(((((((.............))....))))).,18,-6.156,13,0,0.000019
3545,.......(((.((((((.......))).)).).)))........((((((..((.....))........)))))).,17,-6.156,11,0,0.000019
3546,.......(((.((((((.......))).).)).)))........((((((..((.....))........)))))).,17,-6.156,8,0,0.000019
3547,.........................(((........))).....((((((...................)))))).,9,-6.155,18,0,0.000019
3548,...........(..(((.....(((....)))....)))..)..((((((..(..............).)))))).,14,-6.154,25,0,0.000019
3549,.......(((.((.((.........))...)).)))........((((((..(...(.........)).)))))).,15,-6.154,4,0,0.000019
3550,.......(((.((.(............)..)).)))........((((((......((.........)))))))).,14,-6.154,9,0,0.000019
3551,..(.....).............(((....)))............((((((.((............))..)))))).,12,-6.154,23,0,0.000019
3552,..(...((((.((.((.........))...)).))).).)....((((((...................)))))).,15,-6.154,4,0,0.000019
3553,.......(((((.(((......(((....))))))..)))))...(((((..............(...))))))..,17,-6.154,30,0,0.000019
3554,.((((..(((.((.................)).))).))))...((((((..((.(......).))...)))))).,18,-6.154,18,0,0.000019
3555,..((...)).....((((....(((....)))...)))).....((((((......(((.......))))))))).,18,-6.154,31,0,0.000019
3556,.......(((.(...................).)))........((((((...(..(.....)..)...)))))).,12,-6.153,10,0,0.000019
3557,..(((..(((.((.................)).))).)))....((((((.(.(..(.....).).)..)))))).,17,-6.153,16,0,0.000019
3558,...(((((.(((.(((......(((....))))))..))).).)))).............................,14,-6.153,42,0,0.000019
3559,..(((..(((.((.((.........))...)).))).)))....((((((..(........(....)).)))))).,18,-6.153,10,0,0.000019
3560,.......(((.((.(..............))).)))........((((((......(...........))))))).,13,-6.153,7,0,0.000019
3561,...(((((((.((.((.........))...)).))).......)))).....((.....)).(.(...).).....,15,-6.153,24,0,0.000019
3562,..(.(..(((.((.((.........))...)).))).).)....((((((......((.........)))))))).,17,-6.152,8,0,0.000019
3563,.......(((.(((((((.....)))).)).).)))........((((((......(.....)......)))))).,17,-6.152,11,0,0.000019
3564,.......(((.(((((((.....)))).).)).)))........((((((......(.....)......)))))).,17,-6.152,8,0,0.000019
3565,..(((..(((.(((..............)).).))).)))....((((((......(((.......))))))))).,18,-6.152,21,0,0.000019
3566,..(((..(((.(((..............).)).))).)))....((((((......(((.......))))))))).,18,-6.152,18,0,0.000019
3567,.((((..(((.((.(((....)...))...)).))).))))...((((((..............(...))))))).,19,-6.152,12,0,0.000019
3568,.......(((((.(((......(((....))))))..)))))..(((((.(..............)....))))).,17,-6.152,30,0,0.000019
3569,......................(((....)))............(((((((.....)............)))))).,10,-6.152,20,0,0.000019
3570,..(((..(((.((.(...........)...)).))).)))....((((((..((.....))........)))))).,17,-6.152,12,0,0.000019
3571,..((...(((.((.(((.......)))...)).)))..))....((((((.(.(..........).)..)))))).,18,-6.151,10,0,0.000019
3572,.......(((.((.((.........))...)).)))........(((((.............(.(...))))))).,14,-6.151,5,0,0.000019
3573,...........(((.......))).((.....))..........((((((..............(...))))))).,12,-6.151,21,0,0.000019
3574,...(((((((.((.(((.......)))...)).))).......))))..((.............))..........,14,-6.151,22,0,0.000019
3575,...((..(((.((.((.(.....).))...)).))).)).....((((((......(((.......))))))))).,19,-6.151,12,0,0.000019
3576,..((...)).....(((.....(((....)))....))).....((((((..............(...))))))).,15,-6.15,26,0,0.000019
3577,.((.(..(((.((.................)).))).).))...((((((...................)))))).,14,-6.15,10,0,0.000019
3578,.......(((((.(((......(((....))))))..)))))..((((((.......(.......)...)))))).,18,-6.149,28,0,0.000019
3579,......................(((....)))............((((((...(..........)....)))))).,10,-6.149,20,0,0.000019
3580,..((.(.(((.((.((((.....))))...)).))).)))....(((((.....................))))).,17,-6.149,12,0,0.000019
3581,.......(((.((.((.........))...)).)))........(((((((....(......).))....))))).,15,-6.148,7,0,0.000019
3582,.......(((.((.((.........))...)).)))........(((((((....(......).)....)))))).,15,-6.148,4,0,0.000019
3583,....((.(((.((.(((.......)))...)).))).....)).((((((...................)))))).,16,-6.148,6,0,0.000018
3584,.......(((.((..........(.....))).)))........((((((..(..............).)))))).,13,-6.148,8,0,0.000018
3585,.......(((.((.(((.......)))...)).)))........((((((.(.....)...........)))))).,15,-6.148,4,0,0.000018
3586,...........(.(((......(((....)))))))........((((((...................)))))).,13,-6.148,20,0,0.000018
3587,.......(((.((.(((.......)))...)).)))..........((((..(..............).))))...,13,-6.147,8,0,0.000018
3588,..((...(((.((.((((.....))))...)).)))..))....((((((.(((..((...)).)))..)))))).,22,-6.147,18,0,0.000018
3589,..............(((.....(((....)))....))).....(((((((.((.....))...)....)))))).,15,-6.147,28,0,0.000018
3590,..............(((.....(((....)))....))).....(((((((.((.....))...))....))))).,15,-6.147,31,0,0.000018
3591,.((((..(((.((.(((.......)))...)).))).))))...((((((......(.....).(...))))))).,20,-6.147,14,0,0.000018
3592,.....(..((.((.((((.....))))...)).))..)......((((((...................)))))).,15,-6.146,8,0,0.000018
3593,...(...)..............(((....)))............((((((...................)))))).,10,-6.146,19,0,0.000018
3594,..(((..(((.((((((.......))).)).).))).)))....(((((.....................))))).,17,-6.146,15,0,0.000018
3595,..(((..(((.((((((.......))).).)).))).)))....(((((.....................))))).,17,-6.146,12,0,0.000018
3596,.......((.((.(((......(((....))))))..)).))..(((((((....)).............))))).,17,-6.145,30,0,0.000018
3597,.......((.((.(((......(((....))))))..)).))..(((((((....).............)))))).,17,-6.145,27,0,0.000018
3598,..((...)).((.(((......(((....))))))..)).....((((((.(((..........)))..)))))).,19,-6.145,31,0,0.000018
3599,.......(((.((((...........).)).).)))........((((((...................)))))).,13,-6.145,7,0,0.000018
3600,.......(((.((((...........).).)).)))........((((((...................)))))).,13,-6.145,4,0,0.000018
3601,.....(((((((.(((......(((....))))))..))))).))...((.....))...................,15,-6.145,43,0,0.000018
3602,.((((..(((.((.(((.......)))...)).))).))))...((((((...(...(.....).)...)))))).,20,-6.144,14,0,0.000018
3603,.(((...(((.((.((((.....))))...)).)))..)))...((((((.....(............))))))).,19,-6.144,12,0,0.000018
3604,..(((..(((.((.................)).))).)))....((((.......................)))).,12,-6.143,14,0,0.000018
3605,..(((..(((.((((............))).).))).)))....((((((...................)))))).,16,-6.143,16,0,0.000018
3606,..(((..(((.((((............)).)).))).)))....((((((...................)))))).,16,-6.143,13,0,0.000018
3607,.......((.((.(((......(((....))))))..)).))..((((((...(.(......)..)...)))))).,18,-6.143,29,0,0.000018
3608,.......(((.((.(..............))).)))........(((((((.((.....))...)....)))))).,15,-6.143,11,0,0.000018
3609,.......(((.((.(..............))).)))........(((((((.((.....))...))....))))).,15,-6.143,14,0,0.000018
3610,...(((((((((.(((......(((....))))))..))))).)))).......................(...).,16,-6.143,43,0,0.000018
3611,.......(((.((.(...........)...)).)))........((((((.((...(.....)..))..)))))).,15,-6.143,8,0,0.000018
3612,.......(((.((.(((.......)))...)).)))........((((((....(.(.....)...)..)))))).,16,-6.143,6,0,0.000018
3613,.......(((.((.(((...)....))...)).)))........((((((......(((.......))))))))).,17,-6.142,8,0,0.000018
3614,.......(((.((.(((.......)))...)).))).......((....))...........(.(...).).....,12,-6.142,19,0,0.000018
3615,...(((((.(((.(((......(((....))))))..))).).)))).((.....))...................,16,-6.142,44,0,0.000018
3616,.....(..((.((.((.........))...)).))..)......((((((......(((.......))))))))).,16,-6.142,10,0,0.000018
3617,.((((..(((.((.((.........))...)).))).))))...((((((.....(......).(...))))))).,19,-6.142,12,0,0.000018
3618,........................(.(....).)..........((((((...................)))))).,8,-6.141,15,0,0.000018
3619,.(((...(((.((.(((.......)))...)).)))..)))...(((((((..(.....).).......)))))).,19,-6.14,12,0,0.000018
3620,..(((..(((.((.((.........))...)).))).)))......((((.((............))..))))...,16,-6.14,14,0,0.000018
3621,..(((..(((.((.(((.......)))...)).))).)))....((((((.....(..........)..)))))).,18,-6.14,10,0,0.000018
3622,.......(((.((.(((.......)))...)).)))........((((..(..................).)))).,13,-6.139,7,0,0.000018
3623,.......(..((.(((......(((....))))))..))..)..((((((......(((.......))))))))).,18,-6.139,30,0,0.000018
3624,.......(((.((.((((.....))))...)).))).........((((.....................))))..,13,-6.139,8,0,0.000018
3625,..(((..(((.((.(((.......)))...)).))).))).....(((((.((............))..)))))..,18,-6.139,14,0,0.000018
3626,.......(((.(((((.........)).)).).)))........(((((((....).............)))))).,15,-6.139,7,0,0.000018
3627,.......(((.(((((.........)).)).).)))........(((((((....)).............))))).,15,-6.139,10,0,0.000018
3628,.......(((.(((((.........)).).)).)))........(((((((....)).............))))).,15,-6.139,7,0,0.000018
3629,.......(((.(((((.........)).).)).)))........(((((((....).............)))))).,15,-6.139,4,0,0.000018
3630,.........(.((.(((.......)))...)).)..........((((((...(...........)...)))))).,13,-6.139,8,0,0.000018
3631,..(((..(((.((..((......)).....)).))).)))....((((((...................)))))).,16,-6.138,13,0,0.000018
3632,...((((.((((.(((......(((....))))))..))))..))))............((.(.(...).)..)).,18,-6.138,47,0,0.000018
3633,......................(((....)))......(....)((((((...................)))))).,10,-6.138,20,0,0.000018
3634,..((.(.(((.((.(((.......)))...)).))).)))....((((((..((.....))........)))))).,19,-6.138,12,0,0.000018
3635,.......(((.(.(((.........)).)..).)))........((((((.((............))..)))))).,15,-6.137,8,0,0.000018
3636,..............(((.....(((....)))....))).....(((((((..............)...)))))).,13,-6.137,24,0,0.000018
3637,.......(((.(((((.........)).)).).)))........((((((...(.(......)..)...)))))).,16,-6.137,9,0,0.000018
3638,.......(((.(((((.........)).).)).)))........((((((...(.(......)..)...)))))).,16,-6.137,6,0,0.000018
3639,..........((.(((......(((....))))))..)).....((((((.......(...).......)))))).,15,-6.136,25,0,0.000018
3640,.........(.....)......(((....)))............((((((..............(...))))))).,11,-6.136,20,0,0.000018
3641,..............((((....(((....)))...)))).....((((((.....(......)......)))))).,14,-6.135,25,0,0.000018
3642,..((.(.(((.((.((((.....))))...)).))).)))....((((((......(.....)......)))))).,19,-6.134,12,0,0.000018
3643,.......(((.((.(...........)...)).)))........((((((.((..(......)..))..)))))).,15,-6.134,8,0,0.000018
3644,.......(((((.((((......((....))))))..)))))..((((((...(...........)...)))))).,18,-6.133,28,0,0.000018
3645,..(.....).............(((....)))............(((((.....................))))).,9,-6.133,21,0,0.000018
3646,.......(.(((..........(((....))).....))).)..((((((...................)))))).,13,-6.133,23,0,0.000018
3647,.......(((.((.(..............))).)))........(((((((..............)...)))))).,13,-6.133,7,0,0.000018
3648,..(((..(((.((.(..............))).))).)))....((((((...(...........)...)))))).,16,-6.133,13,0,0.000018
3649,.((((..(((.((.................)).))).))))...(((((((.((.....))....)...)))))).,18,-6.133,18,0,0.000018
3650,.......(((.((.(((.......)))...)).)))........((((((......).............))))).,14,-6.132,5,0,0.000018
3651,..((...(((.((.((.........))...)).)))..))....((((((.......(......)....)))))).,16,-6.132,6,0,0.000018
3652,.......(((((.(((................)))..)))))..(((((((.....)............)))))).,15,-6.132,24,0,0.000018
3653,...(((((((((.(((......(((....))))))..))))).)))).((.....)).............(...).,18,-6.132,45,0,0.000018
3654,..(((..(((.((((((.......))).)).).))).)))....((((((......(.....)......)))))).,19,-6.132,15,0,0.000018
3655,..(((..(((.((((((.......))).).)).))).)))....((((((......(.....)......)))))).,19,-6.132,12,0,0.000018
3656,..............((((....(((....)))...)))).....((((((...(..(.....)..)...)))))).,15,-6.132,27,0,0.000018
3657,...(((((((.((.((.........))...)).))).......))))......((.((.........))..))...,15,-6.132,23,0,0.000018
3658,..........((.(((......(((....))))))..)).......((((...................))))...,12,-6.131,27,0,0.000018
3659,...(((((((((.(((......(((....))))))..))))).)))).....((.....))....(........).,18,-6.131,48,0,0.000018
3660,...((..(((.((.(((.......)))...)).))).)).....((((((.......(.....).....)))))).,17,-6.131,8,0,0.000018
3661,...(...(((.((.((((.....))))...)).)))..).....((((((......((.........)))))))).,18,-6.13,10,0,0.000018
3662,...((..(((.((.(((.......)))...)).))).)).....((((((...........(......))))))).,17,-6.13,8,0,0.000018
3663,..((...(((.(((..............)).).)))..))....((((((...................)))))).,14,-6.13,13,0,0.000018
3664,..((...(((.(((..............).)).)))..))....((((((...................)))))).,14,-6.13,10,0,0.000018
3665,.......(((.((.((.........))...)).)))..........((((..((.....))........))))...,13,-6.13,8,0,0.000018
3666,.(((...(((.((.((((.....))))...)).)))..)))...((((((..(............)...)))))).,19,-6.129,12,0,0.000018
3667,..............(((.....(((....)))....))).....(((((((.............))....))))).,13,-6.129,27,0,0.000018
3668,..............(((.....(((....)))....))).....(((((((.............)....)))))).,13,-6.129,24,0,0.000018
3669,......((((.((.((.........))...)).))).....)..((((((.(((..........)))..)))))).,17,-6.129,8,0,0.000018
3670,.......(((((.(((................)))..)))))..((((((...(..........)....)))))).,15,-6.129,24,0,0.000018
3671,.......(((.((.(((.......)))...)).)))........(((((.......((.........)).))))).,15,-6.129,8,0,0.000018
3672,...(((.(((((.(((......(((....))))))..)))))..))).............(.(......).)....,16,-6.129,43,0,0.000018
3673,.......(((.((.(((.......)))...)).))).........(((((..((.....))........)))))..,15,-6.128,8,0,0.000018
3674,...(...(((.((.((.(.....).))...)).)))..).....((((((...................)))))).,15,-6.128,4,0,0.000018
3675,..(.....).....(((.....(((....)))....))).....((((((.(((..(.....).)))..)))))).,17,-6.128,31,0,0.000018
3676,.(.....(((.((.((.........))...)).)))......).((((((...................)))))).,14,-6.128,2,0,0.000018
3677,..(.....).....(((.....(((....)))....))).....((((((.(..............)..)))))).,14,-6.127,25,0,0.000018
3678,..((.(.(((.((.(...........)...)).))).)))....((((((...................)))))).,15,-6.127,8,0,0.000018
3679,......((((.((.((((.....))))...)).))).)......((((((......((.........)))))))).,18,-6.127,10,0,0.000018
3680,...((((.((((.(((......(((....))))))..))))..)))).((.....))..((.(.(...).)..)).,20,-6.127,49,0,0.000018
3681,..(((..(((.((.((.(...)...))...)).))).)))....((((((......((.........)))))))).,19,-6.127,12,0,0.000018
3682,.....(.(((.((.(((.......)))...)).))).)......((((((...(...........)...)))))).,16,-6.126,6,0,0.000018
3683,.......(.(((.(((......(((....))))))..))).)..((((((.(((.....)).....)..)))))).,19,-6.126,31,0,0.000018
3684,.(((.(.(((.((.((.........))...)).))).))))...((((((......((...))......)))))).,19,-6.126,12,0,0.000018
3685,...(((((((.((.((((.....))))...)).))).......)))).............................,13,-6.126,21,0,0.000018
3686,.......(((.((.(((.......)))..).).)))........((((((.((............))..)))))).,16,-6.126,9,0,0.000018
3687,..(((..(((.((.((.........))...)).))).)))....((((((.(.(..((...))..))..)))))).,20,-6.125,14,0,0.000018
3688,.......(((.((.(..............))).)))........(((((((.............))....))))).,13,-6.125,10,0,0.000018
3689,.......(((.((.(..............))).)))........(((((((.............)....)))))).,13,-6.125,7,0,0.000018
3690,......((((.((.((.(.....).))...)).))).)......((((((...................)))))).,15,-6.125,4,0,0.000018
3691,..(((..(((.((.((.(.....).))...)).))).)))....((((((.(((.....)).....)..)))))).,20,-6.125,14,0,0.000018
3692,.((((..(((.((.(((.......)))...)).))).))))...((((((.(.(.(......)..))..)))))).,21,-6.125,16,0,0.000018
3693,.......(((.((.(((.......)))...)).)))........((((((...(...(...)...)...)))))).,16,-6.125,6,0,0.000018
3694,.(((...(((.((.((((.....))))...)).)))..)))...((((((......(...........))))))).,19,-6.125,12,0,0.000018
3695,.......(((.((.((((.....))))...)).))).........(((((......(.....)......)))))..,15,-6.125,8,0,0.000018
3696,.......(((.((.((.........))...)).)))........(((((.......((...)).......))))).,14,-6.125,6,0,0.000018
3697,..((...(((.((.................)).)))..))....(((((((.....)............)))))).,14,-6.124,10,0,0.000018
3698,.((((..(((.((.(((.......)))...)).))).))))...((((((......((..(.....))))))))).,21,-6.123,16,0,0.000018
3699,.......(((.((.((((.....))))...)).)))............((.....))...................,11,-6.123,18,0,0.000018
3700,.......(((.((.(((.......)))...)).)))..(....)(((((((....).............)))))).,16,-6.122,6,0,0.000018
3701,.......(((.((.(((.......)))...)).)))..(....)(((((((....)).............))))).,16,-6.122,9,0,0.000018
3702,...((..(((.((.((.........))...)).))).)).....((((((..((.(......).))...)))))).,18,-6.122,10,0,0.000018
3703,.......(((((.(((......((......)))))..)))))..((((((...(...........)...)))))).,17,-6.122,26,0,0.000018
3704,..((...(((.((.................)).)))..))....((((((...(..........)....)))))).,14,-6.122,10,0,0.000018
3705,.........(.((.((.........))...)).)..........((((((.(((.....)).....)..)))))).,14,-6.122,10,0,0.000018
3706,.......(((.(..(..............).).)))........((((((......((.........)))))))).,13,-6.121,11,0,0.000018
3707,..((.(.(((.((.((.........))...)).))).)))....(((((((....)).............))))).,17,-6.121,11,0,0.000018
3708,..((.(.(((.((.((.........))...)).))).)))....(((((((....).............)))))).,17,-6.121,8,0,0.000018
3709,.((((..(((.((.((.........))...)).))).))))...((((((...............)....))))).,17,-6.121,11,0,0.000018
3710,..(((..(((.((.................)).))).)))....((((((.(....(.....)...)..)))))).,16,-6.121,14,0,0.000018
3711,.......(((((.(((......(((....))))))..)))))..((((((.....))..............)))).,17,-6.12,32,0,0.000018
3712,..............(((.....(((....)))....))).....((((((.(((..((...)).)))..)))))).,17,-6.12,32,0,0.000018
3713,.......(((.((.(((.......)))...)).)))..(....)((((((...(.(......)..)...)))))).,17,-6.12,8,0,0.000018
3714,..(((..(((.((.((.........))...)).))).)))......(((.....................)))...,13,-6.12,12,0,0.000018
3715,.....(.(((.((.................)).))).....)..((((((...................)))))).,12,-6.12,6,0,0.000018
3716,.......(((.((...(...........).)).)))........((((((.(((..........)))..)))))).,15,-6.12,12,0,0.000018
3717,..(.....).............(((....)))............((((((......(.....)......)))))).,11,-6.119,21,0,0.000018
3718,..((.(.(((.((.((.........))...)).))).)))....((((((...(.(......)..)...)))))).,18,-6.119,10,0,0.000018
3719,..(((..(((.((.................)).))).)))....((((((...(.....)....(...))))))).,16,-6.119,14,0,0.000018
3720,.((((..(((.((.(((.......)))...)).))).))))..(.(((((...................)))))).,18,-6.118,13,0,0.000018
3721,..(((..(((.((.(((.......)))...)).))).))).....((((.....................))))..,15,-6.118,12,0,0.000018
3722,.......(((.((.((((.....))))...)).)))........((((((.(.(..((...)).).)..)))))).,19,-6.118,12,0,0.000018
3723,...(((.(((((.(((......(((....))))))..)))))..))).((.....))...(.(......).)....,18,-6.118,45,0,0.000018
3724,..(((..(((.((.((((.....))))...)).))).)))....((((((.(.(...........))..)))))).,20,-6.118,14,0,0.000018
3725,.......(((.((.(...........)...)).))).........(((((...................)))))..,11,-6.118,4,0,0.000018
3726,...((..(((.((.(((.......)))...)).))).)).....((((((...(..((...))..)...)))))).,19,-6.117,12,0,0.000018
3727,..(((..(((.((.(((....)...))...)).))).)))....((((((.(((..(.....).)))..)))))).,21,-6.117,16,0,0.000018
3728,.......(((.(.(((.........)).)..).)))........(((((.....................))))).,12,-6.117,6,0,0.000018
3729,..(((..(((.((.(((....)...))...)).))).)))....((((((.(..............)..)))))).,18,-6.117,10,0,0.000018
3730,.((((..(((.((.((.........))...)).))).))))......(((.....)))..(.(......).)....,16,-6.116,25,0,0.000018
3731,.......(((.((.(..............))).)))........((((((.(((..((...)).)))..)))))).,17,-6.116,15,0,0.000018
3732,..(((..(((.((.((.........))...)).))).)))....((((((..(....(.....)...).)))))).,18,-6.116,10,0,0.000018
3733,.......(((.((.((.........))...)).))).....((...((((...................)))))).,13,-6.116,6,0,0.000018
3734,.......(((.((.((.........))...)).)))..(.....)..(((.....)))....((.......))...,13,-6.116,18,0,0.000018
3735,.......((.((.(((......(((....))))))..)).))..((((((...(..(.....).)....)))))).,18,-6.116,29,0,0.000018
3736,.......(((((.(((......(((....))))))..)))))..(.((((...................)))).).,16,-6.115,28,0,0.000018
3737,..((...(((.((.((((.....))))...)).)))..))....((((((..((..........))...)))))).,19,-6.115,12,0,0.000017
3738,..((((..((.((.(((.......)))...)).)))).))....((((((...................)))))).,17,-6.115,11,0,0.000017
3739,.......(((.((((.......))......)).)))........((((((.((............))..)))))).,15,-6.115,11,0,0.000017
3740,..........((.(((......(((....))))))..)).....(((((((..(.....).).......)))))).,16,-6.115,27,0,0.000017
3741,.(((...(((.((.((((.....))))...)).)))..)))...(((((((.((.....))...))....))))).,21,-6.115,19,0,0.000017
3742,.(((...(((.((.((((.....))))...)).)))..)))...(((((((.((.....))...)....)))))).,21,-6.115,16,0,0.000017
3743,...(((((((.((.((((.....))))...)).))).......)))).((.....))...................,15,-6.115,23,0,0.000017
3744,...(((((((((.(((......(((....))))))..))))).))))......(.....).......((...))..,18,-6.115,47,0,0.000017
3745,.......(((.(((((((.....)))).)).).)))........((((((.(((..........)))..)))))).,19,-6.114,15,0,0.000017
3746,.......(((.(((((((.....)))).).)).)))........((((((.(((..........)))..)))))).,19,-6.114,12,0,0.000017
3747,.((((..(((.((.((.........))...)).))).))))...(((.((...................)).))).,16,-6.114,10,0,0.000017
3748,.((((..(((.((.((.........))...)).))).))))...((.(((...................))).)).,16,-6.114,10,0,0.000017
3749,...((((((.((.(((......(((....))))))..)).)).))))(((.....)))....(.(...).).....,19,-6.114,48,0,0.000017
3750,.......(((.((.((.........))...)).)))........(((((((.(.....)).........)))))).,15,-6.114,4,0,0.000017
3751,......(..(.((.(((.......)))...)).).)........((((((...................)))))).,13,-6.113,7,0,0.000017
3752,.((((..(((.((.(((.......)))...)).))).))))...(((((...((.....)).........))))).,19,-6.113,16,0,0.000017
3753,..(((..(((.((.((((.....))))...)).))).)))....(((((((..(.......)..))....))))).,20,-6.112,17,0,0.000017
3754,..(((..(((.((.((((.....))))...)).))).)))....(((((((..(.......)..)....)))))).,20,-6.112,14,0,0.000017
3755,.......(((((.(((......(((....))))))..)))))..((((((.(.(.......)....)..)))))).,19,-6.112,30,0,0.000017
3756,...(((((((((.(((......(((....))))))..))))).)))).........(.....)....((...))..,18,-6.112,47,0,0.000017
3757,.......(((.((.((.........))...)).))).(((....................))).............,10,-6.112,18,0,0.000017
3758,......................(((....)))............((((((......((...))......)))))).,11,-6.112,22,0,0.000017
3759,.((((..(((.((.((.........))...)).))).))))...(((((.......(((.......))).))))).,19,-6.112,16,0,0.000017
3760,..((...(((.((.((((.....))))...)).)))..))....((((((..((.....))...(...))))))).,20,-6.112,14,0,0.000017
3761,...(((((((((.(((......(((....))))))..))))).))))...(.....)..((.(.(...).)..)).,20,-6.112,50,0,0.000017
3762,.......(((.(...........((....))).)))........((((((......(((.......))))))))).,15,-6.112,15,0,0.000017
3763,........((.((.((((.....))))...)).)).........((((((......((.........)))))))).,16,-6.112,10,0,0.000017
3764,.......(((.((.((.........))...)).))).........((((((....)).............))))..,13,-6.111,7,0,0.000017
3765,.......(((.((.((.........))...)).))).........((((((....).............)))))..,13,-6.111,4,0,0.000017
3766,.(((.(.(((.((.((((.....))))...)).))).))))...((((((.((............))..)))))).,21,-6.111,16,0,0.000017
3767,...(((((((((.(((......(((....))))))..))))).)))).....................(...)...,16,-6.11,44,0,0.000017
3768,...(((((((.((.((.........))...)).))).......))))..((....))..(.((.(...).))..).,17,-6.11,25,0,0.000017
3769,........((.((.((.(.....).))...)).)).........((((((...................)))))).,13,-6.109,4,0,0.000017
3770,.......(((.((.((.........))...)).))).........(((((...(.(......)..)...)))))..,14,-6.109,6,0,0.000017
3771,.....(.(((.((.((.........))...)).))).)......((((((.(((.....)).....)..)))))).,17,-6.109,8,0,0.000017
3772,.......(((.(((((.........)).)).).)))........((((((...(..(.....).)....)))))).,16,-6.109,9,0,0.000017
3773,.......(((.(((((.........)).).)).)))........((((((...(..(.....).)....)))))).,16,-6.109,6,0,0.000017
3774,.......(((.((.(...........)...)).)))........((((((..((..(.....).))...)))))).,15,-6.109,8,0,0.000017
3775,.......(((.((..((.......))....)).)))........((((((...................)))))).,13,-6.109,4,0,0.000017
3776,..((...)).((.(((......(((....))))))..)).....((((((..............(...))))))).,17,-6.109,27,0,0.000017
3777,..(.....)(.((.((.........))...)).)..........((((((...................)))))).,12,-6.108,5,0,0.000017
3778,.((((..(((.((((((.......))).)).).))).))))...((((((.((............))..)))))).,21,-6.108,19,0,0.000017
3779,.((((..(((.((((((.......))).).)).))).))))...((((((.((............))..)))))).,21,-6.108,16,0,0.000017
3780,.......(((((.(((......(((....))))))..)))))..((((((.....)))..............))).,17,-6.107,35,0,0.000017
3781,..(((..(((.(.(..............)..).))).)))....((((((...................)))))).,14,-6.107,14,0,0.000017
3782,..(((..(((.((.((.........))...)).))).)))......((((......(.....)......))))...,15,-6.105,12,0,0.000017
3783,.......(((.((.((.........))...)).)))..........(.((.....))..)................,10,-6.105,15,0,0.000017
3784,.......(((.((.(((.......)))..).).)))........(((((.....................))))).,13,-6.105,7,0,0.000017
3785,.(((...(((.((.((((.....))))...)).)))..)))...(((((((..............)...)))))).,19,-6.105,12,0,0.000017
3786,...(((.(((((.(((......(((....))))))..)))))..)))..((....))..........(.....)..,17,-6.105,45,0,0.000017
3787,.(((...(((.((.((.(.....).))...)).)))..)))...((((((......((.........)))))))).,19,-6.104,12,0,0.000017
3788,......(.((.((.((((.....))))...)).))..)......((((((...................)))))).,15,-6.104,8,0,0.000017
3789,..(((..(((.((.(((.......)))...)).))).))).....(((((......(.....)......)))))..,17,-6.104,12,0,0.000017
3790,.......(((.((.((.........))...)).)))..(....)((((((.........(........))))))).,15,-6.103,4,0,0.000017
3791,..(((..(((.((.(((.......)))...)).))).)))........((.....))...................,13,-6.103,22,0,0.000017
3792,.((((..(((.((.................)).))).))))...(((((((.(..........).)...)))))).,17,-6.103,16,0,0.000017
3793,...((((..(((.(((......(((....))))))..)))...))))..((....))...(.(......).)....,17,-6.102,46,0,0.000017
3794,.......(((.(.(((.........)).)..).)))........((((((......(.....)......)))))).,14,-6.102,6,0,0.000017
3795,......................((......))............((((((...................)))))).,8,-6.102,16,0,0.000017
3796,.((((..(((.((.((.........))...)).))).))))...((((((......(.(.......).))))))).,19,-6.101,12,0,0.000017
3797,..(((..(((.((....(......).....)).))).)))....((((((...................)))))).,15,-6.101,12,0,0.000017
3798,...((..(((.((.((.........))...)).))).)).....(((((((.((.....))....)...)))))).,18,-6.101,10,0,0.000017
3799,.((((..(((.((.((((.....))))...)).))).))))...((((((.......(......)....)))))).,20,-6.1,14,0,0.000017
3800,.........(.((.(((.......)))...)).)..........((((((.....(......)......)))))).,13,-6.1,8,0,0.000017
3801,......(.((.((.((.........))...)).))..)......((((((......(((.......))))))))).,16,-6.1,10,0,0.000017
3802,.......(((.((.((.(...)...))...)).)))........((((((...(...........)...)))))).,15,-6.1,4,0,0.000017
3803,.......(((.((.((.........))...)).)))........((((((...........)........))))).,13,-6.099,3,0,0.000017
3804,...(((((((((.(((......(((....))))))..))))).)))).((.....))...........(...)...,18,-6.099,46,0,0.000017
3805,..((...(((.((.(..............))).)))..))....((((((......(((.......))))))))).,17,-6.099,15,0,0.000017
3806,..(((..(((.((.((((.....))))...)).))).))).......(((.....)))..................,15,-6.099,25,0,0.000017
3807,...(((((((((.(((......(((....))))))..))))).))))..((....))..((.(.........))).,20,-6.098,49,0,0.000017
3808,...(((((((.((.(((.......)))...)).))).......))))(((.....)))......(...).......,16,-6.098,24,0,0.000017
3809,..(.(..(((.((.(((.......)))...)).))).).)....((((((......(((.......))))))))).,19,-6.098,12,0,0.000017
3810,.(((...(((.((.................)).)))..)))...((((((.(((.....)).....)..)))))).,17,-6.098,16,0,0.000017
3811,..(((..(((.((.(((.......)))...)).))).)))....((((((.(.(..((...)).).)..)))))).,21,-6.098,16,0,0.000017
3812,..(((..(((.((.((.........))...)).))).)))....((((((.....)..............))))).,16,-6.097,9,0,0.000017
3813,.(((...(((.((.((((.....))))...)).)))..)))...(((((((.............))....))))).,19,-6.097,15,0,0.000017
3814,.(((...(((.((.((((.....))))...)).)))..)))...(((((((.............)....)))))).,19,-6.097,12,0,0.000017
3815,..((.(.(((.((.((((.....))))...)).))).)))....((((((.(((..........)))..)))))).,21,-6.097,16,0,0.000017
3816,..(.....).....(((.....(((....)))....))).....((((((..(..............).)))))).,14,-6.096,25,0,0.000017
3817,.......(((.((.((.........))...)).)))..(.....)....((....))...................,10,-6.096,16,0,0.000017
3818,.........(.((.(((.......)))...)).)..........((((((...(..(.....)..)...)))))).,14,-6.096,10,0,0.000017
3819,.......(((.((.((((.....))))...)).)))........((((((..((..........)..).)))))).,17,-6.096,8,0,0.000017
3820,.......((.((.(((......(((....))))))..)).))..((((((.....(............))))))).,17,-6.096,27,0,0.000017
3821,..(((..(((.((.((((.....))))...)).))).)))....((((((.((...((...))..))..)))))).,22,-6.095,18,0,0.000017
3822,.((...((((.((.((.........))...)).))).).))...((((((...................)))))).,16,-6.095,6,0,0.000017
3823,...(((.(((((.(((......(((....))))))..)))))..)))(((.....)))....((.......))...,19,-6.095,46,0,0.000017
3824,.......(((((.((((......((....))))))..)))))..((((((.....(......)......)))))).,18,-6.095,28,0,0.000017
3825,.((((..(((.((.................)).))).))))...((((((.(.(..(.....).).)..)))))).,18,-6.095,18,0,0.000017
3826,.......(((.((((.......))......)).)))........(((((.....................))))).,12,-6.095,9,0,0.000017
3827,.......(((.((...........(....))).)))........((((((.((............))..)))))).,14,-6.094,10,0,0.000017
3828,...(((((((.((.(((.......)))...)).))).......))))(((.....)))..(.(.(...)).)....,18,-6.094,26,0,0.000017
3829,.((((..(((.((.((.........))...)).))).))))...((((((..(........(....)).)))))).,19,-6.094,12,0,0.000017
3830,.......(.(((.(((......(((....))))))..))).)..(((((((.....)............)))))).,17,-6.094,27,0,0.000017
3831,..(((..(((.((.(..............))).))).)))....((((((.....(......)......)))))).,16,-6.094,13,0,0.000017
3832,.((.(..(((.((.((.........))...)).))).).))...((((((......((.........)))))))).,18,-6.094,10,0,0.000017
3833,..(((..(((.((((((.......))).)).).))).)))....((((((.(((..........)))..)))))).,21,-6.094,19,0,0.000017
3834,..(((..(((.((((((.......))).).)).))).)))....((((((.(((..........)))..)))))).,21,-6.094,16,0,0.000017
3835,.((((..(((.(((..............)).).))).))))...((((((......(((.......))))))))).,19,-6.094,23,0,0.000017
3836,.((((..(((.(((..............).)).))).))))...((((((......(((.......))))))))).,19,-6.094,20,0,0.000017
3837,...........(((.......)))..(((..........)))..((((((...................)))))).,12,-6.094,23,0,0.000017
3838,.......(((.((.((.........))...)).)))..(....)....((.....))...................,10,-6.093,16,0,0.000017
3839,..(((..(((.((.((.(.....).))...)).))).)))....(((((((.....)............)))))).,18,-6.093,10,0,0.000017
3840,.((((..(((.((.(...........)...)).))).))))...((((((..((.....))........)))))).,18,-6.093,14,0,0.000017
3841,.(((...(((.((.(((.......)))...)).)))..)))...((((((.(.(..........).)..)))))).,19,-6.093,12,0,0.000017
3842,.......(((.((.(((.......)))...)).)))..(....)((((((...(..(.....).)....)))))).,17,-6.093,8,0,0.000017
3843,...((..(((.((.((((.....))))...)).))).)).....((((((.(((.....)).....)..)))))).,20,-6.093,14,0,0.000017
3844,......((((.((.((.........))...)).))).....)..((((((..............(...))))))).,15,-6.092,4,0,0.000017
3845,.......(((.(((..............)).).)))........((((((.(((..(.....).)))..)))))).,16,-6.092,17,0,0.000017
3846,.......(((.(((..............).)).)))........((((((.(((..(.....).)))..)))))).,16,-6.092,14,0,0.000017
3847,.......(((.((.((((.....))))...)).)))........((((((..(..........).....)))))).,16,-6.092,6,0,0.000017
3848,.......(((.(((..............)).).)))........((((((.(..............)..)))))).,13,-6.092,11,0,0.000017
3849,.......(((.(((..............).)).)))........((((((.(..............)..)))))).,13,-6.092,8,0,0.000017
3850,...((..(((.((.((.(...)...))...)).))).)).....((((((...................)))))).,16,-6.092,6,0,0.000017
3851,.......(((((.(((................)))..)))))..((((((......((...))......)))))).,16,-6.092,26,0,0.000017
3852,.......(.(((.(((......(((....))))))..))).)..((((((...(..........)....)))))).,17,-6.092,27,0,0.000017
3853,.......(((.((.((.........))...)).)))........(((((.(.....((.........)))))))).,15,-6.091,7,0,0.000017
3854,.......(((.((.((.........))...)).)))........((((.((.....((.........)))))))).,15,-6.091,9,0,0.000017
3855,.......(((.((.((.........))...)).)))........((((((.....(.(.........)))))))).,15,-6.091,4,0,0.000017
3856,..((.(.(((.((.((.........))...)).))).)))....((((((...(..(.....).)....)))))).,18,-6.091,10,0,0.000017
3857,.......(((.((.(((....)...))...)).)))........((((((.(((.....)).....)..)))))).,17,-6.091,8,0,0.000017
3858,...((((...((.(((......(((....))))))..))....))))..((....))..((.(.(...).)..)).,18,-6.091,48,0,0.000017
3859,..((...(((.((.((.........))...)).)))..))....((((((.(.(...........))..)))))).,17,-6.091,8,0,0.000017
3860,.......(((((.((((......((....))))))..)))))..((((((...(..(.....)..)...)))))).,19,-6.091,30,0,0.000017
3861,.......(((.((.(((.......)))..).).)))........((((((......(.....)......)))))).,15,-6.091,7,0,0.000017
3862,..(((..(((.((.((.(.....).))...)).))).)))....((((((...(..........)....)))))).,18,-6.09,10,0,0.000017
3863,..(((..(((.((.(..............))).))).)))....((((((...(..(.....)..)...)))))).,17,-6.09,15,0,0.000017
3864,.(((.(.(((.((.((((.....))))...)).))).))))...(((((.....................))))).,18,-6.09,14,0,0.000017
3865,..((.(.(((.((.................)).))).)))....((((((......((.........)))))))).,16,-6.09,14,0,0.000017
3866,..(((..(((.((.................)).))).)))....((((((..(...(.....)....).)))))).,16,-6.09,14,0,0.000017
3867,.........(.((.((.........))...)).)..........(((((((.....)............)))))).,12,-6.09,6,0,0.000017
3868,.......(((.((.................)).)))...........(((.....)))....(.(...).).....,10,-6.089,22,0,0.000017
3869,.......(((.(((((.........)).)).).)))........((((((.....(............))))))).,15,-6.089,7,0,0.000017
3870,.......(((.(((((.........)).).)).)))........((((((.....(............))))))).,15,-6.089,4,0,0.000017
3871,...((.........))......(((....)))............((((((...................)))))).,11,-6.089,20,0,0.000017
3872,..............(((.....(((....)))....))).....((((((..((..........))...)))))).,14,-6.089,26,0,0.000017
3873,.(((...(((.((.((((.....))))...)).)))..)))...((((((.(((..((...)).)))..)))))).,23,-6.088,20,0,0.000017
3874,..(((..(((.((.(((......).))...)).))).)))....((((((...................)))))).,17,-6.088,8,0,0.000017
3875,..(((..(((.((.(((......)).)...)).))).)))....((((((...................)))))).,17,-6.088,11,0,0.000017
3876,...(((((((((.(((......(((....))))))..))))).)))).((.....)).(.(.(.(...)).).)..,21,-6.088,50,0,0.000017
3877,.......(((.((.((.........))...)).))).......((....)).............(...).......,10,-6.088,16,0,0.000017
3878,.......(((.((.(...........)...)).)))........(((((((..........).......)))))).,13,-6.088,4,0,0.000017
3879,.....(.(((.((.(((.......)))...)).))).)......((((((.....(......)......)))))).,16,-6.088,6,0,0.000017
3880,.......(((.((.((.(.....).))...)).)))........(((((((........).........)))))).,15,-6.087,4,0,0.000017
3881,.((((..(((.((((((.......))).)).).))).))))...(((((.....................))))).,18,-6.087,17,0,0.000017
3882,.((((..(((.((((((.......))).).)).))).))))...(((((.....................))))).,18,-6.087,14,0,0.000017
3883,.........(.((.((.........))...)).)..........((((((...(..........)....)))))).,12,-6.087,6,0,0.000017
3884,.......(((.((.((((.....))))...)).))).........(((((.(((..........)))..)))))..,17,-6.087,12,0,0.000017
3885,.......(((.((.((((.....))))...)).)))........((((((.(....((...))...)..)))))).,18,-6.086,10,0,0.000017
3886,..(.....).((.(((......(((....))))))..)).....((((((.(((..(.....).)))..)))))).,19,-6.086,32,0,0.000017
3887,..(((..(((.((.(((....)...))...)).))).)))....((((((..(..............).)))))).,18,-6.086,10,0,0.000017
3888,..((...(((.((.((.........))...)).)))..))....(((((((..(.......)..)....)))))).,17,-6.085,8,0,0.000017
3889,..((...(((.((.((.........))...)).)))..))....(((((((..(.......)..))....))))).,17,-6.085,11,0,0.000017
3890,..(.....).((.(((......(((....))))))..)).....((((((.(..............)..)))))).,16,-6.085,26,0,0.000017
3891,..............(((.....(((....)))....))).....((((((..((.....))...(...))))))).,15,-6.085,28,0,0.000017
3892,.((((..(((.((.................)).))).))))...((((.......................)))).,13,-6.085,16,0,0.000017
3893,.((((..(((.((((............))).).))).))))...((((((...................)))))).,17,-6.085,18,0,0.000017
3894,.((((..(((.((((............)).)).))).))))...((((((...................)))))).,17,-6.085,15,0,0.000017
3895,.......(((.((.(..............))).)))........((((((..((..........))...)))))).,14,-6.085,9,0,0.000017
3896,..(((.........))).....(((....)))............((((((......(((.......))))))))).,15,-6.085,28,0,0.000017
3897,.......((.((.((((..............))))..)).))..((((((...................)))))).,14,-6.084,22,0,0.000017
3898,.......(((((.(........(((....)))...).)))))..((((((...................)))))).,15,-6.084,25,0,0.000017
3899,.......(((.((.((.........))...)).))).......((....)).........(.(.(...)).)....,12,-6.084,18,0,0.000017
3900,...((((((.((.(((......(((....))))))..)).)).))))..((....)).......(...).......,17,-6.084,47,0,0.000017
3901,..((...(((.((.................)).)))..))....((((((......((...))......)))))).,15,-6.084,12,0,0.000017
3902,.......(((.((.((.........))...)).)))........(((((.............(......)))))).,13,-6.084,3,0,0.000017
3903,.....(.(((.((.(((.......)))...)).))).)......((((((...(..(.....)..)...)))))).,17,-6.084,8,0,0.000017
3904,.......(((.((....((........)).)).)))........((((((.((............))..)))))).,15,-6.084,12,0,0.000017
3905,..(((..(((.((.((.........))...)).))).)))........((.....)).....(.(...).).....,14,-6.083,23,0,0.000017
3906,.......(((((.(((......((......)))))..)))))..((((((.....(......)......)))))).,17,-6.083,26,0,0.000017
3907,.......(((.((...(...........).)).)))........((((((..............(...))))))).,13,-6.083,8,0,0.000017
3908,...(...(((.((.(((.......)))...)).)))..).....((((((...(...........)...)))))).,16,-6.083,6,0,0.000017
3909,..((...)).............(((....)))............((((((.((............))..)))))).,13,-6.083,24,0,0.000017
3910,..(((..(((.(((..........).....)).))).)))....((((((...................)))))).,15,-6.082,12,0,0.000017
3911,..(((..(((.(((...........)....)).))).)))....((((((...................)))))).,15,-6.082,11,0,0.000017
3912,.((((..(((.((.((.........))...)).))).)))).....((((.((............))..))))...,17,-6.082,16,0,0.000017
3913,.......(((.((.((.........))...)).))).........(((((...(..(.....).)....)))))..,14,-6.082,6,0,0.000017
3914,.((((..(((.((.(((.......)))...)).))).))))...((((((.....(..........)..)))))).,19,-6.081,12,0,0.000017
3915,.......((.((.(((......(((....))))))..)).))..((((((..(............)...)))))).,17,-6.081,27,0,0.000017
3916,..(.....).............(((....)))............((((((.(((..........)))..)))))).,13,-6.081,25,0,0.000017
3917,.......(((.((.(..............))).)))........((((((..((.....))...(...))))))).,15,-6.081,11,0,0.000017
3918,.......(((.((.((.........))...)).)))........((((((.((....(......)))..)))))).,16,-6.081,6,0,0.000017
3919,...((((((.((.(((......(((....))))))..)).)).))))..((....))...(.(.(...)).)....,19,-6.081,49,0,0.000017
3920,..(((..(((.((.(((.......)))...)).)))).))....((((((...................)))))).,17,-6.08,8,0,0.000016
3921,.......(((.((((.......))......)).)))........((((((......(.....)......)))))).,14,-6.08,9,0,0.000016
3922,.((((..(((.((.(((.......)))...)).))).))))....(((((.((............))..)))))..,19,-6.08,16,0,0.000016
3923,.......(((.((.................)).))).........(((((......((.........)))))))..,12,-6.08,10,0,0.000016
3924,..(((..(....).))).....(((....)))............((((((...................)))))).,13,-6.08,22,0,0.000016
3925,......((((.((.(((.......)))...)).))).)......((((((...(...........)...)))))).,16,-6.08,6,0,0.000016
3926,..((...(((.((.(((.......)))...)).)))..))....((((((..((.(......).))...)))))).,19,-6.08,12,0,0.000016
3927,.((((..(((.((..((......)).....)).))).))))...((((((...................)))))).,17,-6.08,15,0,0.000016
3928,...(((.(((((.(((......(((....))))))..)))))..))).....((.....)).(.(...).).....,18,-6.08,48,0,0.000016
3929,.......(((((.(((......(((....))))))..)))))....((((......((.........))))))...,17,-6.08,34,0,0.000016
3930,...((..(((.((.................)).))).)).....((((((..((.....))........)))))).,15,-6.079,12,0,0.000016
3931,.(((.(.(((.((.(((.......)))...)).))).))))...((((((..((.....))........)))))).,20,-6.079,14,0,0.000016
3932,.......(((((.(((......((......)))))..)))))..((((((...(..(.....)..)...)))))).,18,-6.079,28,0,0.000016
3933,.......(((.((((((.......))).)).).)))........((((((.(((.(......).)))..)))))).,19,-6.079,15,0,0.000016
3934,.......(((.((((((.......))).).)).)))........((((((.(((.(......).)))..)))))).,19,-6.079,12,0,0.000016
3935,.......(((.((.(((.......)))...)).)))........((((((..(.......(.....)).)))))).,16,-6.078,6,0,0.000016
3936,.......(((.(((((((.....)))).)).).)))........((((((..............(...))))))).,17,-6.078,11,0,0.000016
3937,.......(((.(((((((.....)))).).)).)))........((((((..............(...))))))).,17,-6.078,8,0,0.000016
3938,.....(.(((.((.((.........))...)).))).)......(((((((.....)............)))))).,15,-6.077,4,0,0.000016
3939,...(((((((.((.(((.......)))...)).))).......))))......((.(((.......)))..))...,17,-6.077,27,0,0.000016
3940,.......((.((.(((......(((....))))))..)).))..((((((......(...........))))))).,17,-6.077,27,0,0.000016
3941,.(((.(.(((.((.((((.....))))...)).))).))))...((((((......(.....)......)))))).,20,-6.076,14,0,0.000016
3942,...((((.((((.(((......(((....))))))..))))..))))..((....))..........((...))..,18,-6.076,47,0,0.000016
3943,.......(((.((.((.........))...)).)))..(....)((((((.......(.....).....)))))).,15,-6.076,4,0,0.000016
3944,.........(.((.((.........))...)).)....(....)((((((...................)))))).,12,-6.076,6,0,0.000016
3945,.......(((.((.((.(.....).))...)).)))........((((((...(.(......).)....)))))).,16,-6.076,6,0,0.000016
3946,..(((..(((.((.(((.......)))...)).))).)))....((((((..((..........)..).)))))).,19,-6.075,12,0,0.000016
3947,..(((..(((.((.((((.....))))...)).))).)))....((((((.(.(..(.....)..))..)))))).,21,-6.075,16,0,0.000016
3948,.......(((.((.((.........))...)).)))..(....)((((((...........(......))))))).,15,-6.075,4,0,0.000016
3949,..((...........)).....(((....)))((...)).....((((((...................)))))).,13,-6.075,24,0,0.000016
3950,...(((((((((.(((......(((....))))))..))))).))))...(....)...((.(.(...).)..)).,20,-6.075,50,0,0.000016
3951,..(((..(((.((.(...........)...)).))).)))....((((((.(((.(......).)))..)))))).,19,-6.075,16,0,0.000016
3952,.......(((((..........(((....))).....)))))..((((((..((.....))........)))))).,16,-6.075,28,0,0.000016
3953,.......(((.(((((.........)).)).).)))........((((((..(............)...)))))).,15,-6.075,7,0,0.000016
3954,.......(((.(((((.........)).).)).)))........((((((..(............)...)))))).,15,-6.075,4,0,0.000016
3955,.....(.(((.((.((.........))...)).))).)......((((((...(..........)....)))))).,15,-6.075,4,0,0.000016
3956,.......(((.((.((((.....))))...)).)))........(((((.......(.....).......))))).,15,-6.074,8,0,0.000016
3957,..(((..(((.((.((.........))...)).))).)))....((((((......(.........)..)))))).,17,-6.074,8,0,0.000016
3958,.((((..(((.((.(..............))).))).))))...((((((...(...........)...)))))).,17,-6.074,15,0,0.000016
3959,.......(((.((...........(....))).)))........(((((.....................))))).,11,-6.074,8,0,0.000016
3960,.......(((.((.((.........))...)).)))........(((((((.(........)..))....))))).,15,-6.074,7,0,0.000016
3961,.......(((.((.((.........))...)).)))........(((((((.(........)..)....)))))).,15,-6.074,4,0,0.000016
3962,.(((...(((.((.((.........))...)).)))..)))...((((((.......(......)....)))))).,17,-6.073,8,0,0.000016
3963,.......(((.((.((.........))...)).)))........((((((...(...(...)..)....)))))).,15,-6.073,4,0,0.000016
3964,.((((..(((.((((((.......))).)).).))).))))...((((((......(.....)......)))))).,20,-6.073,17,0,0.000016
3965,.((((..(((.((((((.......))).).)).))).))))...((((((......(.....)......)))))).,20,-6.073,14,0,0.000016
3966,.......(((.((.................)).)))..(....)((((((.(((..(.....).)))..)))))).,16,-6.073,14,0,0.000016
3967,.......(((.((.(((.......)))...)).)))..(....)((((((.....(............))))))).,16,-6.073,6,0,0.000016
3968,.......(((.((.................)).)))..(....)((((((.(..............)..)))))).,13,-6.073,8,0,0.000016
3969,..((...(((.((.((.........))...)).)))..)).......(((.....)))..................,12,-6.072,19,0,0.000016
3970,..(((..(((.((.(((.......)))...)).))).)))....((((((..(..........).....)))))).,18,-6.072,10,0,0.000016
3971,.......(((.((.(((.......)))...)).)))...........(((.....))).((.(.(...).)..)).,15,-6.071,22,0,0.000016
3972,..((.(.(((.((.((.........))...)).))).)))....((((((.....(............))))))).,17,-6.071,8,0,0.000016
3973,.(((...(((.(((..............)).).)))..)))...((((((...................)))))).,15,-6.071,15,0,0.000016
3974,.(((...(((.(((..............).)).)))..)))...((((((...................)))))).,15,-6.071,12,0,0.000016
3975,...((..(((.((.((.........))...)).))).)).....(((((((.(..........).)...)))))).,17,-6.071,8,0,0.000016
3976,..(((..(((.(...................).))).)))....((((((.((............))..)))))).,15,-6.071,16,0,0.000016
3977,.......(((.(((((.........)).)).).)))........((((((......(...........))))))).,15,-6.07,7,0,0.000016
3978,.......(((.(((((.........)).).)).)))........((((((......(...........))))))).,15,-6.07,4,0,0.000016
3979,.(((.(.(((.((.(...........)...)).))).))))...((((((...................)))))).,16,-6.069,10,0,0.000016
3980,.......(((((.(((......(((....))))))..)))))..((((((..((..(.....).)..).)))))).,20,-6.069,32,0,0.000016
3981,..((...(((.((.((.........))...)).)))..))....((((((.((...((...))..))..)))))).,19,-6.069,12,0,0.000016
3982,.......(((.((....(.....)......)).)))........((((((......(((.......))))))))).,15,-6.068,12,0,0.000016
3983,.((((..(((.((.((.(...)...))...)).))).))))...((((((......((.........)))))))).,20,-6.068,14,0,0.000016
3984,..(((..(((.((.................)).))).)))....((((((...(..((...)).)....)))))).,17,-6.068,16,0,0.000016
3985,..(((..(((.((.((.........))...)).))).)))......((((.(((..........)))..))))...,17,-6.068,16,0,0.000016
3986,..........((.(((......(((....))))))..)).....((((((.(.(..........).)..)))))).,16,-6.067,27,0,0.000016
3987,..(((..(((.((.................)).))).)))....((((((...(.......).......)))))).,15,-6.067,12,0,0.000016
3988,.......((.((.(((......(((....))))))..)).))..(((((((.((.....))...))....))))).,19,-6.067,34,0,0.000016
3989,.......((.((.(((......(((....))))))..)).))..(((((((.((.....))...)....)))))).,19,-6.067,31,0,0.000016
3990,.((((..(((.((.((.........))...)).))).))))...((((((.(.(..((...))..))..)))))).,21,-6.067,16,0,0.000016
3991,.......(((.(((.(.......).)....)).)))........((((((......(((.......))))))))).,16,-6.067,12,0,0.000016
3992,.((((..(((.((.((.(.....).))...)).))).))))...((((((.(((.....)).....)..)))))).,21,-6.066,16,0,0.000016
3993,..(((..(((.((.(((.......)))...)).))).))).....(((((.(((..........)))..)))))..,19,-6.066,16,0,0.000016
3994,.(((...(((.((.................)).)))..)))...(((((((.....)............)))))).,15,-6.066,12,0,0.000016
3995,...(...(((.((.((.........))...)).)))..).....((((((.(((.....)).....)..)))))).,17,-6.066,8,0,0.000016
3996,...((((.((((.(((......(((....))))))..))))..)))).................(...).......,15,-6.065,44,0,0.000016
3997,..(((..(((.((.(((.......)))...)).))).)))....((((((.(....((...))...)..)))))).,20,-6.065,14,0,0.000016
3998,.......(((.(.(((.........)).)..).)))........((((((.(((..........)))..)))))).,16,-6.064,10,0,0.000016
3999,.......(((.((....(..........).)).)))........((((((......((.........)))))))).,14,-6.064,10,0,0.000016
4000,........((.((.(((.......)))...)).)).........((((((...(...........)...)))))).,14,-6.064,6,0,0.000016
4001,.....(.(((.((.((.........))...)).))).....)..((((((......((.........)))))))).,16,-6.064,6,0,0.000016
4002,.......(((.((.(((.......)))...)).)))...........(((.....)))...........(....).,12,-6.063,17,0,0.000016
4003,........((((.(((......(((....))))))..))))...((((((.((............))..)))))).,18,-6.063,29,0,0.000016
4004,.(((...(((.((.................)).)))..)))...((((((...(..........)....)))))).,15,-6.063,12,0,0.000016
4005,.......(((.((....((........)).)).)))........(((((.....................))))).,12,-6.063,10,0,0.000016
4006,...((..(((.((.((.........))...)).))).)).....((((((.(.(..(.....).).)..)))))).,18,-6.063,10,0,0.000016
4007,......((((.((.((.........))...)).))).)......((((((.(((.....)).....)..)))))).,17,-6.063,8,0,0.000016
4008,..((.(..((.((.................)).))..)))....((((((...................)))))).,13,-6.062,12,0,0.000016
4009,.(((.(.(((.((.((.........))...)).))).))))...(((((((....).............)))))).,18,-6.062,10,0,0.000016
4010,.(((.(.(((.((.((.........))...)).))).))))...(((((((....)).............))))).,18,-6.062,13,0,0.000016
4011,.......(((.((.((.........))...)).)))..(....)((((((...(..((...))..)...)))))).,17,-6.062,8,0,0.000016
4012,.((((..(((.((.................)).))).))))...((((((.(....(.....)...)..)))))).,17,-6.062,16,0,0.000016
4013,..((...)).............(((....)))............(((((.....................))))).,10,-6.062,22,0,0.000016
4014,.......(((.((.((((.....))))...)).)))........((((((..((.(......)..).).)))))).,18,-6.062,10,0,0.000016
4015,...(((((((.((.................)).))).......))))..((....)).....(.(...).).....,13,-6.062,27,0,0.000016
4016,...((.....))..........(((....)))((...)).....((((((...................)))))).,13,-6.062,24,0,0.000016
4017,...((((.((((.(((......(((....))))))..))))..)))).............(.(.(...)).)....,17,-6.062,46,0,0.000016
4018,.......(((.((.((.........))...)).))).........(((((.....(............))))))..,13,-6.062,4,0,0.000016
4019,.......(((((..((......(((....)))))...)))))..((((((......(((.......))))))))).,19,-6.061,31,0,0.000016
4020,..(((..(((.((.((((.....))))...)).))).)))....((((((..((..((...)).))...)))))).,22,-6.061,18,0,0.000016
4021,.......(((.(((..............)).).)))........((((((..(..............).)))))).,13,-6.061,11,0,0.000016
4022,.......(((.(((..............).)).)))........((((((..(..............).)))))).,13,-6.061,8,0,0.000016
4023,.((((..(((.((.((.........))...)).))).)))).....(((.....................)))...,14,-6.061,14,0,0.000016
4024,.......(((.((.((.(...)...))...)).)))........((((((.....(......)......)))))).,15,-6.061,4,0,0.000016
4025,..((.(.(((.((.(((.......)))...)).))).)))....((((((.(((.(......).)))..)))))).,21,-6.061,16,0,0.000016
4026,..(((...((.((.((((.....))))...)).))..)))....((((((...................)))))).,17,-6.061,12,0,0.000016
4027,.......(((.((.((((...)..)))...)).)))........((((((.((............))..)))))).,17,-6.061,8,0,0.000016
4028,...((..(((.((.((((.....))))...)).))).)).....(((((((.....)............)))))).,18,-6.061,10,0,0.000016
4029,.......(((.((.(((.......)))...)).)))........((((((..((.(......).)..).)))))).,17,-6.06,8,0,0.000016
4030,.(((.(.(((.((.((.........))...)).))).))))...((((((...(.(......)..)...)))))).,19,-6.06,12,0,0.000016
4031,.......(((.(((((.........)).)).).)))........(((((((.((.....))...))....))))).,17,-6.06,14,0,0.000016
4032,.......(((.(((((.........)).)).).)))........(((((((.((.....))...)....)))))).,17,-6.06,11,0,0.000016
4033,.......(((.(((((.........)).).)).)))........(((((((.((.....))...)....)))))).,17,-6.06,8,0,0.000016
4034,.......(((.(((((.........)).).)).)))........(((((((.((.....))...))....))))).,17,-6.06,11,0,0.000016
4035,.((((..(((.((.................)).))).))))...((((((...(.....)....(...))))))).,17,-6.06,16,0,0.000016
4036,.......(((.(...................).)))........((((((..((.....))........)))))).,12,-6.06,10,0,0.000016
4037,..((.(.(((.((.((((.....))))...)).))).)))....((((((..............(...))))))).,19,-6.06,12,0,0.000016
4038,.((((..(((.((.(((.......)))...)).))).))))....((((.....................))))..,16,-6.06,14,0,0.000016
4039,.......(((((.(((......(((....))))))..)))))...(((((.(((..(.....).)))..)))))..,20,-6.06,36,0,0.000016
4040,.......(((.((...........(....))).)))........((((((......(.....)......)))))).,13,-6.06,8,0,0.000016
4041,...(((((((((.(((......(((....))))))..))))).))))..(.....)...((.(.(...).)..)).,20,-6.06,49,0,0.000016
4042,.......(((((.(((......(((....))))))..)))))...(((((.(..............)..)))))..,17,-6.059,30,0,0.000016
4043,.......(((.((.((.(.....).))...)).)))........(((((((.((.....))).......)))))).,17,-6.059,8,0,0.000016
4044,.......(((.((.(((....)...))...)).)))........(((((((.....)............)))))).,15,-6.059,4,0,0.000016
4045,.((((..(((.((.((((.....))))...)).))).))))...((((((.(.(...........))..)))))).,21,-6.059,16,0,0.000016
4046,..((...(((.((.(((.......)))...)).)))..))....(((((((.((.....))....)...)))))).,19,-6.059,12,0,0.000016
4047,.......(((.((.(((.......)))...)).)))........((((.(...................).)))).,13,-6.059,4,0,0.000016
4048,...(((.(((((.(((......(((....))))))..)))))..)))......((.((.........))..))...,18,-6.058,47,0,0.000016
4049,.(.....(((.((.(((.......)))...)).)))).......((((((...................)))))).,15,-6.058,4,0,0.000016
4050,.......(((.((.(((.......)))...)).)))..(....)((((((..(............)...)))))).,16,-6.058,6,0,0.000016
4051,.((((..(((.((.(((....)...))...)).))).))))...((((((.(((..(.....).)))..)))))).,22,-6.058,18,0,0.000016
4052,...((..(((.((.((((.....))))...)).))).)).....((((((...(..........)....)))))).,18,-6.058,10,0,0.000016
4053,...(((((((((.(((......(((....))))))..))))).)))).............(.....).........,16,-6.058,45,0,0.000016
4054,.((((..(((.((.(((....)...))...)).))).))))...((((((.(..............)..)))))).,19,-6.058,12,0,0.000016
4055,.((((..(((.((.((.........))...)).))).))))...((((((..(....(.....)...).)))))).,19,-6.057,12,0,0.000016
4056,.......(((.((.((.(...)...))...)).)))........((((((...(..(.....)..)...)))))).,16,-6.057,6,0,0.000016
4057,...........(((.......))).((.....))..........((((((.(((..(.....).)))..)))))).,15,-6.057,27,0,0.000016
4058,.......((.((.(((......(((....))))))..)).))..(((((((..............)...)))))).,17,-6.057,27,0,0.000016
4059,..((.(.(((.((.((.........))...)).))).)))....((((((..(............)...)))))).,17,-6.057,8,0,0.000016
4060,..(((..(((.((((((.......))).)).).))).)))....((((((..............(...))))))).,19,-6.057,15,0,0.000016
4061,..(((..(((.((((((.......))).).)).))).)))....((((((..............(...))))))).,19,-6.057,12,0,0.000016
4062,.......(((.((.((((.....))))...)).)))........(((((...((.....))...(...).))))).,17,-6.057,12,0,0.000016
4063,...........(((.......))).((.....))..........((((((.(..............)..)))))).,12,-6.057,21,0,0.000016
4064,.......(((.((.................)).)))........((((((..((.....).......).)))))).,13,-6.057,8,0,0.000016
4065,...(((((((.((.................)).))).......))))(((.....)))..................,12,-6.057,24,0,0.000016
4066,.(((...(((.((.((((.....))))...)).)))..)))...((((((..((..........))...)))))).,20,-6.057,14,0,0.000016
4067,.(((((..((.((.(((.......)))...)).)))).)))...((((((...................)))))).,18,-6.057,13,0,0.000016
4068,..(((...((.((.((.........))...)).))..)))....((((((......(((.......))))))))).,18,-6.057,14,0,0.000016
4069,.......(((.((.(((....)...))...)).)))........((((((...(..........)....)))))).,15,-6.057,4,0,0.000016
4070,..((...)).....(((.....(((....)))....))).....((((((.(((..(.....).)))..)))))).,18,-6.056,32,0,0.000016
4071,..((...)).....(((.....(((....)))....))).....((((((.(..............)..)))))).,15,-6.056,26,0,0.000016
4072,.......(((.((.((.........))...)).)))........(((.........................))).,10,-6.056,6,0,0.000016
4073,.......(((.((.((.(......)))...)).)))........((((((......(((.......))))))))).,17,-6.056,8,0,0.000016
4074,.......(.(((.((((......((....))))))..))).)..((((((...................)))))).,16,-6.056,25,0,0.000016
4075,...(.(.(((.((.................)).))).)).....((((((...................)))))).,13,-6.055,8,0,0.000016
4076,.......(((.((.((((.....))))...)).)))........((((((..(...((...))....).)))))).,18,-6.055,10,0,0.000016
4077,..(.....).((.(((......(((....))))))..)).....((((((..(..............).)))))).,16,-6.054,26,0,0.000016
4078,.......(((.((.((((.....))))...)).)))..(....)((((((...(...........)...)))))).,17,-6.054,8,0,0.000016
4079,...((((.((((.(((......(((....))))))..))))..)))).((.....)).......(...).......,17,-6.054,46,0,0.000016
4080,.......(.(((.(((......(((....))))))..))).)..((((((......((...))......)))))).,18,-6.054,29,0,0.000016
4081,.......(((((.(((.((........))...)))..)))))..((((((...................)))))).,16,-6.054,26,0,0.000016
4082,.......(((.((.(((.......)))...)).)))..(....)((((((......(...........))))))).,16,-6.054,6,0,0.000016
4083,.((((..(((.((.((((.....))))...)).))).))))...(((((((..(.......)..))....))))).,21,-6.054,19,0,0.000016
4084,.((((..(((.((.((((.....))))...)).))).))))...(((((((..(.......)..)....)))))).,21,-6.054,16,0,0.000016
4085,..(((..(((.((.(((.......)))...)).))).)))....(((((.......(.....).......))))).,17,-6.054,12,0,0.000016
4086,...((((..(((.(((......(((....))))))..)))...)))).....((.....))...............,15,-6.054,45,0,0.000016
4087,.......(((((.(((......(((....))))))..)))))..((((((.......((.......)).)))))).,19,-6.054,30,0,0.000016
4088,.(((...(((.((.((((.....))))...)).)))..)))...((((((..((.....))...(...))))))).,21,-6.053,16,0,0.000016
4089,..(((..(((.((.((.(.....).))...)).))).)))....((((((......((...))......)))))).,19,-6.053,12,0,0.000016
4090,.......(((.((.(((.......)))..).).)))........((((((.(((..........)))..)))))).,17,-6.053,11,0,0.000016
4091,.......(((.((.((.........))...)).)))........((((((.(.....(.....)..)..)))))).,15,-6.053,4,0,0.000016
4092,...((..(((.((.((.........))...)).))).)).....((((.......................)))).,13,-6.053,8,0,0.000016
4093,.......(((.((.((.........))...)).)))..........((((.(((.(......).)))..))))...,15,-6.053,12,0,0.000016
4094,..((.(.(((.((.((.........))...)).))).)))....((((((......(...........))))))).,17,-6.052,8,0,0.000016
4095,.......(((((.(((......(((....))))))..)))))..((((((.(((...(...)..)))..)))))).,21,-6.051,34,0,0.000016
4096,.......(((.((.(((.......)))...)).))).........(((((.(((.(......).)))..)))))..,17,-6.051,12,0,0.000016
4097,...(((((((((..........(((....))).....))))).))))..((....)).....(.(...).).....,16,-6.051,47,0,0.000016
4098,.(.((..(((.((.................)).))).)).)...((((((...................)))))).,14,-6.051,10,0,0.000016
4099,...((((.((((.(((......(((....))))))..))))..)))).((.....))...(.(.(...)).)....,19,-6.051,48,0,0.000016
4100,.......(((.((.(((.......)))...)).)))........((((((..............).....))))).,14,-6.051,5,0,0.000016
4101,.......(((.(((((.........)).)).).)))........(((((((..............)...)))))).,15,-6.05,7,0,0.000016
4102,.......(((.(((((.........)).).)).)))........(((((((..............)...)))))).,15,-6.05,4,0,0.000016
4103,..(((..(((.(((((.........)).)).).))).)))....((((((...(...........)...)))))).,18,-6.05,13,0,0.000016
4104,..(((..(((.(((((.........)).).)).))).)))....((((((...(...........)...)))))).,18,-6.05,10,0,0.000016
4105,..(((..(((.((.((.........))...)).))).)))......((((.....))).)................,14,-6.05,22,0,0.000016
4106,.......(((.((.((((.....))))...)).))).........(((((..............(...))))))..,15,-6.05,8,0,0.000016
4107,..(((..(((.(...................).))).)))....(((((.....................))))).,12,-6.05,14,0,0.000016
4108,...........(((.......))).....(.....)........((((((...................)))))).,10,-6.05,19,0,0.000016
4109,.........(.((.((.........))...)).)..........((((((......((...))......)))))).,13,-6.05,8,0,0.000016
4110,...(((((((((.(((......(((....))))))..))))).))))..((....)).....(.(...)...)...,19,-6.049,49,0,0.000016
4111,.......((.((.(((......(((....))))))..)).))..(((((((.............))....))))).,17,-6.049,30,0,0.000016
4112,.......((.((.(((......(((....))))))..)).))..(((((((.............)....)))))).,17,-6.049,27,0,0.000016
4113,.......(((.((.(((.......)))...)).)))........((((((..((.....))...).....))))).,16,-6.049,9,0,0.000016
4114,.......(((.((....((........)).)).)))........((((((......(.....)......)))))).,14,-6.049,10,0,0.000016
4115,..(((..(((.((.((.........))...)).))).)))....((((((.((....(...)...))..)))))).,19,-6.049,12,0,0.000016
4116,..(((..(((.((...(...........).)).))).)))....((((((......(((.......))))))))).,18,-6.049,18,0,0.000016
4117,.......(((.((.((((.....))))...)).)))........(((((.(..............)....))))).,15,-6.048,8,0,0.000016
4118,..((...(((.((.((.........))...)).)))..))....((((((.(.(..(.....)..))..)))))).,18,-6.048,10,0,0.000016
4119,.......(((.((.((.........))...)).)))........((((((.(.....)......(...))))))).,15,-6.048,4,0,0.000016
4120,......................(((....)))............(((((((....)).............))))).,10,-6.048,23,0,0.000016
4121,......................(((....)))............(((((((....).............)))))).,10,-6.048,20,0,0.000016
4122,.((((..(((.(.(..............)..).))).))))...((((((...................)))))).,15,-6.048,16,0,0.000016
4123,..((...)).............(((....)))............((((((......(.....)......)))))).,12,-6.048,22,0,0.000016
4124,..(((..(((.((.................)).))).)))....((((((.(...(......)...)..)))))).,16,-6.048,14,0,0.000016
4125,...((((...((.(((......(((....))))))..))....))))(((.....)))....(.(...).).....,17,-6.048,46,0,0.000016
4126,.......(((.((.((.........))...)).))).........(((((..(............)...)))))..,13,-6.047,4,0,0.000016
4127,...(((((((((.(((......(((....))))))..))))).)))).((...................)).....,17,-6.047,39,0,0.000016
4128,...(((((((((.(((......(((....))))))..))))).)))).((.....))...(.....).........,18,-6.047,47,0,0.000016
4129,.((((..(((.((.((.........))...)).))).)))).....((((......(.....)......))))...,16,-6.047,14,0,0.000016
4130,........((.((.((.........))...)).)).........((((((.(((.....)).....)..)))))).,15,-6.047,8,0,0.000016
4131,......................(((....)))............((((((...(.(......)..)...)))))).,11,-6.046,22,0,0.000016
4132,.......(((.((.(((.......)))...)).)))........(((((((.(.......)...)....)))))).,16,-6.046,6,0,0.000016
4133,.......(((.((.(((.......)))...)).)))........(((((((.(.......)...))....))))).,16,-6.046,9,0,0.000016
4134,.......(((.((.((((.....))))...)).)))........((((((.......(.......)...)))))).,16,-6.046,6,0,0.000016
4135,...(((((((((..........(((....))).....))))).))))(((.....)))..................,15,-6.046,44,0,0.000016
4136,.......(((.((.(((.......)))...)).)))..(.....)..(((.....)))......(...).......,13,-6.046,20,0,0.000016
4137,.((((..(((.((.(((.......)))...)).))).))))....(((((......(.....)......)))))..,18,-6.046,14,0,0.000016
4138,...(((((((((.(((......(((....))))))..))))).))))..((....)).......((.......)).,19,-6.045,48,0,0.000016
4139,...(((((((((.(((......(((....))))))..))))).))))...............(.......).....,16,-6.045,44,0,0.000016
4140,.......(((.((.(((....)...))...)).)))..(....)((((((...................)))))).,15,-6.045,4,0,0.000016
4141,..(((..(((.((.((.........))...)).))).)))....((((((..............)).....)))).,16,-6.045,12,0,0.000016
4142,...((.....))..(((.....(((....)))....))).....((((((.((............))..)))))).,16,-6.045,29,0,0.000016
4143,..(.....).............(((....)))............((((((..............(...))))))).,11,-6.044,21,0,0.000016
4144,.((((..(((.((.(((.......)))...)).))).)))).......((.....))...................,14,-6.044,24,0,0.000016
4145,...(...(((.((.(((.......)))...)).)))..).....((((((.....(......)......)))))).,16,-6.044,6,0,0.000016
4146,.......(.(((.(((......((......)))))..))).)..((((((...................)))))).,15,-6.044,23,0,0.000016
4147,.......(((.((.(((.......)))...)).)))..(....)(((((((.((.....))...))....))))).,18,-6.044,13,0,0.000016
4148,.......(((.((.(((.......)))...)).)))..(....)(((((((.((.....))...)....)))))).,18,-6.044,10,0,0.000016
4149,..(((..(((.(((((((.....)))).)).).))).)))....((((((......(((.......))))))))).,22,-6.043,21,0,0.000015
4150,..(((..(((.(((((((.....)))).).)).))).)))....((((((......(((.......))))))))).,22,-6.043,18,0,0.000015
4151,..(((..(((.((.((.........))...)).))).)))....((((((..((.....))...)).....)))).,18,-6.043,16,0,0.000015
4152,.......(((.((.((.........))...)).))).........(((((......(...........))))))..,13,-6.043,4,0,0.000015
4153,.......(((.(((((.........)).)).).)))........(((((((.............)....)))))).,15,-6.043,7,0,0.000015
4154,.......(((.(((((.........)).)).).)))........(((((((.............))....))))).,15,-6.043,10,0,0.000015
4155,.......(((.(((((.........)).).)).)))........(((((((.............)....)))))).,15,-6.043,4,0,0.000015
4156,.......(((.(((((.........)).).)).)))........(((((((.............))....))))).,15,-6.043,7,0,0.000015
4157,..(((..(((.((.((.........))...)).))).)))....((((((..(..(......).)....)))))).,18,-6.043,10,0,0.000015
4158,........((((.(((......(((....))))))..))))...(((((.....................))))).,15,-6.042,27,0,0.000015
4159,.......(((.((((.......))......)).)))........((((((.(((..........)))..)))))).,16,-6.042,13,0,0.000015
4160,..((.(.(((.((.((.........))...)).))).)))....(((((((.((.....))...))....))))).,19,-6.042,15,0,0.000015
4161,..((.(.(((.((.((.........))...)).))).)))....(((((((.((.....))...)....)))))).,19,-6.042,12,0,0.000015
4162,.((((..(((.((....(......).....)).))).))))...((((((...................)))))).,16,-6.042,14,0,0.000015
4163,.......(((.((.(((.......)))...)).)))........((((((.((....(.....).))..)))))).,17,-6.042,8,0,0.000015
4164,.......(((.((.(((.......)))...)).)))..(.....)..(((.....)))..(.(.(...)).)....,15,-6.042,22,0,0.000015
4165,.......(((.((.((.........))...)).)))...........(((.....))).((............)).,12,-6.042,17,0,0.000015
4166,.......(((.((.................)).)))..(....)((((((..(..............).)))))).,13,-6.042,8,0,0.000015
4167,.........(.....)......(((....)))............((((((.(((..(.....).)))..)))))).,14,-6.041,26,0,0.000015
4168,...(((((((.((.(((.......)))...)).))).......))))......(.....)................,13,-6.041,21,0,0.000015
4169,..(((..(((.((.(((.......)))...)).))).)))....((((((..((.(......)..).).)))))).,20,-6.041,14,0,0.000015
4170,.........(.....)......(((....)))............((((((.(..............)..)))))).,11,-6.041,20,0,0.000015
4171,......((((.((.(((.......)))...)).))).)......((((((.....(......)......)))))).,16,-6.041,6,0,0.000015
4172,.(((...(((.((.(..............))).)))..)))...((((((......(((.......))))))))).,18,-6.04,17,0,0.000015
4173,.......((.((.(((......(((....))))))..)).))..((((((.(((..((...)).)))..)))))).,21,-6.04,35,0,0.000015
4174,...((((..(((.(((......(((....))))))..)))...))))...............(.(...).).....,15,-6.04,44,0,0.000015
4175,...(...(((.((.(((.......)))...)).)))..).....((((((...(..(.....)..)...)))))).,17,-6.04,8,0,0.000015
4176,...(((((((((.(((......(((....))))))..))))).))))..((....))..((.(((...)..)))).,22,-6.04,52,0,0.000015
4177,.((((..(((.((.((((.....))))...)).))).))))......(((.....)))..................,16,-6.04,27,0,0.000015
4178,.......(((.((.((((...)..)))...)).)))........(((((.....................))))).,14,-6.04,6,0,0.000015
4179,.......(((.((.(((.......)))...)).)))........((((.((.((.....))...)).....)))).,16,-6.04,13,0,0.000015
4180,...(((((((((.(((................)))..))))).))))..((....))..((.(.(...).)..)).,18,-6.04,47,0,0.000015
4181,.((.(..(((.((.(((.......)))...)).))).).))...((((((......(((.......))))))))).,20,-6.039,14,0,0.000015
4182,.((((..(((.((.(((.......)))...)).))).))))...((((((.(.(..((...)).).)..)))))).,22,-6.039,18,0,0.000015
4183,...(((((((((.(((......(((....))))))..))))).))))...(.....).......(...).......,17,-6.039,47,0,0.000015
4184,.((((..(((.((.((.........))...)).))).))))...((((((.....)..............))))).,17,-6.039,11,0,0.000015
4185,...(((((((.((.(((.......)))...)).))).......)))).........(.....).............,13,-6.039,21,0,0.000015
4186,..(((..(((.((.((.........))...)).))).)))....((((((....(..(.....)..)..)))))).,18,-6.039,10,0,0.000015
4187,..............((((....(((....)))...)))).....((((((..((.....))........)))))).,15,-6.038,27,0,0.000015
4188,.(((.(.(((.((.((((.....))))...)).))).))))...((((((.(((..........)))..)))))).,22,-6.038,18,0,0.000015
4189,...........(((.......)))..((......))........((((((...................)))))).,11,-6.037,19,0,0.000015
4190,.....(.(((.((.((.........))...)).))).)......((((((......((...))......)))))).,16,-6.037,6,0,0.000015
4191,......((((.((.(((.......)))...)).))).)......((((((...(..(.....)..)...)))))).,17,-6.037,8,0,0.000015
4192,...(((.(((((.(((......(((....))))))..)))))..)))..((....))..(.((.(...).))..).,20,-6.037,49,0,0.000015
4193,.......(((.((.(((.......)))...)).)))........(((((.(.....(((.......))))))))).,17,-6.037,11,0,0.000015
4194,.......(((.((.(((.......)))...)).)))........((((.((.....(((.......))))))))).,17,-6.037,13,0,0.000015
4195,.......(((.((.(((.......)))...)).)))........((((((.....(.((.......))))))))).,17,-6.037,8,0,0.000015
4196,...(((((((.((.((.........))...)).))).......)))).........(((.......))).......,14,-6.037,23,0,0.000015
4197,.((((..(((.((.((((.....))))...)).))).))))...((((((.((...((...))..))..)))))).,23,-6.037,20,0,0.000015
4198,..((...))(.((.((.........))...)).)..........((((((...................)))))).,13,-6.037,6,0,0.000015
4199,..(((..(((.((.((.........))..).).))).)))....((((((......((.........)))))))).,18,-6.036,13,0,0.000015
4200,...(((((((.((.(((.......)))...)).))).......))))..((....))............(....).,15,-6.036,22,0,0.000015
4201,..(((..(((.((.(((.......)))...)).))).)))....(((((...((.....))...(...).))))).,19,-6.036,16,0,0.000015
4202,..(((..(((.(...................).))).)))....((((((......(.....)......)))))).,14,-6.036,14,0,0.000015
4203,.((((..(((.((.(..............))).))).))))...((((((.....(......)......)))))).,17,-6.035,15,0,0.000015
4204,...(((((((((.(((......(((....))))))..))))).))))...(.....)...(.(.(...)).)....,19,-6.035,49,0,0.000015
4205,.((((..(((.((((((.......))).)).).))).))))...((((((.(((..........)))..)))))).,22,-6.035,21,0,0.000015
4206,.((((..(((.((((((.......))).).)).))).))))...((((((.(((..........)))..)))))).,22,-6.035,18,0,0.000015
4207,.......(((.((.(((.......)))...)).)))........(((((....(...............)))))).,14,-6.035,5,0,0.000015
4208,.......(((.((.(((.......)))...)).)))........((((((..((.....).....)...)))))).,16,-6.035,6,0,0.000015
4209,..((...(((.((.((.........))...)).)))..))....((((((..((..((...)).))...)))))).,19,-6.035,12,0,0.000015
4210,.((((..(((.((.((.(.....).))...)).))).))))...(((((((.....)............)))))).,19,-6.035,12,0,0.000015
4211,...(((((((((.(((......(((....))))))..))))).)))).((.....)).....(.......).....,18,-6.034,46,0,0.000015
4212,..(((..(((.((.(((.......)))...)).))).)))....((((((..(...((...))....).)))))).,20,-6.034,14,0,0.000015
4213,...((..(((.((.(((.......)))...)).))).)).....(((((((........).........)))))).,17,-6.034,8,0,0.000015
4214,.........(.((.((((.....))))...)).)..........((((((.((............))..)))))).,15,-6.034,12,0,0.000015
4215,.......(((.((.(((.......)))...)).)))..(....)(((((((..............)...)))))).,16,-6.034,6,0,0.000015
4216,...(...(((.((.((.........))...)).)))..).....(((((((.....)............)))))).,15,-6.034,4,0,0.000015
4217,.......(((.(((((.........)).)).).)))........((((((.(((..((...)).)))..)))))).,19,-6.034,15,0,0.000015
4218,.......(((.(((((.........)).).)).)))........((((((.(((..((...)).)))..)))))).,19,-6.034,12,0,0.000015
4219,.......(.(.((.((((.....))))...)).).)........((((((...................)))))).,14,-6.033,6,0,0.000015
4220,..((...........)).....(((....)))............((((((......((.........)))))))).,13,-6.033,25,0,0.000015
4221,.......(((((.(((......(((....))))))..))))).....(((.....)))......(...).......,15,-6.033,43,0,0.000015
4222,.......(((.((.((.........))...)).))).........((((((.((.....))...)....)))))..,15,-6.033,8,0,0.000015
4223,.......(((.((.((.........))...)).))).........((((((.((.....))...))....))))..,15,-6.033,11,0,0.000015
4224,.(((.(.(((.((.((.........))...)).))).))))...((((((...(..(.....).)....)))))).,19,-6.033,12,0,0.000015
4225,..((.(.(((.((.((.........))...)).))).)))....(((((((..............)...)))))).,17,-6.033,8,0,0.000015
4226,.(((...(((.((.((.........))...)).)))..)))...((((((.(.(...........))..)))))).,18,-6.032,10,0,0.000015
4227,..(((..(((.((.((.........))...)).))).)))....((((((.(((.......)...))..)))))).,19,-6.032,12,0,0.000015
4228,..........(....)......(((....)))............((((((.((............))..)))))).,12,-6.032,23,0,0.000015
4229,.((((..(((.((.((.(.....).))...)).))).))))...((((((...(..........)....)))))).,19,-6.032,12,0,0.000015
4230,.((((..(((.((.(..............))).))).))))...((((((...(..(.....)..)...)))))).,18,-6.032,17,0,0.000015
4231,..(((..(((.((.((.........))...)).))).)))....((((((..............))).....))).,16,-6.031,15,0,0.000015
4232,.(((.(.(((.((.................)).))).))))...((((((......((.........)))))))).,17,-6.031,16,0,0.000015
4233,.((((..(((.((.................)).))).))))...((((((..(...(.....)....).)))))).,17,-6.031,16,0,0.000015
4234,...(...(((.((.((.........))...)).)))..).....((((((...(..........)....)))))).,15,-6.031,4,0,0.000015
4235,.......(((.((.((.........))...)).)))........(((((....(..(.....).).....))))).,14,-6.031,6,0,0.000015
4236,..(((..(((.((.((.........))...)).))).)))......((((..............(...)))))...,15,-6.031,12,0,0.000015
4237,......((((.((.((.........))...)).))).)......(((((((.....)............)))))).,15,-6.031,4,0,0.000015
4238,.....(...)............(((....)))............((((((...................)))))).,10,-6.03,19,0,0.000015
4239,...((..(((.((.((.........))...)).))).)).....((((((.(....(.....)...)..)))))).,17,-6.03,8,0,0.000015
4240,.......(((.((.(((.......)))...)).)))........(((((((..(.......)...)...)))))).,16,-6.03,6,0,0.000015
4241,..(((..(((.((.((.........))...)).))).)))....((((((..((.....))...))).....))).,18,-6.03,19,0,0.000015
4242,.((((..(((.((.(((......).))...)).))).))))...((((((...................)))))).,18,-6.03,10,0,0.000015
4243,.((((..(((.((.(((......)).)...)).))).))))...((((((...................)))))).,18,-6.03,13,0,0.000015
4244,..(((..(((.((.(((.......)))...)).))).))).....(((((..............(...))))))..,17,-6.029,12,0,0.000015
4245,...((((..(((.(((......(((....))))))..)))...)))).((.....)).....(.(...).).....,17,-6.029,46,0,0.000015
4246,.......(((((.(((......(((....))))))..))))).....(((.....)))..(.(.(...)).)....,17,-6.029,45,0,0.000015
4247,..((...(((.((.(((.......)))...)).)))..))....(((((((.(..........).)...)))))).,18,-6.029,10,0,0.000015
4248,.......(.(.((.((.........))...)).).)........((((((......(((.......))))))))).,15,-6.029,8,0,0.000015
4249,.......(((((.(((......(((....))))))..)))))...(((((..(..............).)))))..,17,-6.028,30,0,0.000015
4250,.......(((.((.((.........))...)).)))...........(((.....))).......(........).,11,-6.028,16,0,0.000015
4251,........((((.(((......(((....))))))..))))...((((((......(.....)......)))))).,17,-6.028,27,0,0.000015
4252,...((..(((.((.((.........))...)).))).)).....((((((...(.....)....(...))))))).,17,-6.028,8,0,0.000015
4253,..(((..(((.((.((.........))...)).))).)))....((((((..((.......).....).)))))).,18,-6.028,10,0,0.000015
4254,......((((.((.((.........))...)).))).)......((((((...(..........)....)))))).,15,-6.028,4,0,0.000015
4255,.......(((((.(((................)))..)))))..(((((((....)).............))))).,15,-6.028,27,0,0.000015
4256,.......(((((.(((................)))..)))))..(((((((....).............)))))).,15,-6.028,24,0,0.000015
4257,..(((..(((.((.(((.......)))...)).))).)))....(((((.(..............)....))))).,17,-6.028,12,0,0.000015
4258,.......(((.(.(((.........)).)..).)))........((((((..............(...))))))).,14,-6.028,6,0,0.000015
4259,.......(((.((.................)).)))..........((((......(((.......)))))))...,12,-6.027,14,0,0.000015
4260,...(((((((.((.(((.......)))...)).))).......))))(((.....)))..(.(......).)....,17,-6.027,24,0,0.000015
4261,.((((..(((.((.(((....)...))...)).))).))))...((((((..(..............).)))))).,19,-6.027,12,0,0.000015
4262,.(((...(((.((.((.........))...)).)))..)))...(((((((..(.......)..)....)))))).,18,-6.027,10,0,0.000015
4263,.(((...(((.((.((.........))...)).)))..)))...(((((((..(.......)..))....))))).,18,-6.027,13,0,0.000015
4264,.......(((.((.(((.......)))...)).)))..(....)(((((((.............)....)))))).,16,-6.026,6,0,0.000015
4265,.......(((.((.(((.......)))...)).)))..(....)(((((((.............))....))))).,16,-6.026,9,0,0.000015
4266,..((...(((.((...(...........).)).)))..))....((((((...................)))))).,14,-6.026,10,0,0.000015
4267,...(.......)..(((.....(((....)))....))).....((((((...................)))))).,13,-6.026,23,0,0.000015
4268,...........(((.......))).((.....))..........((((((..(..............).)))))).,12,-6.026,21,0,0.000015
4269,.......(((((.(((................)))..)))))..((((((...(.(......)..)...)))))).,16,-6.026,26,0,0.000015
4270,.......(((.((.((((...)..)))...)).)))........((((((......(.....)......)))))).,16,-6.026,6,0,0.000015
4271,.(((...(((.((.................)).)))..)))...((((((......((...))......)))))).,16,-6.026,14,0,0.000015
4272,.......(((.((.................)).)))........((((((..(...........)....)))))).,12,-6.025,6,0,0.000015
4273,........((.((.(((.......)))...)).)).........((((((.....(......)......)))))).,14,-6.025,6,0,0.000015
4274,..((...)).....(((.....(((....)))....))).....((((((..(..............).)))))).,15,-6.025,26,0,0.000015
4275,..(((..(((.((.(((.......)))...)).))).)))....((((((.......(.......)...)))))).,18,-6.025,10,0,0.000015
4276,..((.(.(((.((.((.........))...)).))).)))....(((((((.............)....)))))).,17,-6.025,8,0,0.000015
4277,..((.(.(((.((.((.........))...)).))).)))....(((((((.............))....))))).,17,-6.025,11,0,0.000015
4278,..((..((((.((.((((.....))))...)).))).)))....((((((...................)))))).,18,-6.025,10,0,0.000015
4279,.((((..(((.((.((.........))...)).))).)))).......((.....)).....(.(...).).....,15,-6.025,25,0,0.000015
4280,...((.....))..(((.....(((....)))....))).....(((((.....................))))).,13,-6.024,27,0,0.000015
4281,.......(((((.(((......(((....))))))..)))))..((((((..(.......)........)))))).,18,-6.024,28,0,0.000015
4282,.......(((.((.(.(....)....)...)).)))........((((((...................)))))).,13,-6.024,4,0,0.000015
4283,...(((((((((.(((......(((....))))))..))))).))))......(..........)...........,16,-6.024,45,0,0.000015
4284,.......(((.((.((.........))...)).)))........((((.((.....(.....)......)))))).,14,-6.024,7,0,0.000015
4285,.......(((.((.((.........))...)).)))........(((((.(.....(.....)......)))))).,14,-6.024,5,0,0.000015
4286,.......(((.((.................)).)))........((((((.........(.(....).))))))).,13,-6.024,8,0,0.000015
4287,.......(((.((.(.(......)..)...)).)))........((((((......(((.......))))))))).,16,-6.024,10,0,0.000015
4288,.((((..(((.(((...........)....)).))).))))...((((((...................)))))).,16,-6.023,13,0,0.000015
4289,.((((..(((.(((..........).....)).))).))))...((((((...................)))))).,16,-6.023,14,0,0.000015
4290,.......(((.((.((.........))...)).))).........((((((..............)...)))))..,13,-6.023,4,0,0.000015
4291,..(((..(((.((.((.........))...)).))).))).....(((((...(...........)...)))))..,16,-6.023,10,0,0.000015
4292,...(((((((((.(((......(((....))))))..))))).))))(((.....)))...(......).......,19,-6.023,48,0,0.000015
4293,...((..(((.((.(((.......)))...)).))).)).....((((((...(.(......).)....)))))).,18,-6.022,10,0,0.000015
4294,.......(((.((.(((.......)))...)).)))........((((.((.............)).....)))).,14,-6.022,9,0,0.000015
4295,.((((..(((.((.(((.......)))...)).)))).)))...((((((...................)))))).,18,-6.022,10,0,0.000015
4296,.....(.(((.((.((((.....))))...)).))).)......((((((.((............))..)))))).,18,-6.022,10,0,0.000015
4297,...(((((((.((.((.........))...)).))).......))))......(.....)..(.(...).).....,14,-6.022,22,0,0.000015
4298,.......(((.((...........(....))).)))........((((((.(((..........)))..)))))).,15,-6.022,12,0,0.000015
4299,........((.((.(((.......)))...)).)).........((((((...(..(.....)..)...)))))).,15,-6.021,8,0,0.000015
4300,.......(((.((.(((.......)))...)).)))........(((((....(...........)....))))).,14,-6.021,6,0,0.000015
4301,.(((...(((.((.(((.......)))...)).)))..)))...((((((..((.(......).))...)))))).,20,-6.021,14,0,0.000015
4302,..((...(((.(((((((.....)))).)).).)))..))....((((((...................)))))).,18,-6.021,13,0,0.000015
4303,..((...(((.(((((((.....)))).).)).)))..))....((((((...................)))))).,18,-6.021,10,0,0.000015
4304,...(((((((((.(((......(((....))))))..))))).)))).((.....)).(.(.(......).).)..,20,-6.021,48,0,0.000015
4305,...((..(((.((.((((.....))))...)).))).)).....((((((......((...))......)))))).,19,-6.021,12,0,0.000015
4306,..((...(((.((.(((.......)))...)).)))..))....((((((.(.(..(.....).).)..)))))).,19,-6.021,12,0,0.000015
4307,..((...(((.((.................)).)))..))....(((((((....)).............))))).,14,-6.02,13,0,0.000015
4308,..((...(((.((.................)).)))..))....(((((((....).............)))))).,14,-6.02,10,0,0.000015
4309,..((..((((.((.((.........))...)).))).)))....((((((......(((.......))))))))).,19,-6.02,12,0,0.000015
4310,...((.....))..........(((....)))............((((((......((.........)))))))).,13,-6.02,25,0,0.000015
4311,...(((((((.((.((.........))...)).))).......))))(((.....))).((.(.(...).)..)).,18,-6.02,25,0,0.000015
4312,.......(((.((.(...........)...)).)))........((((((.........(........))))))).,13,-6.019,4,0,0.000015
4313,.......(((.((.(((....)...))...)).)))........((((((......((...))......)))))).,16,-6.019,6,0,0.000015
4314,.......(((.((.................)).)))........((((((..(..(......)....).)))))).,13,-6.019,8,0,0.000015
4315,..(((..(((.((.((.........))...)).))).)))....((((((.((.......).....)..)))))).,18,-6.019,10,0,0.000015
4316,..((...(((.((.................)).)))..))....((((((...(.(......)..)...)))))).,15,-6.018,12,0,0.000015
4317,...((((...((.(((......(((....))))))..))....))))..((....)).......(...).......,15,-6.018,45,0,0.000015
4318,..((...(((.((.((((.....))))...)).)))..))....((((((.((...(.....)..))..)))))).,20,-6.018,14,0,0.000015
4319,......................(((....)))............((((((...(..(.....).)....)))))).,11,-6.018,22,0,0.000015
4320,.......(((.((.(((.......)))...)).)))........(((((((.((.....)...).)...)))))).,17,-6.018,8,0,0.000015
4321,.....(....)...........(((....)))............((((((......(((.......))))))))).,13,-6.018,26,0,0.000015
4322,.....(......).........(((....)))............((((((...................)))))).,10,-6.017,19,0,0.000015
4323,.......(((.((.(((.......)))...)).)))..(....)((((((.(((..((...)).)))..)))))).,20,-6.017,14,0,0.000015
4324,......(((.((.(((......(((....))))))..))...)))..(((.....)))....(.(...).).....,16,-6.017,44,0,0.000015
4325,.......(((.((.((.........))...)).))).......((....)).........(.(......).)....,11,-6.017,16,0,0.000015
4326,......((((.((.(((.......)))...)).))).....)..((((((......((.........)))))))).,17,-6.017,8,0,0.000015
4327,.......(((.((.((((.....))))...)).)))........((((((.....))..............)))).,15,-6.017,10,0,0.000015
4328,.((((..(((.((.(((.......)))...)).))).))))...((((((..((..........)..).)))))).,20,-6.017,14,0,0.000015
4329,.((((..(((.((.((((.....))))...)).))).))))...((((((.(.(..(.....)..))..)))))).,22,-6.017,18,0,0.000015
4330,..((...(((.(((((.........)).)).).)))..))....((((((......(((.......))))))))).,19,-6.017,15,0,0.000015
4331,..((...(((.(((((.........)).).)).)))..))....((((((......(((.......))))))))).,19,-6.017,12,0,0.000015
4332,...(((((((((.(((......(((....))))))..))))).))))...(........)..(.(...).).....,18,-6.016,48,0,0.000015
4333,.((((..(((.((.(...........)...)).))).))))...((((((.(((.(......).)))..)))))).,20,-6.016,18,0,0.000015
4334,.......(((.((.(((.......)))..).).)))........((((((..............(...))))))).,15,-6.016,7,0,0.000015
4335,..(((..(((.((.((((.....))))...)).))).))).....(((((......(((.......))))))))..,20,-6.016,18,0,0.000015
4336,..((.(.(((.((.((.........))...)).))).)))....((((((.(((..((...)).)))..)))))).,21,-6.016,16,0,0.000015
4337,.......(((.((.((((.....))))...)).)))..(....)((((((.....(......)......)))))).,17,-6.016,8,0,0.000015
4338,.((((..(((.((.((.........))...)).))).))))...((((((......(.........)..)))))).,18,-6.015,10,0,0.000015
4339,.......(((.((.((.........))...)).)))........((((((..((..((...)).)..).)))))).,17,-6.015,8,0,0.000015
4340,.......(((.((.((.........))...)).))).........((((((.............))....))))..,13,-6.015,7,0,0.000015
4341,.......(((.((.((.........))...)).))).........((((((.............)....)))))..,13,-6.015,4,0,0.000015
4342,.......(((.((.((.........))...)).)))........(((((((.(......).).......)))))).,15,-6.015,4,0,0.000015
4343,........((.((.((.........))...)).)).........(((((((.....)............)))))).,13,-6.015,4,0,0.000015
4344,...((((...((.(((......(((....))))))..))....))))..((....))...(.(.(...)).)....,17,-6.015,47,0,0.000015
4345,..((...)).((.(((......(((....))))))..)).....((((((.(((..(.....).)))..)))))).,20,-6.014,33,0,0.000015
4346,..((...)).((.(((......(((....))))))..)).....((((((.(..............)..)))))).,17,-6.014,27,0,0.000015
4347,.........(.((.((((.....))))...)).)..........(((((.....................))))).,12,-6.014,10,0,0.000015
4348,...((((((.((.(((......(((....))))))..)).)).))))..((....))...(.(......).)....,18,-6.013,47,0,0.000015
4349,.......(((.((.((.........))...)).)))........................................,7,-6.013,12,0,0.000015
4350,.(((...(((.((.((.........))...)).)))..)))......(((.....)))..................,13,-6.013,21,0,0.000015
4351,.......(((((.(((......(((....))))))..)))))..((((((..((.....))(......))))))).,20,-6.013,32,0,0.000015
4352,.((((..(((.((.(((.......)))...)).))).))))...((((((..(..........).....)))))).,19,-6.013,12,0,0.000015
4353,.(((.(.(((.((.((.........))...)).))).))))...((((((.....(............))))))).,18,-6.013,10,0,0.000015
4354,..(((..(.(.((.(((.......)))...)).).).)))....((((((...................)))))).,16,-6.012,10,0,0.000015
4355,........((.((.((.........))...)).)).........((((((...(..........)....)))))).,13,-6.012,4,0,0.000015
4356,.((((..(((.(...................).))).))))...((((((.((............))..)))))).,16,-6.012,18,0,0.000015
4357,.......(((.((.((((.....))))...)).)))..(....)((((((...(..(.....)..)...)))))).,18,-6.012,10,0,0.000015
4358,.......(((.((.((((.....))))...)).)))........(.((((...................)))).).,14,-6.012,6,0,0.000015
4359,...(((((((.((.((.........))...)).))).......))))(((.....)))...........(....).,15,-6.012,20,0,0.000015
4360,..(((..(((.(((((.........)).)).).))).)))....((((((.....(......)......)))))).,18,-6.012,13,0,0.000015
4361,..(((..(((.(((((.........)).).)).))).)))....((((((.....(......)......)))))).,18,-6.012,10,0,0.000015
4362,..........(....)......(((....)))............(((((.....................))))).,9,-6.011,21,0,0.000015
4363,.......(((.((.(((.......)))...)).)))........(((((((....(......)..)...)))))).,16,-6.011,6,0,0.000015
4364,.......(((.((....((........)).)).)))........((((((.(((..........)))..)))))).,16,-6.011,14,0,0.000015
4365,..((...(((.((.(((.......)))...)).)))..))....((((.......................)))).,14,-6.011,10,0,0.000015
4366,..((...(((.((.((.(.....).))...)).)))..))....((((((.((............))..)))))).,18,-6.011,10,0,0.000015
4367,.........(.....)......(((....)))............((((((..(..............).)))))).,11,-6.01,20,0,0.000015
4368,...((.....))..(((.....(((....)))....))).....((((((......(.....)......)))))).,15,-6.01,27,0,0.000015
4369,..((...)).............(((....)))............((((((.(((..........)))..)))))).,14,-6.01,26,0,0.000015
4370,.(((...(((.((.((.........))...)).)))..)))...((((((.((...((...))..))..)))))).,20,-6.01,14,0,0.000015
4371,.....(.(((.((.(((.......)))...)).))).....)..((((((......(((.......))))))))).,18,-6.009,10,0,0.000015
4372,..((...(((.((.((((.....))))...)).)))..))....((((((.((..(......)..))..)))))).,20,-6.009,14,0,0.000015
4373,.......(((.((.((.........))..).).)))........((((((...(...........)...)))))).,14,-6.009,5,0,0.000015
4374,.((((..(((.((.................)).))).))))...((((((...(..((...)).)....)))))).,18,-6.009,18,0,0.000015
4375,.((((..(((.((.((.........))...)).))).)))).....((((.(((..........)))..))))...,18,-6.009,18,0,0.000015
4376,...(((((((((.(((......(((....))))))..))))).))))......(.....).......(.....)..,17,-6.009,46,0,0.000015
4377,.......((.((.(((......(((....))))))..)).))..((((((..((..........))...)))))).,18,-6.009,29,0,0.000015
4378,..((..(.((.((.(((.......)))...)).)))..))....((((((...................)))))).,16,-6.009,9,0,0.000015
4379,...(((((((((.(((......(((....))))))..))))).))))..((....)).......(...)(....).,19,-6.009,48,0,0.000015
4380,.((((..(((.((.................)).))).))))...((((((...(.......).......)))))).,16,-6.009,14,0,0.000015
4381,...(((((((((.(((......(((....))))))..))))).))))..(......).....(.(...).).....,18,-6.008,47,0,0.000015
4382,.......(((.((.((((.....))))...)).)))........((((((.(.(.......)....)..)))))).,17,-6.008,8,0,0.000015
4383,...(((((((.((.(((.......)))...)).))).......))))............((.(.(...).)..)).,16,-6.008,24,0,0.000015
4384,..(((..(((.(((((.........)).)).).))).)))....((((((...(..(.....)..)...)))))).,19,-6.008,15,0,0.000015
4385,..(((..(((.(((((.........)).).)).))).)))....((((((...(..(.....)..)...)))))).,19,-6.008,12,0,0.000015
4386,.((((..(((.((.(((.......)))...)).))).))))....(((((.(((..........)))..)))))..,20,-6.008,18,0,0.000015
4387,.......(((.((.((.........))...)).)))........(.((((......(((.......))))))).).,15,-6.007,8,0,0.000015
4388,.......(((((.((((..............))))..)))))..((((((...(...........)...)))))).,16,-6.007,25,0,0.000015
4389,.......(((.((.(((.......)))...)).)))..(.....)(((((...................)))))..,14,-6.007,5,0,0.000015
4390,.......(((.((.((.........))...)).)))........((((((...(.....)(.....)..)))))).,15,-6.007,4,0,0.000015
4391,..((.(..((.((.((.........))...)).))..)))....((((((......((.........)))))))).,17,-6.007,12,0,0.000015
4392,..(((..(((.((.((.........))...)).))).)))....(((..((..................)).))).,15,-6.007,13,0,0.000015
4393,.((((..(((.((.(((.......)))...)).))).))))...((((((.(....((...))...)..)))))).,21,-6.007,16,0,0.000015
4394,...(((((((((.(((......(((....))))))..))))).)))).........(.....)....(.....)..,17,-6.006,46,0,0.000015
4395,.......(((.((.((.........))...)).))).........(((((.(((..((...)).)))..)))))..,17,-6.006,12,0,0.000015
4396,...((..(((.((.(((.......)))...)).))).)).....(((((((.((.....))).......)))))).,19,-6.006,12,0,0.000015
4397,.......(((.((.(((.......)))...)).)))............((.....))..((.(.(...).)..)).,14,-6.006,21,0,0.000015
4398,.......(((.((((.......))......)).)))........((((((..............(...))))))).,14,-6.006,9,0,0.000015
4399,...(((((((.((.((.........))...)).))).......))))...............((.......))...,13,-6.006,19,0,0.000015
4400,.......((.((.(((......(((....))))))..)).))..((((((..((.....))...(...))))))).,19,-6.005,31,0,0.000015
4401,.......(((.((.................)).)))..(.....)..(((.....)))..................,9,-6.004,20,0,0.000015
4402,...(((((((((.(((......(((....))))))..))))).))))..((....))..(..((.......)).).,20,-6.004,49,0,0.000015
4403,.(((.(..((.((.................)).))..))))...((((((...................)))))).,14,-6.004,14,0,0.000014
4404,...(((((((((.(((......(((....))))))..))))).))))..((....))..((.(.(...))...)).,21,-6.004,51,0,0.000014
4405,......................(((....)))((...)).....((((((......((.........)))))))).,13,-6.003,25,0,0.000014
4406,.......(((.((.((.........))...)).)))........((((((.........)..........))))).,13,-6.003,3,0,0.000014
4407,.......(((.((.((((.....))))...)).)))........((((((.....)))..............))).,15,-6.003,13,0,0.000014
4408,.......(((.((.((.........))...)).)))............((.....)).....((.......))...,11,-6.003,16,0,0.000014
4409,.((((..(((.((.((((.....))))...)).))).))))...((((((..((..((...)).))...)))))).,23,-6.003,20,0,0.000014
4410,.........(.((.(((.......)))...)).)..........((((((..((.....))........)))))).,14,-6.003,10,0,0.000014
4411,.......(((.((.((((.....))))..).).)))........((((((......(((.......))))))))).,18,-6.003,13,0,0.000014
4412,...((..(((.((.................)).))).)).....((((((.(((.(......).)))..)))))).,17,-6.003,16,0,0.000014
4413,.(((.(.(((.((.(((.......)))...)).))).))))...((((((.(((.(......).)))..)))))).,22,-6.002,18,0,0.000014
4414,.((((...((.((.((((.....))))...)).))..))))...((((((...................)))))).,18,-6.002,14,0,0.000014
4415,...(((((((((.(((......(((....))))))..))))).))))...(....)........(...).......,17,-6.002,47,0,0.000014
4416,.......(((.((.(............)..)).)))........((((((.((............))..)))))).,14,-6.002,9,0,0.000014
4417,.......(((.(((((.........)).)).).)))........((((((..((..........))...)))))).,16,-6.002,9,0,0.000014
4418,.......(((.(((((.........)).).)).)))........((((((..((..........))...)))))).,16,-6.002,6,0,0.000014
4419,...(((((.(((.(((......(((....))))))..))).).))))..((....))..((.(.(...).)..)).,20,-6.002,50,0,0.000014
4420,...((..(((.((.((.........))..).).))).)).....((((((...................)))))).,15,-6.002,7,0,0.000014
4421,.......(((.((.................)).)))..(....)..((((...................))))...,10,-6.001,10,0,0.000014
4422,...(((((((.((.((.........))...)).))).......))))..((....))........(........).,14,-6.001,21,0,0.000014
4423,.(((.(.(((.((.((((.....))))...)).))).))))...((((((..............(...))))))).,20,-6.001,14,0,0.000014
4424,.....(.(((.((.((((.....))))...)).))).)......(((((.....................))))).,15,-6.001,8,0,0.000014
4425,........((.((.((.........))...)).))...(....)((((((...................)))))).,13,-6.001,4,0,0.000014
4426,..(.(..(((.((.((.........))...)).))).).)....((((((.((............))..)))))).,17,-6.0,8,0,0.000014
4427,.......(((.((.((.........))...)).)))........((((((.((..........)..)..)))))).,15,-6.0,4,0,0.000014
4428,.(((...(((.((.(((.......)))...)).)))..)))...(((((((.((.....))....)...)))))).,20,-6.0,14,0,0.000014
4429,...........(..((((....(((....)))...))))..)..((((((......((.........)))))))).,16,-6.0,28,0,0.000014
4430,...(.(.(((.((.((.........))...)).))).)).....((((((......((.........)))))))).,17,-5.999,8,0,0.000014
4431,.........(.((.((((.....))))...)).)..........((((((......(.....)......)))))).,14,-5.999,10,0,0.000014
4432,...((..(((.((.((.........))...)).))).)).....((((((..(...(.....)....).)))))).,17,-5.999,8,0,0.000014
4433,...(((((((((.(((......(((....))))))..))))).))))...(....)....(.(.(...)).)....,19,-5.999,49,0,0.000014
4434,.......(((.(((((.........)).)).).)))........((((((..((.....))...(...))))))).,17,-5.999,11,0,0.000014
4435,.......(((.(((((.........)).).)).)))........((((((..((.....))...(...))))))).,17,-5.999,8,0,0.000014
4436,......................(((....)))............((((((.....(............))))))).,10,-5.998,20,0,0.000014
4437,.(((.(.(((.((.((.........))...)).))).))))...((((((..(............)...)))))).,18,-5.998,10,0,0.000014
4438,.((((..(((.((((((.......))).)).).))).))))...((((((..............(...))))))).,20,-5.998,17,0,0.000014
4439,.((((..(((.((((((.......))).).)).))).))))...((((((..............(...))))))).,20,-5.998,14,0,0.000014
4440,......((((.((.((.........))...)).))).....)..((((((.(((..(.....).)))..)))))).,18,-5.998,10,0,0.000014
4441,.......(((((.(((................)))..)))))..((((((...(..(.....).)....)))))).,16,-5.998,26,0,0.000014
4442,......((((.((.((.........))...)).))).....)..((((((.(..............)..)))))).,15,-5.998,4,0,0.000014
4443,.......(((.((.((.........))...)).)))........((((((.........((.....).))))))).,15,-5.998,4,0,0.000014
4444,.......(((((..........(((....))).....)))))..((((((.(((.(......).)))..)))))).,18,-5.998,32,0,0.000014
4445,.((((...((.((.((.........))...)).))..))))...((((((......(((.......))))))))).,19,-5.998,16,0,0.000014
4446,.......(((.((.(.(.......).)...)).)))........((((((......(((.......))))))))).,16,-5.998,10,0,0.000014
4447,..(((..(((.(...................).))).)))....((((((.(((..........)))..)))))).,16,-5.998,18,0,0.000014
4448,.......(((.((.(((.......)))...)).)))........((((((((.....).).........)))))).,16,-5.998,6,0,0.000014
4449,..(((..(((.(.(((((.....)))).)..).))).)))....((((((...................)))))).,18,-5.998,14,0,0.000014
4450,.......(((((.((((......((....))))))..)))))..((((((..((.....))........)))))).,19,-5.997,30,0,0.000014
4451,...(((((((.((.(((.......)))...)).))).......)))).((.....))..((.(.(...).)..)).,18,-5.997,26,0,0.000014
4452,..........(....)......(((....)))............((((((......(.....)......)))))).,11,-5.997,21,0,0.000014
4453,......((((((.(((......(((....))))))..)))..)))..(((.....)))..................,15,-5.997,42,0,0.000014
4454,..(((..(((.((.(..............))).))).)))....((((((..((.....))........)))))).,17,-5.997,15,0,0.000014
4455,...(((((((((.(((................)))..))))).))))(((.....)))....(.(...).).....,17,-5.996,45,0,0.000014
4456,..(((..(((.((.(((.......)))...)).))).)))....((((((.....))..............)))).,17,-5.996,14,0,0.000014
4457,..........((.(((......(((....))))))..)).....((((((..((.(......).))...)))))).,17,-5.996,29,0,0.000014
4458,.((((..(((.((.(((.......)))...)).))).))))...(((((.......(.....).......))))).,18,-5.995,14,0,0.000014
4459,.(.((..(((.((.((.........))...)).))).)).)...((((((......((.........)))))))).,18,-5.995,10,0,0.000014
4460,.......(((.((.((((.....))))...)).)))..(....).(((((...................)))))..,15,-5.995,8,0,0.000014
4461,...(((((((.((.((.........))...)).))).......)))).((.....)).....((.......))...,15,-5.995,21,0,0.000014
4462,.((((..(((.((.((.(.....).))...)).))).))))...((((((......((...))......)))))).,20,-5.994,14,0,0.000014
4463,.......(((.((.................)).)))........((((((......(.....).(...))))))).,13,-5.994,8,0,0.000014
4464,...((((.((((.(((......(((....))))))..))))..)))).............(.(......).)....,16,-5.994,44,0,0.000014
4465,...(((((((((.(((......(((....))))))..))))).))))(((.....))).((.((.......)))).,22,-5.994,50,0,0.000014
4466,.(((.(.(((.((.((.........))...)).))).))))...((((((......(...........))))))).,18,-5.994,10,0,0.000014
4467,...(...(((.((.((.........))...)).)))..).....((((((......((...))......)))))).,16,-5.994,6,0,0.000014
4468,...(((((((((.(((......(((....))))))..))))).))))..............(............).,16,-5.993,44,0,0.000014
4469,..(((..(((.(.(((.........)).)..).))).)))....((((((......(((.......))))))))).,19,-5.993,16,0,0.000014
4470,..((...(((.((.((((.....))))...)).)))..)).....(((((...................)))))..,16,-5.993,10,0,0.000014
4471,..........((.(((................)))..)).....((((((......((.........)))))))).,13,-5.993,23,0,0.000014
4472,.......(((.((.(...........)...)).)))........((((((.......(.....).....)))))).,13,-5.992,4,0,0.000014
4473,.........(.((.(...........)...)).)..........((((((...................)))))).,10,-5.992,6,0,0.000014
4474,..(((..(((.((................).).))).)))....((((((...................)))))).,14,-5.992,13,0,0.000014
4475,..............(((.....(((....)))....))).....((((((.((...(.....)..))..)))))).,15,-5.992,28,0,0.000014
4476,.......(((.((.(((.......)))...)).)))........(((((((........)....(...))))))).,16,-5.992,6,0,0.000014
4477,.......(((.((.................)).)))........((((((...(...(.....).)...)))))).,13,-5.992,8,0,0.000014
4478,.......(((.((.(...........)...)).)))........((((((...........(......))))))).,13,-5.992,4,0,0.000014
4479,.((((..(((.(((((.........)).)).).))).))))...((((((...(...........)...)))))).,19,-5.992,15,0,0.000014
4480,.((((..(((.(((((.........)).).)).))).))))...((((((...(...........)...)))))).,19,-5.992,12,0,0.000014
4481,.((((..(((.((.((.........))...)).))).)))).....((((.....))).)................,15,-5.992,24,0,0.000014
4482,.((((..(((.(...................).))).))))...(((((.....................))))).,13,-5.991,16,0,0.000014
4483,..(((..(((.((.(((.......)))...)).))).)))....(.((((...................)))).).,16,-5.991,10,0,0.000014
4484,..((...(((.((.................)).)))..))....((((((...(..(.....).)....)))))).,15,-5.991,12,0,0.000014
4485,......((((.((.((.........))...)).))).)......((((((......((...))......)))))).,16,-5.991,6,0,0.000014
4486,...(((((((((.(((......(((....))))))..))))).))))......(..((.........)).).....,18,-5.991,48,0,0.000014
4487,.......(((.((.((.........))...)).)))..(....).(((((......(((.......))))))))..,16,-5.991,10,0,0.000014
4488,.......(.(((.(((......(((....))))))..))).)..(((((((....)).............))))).,17,-5.99,30,0,0.000014
4489,.......(.(((.(((......(((....))))))..))).)..(((((((....).............)))))).,17,-5.99,27,0,0.000014
4490,........((((.(((......(((....))))))..))))...((((((.(((..........)))..)))))).,19,-5.99,31,0,0.000014
4491,.....(.(((.((.(((.......)))...)).))).)......((((((..((.....))........)))))).,17,-5.99,8,0,0.000014
4492,..((...(((.((.((.(.....).))...)).)))..))....(((((.....................))))).,15,-5.99,8,0,0.000014
4493,.......(((.((.(((.......)))...)).)))........((((((.(.....(...)....)..)))))).,16,-5.99,6,0,0.000014
4494,.((((..(((.((.((.........))...)).))).))))...((((((.((....(...)...))..)))))).,20,-5.99,14,0,0.000014
4495,.((((..(((.((...(...........).)).))).))))...((((((......(((.......))))))))).,19,-5.99,20,0,0.000014
4496,.(((...(((.((.((.........))...)).)))..)))...((((((.(.(..(.....)..))..)))))).,19,-5.99,12,0,0.000014
4497,..(((..(((.((.((.(.....).))...)).))).)))....(((((((....)).............))))).,18,-5.989,13,0,0.000014
4498,..(((..(((.((.((.(.....).))...)).))).)))....(((((((....).............)))))).,18,-5.989,10,0,0.000014
4499,.((((..(((.((.................)).))).))))...((((((.(...(......)...)..)))))).,17,-5.989,16,0,0.000014
4500,..((...(((.((.((.........))...)).)))..)).....(((((......(((.......))))))))..,17,-5.989,12,0,0.000014
4501,.......(((.((...(...........).)).)))........((((((.(((..(.....).)))..)))))).,16,-5.989,14,0,0.000014
4502,.......(((.((...(...........).)).)))........((((((.(..............)..)))))).,13,-5.988,8,0,0.000014
4503,.......(.(((.(((......(((....))))))..))).)..((((((...(.(......)..)...)))))).,18,-5.988,29,0,0.000014
4504,..((...(((.((.(((.......)))...)).)))..))....((((((.(....(.....)...)..)))))).,18,-5.988,10,0,0.000014
4505,.......(((.((.((((...)..)))...)).)))........((((((.(((..........)))..)))))).,18,-5.988,10,0,0.000014
4506,.......(((.((.(((.......)))...)).)))........(((((((.....(.....)..)...)))))).,16,-5.988,6,0,0.000014
4507,..(((..(((.((.(((.......)))...)).))).)))....((((((.(.(.......)....)..)))))).,19,-5.988,12,0,0.000014
4508,.......(((.((.(..............))).)))........((((((.((...(.....)..))..)))))).,15,-5.988,11,0,0.000014
4509,.......(((.((.(((.......)))...)).)))........(((((((.(...(.....)).)...)))))).,17,-5.988,8,0,0.000014
4510,.......(((((.(((......(((....))))))..)))))..((((((.....(......).(...))))))).,19,-5.987,30,0,0.000014
4511,..(((..(((.((.((.(.....).))...)).))).)))....((((((...(.(......)..)...)))))).,19,-5.987,12,0,0.000014
4512,..(((..(((.((.((.........))...)).))).)))....((((((.((.....).......)..)))))).,18,-5.987,10,0,0.000014
4513,.....(.(((.((.((((.....))))...)).))).)......((((((......(.....)......)))))).,17,-5.987,8,0,0.000014
4514,...(((((((((.(((......(((....))))))..))))).))))..(.....)........(...).......,17,-5.987,46,0,0.000014
4515,...((.....))..((......(((....)))))..........((((((...................)))))).,13,-5.987,22,0,0.000014
4516,..(.....)..(..(((.....(((....)))....)))..)..((((((......(((.......))))))))).,17,-5.986,30,0,0.000014
4517,.((((..(((.((.((.........))...)).))).))))...((((((..............)).....)))).,17,-5.986,14,0,0.000014
4518,..(((..(((.((.((.........))...)).))).)))....((((((.(((...(.....))))..)))))).,20,-5.986,14,0,0.000014
4519,..(.....).(....)......(((....)))............((((((...................)))))).,11,-5.986,20,0,0.000014
4520,..((...(((.((.(((.......)))...)).)))..))....((((((...(.....)....(...))))))).,18,-5.986,10,0,0.000014
4521,.......(((.((.(((.......)))...)).)))...........(((..............))).........,11,-5.986,17,0,0.000014
4522,.........(.((.((.........))...)).)..........(((((((....).............)))))).,12,-5.986,6,0,0.000014
4523,.........(.((.((.........))...)).)..........(((((((....)).............))))).,12,-5.986,9,0,0.000014
4524,.......(((((.(((......((......)))))..)))))..((((((..((.....))........)))))).,18,-5.986,28,0,0.000014
4525,.......(((.((.(((.......)))...)).)))..(....)((((((..((..........))...)))))).,17,-5.986,8,0,0.000014
4526,.......(((.((...........(....))).)))........((((((..............(...))))))).,13,-5.985,8,0,0.000014
4527,.((((..(((.(((((((.....)))).)).).))).))))...((((((......(((.......))))))))).,23,-5.985,23,0,0.000014
4528,.((((..(((.(((((((.....)))).).)).))).))))...((((((......(((.......))))))))).,23,-5.985,20,0,0.000014
4529,.((((..(((.((.((.........))...)).))).))))...((((((..((.....))...)).....)))).,19,-5.985,18,0,0.000014
4530,..((...(((.((.((((.....))))...)).)))..))....((((((..((..(.....).))...)))))).,20,-5.984,14,0,0.000014
4531,..((.(.(((.((.((.........))...)).))).)))....((((((..((..........))...)))))).,18,-5.984,10,0,0.000014
4532,.......(((.((.(((.......)))...)).)))........((((((..(.......)...(...))))))).,16,-5.984,6,0,0.000014
4533,......................(((....)))............((((((..(............)...)))))).,10,-5.984,20,0,0.000014
4534,.......(((.((.(((.......)))...)).)))...........(((..((.....))...))).........,13,-5.984,21,0,0.000014
4535,..(((..(((.((.((.........))...)).))).))).....(((((.....(......)......)))))..,16,-5.984,10,0,0.000014
4536,.((((..(((.((.((.........))...)).))).))))...((((((..(..(......).)....)))))).,19,-5.984,12,0,0.000014
4537,.(((.(.(((.((.((.........))...)).))).))))...(((((((.((.....))...)....)))))).,20,-5.984,14,0,0.000014
4538,.(((.(.(((.((.((.........))...)).))).))))...(((((((.((.....))...))....))))).,20,-5.984,17,0,0.000014
4539,.........(.((.((.........))...)).)..........((((((...(.(......)..)...)))))).,13,-5.984,8,0,0.000014
4540,..(((..(((.((.((.........))...)).))).)))....((((((.......(.........).)))))).,17,-5.984,8,0,0.000014
4541,.......(((.(..((((.....))))....).)))........((((((...................)))))).,14,-5.984,6,0,0.000014
4542,.......(((.(((((((.....)))).)).).)))........((((((.(((..(.....).)))..)))))).,20,-5.983,17,0,0.000014
4543,.......(((.(((((((.....)))).).)).)))........((((((.(((..(.....).)))..)))))).,20,-5.983,14,0,0.000014
4544,.......(((.(((((((.....)))).)).).)))........((((((.(..............)..)))))).,17,-5.983,11,0,0.000014
4545,.......(((.(((((((.....)))).).)).)))........((((((.(..............)..)))))).,17,-5.983,8,0,0.000014
4546,...((((.((((.(((......(((....))))))..))))..)))).((.....))...(.(......).)....,18,-5.983,46,0,0.000014
4547,..((...)).((.(((......(((....))))))..)).....((((((..(..............).)))))).,17,-5.983,27,0,0.000014
4548,...(((((((((.(((......(((....))))))..))))).))))..(.....)....(.(.(...)).)....,19,-5.983,48,0,0.000014
4549,..(((..(((.((.((.........))...)).))).)))....((((((..((..((...))..).).)))))).,20,-5.983,14,0,0.000014
4550,..(((..(((.((.((.........))...)).))).)))....((((((..(...((...))..)...)))))).,19,-5.983,12,0,0.000014
4551,.......(((.(...................).)))........((((((.(((.(......).)))..)))))).,14,-5.983,14,0,0.000014
4552,..............(((.....(((....)))....))).....((((((.((..(......)..))..)))))).,15,-5.983,28,0,0.000014
4553,.((((..(((.((.(((.......)))...)).))).))))...((((((..((.(......)..).).)))))).,21,-5.983,16,0,0.000014
4554,..(((..(((.((.(((.......)))...)).))).)))....((((((.....)))..............))).,17,-5.983,17,0,0.000014
4555,...(((((((((.(((......(((....))))))..))))).)))).((.....))....(............).,18,-5.982,46,0,0.000014
4556,.......(((.(((.(((.....)))..)).).)))........((((((...................)))))).,15,-5.982,11,0,0.000014
4557,.......(((.(((.(((.....)))..).)).)))........((((((...................)))))).,15,-5.982,8,0,0.000014
4558,.......(((.((.(((.......)))...)).)))..(....)((((((..((.....))...(...))))))).,18,-5.982,10,0,0.000014
4559,..(((..(((.((.(((.......)))..).).))).)))....((((((......(((.......))))))))).,20,-5.982,17,0,0.000014
4560,.......(((.((.(............)..)).)))........(((((.....................))))).,11,-5.982,7,0,0.000014
4561,...(((((((((.(((......(((....))))))..))))).))))....(.....)..................,16,-5.981,45,0,0.000014
4562,.......(((.((.((.........))...)).)))........((((....((.....))..........)))).,13,-5.981,8,0,0.000014
4563,.......(((.((.((.........))...)).)))........((((((..(......(......)).)))))).,15,-5.981,4,0,0.000014
4564,..((.(.(((.((.((.........))...)).))).)))....((((((..((.....))...(...))))))).,19,-5.981,12,0,0.000014
4565,..(((..(((.((.((.........))...)).))).)))....(((((((....)).......(...).))))).,18,-5.981,13,0,0.000014
4566,..(((..(((.((.((.........))...)).))).))).....(((((...(..(.....)..)...)))))..,17,-5.98,12,0,0.000014
4567,.((((..(((.((.((.........))...)).))).))))...((((((....(..(.....)..)..)))))).,19,-5.98,12,0,0.000014
4568,.....(.(((.((.(...........)...)).))).)......((((((...................)))))).,13,-5.98,4,0,0.000014
4569,......................(((....)))............((((((......(...........))))))).,10,-5.98,20,0,0.000014
4570,..(.(..(((.((.((.........))...)).))).).)....(((((.....................))))).,14,-5.98,6,0,0.000014
4571,.......(((.(..((.........))....).)))........((((((......(((.......))))))))).,15,-5.979,8,0,0.000014
4572,.......(((.((.(..(.....)..)...)).)))........((((((......(((.......))))))))).,16,-5.979,10,0,0.000014
4573,.......(((.((.((.........))...)).)))..(....)(((((((........).........)))))).,15,-5.979,4,0,0.000014
4574,.......(((.((.(((.......)))...)).)))........(((((....(..(.....)..)....))))).,15,-5.979,8,0,0.000014
4575,.......(((.((.(...........)...)).)))........((((((...(..((...))..)...)))))).,15,-5.979,8,0,0.000014
4576,.......(((.((.(..............))).)))........((((((.((..(......)..))..)))))).,15,-5.979,11,0,0.000014
4577,..(((..(((.((.((((.....))))...)).))).)))....((((((...(.....).........)))))).,19,-5.979,12,0,0.000014
4578,...(((((((.((.((.........))...)).))).......))))............((............)).,13,-5.979,19,0,0.000014
4579,..(((..(((.((.((.........))...)).))).))).......(((.....)))....((.......))...,15,-5.978,23,0,0.000014
4580,...(...(((.((.((((.....))))...)).)))..).....((((((.((............))..)))))).,18,-5.978,10,0,0.000014
4581,.......(((((.(((................)))..)))))..((((((.....(............))))))).,15,-5.978,24,0,0.000014
4582,.......(((.(((.(.........)..)).).)))........((((((......(((.......))))))))).,16,-5.978,13,0,0.000014
4583,.......(((.(((.(.........)..).)).)))........((((((......(((.......))))))))).,16,-5.978,10,0,0.000014
4584,.......(((.((.((.(.....).))...)).)))........((((((.......(...).......)))))).,15,-5.978,4,0,0.000014
4585,.((((..(((.((.((.........))..).).))).))))...((((((......((.........)))))))).,19,-5.978,15,0,0.000014
4586,.((((..(((.((.(((.......)))...)).))).))))...(((((...((.....))...(...).))))).,20,-5.978,18,0,0.000014
4587,...((..(((.((.((.........))...)).))).)).....((((((...(..((...)).)....)))))).,18,-5.977,10,0,0.000014
4588,.((((..(((.(...................).))).))))...((((((......(.....)......)))))).,15,-5.977,16,0,0.000014
4589,.......(((.((.((.........))...)).)))........(((((((..........)..(...))))))).,15,-5.977,4,0,0.000014
4590,...((..(((.((.((.........))...)).))).)).....((((((...(.......).......)))))).,16,-5.977,6,0,0.000014
4591,.......(((.((.((.........))...)).)))........(((((((....)(((.......))))))))).,17,-5.976,8,0,0.000014
4592,.......(((.((.((.........))...)).)))............((.....))..((............)).,11,-5.976,16,0,0.000014
4593,.(((...(((.((.((.........))...)).)))..)))...((((((..((..((...)).))...)))))).,20,-5.976,14,0,0.000014
4594,..((...(((.((.((.(.....).))...)).)))..))....((((((......(.....)......)))))).,17,-5.976,8,0,0.000014
4595,.......(((.((.((((.....))))...)).)))..........((((......((.........))))))...,15,-5.976,12,0,0.000014
4596,.((((..(((.((.(((.......)))...)).))).))))...((((((..(...((...))....).)))))).,21,-5.976,16,0,0.000014
4597,..(((..(((.((.((((.....))))...)).))).)))....((((((..((...........).).)))))).,20,-5.975,14,0,0.000014
4598,......((((.((.((((.....))))...)).))).)......((((((.((............))..)))))).,18,-5.975,10,0,0.000014
4599,........((.((.((.........))...)).)).........((((((......((...))......)))))).,14,-5.975,6,0,0.000014
4600,...(((((((.((.((((.....))))...)).))).......))))..((....))..((.(.(...).)..)).,19,-5.975,29,0,0.000014
4601,.......(((.((.(((.......)))...)).)))..(.....)..(((.....)))..(.(......).)....,14,-5.975,20,0,0.000014
4602,.......(((.((.((.........))...)).))).........(((((..((..........))...)))))..,14,-5.975,6,0,0.000014
4603,..(((..(((.((.((.(...)...))...)).))).)))....((((((.((............))..)))))).,19,-5.975,12,0,0.000014
4604,..........((.(((......(((....))))))..)).....(((((((.((.....))....)...)))))).,17,-5.975,29,0,0.000014
4605,.......(((.((....((........)).)).)))........((((((..............(...))))))).,14,-5.974,10,0,0.000014
4606,.(((.(.(((.((.((.........))...)).))).))))...(((((((..............)...)))))).,18,-5.974,10,0,0.000014
4607,...(((((((((.((((......((....))))))..))))).))))..((....)).....(.(...).).....,19,-5.974,49,0,0.000014
4608,.......(((.((.((.(.....).))...)).)))..........((((...................))))...,12,-5.974,6,0,0.000014
4609,.....(.(((.((.((.........))...)).))).)......(((((((....).............)))))).,15,-5.973,4,0,0.000014
4610,.....(.(((.((.((.........))...)).))).)......(((((((....)).............))))).,15,-5.973,7,0,0.000014
4611,.((((..(((.((.((.........))...)).))).))))...((((((.(((.......)...))..)))))).,20,-5.973,14,0,0.000014
4612,.......(((.((.(((.......)))...)).)))...........(((.....))).........((...))..,13,-5.973,19,0,0.000014
4613,..((...)).............(((....)))............((((((..............(...))))))).,12,-5.973,22,0,0.000014
4614,.((((..(((.((.((.........))...)).))).))))...((((((..............))).....))).,17,-5.973,17,0,0.000014
4615,.......(((.((.................)).)))........((((((.(.(.(......)..))..)))))).,14,-5.973,10,0,0.000014
4616,..((.(.(((.((.(..............))).))).)))....((((((...................)))))).,15,-5.972,11,0,0.000014
4617,.((((..(((.((.((.........))...)).))).)))).....((((..............(...)))))...,16,-5.972,14,0,0.000014
4618,...((.....))..(((.....(((....)))....))).....((((((.(((..........)))..)))))).,17,-5.972,31,0,0.000014
4619,...(.(..((.((.((.........))...)).))..)).....((((((...................)))))).,14,-5.972,6,0,0.000014
4620,..(((..(((.((((.......))......)).))).)))....((((((......(((.......))))))))).,19,-5.971,19,0,0.000014
4621,.....(.(((.((.((.........))...)).))).)......((((((...(.(......)..)...)))))).,16,-5.971,6,0,0.000014
4622,.......(((.((.((.........))...)).)))........(((((((.(..(......)).)...)))))).,16,-5.971,6,0,0.000014
4623,.......(((.((.................)).)))........((((((......((..(.....))))))))).,14,-5.971,10,0,0.000014
4624,..((...(((.((.(...........)...)).)))..))....((((((......((.........)))))))).,16,-5.971,10,0,0.000014
4625,.((((..(((.((.((.........))...)).))).))))...((((((..((.....))...))).....))).,19,-5.971,21,0,0.000014
4626,.......(((.((.((.........))...)).))).........(((((..((.....))...(...))))))..,15,-5.971,8,0,0.000014
4627,..((...(((.(.(((.........)).)..).)))..))....((((((...................)))))).,15,-5.971,8,0,0.000014
4628,..(((..(((.(((....)...........)).))).)))....((((((...................)))))).,15,-5.971,12,0,0.000014
4629,.((((..(((.((.(((.......)))...)).))).))))....(((((..............(...))))))..,18,-5.971,14,0,0.000014
4630,..((...(((.((.................)).)))..))....((((((.....(............))))))).,14,-5.971,10,0,0.000014
4631,.......(((.((.((.........))..).).)))........((((((.....(......)......)))))).,14,-5.971,5,0,0.000014
4632,.(((...(((.((.(((.......)))...)).)))..)))...(((((((.(..........).)...)))))).,19,-5.97,12,0,0.000014
4633,...((((.((((.(((......(((....))))))..))))..))))..((....))..........(.....)..,17,-5.97,46,0,0.000014
4634,......................(((....)))............(((((((.((.....))...)....)))))).,12,-5.97,24,0,0.000014
4635,......................(((....)))............(((((((.((.....))...))....))))).,12,-5.97,27,0,0.000014
4636,.((((..(((.((.((.........))...)).))).))))...((((((..((.......).....).)))))).,19,-5.969,12,0,0.000014
4637,.((((..(((.((.(((.......)))...)).))).))))...(((((.(..............)....))))).,18,-5.969,14,0,0.000014
4638,.......(((.((.(((.......)))...)).)))........((((((.....(..(.......).))))))).,16,-5.969,6,0,0.000014
4639,.......(((.(..(..............).).)))........((((((.((............))..)))))).,13,-5.969,11,0,0.000014
4640,..........((..........(((....))).....)).....((((((......(((.......))))))))).,14,-5.969,27,0,0.000014
4641,.......(((((.((((..............))))..)))))..((((((.....(......)......)))))).,16,-5.969,25,0,0.000014
4642,.......(((.((.(((.......)))...)).)))........((((((......(...(.....).))))))).,16,-5.969,6,0,0.000014
4643,...(((((((((.((((......((....))))))..))))).))))(((.....)))..................,18,-5.968,46,0,0.000014
4644,.......(((.((.(((.......)))...)).))).....((.(.....).))......................,11,-5.968,19,0,0.000014
4645,...(((((((((.(((......(((....))))))..))))).))))...(.....)...(.(......).)....,18,-5.968,47,0,0.000014
4646,...(((((((.((.((.........))...)).))).......)))).((.....))..((............)).,15,-5.968,21,0,0.000014
4647,.(((...(((.((...(...........).)).)))..)))...((((((...................)))))).,15,-5.968,12,0,0.000014
4648,.......(((.((.(............)..)).)))........((((((......(.....)......)))))).,13,-5.967,7,0,0.000014
4649,.......(((.((.((.........))...)).)))..(....)((((((...(.(......).)....)))))).,16,-5.967,6,0,0.000014
4650,......((((.((.((.........))...)).))).....)..((((((..(..............).)))))).,15,-5.967,4,0,0.000014
4651,.......(((.((.((.........))...)).)))..(.....)..(((.....))).((.(.(...).)..)).,15,-5.967,21,0,0.000014
4652,...(((((((((.(((................)))..))))).))))..((....)).......(...).......,15,-5.967,44,0,0.000014
4653,.......(((.((.((.........))..).).)))........((((((...(..(.....)..)...)))))).,15,-5.967,7,0,0.000014
4654,..............(((.....(((....)))....)))......(((((...................)))))..,11,-5.967,24,0,0.000014
4655,.((((..(((.((.(((.......)))...)).))).))))...((((((.......(.......)...)))))).,19,-5.967,12,0,0.000014
4656,.......(((((.(((......(((....))))))..)))))..((((((...............)....))))).,17,-5.966,29,0,0.000014
4657,.......(((.((.................)).))).......(.(((((...................)))))).,11,-5.966,7,0,0.000014
4658,.(((.(.(((.((.((.........))...)).))).))))...(((((((.............)....)))))).,18,-5.966,10,0,0.000014
4659,.(((.(.(((.((.((.........))...)).))).))))...(((((((.............))....))))).,18,-5.966,13,0,0.000014
4660,.(((..((((.((.((((.....))))...)).))).))))...((((((...................)))))).,19,-5.966,12,0,0.000014
4661,..((.(.(((.((.((((.....))))...)).))).)))....((((((.(((..(.....).)))..)))))).,22,-5.966,18,0,0.000014
4662,.......(((.((.((.........))...)).)))..((.......(((.....)))))................,12,-5.965,19,0,0.000014
4663,..((.(.(((.((.((((.....))))...)).))).)))....((((((.(..............)..)))))).,19,-5.965,12,0,0.000014
4664,..(.(..(((.((.((.........))...)).))).).)....((((((......(.....)......)))))).,16,-5.965,6,0,0.000014
4665,...(((((((((.(((......(((....))))))..))))).))))......((.(...........)..))...,18,-5.965,47,0,0.000014
4666,.......(((.((.((((.....))))...)).)))........((((((..((..(.....).)..).)))))).,18,-5.965,10,0,0.000014
4667,.......(((((.((((..............))))..)))))..((((((...(..(.....)..)...)))))).,17,-5.965,27,0,0.000014
4668,...((((((.((.(((......(((....))))))..)).)).)))).....((.....))...............,16,-5.965,46,0,0.000014
4669,...(((((((((.(((......(((....))))))..))))).))))(((.....))).(..............).,19,-5.964,47,0,0.000014
4670,.((((..(((.((.((.........))...)).))).))))....(((((...(...........)...)))))..,17,-5.964,12,0,0.000014
4671,.......(((((.(((................)))..)))))..((((((..(............)...)))))).,15,-5.964,24,0,0.000014
4672,...(((.(((((.(((......(((....))))))..)))))..))).........(((.......))).......,17,-5.964,47,0,0.000014
4673,.......(((.((.((.(...)...))...)).)))........((((((..((.....))........)))))).,16,-5.964,6,0,0.000014
4674,(...)..(((.((.................)).)))........((((((...................)))))).,12,-5.964,6,0,0.000014
4675,..((...(((.((.((((.....))))...)).)))..))....(((((((..........).......)))))).,18,-5.964,10,0,0.000014
4676,..............((.(....(((....)))...).)).....((((((...................)))))).,12,-5.963,21,0,0.000014
4677,...(((((((((.(((................)))..))))).))))..((....))...(.(.(...)).)....,17,-5.963,46,0,0.000014
4678,..(((..(((.(((......).........)).))).)))....((((((...................)))))).,15,-5.963,12,0,0.000014
4679,..(((..(((.(..(((.......)))....).))).)))....((((((...................)))))).,16,-5.963,10,0,0.000014
4680,..(((..(((.((((((.......))).)).).))).)))....((((((.(((..(.....).)))..)))))).,22,-5.963,21,0,0.000014
4681,..(((..(((.((((((.......))).).)).))).)))....((((((.(((..(.....).)))..)))))).,22,-5.963,18,0,0.000014
4682,.......(((.((.(..............))).))).........(((((...................)))))..,11,-5.963,7,0,0.000014
4683,..(((..(((.((((((.......))).)).).))).)))....((((((.(..............)..)))))).,19,-5.963,15,0,0.000014
4684,..(((..(((.((((((.......))).).)).))).)))....((((((.(..............)..)))))).,19,-5.963,12,0,0.000014
4685,.(((...(((.(((((((.....)))).)).).)))..)))...((((((...................)))))).,19,-5.962,15,0,0.000014
4686,.(((...(((.(((((((.....)))).).)).)))..)))...((((((...................)))))).,19,-5.962,12,0,0.000014
4687,...(((((((((.(((......((......)))))..))))).))))..((....)).....(.(...).).....,18,-5.962,47,0,0.000014
4688,.(((...(((.((.(((.......)))...)).)))..)))...((((((.(.(..(.....).).)..)))))).,20,-5.962,14,0,0.000014
4689,.......(((((.(((......(((....))))))..))))).....(((.....)))..(.(......).)....,16,-5.962,43,0,0.000014
4690,.(((...(((.((.................)).)))..)))...(((((((....)).............))))).,15,-5.962,15,0,0.000014
4691,.(((...(((.((.................)).)))..)))...(((((((....).............)))))).,15,-5.962,12,0,0.000014
4692,..(((..(((.(((.((.......))..)).).))).)))....((((((...................)))))).,17,-5.962,15,0,0.000014
4693,..(((..(((.(((.((.......))..).)).))).)))....((((((...................)))))).,17,-5.962,12,0,0.000014
4694,.(((..((((.((.((.........))...)).))).))))...((((((......(((.......))))))))).,20,-5.962,14,0,0.000014
4695,.........(.((.((((.....))))...)).)..........((((((.(((..........)))..)))))).,16,-5.961,14,0,0.000013
4696,..............((((....(((....)))...)))).....((((((.(((.(......).)))..)))))).,17,-5.961,31,0,0.000013
4697,..(((..(((.(...................).))).)))....((((((..............(...))))))).,14,-5.961,14,0,0.000013
4698,.......(((.((.................)).)))........(((((...((.....)).........))))).,12,-5.961,10,0,0.000013
4699,.......(.(((.(((......(((....))))))..))).)..((((((...(..(.....).)....)))))).,18,-5.961,29,0,0.000013
4700,...((((.((((.(((......(((....))))))..))))..))))(((.....)))....((.......))...,19,-5.96,47,0,0.000013
4701,.((((..(((.((.((.........))...)).))).))))...((((((.((.......).....)..)))))).,19,-5.96,12,0,0.000013
4702,.(((...(((.((.................)).)))..)))...((((((...(.(......)..)...)))))).,16,-5.96,14,0,0.000013
4703,.(((...(((.((.((((.....))))...)).)))..)))...((((((.((...(.....)..))..)))))).,21,-5.96,16,0,0.000013
4704,......................(((....)))............(((((((..............)...)))))).,10,-5.96,20,0,0.000013
4705,.......(((((.(((......(((....))))))..)))))..(((.((...................)).))).,16,-5.96,28,0,0.000013
4706,.......(((((.(((......(((....))))))..)))))..((.(((...................))).)).,16,-5.96,28,0,0.000013
4707,..(((..(((.((.((.(.....).))...)).))).)))....((((((...(..(.....).)....)))))).,19,-5.96,12,0,0.000013
4708,.......(((((.(((................)))..)))))..((((((......(...........))))))).,15,-5.959,24,0,0.000013
4709,........((.((.((((.....))))...)).)).........((((((.((............))..)))))).,16,-5.959,10,0,0.000013
4710,..((...(((.((.(((.......)))..).).)))..))....((((((...................)))))).,16,-5.959,9,0,0.000013
4711,.......(((.((.((.........))...)).)))..(.....)..(((.....)))...........(....).,12,-5.959,16,0,0.000013
4712,.......(((.((.(((.......)))...)).)))........((((((..(....(...).....).)))))).,16,-5.959,6,0,0.000013
4713,..........(....)......(((....)))............((((((.(((..........)))..)))))).,13,-5.959,25,0,0.000013
4714,..(((..(((.((.((.........))...)).))).))).........((....))...................,12,-5.959,21,0,0.000013
4715,...((..(((.((.(...........)...)).))).)).....((((((......(((.......))))))))).,17,-5.959,12,0,0.000013
4716,.......(((.((.((.........))...)).)))........((((((.....(.(.....)..)..)))))).,15,-5.959,4,0,0.000013
4717,...(((((.(((.(((......(((....))))))..))).).))))(((.....)))....(.(...).).....,19,-5.959,48,0,0.000013
4718,.(((...(((.(((((.........)).)).).)))..)))...((((((......(((.......))))))))).,20,-5.958,17,0,0.000013
4719,.(((...(((.(((((.........)).).)).)))..)))...((((((......(((.......))))))))).,20,-5.958,14,0,0.000013
4720,..............(((.....(((....)))....))).....((((((..((..(.....).))...)))))).,15,-5.958,28,0,0.000013
4721,...(...(((.((.((((.....))))...)).)))..).....(((((.....................))))).,15,-5.958,8,0,0.000013
4722,.......(((.((...(...........).)).)))........((((((..(..............).)))))).,13,-5.958,8,0,0.000013
4723,.......(((((.(((......(((....))))))..)))))..(((((.......(((.......))).))))).,19,-5.957,34,0,0.000013
4724,.((((..(((.((.((((.....))))...)).))).))))....(((((......(((.......))))))))..,21,-5.957,20,0,0.000013
4725,.(((.(.(((.((.((.........))...)).))).))))...((((((.(((..((...)).)))..)))))).,22,-5.957,18,0,0.000013
4726,...((..(((.((.((.........))...)).))).)).....((((((.(...(......)...)..)))))).,17,-5.957,8,0,0.000013
4727,..((...(((.((.(((.......)))...)).)))..))....((((((..(...(.....)....).)))))).,18,-5.957,10,0,0.000013
4728,.......(((.((.((.(.....).))...)).)))........(((((((..(.....).).......)))))).,16,-5.957,6,0,0.000013
4729,...(((((((((.(((......(((....))))))..))))).))))(((.....)))...(((.......)).).,21,-5.957,49,0,0.000013
4730,...((..(((.((.((((.....))))...)).))).)).....(((((((....)).............))))).,18,-5.957,13,0,0.000013
4731,...((..(((.((.((((.....))))...)).))).)).....(((((((....).............)))))).,18,-5.957,10,0,0.000013
4732,...(((((((((.(((......((......)))))..))))).))))(((.....)))..................,17,-5.957,44,0,0.000013
4733,..((...(((.((.................)).)))..))....((((((..(............)...)))))).,14,-5.956,10,0,0.000013
4734,..(((..(((.((..........(.....))).))).)))....((((((......((.........)))))))).,17,-5.956,16,0,0.000013
4735,.........(.((.((.........))...)).)..........((((((...(..(.....).)....)))))).,13,-5.956,8,0,0.000013
4736,.......(((.((.((((.....))))...)).))).........(((((.(((..(.....).)))..)))))..,18,-5.956,14,0,0.000013
4737,.......(((.((.((((.....))))...)).))).........(((((.(..............)..)))))..,15,-5.956,8,0,0.000013
4738,.......(((.((.(((....)...))...)).)))........(((((((....).............)))))).,15,-5.955,4,0,0.000013
4739,.......(((.((.(((....)...))...)).)))........(((((((....)).............))))).,15,-5.955,7,0,0.000013
4740,..(((..(((.((.(((.......)))...)).))).)))......((((......((.........))))))...,17,-5.955,16,0,0.000013
4741,.........(.((.................)).)..........((((((......((.........)))))))).,11,-5.955,12,0,0.000013
4742,......(.((.((.................)).)))........((((((...................)))))).,11,-5.955,7,0,0.000013
4743,...((..(((.((.((((.....))))...)).))).)).....((((((...(.(......)..)...)))))).,19,-5.955,12,0,0.000013
4744,......((((.((.((((.....))))...)).))).)......(((((.....................))))).,15,-5.955,8,0,0.000013
4745,......(...((.(((......(((....))))))..))..)..((((((......(((.......))))))))).,18,-5.954,31,0,0.000013
4746,..(((..(((.((.((.(...)...))...)).))).)))....(((((.....................))))).,16,-5.954,10,0,0.000013
4747,...(((((((((.(((......(((....))))))..))))).)))).....((.....))...(.........).,18,-5.954,48,0,0.000013
4748,.((((..(.(.((.(((.......)))...)).).).))))...((((((...................)))))).,17,-5.954,12,0,0.000013
4749,.......(((.((.(..............))).)))........((((((..((..(.....).))...)))))).,15,-5.954,11,0,0.000013
4750,........((((.(((......(((....))))))..))))...((((((..............(...))))))).,17,-5.954,27,0,0.000013
4751,.......(((.((.(((....)...))...)).)))........((((((...(.(......)..)...)))))).,16,-5.953,6,0,0.000013
4752,..((..(.....)..)).....(((....)))............((((((...................)))))).,12,-5.953,22,0,0.000013
4753,.......(((.((.(((.......)))...)).)))..(....)...(((.....)))....(.(...).).....,14,-5.953,22,0,0.000013
4754,.......(((.((.((.........))...)).)))........(((((((.(.......)).......)))))).,15,-5.953,4,0,0.000013
4755,.((((..(((.(((((.........)).)).).))).))))...((((((.....(......)......)))))).,19,-5.953,15,0,0.000013
4756,.((((..(((.(((((.........)).).)).))).))))...((((((.....(......)......)))))).,19,-5.953,12,0,0.000013
4757,.......(((.((.((.........))...)).)))........(((((((.....)...(.....)..)))))).,15,-5.953,4,0,0.000013
4758,.......(((.((.(((.......)))...)).)))........((((((..(.....).....(...))))))).,16,-5.953,6,0,0.000013
4759,.......(((.(((((((.....)))).)).).)))........((((((..(..............).)))))).,17,-5.952,11,0,0.000013
4760,.......(((.(((((((.....)))).).)).)))........((((((..(..............).)))))).,17,-5.952,8,0,0.000013
4761,.......(((.((.(((.......)))...)).)))........((((((...(.....).(......))))))).,16,-5.952,6,0,0.000013
4762,..((.(..((.((.(((.......)))...)).))..)))....((((((......(((.......))))))))).,19,-5.952,16,0,0.000013
4763,.(((...(((.((.(((.......)))...)).)))..)))...((((.......................)))).,15,-5.952,12,0,0.000013
4764,.(((...(((.((.((.(.....).))...)).)))..)))...((((((.((............))..)))))).,19,-5.952,12,0,0.000013
4765,.......(((.(.((((.......))).)..).)))........((((((......((.........)))))))).,16,-5.952,10,0,0.000013
4766,..((...(((.((.................)).)))..))....((((((......(...........))))))).,14,-5.952,10,0,0.000013
4767,......................(((....)))............(((((((.............)....)))))).,10,-5.952,20,0,0.000013
4768,......................(((....)))............(((((((.............))....))))).,10,-5.952,23,0,0.000013
4769,..((...(((.((.((.........))...)).)))..))....((((((...(.....).........)))))).,16,-5.952,6,0,0.000013
4770,...((((((.((.(((......(((....))))))..)).)).))))...............(.(...).).....,16,-5.951,45,0,0.000013
4771,.......(((.((.((((...)..)))...)).)))........((((((..............(...))))))).,16,-5.951,6,0,0.000013
4772,.......(((.((.((.........))...)).)))..(....)(((((((.((.....))).......)))))).,17,-5.951,8,0,0.000013
4773,.(((...(((.((.((((.....))))...)).)))..)))...((((((.((..(......)..))..)))))).,21,-5.951,16,0,0.000013
4774,.....(((((((.(((......(((....))))))..))))).))..(((.....)))......(...).......,17,-5.951,46,0,0.000013
4775,..(((..(((.((...........(....))).))).)))....((((((......(((.......))))))))).,18,-5.951,18,0,0.000013
4776,..(.....).............(((....)))............((((((.(((..(.....).)))..)))))).,14,-5.95,27,0,0.000013
4777,..(.....).............(((....)))............((((((.(..............)..)))))).,11,-5.95,21,0,0.000013
4778,.(((..(.((.((.(((.......)))...)).)))..)))...((((((...................)))))).,17,-5.95,11,0,0.000013
4779,.......(((.((.((((.....))))...)).)))........((((((.......((.......)).)))))).,17,-5.95,8,0,0.000013
4780,.......(((((.(((................)))..)))))..(((((((.((.....))...))....))))).,17,-5.949,31,0,0.000013
4781,.......(((((.(((................)))..)))))..(((((((.((.....))...)....)))))).,17,-5.949,28,0,0.000013
4782,.....(.(((.((.((((.....))))...)).))).)......((((((.(((..........)))..)))))).,19,-5.949,12,0,0.000013
4783,.((((..(((.(((((.........)).)).).))).))))...((((((...(..(.....)..)...)))))).,20,-5.949,17,0,0.000013
4784,.((((..(((.(((((.........)).).)).))).))))...((((((...(..(.....)..)...)))))).,20,-5.949,14,0,0.000013
4785,.......(((.((..(........).....)).)))........((((((......((.........)))))))).,14,-5.949,9,0,0.000013
4786,..((...(((.((((.......))......)).)))..))....((((((...................)))))).,15,-5.949,11,0,0.000013
4787,...(((.(((((.(((......(((....))))))..)))))..)))......(.....)..(.(...).).....,17,-5.949,46,0,0.000013
4788,.......(((.((.((.........))...)).))).....((.(.....).))........(.(...).).....,12,-5.949,20,0,0.000013
4789,..((...(((.((.((.........))...)).)))..))....((((((..((...........).).)))))).,17,-5.949,8,0,0.000013
4790,.......(((.(..(..............).).)))........(((((.....................))))).,10,-5.948,9,0,0.000013
4791,.......(((.((.(((.......)))...)).)))........((((((.....((.....).....))))))).,16,-5.948,6,0,0.000013
4792,.(((.(..((.((.((.........))...)).))..))))...((((((......((.........)))))))).,18,-5.948,14,0,0.000013
4793,.((((..(((.((.((.........))...)).))).))))...(((..((..................)).))).,16,-5.948,15,0,0.000013
4794,.......(((.((.((((.....))))...)).)))........((((((.(((...(...)..)))..)))))).,19,-5.948,12,0,0.000013
4795,...((((...((.(((......(((....))))))..))....))))..((....))...(.(......).)....,16,-5.947,45,0,0.000013
4796,.....(((((((.(((......(((....))))))..))))).))..(((.....)))..(.(.(...)).)....,19,-5.947,48,0,0.000013
4797,...(...(((.((.(((.......)))...)).)))..).....((((((..((.....))........)))))).,17,-5.947,8,0,0.000013
4798,.......(((.((.((.........))...)).))).......((....))..((.((.........))..))...,13,-5.947,20,0,0.000013
4799,.......(((((.(((......(((....))))))..)))))..((((((......(.(.......).))))))).,19,-5.947,30,0,0.000013
4800,...(((.(((((.(((......(((....))))))..)))))..)))(((.....))).((.(.(...).)..)).,21,-5.946,49,0,0.000013
4801,...(((((((.((.(((.......)))...)).))).......))))..((....))..........((...))..,16,-5.946,24,0,0.000013
4802,.......(((.((.((.........))...)).)))..(....)..((((......((.........))))))...,14,-5.946,10,0,0.000013
4803,.......(((.((.((.........))...)).)))........(((((((....))..(........).))))).,15,-5.945,7,0,0.000013
4804,...(.(.(((.((.(((.......)))...)).))).)).....((((((......(((.......))))))))).,19,-5.945,12,0,0.000013
4805,...((((.((((.(((......(((....))))))..))))..)))).....((.....)).(.(...).).....,18,-5.945,49,0,0.000013
4806,..........((.(((......(((....))))))..)).....(((((((.(..........).)...)))))).,16,-5.945,27,0,0.000013
4807,..(((..(((.((.(((.......)))...)).))).)))....((((((..((..(.....).)..).)))))).,20,-5.944,14,0,0.000013
4808,......((((.((.(((.......)))...)).))).)......((((((..((.....))........)))))).,17,-5.944,8,0,0.000013
4809,.....(.(((.((.((.........))...)).))).)......((((((...(..(.....).)....)))))).,16,-5.944,6,0,0.000013
4810,.......(((.((.(((.......)))...)).)))........(((((.(.((.....))...).....))))).,16,-5.943,10,0,0.000013
4811,.......(((.((.(((.......)))...)).)))........(((((.(.((.....))....)....))))).,16,-5.943,10,0,0.000013
4812,...(...(((.((.((((.....))))...)).)))..).....((((((......(.....)......)))))).,17,-5.943,8,0,0.000013
4813,......................(((....)))............((((((.(((..((...)).)))..)))))).,14,-5.943,28,0,0.000013
4814,.....(.(((.((.................)).))).)......((((((......((.........)))))))).,14,-5.942,10,0,0.000013
4815,..(.....).....((((....(((....)))...)))).....((((((......((.........)))))))).,16,-5.942,28,0,0.000013
4816,..((...(((.((.................)).)))..))....(((((((.((.....))...)....)))))).,16,-5.942,14,0,0.000013
4817,..((...(((.((.................)).)))..))....(((((((.((.....))...))....))))).,16,-5.942,17,0,0.000013
4818,.((.(..(((.((.((.........))...)).))).).))...((((((.((............))..)))))).,18,-5.942,10,0,0.000013
4819,.......(((.((.((((.....))))...)).))).......((....)).........................,11,-5.941,18,0,0.000013
4820,.......(.(((.(((......(((....))))))..))).)..((((((.....(............))))))).,17,-5.941,27,0,0.000013
4821,.(.((..(((.((.(((.......)))...)).))).)).)...((((((......(((.......))))))))).,20,-5.941,14,0,0.000013
4822,..(((..(((.((.((.........))...)).))).)))....((((((.(.(.....)......)..)))))).,18,-5.94,10,0,0.000013
4823,......((((.((.((((.....))))...)).))).)......((((((......(.....)......)))))).,17,-5.94,8,0,0.000013
4824,...((((((.((.(((......(((....))))))..)).)).)))).((.....)).....(.(...).).....,18,-5.94,47,0,0.000013
4825,.......(((((.(((......(((....))))))..)))))..((((((..(........(....)).)))))).,19,-5.94,30,0,0.000013
4826,..(((..(((.((....((........)).)).))).)))....((((((......(((.......))))))))).,19,-5.94,20,0,0.000013
4827,..(((..(((.((.((.(...)...))...)).))).)))....((((((......(.....)......)))))).,18,-5.94,10,0,0.000013
4828,..(((..(((.((.((.(.....).))...)).))).)))....((((((.....(............))))))).,18,-5.94,10,0,0.000013
4829,.......(((((.(((................)))..)))))..(((((((..............)...)))))).,15,-5.94,24,0,0.000013
4830,.((((..(((.(...................).))).))))...((((((.(((..........)))..)))))).,17,-5.939,20,0,0.000013
4831,.((((..(((.(.(((((.....)))).)..).))).))))...((((((...................)))))).,19,-5.939,16,0,0.000013
4832,........((.((.((((.....))))...)).)).........(((((.....................))))).,13,-5.939,8,0,0.000013
4833,.......(((.((.(((.......)))...)).)))........((((((......((...)).(...))))))).,17,-5.939,8,0,0.000013
4834,...(((((((((.(((......(((....))))))..))))).))))(((.....))).((...(...)....)).,21,-5.939,50,0,0.000013
4835,.......(((.((....(...)........)).)))........((((((...................)))))).,12,-5.939,6,0,0.000013
4836,...((.....))..((((....(((....)))...)))).....((((((......(((.......))))))))).,18,-5.939,32,0,0.000013
4837,...(((.(((((.(((......(((....))))))..)))))..)))(((.....)))...........(....).,18,-5.938,44,0,0.000013
4838,.......(((((.((..................))..)))))..((((((...................)))))).,13,-5.938,21,0,0.000013
4839,.((((..(((.((.(..............))).))).))))...((((((..((.....))........)))))).,18,-5.938,17,0,0.000013
4840,....((((((((.(((......(((....))))))..))))).))).(((.....)))..................,17,-5.938,45,0,0.000013
4841,..((...(((.((.((.(.....).))...)).)))..))....((((((.(((..........)))..)))))).,19,-5.938,12,0,0.000013
4842,..((.(.(((.((.................)).))).)))....((((((.((............))..)))))).,16,-5.938,14,0,0.000013
4843,.((((..(((.((.(((.......)))...)).))).))))...((((((.....))..............)))).,18,-5.937,16,0,0.000013
4844,.......(((.((.((.........))...)).)))........(((((((....)........(...))))))).,15,-5.937,4,0,0.000013
4845,.......(((.((((((.......))).)).).)))........((((((.(((.....)).....)..)))))).,18,-5.937,13,0,0.000013
4846,.......(((.((((((.......))).).)).)))........((((((.(((.....)).....)..)))))).,18,-5.937,10,0,0.000013
4847,..............(((.....(((....)))....))).....(((((((..........).......)))))).,13,-5.937,24,0,0.000013
4848,..(((..(((.((.((.........))...)).))).)))......((((.(((..(.....).)))..))))...,18,-5.937,18,0,0.000013
4849,..(((..(((.((.((.........))...)).))).)))......((((.(..............)..))))...,15,-5.936,12,0,0.000013
4850,..........((.(((......(((....))))))..)).....((((((.(.(..(.....).).)..)))))).,17,-5.936,29,0,0.000013
4851,...(...(((.((.(...........)...)).)))..).....((((((...................)))))).,13,-5.936,4,0,0.000013
4852,...(((((((((.(((......(((....))))))..))))).))))..((....))..((.(......)...)).,20,-5.936,49,0,0.000013
4853,.........(.((.((.........))...)).)..........((((((.....(............))))))).,12,-5.936,6,0,0.000013
4854,.......(((.(((.....)..........)).)))........((((((......((.........)))))))).,14,-5.936,10,0,0.000013
4855,...........(..(((.....(((....)))....)))..)..((((((...(...........)...)))))).,14,-5.936,25,0,0.000013
4856,...(((((((.((.(((.......)))...)).))).......)))).................(...).......,13,-5.936,21,0,0.000013
4857,...((.....))..(((.....(((....)))....))).....((((((..............(...))))))).,15,-5.935,27,0,0.000013
4858,..(((..(((.((.(((.......)))...)).))).))).....(((((.(((..(.....).)))..)))))..,20,-5.935,18,0,0.000013
4859,..((...(((.((.(((.......)))...)).)))..))....((((((...(..((...)).)....)))))).,19,-5.935,12,0,0.000013
4860,..(((..(((.((.(((.......)))...)).))).))).....(((((.(..............)..)))))..,17,-5.935,12,0,0.000013
4861,..(((..(((.((.((((.....))))...)).))).)))....(((((((.(.....)..).......)))))).,20,-5.935,14,0,0.000013
4862,.((((..(((.(.(((.........)).)..).))).))))...((((((......(((.......))))))))).,20,-5.935,18,0,0.000013
4863,.(((...(((.((.((((.....))))...)).)))..)))....(((((...................)))))..,17,-5.935,12,0,0.000013
4864,.......(((.((.(((.......)))...)).)))..........((((.....))).)..(.(...).).....,14,-5.935,21,0,0.000013
4865,..((.(.(((.((.((((.....))))...)).))).)))....((((((..(..............).)))))).,19,-5.934,12,0,0.000013
4866,..((...(((.((.(((.......)))...)).)))..))....((((((...(.......).......)))))).,17,-5.934,8,0,0.000013
4867,.......(((.(..(..............).).)))........((((((......(.....)......)))))).,12,-5.934,9,0,0.000013
4868,...(((((((.((.((.........))...)).))).......))))(((..............))).........,14,-5.934,20,0,0.000013
4869,.......(((.(.(((.........)).)..).)))........((((((.(((..(.....).)))..)))))).,17,-5.934,12,0,0.000013
4870,..(((..(((.((.((.........))...)).))).)))....(((((......(......).......))))).,16,-5.934,10,0,0.000013
4871,.((((..(((.((................).).))).))))...((((((...................)))))).,15,-5.933,15,0,0.000013
4872,.......(((.(.(((.........)).)..).)))........((((((.(..............)..)))))).,14,-5.933,6,0,0.000013
4873,......((((.((.(...........)...)).))).)......((((((...................)))))).,13,-5.933,4,0,0.000013
4874,..(((..(((.((.(...........)...)).))).)))....((((((.(((.....)).....)..)))))).,18,-5.933,14,0,0.000013
4875,.......(((.((.(((.......)))...)).)))............((.....)).......(...).......,11,-5.933,18,0,0.000013
4876,..(((..(((.((.((((.....))))...)).))).)))....((((((..((..(.....)..).).)))))).,21,-5.933,16,0,0.000013
4877,.......(((.((.(..............))).)))........(((((((..........).......)))))).,13,-5.933,7,0,0.000013
4878,..(((..(((.((.((((.....))))...)).))).)))....((((((..(...(.....)..)...)))))).,20,-5.933,14,0,0.000013
4879,...(((.(((((.(((......(((....))))))..)))))..)))...............((.......))...,16,-5.933,43,0,0.000013
4880,.((((..(((.((.(((.......)))...)).))).))))...(.((((...................)))).).,17,-5.933,12,0,0.000013
4881,.......(((.(.(.(.........)..)..).)))........((((((...................)))))).,12,-5.932,6,0,0.000013
4882,...(((((((.((.((.........))...)).))).......))))(((..((.....))...))).........,16,-5.932,24,0,0.000013
4883,..(((..(((.((.((.........))...)).))).)))....((((((...(.......)..(...))))))).,18,-5.932,10,0,0.000013
4884,.(((...(((.((.................)).)))..)))...((((((...(..(.....).)....)))))).,16,-5.932,14,0,0.000013
4885,..((...(((.((.................)).)))..))....(((((((..............)...)))))).,14,-5.932,10,0,0.000013
4886,...(((((((.((.(((.......)))...)).))).......)))).............(.(.(...)).)....,15,-5.932,23,0,0.000013
4887,.......(((.((.(((.......)))...)).)))........((((((..(..(..........)).)))))).,16,-5.932,6,0,0.000013
4888,.......(((((.(((................)))..)))))..(((((((.............))....))))).,15,-5.932,27,0,0.000013
4889,.......(((((.(((................)))..)))))..(((((((.............)....)))))).,15,-5.932,24,0,0.000013
4890,..(((..(((.((((((.......))).)).).))).)))....((((((..(..............).)))))).,19,-5.932,15,0,0.000013
4891,..(((..(((.((((((.......))).).)).))).)))....((((((..(..............).)))))).,19,-5.932,12,0,0.000013
4892,.(((...(((.((.((.(.....).))...)).)))..)))...(((((.....................))))).,16,-5.932,10,0,0.000013
4893,.......(((.((.(((.......)))...)).)))........(((((....(.....)....(...).))))).,15,-5.931,8,0,0.000013
4894,...(((((((.((.((((.....))))...)).))).......))))(((.....)))....(.(...).).....,18,-5.931,27,0,0.000013
4895,...(((((((((.(((......(((....))))))..))))).))))...(....)....(.(......).)....,18,-5.931,47,0,0.000013
4896,.......(((.((.((.........))...)).)))........(((((((..(..........))...)))))).,15,-5.931,4,0,0.000013
4897,.((((..(((.((.((.(.....).))...)).))).))))...(((((((....)).............))))).,19,-5.931,15,0,0.000013
4898,.((((..(((.((.((.(.....).))...)).))).))))...(((((((....).............)))))).,19,-5.931,12,0,0.000013
4899,...........(((.......))).(((........))).....((((((......((.........)))))))).,14,-5.931,26,0,0.000013
4900,.(((...(((.((.((.........))...)).)))..)))....(((((......(((.......))))))))..,18,-5.93,14,0,0.000013
4901,...(...(((.((.((.........))...)).)))..).....(((((((....).............)))))).,15,-5.93,4,0,0.000013
4902,...(...(((.((.((.........))...)).)))..).....(((((((....)).............))))).,15,-5.93,7,0,0.000013
4903,.......(((.((.(((.......)))...)).)))............((.....))...(.(.(...)).)....,13,-5.93,20,0,0.000013
4904,.(((...(((.((.(((.......)))...)).)))..)))...((((((.(....(.....)...)..)))))).,19,-5.929,12,0,0.000013
4905,.......(((.((.(............)..)).)))........((((((.(((..........)))..)))))).,15,-5.929,11,0,0.000013
4906,.......(.(((.((((..............))))..))).)..((((((...................)))))).,14,-5.929,22,0,0.000013
4907,...(((((((.((.((.........))...)).))).......)))).....((.....))...(...).......,14,-5.929,23,0,0.000013
4908,...(((((.(((.(((......(((....))))))..))).).))))..((....)).......(...).......,17,-5.929,47,0,0.000013
4909,.......(((.((..........(.....))).)))........((((((...(...........)...)))))).,13,-5.929,8,0,0.000013
4910,.......(((.((.................)).)))........((((((.....(..........)..)))))).,12,-5.929,6,0,0.000013
4911,..(((..(((.((.(((.......)))...)).))).)))....((((((.......((.......)).)))))).,19,-5.929,12,0,0.000013
4912,.......(((.((.((((.....))))...)).)))...........(((.....)))......(...).......,13,-5.929,21,0,0.000013
4913,.((((..(((.((.(((.......)))...)).))).))))...((((((.(.(.......)....)..)))))).,20,-5.929,14,0,0.000013
4914,.((((..(((.((.((.(.....).))...)).))).))))...((((((...(.(......)..)...)))))).,20,-5.929,14,0,0.000013
4915,.((((..(((.((.((.........))...)).))).))))...((((((.((.....).......)..)))))).,19,-5.929,12,0,0.000013
4916,..............((......(((....)))))..........((((((......((.........)))))))).,13,-5.928,23,0,0.000013
4917,.......(((.((.(((.......)))...)).)))..........((((...(...........)...))))...,13,-5.928,8,0,0.000013
4918,..((...(((.((...........(....))).)))..))....((((((...................)))))).,14,-5.928,10,0,0.000013
4919,.......(((.((.................)).))).........(((((.((............))..)))))..,12,-5.928,10,0,0.000013
4920,...(((.(((((.(((......(((....))))))..)))))..)))..((....))........(........).,17,-5.928,45,0,0.000013
4921,........((.((.(((.......)))...)).)).........((((((..((.....))........)))))).,15,-5.928,8,0,0.000013
4922,...(...(((.((.((.........))...)).)))..).....((((((...(.(......)..)...)))))).,16,-5.928,6,0,0.000013
4923,.((((..(((.((.((.........))...)).))).))))...((((((.(((...(.....))))..)))))).,21,-5.928,16,0,0.000013
4924,.(((...(((.((.(((.......)))...)).)))..)))...((((((...(.....)....(...))))))).,19,-5.928,12,0,0.000013
4925,..(.(..(((.((.((.........))...)).))).).)....((((((.(((..........)))..)))))).,18,-5.927,10,0,0.000013
4926,.......(((((.(((......(((....))))))..)))))....((((.((............))..))))...,17,-5.927,34,0,0.000013
4927,..(((..(((.((.................)).))).)))....((((((.......(......)....)))))).,15,-5.927,12,0,0.000013
4928,...((..(((.((.((((.....))))...)).))).)).....((((((...(..(.....).)....)))))).,19,-5.927,12,0,0.000013
4929,..(((..(((.((.(((.......)))...)).))).)))....((((((.(((...(...)..)))..)))))).,21,-5.927,16,0,0.000013
