,Suboptimal proxy structure,Base pair,Energy (kcal/mol),MFE distance,AptaMat,Probability
0,...((((.(((....)))))))..(((((...((.....))...((((......))))..)))))...,18,-9.124,0,0,0.062173
1,...((((.(((....)))))))..(((((...(((...)))...((((......))))..)))))...,19,-8.885,2,0,0.041547
2,...((((.(((....))))))).((((((...((.....))...((((......))))..))))))..,19,-8.821,2,0,0.037305
3,...((((.(((....))))))).((((((...(((...)))...((((......))))..))))))..,20,-8.582,4,0,0.024929
4,...((((..((....)).))))..(((((...((.....))...((((......))))..)))))...,17,-8.46,2,0,0.020279
5,...((((.(((....)))))))..........((.....))...((((......))))..........,13,-8.39,10,0,0.018010
6,...((((.(((....))))))).........(((.........(((((......))))))))......,15,-8.228,18,0,0.013711
7,...((((...........))))..(((((...((.....))...((((......))))..)))))...,15,-8.227,6,0,0.013694
8,...((((..((....)).))))..(((((...(((...)))...((((......))))..)))))...,18,-8.221,4,0,0.013551
9,...((((..((....)).)))).((((((...((.....))...((((......))))..))))))..,18,-8.157,4,0,0.012168
10,...((((.(((....)))))))..........(((...)))...((((......))))..........,14,-8.151,12,0,0.012035
11,...((((.(((....)))))))......((....))........((((......))))..........,13,-8.13,17,0,0.011621
12,...((((...........))))..(((((...(((...)))...((((......))))..)))))...,16,-7.988,8,0,0.009151
13,...((((...........)))).((((((...((.....))...((((......))))..))))))..,16,-7.925,8,0,0.008216
14,...((((..((....)).)))).((((((...(((...)))...((((......))))..))))))..,19,-7.918,6,0,0.008131
15,...((((.(((....)))))))..(((....(((.........(((((......)))))))))))...,18,-7.863,12,0,0.007407
16,...((((.(((....)))))))......................((((......))))..........,11,-7.828,14,0,0.006976
17,...((((..((....)).))))..........((.....))...((((......))))..........,12,-7.726,12,0,0.005874
18,...((((.(((....))))))).......(.(((.........(((((......)))))))).)....,16,-7.687,19,0,0.005500
19,...((((...........)))).((((((...(((...)))...((((......))))..))))))..,17,-7.686,10,0,0.005491
20,...((((..((....)).)))).........(((.........(((((......))))))))......,14,-7.564,20,0,0.004472
21,...((((.(((....))))))).((((....(((.........(((((......))))))))))))..,19,-7.56,14,0,0.004444
22,...((((...........))))..........((.....))...((((......))))..........,10,-7.493,16,0,0.003967
23,...((((..((....)).))))..........(((...)))...((((......))))..........,13,-7.487,14,0,0.003926
24,...(((..(((....))).)))..(((((...((.....))...((((......))))..)))))...,17,-7.469,2,0,0.003810
25,...((((..((....)).))))......((....))........((((......))))..........,12,-7.466,19,0,0.003791
26,...((((.((......))))))..(((((...((.....))...((((......))))..)))))...,17,-7.431,2,0,0.003571
27,.(.((((.(((....)))))))..).......((.....))...((((......))))..........,14,-7.361,11,0,0.003175
28,...((((.(((....)))))))..(((((...((.....))...(((........)))..)))))...,17,-7.357,2,0,0.003154
29,...((((...........)))).........(((.........(((((......))))))))......,12,-7.332,24,0,0.003020
30,...((((.(((....)))))))..(((((......((.....))((((......))))..)))))...,18,-7.271,8,0,0.002728
31,...((((...........))))..........(((...)))...((((......))))..........,11,-7.254,18,0,0.002651
32,...((((...........))))......((....))........((((......))))..........,10,-7.234,23,0,0.002560
33,...(((..(((....))).)))..(((((...(((...)))...((((......))))..)))))...,18,-7.23,4,0,0.002546
34,...((((.(((....)))))))..........((.....))...((((......))))...(....).,14,-7.217,11,0,0.002491
35,.(.((((.(((....)))))))..)......(((.........(((((......))))))))......,16,-7.2,19,0,0.002417
36,...((((..((....)).))))..(((....(((.........(((((......)))))))))))...,17,-7.199,14,0,0.002416
37,...((((.((......))))))..(((((...(((...)))...((((......))))..)))))...,18,-7.192,4,0,0.002386
38,...((((((....))))...))..(((((...((.....))...((((......))))..)))))...,17,-7.172,13,0,0.002306
39,...((((.(((....)))))))......((.(((.........(((((......))))))))...)).,17,-7.172,21,0,0.002306
40,...(((..(((....))).))).((((((...((.....))...((((......))))..))))))..,18,-7.167,4,0,0.002286
41,...((((..((....)).))))......................((((......))))..........,10,-7.164,16,0,0.002275
42,...((((((....)))...)))..(((((...((.....))...((((......))))..)))))...,17,-7.158,11,0,0.002254
43,...((((.((......)))))).((((((...((.....))...((((......))))..))))))..,18,-7.128,4,0,0.002143
44,.(.((((.(((....)))))))..).......(((...)))...((((......))))..........,15,-7.122,13,0,0.002122
45,...((((.(((....)))))))..(((((...(((...)))...(((........)))..)))))...,18,-7.119,4,0,0.002108
46,...((((.(((....)))))))......((....))....(..(((((......)))))..)......,15,-7.104,19,0,0.002058
47,.(.((((.(((....)))))))..)...((....))........((((......))))..........,14,-7.102,18,0,0.002049
48,...((((.(((....))))))).((((((...((.....))...(((........)))..))))))..,18,-7.055,4,0,0.001893
49,...((((.(((....)))))))...((.....))..........((((......))))..........,13,-7.04,14,0,0.001845
50,...((((.(((....)))))))..(((((......(((...)))((((......))))..)))))...,19,-7.032,10,0,0.001823
51,...((((..((....)).)))).......(.(((.........(((((......)))))))).)....,15,-7.023,21,0,0.001794
52,...((((.(((....)))))))..(((.....((.....))...((((......))))....)))...,16,-7.022,4,0,0.001791
53,...((((.(((....)))))))..........(((...)))...((((......))))...(....).,15,-6.979,13,0,0.001665
54,...((((.(((....))))))).((((((......((.....))((((......))))..))))))..,19,-6.969,10,0,0.001637
55,...((((...........))))..(((....(((.........(((((......)))))))))))...,15,-6.967,18,0,0.001631
56,...((((.(((....)))))))......((....))........((((......))))...(....).,14,-6.958,18,0,0.001607
57,...((((.(((....)))))))..(...)...((.....))...((((......))))..........,14,-6.939,10,0,0.001558
58,...((((((....))))...))..(((((...(((...)))...((((......))))..)))))...,18,-6.933,15,0,0.001541
59,...((((...........))))......................((((......))))..........,8,-6.931,20,0,0.001536
60,...((((.(((....))))))).....(((.(((.........(((((......))))))))...))),18,-6.929,22,0,0.001530
61,......(((....))).....((((.......))))........((((......))))..........,11,-6.928,35,0,0.001529
62,...(((..(((....))).))).((((((...(((...)))...((((......))))..))))))..,19,-6.928,6,0,0.001528
63,...((((((....)))...)))..(((((...(((...)))...((((......))))..)))))...,18,-6.92,13,0,0.001507
64,...((((.(((....)))))))..(((((...((.....))...(((.((...)))))..)))))...,19,-6.907,5,0,0.001476
65,...((((.(((....)))))))..(((((...((.....))...((((.(...)))))..)))))...,19,-6.907,2,0,0.001476
66,...((((.(((....)))))))..(((((...(.......)...((((......))))..)))))...,17,-6.902,2,0,0.001462
67,...((((..((....)).)))).((((....(((.........(((((......))))))))))))..,18,-6.897,16,0,0.001450
68,...((((.((......)))))).((((((...(((...)))...((((......))))..))))))..,19,-6.889,6,0,0.001432
69,...((((.(((....)))))))......((....))..(.(..(((((......)))))..).)....,16,-6.874,20,0,0.001395
70,...((((((....))))...)).((((((...((.....))...((((......))))..))))))..,18,-6.869,15,0,0.001384
71,...((((((....)))...))).((((((...((.....))...((((......))))..))))))..,18,-6.856,13,0,0.001353
72,...((((.(((....))))))).........(((.((.....))((((......)))).)))......,16,-6.852,20,0,0.001344
73,......(((....))).......((((((...((.....))...((((......))))..))))))..,15,-6.837,19,0,0.001311
74,...((((.(((....))))))).((((((...(((...)))...(((........)))..))))))..,19,-6.816,6,0,0.001265
75,...((((.(((....)))))))....(.....)...........((((......))))..........,12,-6.807,14,0,0.001247
76,...((((.(((....)))))))..................(..(((((......)))))..)......,13,-6.802,16,0,0.001235
77,.(.((((.(((....)))))))..)...................((((......))))..........,12,-6.799,15,0,0.001230
78,...((((...........)))).......(.(((.........(((((......)))))))).)....,13,-6.79,25,0,0.001211
79,...((((.(((....)))))))..(((.....(((...)))...((((......))))....)))...,17,-6.783,6,0,0.001197
80,...((((.(((....)))))))..(...)..(((.........(((((......))))))))......,16,-6.778,18,0,0.001186
81,...((((..(......).))))..(((((...((.....))...((((......))))..)))))...,16,-6.767,4,0,0.001165
82,...((((.(((....)))))))......((....))...((..(((((......)))))...))....,16,-6.747,19,0,0.001126
83,...((((.(((....)))))))...((((...((.....))...((((......))))..))))....,17,-6.735,2,0,0.001104
84,...(((..(((....))).)))..........((.....))...((((......))))..........,12,-6.735,12,0,0.001104
85,...((((.(((....))))))).((((((......(((...)))((((......))))..))))))..,20,-6.73,12,0,0.001094
86,..(..((((....)))).)..((((.......))))........((((......))))..........,13,-6.727,36,0,0.001088
87,...((((.(((....)))))))..(((((...((.....))....(((......)))...)))))...,17,-6.726,2,0,0.001087
88,...((((.(((....))))))).((((.....((.....))...((((......))))....))))..,17,-6.719,6,0,0.001074
89,...((((.(((....)))))))..(...)...(((...)))...((((......))))..........,15,-6.701,12,0,0.001041
90,.(.((((..((....)).))))..).......((.....))...((((......))))..........,13,-6.697,13,0,0.001036
91,...((((.((......))))))..........((.....))...((((......))))..........,12,-6.697,12,0,0.001034
92,...((((..((....)).))))..(((((...((.....))...(((........)))..)))))...,16,-6.694,4,0,0.001029
93,...((((.(((....))))))).......((.....))......((((......))))..........,13,-6.692,18,0,0.001026
94,...((((.(((....)))))))......((....))...(((.(((((......)))))....)))..,17,-6.672,21,0,0.000992
95,...((((.(((....)))))))..(((((...(((...)))...(((.((...)))))..)))))...,20,-6.669,7,0,0.000986
96,...((((.(((....)))))))..(((((...(((...)))...((((.(...)))))..)))))...,20,-6.669,4,0,0.000986
97,...((((...........)))).((((....(((.........(((((......))))))))))))..,16,-6.664,20,0,0.000979
98,.(.((((.(((....)))))))..)....(.(((.........(((((......)))))))).)....,17,-6.658,20,0,0.000970
99,......(((....)))........(((((...((.....))...((((......))))..)))))...,14,-6.657,17,0,0.000967
100,...((((.(((....)))))))......................((((......))))...(....).,12,-6.656,15,0,0.000965
101,...(((.............)))..(((((...((.....))...((((......))))..)))))...,14,-6.654,8,0,0.000962
102,..(..((((....)))).)....((((((...((.....))...((((......))))..))))))..,17,-6.635,20,0,0.000932
103,...((((((....))))...)).((((((...(((...)))...((((......))))..))))))..,19,-6.63,17,0,0.000925
104,...((((.(((....)))))))..........((.....))...(((........)))..........,12,-6.623,12,0,0.000914
105,...((((.(((....)))))))..........((.....))...((((......)))).((...))..,15,-6.621,12,0,0.000910
106,...((((((....)))...))).((((((...(((...)))...((((......))))..))))))..,19,-6.617,15,0,0.000904
107,...((((.(((....))))))).........(((.(((...)))((((......)))).)))......,17,-6.613,22,0,0.000898
108,...((((..((....)).))))..(((((......((.....))((((......))))..)))))...,17,-6.608,10,0,0.000890
109,...((((.(((....))))))).((((((...((.....))...(((.((...)))))..))))))..,20,-6.605,7,0,0.000885
110,...((((.(((....))))))).((((((...((.....))...((((.(...)))))..))))))..,20,-6.605,4,0,0.000885
111,...((((.(((....))))))).((((((...(.......)...((((......))))..))))))..,18,-6.599,4,0,0.000877
112,......(((....))).......((((((...(((...)))...((((......))))..))))))..,16,-6.598,21,0,0.000876
113,...(((..(((....))).))).........(((.........(((((......))))))))......,14,-6.574,20,0,0.000840
114,...((((.(((....)))))))................(.(..(((((......)))))..).)....,14,-6.572,17,0,0.000837
115,...((((..((....)).))))..........((.....))...((((......))))...(....).,13,-6.554,13,0,0.000812
116,...((((.(((....))))))).............((.....))((((......))))..........,13,-6.537,18,0,0.000790
117,.(.((((..((....)).))))..)......(((.........(((((......))))))))......,15,-6.536,21,0,0.000788
118,...((((.((......)))))).........(((.........(((((......))))))))......,14,-6.535,20,0,0.000788
119,...((((..(......).))))..(((((...(((...)))...((((......))))..)))))...,17,-6.528,6,0,0.000778
120,...((((.(((....)))))))..........((.....))...((((......)))).(.....)..,14,-6.515,12,0,0.000761
121,...((((.(((....)))))))..........((.....))...((((......))))....(...).,14,-6.513,11,0,0.000758
122,...((((..((....)).))))......((.(((.........(((((......))))))))...)).,16,-6.508,23,0,0.000752
123,...((((.(((....)))))))...((((...(((...)))...((((......))))..))))....,18,-6.496,4,0,0.000738
124,...(((..(((....))).)))..........(((...)))...((((......))))..........,13,-6.496,14,0,0.000737
125,...((((.(((....)))))))......((....))....((.(((((......)))))....))...,16,-6.492,20,0,0.000733
126,((.((((.(((....)))))))..))......((.....))...((((......))))..........,15,-6.489,12,0,0.000729
127,...((((.(((....)))))))..(((((...(((...)))....(((......)))...)))))...,18,-6.488,4,0,0.000727
128,...((((.(((....)))))))..(((....(((.((.....))((((......)))).))))))...,19,-6.487,14,0,0.000726
129,...((((((....))...))))..(((((...((.....))...((((......))))..)))))...,17,-6.482,9,0,0.000720
130,...((((.(((....)))))))..........((.....))...((((......))))..(...)...,14,-6.48,10,0,0.000718
131,...((((.(((....))))))).((((.....(((...)))...((((......))))....))))..,18,-6.48,8,0,0.000718
132,...(((..(((....))).)))......((....))........((((......))))..........,12,-6.476,19,0,0.000712
133,.(.((((...........))))..).......((.....))...((((......))))..........,11,-6.465,17,0,0.000699
134,...((((..(......).)))).((((((...((.....))...((((......))))..))))))..,17,-6.464,6,0,0.000699
135,...((((.(((....))))))).........(((.........((((........)))))))......,14,-6.462,20,0,0.000696
136,...((((...........))))..(((((...((.....))...(((........)))..)))))...,14,-6.461,8,0,0.000695
137,.(.((((..((....)).))))..).......(((...)))...((((......))))..........,14,-6.459,15,0,0.000692
138,...((((.((......))))))..........(((...)))...((((......))))..........,13,-6.458,14,0,0.000691
139,..(..((((....)))).).....(((((...((.....))...((((......))))..)))))...,16,-6.455,18,0,0.000688
140,...((((..((....)).))))..(((((...(((...)))...(((........)))..)))))...,17,-6.455,6,0,0.000688
141,...((((.(((....))))))).................((..(((((......)))))...))....,14,-6.445,16,0,0.000676
142,...((((..((....)).))))......((....))....(..(((((......)))))..)......,14,-6.441,21,0,0.000671
143,.(.((((..((....)).))))..)...((....))........((((......))))..........,13,-6.438,20,0,0.000668
144,...((((((....))))...))..........((.....))...((((......))))..........,12,-6.438,23,0,0.000668
145,...((((.((......))))))......((....))........((((......))))..........,12,-6.437,19,0,0.000668
146,...((((.(((....)))))))......(......)........((((......))))..........,12,-6.435,15,0,0.000665
147,...((((((....)))...)))..........((.....))...((((......))))..........,12,-6.424,21,0,0.000653
148,...((((.(((....))))))).((((((...((.....))....(((......)))...))))))..,18,-6.424,4,0,0.000652
149,......(((....)))........(((((...(((...)))...((((......))))..)))))...,15,-6.418,19,0,0.000646
150,...(((.............)))..(((((...(((...)))...((((......))))..)))))...,15,-6.415,10,0,0.000643
151,..(..((((....)))).)....((((((...(((...)))...((((......))))..))))))..,18,-6.396,22,0,0.000623
152,...((((.(((....)))))))..(((.(...((.....))...((((......))))..).)))...,17,-6.392,2,0,0.000619
153,...((((..((....)).)))).((((((...((.....))...(((........)))..))))))..,17,-6.391,6,0,0.000617
154,......(((....)))...(((.........)))..........((((......))))..........,10,-6.387,32,0,0.000613
155,...((((.(((....)))))))..........(((...)))...(((........)))..........,13,-6.384,14,0,0.000611
156,...((((.(((....)))))))..(((.................((((......))))....)))...,14,-6.383,8,0,0.000609
157,...((((.(((....)))))))..........(((...)))...((((......)))).((...))..,16,-6.382,14,0,0.000608
158,...((((.(((....)))))))..(...)...............((((......))))..........,12,-6.377,14,0,0.000603
159,...((((.(((....)))))))..........((.....))....(((......)))...........,12,-6.377,12,0,0.000603
160,...((((..((....)).))))...((.....))..........((((......))))..........,12,-6.376,16,0,0.000602
161,...((((...........))))..(((((......((.....))((((......))))..)))))...,15,-6.375,14,0,0.000601
162,...((((.(((....))))))).................(((.(((((......)))))....)))..,15,-6.37,18,0,0.000596
163,...((((..((....)).))))..(((((......(((...)))((((......))))..)))))...,18,-6.369,12,0,0.000595
164,...((((.(((....)))))))......(...........)...((((......))))..........,12,-6.366,14,0,0.000592
165,...((((.(((....))))))).((((((...(((...)))...(((.((...)))))..))))))..,21,-6.366,9,0,0.000592
166,...((((.(((....))))))).((((((...(((...)))...((((.(...)))))..))))))..,21,-6.366,6,0,0.000592
167,...((((.(((....)))))))......((....))........(((........)))..........,12,-6.364,19,0,0.000590
168,...((((.(((....)))))))......((....))........((((......)))).((...))..,15,-6.361,19,0,0.000587
169,...((((..((....)).))))..(((.....((.....))...((((......))))....)))...,15,-6.358,6,0,0.000584
170,...(((.............))).((((((...((.....))...((((......))))..))))))..,15,-6.351,10,0,0.000577
171,.....((((....))))....((((.......))))........((((......))))..........,12,-6.343,35,0,0.000570
172,...((((.(((....))))))).........((..((.....))((((......))))..))......,15,-6.34,19,0,0.000566
173,((.((((.(((....)))))))..)).....(((.........(((((......))))))))......,17,-6.328,20,0,0.000555
174,...((((...........))))..........((.....))...((((......))))...(....).,11,-6.321,17,0,0.000549
175,...((((.(((....)))))))..(((((..(...........)((((......))))..)))))...,17,-6.319,6,0,0.000547
176,...((((..((....)).))))..........(((...)))...((((......))))...(....).,14,-6.315,15,0,0.000543
177,...((((.(((....))))))).......(.(((.((.....))((((......)))).))).)....,17,-6.311,21,0,0.000539
178,...((((.(((....)))))))......((....))...((...((((......))))....))....,15,-6.306,17,0,0.000534
179,...((((..((....)).)))).((((((......((.....))((((......))))..))))))..,18,-6.305,12,0,0.000534
180,.(.((((...........))))..)......(((.........(((((......))))))))......,13,-6.303,25,0,0.000532
181,...((((.(((....))))))).............(((...)))((((......))))..........,14,-6.298,20,0,0.000528
182,...((((..((....)).))))......((....))........((((......))))...(....).,13,-6.294,20,0,0.000524
183,...((((((....))))...)).........(((.........(((((......))))))))......,14,-6.276,31,0,0.000509
184,...((((.(((....)))))))..........(((...)))...((((......)))).(.....)..,15,-6.276,14,0,0.000508
185,...((((..((....)).))))..(...)...((.....))...((((......))))..........,13,-6.276,12,0,0.000508
186,...((((...........))))......((.(((.........(((((......))))))))...)).,14,-6.275,27,0,0.000508
187,...((((.(((....)))))))..........(((...)))...((((......))))....(...).,15,-6.274,13,0,0.000507
188,...((((..((....)).)))).....(((.(((.........(((((......))))))))...))),17,-6.265,24,0,0.000499
189,...((((((....)))...))).........(((.........(((((......))))))))......,14,-6.263,29,0,0.000497
190,...((((.(((....))))))).....((...........))..((((......))))..........,13,-6.258,15,0,0.000493
191,...((((.(((....)))))))......((....))........((((......)))).(.....)..,14,-6.255,19,0,0.000491
192,...((((.(((....)))))))..((.((...((.....))...((((......))))..)).))...,17,-6.255,2,0,0.000491
193,...((((.(((....)))))))......((....))........((((......))))....(...).,14,-6.253,18,0,0.000489
194,.....((((....))))......((((((...((.....))...((((......))))..))))))..,16,-6.252,19,0,0.000488
195,((.((((.(((....)))))))..))......(((...)))...((((......))))..........,16,-6.251,14,0,0.000487
196,...((((.(((....)))))))..(((((...((.....))...((..((...)).))..)))))...,18,-6.249,7,0,0.000486
197,...((((.(((....)))))))..(((....(((.(((...)))((((......)))).))))))...,20,-6.248,16,0,0.000485
198,...((((..((....)).))))..(((((...((.....))...(((.((...)))))..)))))...,18,-6.244,7,0,0.000481
199,...((((..((....)).))))..(((((...((.....))...((((.(...)))))..)))))...,18,-6.244,4,0,0.000481
200,...((((((....))...))))..(((((...(((...)))...((((......))))..)))))...,18,-6.243,11,0,0.000481
201,...((((.(((....)))))))..........(((...)))...((((......))))..(...)...,15,-6.242,12,0,0.000480
202,...((((.(((....)))))))..(((((.((.(.((...............)).).)).)))))...,17,-6.24,19,0,0.000479
203,...((((..((....)).))))..(((((...(.......)...((((......))))..)))))...,16,-6.238,4,0,0.000477
204,((.((((.(((....)))))))..))..((....))........((((......))))..........,15,-6.23,19,0,0.000470
205,...(((((......)))...))..(((((...((.....))...((((......))))..)))))...,16,-6.228,12,0,0.000469
206,.(.((((...........))))..).......(((...)))...((((......))))..........,12,-6.226,19,0,0.000467
207,...((((..(......).)))).((((((...(((...)))...((((......))))..))))))..,18,-6.226,8,0,0.000467
208,...((((...........))))..(((((...(((...)))...(((........)))..)))))...,15,-6.222,10,0,0.000464
209,...((((.(((....)))))))......((....))........((((......))))..(...)...,14,-6.221,17,0,0.000463
210,..(..((((....)))).).....(((((...(((...)))...((((......))))..)))))...,17,-6.217,20,0,0.000460
211,...(((((......))...)))..(((((...((.....))...((((......))))..)))))...,16,-6.214,10,0,0.000458
212,...((((..((....)).))))......((....))..(.(..(((((......)))))..).)....,15,-6.21,22,0,0.000455
213,...(((..(((....))).)))..(((....(((.........(((((......)))))))))))...,17,-6.209,14,0,0.000454
214,...((((...........))))......((....))....(..(((((......)))))..)......,12,-6.208,25,0,0.000453
215,.(.((((...........))))..)...((....))........((((......))))..........,11,-6.205,24,0,0.000451
216,...((((((....))))...))..........(((...)))...((((......))))..........,13,-6.199,25,0,0.000446
217,...((((.(((....)))))))......((....))...(((..((((......)))).....)))..,16,-6.196,19,0,0.000444
218,...((((.(((....)))))))..................((.(((((......)))))....))...,14,-6.19,17,0,0.000440
219,.(.((((.(((....)))))))..).......((.....))...((((......))))...(....).,15,-6.189,12,0,0.000439
220,...((((.(((....)))))))..(((((.(.............((((......))))).)))))...,17,-6.189,6,0,0.000439
221,...((((..((....)).)))).........(((.((.....))((((......)))).)))......,15,-6.188,22,0,0.000438
222,...((((((....)))...)))..........(((...)))...((((......))))..........,13,-6.185,23,0,0.000436
223,...((((.(((....))))))).((((((...(((...)))....(((......)))...))))))..,19,-6.185,6,0,0.000436
224,...((((.(((....))))))).((((....(((.((.....))((((......)))).)))))))..,20,-6.185,16,0,0.000436
225,...((((((....))...)))).((((((...((.....))...((((......))))..))))))..,18,-6.179,11,0,0.000432
226,...((((((....))))...))......((....))........((((......))))..........,12,-6.178,30,0,0.000431
227,...((((.(((....)))))))..........((.....))...(((.((...)))))..........,14,-6.173,15,0,0.000427
228,...((((.(((....)))))))..........((.....))...((((.(...)))))..........,14,-6.173,12,0,0.000427
229,...(((..(((....))).)))......................((((......))))..........,10,-6.173,16,0,0.000427
230,...((((.((......))))))..(((....(((.........(((((......)))))))))))...,17,-6.17,14,0,0.000425
231,...((((.(((....)))))))..........(.......)...((((......))))..........,12,-6.168,12,0,0.000424
232,...((((((....)))...)))......((....))........((((......))))..........,12,-6.165,28,0,0.000421
233,...((((...........)))).((((((...((.....))...(((........)))..))))))..,15,-6.158,10,0,0.000417
234,......(((....)))....((.........))...........((((......))))..........,9,-6.155,32,0,0.000414
235,...((((.(((....)))))))..(((.(...(((...)))...((((......))))..).)))...,18,-6.154,4,0,0.000414
236,...((((..((....)).)))).((((((...(((...)))...(((........)))..))))))..,18,-6.152,8,0,0.000413
237,...((((..((....)).))))....(.....)...........((((......))))..........,11,-6.144,16,0,0.000407
238,.(.((((.(((....)))))))..)...((.(((.........(((((......))))))))...)).,18,-6.143,22,0,0.000406
239,...((((...........))))...((.....))..........((((......))))..........,10,-6.143,20,0,0.000406
240,...((((..((....)).))))..................(..(((((......)))))..)......,12,-6.138,18,0,0.000403
241,...((((.(((....)))))))..........(((...)))....(((......)))...........,13,-6.138,14,0,0.000403
242,...((((...........))))..(((((......(((...)))((((......))))..)))))...,16,-6.136,16,0,0.000401
243,.(.((((..((....)).))))..)...................((((......))))..........,11,-6.135,17,0,0.000401
244,...((((.((......))))))......................((((......))))..........,10,-6.135,16,0,0.000401
245,...((((.(((....)))))))....(((...((.....))...((((......))))..))).....,16,-6.127,4,0,0.000396
246,...((((...........))))..(((.....((.....))...((((......))))....)))...,13,-6.125,10,0,0.000394
247,...((((..((....)).))))..(((.....(((...)))...((((......))))....)))...,16,-6.119,8,0,0.000390
248,...((((.(((....)))))))......((....)).........(((......)))...........,12,-6.117,19,0,0.000389
249,...((((..((....)).))))..(...)..(((.........(((((......))))))))......,15,-6.114,20,0,0.000387
250,...(((.............))).((((((...(((...)))...((((......))))..))))))..,16,-6.112,12,0,0.000386
251,...((((.(((....)))))))..(((((...((.....))..((........)).....)))))...,16,-6.102,10,0,0.000379
252,...((((.(((....))))))).........((..(((...)))((((......))))..))......,16,-6.101,21,0,0.000378
253,...((((.(((....)))))))..(((....(((.........((((........))))))))))...,17,-6.097,14,0,0.000376
254,...((((.(((....))))))).((((.(...((.....))...((((......))))..).))))..,18,-6.09,4,0,0.000371
255,...((((..((....)).))))......((....))...((..(((((......)))))...))....,15,-6.083,21,0,0.000367
256,...((((...........))))..........(((...)))...((((......))))...(....).,12,-6.082,19,0,0.000367
257,...((((.(((....))))))).((((.................((((......))))....))))..,15,-6.08,10,0,0.000365
258,.(.((((.(((....)))))))..)...((....))....(..(((((......)))))..)......,16,-6.076,20,0,0.000363
259,...((((...........)))).((((((......((.....))((((......))))..))))))..,16,-6.072,16,0,0.000360
260,.....((((....)))).......(((((...((.....))...((((......))))..)))))...,15,-6.072,17,0,0.000360
261,...((((.(((....))))))).......(.(((.(((...)))((((......)))).))).)....,18,-6.072,23,0,0.000360
262,...((((..((....)).))))...((((...((.....))...((((......))))..))))....,16,-6.072,4,0,0.000360
263,...((((..((....)).)))).((((((......(((...)))((((......))))..))))))..,19,-6.066,14,0,0.000357
264,...((((..((....)).))))..(((((...((.....))....(((......)))...)))))...,16,-6.063,4,0,0.000355
265,...((((...........))))......((....))........((((......))))...(....).,11,-6.062,24,0,0.000354
266,...((((.(((....)))))))......................(((........)))..........,10,-6.061,16,0,0.000354
267,...((((.(((....)))))))......................((((......)))).((...))..,13,-6.059,16,0,0.000352
268,...((((..((....)).)))).((((.....((.....))...((((......))))....))))..,16,-6.055,8,0,0.000350
269,...((.(((....)))....))..(((((...((.....))...((((......))))..)))))...,16,-6.044,13,0,0.000344
270,...((((...........))))..(...)...((.....))...((((......))))..........,11,-6.043,16,0,0.000343
271,...((((.(((....)))))))..(((((...((.....))...((..........))..)))))...,16,-6.043,4,0,0.000343
272,...((((.(((....)))))))......((....))....(..(((((......)))))...).....,15,-6.037,19,0,0.000340
273,...((((..((....)).))))..(...)...(((...)))...((((......))))..........,14,-6.037,14,0,0.000340
274,...((((.(.....)...))))..(((((...((.....))...((((......))))..)))))...,16,-6.034,7,0,0.000338
275,...((((..(......).))))..........((.....))...((((......))))..........,11,-6.033,14,0,0.000337
276,...((((...........)))).....(((.(((.........(((((......))))))))...))),15,-6.032,28,0,0.000337
277,...(((..(((....))).))).......(.(((.........(((((......)))))))).)....,15,-6.032,21,0,0.000337
278,...((((..((....)).)))).......((.....))......((((......))))..........,12,-6.028,20,0,0.000335
279,...((((.(.......).))))..(((((...((.....))...((((......))))..)))))...,16,-6.019,6,0,0.000329
280,...((((.(((....)))))))..(((((...((.....))...(((.(.....))))..)))))...,18,-6.017,3,0,0.000328
281,...((((.(((....))))))).((((((..(...........)((((......))))..))))))..,18,-6.016,8,0,0.000328
282,...((((.(((....)))))))..((.((...(((...)))...((((......))))..)).))...,18,-6.016,4,0,0.000328
283,...((((.(((....)))))))......((....))....((..((((......)))).....))...,15,-6.016,18,0,0.000328
284,...((((.(((....)))))))...((.....))......(..(((((......)))))..)......,15,-6.014,16,0,0.000327
285,.....((((....))))......((((((...(((...)))...((((......))))..))))))..,17,-6.013,21,0,0.000326
286,...((((.(((....))))))).........(((.........((((.((...)))))))))......,16,-6.012,23,0,0.000325
287,...((((.(((....))))))).........(((.........(((((.(...)))))))))......,16,-6.012,20,0,0.000325
288,...((((...........))))..(((((...((.....))...(((.((...)))))..)))))...,16,-6.011,11,0,0.000325
289,...((((...........))))..(((((...((.....))...((((.(...)))))..)))))...,16,-6.011,8,0,0.000325
290,...((((.(((....)))))))..(((((...(((...)))...((..((...)).))..)))))...,19,-6.01,9,0,0.000325
291,...((((..((....)).))))......((....))...(((.(((((......)))))....)))..,16,-6.009,23,0,0.000324
292,...((((.(((....)))))))..(((((.(.((.....))...((((......))))).)))))...,19,-6.006,2,0,0.000323
293,...((((...........))))..(((((...(.......)...((((......))))..)))))...,14,-6.005,8,0,0.000322
294,...((((..((....)).))))..(((((...(((...)))...(((.((...)))))..)))))...,19,-6.005,9,0,0.000322
295,...((((..((....)).))))..(((((...(((...)))...((((.(...)))))..)))))...,19,-6.005,6,0,0.000322
296,...((((.(((....))))))).........(((..........((((......)))).)))......,14,-6.004,16,0,0.000321
297,...((((.(((....))))))).................((...((((......))))....))....,13,-6.003,14,0,0.000321
298,...((((.(((....)))))))..(.......)...........((((......))))..........,12,-5.996,14,0,0.000317
299,.(.((((..((....)).))))..)....(.(((.........(((((......)))))))).)....,16,-5.995,22,0,0.000316
300,...((((.((......)))))).......(.(((.........(((((......)))))))).)....,15,-5.994,21,0,0.000316
301,...((((..((....)).))))......................((((......))))...(....).,11,-5.992,17,0,0.000315
302,...(((((......)))...))..(((((...(((...)))...((((......))))..)))))...,17,-5.989,14,0,0.000313
303,......((......)).....((((.......))))........((((......))))..........,10,-5.984,34,0,0.000311
304,...((((...........))))......((....))..(.(..(((((......)))))..).)....,13,-5.978,26,0,0.000307
305,.(...((((....)))).)..((((.......))))........((((......))))..........,13,-5.976,36,0,0.000306
306,...(((((......))...)))..(((((...(((...)))...((((......))))..)))))...,17,-5.975,12,0,0.000306
307,...((((.(((....)))))))..(((....((..((.....))((((......))))..)))))...,18,-5.975,13,0,0.000306
308,...((((..((....)).))))..........((.....))...(((........)))..........,11,-5.96,14,0,0.000298
309,...((((..((....)).))))..........((.....))...((((......)))).((...))..,14,-5.957,14,0,0.000297
310,...((((...........)))).........(((.((.....))((((......)))).)))......,13,-5.956,26,0,0.000296
311,...((((.(((....)))))))..(((((.((.............(((......))))).)))))...,17,-5.953,9,0,0.000295
312,...((((.(((....)))))))......................((((......)))).(.....)..,12,-5.953,16,0,0.000295
313,...((((.(((....))))))).(((.((...((.....))...((((......))))..)).)))..,18,-5.952,4,0,0.000294
314,...((((.(((....)))))))......................((((......))))....(...).,12,-5.951,15,0,0.000294
315,.(.((((.(((....)))))))..).......(((...)))...((((......))))...(....).,16,-5.95,14,0,0.000293
316,...((((..((....)).)))).........(((.(((...)))((((......)))).)))......,16,-5.949,24,0,0.000293
317,...((((.(((....))))))).((((((...((.....))...((..((...)).))..))))))..,19,-5.947,9,0,0.000292
318,...((((.(((....))))))).((((....(((.(((...)))((((......)))).)))))))..,21,-5.946,18,0,0.000291
319,...((((..((....)).)))).((((((...((.....))...(((.((...)))))..))))))..,19,-5.941,9,0,0.000289
320,...((((..((....)).)))).((((((...((.....))...((((.(...)))))..))))))..,19,-5.941,6,0,0.000289
321,...((((((....))...)))).((((((...(((...)))...((((......))))..))))))..,19,-5.94,13,0,0.000289
322,...((((.(((....))))))).((((((.((.(.((...............)).).)).))))))..,18,-5.938,21,0,0.000287
323,...((((..((....)).)))).((((((...(.......)...((((......))))..))))))..,17,-5.935,6,0,0.000286
324,...((((.(((....)))))))..........(((...)))...(((.((...)))))..........,15,-5.934,17,0,0.000286
325,...((((.(((....)))))))..........(((...)))...((((.(...)))))..........,15,-5.934,14,0,0.000286
326,.(.((((.(((....)))))))..)...((....))........((((......))))...(....).,15,-5.93,19,0,0.000283
327,((.((((.(((....)))))))..))..................((((......))))..........,13,-5.927,16,0,0.000282
328,...(((((......)))...)).((((((...((.....))...((((......))))..))))))..,17,-5.925,14,0,0.000281
329,......(((....)))................((.....))...((((......))))..........,9,-5.923,27,0,0.000280
330,...((((.(((....))))))).......(.(((.........((((........))))))).)....,15,-5.921,21,0,0.000279
331,...(((.............)))..........((.....))...((((......))))..........,9,-5.92,18,0,0.000279
332,...((((...........)))).((((((...(((...)))...(((........)))..))))))..,16,-5.92,12,0,0.000279
333,...((((.(((....)))))))......................((((......))))..(...)...,12,-5.918,14,0,0.000278
334,...((((.(((....)))))))......((....))........(((.((...)))))..........,14,-5.914,22,0,0.000276
335,...((((.(((....)))))))......((....))........((((.(...)))))..........,14,-5.914,19,0,0.000276
336,...((((.(((....)))))))......((....))....(...((((......))))...)......,14,-5.912,17,0,0.000275
337,...(((((......))...))).((((((...((.....))...((((......))))..))))))..,17,-5.912,12,0,0.000275
338,...((((((....))))...))..(((....(((.........(((((......)))))))))))...,17,-5.911,25,0,0.000275
339,...((((...........))))....(.....)...........((((......))))..........,9,-5.911,20,0,0.000275
340,...((((..((....)).))))................(.(..(((((......)))))..).)....,13,-5.908,19,0,0.000273
341,...(((..(((....))).))).((((....(((.........(((((......))))))))))))..,18,-5.906,16,0,0.000272
342,...((((...........))))..................(..(((((......)))))..)......,10,-5.906,22,0,0.000272
343,.(.((((...........))))..)...................((((......))))..........,9,-5.903,21,0,0.000271
344,......(((....))).....((((.......))))....(..(((((......)))))..)......,13,-5.903,37,0,0.000271
345,.(.((((.(((....)))))))..)..(((.(((.........(((((......))))))))...))),19,-5.9,23,0,0.000270
346,...((((((....)))...)))..(((....(((.........(((((......)))))))))))...,17,-5.898,23,0,0.000269
347,...((((.(((....))))))).................(((..((((......)))).....)))..,14,-5.893,16,0,0.000267
348,......((......)).......((((((...((.....))...((((......))))..))))))..,14,-5.893,18,0,0.000266
349,...((((.(((....)))))))....(((...(((...)))...((((......))))..))).....,17,-5.888,6,0,0.000264
350,...((((...........))))..(((.....(((...)))...((((......))))....)))...,14,-5.887,12,0,0.000264
351,...((((.(((....))))))).((((((.(.............((((......))))).))))))..,18,-5.886,8,0,0.000263
352,.(...((((....)))).)....((((((...((.....))...((((......))))..))))))..,17,-5.885,20,0,0.000263
353,...((((...........))))..(...)..(((.........(((((......))))))))......,13,-5.881,24,0,0.000261
354,...((((((....))))...))......................((((......))))..........,10,-5.876,27,0,0.000259
355,...((((..((....)).)))).............((.....))((((......))))..........,12,-5.873,20,0,0.000258
356,...((((..(......).)))).........(((.........(((((......))))))))......,13,-5.871,22,0,0.000257
357,...((((.(((....)))))))..(((.((....))........((((......))))....)))...,16,-5.869,11,0,0.000256
358,...((((.((......)))))).((((....(((.........(((((......))))))))))))..,18,-5.868,16,0,0.000255
359,...((((.(((....)))))))...((.....))..........((((......))))...(....).,14,-5.867,15,0,0.000255
360,...((((.(((....)))))))..(((((...(((...)))..((........)).....)))))...,17,-5.863,12,0,0.000253
361,...((((.(........)))))..(((((...((.....))...((((......))))..)))))...,16,-5.862,4,0,0.000253
362,...((((((....)))...)))......................((((......))))..........,10,-5.862,25,0,0.000253
363,...((((..((....)).))))..........((.....))...((((......)))).(.....)..,13,-5.851,14,0,0.000248
364,...((((.(((....))))))).........(((.((.....)).(((......)))..)))......,15,-5.851,22,0,0.000248
365,...((((.(((....))))))).((((.(...(((...)))...((((......))))..).))))..,19,-5.851,6,0,0.000248
366,...((((...........))))......((....))...((..(((((......)))))...))....,13,-5.851,25,0,0.000248
367,...((((..((....)).))))..........((.....))...((((......))))....(...).,13,-5.849,13,0,0.000247
368,...((((.(((....))))))).((.......))..........((((......))))..........,13,-5.847,15,0,0.000247
369,.(.((((.(((....)))))))..)...((....))..(.(..(((((......)))))..).)....,17,-5.846,21,0,0.000246
370,...((((...........))))...((((...((.....))...((((......))))..))))....,14,-5.839,8,0,0.000243
371,...((((...........)))).((((((......(((...)))((((......))))..))))))..,17,-5.833,18,0,0.000241
372,.....((((....)))).......(((((...(((...)))...((((......))))..)))))...,16,-5.833,19,0,0.000241
373,...((((..((....)).))))...((((...(((...)))...((((......))))..))))....,17,-5.833,6,0,0.000241
374,...((((...........))))..(((((...((.....))....(((......)))...)))))...,14,-5.83,8,0,0.000240
375,...((((..((....)).))))......((....))....((.(((((......)))))....))...,15,-5.829,22,0,0.000239
376,((.((((..((....)).))))..))......((.....))...((((......))))..........,14,-5.826,14,0,0.000238
377,...((((..((....)).))))..(((((...(((...)))....(((......)))...)))))...,17,-5.824,6,0,0.000237
378,.(.((((.(((....)))))))..)......(((.((.....))((((......)))).)))......,17,-5.824,21,0,0.000237
379,...((((..((....)).))))..(((....(((.((.....))((((......)))).))))))...,18,-5.823,16,0,0.000237
380,...((((...........)))).((((.....((.....))...((((......))))....))))..,14,-5.823,12,0,0.000237
381,...((((.(((....)))))))..(((((((.....))......((((......))))..)))))...,18,-5.822,8,0,0.000236
382,...((((.(((....))))))).......(....).........((((......))))..........,12,-5.822,16,0,0.000236
383,...((((.(((....)))))))..(((((...((.....)).(.((((......))))).)))))...,19,-5.817,2,0,0.000234
384,...((((..((....)).))))..........((.....))...((((......))))..(...)...,13,-5.817,12,0,0.000234
385,...((((..((....)).)))).((((.....(((...)))...((((......))))....))))..,17,-5.817,10,0,0.000234
386,...((((.(((....))))))).......................(((......)))...........,10,-5.815,16,0,0.000233
387,...((.(((....)))....))..(((((...(((...)))...((((......))))..)))))...,17,-5.806,15,0,0.000230
388,...((((...........))))..(...)...(((...)))...((((......))))..........,12,-5.804,18,0,0.000229
389,...((((.(((....)))))))..(((((...(((...)))...((..........))..)))))...,17,-5.804,6,0,0.000229
390,.....((((....))))..(((.........)))..........((((......))))..........,11,-5.802,32,0,0.000228
391,...((((.(((....))))))).((((((...((.....))..((........)).....))))))..,17,-5.8,12,0,0.000227
392,...((((.(((....))))))).......(.((..((.....))((((......))))..)).)....,16,-5.799,20,0,0.000227
393,...((((..((....)).)))).........(((.........((((........)))))))......,13,-5.798,22,0,0.000227
394,...((((.(((....)))))))......((.(((.((.....))((((......)))).)))...)).,18,-5.796,23,0,0.000226
395,...((((...........)))).......((.....))......((((......))))..........,10,-5.796,24,0,0.000226
396,...((((.(.....)...))))..(((((...(((...)))...((((......))))..)))))...,17,-5.796,9,0,0.000226
397,...((((.(((....))))))).((((....(((.........((((........)))))))))))..,18,-5.794,16,0,0.000225
398,...((((..(......).))))..........(((...)))...((((......))))..........,12,-5.794,16,0,0.000225
399,...((((.(((....)))))))..(((((.......(.....).((((......))))..)))))...,17,-5.794,6,0,0.000225
400,((.((((.(((....)))))))..))...(.(((.........(((((......)))))))).)....,18,-5.787,21,0,0.000223
401,....(((((....)))).)..((((.......))))........((((......))))..........,13,-5.785,35,0,0.000222
402,....(((((....))).))..((((.......))))........((((......))))..........,13,-5.785,35,0,0.000222
403,....(((.(((....))))))..((((((...((.....))...((((......))))..))))))..,18,-5.785,4,0,0.000222
404,...((((.(((....)))))))..(((((..............(((((......))))).)))))...,17,-5.785,6,0,0.000222
405,......(((....))).....(((.........)))........((((......))))..........,10,-5.784,35,0,0.000222
406,...((((.(((....)))))))...((.....))....(.(..(((((......)))))..).)....,16,-5.784,17,0,0.000221
407,..(..(((......))).)..((((.......))))........((((......))))..........,12,-5.783,35,0,0.000221
408,...((((.(((....)))))))....(.....).......(..(((((......)))))..)......,14,-5.782,16,0,0.000221
409,...((((..((....)).)))).................((..(((((......)))))...))....,13,-5.781,18,0,0.000221
410,...((((.(.......).))))..(((((...(((...)))...((((......))))..)))))...,17,-5.78,8,0,0.000220
411,...((((.(((....)))))))..(((((...(((...)))...(((.(.....))))..)))))...,19,-5.778,5,0,0.000219
412,...((((.(((....)))))))(((.......))).........((((......))))..........,14,-5.777,17,0,0.000219
413,...(((..((......)).)))..(((((...((.....))...((((......))))..)))))...,16,-5.776,4,0,0.000219
414,...((((...........))))......((....))...(((.(((((......)))))....)))..,14,-5.776,27,0,0.000219
415,.(.((((.(((....)))))))..)...............(..(((((......)))))..)......,14,-5.774,17,0,0.000218
416,...((((..(......).))))......((....))........((((......))))..........,11,-5.774,21,0,0.000218
417,...((((...........))))..(((((...(((...)))...(((.((...)))))..)))))...,17,-5.772,13,0,0.000217
418,...((((...........))))..(((((...(((...)))...((((.(...)))))..)))))...,17,-5.772,10,0,0.000217
419,...((((..((....)).))))......(......)........((((......))))..........,11,-5.771,17,0,0.000217
420,...((((.(((....)))))))..(((((.(.(((...)))...((((......))))).)))))...,20,-5.767,4,0,0.000216
421,...((((.(((....)))))))..(...)...((.....))...((((......))))...(....).,15,-5.767,11,0,0.000215
422,...((((.(((....)))))))..(((((......((.....)).(((......)))...)))))...,17,-5.764,10,0,0.000214
423,.(.((((...........))))..)....(.(((.........(((((......)))))))).)....,14,-5.762,26,0,0.000214
424,......(((....)))...............(((.........(((((......))))))))......,11,-5.761,35,0,0.000213
425,...((((..((....)).)))).((((((...((.....))....(((......)))...))))))..,17,-5.76,6,0,0.000213
426,...((((...........))))......................((((......))))...(....).,9,-5.759,21,0,0.000213
427,...(((.............))).........(((.........(((((......))))))))......,11,-5.758,26,0,0.000212
428,...((((.(((....))))))).........(((.....((..((........))..)))))......,14,-5.757,27,0,0.000212
429,......(((....))).....((((.......))))........((((......))))...(....).,12,-5.756,36,0,0.000212
430,...((((.(((....)))))))..........((.....))..((........)).............,11,-5.753,20,0,0.000210
431,...((((((....))...))))..........((.....))...((((......))))..........,12,-5.748,19,0,0.000208
432,..((((.....)).)).....((((.......))))........((((......))))..........,12,-5.744,36,0,0.000207
433,...((.(((....)))....)).((((((...((.....))...((((......))))..))))))..,17,-5.742,15,0,0.000206
434,...((((.(((....))))))).((((((...((.....))...((..........))..))))))..,17,-5.74,6,0,0.000206
435,...((((.(((....)))))))..(((....((..(((...)))((((......))))..)))))...,19,-5.736,15,0,0.000204
436,...((((.(((....)))))))....(((..((..((.....))..)).)))................,14,-5.736,30,0,0.000204
437,...((((((....))))...)).......(.(((.........(((((......)))))))).)....,15,-5.735,32,0,0.000204
438,...((((.(((....)))))))..................(..(((((......)))))...).....,13,-5.735,16,0,0.000204
439,...((((.(.....)...)))).((((((...((.....))...((((......))))..))))))..,17,-5.732,9,0,0.000203
440,...((((.(((....)))))))..(((((.((.(.....................).)).)))))...,15,-5.73,15,0,0.000202
441,...((((..((....)).))))..(((.(...((.....))...((((......))))..).)))...,16,-5.729,4,0,0.000202
442,...((((.(((....)))))))..(((((...............((((......))))..)))))...,16,-5.728,4,0,0.000202
443,...((((...........))))..........((.....))...(((........)))..........,9,-5.727,18,0,0.000201
444,...((((...........))))..........((.....))...((((......)))).((...))..,12,-5.724,18,0,0.000200
445,...((((((....)))...))).......(.(((.........(((((......)))))))).)....,15,-5.722,30,0,0.000199
446,..(..((((....)))).).............((.....))...((((......))))..........,11,-5.721,28,0,0.000199
447,...((((..((....)).))))..........(((...)))...(((........)))..........,12,-5.721,16,0,0.000199
448,...((((..((....)).))))..(((.................((((......))))....)))...,13,-5.719,10,0,0.000199
449,.(.((((.(((....)))))))..)...((....))...((..(((((......)))))...))....,17,-5.719,20,0,0.000199
450,...((((..((....)).))))..........(((...)))...((((......)))).((...))..,15,-5.718,16,0,0.000198
451,...((((...........)))).........(((.(((...)))((((......)))).)))......,14,-5.717,28,0,0.000198
452,...((((.(.......).)))).((((((...((.....))...((((......))))..))))))..,17,-5.716,8,0,0.000198
453,...((((.(((....))))))).((((((...((.....))...(((.(.....))))..))))))..,19,-5.714,5,0,0.000197
454,...((((..((....)).))))..(...)...............((((......))))..........,11,-5.714,16,0,0.000197
455,...((((.(((....)))))))..................((..((((......)))).....))...,13,-5.714,15,0,0.000197
456,...((((.(((....))))))).(((.((...(((...)))...((((......))))..)).)))..,19,-5.713,6,0,0.000197
457,...((((..((....)).))))..........((.....))....(((......)))...........,11,-5.713,14,0,0.000197
458,......((......))........(((((...((.....))...((((......))))..)))))...,13,-5.713,16,0,0.000197
459,...((((.(((....)))))))..(((((.((((.....))..((........))..)).)))))...,18,-5.708,13,0,0.000195
460,...((((...........)))).((((((...((.....))...(((.((...)))))..))))))..,17,-5.708,13,0,0.000195
461,...((((...........)))).((((((...((.....))...((((.(...)))))..))))))..,17,-5.708,10,0,0.000195
462,...((((.(((....))))))).((((((...(((...)))...((..((...)).))..))))))..,20,-5.708,11,0,0.000195
463,.(.(((..(((....))).)))..).......((.....))...((((......))))..........,13,-5.707,13,0,0.000195
464,...((((..((....)).)))).................(((.(((((......)))))....)))..,14,-5.706,20,0,0.000194
465,.(...((((....)))).).....(((((...((.....))...((((......))))..)))))...,16,-5.705,18,0,0.000194
466,...((((.(((....))))))).((((((.(.((.....))...((((......))))).))))))..,20,-5.704,4,0,0.000194
467,...(((..(((....))).)))..(((((...((.....))...(((........)))..)))))...,16,-5.703,4,0,0.000193
468,...((((...........)))).((((((...(.......)...((((......))))..))))))..,15,-5.703,10,0,0.000193
469,...((((..((....)).))))......(...........)...((((......))))..........,11,-5.702,16,0,0.000193
470,...((((..((....)).)))).((((((...(((...)))...(((.((...)))))..))))))..,20,-5.702,11,0,0.000193
471,...((((..((....)).)))).((((((...(((...)))...((((.(...)))))..))))))..,20,-5.702,8,0,0.000193
472,..(..((((....)))).)..((((.......))))....(..(((((......)))))..)......,15,-5.701,38,0,0.000193
473,...((((..((....)).))))......((....))........(((........)))..........,11,-5.7,21,0,0.000192
474,...((((.(((....)))))))..(((((.((.((((.............)))..).)).)))))...,18,-5.699,21,0,0.000192
475,...((((..((....)).))))......((....))........((((......)))).((...))..,14,-5.697,21,0,0.000191
476,....(((((....))).))....((((((...((.....))...((((......))))..))))))..,17,-5.694,19,0,0.000190
477,....(((((....)))).)....((((((...((.....))...((((......))))..))))))..,17,-5.694,19,0,0.000190
478,...((((.(((....)))))))..(((((...((.....))...(((..(...).)))..)))))...,18,-5.693,4,0,0.000190
479,..(..(((......))).)....((((((...((.....))...((((......))))..))))))..,16,-5.691,19,0,0.000189
480,...(((((......)))...)).((((((...(((...)))...((((......))))..))))))..,18,-5.686,16,0,0.000188
481,......(((....)))................(((...)))...((((......))))..........,10,-5.684,29,0,0.000187
482,...((((.(((....)))))))......((....))..(.(...((((......))))...).)....,15,-5.682,18,0,0.000187
483,...(((.............)))..........(((...)))...((((......))))..........,10,-5.681,20,0,0.000186
484,...((((..((....)).)))).........((..((.....))((((......))))..))......,14,-5.676,21,0,0.000185
485,...((((...........))))................(.(..(((((......)))))..).)....,11,-5.675,23,0,0.000184
486,...((((.(((....)))))))...(..((....)).)......((((......))))..........,14,-5.673,18,0,0.000184
487,...(((((......))...))).((((((...(((...)))...((((......))))..))))))..,18,-5.673,14,0,0.000184
488,......(((....))).....((((.......))))..(.(..(((((......)))))..).)....,14,-5.672,38,0,0.000184
489,...((((.(((....))))))).((((....((..((.....))((((......))))..))))))..,19,-5.672,15,0,0.000184
490,...((((.(((....)))))))..((.....(((.........(((((......)))))))).))...,17,-5.67,14,0,0.000183
491,.(.((((.((......))))))..).......((.....))...((((......))))..........,13,-5.668,13,0,0.000182
492,...((((.(((....))))))).......((.....))..(..(((((......)))))..)......,15,-5.666,20,0,0.000182
493,...((((.(((....)))))))..(((((..(((.....))..)((((......))))..)))))...,19,-5.666,2,0,0.000182
494,...((((.((......))))))..(((((...((.....))...(((........)))..)))))...,16,-5.665,4,0,0.000181
495,((.((((..((....)).))))..)).....(((.........(((((......))))))))......,16,-5.664,22,0,0.000181
496,.(.((((.(((....)))))))..)....((.....))......((((......))))..........,14,-5.664,19,0,0.000181
497,......(((....)))............((....))........((((......))))..........,9,-5.663,34,0,0.000181
498,...(((.............)))......((....))........((((......))))..........,9,-5.66,25,0,0.000180
499,...((((.(((....)))))))..........((.....))..((...))..................,11,-5.66,21,0,0.000180
500,...((((.(((....)))))))...((.....)).....((..(((((......)))))...))....,16,-5.657,16,0,0.000179
501,...((((..((....)).))))..(((((..(...........)((((......))))..)))))...,16,-5.655,8,0,0.000178
502,......((......)).......((((((...(((...)))...((((......))))..))))))..,15,-5.654,20,0,0.000178
503,..((((.....)).)).......((((((...((.....))...((((......))))..))))))..,16,-5.653,20,0,0.000178
504,...((((.(((....))))))).((((((.((.............(((......))))).))))))..,18,-5.651,11,0,0.000177
505,...((((.(((....)))))))..((((....((.........(((((......)))))))))))...,18,-5.65,9,0,0.000177
506,...((((.(((....)))))))..........((.....)).......((...)).............,11,-5.648,21,0,0.000176
507,...((((..((....)).)))).......(.(((.((.....))((((......)))).))).)....,16,-5.647,23,0,0.000176
508,...((((.(((....)))))))..(((....(((.........((((.((...))))))))))))...,19,-5.647,17,0,0.000176
509,...((((.(((....)))))))..(((....(((.........(((((.(...))))))))))))...,19,-5.647,14,0,0.000176
510,.(...((((....)))).)....((((((...(((...)))...((((......))))..))))))..,18,-5.646,22,0,0.000175
511,.(.((((.(((....)))))))..)...((....))...(((.(((((......)))))....)))..,18,-5.644,22,0,0.000175
512,...((((..((....)).))))......((....))...((...((((......))))....))....,14,-5.642,19,0,0.000174
513,...((((...(....)..))))..(((((...((.....))...((((......))))..)))))...,16,-5.642,4,0,0.000174
514,...((((...........)))).............((.....))((((......))))..........,10,-5.641,24,0,0.000174
515,...((((.(((....)))))))..(((....(((..........((((......)))).))))))...,17,-5.639,10,0,0.000174
516,...((((.(((....)))))))....(.....)...........((((......))))...(....).,13,-5.635,15,0,0.000172
517,...((((..((....)).)))).............(((...)))((((......))))..........,13,-5.635,22,0,0.000172
518,.(.((((.(((....)))))))..)...................((((......))))...(....).,13,-5.627,16,0,0.000170
519,...((((.(........)))))..(((((...(((...)))...((((......))))..)))))...,17,-5.624,6,0,0.000169
520,...((((...........))))..........((.....))...((((......)))).(.....)..,11,-5.618,18,0,0.000168
521,...(((..(((....))).)))..(((((......((.....))((((......))))..)))))...,17,-5.617,10,0,0.000167
522,...((((...........))))..........((.....))...((((......))))....(...).,11,-5.617,17,0,0.000167
523,...((((..((....)).))))..........(((...)))...((((......)))).(.....)..,14,-5.612,16,0,0.000166
524,...((((.(((....))))))).........(((.(((...))).(((......)))..)))......,16,-5.612,24,0,0.000166
525,...((((.(((....)))))))......................(((.((...)))))..........,12,-5.611,19,0,0.000166
526,...((((.(((....)))))))......................((((.(...)))))..........,12,-5.611,16,0,0.000166
527,...((((..((....)).))))..........(((...)))...((((......))))....(...).,14,-5.61,15,0,0.000165
528,...((((.(((....)))))))..................(...((((......))))...)......,12,-5.61,14,0,0.000165
529,...((((((....))))...)).((((....(((.........(((((......))))))))))))..,18,-5.609,27,0,0.000165
530,....(((.(((....))))))...(((((...((.....))...((((......))))..)))))...,17,-5.605,2,0,0.000164
531,...((((.(((....)))))))..(((((.((.(.(((.............))).).)).)))))...,18,-5.603,21,0,0.000163
532,...((((...........))))...((((...(((...)))...((((......))))..))))....,15,-5.6,10,0,0.000162
533,...((((...........))))......((....))....((.(((((......)))))....))...,13,-5.596,26,0,0.000161
534,...((((.(((....)))))))......((....))....(...((((......))))....).....,14,-5.596,17,0,0.000161
535,...((((((....)))...))).((((....(((.........(((((......))))))))))))..,18,-5.595,25,0,0.000161
536,.(.((((.(((....)))))))..).......((.....))...(((........)))..........,13,-5.595,13,0,0.000161
537,...((((..((....)).)))).....((...........))..((((......))))..........,12,-5.594,17,0,0.000161
538,((.((((...........))))..))......((.....))...((((......))))..........,12,-5.593,18,0,0.000161
539,.(.((((.(((....)))))))..).......((.....))...((((......)))).((...))..,16,-5.592,13,0,0.000160
540,...((((..((....)).))))......((....))........((((......)))).(.....)..,13,-5.592,21,0,0.000160
541,...((((...........))))..(((((...(((...)))....(((......)))...)))))...,15,-5.591,10,0,0.000160
542,...((((..((....)).))))..((.((...((.....))...((((......))))..)).))...,16,-5.591,4,0,0.000160
543,...((((...........))))..(((....(((.((.....))((((......)))).))))))...,16,-5.591,20,0,0.000160
544,...((((..((....)).))))......((....))........((((......))))....(...).,13,-5.59,20,0,0.000160
545,((.((((..((....)).))))..))......(((...)))...((((......))))..........,15,-5.587,16,0,0.000159
546,...((((((....))...)))).........(((.........(((((......))))))))......,14,-5.586,27,0,0.000159
547,...((((..((....)).))))..(((((...((.....))...((..((...)).))..)))))...,17,-5.586,9,0,0.000159
548,.(.((((.(((....)))))))..)......(((.(((...)))((((......)))).)))......,18,-5.585,23,0,0.000158
549,...((((..((....)).))))..(((....(((.(((...)))((((......)))).))))))...,19,-5.585,18,0,0.000158
550,...((((...........))))..........((.....))...((((......))))..(...)...,11,-5.584,16,0,0.000158
551,...((((...........)))).((((.....(((...)))...((((......))))....))))..,15,-5.584,14,0,0.000158
552,...((((.(((....)))))))...((.....)).((.....))((((......))))..........,15,-5.583,18,0,0.000158
553,..(..((((....)))).)..(((.........)))........((((......))))..........,12,-5.582,36,0,0.000158
554,...((((.(((....)))))))...((.....)).....(((.(((((......)))))....)))..,17,-5.582,18,0,0.000158
555,...((((.((......))))))..(((((......((.....))((((......))))..)))))...,17,-5.579,10,0,0.000157
556,...((((.(((....)))))))..(((((...(((...))).(.((((......))))).)))))...,20,-5.578,4,0,0.000157
557,...((((..((....)).))))..........(((...)))...((((......))))..(...)...,14,-5.578,14,0,0.000156
558,...((((..((....)).))))..(((((.((.(.((...............)).).)).)))))...,16,-5.577,21,0,0.000156
559,......(((....))).......((((....(((.........(((((......))))))))))))..,15,-5.577,31,0,0.000156
560,..((..........)).....((((.......))))........((((......))))..........,10,-5.574,34,0,0.000156
561,.....((((....))))...((.........))...........((((......))))..........,10,-5.57,32,0,0.000154
562,...((((.(((....))))))).((((.((....))........((((......))))....))))..,17,-5.566,13,0,0.000153
563,((.((((..((....)).))))..))..((....))........((((......))))..........,14,-5.566,21,0,0.000153
564,...((((.(((....)))))))..(((((.((.........................)).)))))...,14,-5.566,15,0,0.000153
565,...((((...........)))).........(((.........((((........)))))))......,11,-5.565,26,0,0.000153
566,...(((..(((....))).)))..........((.....))...((((......))))...(....).,13,-5.563,13,0,0.000153
567,...((((.(((....)))))))......((....))...(((.(((((......))))..)..)))..,17,-5.563,20,0,0.000152
568,...((((.(((....))))))).((((((...(((...)))..((........)).....))))))..,18,-5.561,14,0,0.000152
569,...((((.(........))))).((((((...((.....))...((((......))))..))))))..,17,-5.56,6,0,0.000152
570,...((((.(((....))))))).......(.((..(((...)))((((......))))..)).)....,17,-5.56,22,0,0.000152
571,..(..((((....)))).)............(((.........(((((......))))))))......,13,-5.56,36,0,0.000152
572,...((((..((....)).))))......((....))........((((......))))..(...)...,13,-5.557,19,0,0.000151
573,...((((.(((....)))))))......((.(((.(((...)))((((......)))).)))...)).,19,-5.557,25,0,0.000151
574,...((((.(((....)))))))..(((((.......((...)).((((......))))..)))))...,18,-5.555,8,0,0.000151
575,((...((((....)))).)).((((.......))))........((((......))))..........,14,-5.555,37,0,0.000151
576,..(..((((....)))).)..((((.......))))........((((......))))...(....).,14,-5.555,37,0,0.000150
577,...((((.(((....))))))).....(((.(((.((.....))((((......)))).)))...))),19,-5.553,24,0,0.000150
578,...((((.(((....)))))))....(.....).....(.(..(((((......)))))..).)....,15,-5.552,17,0,0.000150
579,...((((...........)))).................((..(((((......)))))...))....,11,-5.548,22,0,0.000149
580,....(((.(((....))))))..((((((...(((...)))...((((......))))..))))))..,19,-5.546,6,0,0.000148
581,......(((....))).....((((.......))))...((..(((((......)))))...))....,14,-5.546,37,0,0.000148
582,.(.(((..(((....))).)))..)......(((.........(((((......))))))))......,15,-5.545,21,0,0.000148
583,.(.((((.(((....)))))))..).............(.(..(((((......)))))..).)....,15,-5.543,18,0,0.000148
584,...((((.(((....))))))).........(((..(.....).((((......)))).)))......,15,-5.542,18,0,0.000147
585,...((((...........))))......(......)........((((......))))..........,9,-5.539,21,0,0.000146
586,...(((..((......)).)))..(((((...(((...)))...((((......))))..)))))...,17,-5.538,6,0,0.000146
587,...(((((......)...))))..(((((...((.....))...((((......))))..)))))...,16,-5.538,8,0,0.000146
588,..........((((.(.....((((.......))))........((((......))))...).)))).,13,-5.536,37,0,0.000146
589,...((((..((....)).))))......((....))...(((..((((......)))).....)))..,15,-5.532,21,0,0.000145
590,...((((.(((....))))))).......(.......)......((((......))))..........,12,-5.529,16,0,0.000144
591,...((((.(((....)))))))..(...)...(((...)))...((((......))))...(....).,16,-5.529,13,0,0.000144
592,...((((...........)))).((((((...((.....))....(((......)))...))))))..,15,-5.527,10,0,0.000144
593,...((((..((....)).))))..................((.(((((......)))))....))...,13,-5.526,19,0,0.000143
594,...((((.(((....)))))))..........((.....))...((((......)))).(...)....,14,-5.526,11,0,0.000143
595,.(.((((..((....)).))))..).......((.....))...((((......))))...(....).,14,-5.525,14,0,0.000143
596,...((((..((....)).))))..(((((.(.............((((......))))).)))))...,16,-5.525,8,0,0.000143
597,...((((.((......))))))..........((.....))...((((......))))...(....).,13,-5.525,13,0,0.000143
598,...((((.(((....)))))))..(((((......(((...))).(((......)))...)))))...,18,-5.525,12,0,0.000143
599,...((((..((....)).)))).((((((...(((...)))....(((......)))...))))))..,18,-5.521,8,0,0.000142
600,...((((..((....)).)))).((((....(((.((.....))((((......)))).)))))))..,19,-5.521,18,0,0.000142
601,...((((.(((....))))))).......((.....))......((((......))))...(....).,14,-5.52,19,0,0.000142
602,...((((.(((....)))))))..(((((....((......)).((((......))))..)))))...,18,-5.519,7,0,0.000142
603,...((((.(((....))))))).((((((((.....))......((((......))))..))))))..,19,-5.519,10,0,0.000142
604,...(((..(((....))).)))......((.(((.........(((((......))))))))...)).,16,-5.517,23,0,0.000141
605,...((((.(((....)))))))....(.....)..((.....))((((......))))..........,14,-5.517,18,0,0.000141
606,...((((.(((....)))))))..........((.....))...((..((...)).))..........,13,-5.515,17,0,0.000141
607,...((((.(((....))))))).((((((...((.....)).(.((((......))))).))))))..,20,-5.515,4,0,0.000141
608,....(((((....)))).).....(((((...((.....))...((((......))))..)))))...,16,-5.514,17,0,0.000140
609,....(((((....))).)).....(((((...((.....))...((((......))))..)))))...,16,-5.514,17,0,0.000140
610,...((((.(((....)))))))..........(((...)))..((........)).............,12,-5.514,22,0,0.000140
611,..(..(((......))).).....(((((...((.....))...((((......))))..)))))...,15,-5.511,17,0,0.000140
612,...((((..((....)).))))..........((.....))...(((.((...)))))..........,13,-5.509,17,0,0.000139
613,...((((..((....)).))))..........((.....))...((((.(...)))))..........,13,-5.509,14,0,0.000139
614,...((((((....))...))))..........(((...)))...((((......))))..........,13,-5.509,21,0,0.000139
615,.(.((((.(((....)))))))..)..........((.....))((((......))))..........,14,-5.509,19,0,0.000139
616,.(.((((.((......))))))..)......(((.........(((((......))))))))......,15,-5.507,21,0,0.000139
617,...((((..(......).))))..(((....(((.........(((((......)))))))))))...,16,-5.507,16,0,0.000139
618,...((((.(((....)))))))..(((((.((.(.((...((....))....)).).)).)))))...,19,-5.506,20,0,0.000139
619,...((((.(((....)))))))..(((((......((.....))(((........)))..)))))...,17,-5.505,10,0,0.000138
620,...((((..((....)).))))..........(.......)...((((......))))..........,11,-5.504,14,0,0.000138
621,...((.(((....)))....)).((((((...(((...)))...((((......))))..))))))..,18,-5.503,17,0,0.000138
622,...((((.(((....))))))).((((((...(((...)))...((..........))..))))))..,18,-5.502,8,0,0.000138
623,...((((.(((....)))))))....(((..((..(((...)))..)).)))................,15,-5.497,32,0,0.000136
624,...((((...........))))..(((.(...((.....))...((((......))))..).)))...,14,-5.496,8,0,0.000136
625,...(((((......)))...))..........((.....))...((((......))))..........,11,-5.494,22,0,0.000136
626,...((((.(((....)))))))......((....)).......((........)).............,11,-5.493,27,0,0.000136
627,...((((.(.....)...)))).((((((...(((...)))...((((......))))..))))))..,18,-5.493,11,0,0.000136
628,...((((.(((....))))))).((((((.......(.....).((((......))))..))))))..,18,-5.492,8,0,0.000135
629,...((((..((....)).))))..(((.(...(((...)))...((((......))))..).)))...,17,-5.49,6,0,0.000135
630,...((((((....))...))))......((....))........((((......))))..........,12,-5.488,26,0,0.000135
631,...((((...........))))..........(((...)))...(((........)))..........,10,-5.488,20,0,0.000134
632,...((((...........))))..(((.................((((......))))....)))...,11,-5.487,14,0,0.000134
633,.(.((((.(((....)))))))..).......((.....))...((((......)))).(.....)..,15,-5.487,13,0,0.000134
634,...((((.(((....)))))))..(((....(((.((.....)).(((......)))..))))))...,18,-5.486,16,0,0.000134
635,...((((...........))))..........(((...)))...((((......)))).((...))..,13,-5.485,20,0,0.000134
636,.(.((((.(((....)))))))..).......((.....))...((((......))))....(...).,15,-5.485,12,0,0.000134
637,..((..........)).......((((((...((.....))...((((......))))..))))))..,14,-5.483,18,0,0.000133
638,..(..((((....)))).).............(((...)))...((((......))))..........,12,-5.482,30,0,0.000133
639,...((((.(((....))))))).((((((..............(((((......))))).))))))..,18,-5.482,8,0,0.000133
640,...((((...........))))..(...)...............((((......))))..........,9,-5.481,20,0,0.000133
641,...((((...........))))..........((.....))....(((......)))...........,9,-5.48,18,0,0.000133
642,...(((((......))...)))..........((.....))...((((......))))..........,11,-5.48,20,0,0.000133
643,((.((((.(((....)))))))..)).(((.(((.........(((((......))))))))...))),20,-5.48,24,0,0.000133
644,.(.((((..((....)).))))..)...((.(((.........(((((......))))))))...)).,17,-5.48,24,0,0.000133
645,...((((.((......))))))......((.(((.........(((((......))))))))...)).,16,-5.479,23,0,0.000132
646,......(((....))).....(.((((((...((.....))...((((......))))..))))))).,16,-5.477,20,0,0.000132
647,......(((....))).....((.(((((...((.....))...((((......))))..))))))).,16,-5.477,20,0,0.000132
648,...((((.(.......).)))).((((((...(((...)))...((((......))))..))))))..,18,-5.477,10,0,0.000132
649,...((((.(((....)))))))..(((.............(..(((((......)))))..))))...,16,-5.476,10,0,0.000132
650,...((((.(((....))))))).((((((...(((...)))...(((.(.....))))..))))))..,20,-5.476,7,0,0.000132
651,...((((.(((....)))))))...((....(((.........(((((......))))))))))....,17,-5.475,14,0,0.000132
652,...((((..((....)).))))..........(((...)))....(((......)))...........,12,-5.474,16,0,0.000131
653,......((......))........(((((...(((...)))...((((......))))..)))))...,14,-5.474,18,0,0.000131
654,...(((..((......)).))).((((((...((.....))...((((......))))..))))))..,17,-5.474,6,0,0.000131
655,...((((...........)))).................(((.(((((......)))))....)))..,12,-5.473,24,0,0.000131
656,..((((.....)).))........(((((...((.....))...((((......))))..)))))...,15,-5.473,18,0,0.000131
657,...((((..(......).))))......................((((......))))..........,9,-5.471,18,0,0.000131
658,..(..((((....)))).)..((((.......))))..(.(..(((((......)))))..).)....,16,-5.471,39,0,0.000131
659,......(((....))).....((((.......))))...(((.(((((......)))))....)))..,15,-5.471,39,0,0.000131
660,...((((.(((....))))))).......(.(((.........((((.((...))))))))).)....,17,-5.47,24,0,0.000131
661,...((((.(((....))))))).......(.(((.........(((((.(...))))))))).)....,17,-5.47,21,0,0.000131
662,...((((...........))))......(...........)...((((......))))..........,9,-5.47,20,0,0.000130
663,...((((.(((....)))))))..(((((.(((((...)))..((........))..)).)))))...,19,-5.469,15,0,0.000130
664,...((((...........)))).((((((...(((...)))...(((.((...)))))..))))))..,18,-5.469,15,0,0.000130
665,...((((...........)))).((((((...(((...)))...((((.(...)))))..))))))..,18,-5.469,12,0,0.000130
666,.(.(((..(((....))).)))..).......(((...)))...((((......))))..........,14,-5.468,15,0,0.000130
667,...((((...........))))......((....))........(((........)))..........,9,-5.467,25,0,0.000130
668,.(...((((....)))).).....(((((...(((...)))...((((......))))..)))))...,17,-5.466,20,0,0.000130
669,...((((.(((....))))))).((((((.(.(((...)))...((((......))))).))))))..,21,-5.465,6,0,0.000129
670,...((((...........))))......((....))........((((......)))).((...))..,12,-5.465,25,0,0.000129
671,...(((..(((....))).)))..(((((...(((...)))...(((........)))..)))))...,17,-5.464,6,0,0.000129
672,.(.((((.(((....)))))))..)...((....))....((.(((((......)))))....))...,17,-5.464,21,0,0.000129
673,...((((..((....)).))))....(((...((.....))...((((......))))..))).....,15,-5.463,6,0,0.000129
674,...((((.(((....))))))).......(.(((..........((((......)))).))).)....,15,-5.463,17,0,0.000129
675,..(..((((....)))).).........((....))........((((......))))..........,11,-5.462,35,0,0.000129
676,...((((.(((....))))))).((((((......((.....)).(((......)))...))))))..,18,-5.461,12,0,0.000128
677,....(((((....)))).)....((((((...(((...)))...((((......))))..))))))..,18,-5.455,21,0,0.000127
678,....(((((....))).))....((((((...(((...)))...((((......))))..))))))..,18,-5.455,21,0,0.000127
679,...((((.(((....)))))))..(((((...(((...)))...(((..(...).)))..)))))...,19,-5.454,6,0,0.000127
680,...((((..((....)).))))......((....)).........(((......)))...........,11,-5.454,21,0,0.000127
681,..(..(((......))).)....((((((...(((...)))...((((......))))..))))))..,17,-5.452,21,0,0.000127
682,.(.((((.(((....)))))))..).......((.....))...((((......))))..(...)...,15,-5.452,11,0,0.000127
683,...((((.(((....)))))))..........((.....))...(((........)))...(....).,13,-5.451,13,0,0.000126
684,...((((.(((....))))))).........(((........(.((((......))))))))......,15,-5.451,18,0,0.000126
685,...(((..(((....))).)))......((....))....(..(((((......)))))..)......,14,-5.45,21,0,0.000126
686,.(.(((..(((....))).)))..)...((....))........((((......))))..........,13,-5.447,20,0,0.000126
687,...((((.(((....)))))))..............(.....).((((......))))..........,12,-5.445,16,0,0.000125
688,...((((...........)))).........((..((.....))((((......))))..))......,12,-5.443,25,0,0.000125
689,......((......))...(((.........)))..........((((......))))..........,9,-5.443,31,0,0.000125
690,...((((..((....)).))))..(((((...((.....))..((........)).....)))))...,15,-5.438,12,0,0.000124
691,...((((..((....)).)))).........((..(((...)))((((......))))..))......,15,-5.437,23,0,0.000123
692,...((((.(((....))))))).((((....((..(((...)))((((......))))..))))))..,20,-5.434,17,0,0.000123
693,.(.((((.(((....)))))))..)......(((.........((((........)))))))......,15,-5.433,21,0,0.000123
694,...((((..((....)).))))..(((....(((.........((((........))))))))))...,16,-5.433,16,0,0.000123
695,((.((((...........))))..)).....(((.........(((((......))))))))......,14,-5.431,26,0,0.000122
696,.(.((((.((......))))))..).......(((...)))...((((......))))..........,14,-5.43,15,0,0.000122
697,...((((.(((....)))))))....((..............))((((......))))..........,13,-5.43,16,0,0.000122
698,...((((.(((....))))))).((((((.((.(.....................).)).))))))..,16,-5.428,17,0,0.000121
699,...((((.(((....)))))))..(((((..((((...)))..)((((......))))..)))))...,20,-5.427,4,0,0.000121
700,...((((..((....)).)))).((((.(...((.....))...((((......))))..).))))..,17,-5.426,6,0,0.000121
701,...((((.((......))))))..(((((...(((...)))...(((........)))..)))))...,17,-5.426,6,0,0.000121
702,...((((.(((....))))))).((((((...............((((......))))..))))))..,17,-5.425,6,0,0.000121
703,...((((.(((....)))))))....(.....)......((..(((((......)))))...))....,15,-5.425,16,0,0.000121
704,...((((...........))))..(((((..(...........)((((......))))..)))))...,14,-5.422,12,0,0.000120
705,...((((.(((....)))))))..........(((...)))..((...))..................,12,-5.421,23,0,0.000120
706,..((.((.....)))).....((((.......))))........((((......))))..........,12,-5.421,36,0,0.000120
707,......(((....)))..((.......))...((.....))...((((......))))..........,11,-5.42,27,0,0.000120
708,...((((..((....)).)))).((((.................((((......))))....))))..,14,-5.417,12,0,0.000119
709,.(.((((.(((....)))))))..)..............((..(((((......)))))...))....,15,-5.416,17,0,0.000119
710,...((((...........)))).......(.(((.((.....))((((......)))).))).)....,14,-5.414,27,0,0.000119
711,...((((.(((....))))))).............((.....)).(((......)))...........,12,-5.414,20,0,0.000119
712,...((((..(....)...))))..(((((...((.....))...((((......))))..)))))...,16,-5.414,7,0,0.000119
713,..((((.....)).)).......((((((...(((...)))...((((......))))..))))))..,17,-5.414,22,0,0.000119
714,.(.((((..((....)).))))..)...((....))....(..(((((......)))))..)......,15,-5.412,22,0,0.000118
715,...((((.((......))))))......((....))....(..(((((......)))))..)......,14,-5.412,21,0,0.000118
716,...((((.(((....)))))))..(((((...((.....))..(((.....).)).....)))))...,17,-5.41,11,0,0.000118
717,.(.((((((....))))...))..).......((.....))...((((......))))..........,13,-5.409,24,0,0.000118
718,...((((.(((....)))))))..........(((...))).......((...)).............,12,-5.409,23,0,0.000118
719,...((((.(((....)))))))......(......)....(..(((((......)))))..)......,14,-5.409,17,0,0.000118
720,...((((...........))))......((....))...((...((((......))))....))....,12,-5.409,23,0,0.000118
721,.(.((((.((......))))))..)...((....))........((((......))))..........,13,-5.409,20,0,0.000118
722,...((((..((....)).)))).......(.(((.(((...)))((((......)))).))).)....,17,-5.408,25,0,0.000118
723,...((((.(((....)))))))..((((................((((......))))...))))...,15,-5.408,6,0,0.000117
724,.(.((((.(((....)))))))..)...(......)........((((......))))..........,13,-5.407,16,0,0.000117
725,...((((.(((....))))))).((((((.((((.....))..((........))..)).))))))..,19,-5.406,15,0,0.000117
726,...((((((....))))...))..(((((...((.....))...(((........)))..)))))...,16,-5.406,15,0,0.000117
727,...((((.(((....)))))))......((.(((.........((((........)))))))...)).,16,-5.405,23,0,0.000117
728,...((((...(....)..))))..(((((...(((...)))...((((......))))..)))))...,17,-5.403,6,0,0.000116
729,...((((...........)))).............(((...)))((((......))))..........,11,-5.402,26,0,0.000116
730,...((((.(((....)))))))...((.....))......((.(((((......)))))....))...,16,-5.402,17,0,0.000116
731,...((((.(((....)))))))..(...)..(((.((.....))((((......)))).)))......,17,-5.402,20,0,0.000116
732,...((((.(((....)))))))...((....(((.........(((((......))))))))..))..,17,-5.401,19,0,0.000116
733,...(((..(((....))).))).((((((...((.....))...(((........)))..))))))..,17,-5.4,6,0,0.000116
734,...((((.(((....)))))))......((....)).......((...))..................,11,-5.4,28,0,0.000116
735,.....(((......)))....((((.......))))........((((......))))..........,11,-5.399,34,0,0.000116
736,...((((..((....)).))))......................(((........)))..........,9,-5.398,18,0,0.000115
737,......(((....)))........(((....(((.........(((((......)))))))))))...,14,-5.397,29,0,0.000115
738,...((((.(((....))))))).((((((.((.((((.............)))..).)).))))))..,19,-5.396,23,0,0.000115
739,.(.((((((....)))...)))..).......((.....))...((((......))))..........,13,-5.396,22,0,0.000115
740,...((((..((....)).))))......................((((......)))).((...))..,12,-5.395,18,0,0.000115
741,...(((.............)))..(((....(((.........(((((......)))))))))))...,14,-5.393,20,0,0.000115
742,...((((((....)))...)))..(((((...((.....))...(((........)))..)))))...,16,-5.392,13,0,0.000114
743,...((((.(((....)))))))..(((....(((.....((..((........))..))))))))...,17,-5.392,21,0,0.000114
744,.(.(..(((((........(((.........)))......)))))..).)..................,10,-5.391,43,0,0.000114
745,...((((.(.(....).)))))..(((((...((.....))...((((......))))..)))))...,17,-5.39,2,0,0.000114
746,...((((.(((....))))))).((((((...((.....))...(((..(...).)))..))))))..,19,-5.39,6,0,0.000114
747,...((((.(((....)))))))......((....))............((...)).............,11,-5.389,28,0,0.000114
748,...(((..(((....))).)))...((.....))..........((((......))))..........,12,-5.385,16,0,0.000113
749,...((((.(((....)))))))......((....))....((.(((((......))))..)..))...,16,-5.383,19,0,0.000113
750,...((((.(((....)))))))....(((....................)))................,10,-5.38,25,0,0.000112
751,...((((.(((....)))))))................(.(...((((......))))...).)....,13,-5.38,15,0,0.000112
752,...((((...........))))..........(((...)))...((((......)))).(.....)..,12,-5.38,20,0,0.000112
753,...((((..((....)).))))..(((((...((.....))...((..........))..)))))...,15,-5.379,6,0,0.000112
754,...((((.(((....)))))))....(((..((..((.....))..)).)))..(.(...).).....,16,-5.379,30,0,0.000112
755,...(((..(((....))).)))..(((((......(((...)))((((......))))..)))))...,18,-5.378,12,0,0.000112
756,...((((...........))))..........(((...)))...((((......))))....(...).,12,-5.378,19,0,0.000112
757,..(..((((....)))).)....((((....(((.........(((((......))))))))))))..,17,-5.375,32,0,0.000111
758,...((((..((....)).))))......((....))....(..(((((......)))))...).....,14,-5.373,21,0,0.000111
759,...((((.(((....))))))).(((.....(((.........(((((......)))))))).)))..,18,-5.368,16,0,0.000110
760,...(((..(((....))).)))..(((.....((.....))...((((......))))....)))...,15,-5.367,6,0,0.000110
761,....(((.(((....))))))...(((((...(((...)))...((((......))))..)))))...,18,-5.366,4,0,0.000110
762,...((((.(((....))))))).............((.....))((((......))))...(....).,14,-5.365,19,0,0.000109
763,...((((.(((....))))))).((((((..(((.....))..)((((......))))..))))))..,20,-5.363,4,0,0.000109
764,...((((.((......)))))).((((((...((.....))...(((........)))..))))))..,17,-5.362,6,0,0.000109
765,...((((...........)))).....((...........))..((((......))))..........,10,-5.361,21,0,0.000109
766,......(((....)))...(((.........)))......(..(((((......)))))..)......,12,-5.361,34,0,0.000109
767,......(((....)))............................((((......))))..........,7,-5.361,31,0,0.000109
768,...((((.(((....)))))))..(((((...((.....))...((..(.....).))..)))))...,17,-5.359,5,0,0.000108
769,...((((...........))))......((....))........((((......)))).(.....)..,11,-5.359,25,0,0.000108
770,...((((...........))))..((.((...((.....))...((((......))))..)).))...,14,-5.359,8,0,0.000108
771,...(((.............)))......................((((......))))..........,7,-5.358,22,0,0.000108
772,...((((...........))))......((....))........((((......))))....(...).,11,-5.357,24,0,0.000108
773,.(.((((.(((....)))))))..).......(((...)))...(((........)))..........,14,-5.356,15,0,0.000108
774,((.((((...........))))..))......(((...)))...((((......))))..........,13,-5.354,20,0,0.000107
775,...((((.(((....))))))).........(((.........(((..((...)).))))))......,15,-5.354,25,0,0.000107
776,.(.((((.(((....)))))))..).......(((...)))...((((......)))).((...))..,17,-5.353,15,0,0.000107
777,...((((..((....)).))))..(((((...((.....))...(((.(.....))))..)))))...,17,-5.353,5,0,0.000107
778,...((((...........))))..(((((...((.....))...((..((...)).))..)))))...,15,-5.353,13,0,0.000107
779,...((((..((....)).)))).((((((..(...........)((((......))))..))))))..,17,-5.352,10,0,0.000107
780,...((((..((....)).))))..((.((...(((...)))...((((......))))..)).))...,17,-5.352,6,0,0.000107
781,...((((..((....)).))))......((....))....((..((((......)))).....))...,14,-5.352,20,0,0.000107
782,...((((...........))))..(((....(((.(((...)))((((......)))).))))))...,17,-5.352,22,0,0.000107
783,...((((.(((....)))))))..(...)...........(..(((((......)))))..)......,14,-5.352,16,0,0.000107
784,...((((..((....)).))))...((.....))......(..(((((......)))))..)......,14,-5.35,18,0,0.000107
785,...((((.(((....)))))))....(.....)......(((.(((((......)))))....)))..,16,-5.35,18,0,0.000106
786,...((((.(((....)))))))..(((((.((.((((...((....))..)))..).)).)))))...,20,-5.349,22,0,0.000106
787,.(.((((.(((....)))))))..).......((.....))....(((......)))...........,13,-5.349,13,0,0.000106
788,...((((..((....)).)))).........(((.........((((.((...)))))))))......,15,-5.348,25,0,0.000106
789,...((((..((....)).)))).........(((.........(((((.(...)))))))))......,15,-5.348,22,0,0.000106
790,...((((.(((....))))))).(((((....((.........(((((......))))))))))))..,19,-5.347,11,0,0.000106
791,...((((.((......))))))...((.....))..........((((......))))..........,12,-5.347,16,0,0.000106
792,...((((..((....)).))))..(((((...(((...)))...((..((...)).))..)))))...,18,-5.347,11,0,0.000106
793,...((((...........))))..........(((...)))...((((......))))..(...)...,12,-5.345,18,0,0.000106
794,...((((.(((....))))))).((((....(((.........((((.((...)))))))))))))..,20,-5.344,19,0,0.000105
795,...((((.(((....))))))).((((....(((.........(((((.(...)))))))))))))..,20,-5.344,16,0,0.000105
796,...((((...........))))..(((((.((.(.((...............)).).)).)))))...,14,-5.344,25,0,0.000105
797,..(..((((....)))).)..((((.......))))...((..(((((......)))))...))....,16,-5.344,38,0,0.000105
798,...((((.(((....)))))))...((.....)).(((...)))((((......))))..........,16,-5.344,20,0,0.000105
799,...((((..((....)).))))..(((((.(.((.....))...((((......))))).)))))...,18,-5.343,4,0,0.000105
800,.(.((((.(((....)))))))..)..............(((.(((((......)))))....)))..,16,-5.342,19,0,0.000105
801,...((((..((....)).)))).........(((..........((((......)))).)))......,13,-5.34,18,0,0.000105
802,...((((.((......))))))..(((((......(((...)))((((......))))..)))))...,18,-5.34,12,0,0.000105
803,...((((..((....)).)))).................((...((((......))))....))....,12,-5.339,16,0,0.000105
804,...((((...(....)..)))).((((((...((.....))...((((......))))..))))))..,17,-5.339,6,0,0.000105
805,...((((.(((....)))))))......((....))....(..((((........))))..)......,14,-5.338,21,0,0.000104
806,.....((((....))))...............((.....))...((((......))))..........,10,-5.338,27,0,0.000104
807,.(.((((.(((....)))))))..)...(...........)...((((......))))..........,13,-5.338,15,0,0.000104
808,...((((.(((....))))))).((((....(((..........((((......)))).)))))))..,18,-5.337,12,0,0.000104
809,.(.((((.(((....)))))))..)...((....))........(((........)))..........,13,-5.335,20,0,0.000104
810,((.((((...........))))..))..((....))........((((......))))..........,12,-5.333,25,0,0.000104
811,.(.((((.(((....)))))))..)...((....))........((((......)))).((...))..,16,-5.333,20,0,0.000103
812,...((((..((....)).))))..(.......)...........((((......))))..........,11,-5.332,16,0,0.000103
813,...(((((......)))...)).........(((.........(((((......))))))))......,13,-5.332,30,0,0.000103
814,...((((..(......).)))).......(.(((.........(((((......)))))))).)....,14,-5.33,23,0,0.000103
815,...((((.(((....)))))))..(((((.((.(.........((........))).)).)))))...,17,-5.329,17,0,0.000103
816,..((.((.....)))).......((((((...((.....))...((((......))))..))))))..,16,-5.329,20,0,0.000103
817,...((((.((......))))))..(((.....((.....))...((((......))))....)))...,15,-5.329,6,0,0.000103
818,...((((...........))))......((....))........((((......))))..(...)...,11,-5.324,23,0,0.000102
819,...((((.(((....)))))))..(((..((.....))......((((......))))....)))...,16,-5.324,12,0,0.000102
820,...(((..(((....))).)))..........(((...)))...((((......))))...(....).,14,-5.324,15,0,0.000102
821,...((((.(((....)))))))....(....(((.........(((((......))))))))..)...,16,-5.323,18,0,0.000102
822,...((((.(........))))).((((((...(((...)))...((((......))))..))))))..,18,-5.321,8,0,0.000101
823,...((((((....))))...))..(((((......((.....))((((......))))..)))))...,17,-5.32,21,0,0.000101
824,...((((.(((....)))))))..(((((..(.(.......).)((((......))))..)))))...,18,-5.319,7,0,0.000101
825,...(((((......))...))).........(((.........(((((......))))))))......,13,-5.319,28,0,0.000101
826,.....((((....))))....((((.......))))....(..(((((......)))))..)......,14,-5.318,37,0,0.000101
827,((.((((.(((....)))))))..))......((.....))...((((......))))...(....).,16,-5.317,13,0,0.000101
828,............(((...........)))...((.....))...((((......))))..........,9,-5.315,27,0,0.000100
829,...(((..(((....))).))).((((((......((.....))((((......))))..))))))..,18,-5.314,12,0,0.000100
830,...((((.(((....))))))).....(((.(((.(((...)))((((......)))).)))...))),20,-5.314,26,0,0.000100
831,.(.((((.(((....)))))))..)......((..((.....))((((......))))..))......,16,-5.311,20,0,0.000100
832,...((((..((....)).))))..(((....((..((.....))((((......))))..)))))...,17,-5.311,15,0,0.000100
833,...((.(((....)))....))..........((.....))...((((......))))..........,11,-5.31,23,0,0.000100
834,...((((.(((....))))))).......(.(((.((.....)).(((......)))..))).)....,16,-5.31,23,0,0.000100
835,...((((.(((....)))))))..........((.....))...((..........))..........,11,-5.309,14,0,0.000099
836,.....(((......)))......((((((...((.....))...((((......))))..))))))..,15,-5.308,18,0,0.000099
837,...((((((....)))...)))..(((((......((.....))((((......))))..)))))...,17,-5.306,19,0,0.000099
838,...(((..(((....))).)))......((....))........((((......))))...(....).,13,-5.304,20,0,0.000098
839,..((..........))........(((((...((.....))...((((......))))..)))))...,13,-5.303,16,0,0.000098
840,...((((.(((....)))))))..........((.....))..((...))....(.(...).).....,13,-5.303,21,0,0.000098
841,...((((.(((....))))))).........(((..((...)).((((......)))).)))......,16,-5.303,20,0,0.000098
842,...((((.(.....)...))))..........((.....))...((((......))))..........,11,-5.3,17,0,0.000098
843,...((((.(((....))))))).((((((.((.(.(((.............))).).)).))))))..,19,-5.3,23,0,0.000098
844,...((((...........))))......((....))...(((..((((......)))).....)))..,13,-5.299,25,0,0.000098
845,...(((((......)...))))..(((((...(((...)))...((((......))))..)))))...,17,-5.299,10,0,0.000098
846,......(((....)))...(.((((.......)))).)......((((......))))..........,12,-5.295,36,0,0.000097
847,...((((...........))))..................((.(((((......)))))....))...,11,-5.294,23,0,0.000097
848,...((((.(((....)))))))..................(...((((......))))....).....,12,-5.293,14,0,0.000097
849,.(.((((...........))))..).......((.....))...((((......))))...(....).,12,-5.293,18,0,0.000097
850,...((((...........))))..(((((.(.............((((......))))).)))))...,14,-5.293,12,0,0.000097
851,...((((.(((....)))))))......((.(((.........(((((......)))))))).)..).,17,-5.293,20,0,0.000097
852,......(((....))).....((((.......))))....((.(((((......)))))....))...,14,-5.291,38,0,0.000096
853,...((((..((....)).))))..(((((.((.............(((......))))).)))))...,16,-5.289,11,0,0.000096
854,...((((..((....)).))))......................((((......)))).(.....)..,11,-5.289,18,0,0.000096
855,...((((...........)))).((((((...(((...)))....(((......)))...))))))..,16,-5.289,12,0,0.000096
856,...((((..((....)).)))).(((.((...((.....))...((((......))))..)).)))..,17,-5.289,6,0,0.000096
857,...((((...........)))).((((....(((.((.....))((((......)))).)))))))..,17,-5.288,22,0,0.000096
858,...((((.(((....)))))))..........(((...)))...((((......)))).(...)....,15,-5.287,13,0,0.000096
859,...((((..((....)).))))......................((((......))))....(...).,11,-5.287,17,0,0.000096
860,.(.((((..((....)).))))..).......(((...)))...((((......))))...(....).,15,-5.287,16,0,0.000096
861,...((((.((......))))))..........(((...)))...((((......))))...(....).,14,-5.286,15,0,0.000096
862,...(((..(((....))).)))..(...)...((.....))...((((......))))..........,13,-5.285,12,0,0.000095
863,...((((.(.......).))))..........((.....))...((((......))))..........,11,-5.285,16,0,0.000095
864,...((((.(((....)))))))......((.((..((.....))((((......))))..))...)).,17,-5.284,22,0,0.000095
865,...((((.(((....)))))))..........((.....))...(((.(.....))))..........,13,-5.283,13,0,0.000095
866,...((((..((....)).)))).((((((...((.....))...((..((...)).))..))))))..,18,-5.283,11,0,0.000095
867,.(.((((.(((....)))))))..)....(.(((.((.....))((((......)))).))).)....,18,-5.283,22,0,0.000095
868,...((((..((....)).)))).((((....(((.(((...)))((((......)))).)))))))..,20,-5.282,20,0,0.000095
869,...((((.(((....)))))))....(.....)..(((...)))((((......))))..........,15,-5.278,20,0,0.000094
870,.(.((((.(((....)))))))..)...((....))...((...((((......))))....))....,16,-5.277,18,0,0.000094
871,...((((...........))))..........((.....))...(((.((...)))))..........,11,-5.277,21,0,0.000094
872,...((((...........))))..........((.....))...((((.(...)))))..........,11,-5.277,18,0,0.000094
873,...((((.(((....)))))))..........(((...)))...((..((...)).))..........,14,-5.276,19,0,0.000094
874,...((((.((......)))))).((((((......((.....))((((......))))..))))))..,18,-5.276,12,0,0.000094
875,...((((.(((....))))))).((((((...(((...))).(.((((......))))).))))))..,21,-5.276,6,0,0.000094
876,..(..((((....)))).)..(.((((((...((.....))...((((......))))..))))))).,18,-5.276,21,0,0.000094
877,..(..((((....)))).)..((.(((((...((.....))...((((......))))..))))))).,18,-5.276,21,0,0.000094
878,....(((((....))).)).....(((((...(((...)))...((((......))))..)))))...,17,-5.275,19,0,0.000094
879,....(((((....)))).).....(((((...(((...)))...((((......))))..)))))...,17,-5.275,19,0,0.000094
880,...(((..(((....))).))).....(((.(((.........(((((......))))))))...))),17,-5.274,24,0,0.000094
881,...((((..((....)).)))).((((((.((.(.((...............)).).)).))))))..,17,-5.274,23,0,0.000094
882,...((((.(((....)))))))...((.....))..........(((........)))..........,12,-5.273,16,0,0.000094
883,..(..(((......))).).....(((((...(((...)))...((((......))))..)))))...,16,-5.272,19,0,0.000093
884,...((((.(((....)))))))..(((((.((...........((...)).......)).)))))...,16,-5.272,18,0,0.000093
885,((.((((.(((....)))))))..))..((.(((.........(((((......))))))))...)).,19,-5.272,23,0,0.000093
886,...((((...........))))..........(.......)...((((......))))..........,9,-5.271,18,0,0.000093
887,...((((..((....)).))))..........(((...)))...(((.((...)))))..........,14,-5.271,19,0,0.000093
888,...((((..((....)).))))..........(((...)))...((((.(...)))))..........,14,-5.271,16,0,0.000093
889,...((((.(((....)))))))...((.....))..........((((......)))).((...))..,15,-5.271,16,0,0.000093
890,.(.((((.(((....)))))))..)..........(((...)))((((......))))..........,15,-5.27,21,0,0.000093
891,..(..((((....)))).)..((((.......))))...(((.(((((......)))))....)))..,17,-5.269,40,0,0.000093
892,...((((.(((....)))))))......((....))........((((......)))).(...)....,14,-5.267,18,0,0.000093
893,...((((.(((....)))))))..(((((......(((...)))(((........)))..)))))...,18,-5.266,12,0,0.000092
894,.(.((((..((....)).))))..)...((....))........((((......))))...(....).,14,-5.266,21,0,0.000092
895,...((((((....))))...))..........((.....))...((((......))))...(....).,13,-5.266,24,0,0.000092
896,...((((.((......))))))......((....))........((((......))))...(....).,13,-5.265,20,0,0.000092
897,((.((((..((....)).))))..))..................((((......))))..........,12,-5.264,18,0,0.000092
898,...((((.(((....))))))).((((((.((.........................)).))))))..,15,-5.263,17,0,0.000092
899,...((((.(((....)))))))......(......)........((((......))))...(....).,13,-5.263,16,0,0.000092
900,....(((.(((....))))))((((.......))))........((((......))))..........,14,-5.262,20,0,0.000092
901,...((((.(((....))))))).................(((.(((((......))))..)..)))..,15,-5.26,17,0,0.000092
902,......(((....)))..((.......))..(((.........(((((......))))))))......,13,-5.259,35,0,0.000091
903,...((((...........))))..(((.(...(((...)))...((((......))))..).)))...,15,-5.257,10,0,0.000091
904,...((((..((....)).)))).......(.(((.........((((........))))))).)....,14,-5.257,23,0,0.000091
905,...((((.(((....)))))))......((....))........((..((...)).))..........,13,-5.256,24,0,0.000091
906,...((((.(((....)))))))..(((.....((.....))...(((........)))....)))...,15,-5.256,6,0,0.000091
907,...(((((......)))...))..........(((...)))...((((......))))..........,12,-5.255,24,0,0.000091
908,...((((..((....)).))))......................((((......))))..(...)...,11,-5.255,16,0,0.000091
909,...((((.(((....)))))))..(((((.((.(.(((..((....))...))).).)).)))))...,20,-5.253,22,0,0.000090
910,...(((..(((....))).)))..(((((...((.....))...(((.((...)))))..)))))...,18,-5.253,7,0,0.000090
911,...(((..(((....))).)))..(((((...((.....))...((((.(...)))))..)))))...,18,-5.253,4,0,0.000090
912,...((((.(((....))))))).((((((.......((...)).((((......))))..))))))..,19,-5.253,10,0,0.000090
913,...((((((....)))...)))..........((.....))...((((......))))...(....).,13,-5.252,22,0,0.000090
914,...((((.(((....)))))))...((..(.(((.........(((((......)))))))).)))..,18,-5.251,20,0,0.000090
915,......(((....)))....((.....))...((.....))...((((......))))..........,11,-5.25,27,0,0.000090
916,...((((..((....)).))))......((....))........(((.((...)))))..........,13,-5.25,24,0,0.000090
917,...((((..((....)).))))......((....))........((((.(...)))))..........,13,-5.25,21,0,0.000090
918,...((((..((....)).))))......((....))....(...((((......))))...)......,13,-5.249,19,0,0.000090
919,.(.((((((....))))...))..)......(((.........(((((......))))))))......,15,-5.248,32,0,0.000090
920,.(.((((.(((....)))))))..).......(((...)))...((((......)))).(.....)..,16,-5.248,15,0,0.000090
921,...(((..(((....))).)))..(((((...(.......)...((((......))))..)))))...,16,-5.247,4,0,0.000090
922,...((((.(((....)))))))..(((....(((.(((...))).(((......)))..))))))...,19,-5.247,18,0,0.000090
923,.(.((((...........))))..)...((.(((.........(((((......))))))))...)).,15,-5.247,28,0,0.000090
924,...((((.((......))))))..(...)...((.....))...((((......))))..........,13,-5.247,12,0,0.000089
925,.(.((((.(((....)))))))..).......(((...)))...((((......))))....(...).,16,-5.246,14,0,0.000089
926,..((..........)).......((((((...(((...)))...((((......))))..))))))..,15,-5.244,20,0,0.000089
927,...((((...........))))..........(((...)))....(((......)))...........,10,-5.242,20,0,0.000089
928,...(((((......))...)))..........(((...)))...((((......))))..........,12,-5.241,22,0,0.000089
929,......(((....))).....((.(((((...(((...)))...((((......))))..))))))).,17,-5.238,22,0,0.000088
930,......(((....))).....(.((((((...(((...)))...((((......))))..))))))).,17,-5.238,22,0,0.000088
931,.(.((((..((....)).))))..)..(((.(((.........(((((......))))))))...))),18,-5.237,25,0,0.000088
932,...((((.((......)))))).....(((.(((.........(((((......))))))))...))),17,-5.236,24,0,0.000088
933,...(((..((......)).))).((((((...(((...)))...((((......))))..))))))..,18,-5.235,8,0,0.000088
934,...(((((......)...)))).((((((...((.....))...((((......))))..))))))..,17,-5.235,10,0,0.000088
935,..(((((.(((....)))))))..).......((.....))...((((......))))..........,14,-5.235,11,0,0.000088
936,.(.((((((....)))...)))..)......(((.........(((((......))))))))......,15,-5.234,30,0,0.000088
937,...(((((......)))...))......((....))........((((......))))..........,11,-5.234,29,0,0.000088
938,..((((.....)).))........(((((...(((...)))...((((......))))..)))))...,16,-5.234,20,0,0.000088
939,.(.((((.(((....)))))))..(((((...((.....))...((((......))))..))))).).,19,-5.232,2,0,0.000087
940,...((((...........))))....(((...((.....))...((((......))))..))).....,13,-5.231,10,0,0.000087
941,...((((..((....)).)))).................(((..((((......)))).....)))..,13,-5.23,18,0,0.000087
942,.(.((((.(((....)))))))..)..((...........))..((((......))))..........,14,-5.229,16,0,0.000087
943,...((((.(((....)))))))..(((((.(((((((.............)))))..)).)))))...,19,-5.227,22,0,0.000087
944,.(.((((.(((....)))))))..)...((....))........((((......)))).(.....)..,15,-5.227,20,0,0.000087
945,...((((.(((....)))))))..(((((......(.......)((((......))))..)))))...,17,-5.227,6,0,0.000086
946,.(.((((.(((....)))))))..)...((....))........((((......))))....(...).,15,-5.225,19,0,0.000086
947,...((((..((....)).))))....(((...(((...)))...((((......))))..))).....,16,-5.225,8,0,0.000086
948,...((((.(((....)))))))....(((...((.....))..((...))....)))...........,14,-5.224,21,0,0.000086
949,...((((..((....)).)))).((((((.(.............((((......))))).))))))..,17,-5.223,10,0,0.000086
950,...((((.(((....))))))).((((((......(((...))).(((......)))...))))))..,19,-5.222,14,0,0.000086
951,...((((((....))...))))..(((....(((.........(((((......)))))))))))...,17,-5.221,21,0,0.000086
952,...((((...........))))......((....)).........(((......)))...........,9,-5.221,25,0,0.000086
953,...(((((......))...)))......((....))........((((......))))..........,11,-5.221,27,0,0.000086
954,......(((....))).............(.(((.........(((((......)))))))).)....,12,-5.22,36,0,0.000086
955,...((((((....))))...))......((.(((.........(((((......))))))))...)).,16,-5.22,34,0,0.000086
956,...(((..(((....))).)))......((....))..(.(..(((((......)))))..).)....,15,-5.22,22,0,0.000085
957,.........(((((.(.....((((.......))))........((((......))))...).))))),14,-5.219,38,0,0.000085
958,...((((.(((....)))))))......((....))......(.((((......))))).........,14,-5.218,19,0,0.000085
959,...(((.............))).......(.(((.........(((((......)))))))).)....,12,-5.217,27,0,0.000085
960,...((((.(((....))))))).((((((....((......)).((((......))))..))))))..,19,-5.217,9,0,0.000085
961,...((((.(((....)))))))..(((((.((........((....)).........)).)))))...,16,-5.216,16,0,0.000085
962,...((((.(((....))))))).......(.(((.....((..((........))..))))).)....,15,-5.215,28,0,0.000085
963,...((((.(((....)))))))...((.....)).....((...((((......))))....))....,15,-5.215,14,0,0.000085
964,......(((....)))...(((.........)))..........((((......))))...(....).,11,-5.215,33,0,0.000085
965,...((((.((......))))))..(((((...((.....))...(((.((...)))))..)))))...,18,-5.215,7,0,0.000085
966,...((((.((......))))))..(((((...((.....))...((((.(...)))))..)))))...,18,-5.215,4,0,0.000085
967,.(.((((.(((....)))))))..).......(((...)))...((((......))))..(...)...,16,-5.213,13,0,0.000085
968,...((((.(((....)))))))..........(((...)))...(((........)))...(....).,14,-5.212,15,0,0.000084
969,......((......))....((.........))...........((((......))))..........,8,-5.211,31,0,0.000084
970,...((((.(((....)))))))..........((.....))...........................,9,-5.21,18,0,0.000084
971,...((((.((......))))))..(((((...(.......)...((((......))))..)))))...,16,-5.209,4,0,0.000084
972,...((((.(((....)))))))..(((((.((.(.(.................).).)).)))))...,16,-5.207,17,0,0.000084
973,...((((((....)))...)))......((.(((.........(((((......))))))))...)).,16,-5.206,32,0,0.000084
974,...((((.(((....)))))))..............((...)).((((......))))..........,13,-5.206,18,0,0.000084
975,...((((.(((....)))))))..(((((...((.....))..((((...)).)).....)))))...,18,-5.206,12,0,0.000084
976,...((((...........))))..(((((...((.....))..((........)).....)))))...,13,-5.206,16,0,0.000084
977,...((((.(((....)))))))..(...)...............((((......))))...(....).,13,-5.205,15,0,0.000083
978,...((((..((....)).))))..(((.((....))........((((......))))....)))...,15,-5.205,13,0,0.000083
979,...((((.(((....)))))))..........((.....))....(((......)))....(....).,13,-5.205,13,0,0.000083
980,...((((...........)))).........((..(((...)))((((......))))..))......,13,-5.205,27,0,0.000083
981,((.((((.(((....)))))))..))..((....))....(..(((((......)))))..)......,17,-5.204,21,0,0.000083
982,...((((..(......).)))).((((....(((.........(((((......))))))))))))..,17,-5.204,18,0,0.000083
983,...((((..((....)).))))...((.....))..........((((......))))...(....).,13,-5.204,17,0,0.000083
984,...((((.(((....))))))).((((((.((.(.((...((....))....)).).)).))))))..,20,-5.203,22,0,0.000083
985,...((((.(((....))))))).((((((......((.....))(((........)))..))))))..,18,-5.202,12,0,0.000083
986,..((((.....)).))...(((.........)))..........((((......))))..........,11,-5.202,33,0,0.000083
987,...((((...........))))..(((....(((.........((((........))))))))))...,14,-5.2,20,0,0.000083
988,...((((..((....)).))))..(((((...(((...)))..((........)).....)))))...,16,-5.2,14,0,0.000083
989,.....((((....))))....(((.........)))........((((......))))..........,11,-5.199,35,0,0.000083
990,...((((.(((....)))))))..(((((.((..(((.............)))....)).)))))...,17,-5.198,21,0,0.000082
991,...(((..(((....))).))).........(((.((.....))((((......)))).)))......,15,-5.198,22,0,0.000082
992,..(..((((....)))).).....(((....(((.........(((((......)))))))))))...,16,-5.195,30,0,0.000082
993,...((((.(((....)))))))......(...........)...((((......))))...(....).,13,-5.194,15,0,0.000082
994,...((((...........)))).((((.(...((.....))...((((......))))..).))))..,15,-5.193,10,0,0.000082
995,.(.((((.(((....)))))))..)...((....))........((((......))))..(...)...,15,-5.193,18,0,0.000082
996,...((((.(((....)))))))..((..(...((.....))...((((......))))..)..))...,16,-5.192,4,0,0.000082
997,...((((.(((....)))))))......((....))........(((........)))...(....).,13,-5.192,20,0,0.000082
998,...((((.(((....))))))).....................((........)).............,9,-5.191,24,0,0.000081
999,...((((.(((....)))))))..(((................(((((......)))))...)))...,15,-5.19,10,0,0.000081
1000,......(((....)))...(((..(...)..)))..........((((......))))..........,11,-5.189,32,0,0.000081
1001,...((((..((....)).)))).........(((.((.....)).(((......)))..)))......,14,-5.187,24,0,0.000081
1002,...((((..((....)).)))).((((.(...(((...)))...((((......))))..).))))..,18,-5.187,8,0,0.000081
1003,...((((((....))...))))......................((((......))))..........,10,-5.186,23,0,0.000081
1004,...((((...........)))).((((.................((((......))))....))))..,12,-5.184,16,0,0.000080
1005,...((((..((....)).)))).((.......))..........((((......))))..........,12,-5.184,17,0,0.000080
1006,...((((.(((....))))))).((((....(((.((.....)).(((......)))..)))))))..,19,-5.184,18,0,0.000080
1007,.(.((((..((....)).))))..)...((....))..(.(..(((((......)))))..).)....,16,-5.182,23,0,0.000080
1008,.(.((((.(((....)))))))....).....((.....))...((((......))))..........,14,-5.182,11,0,0.000080
1009,......(((....)))..((.......))...(((...)))...((((......))))..........,12,-5.182,29,0,0.000080
1010,...((((.((......))))))......((....))..(.(..(((((......)))))..).)....,15,-5.181,22,0,0.000080
1011,.(.((((...........))))..)...((....))....(..(((((......)))))..)......,13,-5.18,26,0,0.000080
1012,...((((.(((....)))))))......(......)..(.(..(((((......)))))..).)....,15,-5.179,18,0,0.000080
1013,...((((.(((....)))))))..(((....(((..(.....).((((......)))).))))))...,18,-5.177,12,0,0.000080
1014,.....((((....))))..............(((.........(((((......))))))))......,12,-5.176,35,0,0.000079
1015,...((((.(((....)))))))..((((...............(((((......)))))..))))...,16,-5.176,8,0,0.000079
1016,...((((...........)))).......(.(((.(((...)))((((......)))).))).)....,15,-5.176,29,0,0.000079
1017,...((((.(((....))))))).............(((...))).(((......)))...........,13,-5.175,22,0,0.000079
1018,...((((..(....)...))))..(((((...(((...)))...((((......))))..)))))...,17,-5.175,9,0,0.000079
1019,...((((.(((....)))))))....(..(.(((.........(((((......)))))))).))...,17,-5.173,19,0,0.000079
1020,...((((.(((....))))))).((((.............(..(((((......)))))..)))))..,17,-5.173,12,0,0.000079
1021,...((((.(((....)))))))..(...)...((.....))...(((........)))..........,13,-5.173,12,0,0.000079
1022,...((((.(((....)))))))..(((((...(((...)))..(((.....).)).....)))))...,18,-5.171,13,0,0.000079
1023,.....((((....))))....((((.......))))........((((......))))...(....).,13,-5.171,36,0,0.000079
1024,.(.((((((....))))...))..).......(((...)))...((((......))))..........,14,-5.171,26,0,0.000079
1025,...((((.(((....)))))))..(...)...((.....))...((((......)))).((...))..,16,-5.17,12,0,0.000079
1026,...((((.(((....)))))))....(.....).......((.(((((......)))))....))...,15,-5.17,17,0,0.000079
1027,...((((.(((....)))))))..(((........((.....))((((......))))....)))...,16,-5.17,12,0,0.000079
1028,.(.((((.(((....)))))))..)...((....))...(((..((((......)))).....)))..,17,-5.168,20,0,0.000078
1029,...((((.(((....))))))).((((((.(((((...)))..((........))..)).))))))..,20,-5.167,17,0,0.000078
1030,...((((((....))))...))..(((((...(((...)))...(((........)))..)))))...,17,-5.167,17,0,0.000078
1031,...((((.(((....)))))))..(((((...(.(...).)...((((......))))..)))))...,18,-5.165,4,0,0.000078
1032,...((((.(((....)))))))........(.....).......((((......))))..........,12,-5.165,16,0,0.000078
1033,...((((...........))))......................(((........)))..........,7,-5.165,22,0,0.000078
1034,...((((.(((....)))))))...((.....))..........((((......)))).(.....)..,14,-5.165,16,0,0.000078
1035,...((((.(((....)))))))..(((((...........))..((((......))))....)))...,16,-5.165,9,0,0.000078
1036,...((((.(((....)))))))....(((......((.....)).....)))................,12,-5.163,29,0,0.000078
1037,...((((.(((....)))))))..(...)..(((.(((...)))((((......)))).)))......,18,-5.163,22,0,0.000078
1038,...((((.(((....)))))))...((.....))..........((((......))))....(...).,14,-5.163,15,0,0.000078
1039,...(.((((((.(((......((((.......)))).........))).)).)))).)..........,14,-5.163,48,0,0.000078
1040,...((((.(((....))))))).....(((.(((.........((((........)))))))...))),17,-5.163,24,0,0.000078
1041,...((((...........))))......................((((......)))).((...))..,10,-5.162,22,0,0.000078
1042,......(((....))).....((((.......))))........(((........)))..........,10,-5.162,37,0,0.000078
1043,.(.((((.(((....)))))))..)...............((.(((((......)))))....))...,15,-5.162,18,0,0.000078
1044,...(((..(((....))).))).((((((...(((...)))...(((........)))..))))))..,18,-5.162,8,0,0.000078
1045,.(.((((..((....)).))))..)......(((.((.....))((((......)))).)))......,16,-5.16,23,0,0.000077
1046,......(((....))).....((((.......))))........((((......)))).((...))..,13,-5.159,37,0,0.000077
1047,..(..((((....)))).).........................((((......))))..........,9,-5.159,32,0,0.000077
1048,...((((.((......)))))).........(((.((.....))((((......)))).)))......,15,-5.159,22,0,0.000077
1049,...((((..((....)).))))..(((((((.....))......((((......))))..)))))...,17,-5.158,10,0,0.000077
1050,...((((..((....)).)))).......(....).........((((......))))..........,11,-5.158,18,0,0.000077
1051,.(.((((((....)))...)))..).......(((...)))...((((......))))..........,14,-5.157,24,0,0.000077
1052,...((((..((....)).))))..(((((...((.....)).(.((((......))))).)))))...,18,-5.154,4,0,0.000076
1053,............(((...........)))..(((.........(((((......))))))))......,11,-5.153,35,0,0.000076
1054,...((((((....)))...)))..(((((...(((...)))...(((........)))..)))))...,17,-5.153,15,0,0.000076
1055,...(((..(((....))).)))....(.....)...........((((......))))..........,11,-5.153,16,0,0.000076
1056,...((((((....))))...))......((....))....(..(((((......)))))..)......,14,-5.153,32,0,0.000076
1057,...((((.(.(....).)))))..(((((...(((...)))...((((......))))..)))))...,18,-5.152,4,0,0.000076
1058,...((((.(((....))))))).((((((...(((...)))...(((..(...).)))..))))))..,20,-5.151,8,0,0.000076
1059,...((((..((....)).)))).......................(((......)))...........,9,-5.151,18,0,0.000076
1060,.(.((((((....))))...))..)...((....))........((((......))))..........,13,-5.15,31,0,0.000076
1061,..((.((.....))))........(((((...((.....))...((((......))))..)))))...,15,-5.149,18,0,0.000076
1062,...((.(((....)))....)).........(((.........(((((......))))))))......,13,-5.149,31,0,0.000076
1063,...((((.(((....)))))))..(((((.((.(.........((...)).....).)).)))))...,17,-5.148,18,0,0.000076
1064,...(((..(((....))).)))..................(..(((((......)))))..)......,12,-5.148,18,0,0.000076
1065,...((((.(((....))))))).........(((.........(((..........))))))......,13,-5.147,22,0,0.000076
1066,...((((...........))))..(((((...((.....))...((..........))..)))))...,13,-5.147,10,0,0.000076
1067,.(.((((.(((....)))))))..).......((.....))...(((.((...)))))..........,15,-5.145,16,0,0.000075
1068,.(.((((.(((....)))))))..).......((.....))...((((.(...)))))..........,15,-5.145,13,0,0.000075
1069,.(.(((..(((....))).)))..)...................((((......))))..........,11,-5.145,17,0,0.000075
1070,...((((...........))))......((....))....(..(((((......)))))...).....,12,-5.141,25,0,0.000075
1071,...((((..((....)).))))..(((((...(((...)))...((..........))..)))))...,16,-5.14,8,0,0.000075
1072,...((((.(((....)))))))....(((..((..(((...)))..)).)))..(.(...).).....,17,-5.14,32,0,0.000075
1073,.(.((((.(((....)))))))..).......(.......)...((((......))))..........,13,-5.139,13,0,0.000075
1074,...((((((....)))...)))......((....))....(..(((((......)))))..)......,14,-5.139,30,0,0.000075
1075,...((((.(((....)))))))..(((((.((.(((...............))..).)).)))))...,17,-5.139,19,0,0.000075
1076,...((((.(....)....))))..(((((...((.....))...((((......))))..)))))...,16,-5.139,7,0,0.000075
1077,((.(..(((((........(((.........)))......)))))..).)).................,11,-5.139,45,0,0.000075
1078,...((((.(.....)...)))).........(((.........(((((......))))))))......,13,-5.139,25,0,0.000075
1079,.(.((((((....)))...)))..)...((....))........((((......))))..........,13,-5.136,29,0,0.000074
1080,...((((..((....)).)))).((((((...((.....))..((........)).....))))))..,16,-5.136,14,0,0.000074
1081,...((((.(((....)))))))..(((((...(.......)...(((........)))..)))))...,16,-5.136,4,0,0.000074
1082,...((((..((....)).)))).......(.((..((.....))((((......))))..)).)....,15,-5.135,22,0,0.000074
1083,.(.(..(((((..........((((.......))))....)))))..).)..................,11,-5.134,46,0,0.000074
1084,...((((..((....)).))))......((.(((.((.....))((((......)))).)))...)).,17,-5.132,25,0,0.000074
1085,......(((....)))...(((.........)))....(.(..(((((......)))))..).)....,13,-5.131,35,0,0.000074
1086,...((((..((....)).)))).((((....(((.........((((........)))))))))))..,17,-5.13,18,0,0.000074
1087,...((((.(((....)))))))...((.....))..........((((......))))..(...)...,14,-5.13,14,0,0.000074
1088,...((((..((....)).))))..(((((.......(.....).((((......))))..)))))...,16,-5.13,8,0,0.000074
1089,......(((....)))....((.........)).......(..(((((......)))))..)......,11,-5.129,34,0,0.000073
1090,...(((..(((....))).)))..(((.....(((...)))...((((......))))....)))...,16,-5.129,8,0,0.000073
1091,...((((.(........)))))..........((.....))...((((......))))..........,11,-5.128,14,0,0.000073
1092,.....(((......))).......(((((...((.....))...((((......))))..)))))...,14,-5.128,16,0,0.000073
1093,...((((.(((....))))))).............(((...)))((((......))))...(....).,15,-5.126,21,0,0.000073
1094,...((((.(((....)))))))..(((((...((.....))...((.(......).))..)))))...,17,-5.125,2,0,0.000073
1095,...((((.(((....))))))).((((((..((((...)))..)((((......))))..))))))..,21,-5.125,6,0,0.000073
1096,...(((..(((....))).)))..(...)..(((.........(((((......))))))))......,15,-5.123,20,0,0.000073
1097,...((((.((......)))))).((((((...(((...)))...(((........)))..))))))..,18,-5.123,8,0,0.000073
1098,...((((.(.......).)))).........(((.........(((((......))))))))......,13,-5.123,24,0,0.000073
1099,((.((((..((....)).))))..))...(.(((.........(((((......)))))))).)....,17,-5.123,23,0,0.000073
1100,...((((.(((....)))))))..(...).........(.(..(((((......)))))..).)....,15,-5.121,17,0,0.000072
1101,...((((.(((....))))))).........(((.........((((.(.....))))))))......,15,-5.121,21,0,0.000072
1102,....(((..((....)).)))..((((((...((.....))...((((......))))..))))))..,17,-5.121,6,0,0.000072
1103,...((((..((....)).))))..(((((..............(((((......))))).)))))...,16,-5.121,8,0,0.000072
1104,...((((...........))))..(((((...((.....))...(((.(.....))))..)))))...,15,-5.121,9,0,0.000072
1105,...((((.(((....)))))))..(((((...(((...)))...((..(.....).))..)))))...,18,-5.12,7,0,0.000072
1106,...((((...........)))).((((((..(...........)((((......))))..))))))..,15,-5.12,14,0,0.000072
1107,...((((..((....)).))))...((.....))....(.(..(((((......)))))..).)....,15,-5.12,19,0,0.000072
1108,...((((...........))))..((.((...(((...)))...((((......))))..)).))...,15,-5.12,10,0,0.000072
1109,...((((...........))))......((....))....((..((((......)))).....))...,12,-5.12,24,0,0.000072
1110,...((((.(((....)))))))..(((.((....))....(..(((((......)))))..))))...,18,-5.118,13,0,0.000072
1111,...((((..((....)).))))....(.....).......(..(((((......)))))..)......,13,-5.118,18,0,0.000072
1112,...((((...........))))...((.....))......(..(((((......)))))..)......,12,-5.117,22,0,0.000072
1113,...((((...........)))).........(((.........((((.((...)))))))))......,13,-5.115,29,0,0.000072
1114,...((((...........)))).........(((.........(((((.(...)))))))))......,13,-5.115,26,0,0.000072
1115,...((((.((......))))))....(.....)...........((((......))))..........,11,-5.115,16,0,0.000072
1116,...((((.(((....)))))))..........((.....))....(((......)))..((...))..,14,-5.115,14,0,0.000072
1117,...((((..((....)).))))..(((((...(((...)))...(((.(.....))))..)))))...,18,-5.114,7,0,0.000072
1118,...((((...........))))..(((((...(((...)))...((..((...)).))..)))))...,16,-5.114,15,0,0.000072
1119,...((((..((....)).))))(((.......))).........((((......))))..........,13,-5.113,19,0,0.000071
1120,...((((..(....)...)))).((((((...((.....))...((((......))))..))))))..,17,-5.111,9,0,0.000071
1121,...((((...........))))..(((((.(.((.....))...((((......))))).)))))...,16,-5.11,8,0,0.000071
1122,.(.((((..((....)).))))..)...............(..(((((......)))))..)......,13,-5.11,19,0,0.000071
1123,.(.((((.(((....)))))))..).......(((...)))....(((......)))...........,14,-5.11,15,0,0.000071
1124,...((((.((......))))))..................(..(((((......)))))..)......,12,-5.109,18,0,0.000071
1125,...((((...........)))).........(((..........((((......)))).)))......,11,-5.108,22,0,0.000071
1126,...((((.(((....)))))))......((....))..(.(..((((........))))..).)....,15,-5.108,22,0,0.000071
1127,...((((.(((....))))))).((((((...((.....))..(((.....).)).....))))))..,18,-5.108,13,0,0.000071
1128,...((((...........)))).................((...((((......))))....))....,10,-5.107,20,0,0.000071
1129,.(.((((.((......))))))..)...................((((......))))..........,11,-5.107,17,0,0.000071
1130,...((((.(((....)))))))...((.....)).....(((..((((......)))).....)))..,16,-5.105,16,0,0.000070
1131,...((((.(((....))))))).(((((................((((......))))...)))))..,16,-5.105,8,0,0.000070
1132,......(((....))).....((((.......))))...((...((((......))))....))....,13,-5.104,35,0,0.000070
1133,...((((..((....)).))))..(((((.(.(((...)))...((((......))))).)))))...,19,-5.104,6,0,0.000070
1134,...((((..((....)).))))..(...)...((.....))...((((......))))...(....).,14,-5.104,13,0,0.000070
1135,...((((((....))))...)).((((((...((.....))...(((........)))..))))))..,17,-5.103,17,0,0.000070
1136,...((.((......))....))..(((((...((.....))...((((......))))..)))))...,15,-5.1,12,0,0.000070
1137,...((((...(....)..)))).((((((...(((...)))...((((......))))..))))))..,18,-5.1,8,0,0.000070
1138,...((((..((....)).))))..(((((......((.....)).(((......)))...)))))...,16,-5.1,12,0,0.000070
1139,...((((...........))))..(.......)...........((((......))))..........,9,-5.099,20,0,0.000070
1140,.....((((....))))...............(((...)))...((((......))))..........,11,-5.099,29,0,0.000070
1141,...((((.(((....))))))).....................((...))..................,9,-5.098,25,0,0.000070
1142,.(.((((.(((....))))))).((((((...((.....))...((((......))))..))))))).,20,-5.096,4,0,0.000069
1143,...((((..((....)).)))).........(((.....((..((........))..)))))......,13,-5.093,29,0,0.000069
1144,...(((..(((....))).)))......((....))...((..(((((......)))))...))....,15,-5.093,21,0,0.000069
1145,...((((.(((....)))))))..(((((.((.(......((....)).......).)).)))))...,17,-5.092,16,0,0.000069
1146,...(((.............))).((((....(((.........(((((......))))))))))))..,15,-5.091,22,0,0.000069
1147,..((.((.....)))).......((((((...(((...)))...((((......))))..))))))..,17,-5.09,22,0,0.000069
1148,...((((.((......))))))..(((.....(((...)))...((((......))))....)))...,16,-5.09,8,0,0.000069
1149,...((((((....)))...))).((((((...((.....))...(((........)))..))))))..,17,-5.09,15,0,0.000069
1150,...((((.(((....))))))).((((....(((.....((..((........))..)))))))))..,18,-5.089,23,0,0.000069
1151,..(..((((....)))).)..((((.......))))....((.(((((......)))))....))...,16,-5.089,39,0,0.000069
1152,.(.((((.(((....)))))))..)...((....)).........(((......)))...........,13,-5.089,20,0,0.000069
1153,...((((..((....)).))))..........((.....))..((........)).............,10,-5.089,22,0,0.000069
1154,......(((....)))....((.....))..(((.........(((((......))))))))......,13,-5.088,35,0,0.000069
1155,...((((.(((....))))))).........(((.........(((((......))))))))(...).,16,-5.088,19,0,0.000068
1156,...((((((....))))...))...((.....))..........((((......))))..........,12,-5.088,27,0,0.000068
1157,...((((.(.(....).))))).((((((...((.....))...((((......))))..))))))..,18,-5.088,4,0,0.000068
1158,.....((((....))))....((((.......))))..(.(..(((((......)))))..).)....,15,-5.087,38,0,0.000068
1159,...((((.(((....)))))))..(...)......((.....))((((......))))..........,14,-5.087,18,0,0.000068
1160,...((((.(((....)))))))..........................((...)).............,9,-5.086,25,0,0.000068
1161,...((((.(((....)))))))..(((....(((........(.((((......)))))))))))...,18,-5.086,12,0,0.000068
1162,...((((.(((....))))))).........(((.((.....))(((........))).)))......,15,-5.086,22,0,0.000068
1163,...((((.(((....))))))).....((...........))..((((......))))...(....).,14,-5.086,16,0,0.000068
1164,...((((.((......))))))..(...)..(((.........(((((......))))))))......,15,-5.085,20,0,0.000068
1165,...((((.(((....)))))))...(.......)..........((((......))))..........,12,-5.084,14,0,0.000068
1166,...((((.(((....))))))).(...)....((.....))...((((......))))..........,14,-5.083,11,0,0.000068
1167,...(((..(((....))).)))...((((...((.....))...((((......))))..))))....,16,-5.081,4,0,0.000068
1168,...((((((....))))...))..(((((......(((...)))((((......))))..)))))...,18,-5.081,23,0,0.000068
1169,...((((.(((....)))))))..................((.(((((......))))..)..))...,14,-5.08,16,0,0.000068
1170,...((((...........))))..(((....((..((.....))((((......))))..)))))...,15,-5.079,19,0,0.000067
1171,((.((((.(((....)))))))..))......(((...)))...((((......))))...(....).,17,-5.079,15,0,0.000067
1172,.....((((....))))...........((....))........((((......))))..........,10,-5.078,34,0,0.000067
1173,...((((..((....)).)))).((((((...((.....))...((..........))..))))))..,16,-5.077,8,0,0.000067
1174,............(((...........)))...(((...)))...((((......))))..........,10,-5.076,29,0,0.000067
1175,...(((..(((....))).))).((((((......(((...)))((((......))))..))))))..,19,-5.075,14,0,0.000067
1176,..........((((.(...(((.........))).((.....))((((......))))...).)))).,14,-5.075,38,0,0.000067
1177,...((((((....)))...)))...((.....))..........((((......))))..........,12,-5.074,25,0,0.000067
1178,..(((((.(((....)))))))..)......(((.........(((((......))))))))......,16,-5.073,19,0,0.000067
1179,.(.((((.(((....)))))))..)......((..(((...)))((((......))))..))......,17,-5.073,22,0,0.000067
1180,...((((..((....)).))))..(((....((..(((...)))((((......))))..)))))...,18,-5.072,17,0,0.000067
1181,...(((..(((....))).)))..(((((...((.....))....(((......)))...)))))...,16,-5.072,4,0,0.000067
1182,...((((..((....)).))))....(((..((..((.....))..)).)))................,13,-5.072,32,0,0.000067
1183,...((.(((....)))....))..........(((...)))...((((......))))..........,12,-5.072,25,0,0.000067
1184,...((((.(((....))))))).......(.(((.(((...))).(((......)))..))).)....,17,-5.071,25,0,0.000067
1185,...((((..((....)).))))..................(..(((((......)))))...).....,12,-5.071,18,0,0.000067
1186,......(((....))).......((((((...((.....))...(((........)))..))))))..,14,-5.071,21,0,0.000066
1187,...((((((....))))...))..(((.....((.....))...((((......))))....)))...,15,-5.07,17,0,0.000066
1188,...((((.(((....)))))))..........(((...)))...((..........))..........,12,-5.07,16,0,0.000066
1189,...((((.(((....)))))))..(((((.((((.....))....(((......))))).)))))...,19,-5.069,5,0,0.000066
1190,.....(((......)))......((((((...(((...)))...((((......))))..))))))..,16,-5.069,20,0,0.000066
1191,...((((((....)))...)))..(((((......(((...)))((((......))))..)))))...,18,-5.067,21,0,0.000066
1192,...((((..((....)).))))..(((((.((.(.....................).)).)))))...,14,-5.067,17,0,0.000066
1193,...((((.(((....)))))))..(((.(...........)...((((......))))....)))...,15,-5.066,8,0,0.000066
1194,...((...............))..(((((...((.....))...((((......))))..)))))...,13,-5.066,10,0,0.000066
1195,...(((..(((....))).))).((((.....((.....))...((((......))))....))))..,16,-5.065,8,0,0.000066
1196,...((((.(((....))))))).........(((.....((..(((.....).))..)))))......,15,-5.065,28,0,0.000066
1197,...((((.(((....)))))))..(...)...((.....))...((((......)))).(.....)..,15,-5.065,12,0,0.000066
1198,..((..........))........(((((...(((...)))...((((......))))..)))))...,14,-5.064,18,0,0.000066
1199,...((((..((....)).))))..(((((...............((((......))))..)))))...,15,-5.064,6,0,0.000066
1200,...((((.(((....)))))))..........(((...)))..((...))....(.(...).).....,14,-5.064,23,0,0.000066
1201,...((((.(((....)))))))..(...)...((.....))...((((......))))....(...).,15,-5.063,11,0,0.000066
1202,...((((.(.....)...))))..........(((...)))...((((......))))..........,12,-5.061,19,0,0.000065
1203,...((((.(((....)))))))..........((.....))..(((.....).)).............,12,-5.061,21,0,0.000065
1204,((.((((.(((....)))))))..))..((....))........((((......))))...(....).,16,-5.058,20,0,0.000065
1205,...((((.(((....)))))))..((((..((.(.((...............)).).))..))))...,16,-5.057,21,0,0.000065
1206,...((((...........))))..(((((.((.............(((......))))).)))))...,14,-5.057,15,0,0.000065
1207,...((((((....)))...)))..(((.....((.....))...((((......))))....)))...,15,-5.057,15,0,0.000065
1208,...((((...........))))......................((((......)))).(.....)..,9,-5.057,22,0,0.000065
1209,...((((.(((....))))))).((((((...((.....))...((..(.....).))..))))))..,18,-5.056,7,0,0.000065
1210,...((((...........)))).(((.((...((.....))...((((......))))..)).)))..,15,-5.056,10,0,0.000065
1211,.(.((((..((....)).))))..)...((....))...((..(((((......)))))...))....,16,-5.055,22,0,0.000065
1212,...((((.(((....)))))))..(((((......((.....))(((.((...)))))..)))))...,19,-5.055,13,0,0.000065
1213,...((((.(((....)))))))..(((((......((.....))((((.(...)))))..)))))...,19,-5.055,10,0,0.000065
1214,...((((...........))))......................((((......))))....(...).,9,-5.055,21,0,0.000065
1215,...((((.((......))))))......((....))...((..(((((......)))))...))....,15,-5.054,21,0,0.000065
1216,...((((.(((....))))))).......((.....))..((.(((((......)))))....))...,16,-5.054,21,0,0.000065
1217,.(.((((...........))))..).......(((...)))...((((......))))...(....).,13,-5.054,20,0,0.000065
1218,......(((....))).....((((.......))))........((((......)))).(.....)..,12,-5.054,37,0,0.000065
1219,...((((.(((....)))))))......(......)...((..(((((......)))))...))....,15,-5.052,17,0,0.000064
1220,......(((....))).....((((.......))))........((((......))))....(...).,12,-5.052,36,0,0.000064
1221,...((.(((....)))....))......((....))........((((......))))..........,11,-5.051,30,0,0.000064
1222,...((((..((....)).)))).((((((...((.....))...(((.(.....))))..))))))..,18,-5.051,7,0,0.000064
1223,...((((...........)))).((((((...((.....))...((..((...)).))..))))))..,16,-5.05,15,0,0.000064
1224,...((((..((....)).))))..................((..((((......)))).....))...,12,-5.05,17,0,0.000064
1225,...((((..((....)).)))).(((.((...(((...)))...((((......))))..)).)))..,18,-5.05,8,0,0.000064
1226,...((((.(((....))))))).....(((.(((.........(((((......)))))))).)..)),18,-5.05,21,0,0.000064
1227,...((((...........)))).((((....(((.(((...)))((((......)))).)))))))..,18,-5.049,24,0,0.000064
1228,...((((.(((....)))))))......((....))........((..........))..........,11,-5.049,21,0,0.000064
1229,...((((.(((....)))))))..(((((.((.(.((.............))...).)).)))))...,17,-5.049,19,0,0.000064
1230,...((((.(((....)))))))..(((((...((.....))..((...))..........)))))...,16,-5.048,11,0,0.000064
1231,...((((.(((....))))))).((((((.((.((((...((....))..)))..).)).))))))..,21,-5.046,24,0,0.000064
1232,...(((..(((....))).)))..(...)...(((...)))...((((......))))..........,14,-5.046,14,0,0.000064
1233,...((((.(.......).))))..........(((...)))...((((......))))..........,12,-5.046,18,0,0.000064
1234,...((((((....))...)))).......(.(((.........(((((......)))))))).)....,15,-5.045,28,0,0.000064
1235,...((((.(((....)))))))......((.((..(((...)))((((......))))..))...)).,18,-5.045,24,0,0.000064
1236,...((((..((....)).))))..(((((.((((.....))..((........))..)).)))))...,17,-5.045,15,0,0.000064
1237,...((((.(((....)))))))..........(((...)))...(((.(.....))))..........,14,-5.044,15,0,0.000064
1238,...((((..((....)).)))).((((((...(((...)))...((..((...)).))..))))))..,19,-5.044,13,0,0.000064
1239,.(.((((.(((....)))))))..)....(.(((.(((...)))((((......)))).))).)....,19,-5.044,24,0,0.000064
1240,...((((.(((....)))))))......((....)).......((...))....(.(...).).....,13,-5.043,28,0,0.000063
1241,...((((.(((....)))))))......((....))...((..((........))..)).........,13,-5.043,28,0,0.000063
1242,...((((.((......))))))...((((...((.....))...((((......))))..))))....,16,-5.043,4,0,0.000063
1243,...(((..((......)).)))..........((.....))...((((......))))..........,11,-5.042,14,0,0.000063
1244,...((((...........)))).((((((.((.(.((...............)).).)).))))))..,15,-5.041,27,0,0.000063
1245,...((((.(((....)))))))....(.....)...........(((........)))..........,11,-5.041,16,0,0.000063
1246,...((((.(.....)...))))......((....))........((((......))))..........,11,-5.041,24,0,0.000063
1247,...((((.(((....))))))).....(((.((..((.....))((((......))))..))...))),18,-5.041,23,0,0.000063
1248,...((((..((....)).)))).((((((.(.((.....))...((((......))))).))))))..,19,-5.04,6,0,0.000063
1249,...((((.(((....)))))))....(.....)...........((((......)))).((...))..,14,-5.039,16,0,0.000063
1250,...((((...........))))..........(((...)))...(((.((...)))))..........,12,-5.038,23,0,0.000063
1251,...((((...........))))..........(((...)))...((((.(...)))))..........,12,-5.038,20,0,0.000063
1252,...(((..(((....))).))).......((.....))......((((......))))..........,12,-5.038,20,0,0.000063
1253,...((((.((......)))))).((((((......(((...)))((((......))))..))))))..,19,-5.037,14,0,0.000063
1254,..(..((((....)))).)..((.(((((...(((...)))...((((......))))..))))))).,19,-5.037,23,0,0.000063
1255,..(..((((....)))).)..(.((((((...(((...)))...((((......))))..))))))).,19,-5.037,23,0,0.000063
1256,...((((.(((....)))))))..(((((...((.....)).......((...)).....)))))...,16,-5.036,11,0,0.000063
1257,...((((.(((....)))))))..................(..((((........))))..)......,12,-5.036,18,0,0.000063
1258,...((((..((....)).))))..(((((.((.((((.............)))..).)).)))))...,17,-5.035,23,0,0.000063
1259,.(.(..(((((........(((.........)))......)))))..).)....(.(...).).....,12,-5.034,43,0,0.000063
1260,...((((.((......))))))..(((((...((.....))....(((......)))...)))))...,16,-5.034,4,0,0.000062
1261,.(.((((...........))))..)...((....))........((((......))))...(....).,12,-5.033,25,0,0.000062
1262,.(.((((.(((....)))))))..)...................(((........)))..........,11,-5.033,17,0,0.000062
1263,..((..........))...(((.........)))..........((((......))))..........,9,-5.033,31,0,0.000062
1264,...((((.(((....)))))))..(((.....((.........(((((......))))))).)))...,17,-5.032,11,0,0.000062
1265,...((((.(((....)))))))..(((((.(.....).......((((......))))..)))))...,17,-5.032,6,0,0.000062
1266,.(...(((......))).)..((((.......))))........((((......))))..........,12,-5.032,35,0,0.000062
1267,((.((((...........))))..))..................((((......))))..........,10,-5.031,22,0,0.000062
1268,.(.((((.(((....)))))))..)...................((((......)))).((...))..,14,-5.03,17,0,0.000062
1269,...((((.(((....)))))))..(...)...((.....))...((((......))))..(...)...,15,-5.03,10,0,0.000062
1270,...((((..((....)).))))..(((((...((.....))...(((..(...).)))..)))))...,17,-5.029,6,0,0.000062
1271,...((((((....))))...))..........(((...)))...((((......))))...(....).,14,-5.027,26,0,0.000062
1272,...((((.(((....)))))))...((.....))...........(((......)))...........,12,-5.027,16,0,0.000062
1273,...((((.(((....))))))).((((((.((.(.........((........))).)).))))))..,18,-5.027,19,0,0.000062
1274,...((((.((......)))))).((((.....((.....))...((((......))))....))))..,16,-5.027,8,0,0.000062
1275,...((((.(((....)))))))........((((.........(((((......)))))))).)....,16,-5.026,19,0,0.000062
1276,...((((.(((....)))))))........((((.........(((((......))))))).))....,16,-5.026,19,0,0.000062
1277,...((((.(.......).))))......((....))........((((......))))..........,11,-5.025,23,0,0.000062
1278,...((((...........)))).......(.(((.........((((........))))))).)....,12,-5.024,27,0,0.000061
1279,...((((.(((....)))))))......((....))........(((.(.....))))..........,13,-5.023,20,0,0.000061
1280,...((((.(((....)))))))....(((....................)))..(.(...).).....,12,-5.023,25,0,0.000061
1281,...((((...........))))......................((((......))))..(...)...,9,-5.022,20,0,0.000061
1282,...((((.(((....))))))).((((..((.....))......((((......))))....))))..,17,-5.022,14,0,0.000061
1283,.(.((((.(((....)))))))....)....(((.........(((((......))))))))......,16,-5.02,19,0,0.000061
1284,......(((....))).....((((.......))))........((((......))))..(...)...,12,-5.019,35,0,0.000061
1285,..(..((((....)))).)..........(.(((.........(((((......)))))))).)....,14,-5.018,37,0,0.000061
1286,...((((..((....)).))))......((....))..(.(...((((......))))...).)....,14,-5.018,20,0,0.000061
1287,...(((..(((....))).)))......((....))...(((.(((((......)))))....)))..,16,-5.018,23,0,0.000061
1288,...((((...........))))......((....))........(((.((...)))))..........,11,-5.017,28,0,0.000061
1289,...((((...........))))......((....))........((((.(...)))))..........,11,-5.017,25,0,0.000061
1290,...((((.(((....)))))))....((....((.....)).))((((......))))..........,15,-5.017,12,0,0.000061
1291,...((((((....))))...)).((((((......((.....))((((......))))..))))))..,18,-5.017,23,0,0.000061
1292,...((((.(((....)))))))..(((.....(((...)))...(((........)))....)))...,16,-5.017,8,0,0.000061
1293,...((((.(((....)))))))..(((((.((((.....))..(((.....).))..)).)))))...,19,-5.016,14,0,0.000061
1294,...((((.(((....))))))).((((((..(.(.......).)((((......))))..))))))..,19,-5.016,9,0,0.000061
1295,...((((...........))))......((....))....(...((((......))))...)......,11,-5.016,23,0,0.000061
1296,...(((..(((....))).)))..(((((...(((...)))...(((.((...)))))..)))))...,19,-5.014,9,0,0.000060
1297,...(((..(((....))).)))..(((((...(((...)))...((((.(...)))))..)))))...,19,-5.014,6,0,0.000060
1298,...((((((....)))...)))..........(((...)))...((((......))))...(....).,14,-5.013,24,0,0.000060
1299,((...((((....)))).))...((((((...((.....))...((((......))))..))))))..,18,-5.013,21,0,0.000060
1300,...((((.(((....)))))))..(((((.((.((((......((...)))))..).)).)))))...,20,-5.013,24,0,0.000060
1301,...((((.(((....)))))))..(...)..(((.........((((........)))))))......,15,-5.012,20,0,0.000060
1302,......(((....)))....((.....))...(((...)))...((((......))))..........,12,-5.011,29,0,0.000060
1303,...((((..((....)).))))...(..((....)).)......((((......))))..........,13,-5.009,20,0,0.000060
1304,...((((.(((....)))))))..........((.....))....(((......)))..(.....)..,13,-5.009,14,0,0.000060
1305,.(.((((.(((....)))))))..)...((....))....(..(((((......)))))...).....,16,-5.009,20,0,0.000060
1306,...((((..((....)).)))).((((....((..((.....))((((......))))..))))))..,18,-5.009,17,0,0.000060
1307,...((((.((......))))))..(...)...(((...)))...((((......))))..........,14,-5.008,14,0,0.000060
1308,...((((..((....)).))))..((.....(((.........(((((......)))))))).))...,16,-5.006,16,0,0.000060
1309,...((((.(((....)))))))..((((..(.............((((......)))))..))))...,16,-5.006,8,0,0.000060
1310,...((((((....))))...))......((....))........((((......))))...(....).,13,-5.006,31,0,0.000060
1311,...((((.(.(....)).))))..(((((...((.....))...((((......))))..)))))...,17,-5.006,4,0,0.000060
1312,.(.((((..(......).))))..).......((.....))...((((......))))..........,12,-5.005,15,0,0.000059
1313,.(.((((...........))))..)..(((.(((.........(((((......))))))))...))),16,-5.004,29,0,0.000059
1314,.(.(((..(((....))).)))..)....(.(((.........(((((......)))))))).)....,16,-5.004,22,0,0.000059
1315,......(((....)))...(((.........))).....((..(((((......)))))...))....,13,-5.004,34,0,0.000059
1316,...((((((....)))...))).((((((......((.....))((((......))))..))))))..,18,-5.003,21,0,0.000059
1317,...((((..((....)).)))).......((.....))..(..(((((......)))))..)......,14,-5.003,22,0,0.000059
1318,...((((..((....)).))))..(((((..(((.....))..)((((......))))..)))))...,18,-5.002,4,0,0.000059
1319,...((((.(((....)))))))..........((.....))...(((.((...)))))...(....).,15,-5.001,16,0,0.000059
1320,...((((.(((....)))))))..........((.....))...((((.(...)))))...(....).,15,-5.001,13,0,0.000059
1321,...(((..(((....))).)))......................((((......))))...(....).,11,-5.001,17,0,0.000059
1322,...((((..(......).))))..(((((...((.....))...(((........)))..)))))...,15,-5.001,6,0,0.000059
1323,...((((.(((....))))))).......(.(((..(.....).((((......)))).))).)....,16,-5.0,19,0,0.000059
1324,.(.((((..((....)).))))..)....((.....))......((((......))))..........,13,-5.0,21,0,0.000059
1325,...((((.((......)))))).......((.....))......((((......))))..........,12,-4.999,20,0,0.000059
1326,...((((...........)))).................(((..((((......)))).....)))..,11,-4.997,22,0,0.000059
1327,...((((.(((....)))))))..(((((.(......)......((((......))))..)))))...,17,-4.996,6,0,0.000059
1328,...(((((......)...)))).((((((...(((...)))...((((......))))..))))))..,18,-4.996,12,0,0.000059
1329,...((((..((....)).))))..........((.....))..((...))..................,10,-4.996,23,0,0.000059
1330,..(((((.(((....)))))))..).......(((...)))...((((......))))..........,15,-4.996,13,0,0.000059
1331,...((((.(((....)))))))..........(.......)...((((......))))...(....).,13,-4.996,13,0,0.000059
1332,...((((.(((....)))))))..........((.....)).(.((((......))))).........,14,-4.995,12,0,0.000059
1333,...((((.(((....)))))))..(...)..........((..(((((......)))))...))....,15,-4.995,16,0,0.000058
1334,......(((....))).....((((.......))))...(((..((((......)))).....)))..,14,-4.994,37,0,0.000058
1335,..........((((.(...(((.........)))..........((((......))))...).)))).,12,-4.994,34,0,0.000058
1336,.(.((((.(((....)))))))..(((((...(((...)))...((((......))))..))))).).,20,-4.993,4,0,0.000058
1337,...((((..((....)).))))...((.....)).....((..(((((......)))))...))....,15,-4.993,18,0,0.000058
1338,...((((((....)))...)))......((....))........((((......))))...(....).,13,-4.993,29,0,0.000058
1339,...((((...........))))....(((...(((...)))...((((......))))..))).....,14,-4.992,12,0,0.000058
1340,.....((((....))))......((((....(((.........(((((......))))))))))))..,16,-4.992,31,0,0.000058
1341,...((((...........)))).((((((.(.............((((......))))).))))))..,15,-4.99,14,0,0.000058
1342,...((((.(((....)))))))..(((....(((.........(((..((...)).)))))))))...,18,-4.989,19,0,0.000058
1343,...((((((....))))...))..(...)...((.....))...((((......))))..........,13,-4.988,23,0,0.000058
1344,.(.((((.(((....)))))))..)...((....))....((..((((......)))).....))...,16,-4.988,19,0,0.000058
1345,...((((.(((....)))))))....(((..((..((.....))..)).)))....(...).......,15,-4.987,30,0,0.000058
1346,...((((..((....)).)))).((((((.((.............(((......))))).))))))..,17,-4.987,13,0,0.000058
1347,...((((..((....)).))))..((((....((.........(((((......)))))))))))...,17,-4.986,11,0,0.000058
1348,...((((.(((....)))))))....(((...(((...)))..((...))....)))...........,15,-4.985,23,0,0.000058
1349,......(((....))).......((((((......((.....))((((......))))..))))))..,15,-4.985,27,0,0.000058
1350,...((((..((....)).))))..........((.....)).......((...)).............,10,-4.984,23,0,0.000057
1351,.(.((((.(((....)))))))..)......(((.........((((.((...)))))))))......,17,-4.983,24,0,0.000057
1352,.(.((((.(((....)))))))..)......(((.........(((((.(...)))))))))......,17,-4.983,21,0,0.000057
1353,...((((.(((....)))))))....(.....)......((...((((......))))....))....,14,-4.983,14,0,0.000057
1354,...((((..((....)).))))..(((....(((.........((((.((...))))))))))))...,18,-4.983,19,0,0.000057
1355,...((((..((....)).))))..(((....(((.........(((((.(...))))))))))))...,18,-4.983,16,0,0.000057
1356,......(((....)))....((.........))...........((((......))))...(....).,10,-4.983,33,0,0.000057
1357,..((..(.....).)).....((((.......))))........((((......))))..........,11,-4.982,35,0,0.000057
1358,...((((.(((....)))))))......((....))...((..((((........))))...))....,15,-4.981,21,0,0.000057
1359,.(.((((..((....)).))))..)...((....))...(((.(((((......)))))....)))..,17,-4.98,24,0,0.000057
1360,...((((.((......))))))......((....))...(((.(((((......)))))....)))..,16,-4.98,23,0,0.000057
1361,......((......))................((.....))...((((......))))..........,8,-4.979,26,0,0.000057
1362,...((((.(((....)))))))......(......)...(((.(((((......)))))....)))..,16,-4.977,19,0,0.000057
1363,...((((((....))))...)).....(((.(((.........(((((......))))))))...))),17,-4.977,35,0,0.000057
1364,.(.((((.(((....)))))))..)......(((..........((((......)))).)))......,15,-4.976,17,0,0.000057
1365,...((((.((......))))))..(((((...(((...)))...(((.((...)))))..)))))...,19,-4.976,9,0,0.000057
1366,...((((.((......))))))..(((((...(((...)))...((((.(...)))))..)))))...,19,-4.976,6,0,0.000057
1367,...((((..((....)).))))..(((....(((..........((((......)))).))))))...,16,-4.976,12,0,0.000057
1368,..(((((.(((....)))))))..)...((....))........((((......))))..........,14,-4.975,18,0,0.000057
1369,.(.((((.(((....)))))))..)..............((...((((......))))....))....,14,-4.975,15,0,0.000057
1370,...((((((....)))...)))..(...)...((.....))...((((......))))..........,13,-4.974,21,0,0.000056
1371,((.((((.(((....)))))))..))..((....))..(.(..(((((......)))))..).)....,18,-4.974,22,0,0.000056
1372,...((((...........))))..(((.((....))........((((......))))....)))...,13,-4.973,17,0,0.000056
1373,...((((.(((....)))))))....(((..(...............).)))................,11,-4.972,26,0,0.000056
1374,...((((..((....)).))))....(.....)...........((((......))))...(....).,12,-4.972,17,0,0.000056
1375,...((((.(((....)))))))..........(((...)))...........................,10,-4.971,20,0,0.000056
1376,...((((...........))))...((.....))..........((((......))))...(....).,11,-4.971,21,0,0.000056
1377,.(...((((....)))).).............((.....))...((((......))))..........,11,-4.971,28,0,0.000056
1378,..((((.....)).))....((.........))...........((((......))))..........,10,-4.97,33,0,0.000056
1379,...((((.(((....)))))))..(.......).......(..(((((......)))))..)......,14,-4.97,16,0,0.000056
1380,...((((.(((....))))))).((((((.((...........((...)).......)).))))))..,17,-4.969,20,0,0.000056
1381,...((((.(((....)))))))...((((...((.....))...(((........)))..))))....,16,-4.969,4,0,0.000056
1382,...(((..(((....))).)))..........((.....))...(((........)))..........,11,-4.969,14,0,0.000056
1383,...(((((......)))...))..(((....(((.........(((((......)))))))))))...,16,-4.967,24,0,0.000056
1384,...((((.(((....)))))))..(((((...(((...)))..((((...)).)).....)))))...,19,-4.967,14,0,0.000056
1385,...((((...........))))..(((((...(((...)))..((........)).....)))))...,14,-4.967,18,0,0.000056
1386,...((((.(........))))).........(((.........(((((......))))))))......,13,-4.967,22,0,0.000056
1387,...(((..(((....))).)))..........((.....))...((((......)))).((...))..,14,-4.966,14,0,0.000056
1388,...((((.(((....)))))))..........(((...)))....(((......)))....(....).,14,-4.966,15,0,0.000056
1389,.(.((((.((......))))))..)....(.(((.........(((((......)))))))).)....,16,-4.966,22,0,0.000056
1390,...((((.(((....)))))))......((.............(((((......)))))......)).,14,-4.965,19,0,0.000056
1391,...((((.(((....)))))))......................((((......)))).(...)....,12,-4.964,15,0,0.000056
1392,...((((.(((....))))))).((((((......(((...)))(((........)))..))))))..,19,-4.964,14,0,0.000055
1393,...((((((....)))...))).....(((.(((.........(((((......))))))))...))),17,-4.964,33,0,0.000055
1394,.(.((((..((....)).))))..)...................((((......))))...(....).,12,-4.963,18,0,0.000055
1395,...((((.((......))))))......................((((......))))...(....).,11,-4.963,17,0,0.000055
1396,.....((((....))))....((((.......))))...((..(((((......)))))...))....,15,-4.961,37,0,0.000055
1397,..(..((((....)))).)..((((.......))))........(((........)))..........,12,-4.96,38,0,0.000055
1398,...((((.(((....)))))))..(((((...((.....))....((........))...)))))...,16,-4.96,4,0,0.000055
1399,...(((..(((....))).))).........(((.(((...)))((((......)))).)))......,16,-4.959,24,0,0.000055
1400,...((((.(((....)))))))..........((.....))...(((..(...).)))..........,13,-4.959,14,0,0.000055
1401,......((......)).....((((.......))))....(..(((((......)))))..)......,12,-4.959,36,0,0.000055
1402,..(..((((....)))).)..((((.......))))........((((......)))).((...))..,15,-4.958,38,0,0.000055
1403,......(((....)))....((..(...)..))...........((((......))))..........,10,-4.957,32,0,0.000055
1404,...((((((....))))...))..(((((...((.....))...(((.((...)))))..)))))...,18,-4.956,18,0,0.000055
1405,...((((((....))))...))..(((((...((.....))...((((.(...)))))..)))))...,18,-4.956,15,0,0.000055
1406,...((((.(((....)))))))......((.(((.........((((.((...)))))))))...)).,18,-4.955,26,0,0.000055
1407,...((((.(((....)))))))......((.(((.........(((((.(...)))))))))...)).,18,-4.955,23,0,0.000055
1408,...((((...........)))).........(((.((.....)).(((......)))..)))......,12,-4.955,28,0,0.000055
1409,...((((...........)))).((((.(...(((...)))...((((......))))..).))))..,16,-4.955,12,0,0.000055
1410,...(((((......))...)))..(((....(((.........(((((......)))))))))))...,16,-4.954,22,0,0.000055
1411,...((((.(((....)))))))..((..(...(((...)))...((((......))))..)..))...,17,-4.954,6,0,0.000055
1412,...((((.(((....)))))))......((....))...((..(((((......))))..).))....,16,-4.954,18,0,0.000055
1413,...((((.(((....)))))))......................((..((...)).))..........,11,-4.953,21,0,0.000055
1414,...((((.(((....))))))).((((.....((.....))...(((........)))....))))..,16,-4.953,8,0,0.000055
1415,((.((((.(((....)))))))..)).....(((.((.....))((((......)))).)))......,18,-4.952,22,0,0.000054
1416,...((((...........)))).((.......))..........((((......))))..........,10,-4.951,21,0,0.000054
1417,...((((.(((....)))))))......((....))................................,9,-4.951,25,0,0.000054
1418,...((((.(((....))))))).((((((.((.(.(((..((....))...))).).)).))))))..,21,-4.95,24,0,0.000054
1419,...(((..(((....))).))).((((((...((.....))...(((.((...)))))..))))))..,19,-4.95,9,0,0.000054
1420,...(((..(((....))).))).((((((...((.....))...((((.(...)))))..))))))..,19,-4.95,6,0,0.000054
1421,.(...((((....)))).)..((((.......))))....(..(((((......)))))..)......,15,-4.95,38,0,0.000054
1422,...((((((....))))...))..(((((...(.......)...((((......))))..)))))...,16,-4.95,15,0,0.000054
1423,.(.((((...........))))..)...((....))..(.(..(((((......)))))..).)....,14,-4.949,27,0,0.000054
1424,...((((..((....)).)))).........(((.(((...))).(((......)))..)))......,15,-4.948,26,0,0.000054
1425,...((((.(((....)))))))..(.(((...((.....))...((((......))))..))).)...,17,-4.948,2,0,0.000054
1426,...((.(.(((....)))).))..(((((...((.....))...((((......))))..)))))...,17,-4.948,2,0,0.000054
1427,...((((.(((....)))))))......((.(((..........((((......)))).)))...)).,16,-4.948,19,0,0.000054
1428,...((((..((....)).))))......................(((.((...)))))..........,11,-4.948,21,0,0.000054
1429,...((((..((....)).))))......................((((.(...)))))..........,11,-4.948,18,0,0.000054
1430,...((((.(((....)))))))....(((..(...((.....))...).)))................,13,-4.947,30,0,0.000054
1431,...((((.(((....)))))))...((.....))......(..(((((......)))))...).....,15,-4.947,16,0,0.000054
1432,...((((..((....)).))))..................(...((((......))))...)......,11,-4.946,16,0,0.000054
1433,...((((.(((....)))))))......((....)).........(((......)))....(....).,13,-4.945,20,0,0.000054
1434,...(((..(((....))).))).((((((...(.......)...((((......))))..))))))..,17,-4.945,6,0,0.000054
1435,...((((.(((....))))))).((((....(((.(((...))).(((......)))..)))))))..,20,-4.945,20,0,0.000054
1436,.(.((((.(((....)))))))....).....(((...)))...((((......))))..........,15,-4.943,13,0,0.000054
1437,...((((((....)))...)))..(((((...((.....))...(((.((...)))))..)))))...,18,-4.942,16,0,0.000054
1438,...((((((....)))...)))..(((((...((.....))...((((.(...)))))..)))))...,18,-4.942,13,0,0.000054
1439,....(((..((....)).)))...(((((...((.....))...((((......))))..)))))...,16,-4.941,4,0,0.000053
1440,.(...(((......))).)....((((((...((.....))...((((......))))..))))))..,16,-4.94,19,0,0.000053
1441,...((((..((....)).))))..(((((.((.(.(((.............))).).)).)))))...,17,-4.939,23,0,0.000053
1442,...((((.(((....)))))))..(((....(((..((...)).((((......)))).))))))...,19,-4.938,14,0,0.000053
1443,...((((.(((....)))))))........(......)......((((......))))..........,12,-4.937,16,0,0.000053
1444,...((((.(((....)))))))......((....))....((....))....................,11,-4.937,26,0,0.000053
1445,...((((((....)))...)))..(((((...(.......)...((((......))))..)))))...,16,-4.937,13,0,0.000053
1446,..(..((((....)))).).((.........))...........((((......))))..........,11,-4.936,33,0,0.000053
1447,...((((.(((....)))))))..(...)...(((...)))...(((........)))..........,14,-4.934,14,0,0.000053
1448,...((((.(((....)))))))..(((((....(........).((((......))))..)))))...,17,-4.933,5,0,0.000053
1449,...((((.(((....)))))))....(.....)...........((((......)))).(.....)..,13,-4.933,16,0,0.000053
1450,...((((..((....)).))))......((....))....(...((((......))))....).....,13,-4.932,19,0,0.000053
1451,...(((((......)))...))......................((((......))))..........,9,-4.932,26,0,0.000053
1452,...((((.(((....)))))))..(...)...(((...)))...((((......)))).((...))..,17,-4.932,14,0,0.000053
1453,.(.((((..((....)).))))..).......((.....))...(((........)))..........,12,-4.931,15,0,0.000053
1454,...((((.(((....)))))))....(.....)...........((((......))))....(...).,13,-4.931,15,0,0.000053
1455,...((((.(((....)))))))..(((........(((...)))((((......))))....)))...,17,-4.931,14,0,0.000052
1456,...((((.((......))))))..........((.....))...(((........)))..........,11,-4.931,14,0,0.000052
1457,......(((....)))...(((.........))).((.....))((((......))))..........,12,-4.93,36,0,0.000052
1458,......(((....)))...(((.........))).....(((.(((((......)))))....)))..,14,-4.929,36,0,0.000052
1459,...((((.(((....))))))).........(((.........((...)).........)))......,12,-4.929,27,0,0.000052
1460,.(.((((..((....)).))))..).......((.....))...((((......)))).((...))..,15,-4.928,15,0,0.000052
1461,...((((.((......))))))..........((.....))...((((......)))).((...))..,14,-4.928,14,0,0.000052
1462,.(.((((...........))))..)......(((.((.....))((((......)))).)))......,14,-4.927,27,0,0.000052
1463,...((((.(((....)))))))..(...)...((.....))....(((......)))...........,13,-4.927,12,0,0.000052
1464,...((((.(((....))))))).......((.....))......(((........)))..........,12,-4.926,20,0,0.000052
1465,...((((.(((....)))))))...((.....))......((..((((......)))).....))...,15,-4.926,15,0,0.000052
1466,...((((...........))))..(((((((.....))......((((......))))..)))))...,15,-4.926,14,0,0.000052
1467,...((((...........)))).......(....).........((((......))))..........,9,-4.925,22,0,0.000052
1468,...((((.(((....)))))))....(((......(((...))).....)))................,13,-4.925,31,0,0.000052
1469,.(.((((.(((....)))))))..)...................((((......)))).(.....)..,13,-4.925,17,0,0.000052
1470,...((((.(((....))))))).((((((.(((((((.............)))))..)).))))))..,20,-4.924,24,0,0.000052
1471,...((((.(((....)))))))..(((((.......(....)..((((......))))..)))))...,17,-4.924,6,0,0.000052
1472,...((((.(((....))))))).((((((......(.......)((((......))))..))))))..,18,-4.924,8,0,0.000052
1473,...((((.(((....))))))).......((.....))......((((......)))).((...))..,15,-4.923,20,0,0.000052
1474,.(.((((.(((....)))))))..)...................((((......))))....(...).,13,-4.923,16,0,0.000052
1475,...((((((....))))...))......((....))..(.(..(((((......)))))..).)....,15,-4.922,33,0,0.000052
1476,...((((.(((....))))))).(...)...(((.........(((((......))))))))......,16,-4.922,19,0,0.000052
1477,.(.((((..((....)).))))..)......(((.(((...)))((((......)))).)))......,17,-4.921,25,0,0.000052
1478,...((((...........))))..(((((...((.....)).(.((((......))))).)))))...,16,-4.921,8,0,0.000052
1479,...((((.((......)))))).........(((.(((...)))((((......)))).)))......,16,-4.921,24,0,0.000052
1480,...((((.(((....)))))))..(...)..........(((.(((((......)))))....)))..,16,-4.92,18,0,0.000052
1481,...((((..((....)).))))...((.....)).((.....))((((......))))..........,14,-4.919,20,0,0.000051
1482,...((((((....))...)))).((((....(((.........(((((......))))))))))))..,18,-4.919,23,0,0.000051
1483,...((((...........)))).......................(((......)))...........,7,-4.919,22,0,0.000051
1484,...(((((......))...)))......................((((......))))..........,9,-4.918,24,0,0.000051
1485,...((((..((....)).))))...((.....)).....(((.(((((......)))))....)))..,16,-4.918,20,0,0.000051
1486,...(((..(((....))).)))................(.(..(((((......)))))..).)....,13,-4.917,19,0,0.000051
1487,......(((....))).....((((.......)))).........(((......)))...........,10,-4.916,37,0,0.000051
1488,...((((.(((....)))))))....................(.((((......))))).........,12,-4.916,16,0,0.000051
1489,...((((..(......).))))..(((((......((.....))((((......))))..)))))...,16,-4.915,12,0,0.000051
1490,...((((.(((....)))))))..(((((.((...((...............))...)).)))))...,16,-4.915,19,0,0.000051
1491,...((((..((....)).))))..(((((...(((...))).(.((((......))))).)))))...,19,-4.915,6,0,0.000051
1492,......(((....)))......(((.......))).........((((......))))..........,10,-4.914,34,0,0.000051
1493,...((((.(((....))))))).............((.....))....((...)).............,11,-4.914,29,0,0.000051
1494,...((((.(((....))))))).((((((.((........((....)).........)).))))))..,17,-4.914,18,0,0.000051
1495,...((((.((......)))))).((((((...((.....))...(((.((...)))))..))))))..,19,-4.912,9,0,0.000051
1496,...((((.((......)))))).((((((...((.....))...((((.(...)))))..))))))..,19,-4.912,6,0,0.000051
1497,...((((.(((....)))))))..........((.....))..((...))......(...).......,12,-4.911,21,0,0.000051
1498,..((.((.....))))........(((((...(((...)))...((((......))))..)))))...,16,-4.911,20,0,0.000051
1499,...((((.(((....)))))))..((((.(..............((((......)))))..))))...,16,-4.91,8,0,0.000051
1500,...((((.(((....))))))).......(.(((........(.((((......)))))))).)....,16,-4.91,19,0,0.000051
1501,...((((((....)))...)))......((....))..(.(..(((((......)))))..).)....,15,-4.909,31,0,0.000051
1502,...((((.(((....)))))))......((..............((((......)))).......)).,13,-4.908,17,0,0.000051
1503,...((((.(((....)))))))..........((.....))..((...))..(.(.(...)).)....,14,-4.908,22,0,0.000051
1504,...((((...........))))..(((((...(((...)))...((..........))..)))))...,14,-4.908,12,0,0.000050
1505,...((((...(....)..))))..........((.....))...((((......))))..........,11,-4.907,14,0,0.000050
1506,...((((.((......)))))).((((((...(.......)...((((......))))..))))))..,17,-4.906,6,0,0.000050
1507,.(.((((.(((....)))))))..).......(((...)))...(((.((...)))))..........,16,-4.906,18,0,0.000050
1508,.(.((((.(((....)))))))..).......(((...)))...((((.(...)))))..........,16,-4.906,15,0,0.000050
1509,...((((.(((....)))))))......((....))...(((.((((........))))....)))..,16,-4.906,23,0,0.000050
1510,...((((.(((....))))))).((((((.((.(.(.................).).)).))))))..,17,-4.905,19,0,0.000050
1511,...((((.(((....))))))).((((((...((.....))..((((...)).)).....))))))..,19,-4.903,14,0,0.000050
1512,...((((...........)))).((((((...((.....))..((........)).....))))))..,14,-4.903,18,0,0.000050
1513,...((((..((....)).)))).((((.((....))........((((......))))....))))..,16,-4.903,15,0,0.000050
1514,..(..((((....)))).)..((((.......))))...((...((((......))))....))....,15,-4.902,36,0,0.000050
1515,...((((..((....)).))))..(((((.((.........................)).)))))...,13,-4.902,17,0,0.000050
1516,...((((...........)))).......(.((..((.....))((((......))))..)).)....,13,-4.902,26,0,0.000050
1517,...((((.(((....)))))))..(((((.((((.....))................)).)))))...,16,-4.902,11,0,0.000050
1518,((.((((.(((....)))))))..))..............(..(((((......)))))..)......,15,-4.902,18,0,0.000050
1519,...((((((....))))...)).........(((.((.....))((((......)))).)))......,15,-4.9,33,0,0.000050
1520,...((((.(....)....))))..(((((...(((...)))...((((......))))..)))))...,17,-4.9,9,0,0.000050
1521,...((((...........))))......((.(((.((.....))((((......)))).)))...)).,15,-4.899,29,0,0.000050
1522,...((((..((....)).))))......((....))...(((.(((((......))))..)..)))..,16,-4.899,22,0,0.000050
1523,......(((....)))....((.........)).....(.(..(((((......)))))..).)....,12,-4.899,35,0,0.000050
1524,...((((.(((....)))))))....(.....)...........((((......))))..(...)...,13,-4.898,14,0,0.000050
1525,...((((...........)))).((((....(((.........((((........)))))))))))..,15,-4.898,22,0,0.000050
1526,...((((...........))))..(((((.......(.....).((((......))))..)))))...,14,-4.898,12,0,0.000050
1527,......(((....)))..(.........)...((.....))...((((......))))..........,10,-4.897,27,0,0.000050
1528,...((((..((....)).)))).((((((...(((...)))..((........)).....))))))..,17,-4.897,16,0,0.000050
1529,....((.((....))..))..((((.......))))........((((......))))..........,12,-4.896,35,0,0.000050
1530,...((((..((....)).)))).......(.((..(((...)))((((......))))..)).)....,16,-4.896,24,0,0.000050
1531,...((((.(((....))))))).((((((.((..(((.............)))....)).))))))..,18,-4.895,23,0,0.000049
1532,...((((..((....)).))))......((.(((.(((...)))((((......)))).)))...)).,18,-4.893,27,0,0.000049
1533,.....((((....))))....(.((((((...((.....))...((((......))))..))))))).,17,-4.892,20,0,0.000049
1534,.....((((....))))....((.(((((...((.....))...((((......))))..))))))).,17,-4.892,20,0,0.000049
1535,.(.((((.(((....)))))))..)....(.(((.........((((........))))))).)....,16,-4.892,22,0,0.000049
1536,...((((..((....)).))))..(((((.......((...)).((((......))))..)))))...,17,-4.892,10,0,0.000049
1537,.(.(((.............)))..).......((.....))...((((......))))..........,10,-4.891,19,0,0.000049
1538,......(((....)))........(((((...((.....))...(((........)))..)))))...,13,-4.891,19,0,0.000049
1539,..((..(.....).)).......((((((...((.....))...((((......))))..))))))..,15,-4.891,19,0,0.000049
1540,...((((.(((....)))))))..(((((...............................)))))...,12,-4.89,12,0,0.000049
1541,((.((((...........))))..))...(.(((.........(((((......)))))))).)....,15,-4.89,27,0,0.000049
1542,.(.((((.(((....)))))))..)...................((((......))))..(...)...,13,-4.89,15,0,0.000049
1543,...((((.(((....))))))).(((..(...((.....))...((((......))))..)..)))..,17,-4.89,6,0,0.000049
1544,...((((.(((....)))))))..(...)..((..((.....))((((......))))..))......,16,-4.89,19,0,0.000049
1545,...((((.(........)))))..........(((...)))...((((......))))..........,12,-4.89,16,0,0.000049
1546,...((((.(((....)))))))......................(((........)))...(....).,11,-4.889,17,0,0.000049
1547,...((((..((....)).)))).....(((.(((.((.....))((((......)))).)))...))),18,-4.889,26,0,0.000049
1548,.....(((......))).......(((((...(((...)))...((((......))))..)))))...,15,-4.889,18,0,0.000049
1549,....(((...........)))..((((((...((.....))...((((......))))..))))))..,15,-4.889,10,0,0.000049
1550,...((((...........))))..(((((..............(((((......))))).)))))...,14,-4.889,12,0,0.000049
1551,...((((.(((....)))))))......((....))....(..((((.((...))))))..)......,16,-4.888,24,0,0.000049
1552,...((((.(((....)))))))......((....))....(..(((((.(...))))))..)......,16,-4.888,21,0,0.000049
1553,...((((..((....)).))))....(.....).....(.(..(((((......)))))..).)....,14,-4.888,19,0,0.000049
1554,...((((.(((....))))))).((((................(((((......)))))...))))..,16,-4.888,12,0,0.000049
1555,...(((.............)))..(((((...((.....))...(((........)))..)))))...,13,-4.888,10,0,0.000049
1556,...((((.(((....))))))).........(((.(.........(((......)))).)))......,14,-4.888,19,0,0.000049
1557,...((((...........))))...((.....))....(.(..(((((......)))))..).)....,13,-4.887,23,0,0.000049
1558,...((((((....)))...))).........(((.((.....))((((......)))).)))......,15,-4.887,31,0,0.000049
1559,...((((.(((....)))))))..(((((...(((...)))...((.(......).))..)))))...,18,-4.886,4,0,0.000049
1560,.....((((....))))....((((.......))))...(((.(((((......)))))....)))..,16,-4.886,39,0,0.000049
1561,...((((...........))))....(.....).......(..(((((......)))))..)......,11,-4.885,22,0,0.000049
1562,.(.((((.(((....)))))))..)...((....))........(((.((...)))))..........,15,-4.885,23,0,0.000049
1563,.(.((((.(((....)))))))..)...((....))........((((.(...)))))..........,15,-4.885,20,0,0.000049
1564,...((((.(((....)))))))..(....(.(((.........(((((......)))))))).))...,17,-4.885,17,0,0.000049
1565,.(.((((.(((....)))))))..)...((....))....(...((((......))))...)......,15,-4.884,18,0,0.000049
1566,...((((.(((....)))))))...((((......((.....))((((......))))..))))....,17,-4.883,10,0,0.000048
1567,...(((..(((....))).))).............((.....))((((......))))..........,12,-4.883,20,0,0.000048
1568,....(((..((....)).)))..((((((...(((...)))...((((......))))..))))))..,18,-4.883,8,0,0.000048
1569,...((((...........))))..(((((...(((...)))...(((.(.....))))..)))))...,16,-4.882,11,0,0.000048
1570,((.(..(((((..........((((.......))))....)))))..).)).................,12,-4.881,48,0,0.000048
1571,...(((..((......)).))).........(((.........(((((......))))))))......,13,-4.881,22,0,0.000048
1572,...((((...........))))(((.......))).........((((......))))..........,11,-4.88,23,0,0.000048
1573,.(.((((..((....)).))))..).............(.(..(((((......)))))..).)....,14,-4.88,20,0,0.000048
1574,..((.((.....))))...(((.........)))..........((((......))))..........,11,-4.879,33,0,0.000048
1575,...((((.((......))))))................(.(..(((((......)))))..).)....,13,-4.879,19,0,0.000048
1576,...((((..((....)).)))).........(((..(.....).((((......)))).)))......,14,-4.878,20,0,0.000048
1577,...((((.(((....)))))))..(((((.(((((((...((....))..)))))..)).)))))...,21,-4.877,23,0,0.000048
1578,.(.((((...........))))..)...............(..(((((......)))))..)......,11,-4.877,23,0,0.000048
1579,...((((.(((....)))))))..........(((...)))....(((......)))..((...))..,15,-4.876,16,0,0.000048
1580,...(.((((....))))....)..(((((...((.....))...((((......))))..)))))...,16,-4.874,15,0,0.000048
1581,...((((.(((....))))))).((((....(((..(.....).((((......)))).)))))))..,19,-4.874,14,0,0.000048
1582,...((((.(((....))))))).(((((...............(((((......)))))..)))))..,17,-4.874,10,0,0.000048
1583,...((((.(((....)))))))....(.....)......(((..((((......)))).....)))..,15,-4.873,16,0,0.000048
1584,...((((..(....)...)))).((((((...(((...)))...((((......))))..))))))..,18,-4.872,11,0,0.000048
1585,....(((.(((....))))))...........((.....))...((((......))))..........,12,-4.871,12,0,0.000047
1586,...((((...........))))..(((((.(.(((...)))...((((......))))).)))))...,17,-4.871,10,0,0.000047
1587,...((((...........))))..(...)...((.....))...((((......))))...(....).,12,-4.871,17,0,0.000047
1588,..(..((((....)))).)....((((((...((.....))...(((........)))..))))))..,16,-4.869,22,0,0.000047
1589,...((((.(((....))))))).((((((...(((...)))..(((.....).)).....))))))..,19,-4.869,15,0,0.000047
1590,...((((.(........)))))......((....))........((((......))))..........,11,-4.869,21,0,0.000047
1591,...((((.(((....)))))))......((....))(.....).((((......))))..........,14,-4.868,19,0,0.000047
1592,...((((...........))))..(((((......((.....)).(((......)))...)))))...,14,-4.867,16,0,0.000047
1593,...((((.(((....))))))).((((........((.....))((((......))))....))))..,17,-4.867,14,0,0.000047
1594,...((((.(((....)))))))....(....(((.........(((((......))))))))).....,16,-4.867,16,0,0.000047
1595,...((((.(((....)))))))..(((((....(.....)....((((......))))..)))))...,17,-4.866,2,0,0.000047
1596,.(.((((.(((....)))))))..)..............(((..((((......)))).....)))..,15,-4.865,17,0,0.000047
1597,...((((..((....)).)))).......(.......)......((((......))))..........,11,-4.865,18,0,0.000047
1598,...((((..((....)).))))..(...)...(((...)))...((((......))))...(....).,15,-4.865,15,0,0.000047
1599,......(((....)))....((.........))..((.....))((((......))))..........,11,-4.864,36,0,0.000047
1600,...((((((....))))...)).((((((...(((...)))...(((........)))..))))))..,18,-4.864,19,0,0.000047
1601,...((((.(((....))))))).........((...(.....).((((......))))..))......,14,-4.863,17,0,0.000047
1602,...((((.(((....))))))).((((((...(.(...).)...((((......))))..))))))..,19,-4.862,6,0,0.000047
1603,...((((..((....)).))))..........((.....))...((((......)))).(...)....,13,-4.862,13,0,0.000047
1604,...((((.(((....))))))).((((((...........))..((((......))))....))))..,17,-4.862,11,0,0.000047
1605,...((.((......))....))..(((((...(((...)))...((((......))))..)))))...,16,-4.861,14,0,0.000047
1606,...((((..(......).))))..........((.....))...((((......))))...(....).,12,-4.861,15,0,0.000047
1607,...((((..((....)).))))..(((((......(((...))).(((......)))...)))))...,17,-4.861,14,0,0.000047
1608,...(((..(((....))).)))..........((.....))...((((......)))).(.....)..,13,-4.86,14,0,0.000047
1609,...((((.(((....))))))).........(((.....((..((((...)).))..)))))......,16,-4.86,29,0,0.000047
1610,...((((...........)))).........(((.....((..((........))..)))))......,11,-4.86,33,0,0.000047
1611,....(.(((....)))..)..((((.......))))........((((......))))..........,12,-4.859,35,0,0.000047
1612,...(((..(((....))).)))..........((.....))...((((......))))....(...).,13,-4.859,13,0,0.000046
1613,......(((....)))..((.......))...............((((......))))..........,9,-4.858,31,0,0.000046
1614,...((((.(((....))))))).........(((....(.....((((......))))))))......,15,-4.858,18,0,0.000046
1615,...((((.(((....))))))).........(((.....(....((((......))))))))......,15,-4.858,17,0,0.000046
1616,.....(((......)))..(((.........)))..........((((......))))..........,10,-4.858,31,0,0.000046
1617,.(.((((.(((....))))))).((((((...(((...)))...((((......))))..))))))).,21,-4.857,6,0,0.000046
1618,...((((.(((....)))))))..........((.....))..((((...)).)).............,13,-4.856,22,0,0.000046
1619,...((((..((....)).)))).......((.....))......((((......))))...(....).,13,-4.856,21,0,0.000046
1620,...((((...........))))..........((.....))..((........)).............,8,-4.856,26,0,0.000046
1621,...((((((....))))...))....(.....)...........((((......))))..........,11,-4.856,27,0,0.000046
1622,...((((..((....)).))))..(((((....((......)).((((......))))..)))))...,17,-4.856,9,0,0.000046
1623,...((((..((....)).)))).((((((((.....))......((((......))))..))))))..,18,-4.856,12,0,0.000046
1624,...((((.(((....)))))))......((....)).........(((......)))..((...))..,14,-4.855,21,0,0.000046
1625,...((((.(((....)))))))..........((.....))...(((........))).((...))..,14,-4.854,14,0,0.000046
1626,...((((.(((....)))))))..........((.....)).............(.(...).).....,11,-4.853,18,0,0.000046
1627,...((((..((....)).))))....(.....)..((.....))((((......))))..........,13,-4.853,20,0,0.000046
1628,...((((.(((....)))))))..(((((.((.(..............((...))).)).)))))...,17,-4.852,18,0,0.000046
1629,..(..((((....)))).)..((((.......))))........((((......)))).(.....)..,14,-4.852,38,0,0.000046
1630,...((((..((....)).))))..........((.....))...((..((...)).))..........,12,-4.851,19,0,0.000046
1631,...((((..((....)).)))).((((((...((.....)).(.((((......))))).))))))..,19,-4.851,6,0,0.000046
1632,...((((((....)))...))).((((((...(((...)))...(((........)))..))))))..,18,-4.851,17,0,0.000046
1633,...((((((....))))...))..................(..(((((......)))))..)......,12,-4.85,29,0,0.000046
1634,..(..((((....)))).)..((((.......))))........((((......))))....(...).,14,-4.85,37,0,0.000046
1635,...((((..((....)).))))..........(((...)))..((........)).............,11,-4.85,24,0,0.000046
1636,...((((.(((....)))))))......((....))....(..((...)).)................,12,-4.849,29,0,0.000046
1637,...((((.(.(....).))))).((((((...(((...)))...((((......))))..))))))..,19,-4.849,6,0,0.000046
1638,...((((.(((....)))))))..(...)......(((...)))((((......))))..........,15,-4.848,20,0,0.000046
1639,...((((.(((....)))))))..(((((.((..(((...((....))..)))....)).)))))...,19,-4.848,22,0,0.000046
1640,.(.((((((....))))...))..)...................((((......))))..........,11,-4.848,28,0,0.000046
1641,((.((((.(((....)))))))..))..((....))...((..(((((......)))))...))....,18,-4.847,21,0,0.000046
1642,...((((.(((....))))))).........(((.(((...)))(((........))).)))......,16,-4.847,24,0,0.000046
1643,...((((.(((....)))))))..(((((...((.....)).(..(((......))).).)))))...,18,-4.845,4,0,0.000045
1644,.(.((((..((....)).))))..)..........((.....))((((......))))..........,13,-4.845,21,0,0.000045
1645,...((((.(((....))))))).((((((.((.(.........((...)).....).)).))))))..,18,-4.845,20,0,0.000045
1646,...((((.(((....)))))))..(((((.....(((.............))).......)))))...,15,-4.845,18,0,0.000045
1647,...((((.(((....))))))).(...)....(((...)))...((((......))))..........,15,-4.845,13,0,0.000045
1648,...((((.((......)))))).............((.....))((((......))))..........,12,-4.844,20,0,0.000045
1649,...((((...........)))).((((((...((.....))...((..........))..))))))..,14,-4.844,12,0,0.000045
1650,.(.((((..(......).))))..)......(((.........(((((......))))))))......,14,-4.843,23,0,0.000045
1651,...((((((....)))...)))....(.....)...........((((......))))..........,11,-4.842,25,0,0.000045
1652,...((((..((....)).))))..(((((.((.(.((...((....))....)).).)).)))))...,18,-4.842,22,0,0.000045
1653,...(((..(((....))).)))...((((...(((...)))...((((......))))..))))....,17,-4.842,6,0,0.000045
1654,...((((..((....)).))))..(((((......((.....))(((........)))..)))))...,16,-4.841,12,0,0.000045
1655,....((((......)).))..((((.......))))........((((......))))..........,12,-4.841,34,0,0.000045
1656,....((((......))).)..((((.......))))........((((......))))..........,12,-4.841,34,0,0.000045
1657,...((((.(((....)))))))..........((.....))..((...))..(.(......).)....,13,-4.841,22,0,0.000045
1658,...((((.(((....)))))))..........((.....))..(((((......))))........).,14,-4.84,12,0,0.000045
1659,......((......)).....(((.........)))........((((......))))..........,9,-4.84,34,0,0.000045
1660,...((((...........))))..(((....((..(((...)))((((......))))..)))))...,16,-4.84,21,0,0.000045
1661,...((((...........))))....(((..((..((.....))..)).)))................,11,-4.839,36,0,0.000045
1662,...((((.(((....))))))).........(((.........................)))......,10,-4.839,24,0,0.000045
1663,...((((...........))))..................(..(((((......)))))...).....,10,-4.838,22,0,0.000045
1664,...(((..(((....))).)))......((....))....((.(((((......)))))....))...,15,-4.838,22,0,0.000045
1665,...((((..((....)).)))).((((((...(((...)))...((..........))..))))))..,17,-4.838,10,0,0.000045
1666,...((((((....)))...)))..................(..(((((......)))))..)......,12,-4.837,27,0,0.000045
1667,...((((.(((....))))))).((((((.((.(((...............))..).)).))))))..,18,-4.836,21,0,0.000045
1668,..........((((.(...(((.........))).(((...)))((((......))))...).)))).,15,-4.836,40,0,0.000045
1669,...((((.(....)....)))).((((((...((.....))...((((......))))..))))))..,17,-4.836,9,0,0.000045
1670,......(((....))).....((((.......))))....(..(((((......)))))...).....,13,-4.836,37,0,0.000045
1671,((.(((..(((....))).)))..))......((.....))...((((......))))..........,14,-4.835,14,0,0.000045
1672,.(.((((((....)))...)))..)...................((((......))))..........,11,-4.834,26,0,0.000045
1673,...((((...........))))..(((((.((.(.....................).)).)))))...,12,-4.834,21,0,0.000045
1674,...(((..(((....))).)))..(((((...(((...)))....(((......)))...)))))...,17,-4.833,6,0,0.000045
1675,...((((..((....)).))))....(((..((..(((...)))..)).)))................,14,-4.833,34,0,0.000045
1676,...((((.(((....))))))).((((((...(.......)...(((........)))..))))))..,17,-4.833,6,0,0.000045
1677,...(((.((....))....)))..(((((...((.....))...((((......))))..)))))...,16,-4.833,11,0,0.000045
1678,...(((..(((....))).)))..(((....(((.((.....))((((......)))).))))))...,18,-4.833,16,0,0.000045
1679,((...((((....)))).))....(((((...((.....))...((((......))))..)))))...,17,-4.833,19,0,0.000045
1680,...((((.(((....))))))).........((..((.....)).(((......)))...))......,14,-4.832,21,0,0.000044
1681,......(((....))).......((((((...(((...)))...(((........)))..))))))..,15,-4.832,23,0,0.000044
1682,...((((.(((....)))))))..(..((...........)).)((((......))))..........,14,-4.832,16,0,0.000044
1683,...((((.(((....))))))).........((..........(((((......))))).))......,14,-4.832,17,0,0.000044
1684,.(...((((....)))).)..(((.........)))........((((......))))..........,12,-4.832,36,0,0.000044
1685,...((((...........))))..(((((...............((((......))))..)))))...,13,-4.831,10,0,0.000044
1686,...((((((....))))...))..(((.....(((...)))...((((......))))....)))...,16,-4.831,19,0,0.000044
1687,...((((.(((....)))))))..(((((.(((((...)))....(((......))))).)))))...,20,-4.831,7,0,0.000044
1688,...((((.(((....)))))))......((....))..(....(((((......)))))....)....,15,-4.83,20,0,0.000044
1689,...((((.(((....))))))).........(((.........((........))....)))......,12,-4.829,26,0,0.000044
1690,...((((..((....)).))))......((....)).......((........)).............,10,-4.829,29,0,0.000044
1691,...((((..((....)).)))).((((((.......(.....).((((......))))..))))))..,17,-4.828,10,0,0.000044
1692,...((...............))..(((((...(((...)))...((((......))))..)))))...,14,-4.827,12,0,0.000044
1693,...((((.(((....))))))).......((.....)).((..(((((......)))))...))....,16,-4.827,20,0,0.000044
1694,...(((..(((....))).)))..........((.....))...((((......))))..(...)...,13,-4.826,12,0,0.000044
1695,...((((((....))))...))..(...)..(((.........(((((......))))))))......,15,-4.826,31,0,0.000044
1696,...(((..(((....))).))).((((.....(((...)))...((((......))))....))))..,17,-4.826,10,0,0.000044
1697,...((((.(((....)))))))..(...)...(((...)))...((((......)))).(.....)..,16,-4.826,14,0,0.000044
1698,...((((.(((....)))))))..........((.........(((((......))))))).......,14,-4.824,17,0,0.000044
1699,...((((.(((....)))))))..(...)...(((...)))...((((......))))....(...).,16,-4.824,13,0,0.000044
1700,...((((.(((....)))))))..(.......)...........((((......))))...(....).,13,-4.824,15,0,0.000044
1701,...((((.(((....)))))))..((((..(.((.....))...((((......)))))..))))...,18,-4.823,4,0,0.000044
1702,...((((.(((....)))))))...((.....))..........(((.((...)))))..........,14,-4.823,19,0,0.000044
1703,...((((.(((....)))))))...((.....))..........((((.(...)))))..........,14,-4.823,16,0,0.000044
1704,.(.((((..((....)).))))..).......((.....))...((((......)))).(.....)..,14,-4.823,15,0,0.000044
1705,.(.((((.(((....)))))))..)......(((.((.....)).(((......)))..)))......,16,-4.823,23,0,0.000044
1706,...((((.(((....))))))).((((((...((.....))...((.(......).))..))))))..,18,-4.822,4,0,0.000044
1707,.(.((((...........))))..)...((....))...((..(((((......)))))...))....,14,-4.822,26,0,0.000044
1708,...((((..((....)).))))..(((....(((.((.....)).(((......)))..))))))...,17,-4.822,18,0,0.000044
1709,...((((.(((....)))))))..(((((..............((...))..........)))))...,14,-4.822,15,0,0.000044
1710,...((((.((......))))))..........((.....))...((((......)))).(.....)..,13,-4.822,14,0,0.000044
1711,...((((.(((....)))))))...((.....))......(...((((......))))...)......,14,-4.822,14,0,0.000044
1712,...((((.(((....)))))))..........(((...)))..(((.....).)).............,13,-4.822,23,0,0.000044
1713,...((((.(((....)))))))..........((.....))..(((((......))))..).......,14,-4.822,11,0,0.000044
1714,...((((.(((....))))))).((.......))......(..(((((......)))))..)......,15,-4.822,17,0,0.000044
1715,.(.((((..((....)).))))..).......((.....))...((((......))))....(...).,14,-4.821,14,0,0.000044
1716,...((((.((......))))))..........((.....))...((((......))))....(...).,13,-4.82,13,0,0.000044
1717,...((((..((....)).)))).((((((..............(((((......))))).))))))..,17,-4.819,10,0,0.000043
1718,...((((...........)))).((((((...((.....))...(((.(.....))))..))))))..,16,-4.818,11,0,0.000043
1719,...((((((....)))...)))..(((.....(((...)))...((((......))))....)))...,16,-4.818,17,0,0.000043
1720,...((((.(((....))))))).((((((...(((...)))...((..(.....).))..))))))..,19,-4.818,9,0,0.000043
1721,..(..((((....)))).)..((((.......))))........((((......))))..(...)...,14,-4.818,36,0,0.000043
1722,...((((.(((....))))))).......((.....))......((((......)))).(.....)..,14,-4.817,20,0,0.000043
1723,......((......))...............(((.........(((((......))))))))......,10,-4.817,34,0,0.000043
1724,...((((...........))))..................((..((((......)))).....))...,10,-4.817,21,0,0.000043
1725,...((((...........)))).(((.((...(((...)))...((((......))))..)).)))..,16,-4.817,12,0,0.000043
1726,...((((.(((....)))))))..(((((......(((...)))(((.((...)))))..)))))...,20,-4.816,15,0,0.000043
1727,...((((.(((....)))))))..(((((......(((...)))((((.(...)))))..)))))...,20,-4.816,12,0,0.000043
1728,((.((((..((....)).))))..)).(((.(((.........(((((......))))))))...))),19,-4.816,26,0,0.000043
1729,...((((.(((....)))))))..(((((.((.((((.............))))...)).)))))...,18,-4.816,22,0,0.000043
1730,...((((.(((....))))))).........(...........)((((......))))..........,12,-4.816,16,0,0.000043
1731,...((((.(((....))))))).((((.((....))....(..(((((......)))))..)))))..,19,-4.816,15,0,0.000043
1732,...((((.(((....))))))).......((.....))......((((......))))....(...).,14,-4.815,19,0,0.000043
1733,...((((..(......).))))......((.(((.........(((((......))))))))...)).,15,-4.815,25,0,0.000043
1734,......(((....))).....((((.......))))....((..((((......)))).....))...,13,-4.814,36,0,0.000043
1735,...((((.(((....)))))))..(((((.((........(..((...)).).....)).)))))...,17,-4.814,19,0,0.000043
1736,...((((((....)))...)))..(...)..(((.........(((((......))))))))......,15,-4.813,29,0,0.000043
1737,...((((.(((....))))))).......(.(((.........(((..((...)).)))))).)....,16,-4.812,26,0,0.000043
1738,......((......)).....((((.......))))........((((......))))...(....).,11,-4.812,35,0,0.000043
1739,...((((..((....)).))))..(((.............(..(((((......)))))..))))...,15,-4.812,12,0,0.000043
1740,...((((.(((....)))))))..(((((.((((.....))..((((...)).))..)).)))))...,20,-4.812,15,0,0.000043
1741,...((((...........))))..(((((.((((.....))..((........))..)).)))))...,15,-4.812,19,0,0.000043
1742,...((((..((....)).)))).((((((...(((...)))...(((.(.....))))..))))))..,19,-4.812,9,0,0.000043
1743,.....((((....)))).......(((....(((.........(((((......)))))))))))...,15,-4.812,29,0,0.000043
1744,...((((...........)))).((((((...(((...)))...((..((...)).))..))))))..,17,-4.811,17,0,0.000043
1745,((.((((.(((....)))))))..(((((...((.....))...((((......))))..))))).)),20,-4.811,4,0,0.000043
1746,...((((.(((....)))))))..(((((..(...........).(((......)))...)))))...,16,-4.811,8,0,0.000043
1747,...((((..((....)).))))...((....(((.........(((((......))))))))))....,16,-4.811,16,0,0.000043
1748,...((((.(((....)))))))..(((((...(((...)))..((...))..........)))))...,17,-4.809,13,0,0.000043
1749,.(...((((....)))).)............(((.........(((((......))))))))......,13,-4.809,36,0,0.000043
1750,((.((((.(((....)))))))..)).((...........))..((((......))))..........,15,-4.809,17,0,0.000043
1751,...((((.(((....))))))).........(((.(.....................).)))......,11,-4.809,25,0,0.000043
1752,...(((..(((....))).))).........(((.........((((........)))))))......,13,-4.807,22,0,0.000043
1753,...((((.(((....))))))).........(((.(.......)((((......)))).)))......,15,-4.807,18,0,0.000043
1754,...((((...........)))).((((((.(.((.....))...((((......))))).))))))..,17,-4.807,10,0,0.000043
1755,...((((..((....)).)))).......(.(((.........((((.((...))))))))).)....,16,-4.807,26,0,0.000043
1756,...((((..((....)).)))).......(.(((.........(((((.(...))))))))).)....,16,-4.807,23,0,0.000043
1757,...((((.(((....)))))))....(((......((.....)).....)))..(.(...).).....,14,-4.807,29,0,0.000043
1758,...((((.(((....))))))).((......(((.........(((((......))))))))))....,17,-4.806,19,0,0.000043
1759,...((((..((....)).))))..(((((.(((((...)))..((........))..)).)))))...,18,-4.806,17,0,0.000043
1760,...((((.(((....)))))))..(((.....((.....))...(((.((...)))))....)))...,17,-4.806,9,0,0.000043
1761,...((((.(((....)))))))..(((.....((.....))...((((.(...)))))....)))...,17,-4.806,6,0,0.000043
1762,...((((.(((....)))))))................(.(..((((........))))..).)....,13,-4.805,19,0,0.000042
1763,......(((....)))........(((((......((.....))((((......))))..)))))...,14,-4.805,25,0,0.000042
1764,....((.((....))..))....((((((...((.....))...((((......))))..))))))..,16,-4.805,19,0,0.000042
1765,.(...((((....)))).)..((((.......))))........((((......))))...(....).,14,-4.804,37,0,0.000042
1766,...((((.((......))))))...((((...(((...)))...((((......))))..))))....,17,-4.804,6,0,0.000042
1767,...(((..((......)).)))..........(((...)))...((((......))))..........,12,-4.804,16,0,0.000042
1768,...(((((......)...))))..........((.....))...((((......))))..........,11,-4.804,18,0,0.000042
1769,...((((...........))))..(((((.((.((((.............)))..).)).)))))...,15,-4.802,27,0,0.000042
1770,...((((.(((....))))))).....(((.((..(((...)))((((......))))..))...))),19,-4.802,25,0,0.000042
1771,...(((.............)))..(((((......((.....))((((......))))..)))))...,14,-4.802,16,0,0.000042
1772,...((((.(((....)))))))......((....)).......(((.....).)).............,12,-4.801,28,0,0.000042
1773,...((((..((....)).)))).((((((.(.(((...)))...((((......))))).))))))..,20,-4.801,8,0,0.000042
1774,..((..........))....((.........))...........((((......))))..........,8,-4.801,31,0,0.000042
1775,.(.((((..((....)).))))..)...((....))....((.(((((......)))))....))...,16,-4.8,23,0,0.000042
1776,...((((.(((....)))))))..(((.....(.......)...((((......))))....)))...,15,-4.8,6,0,0.000042
1777,...((((.((......))))))......((....))....((.(((((......)))))....))...,15,-4.8,22,0,0.000042
1778,...((((..((....)).)))).......(.(((..........((((......)))).))).)....,14,-4.799,19,0,0.000042
1779,...((((.(((....)))))))..(((((...(((...))).......((...)).....)))))...,17,-4.798,13,0,0.000042
1780,...((.((......))....)).((((((...((.....))...((((......))))..))))))..,16,-4.798,14,0,0.000042
1781,.(.((.(((((........(((.........)))......))))).)).)..................,11,-4.798,43,0,0.000042
1782,...((((.(((....)))))))......(......)....((.(((((......)))))....))...,15,-4.797,18,0,0.000042
1783,...((((..((....)).)))).((((((......((.....)).(((......)))...))))))..,17,-4.797,14,0,0.000042
1784,...((((.(((....))))))).........(((.........((((..(...).)))))))......,15,-4.797,22,0,0.000042
1785,((.((((.((......))))))..))......((.....))...((((......))))..........,14,-4.797,14,0,0.000042
1786,..........((((.(..((.......))...((.....))...((((......))))...).)))).,13,-4.797,29,0,0.000042
1787,...((((...........))))..(((((...((.....))...(((..(...).)))..)))))...,15,-4.796,10,0,0.000042
1788,...((((.(((....))))))).......(....).....(..(((((......)))))..)......,14,-4.796,18,0,0.000042
1789,...((((((....))))...))......((....))...((..(((((......)))))...))....,15,-4.795,32,0,0.000042
1790,...((((.((......))))))..(((((...(((...)))....(((......)))...)))))...,17,-4.795,6,0,0.000042
1791,...((((.(((....)))))))....(.....)............(((......)))...........,11,-4.795,16,0,0.000042
1792,...((((.(((....)))))))......((.(((.((.....)).(((......)))..)))...)).,17,-4.795,25,0,0.000042
1793,...((((.((......))))))..(((....(((.((.....))((((......)))).))))))...,18,-4.795,16,0,0.000042
1794,.(.((((.(((....)))))))..)....(....).........((((......))))..........,13,-4.793,17,0,0.000042
1795,..(..((((....)))).)..((((.......))))...(((..((((......)))).....)))..,16,-4.793,38,0,0.000042
1796,...((((.(((....)))))))..(((((.((.(.((......((...))..)).).)).)))))...,19,-4.793,22,0,0.000042
1797,((.((((.(((....)))))))..))...((.....))......((((......))))..........,15,-4.792,20,0,0.000042
1798,......(((....))).....(..(((((...((.....))...((((......))))..))))).).,15,-4.792,18,0,0.000042
1799,...((((.(((....)))))))..(...)...(((...)))...((((......))))..(...)...,16,-4.791,12,0,0.000042
1800,...(((((......)))...)).......(.(((.........(((((......)))))))).)....,14,-4.791,31,0,0.000041
1801,...(((..(((....))).))).................((..(((((......)))))...))....,13,-4.79,18,0,0.000041
1802,...((((..((....)).))))..(((((...(((...)))...(((..(...).)))..)))))...,18,-4.79,8,0,0.000041
1803,...((((.(((....))))))).((((((.((.(......((....)).......).)).))))))..,18,-4.79,18,0,0.000041
1804,.(.....)..((((.(.....((((.......))))........((((......))))...).)))).,14,-4.789,39,0,0.000041
1805,....((.....))........((((.......))))........((((......))))..........,10,-4.789,34,0,0.000041
1806,.(.((((..((....)).))))..).......((.....))...((((......))))..(...)...,14,-4.788,13,0,0.000041
1807,..(..((((....)))).)(((.........)))..........((((......))))..........,12,-4.788,33,0,0.000041
1808,...((((.((......))))))..........((.....))...((((......))))..(...)...,13,-4.788,12,0,0.000041
1809,...((((.((......)))))).((((.....(((...)))...((((......))))....))))..,17,-4.788,10,0,0.000041
1810,...((((..((....)).))))..........((.....))...(((........)))...(....).,12,-4.787,15,0,0.000041
1811,...((((..((....)).)))).........(((........(.((((......))))))))......,14,-4.787,20,0,0.000041
1812,.(.((((.(((....)))))))..)....................(((......)))...........,11,-4.787,17,0,0.000041
1813,...((((...........))))......((....))..(.(...((((......))))...).)....,12,-4.786,24,0,0.000041
1814,...((.(((....)))....))..(((....(((.........(((((......)))))))))))...,16,-4.784,25,0,0.000041
1815,...((((.(((....))))))).......(...)..........((((......))))..........,12,-4.784,15,0,0.000041
1816,...((((((....))))...))...((((...((.....))...((((......))))..))))....,16,-4.784,15,0,0.000041
1817,...((((.(((....))))))).((((....(((........(.((((......))))))))))))..,19,-4.783,14,0,0.000041
1818,...((((.(((....))))))).......((.....))......((((......))))..(...)...,14,-4.783,18,0,0.000041
1819,..(..((((....)))).)....((((((......((.....))((((......))))..))))))..,17,-4.783,28,0,0.000041
1820,...(((..((......)).)))......((....))........((((......))))..........,11,-4.783,21,0,0.000041
1821,...((((.(((....)))))))..(((((........((.....((((......)))))))))))...,18,-4.783,8,0,0.000041
1822,...((((.(((....)))))))..(((....(((.........(((..........)))))))))...,16,-4.782,16,0,0.000041
1823,...((((((....)))...)))......((....))...((..(((((......)))))...))....,15,-4.782,30,0,0.000041
1824,((.(..(((((........(((.........)))......)))))..).))...(.(...).).....,13,-4.782,45,0,0.000041
1825,...((((..((....)).))))..............(.....).((((......))))..........,11,-4.781,18,0,0.000041
1826,...(((..(((....))).)))......(......)........((((......))))..........,11,-4.781,17,0,0.000041
1827,....(((((....)))).).............((.....))...((((......))))..........,11,-4.78,27,0,0.000041
1828,....(((((....))).)).............((.....))...((((......))))..........,11,-4.78,27,0,0.000041
1829,...((((.(((....)))))))....((....(((...))).))((((......))))..........,16,-4.778,14,0,0.000041
1830,...((((((....))))...)).((((((......(((...)))((((......))))..))))))..,19,-4.778,25,0,0.000041
1831,...((((.(((....)))))))..(((((.(((((...)))..(((.....).))..)).)))))...,20,-4.778,16,0,0.000041
1832,......(((....)))....(.......)...((.....))...((((......))))..........,10,-4.777,27,0,0.000041
1833,...(((((......))...))).......(.(((.........(((((......)))))))).)....,14,-4.777,29,0,0.000041
1834,..(..(((......))).).............((.....))...((((......))))..........,10,-4.777,27,0,0.000041
1835,.(.(..(((((..........((((.......))))....)))))..).)....(.(...).).....,13,-4.777,46,0,0.000040
1836,...((((...........))))...(..((....)).)......((((......))))..........,11,-4.776,24,0,0.000040
1837,.....((((....))))..(((.........)))......(..(((((......)))))..)......,13,-4.776,34,0,0.000040
1838,.....((((....))))...........................((((......))))..........,8,-4.776,31,0,0.000040
1839,...((((...........)))).((((....((..((.....))((((......))))..))))))..,16,-4.776,21,0,0.000040
1840,...((((((....))))...))..(((((...((.....))....(((......)))...)))))...,16,-4.775,15,0,0.000040
1841,((...((((....)))).))...((((((...(((...)))...((((......))))..))))))..,19,-4.774,23,0,0.000040
1842,...((((.(.....)...))))..(((....(((.........(((((......)))))))))))...,16,-4.774,19,0,0.000040
1843,...((((...........))))..((.....(((.........(((((......)))))))).))...,14,-4.774,20,0,0.000040
1844,...((((.(((....)))))))......((....))..(.....((((......)))).....)....,14,-4.773,18,0,0.000040
1845,...((((.(((....)))))))......(...((.....))...((((......))))..).......,14,-4.773,8,0,0.000040
1846,((.((((.(((....)))))))..))..((....))...(((.(((((......)))))....)))..,19,-4.772,23,0,0.000040
1847,......(((....)))....((.........))......((..(((((......)))))...))....,12,-4.772,34,0,0.000040
1848,...((((.(((....))))))).............((.....))(((........)))..........,12,-4.771,20,0,0.000040
1849,...((((.(((....)))))))..((((..((.............(((......)))))..))))...,16,-4.77,11,0,0.000040
1850,.(.((((.(((....)))))))..)....(.((..((.....))((((......))))..)).)....,17,-4.77,21,0,0.000040
1851,...((((.(((....)))))))..........(((...)))....(((......)))..(.....)..,14,-4.77,16,0,0.000040
1852,...((((((....)))...)))...((((...((.....))...((((......))))..))))....,16,-4.77,13,0,0.000040
1853,...((((...........)))).......((.....))..(..(((((......)))))..)......,12,-4.77,26,0,0.000040
1854,...((((..((....)).)))).((((....((..(((...)))((((......))))..))))))..,19,-4.77,19,0,0.000040
1855,...((((...........))))..(((((..(((.....))..)((((......))))..)))))...,16,-4.77,8,0,0.000040
1856,.(.((((..((....)).))))..)......(((.........((((........)))))))......,14,-4.77,23,0,0.000040
1857,...((((.(((....)))))))..(((((...((.....))...(.((......)).)..)))))...,17,-4.77,2,0,0.000040
1858,...((((.(((....)))))))..........((.....))..(.....)..................,10,-4.769,20,0,0.000040
1859,...(((..(((....))).))).((((((...((.....))....(((......)))...))))))..,17,-4.769,6,0,0.000040
1860,...((((.((......)))))).........(((.........((((........)))))))......,13,-4.769,22,0,0.000040
1861,...((((.(((....))))))).............((.....))((((......)))).((...))..,15,-4.768,20,0,0.000040
1862,....(.(((....)))..)....((((((...((.....))...((((......))))..))))))..,16,-4.768,19,0,0.000040
1863,...((((((....))))...)).((((.....((.....))...((((......))))....))))..,16,-4.768,19,0,0.000040
1864,.(.((((.(((....)))))))..)...((.(((.((.....))((((......)))).)))...)).,19,-4.767,24,0,0.000040
1865,.(.((((...........))))..)....((.....))......((((......))))..........,11,-4.767,25,0,0.000040
1866,...((((.(((....)))))))..............(....)..((((......))))..........,12,-4.767,16,0,0.000040
1867,...((((.(((....))))))).((((((.((((.....))....(((......))))).))))))..,20,-4.767,7,0,0.000040
1868,...((((.(.(....)).))))..(((((...(((...)))...((((......))))..)))))...,18,-4.767,6,0,0.000040
1869,...((((.(((....)))))))..((((.(..((.....))...((((......)))))..))))...,18,-4.766,4,0,0.000040
1870,.(.((((..(......).))))..).......(((...)))...((((......))))..........,13,-4.766,17,0,0.000040
1871,...((((..((....)).))))....((..............))((((......))))..........,12,-4.766,18,0,0.000040
1872,...((((..(.......)))))..(((((...((.....))...((((......))))..)))))...,16,-4.765,6,0,0.000040
1873,...((((((....)))...))).((((((......(((...)))((((......))))..))))))..,19,-4.765,23,0,0.000040
1874,...((((..((....)).)))).((((((.((.(.....................).)).))))))..,15,-4.764,19,0,0.000040
1875,...((((.(((....))))))).((((.(...........)...((((......))))....))))..,16,-4.764,10,0,0.000040
1876,...((...............)).((((((...((.....))...((((......))))..))))))..,14,-4.764,12,0,0.000040
1877,...((((..((....)).))))..(((((..((((...)))..)((((......))))..)))))...,19,-4.763,6,0,0.000040
1878,...((((...........))))..........((.....))..((...))..................,8,-4.763,27,0,0.000040
1879,.(.((((.(((....)))))))..).(.....)...........((((......))))..........,13,-4.763,15,0,0.000040
1880,...((((.(((....)))))))..........(((...)))...(((.((...)))))...(....).,16,-4.762,18,0,0.000040
1881,...((((.(((....)))))))..........(((...)))...((((.(...)))))...(....).,16,-4.762,15,0,0.000040
1882,...((((.(((....)))))))..(((((.....(.......).((((......))))..)))))...,17,-4.762,6,0,0.000039
1883,...((((..(......).))))..(((((...(((...)))...(((........)))..)))))...,16,-4.762,8,0,0.000039
1884,...((((.(((....))))))).........(((.......(..((((......))))))))......,15,-4.762,18,0,0.000039
1885,...((((..((....)).)))).((((((...............((((......))))..))))))..,16,-4.761,8,0,0.000039
1886,...((((.(((....))))))).......(.(((..((...)).((((......)))).))).)....,17,-4.761,21,0,0.000039
1887,...((((((....)))...)))..(((((...((.....))....(((......)))...)))))...,16,-4.761,13,0,0.000039
1888,...((((..((....)).))))....(.....)......((..(((((......)))))...))....,14,-4.761,18,0,0.000039
1889,.(...(((......))).).....(((((...((.....))...((((......))))..)))))...,15,-4.76,17,0,0.000039
1890,...((((...........))))...((.....)).....((..(((((......)))))...))....,13,-4.76,22,0,0.000039
1891,...((((.(((....))))))).......(......).......((((......))))..........,12,-4.76,16,0,0.000039
1892,....(((((....))).))..((((.......))))....(..(((((......)))))..)......,15,-4.76,37,0,0.000039
1893,....(((((....)))).)..((((.......))))....(..(((((......)))))..)......,15,-4.76,37,0,0.000039
1894,......(((....))).....(((.........)))....(..(((((......)))))..)......,12,-4.758,37,0,0.000039
1895,...((((.(.......).))))..(((....(((.........(((((......)))))))))))...,16,-4.758,18,0,0.000039
1896,.........(((((.(...(((.........))).((.....))((((......))))...).))))),15,-4.758,39,0,0.000039
1897,...((((.(((....)))))))..........((.....)).......(.....).............,10,-4.758,19,0,0.000039
1898,...((((..((....)).))))..........(((...)))..((...))..................,11,-4.757,25,0,0.000039
1899,..(..(((......))).)..((((.......))))....(..(((((......)))))..)......,14,-4.757,37,0,0.000039
1900,...((((.(((....)))))))..(((....(((.........((((.(.....)))))))))))...,18,-4.757,15,0,0.000039
1901,...((((.(((....)))))))..........(((...))).(.((((......))))).........,15,-4.756,14,0,0.000039
1902,((.((((.(((....)))))))..))..................((((......))))...(....).,14,-4.755,17,0,0.000039
1903,...((((.(((....))))))).(((((..((.(.((...............)).).))..)))))..,17,-4.755,23,0,0.000039
1904,...((((...........)))).((((((.((.............(((......))))).))))))..,15,-4.754,17,0,0.000039
1905,...((((((....)))...))).((((.....((.....))...((((......))))....))))..,16,-4.754,17,0,0.000039
1906,...((((...........))))..((((....((.........(((((......)))))))))))...,15,-4.753,15,0,0.000039
1907,............(((...........)))...............((((......))))..........,7,-4.753,31,0,0.000039
1908,.(.((((..((....)).))))..)..............((..(((((......)))))...))....,14,-4.753,19,0,0.000039
1909,...((((.(((....))))))).((((((......((.....))(((.((...)))))..))))))..,20,-4.752,15,0,0.000039
1910,...((((.(((....))))))).((((((......((.....))((((.(...)))))..))))))..,20,-4.752,12,0,0.000039
1911,...((((.((......)))))).................((..(((((......)))))...))....,13,-4.752,18,0,0.000039
1912,...((((...........))))..........((.....)).......((...)).............,8,-4.752,27,0,0.000039
1913,...((((.(((....))))))).......((.....)).(((.(((((......)))))....)))..,17,-4.752,22,0,0.000039
1914,...((((.(((....)))))))(((.......))).....(..(((((......)))))..)......,16,-4.751,19,0,0.000039
1915,......(((....)))................((.....))...((((......))))...(....).,10,-4.751,28,0,0.000039
1916,...((((...........))))..(((....(((.........((((.((...))))))))))))...,16,-4.75,23,0,0.000039
1917,...((((...........))))..(((....(((.........(((((.(...))))))))))))...,16,-4.75,20,0,0.000039
1918,...((((..((....)).)))).............((.....)).(((......)))...........,11,-4.75,22,0,0.000039
1919,...((((.(((....)))))))........((............((((......))))....))....,13,-4.75,16,0,0.000039
1920,....((((......))).)....((((((...((.....))...((((......))))..))))))..,16,-4.75,18,0,0.000039
1921,....((((......)).))....((((((...((.....))...((((......))))..))))))..,16,-4.75,18,0,0.000039
1922,...((((.(((....)))))))......((....)).........(((......)))..(.....)..,13,-4.749,21,0,0.000039
1923,......(((....)))...(((.........)))......((.(((((......)))))....))...,13,-4.749,35,0,0.000039
1924,...((((((....))))...))..(...)...(((...)))...((((......))))..........,14,-4.749,25,0,0.000039
1925,...((((.(((....)))))))..........((.....))...(((........))).(.....)..,13,-4.749,14,0,0.000039
1926,...((((.(((....)))))))....(((..((..(((...)))..)).)))....(...).......,16,-4.748,32,0,0.000039
1927,...((.(((....)))....))......................((((......))))..........,9,-4.748,27,0,0.000039
1928,...((((..(......).))))......((....))....(..(((((......)))))..)......,13,-4.748,23,0,0.000039
1929,...(((.............)))..........((.....))...((((......))))...(....).,10,-4.748,19,0,0.000039
1930,.(.((((...........))))..)...((....))...(((.(((((......)))))....)))..,15,-4.748,28,0,0.000039
1931,...((((.(((....)))))))......................((..........))..........,9,-4.747,18,0,0.000038
1932,.....................((((.......))))........((((......))))..........,8,-4.747,32,0,0.000038
1933,...((((.(((....)))))))..........((.....))...(((........)))....(...).,13,-4.747,13,0,0.000038
1934,...((((..((....)).))))..(((((...((.....))..(((.....).)).....)))))...,16,-4.747,13,0,0.000038
1935,...((((.(((....))))))).((((((.((.(.((.............))...).)).))))))..,18,-4.746,21,0,0.000038
1936,......(((....))).......((((((......(((...)))((((......))))..))))))..,16,-4.746,29,0,0.000038
1937,...((((...(....)..)))).........(((.........(((((......))))))))......,13,-4.746,22,0,0.000038
1938,...((((..((....)).))))..........(((...))).......((...)).............,11,-4.746,25,0,0.000038
1939,...((((..((....)).))))......(......)....(..(((((......)))))..)......,13,-4.746,19,0,0.000038
1940,...((((.(((....))))))).((((((...((.....))..((...))..........))))))..,17,-4.745,13,0,0.000038
1941,.(.((((..(......).))))..)...((....))........((((......))))..........,12,-4.745,22,0,0.000038
1942,...((((..((....)).))))..((((................((((......))))...))))...,14,-4.744,8,0,0.000038
1943,...((((...........))))..(((....(((..........((((......)))).))))))...,14,-4.743,16,0,0.000038
1944,.(.((((..((....)).))))..)...(......)........((((......))))..........,12,-4.743,18,0,0.000038
1945,...((((.((......))))))......(......)........((((......))))..........,11,-4.742,17,0,0.000038
1946,...((((..((....)).)))).((((((.((((.....))..((........))..)).))))))..,18,-4.742,17,0,0.000038
1947,...((((..((....)).))))......((.(((.........((((........)))))))...)).,15,-4.742,25,0,0.000038
1948,...((((.(((....)))))))......((....))........(((.((...)))))...(....).,15,-4.742,23,0,0.000038
1949,...((((.(((....)))))))......((....))........((((.(...)))))...(....).,15,-4.742,20,0,0.000038
1950,...((((.(((....))))))).....................((...))....(.(...).).....,11,-4.741,25,0,0.000038
1951,...((((.(((....))))))).................((..((........))..)).........,11,-4.741,25,0,0.000038
1952,...((((((....))))...)).......((.....))......((((......))))..........,12,-4.74,31,0,0.000038
1953,......((......))................(((...)))...((((......))))..........,9,-4.74,28,0,0.000038
1954,...((((.(((....)))))))..(.......).....(.(..(((((......)))))..).)....,15,-4.74,17,0,0.000038
1955,...((((.(((....)))))))..(...)...........((.(((((......)))))....))...,15,-4.74,17,0,0.000038
1956,...((((...........))))....(.....)...........((((......))))...(....).,10,-4.739,21,0,0.000038
1957,..((((.....)).))................((.....))...((((......))))..........,10,-4.739,28,0,0.000038
1958,...((((.(.....)...))))......................((((......))))..........,9,-4.738,21,0,0.000038
1959,...((((..((....)).))))...((.....))......((.(((((......)))))....))...,15,-4.738,19,0,0.000038
1960,...((((..((....)).))))..(...)..(((.((.....))((((......)))).)))......,16,-4.738,22,0,0.000038
1961,...(((..(((....))).)))..(((.(...((.....))...((((......))))..).)))...,16,-4.738,4,0,0.000038
1962,...((((..((....)).))))...((....(((.........(((((......))))))))..))..,16,-4.737,21,0,0.000038
1963,...((((..((....)).))))......((....)).......((...))..................,10,-4.736,30,0,0.000038
1964,......(((....)))..(.........)..(((.........(((((......))))))))......,12,-4.736,35,0,0.000038
1965,...((((((....)))...)))..(...)...(((...)))...((((......))))..........,14,-4.735,23,0,0.000038
1966,......(((....))).......((((.....((.....))...((((......))))....))))..,13,-4.735,23,0,0.000038
1967,...((((.(((....))))))).((((((...((.....)).......((...)).....))))))..,17,-4.734,13,0,0.000038
1968,...((((..((....)).)))).((((((.((.((((.............)))..).)).))))))..,18,-4.732,25,0,0.000038
1969,.(...((((....)))).).............(((...)))...((((......))))..........,12,-4.732,30,0,0.000038
1970,...((((.((......)))))).((((((...((.....))....(((......)))...))))))..,17,-4.731,6,0,0.000037
1971,.(.((((...........))))..)...................((((......))))...(....).,10,-4.731,22,0,0.000037
1972,...((((.(((....)))))))...((((...(((...)))...(((........)))..))))....,17,-4.73,6,0,0.000037
1973,...(((..(((....))).)))..........(((...)))...(((........)))..........,12,-4.73,16,0,0.000037
1974,.(.(((.............)))..)......(((.........(((((......))))))))......,12,-4.73,27,0,0.000037
1975,...((((.(((....))))))).((((.....((.........(((((......))))))).))))..,18,-4.73,13,0,0.000037
1976,...((((.(((....))))))).((((((.(.....).......((((......))))..))))))..,18,-4.729,8,0,0.000037
1977,...(((..(((....))).)))..(((.................((((......))))....)))...,13,-4.729,10,0,0.000037
1978,.(.((((.(((....)))))))..)......(((.....((..((........))..)))))......,15,-4.728,28,0,0.000037
1979,......((......)).....((((.......))))..(.(..(((((......)))))..).)....,13,-4.728,37,0,0.000037
1980,...((((..((....)).))))..(((....(((.....((..((........))..))))))))...,16,-4.728,23,0,0.000037
1981,...(((..(((....))).)))..........(((...)))...((((......)))).((...))..,15,-4.727,16,0,0.000037
1982,...((((((....)))...))).......((.....))......((((......))))..........,12,-4.727,29,0,0.000037
1983,...((((..((....)).)))).((((((...((.....))...(((..(...).)))..))))))..,18,-4.726,8,0,0.000037
1984,...((((.(((....)))))))......((....))....((.((((........))))....))...,15,-4.726,22,0,0.000037
1985,...((((..((....)).))))......((....))............((...)).............,10,-4.725,30,0,0.000037
1986,.(.((((.(((....)))))))..).......((.....))..((........)).............,12,-4.724,21,0,0.000037
1987,((.((((.(((....)))))))..))......((.....))...(((........)))..........,14,-4.723,14,0,0.000037
1988,...((((.(((....)))))))..(...)...((.....))...(((.((...)))))..........,15,-4.723,15,0,0.000037
1989,...((((.(((....)))))))..(...)...((.....))...((((.(...)))))..........,15,-4.723,12,0,0.000037
1990,...(((..(((....))).)))..(...)...............((((......))))..........,11,-4.723,16,0,0.000037
1991,...((((.(.......).))))......................((((......))))..........,9,-4.723,20,0,0.000037
1992,...(((..(((....))).)))..........((.....))....(((......)))...........,11,-4.722,14,0,0.000037
1993,...((((.(((....))))))).....(((.............(((((......)))))......))),15,-4.722,20,0,0.000037
1994,..(..((.....)).).....((((.......))))........((((......))))..........,11,-4.722,35,0,0.000037
1995,...((((.(((....)))))))..(((((.((...((.....)).(((......))))).)))))...,19,-4.722,13,0,0.000037
1996,...((((.(((....)))))))..(((((...(((...)))....((........))...)))))...,17,-4.721,6,0,0.000037
1997,...((((.(((....)))))))......................(((.(.....))))..........,11,-4.721,17,0,0.000037
1998,...((((.(((....)))))))..(((....(((.((.....))(((........))).))))))...,18,-4.721,16,0,0.000037
1999,...((((((....))))...))......((....))...(((.(((((......)))))....)))..,16,-4.721,34,0,0.000037
2000,((.((((.(((....)))))))..))......((.....))...((((......)))).((...))..,17,-4.72,14,0,0.000037
2001,...((((.(((....)))))))....(((..((..((.....))..)).)))..((.......))...,16,-4.72,30,0,0.000037
2002,.(...((((....)))).)..((((.......))))..(.(..(((((......)))))..).)....,16,-4.72,39,0,0.000037
2003,...((((.(((....)))))))..........(((...)))...(((..(...).)))..........,14,-4.72,16,0,0.000037
2004,.(.((((((....))...))))..).......((.....))...((((......))))..........,13,-4.719,20,0,0.000037
2005,......((......))............((....))........((((......))))..........,8,-4.719,33,0,0.000037
2006,...((((..((....)).))))......((....))....((.(((((......))))..)..))...,15,-4.719,21,0,0.000037
2007,..((((.....)).)).....((((.......))))....(..(((((......)))))..)......,14,-4.718,38,0,0.000037
2008,...((((.(((....)))))))..(...)...(.......)...((((......))))..........,13,-4.718,12,0,0.000037
2009,...((((((....))))...))..(((((...(((...)))...(((.((...)))))..)))))...,19,-4.717,20,0,0.000037
2010,...((((((....))))...))..(((((...(((...)))...((((.(...)))))..)))))...,19,-4.717,17,0,0.000037
2011,...((((..((....)).))))....(((....................)))................,9,-4.716,27,0,0.000037
2012,...((((..((....)).))))................(.(...((((......))))...).)....,12,-4.716,17,0,0.000037
2013,...((((...........)))).........(((.(((...))).(((......)))..)))......,13,-4.716,30,0,0.000037
2014,...((((((....))...))))..(((((...((.....))...(((........)))..)))))...,16,-4.716,11,0,0.000037
2015,...(((..(((....))).))).................(((.(((((......)))))....)))..,14,-4.715,20,0,0.000037
2016,...((((..((....)).))))....(((..((..((.....))..)).)))..(.(...).).....,15,-4.715,32,0,0.000036
2017,...((((...........))))......................(((.((...)))))..........,9,-4.715,25,0,0.000036
2018,...((((...........))))......................((((.(...)))))..........,9,-4.715,22,0,0.000036
2019,...((((.(((....)))))))....(.....).......(..(((((......)))))...).....,14,-4.715,16,0,0.000036
2020,...((((.(((....)))))))..........((.....))...(((........)))..(...)...,13,-4.714,12,0,0.000036
2021,...((((.(((....))))))).((((.....(((...)))...(((........)))....))))..,17,-4.714,10,0,0.000036
2022,..(..((((....)))).)..((((.......)))).........(((......)))...........,12,-4.714,38,0,0.000036
2023,...((((.(((....))))))).((((((.((((.....))..(((.....).))..)).))))))..,20,-4.714,16,0,0.000036
2024,...((((...........))))..................(...((((......))))...)......,9,-4.714,20,0,0.000036
2025,((.((((.(((....)))))))..)).....(((.(((...)))((((......)))).)))......,19,-4.713,24,0,0.000036
2026,..(..((((....)))).)...(((.......))).........((((......))))..........,12,-4.713,35,0,0.000036
2027,...((((.(((....))))))).....(((.(((.........((((.((...)))))))))...))),19,-4.713,27,0,0.000036
2028,...((((.(((....))))))).....(((.(((.........(((((.(...)))))))))...))),19,-4.713,24,0,0.000036
2029,......(((....))).....((((.......))))........(((.((...)))))..........,12,-4.712,40,0,0.000036
2030,......(((....))).....((((.......))))........((((.(...)))))..........,12,-4.712,37,0,0.000036
2031,...(((..(((....))).)))......(...........)...((((......))))..........,11,-4.712,16,0,0.000036
2032,...(((..(((....))).))).((((((...(((...)))...(((.((...)))))..))))))..,20,-4.711,11,0,0.000036
2033,...(((..(((....))).))).((((((...(((...)))...((((.(...)))))..))))))..,20,-4.711,8,0,0.000036
2034,...((((.(((....)))))))..((((((..............((((......))))).)))))...,17,-4.711,6,0,0.000036
2035,.(...((((....)))).).........((....))........((((......))))..........,11,-4.711,35,0,0.000036
2036,......(((....))).....((((.......))))....(...((((......))))...)......,12,-4.711,35,0,0.000036
2037,..((..(.....).))........(((((...((.....))...((((......))))..)))))...,14,-4.711,17,0,0.000036
2038,...((((.(((....))))))).((((((.((.((((......((...)))))..).)).))))))..,21,-4.71,26,0,0.000036
2039,.....((((....))))..(.((((.......)))).)......((((......))))..........,13,-4.71,36,0,0.000036
2040,....(((.(((....))))))..........(((.........(((((......))))))))......,14,-4.71,20,0,0.000036
2041,...(((..(((....))).)))......((....))........(((........)))..........,11,-4.709,21,0,0.000036
2042,...((((.(((....)))))))..(.(((...(((...)))...((((......))))..))).)...,18,-4.709,4,0,0.000036
2043,...((.(.(((....)))).))..(((((...(((...)))...((((......))))..)))))...,18,-4.709,4,0,0.000036
2044,....(((...........)))...(((((...((.....))...((((......))))..)))))...,14,-4.709,8,0,0.000036
2045,...((((.(((....)))))))....(((..(...(((...)))...).)))................,14,-4.709,32,0,0.000036
2046,...((((((....)))...)))......((....))...(((.(((((......)))))....)))..,16,-4.707,32,0,0.000036
2047,...(((..(((....))).)))......((....))........((((......)))).((...))..,14,-4.707,21,0,0.000036
2048,.(.((((((....))))...))..)....(.(((.........(((((......)))))))).)....,16,-4.707,33,0,0.000036
2049,.(.((((.(((....)))))))..)...............(..(((((......)))))...).....,14,-4.706,17,0,0.000036
2050,...((((...........))))..(((((.((.(.(((.............))).).)).)))))...,15,-4.706,27,0,0.000036
2051,.....((((....))))....((((.......))))....((.(((((......)))))....))...,15,-4.706,38,0,0.000036
2052,...((((.(((....)))))))..(.......)..((.....))((((......))))..........,14,-4.705,18,0,0.000036
2053,......(((....)))............((.(((.........(((((......))))))))...)).,13,-4.705,38,0,0.000036
2054,...((((.(((....))))))).....(((.(((..........((((......)))).)))...))),17,-4.705,20,0,0.000036
2055,...((((.(((....)))))))..(((((...(.(....))...((((......))))..)))))...,18,-4.705,3,0,0.000036
2056,...((((..((....)).)))).(((.....(((.........(((((......)))))))).)))..,17,-4.704,18,0,0.000036
2057,...((((((....))))...))......................((((......))))...(....).,11,-4.704,28,0,0.000036
2058,...((((.(((....))))))).(((((..(.............((((......)))))..)))))..,17,-4.704,10,0,0.000036
2059,...((((((....)))...)))..(((((...(((...)))...(((.((...)))))..)))))...,19,-4.703,18,0,0.000036
2060,...((((((....)))...)))..(((((...(((...)))...((((.(...)))))..)))))...,19,-4.703,15,0,0.000036
2061,...((((.(((....))))))).(.........)..........((((......))))..........,12,-4.703,15,0,0.000036
2062,...((((.(.(....)).)))).((((((...((.....))...((((......))))..))))))..,18,-4.703,6,0,0.000036
2063,....(((..((....)).)))...(((((...(((...)))...((((......))))..)))))...,17,-4.703,6,0,0.000036
2064,...(((.............)))......((.(((.........(((((......))))))))...)).,13,-4.702,29,0,0.000036
2065,.(...(((......))).)....((((((...(((...)))...((((......))))..))))))..,17,-4.702,21,0,0.000036
2066,...((((..((....)).)))).............((.....))((((......))))...(....).,13,-4.701,21,0,0.000036
2067,.....((((....)))).((.......))...((.....))...((((......))))..........,12,-4.701,27,0,0.000036
2068,...((((.(((....)))))))......((.(((.....((..((........))..)))))...)).,16,-4.7,30,0,0.000036
2069,...((((.(((....)))))))..(((....(((.....((..(((.....).))..))))))))...,18,-4.7,22,0,0.000036
2070,...((((.((......))))))..(((.(...((.....))...((((......))))..).)))...,16,-4.7,4,0,0.000036
2071,...((((..((....)).)))).((((((..(((.....))..)((((......))))..))))))..,19,-4.7,6,0,0.000036
2072,...((((.(((....)))))))......((....))........(((..(...).)))..........,13,-4.699,21,0,0.000036
2073,...((((...........))))......((....))....(...((((......))))....).....,11,-4.699,23,0,0.000036
2074,...((((.(((....)))))))..(((((.((.(.((...((....))..))...).)).)))))...,19,-4.699,20,0,0.000035
2075,.(.((((...........))))..).......((.....))...(((........)))..........,10,-4.699,19,0,0.000035
2076,...((((.(((....))))))).........(((.((...................)).)))......,12,-4.698,26,0,0.000035
2077,...((((..(......).)))).((((((...((.....))...(((........)))..))))))..,16,-4.698,8,0,0.000035
2078,....((.....))..........((((((...((.....))...((((......))))..))))))..,14,-4.697,18,0,0.000035
2079,......(((....)))....((.........))......(((.(((((......)))))....)))..,13,-4.697,36,0,0.000035
2080,.(...((((....))))...)..((((((...((.....))...((((......))))..))))))..,17,-4.697,20,0,0.000035
2081,.(.((((...........))))..).......((.....))...((((......)))).((...))..,13,-4.696,19,0,0.000035
2082,...((((..((....)).))))..(((((...((.....))...((..(.....).))..)))))...,16,-4.695,7,0,0.000035
2083,...((((.(((....)))))))((.((.....))..))......((((......))))..........,15,-4.694,18,0,0.000035
2084,...((((.(((....))))))).((((((.(......)......((((......))))..))))))..,18,-4.694,8,0,0.000035
2085,...((((.(((....)))))))....(.....).......((..((((......)))).....))...,14,-4.693,15,0,0.000035
2086,.(.((((((....)))...)))..)....(.(((.........(((((......)))))))).)....,16,-4.693,31,0,0.000035
2087,.(.((((..((....)).))))..).......(((...)))...(((........)))..........,13,-4.692,17,0,0.000035
2088,...((((.(((....)))))))..(((((.((.(.((...(..((...)).))).).)).)))))...,20,-4.692,23,0,0.000035
2089,...((((.((......))))))..........(((...)))...(((........)))..........,12,-4.692,16,0,0.000035
2090,......(((....)))...(((.........))).(((...)))((((......))))..........,13,-4.691,38,0,0.000035
2091,...((((((....)))...)))......................((((......))))...(....).,11,-4.69,26,0,0.000035
2092,...((((.((......))))))..(((.................((((......))))....)))...,13,-4.69,10,0,0.000035
2093,...((((..((....)).)))).........(((.........(((..((...)).))))))......,14,-4.69,27,0,0.000035
2094,.(.((((..((....)).))))..).......(((...)))...((((......)))).((...))..,16,-4.69,17,0,0.000035
2095,..(..((((....)))).).....(((((...((.....))...(((........)))..)))))...,15,-4.689,20,0,0.000035
2096,...((((.((......))))))..........(((...)))...((((......)))).((...))..,15,-4.689,16,0,0.000035
2097,.(.((((...........))))..)......(((.(((...)))((((......)))).)))......,15,-4.688,29,0,0.000035
2098,......(((....)))....((.....))...............((((......))))..........,9,-4.688,31,0,0.000035
2099,...((((..((....)).))))..(...)...........(..(((((......)))))..)......,13,-4.688,18,0,0.000035
2100,...((((.(((....)))))))..(...)...(((...)))....(((......)))...........,14,-4.688,14,0,0.000035
2101,...((((...........))))...((.....)).((.....))((((......))))..........,12,-4.686,24,0,0.000035
2102,...((((.(((....))))))).((((....(((.........(((..((...)).))))))))))..,19,-4.686,21,0,0.000035
2103,...((((..((....)).))))....(.....)......(((.(((((......)))))....)))..,15,-4.686,20,0,0.000035
2104,...((((.(((....)))))))..(((((...(.......)...(((.((...)))))..)))))...,18,-4.686,7,0,0.000035
2105,...((((.(((....)))))))..(((((...(.......)...((((.(...)))))..)))))...,18,-4.686,4,0,0.000035
2106,...((((...........))))...((.....)).....(((.(((((......)))))....)))..,14,-4.685,24,0,0.000035
2107,...(((..(((....))).))).........((..((.....))((((......))))..))......,14,-4.685,21,0,0.000035
2108,.(.((((.(((....)))))))..)...............((..((((......)))).....))...,14,-4.685,16,0,0.000035
2109,...((((..((....)).))))..(((((.((.((((...((....))..)))..).)).)))))...,19,-4.685,24,0,0.000035
2110,.(.((((..((....)).))))..).......((.....))....(((......)))...........,12,-4.685,15,0,0.000035
2111,...((((.((......))))))..(...)...............((((......))))..........,11,-4.685,16,0,0.000035
2112,...((((.((......))))))..........((.....))....(((......)))...........,11,-4.684,14,0,0.000035
2113,...((((..((....)).)))).(((((....((.........(((((......))))))))))))..,18,-4.683,13,0,0.000035
2114,...((((..(......).))))...((.....))..........((((......))))..........,11,-4.683,18,0,0.000035
2115,...((((...........))))..(((((...(((...))).(.((((......))))).)))))...,17,-4.682,10,0,0.000035
2116,...((((..((....)).)))).((((....(((.........((((.((...)))))))))))))..,19,-4.68,21,0,0.000034
2117,...((((..((....)).)))).((((....(((.........(((((.(...)))))))))))))..,19,-4.68,18,0,0.000034
2118,...((((..((....)).))))...((.....)).(((...)))((((......))))..........,15,-4.68,22,0,0.000034
2119,...((((..(....)...))))..........((.....))...((((......))))..........,11,-4.68,17,0,0.000034
2120,...((((.(((....))))))).......((.....)).......(((......)))...........,12,-4.679,20,0,0.000034
2121,...((((.(((....)))))))..(((((...(((((.............))))).....)))))...,17,-4.679,19,0,0.000034
2122,...((((.(((....))))))).................((..((((........))))...))....,13,-4.679,18,0,0.000034
2123,.(.((((..((....)).))))..)..............(((.(((((......)))))....)))..,15,-4.678,21,0,0.000034
2124,...((((.((......)))))).................(((.(((((......)))))....)))..,14,-4.677,20,0,0.000034
2125,.........(((((.(...(((.........)))..........((((......))))...).))))),13,-4.677,35,0,0.000034
2126,...((((.(((....))))))).........((((((.............)))......)))......,13,-4.676,30,0,0.000034
2127,...((((..(......).))))..(((((......(((...)))((((......))))..)))))...,17,-4.676,14,0,0.000034
2128,...((((.(((....))))))).............(((...)))....((...)).............,12,-4.675,31,0,0.000034
2129,...((((.(((....))))))).((.......))..........((((......))))...(....).,14,-4.675,16,0,0.000034
2130,((.((((.(((....))))))).((((((...((.....))...((((......))))..)))))))),21,-4.675,6,0,0.000034
2131,...((((..((....)).))))......((....))....(..((((........))))..)......,13,-4.674,23,0,0.000034
2132,.(.((((..((....)).))))..)...(...........)...((((......))))..........,12,-4.674,17,0,0.000034
2133,((.(((..(((....))).)))..)).....(((.........(((((......))))))))......,16,-4.673,22,0,0.000034
2134,...((((.((......))))))......(...........)...((((......))))..........,11,-4.673,16,0,0.000034
2135,...((((.((......)))))).((((((...(((...)))...(((.((...)))))..))))))..,20,-4.673,11,0,0.000034
2136,...((((.((......)))))).((((((...(((...)))...((((.(...)))))..))))))..,20,-4.673,8,0,0.000034
2137,...((((..((....)).)))).((((....(((..........((((......)))).)))))))..,17,-4.673,14,0,0.000034
2138,...((((.(((....)))))))..........(((...)))..((...))......(...).......,13,-4.673,23,0,0.000034
2139,..(((((.(((....)))))))..)...................((((......))))..........,12,-4.673,15,0,0.000034
2140,...((((.(((....))))))).........(((..(....)..((((......)))).)))......,15,-4.672,18,0,0.000034
2141,.(.((((..((....)).))))..)...((....))........(((........)))..........,12,-4.672,22,0,0.000034
2142,...((((((....))))...))..........((.....))...(((........)))..........,11,-4.672,25,0,0.000034
2143,((.((((.(((....)))))))..))............(.(..(((((......)))))..).)....,16,-4.672,19,0,0.000034
2144,..........((((.(...(.((((.......)))).)......((((......))))...).)))).,14,-4.671,38,0,0.000034
2145,...((((.((......))))))......((....))........(((........)))..........,11,-4.671,21,0,0.000034
2146,...((((.(((....)))))))..(((((...........((....))............)))))...,14,-4.671,13,0,0.000034
2147,...((((...........)))).((((.((....))........((((......))))....))))..,14,-4.67,19,0,0.000034
2148,...((((...........))))..(((((.((.........................)).)))))...,11,-4.67,21,0,0.000034
2149,...((((.(((....)))))))..........(((...)))..((...))..(.(.(...)).)....,15,-4.669,24,0,0.000034
2150,.(.((((..((....)).))))..)...((....))........((((......)))).((...))..,15,-4.669,22,0,0.000034
2151,...((((((....))))...))..........((.....))...((((......)))).((...))..,14,-4.669,25,0,0.000034
2152,...((((.(((....)))))))......(......)........(((........)))..........,11,-4.669,17,0,0.000034
2153,...((((.(((....))))))).........(((.........(.(((......))).))))......,14,-4.669,20,0,0.000034
2154,...((((...(....)..))))..........(((...)))...((((......))))..........,12,-4.669,16,0,0.000034
2155,...((((.((......))))))......((....))........((((......)))).((...))..,14,-4.668,21,0,0.000034
2156,...((((.(((....)))))))..(((((.((((((...............))))..)).)))))...,18,-4.667,20,0,0.000034
2157,...((((...........))))......((....))...(((.(((((......))))..)..)))..,14,-4.666,26,0,0.000034
2158,...((((.(((....)))))))......(......)........((((......)))).((...))..,14,-4.666,17,0,0.000034
2159,...((((..((....)).))))..(((((.((.(.........((........))).)).)))))...,16,-4.666,19,0,0.000034
2160,...((((..(......).))))..(((.....((.....))...((((......))))....)))...,14,-4.665,8,0,0.000034
2161,...((((.(((....))))))).....(((..............((((......)))).......))),14,-4.665,18,0,0.000034
2162,.....((((....))))...((.....))...((.....))...((((......))))..........,12,-4.665,27,0,0.000034
2163,...(((((......)))...)).((((....(((.........(((((......))))))))))))..,17,-4.665,26,0,0.000033
2164,...(((..(((....))).)))..(((((..(...........)((((......))))..)))))...,16,-4.665,8,0,0.000033
2165,...((((.(((....))))))).((((((...(((...)))..((((...)).)).....))))))..,20,-4.664,16,0,0.000033
2166,...((((...........)))).((((((...(((...)))..((........)).....))))))..,15,-4.664,20,0,0.000033
2167,...((((...........)))).......(.((..(((...)))((((......))))..)).)....,14,-4.663,28,0,0.000033
2168,...((((.(((....)))))))..(((((.(((((...)))................)).)))))...,17,-4.663,13,0,0.000033
2169,...((((.(((....))))))).............((.....))((((......)))).(.....)..,14,-4.663,20,0,0.000033
2170,...((((((....))))...)).........(((.(((...)))((((......)))).)))......,16,-4.661,35,0,0.000033
2171,...((((..((....)).))))..(((..((.....))......((((......))))....)))...,15,-4.661,14,0,0.000033
2172,...((((...........))))......((.(((.(((...)))((((......)))).)))...)).,16,-4.661,31,0,0.000033
2173,...((((.(((....))))))).............((.....))((((......))))....(...).,14,-4.661,19,0,0.000033
2174,..(..((((....))))...)..((((((...((.....))...((((......))))..))))))..,17,-4.66,20,0,0.000033
2175,...((((...........))))..(((((.......((...)).((((......))))..)))))...,15,-4.659,14,0,0.000033
2176,...((((..((....)).))))....(....(((.........(((((......))))))))..)...,15,-4.659,20,0,0.000033
2177,...((((.(((....)))))))..((((((.......)......((((......))))..)))))...,17,-4.659,6,0,0.000033
2178,......(((....)))..(.........)...(((...)))...((((......))))..........,11,-4.658,29,0,0.000033
2179,...((((((....)))...)))..........((.....))...(((........)))..........,11,-4.658,23,0,0.000033
2180,...((((.(((....)))))))......((....))..(.(..((((.((...))))))..).)....,17,-4.658,25,0,0.000033
2181,...((((.(((....)))))))......((....))..(.(..(((((.(...))))))..).)....,17,-4.658,22,0,0.000033
2182,...((((.(((....))))))).((((((...((.....))....((........))...))))))..,17,-4.658,6,0,0.000033
2183,...((((.(((....)))))))...((.....))..(.....).((((......))))..........,14,-4.657,16,0,0.000033
2184,...((((...........)))).....(((.(((.((.....))((((......)))).)))...))),16,-4.656,30,0,0.000033
2185,...(((..(((....))).))).......(.(((.((.....))((((......)))).))).)....,16,-4.656,23,0,0.000033
2186,...((((.(.(....).)))))..........((.....))...((((......))))..........,12,-4.656,12,0,0.000033
2187,...((((((....)))...)))..........((.....))...((((......)))).((...))..,14,-4.655,23,0,0.000033
2188,.......................((((((...((.....))...((((......))))..))))))..,12,-4.655,16,0,0.000033
2189,...((((...........))))....(.....).....(.(..(((((......)))))..).)....,12,-4.655,23,0,0.000033
2190,...((((..((....)).))))..(((((..(.(.......).)((((......))))..)))))...,17,-4.655,9,0,0.000033
2191,...((((.(((....)))))))..(((((.((((.....))..((...)).......)).)))))...,18,-4.654,14,0,0.000033
2192,.(.((((.(((....)))))))..)...((....))..(.(...((((......))))...).)....,16,-4.654,19,0,0.000033
2193,((.((((..((....)).))))..))......((.....))...((((......))))...(....).,15,-4.654,15,0,0.000033
2194,.....((((....))))....((.(((((...(((...)))...((((......))))..))))))).,18,-4.653,22,0,0.000033
2195,.....((((....))))....(.((((((...(((...)))...((((......))))..))))))).,18,-4.653,22,0,0.000033
2196,...((((((....))))...)).((((((...((.....))...(((.((...)))))..))))))..,19,-4.653,20,0,0.000033
2197,...((((((....))))...)).((((((...((.....))...((((.(...)))))..))))))..,19,-4.653,17,0,0.000033
2198,.(.(((.............)))..).......(((...)))...((((......))))..........,11,-4.653,21,0,0.000033
2199,......(((....)))........(((((...(((...)))...(((........)))..)))))...,14,-4.652,21,0,0.000033
2200,...((((.(((....)))))))......((....)).......((...))......(...).......,12,-4.652,28,0,0.000033
2201,..((..(.....).)).......((((((...(((...)))...((((......))))..))))))..,16,-4.652,21,0,0.000033
2202,...(((..(((....))).)))......((....))...((...((((......))))....))....,14,-4.651,19,0,0.000033
2203,...((((.(((....))))))).................((..(((((......))))..).))....,14,-4.651,15,0,0.000033
2204,...(((((......))...))).((((....(((.........(((((......))))))))))))..,17,-4.651,24,0,0.000033
2205,...(.((((((.(((....(((.........)))...........))).)).)))).)..........,13,-4.651,45,0,0.000033
2206,...((((.(((....))))))).(((..(...(((...)))...((((......))))..)..)))..,18,-4.651,8,0,0.000033
2207,...((((.(((....)))))))..(...)..((..(((...)))((((......))))..))......,17,-4.651,21,0,0.000033
2208,...((((..((....)).)))).....(((.(((.(((...)))((((......)))).)))...))),19,-4.65,28,0,0.000033
2209,....(((...........)))..((((((...(((...)))...((((......))))..))))))..,16,-4.65,12,0,0.000033
2210,...((((.(((....))))))).......(....).........((((......))))...(....).,13,-4.65,17,0,0.000033
2211,...((((.(((....)))))))..........((.....))....(.....)................,10,-4.649,19,0,0.000033
2212,...(((.............)))..(((((...(((...)))...(((........)))..)))))...,14,-4.649,12,0,0.000033
2213,...((((.(((....)))))))......((....)).......((...))..(.(.(...)).)....,14,-4.648,29,0,0.000033
2214,...((((.(((....)))))))..............................................,7,-4.648,22,0,0.000033
2215,...((((((....)))...))).........(((.(((...)))((((......)))).)))......,16,-4.648,33,0,0.000033
2216,...((((...(....)..))))......((....))........((((......))))..........,11,-4.648,21,0,0.000033
2217,.(.((((..((....)).))))..)......((..((.....))((((......))))..))......,15,-4.648,22,0,0.000033
2218,...((((((....))))...)).((((((...(.......)...((((......))))..))))))..,17,-4.647,17,0,0.000033
2219,...((((.(((....)))))))...(..((....)).)..(..(((((......)))))..)......,16,-4.647,20,0,0.000033
2220,...((((.((......)))))).........((..((.....))((((......))))..))......,14,-4.647,21,0,0.000033
2221,...((((.(((....)))))))......((....))...(((.(.(((......)))...)..)))..,16,-4.647,22,0,0.000033
2222,..((.((.....))))....((.........))...........((((......))))..........,10,-4.647,33,0,0.000033
2223,.(.((((...........))))..).............(.(..(((((......)))))..).)....,12,-4.647,24,0,0.000033
2224,...((((..((....)).)))).......(.(((.((.....)).(((......)))..))).)....,15,-4.646,25,0,0.000032
2225,...((.(.(((....)))).)).((((((...((.....))...((((......))))..))))))..,18,-4.645,4,0,0.000032
2226,...((((.(((....))))))).((.(((...((.....))...((((......))))..))).))..,18,-4.645,4,0,0.000032
2227,...((((.(((....))))))).(.((((...((.....))...((((......))))..)))).)..,18,-4.645,4,0,0.000032
2228,...((((..((....)).))))..........((.....))...((..........))..........,10,-4.645,16,0,0.000032
2229,...((((...........)))).........(((..(.....).((((......)))).)))......,12,-4.645,24,0,0.000032
2230,...((((.(((....)))))))..........((.....))..((...))....((.......))...,13,-4.644,21,0,0.000032
2231,...((((.(((....)))))))...((((......(((...)))((((......))))..))))....,18,-4.644,12,0,0.000032
2232,...(((..(((....))).))).............(((...)))((((......))))..........,13,-4.644,22,0,0.000032
2233,.(.(..(((((........(((.........)))......)))))..).)......(...).......,11,-4.643,43,0,0.000032
2234,...((((.(((....))))))).......................(((......)))....(....).,11,-4.643,17,0,0.000032
2235,...((((.(((....)))))))..(((((.((((.....)).......((...))..)).)))))...,18,-4.643,14,0,0.000032
2236,...(((((......)...)))).........(((.........(((((......))))))))......,13,-4.642,26,0,0.000032
2237,....(((((....))).))..(((.........)))........((((......))))..........,12,-4.641,35,0,0.000032
2238,....(((((....)))).)..(((.........)))........((((......))))..........,12,-4.641,35,0,0.000032
2239,...((((((....)))...))).((((((...((.....))...(((.((...)))))..))))))..,19,-4.639,18,0,0.000032
2240,...((((((....)))...))).((((((...((.....))...((((.(...)))))..))))))..,19,-4.639,15,0,0.000032
2241,.(.(..(((((........(((.........)))......)))))..).)..(.(.(...)).)....,13,-4.639,44,0,0.000032
2242,...((((..((....)).))))..........((.....))..((...))....(.(...).).....,12,-4.639,23,0,0.000032
2243,...((((..((....)).)))).........(((..((...)).((((......)))).)))......,15,-4.639,22,0,0.000032
2244,...((((.(((....)))))))..(((((.((..((...............))....)).)))))...,16,-4.638,19,0,0.000032
2245,..(..(((......))).)..(((.........)))........((((......))))..........,11,-4.638,35,0,0.000032
2246,.(.((((.(((....)))))))..)....((.....))..(..(((((......)))))..)......,16,-4.638,21,0,0.000032
2247,......(((....)))............((....))....(..(((((......)))))..)......,11,-4.638,36,0,0.000032
2248,...((((.(((....)))))))..(((((.((.(.........(((.....).))).)).)))))...,18,-4.638,18,0,0.000032
2249,((.((((.(((....)))))))..)).........((.....))((((......))))..........,15,-4.637,20,0,0.000032
2250,...((((..((....)).)))).((((((.((.(.(((.............))).).)).))))))..,18,-4.636,25,0,0.000032
2251,...((((.(((....))))))).........(((.((.....))(((.((...))))).)))......,17,-4.636,25,0,0.000032
2252,...((((.(((....))))))).........(((.((.....))((((.(...))))).)))......,17,-4.636,22,0,0.000032
2253,...(.((((....))))....)..(((((...(((...)))...((((......))))..)))))...,17,-4.636,17,0,0.000032
2254,...((((.(((....))))))).((((....(((..((...)).((((......)))).)))))))..,20,-4.635,16,0,0.000032
2255,.....((((....))))............(.(((.........(((((......)))))))).)....,13,-4.635,36,0,0.000032
2256,((.((((.((......))))))..)).....(((.........(((((......))))))))......,16,-4.635,22,0,0.000032
2257,...(((.............)))......((....))....(..(((((......)))))..)......,11,-4.635,27,0,0.000032
2258,...((((.(((....)))))))..................((....))....................,9,-4.634,23,0,0.000032
2259,...((((((....)))...))).((((((...(.......)...((((......))))..))))))..,17,-4.634,15,0,0.000032
2260,..(..((((....)))).)..((((.......))))....(..(((((......)))))...).....,15,-4.634,38,0,0.000032
2261,...((((.(((....)))))))...((.....((.....))...((((......))))....))....,15,-4.634,6,0,0.000032
2262,...((((.(((....)))))))..(...)(.(((.........(((((......)))))))).)....,17,-4.632,19,0,0.000032
2263,......((......)).......((((....(((.........(((((......))))))))))))..,14,-4.632,30,0,0.000032
2264,....(((.(((....))))))...........(((...)))...((((......))))..........,13,-4.632,14,0,0.000032
2265,...((((.(((....)))))))((.........)).........((((......))))..........,13,-4.632,17,0,0.000032
2266,...((((...........)))).......(.......)......((((......))))..........,9,-4.632,22,0,0.000032
2267,...((((...........))))..(...)...(((...)))...((((......))))...(....).,13,-4.632,19,0,0.000032
2268,.(.(((.............)))..)...((....))........((((......))))..........,10,-4.632,26,0,0.000032
2269,...((((.(((....)))))))....(((....................)))....(...).......,11,-4.632,25,0,0.000032
2270,.(.((((.(((....)))))))..).......((.....))..((...))..................,12,-4.631,22,0,0.000032
2271,..(((((.(((....)))))))....).....((.....))...((((......))))..........,14,-4.631,11,0,0.000032
2272,..(..((.....)).).......((((((...((.....))...((((......))))..))))))..,15,-4.631,19,0,0.000032
2273,...((((.(((....))))))).((((((....(........).((((......))))..))))))..,18,-4.63,7,0,0.000032
2274,..(..((((....)))).)....((((((...(((...)))...(((........)))..))))))..,17,-4.63,24,0,0.000032
2275,...((((...........))))..........((.....))...((((......)))).(...)....,11,-4.63,17,0,0.000032
2276,.....((((....))))..(((.........)))..........((((......))))...(....).,12,-4.63,33,0,0.000032
2277,...((((((....))...))))..(((((......((.....))((((......))))..)))))...,17,-4.63,17,0,0.000032
2278,...((((..((....)).))))..................(...((((......))))....).....,11,-4.629,16,0,0.000032
2279,...((((.(((....)))))))......((....))((...)).((((......))))..........,15,-4.629,21,0,0.000032
2280,...((((..((....)).))))......((.(((.........(((((......)))))))).)..).,16,-4.629,22,0,0.000032
2281,...((((...........))))..(((((......(((...))).(((......)))...)))))...,15,-4.628,18,0,0.000032
2282,...((((.(((....))))))).............((.....))((((......))))..(...)...,14,-4.628,18,0,0.000032
2283,...((((.(((....))))))).((((........(((...)))((((......))))....))))..,18,-4.628,16,0,0.000031
2284,......(((....)))..(((..........(((.........(((((......)))))))))))...,14,-4.628,35,0,0.000031
2285,...((((.(((....)))))))..(((((....((...))....((((......))))..)))))...,18,-4.628,4,0,0.000031
2286,...((((.(((....)))))))..(((((..............((........)).....)))))...,14,-4.627,14,0,0.000031
2287,...((((.(((....)))))))..(((.(...((.....))...(((........)))..).)))...,16,-4.626,4,0,0.000031
2288,...((((.((......))))))..(((((..(...........)((((......))))..)))))...,16,-4.626,8,0,0.000031
2289,...((((.(((....)))))))..(((((...(...........((((......))))).)))))...,17,-4.626,5,0,0.000031
2290,......(((....)))....((.........))..(((...)))((((......))))..........,12,-4.626,38,0,0.000031
2291,.....(((......)))...((.........))...........((((......))))..........,9,-4.626,31,0,0.000031
2292,..........((((.(....((.........))..((.....))((((......))))...).)))).,13,-4.625,38,0,0.000031
2293,...((((.(((....)))))))..........((.....))...((..(.....).))..........,12,-4.625,15,0,0.000031
2294,...((((.(((....)))))))..(((.....((.....))....(((......))).....)))...,15,-4.625,6,0,0.000031
2295,....((.((....))..)).....(((((...((.....))...((((......))))..)))))...,15,-4.625,17,0,0.000031
2296,.(...((((....)))).)....((((....(((.........(((((......))))))))))))..,17,-4.624,32,0,0.000031
2297,...((((.(((....))))))).........((...((...)).((((......))))..))......,15,-4.624,19,0,0.000031
2298,...((((...........)))).......((.....))......((((......))))...(....).,11,-4.624,25,0,0.000031
2299,...((((..((....)).))))..........(((...)))...((((......)))).(...)....,14,-4.624,15,0,0.000031
2300,...((((.(((....)))))))..(((((.....(......)..((((......))))..)))))...,17,-4.623,6,0,0.000031
2301,...((((...........))))..(((((....((......)).((((......))))..)))))...,15,-4.623,13,0,0.000031
2302,...((((...........)))).((((((((.....))......((((......))))..))))))..,16,-4.623,16,0,0.000031
2303,...((((..(......).))))..........(((...)))...((((......))))...(....).,13,-4.622,17,0,0.000031
2304,...((((.(((....))))))).........(((.....((....(((......))))))))......,15,-4.622,19,0,0.000031
2305,...((((.(((....))))))).((((((.......(....)..((((......))))..))))))..,18,-4.622,8,0,0.000031
2306,...(((..(((....))).)))..........(((...)))...((((......)))).(.....)..,14,-4.622,16,0,0.000031
2307,......(((....))).......((((((...((.....))...(((.((...)))))..))))))..,16,-4.621,24,0,0.000031
2308,......(((....))).......((((((...((.....))...((((.(...)))))..))))))..,16,-4.621,21,0,0.000031
2309,...((((...........))))....(.....)..((.....))((((......))))..........,11,-4.621,24,0,0.000031
2310,......(((....)))...(((.........)))..........(((........)))..........,9,-4.621,34,0,0.000031
2311,.(.((((.(((....)))))))..).......((.....)).......((...)).............,12,-4.62,22,0,0.000031
2312,...((((((....))))...))................(.(..(((((......)))))..).)....,13,-4.62,30,0,0.000031
2313,.(.((((.(((....)))))))....).................((((......))))..........,12,-4.62,15,0,0.000031
2314,...((((..((....)).))))......((.((..((.....))((((......))))..))...)).,16,-4.62,24,0,0.000031
2315,...(((..(((....))).)))..........(((...)))...((((......))))....(...).,14,-4.62,15,0,0.000031
2316,...((((..((....)).))))..........((.....))...(((.(.....))))..........,12,-4.619,15,0,0.000031
2317,...((((...........))))..........((.....))...((..((...)).))..........,10,-4.619,23,0,0.000031
2318,.(.((((..((....)).))))..)....(.(((.((.....))((((......)))).))).)....,17,-4.619,24,0,0.000031
2319,...((((...........)))).((((((...((.....)).(.((((......))))).))))))..,17,-4.618,10,0,0.000031
2320,....(((((....))).))............(((.........(((((......))))))))......,13,-4.618,35,0,0.000031
2321,....(((((....)))).)............(((.........(((((......))))))))......,13,-4.618,35,0,0.000031
2322,...((((.((......)))))).......(.(((.((.....))((((......)))).))).)....,16,-4.618,23,0,0.000031
2323,......(((....)))...(((.........)))..........((((......)))).((...))..,12,-4.618,34,0,0.000031
2324,...((((.(((....)))))))..........(((...)))..((((...)).)).............,14,-4.617,24,0,0.000031
2325,...((((...........))))..........(((...)))..((........)).............,9,-4.617,28,0,0.000031
2326,...((((.(((....)))))))..(((.................(((........)))....)))...,13,-4.617,10,0,0.000031
2327,......(((....)))....(.......)..(((.........(((((......))))))))......,12,-4.616,35,0,0.000031
2328,...((((.(((....)))))))..........(((...)))...(((........))).((...))..,15,-4.616,16,0,0.000031
2329,..(..(((......))).)............(((.........(((((......))))))))......,12,-4.616,35,0,0.000031
2330,......(((....))).......((((((...(.......)...((((......))))..))))))..,14,-4.615,21,0,0.000031
2331,...((((.(((....)))))))....(((..(...............).)))..(.(...).).....,13,-4.615,26,0,0.000031
2332,((.((((.(((....)))))))..))......((.....))...((((......)))).(.....)..,16,-4.615,14,0,0.000031
2333,...((((.(((....)))))))..........(((...))).............(.(...).).....,12,-4.615,20,0,0.000031
2334,...((((..((....)).))))....(.....)..(((...)))((((......))))..........,14,-4.615,22,0,0.000031
2335,.(.((((.(((....)))))))..)((.....))..........((((......))))..........,14,-4.614,15,0,0.000031
2336,.(.((((..((....)).))))..)...((....))...((...((((......))))....))....,15,-4.613,20,0,0.000031
2337,....(((((....)))).)..((((.......))))........((((......))))...(....).,14,-4.613,36,0,0.000031
2338,....(((((....))).))..((((.......))))........((((......))))...(....).,14,-4.613,36,0,0.000031
2339,...((((.(((....)))))))..(.......)......((..(((((......)))))...))....,15,-4.613,16,0,0.000031
2340,...((((.((......))))))......((....))...((...((((......))))....))....,14,-4.613,19,0,0.000031
2341,((.((((.(((....)))))))..))......((.....))...((((......))))....(...).,16,-4.613,13,0,0.000031
2342,..(..((((....)))).)..((((.......))))....((..((((......)))).....))...,15,-4.613,37,0,0.000031
2343,...((((..((....)).))))..........(((...)))...((..((...)).))..........,13,-4.613,21,0,0.000031
2344,.(.((((...........))))..)..........((.....))((((......))))..........,11,-4.612,25,0,0.000031
2345,...((((..(......).)))).((((((......((.....))((((......))))..))))))..,17,-4.612,14,0,0.000031
2346,...((((.(((....))))))).((((((.((...((...............))...)).))))))..,17,-4.612,21,0,0.000031
2347,...((((..((....)).)))).((((((...(((...))).(.((((......))))).))))))..,20,-4.612,8,0,0.000031
2348,......(((....))).....(((.........)))........((((......))))...(....).,11,-4.612,36,0,0.000031
2349,....(((.(((....)))))).......((....))........((((......))))..........,12,-4.612,19,0,0.000031
2350,...((((.(((....)))))))..(...)...............(((........)))..........,11,-4.611,16,0,0.000031
2351,((...(((......))).)).((((.......))))........((((......))))..........,13,-4.611,36,0,0.000031
2352,...((((.(((....)))))))......(......)...((...((((......))))....))....,14,-4.611,15,0,0.000031
2353,...((((.(((....)))))))..........((.....))....((........))...........,11,-4.611,14,0,0.000031
2354,...((((.(((....))))))).........(((.(.......((...)).......).)))......,13,-4.611,28,0,0.000031
2355,..(..(((......))).)..((((.......))))........((((......))))...(....).,13,-4.61,36,0,0.000031
2356,...((((...........))))..(((((.((.(.((...((....))....)).).)).)))))...,16,-4.61,26,0,0.000031
2357,...((((..((....)).))))...((.....))..........(((........)))..........,11,-4.61,18,0,0.000031
2358,...((((.(((....))))))).........(((....(.(..((........)).).))))......,14,-4.609,28,0,0.000030
2359,...((((...........))))..(((((......((.....))(((........)))..)))))...,14,-4.609,16,0,0.000030
2360,...((((.(((....)))))))..(...)...............((((......)))).((...))..,14,-4.608,16,0,0.000030
2361,...((((..((....)).))))..(((((.((...........((...)).......)).)))))...,15,-4.608,20,0,0.000030
2362,((.((((..((....)).))))..))..((.(((.........(((((......))))))))...)).,18,-4.608,25,0,0.000030
2363,...((.(((....)))....)).......(.(((.........(((((......)))))))).)....,14,-4.608,32,0,0.000030
2364,...((((.(((....))))))).(((((.(..............((((......)))))..)))))..,17,-4.608,10,0,0.000030
2365,...((((..((....)).))))...((.....))..........((((......)))).((...))..,14,-4.607,18,0,0.000030
2366,...((((.(((....)))))))..(((((...(((...))).(..(((......))).).)))))...,19,-4.607,6,0,0.000030
2367,...((((((....)))...)))................(.(..(((((......)))))..).)....,13,-4.606,28,0,0.000030
2368,.(.((((..((....)).))))..)..........(((...)))((((......))))..........,14,-4.606,23,0,0.000030
2369,...((((.(((....))))))).......(.(((.........(((..........)))))).)....,14,-4.606,23,0,0.000030
2370,...((((.((......)))))).............(((...)))((((......))))..........,13,-4.606,22,0,0.000030
2371,...((((...........)))).((((((...(((...)))...((..........))..))))))..,15,-4.605,14,0,0.000030
2372,...((((.(((....)))))))(((.......))).........((((......))))...(....).,15,-4.605,18,0,0.000030
2373,.....((((....))))..(((..(...)..)))..........((((......))))..........,12,-4.604,32,0,0.000030
2374,...((((.(((....))))))).................(((.((((........))))....)))..,14,-4.604,20,0,0.000030
2375,...(((..(((....))).))).....((...........))..((((......))))..........,12,-4.603,17,0,0.000030
2376,..(..((((....)))).).....(((((......((.....))((((......))))..)))))...,16,-4.603,26,0,0.000030
2377,...((((..((....)).))))......((....))........((((......)))).(...)....,13,-4.603,20,0,0.000030
2378,...((((..((....)).))))..(((((......(((...)))(((........)))..)))))...,17,-4.602,14,0,0.000030
2379,...((((.(........)))))..(((....(((.........(((((......)))))))))))...,16,-4.602,16,0,0.000030
2380,...((((.(((....)))))))..........(((...)))..((...))..(.(......).)....,14,-4.602,24,0,0.000030
2381,......((......)).....((((.......))))...((..(((((......)))))...))....,13,-4.601,36,0,0.000030
2382,...((((..(......).))))......((....))........((((......))))...(....).,12,-4.601,22,0,0.000030
2383,...((((.(((....)))))))..........(((...)))..(((((......))))........).,15,-4.601,14,0,0.000030
2384,...(((..(((....))).)))......((....))........((((......)))).(.....)..,13,-4.601,21,0,0.000030
2385,...(((..(((....))).)))..((.((...((.....))...((((......))))..)).))...,16,-4.601,4,0,0.000030
2386,...((((...........))))....(((..((..(((...)))..)).)))................,12,-4.6,38,0,0.000030
2387,...((((.(((....)))))))......(...........)...(((........)))..........,11,-4.6,16,0,0.000030
2388,..((((.....)).)).....(((.........)))........((((......))))..........,11,-4.6,36,0,0.000030
2389,...((((..((....)).)))).((((((.((.........................)).))))))..,14,-4.6,19,0,0.000030
2390,...((((.(((....))))))).((((((.((((.....))................)).))))))..,17,-4.6,13,0,0.000030
2391,...((((.(((....))))))).......((.....))..(..(((((......)))))...).....,15,-4.599,20,0,0.000030
2392,...((((..((....)).))))......(......)........((((......))))...(....).,12,-4.599,18,0,0.000030
2393,...((((.(((....)))))))..(((((..(.(.....)...)((((......))))..)))))...,18,-4.599,4,0,0.000030
2394,...(((..(((....))).)))......((....))........((((......))))....(...).,13,-4.599,20,0,0.000030
2395,...((((.(((....)))))))..(((((.((.(.(((..(.......)..))).).)).)))))...,19,-4.598,22,0,0.000030
2396,....(((..((....)).)))((((.......))))........((((......))))..........,13,-4.598,22,0,0.000030
2397,...((((.(.....)...)))).......(.(((.........(((((......)))))))).)....,14,-4.598,26,0,0.000030
2398,...((((.(....)....)))).((((((...(((...)))...((((......))))..))))))..,18,-4.597,11,0,0.000030
2399,...((((.(((....)))))))......(...........)...((((......)))).((...))..,14,-4.597,16,0,0.000030
2400,...((((.(((....)))))))......((....)).......((((...)).)).............,13,-4.597,29,0,0.000030
2401,...((((...........))))......((....)).......((........)).............,8,-4.597,33,0,0.000030
2402,...((((..((....)).)))).................(((.(((((......))))..)..)))..,14,-4.596,19,0,0.000030
2403,((.(((..(((....))).)))..))......(((...)))...((((......))))..........,15,-4.596,16,0,0.000030
2404,...((((...........)))).((((((.......(.....).((((......))))..))))))..,15,-4.595,14,0,0.000030
2405,...(((..(((....))).)))..(((((...((.....))...((..((...)).))..)))))...,17,-4.595,9,0,0.000030
2406,...((((.(((....)))))))......((....))........(((........))).((...))..,14,-4.595,21,0,0.000030
2407,...(((.((....))....)))..(((((...(((...)))...((((......))))..)))))...,17,-4.594,13,0,0.000030
2408,...(((..(((....))).)))..(((....(((.(((...)))((((......)))).))))))...,19,-4.594,18,0,0.000030
2409,((...((((....)))).))....(((((...(((...)))...((((......))))..)))))...,18,-4.594,21,0,0.000030
2410,...((((.(((....)))))))......((....))..................(.(...).).....,11,-4.594,25,0,0.000030
2411,...((((.(((....))))))).........((..(((...))).(((......)))...))......,15,-4.593,23,0,0.000030
2412,.(...((((....)))).)..((((.......))))...((..(((((......)))))...))....,16,-4.593,38,0,0.000030
2413,...((((.(((....)))))))...........((......)).((((......))))..........,13,-4.593,17,0,0.000030
2414,((.((((.(((....)))))))..))..((....))....((.(((((......)))))....))...,18,-4.592,22,0,0.000030
2415,...((((..((....)).))))......((....))........((..((...)).))..........,12,-4.592,26,0,0.000030
2416,...((((..((....)).))))..(((.....((.....))...(((........)))....)))...,14,-4.592,8,0,0.000030
2417,...((((.(((....)))))))...((.....))....(.(...((((......))))...).)....,15,-4.592,15,0,0.000030
2418,...((((.(((....))))))).((.......))....(.(..(((((......)))))..).)....,16,-4.591,18,0,0.000030
2419,...((((.(((....)))))))....(.....)...........(((.((...)))))..........,13,-4.591,19,0,0.000030
2420,...((((.(((....)))))))....(.....)...........((((.(...)))))..........,13,-4.591,16,0,0.000030
2421,...((((.(((....)))))))....(((..(...((.....))...).)))..(.(...).).....,15,-4.591,30,0,0.000030
2422,.(.((((...........))))..).......((.....))...((((......)))).(.....)..,12,-4.59,19,0,0.000030
2423,...((((.(((....)))))))....(.....).......(...((((......))))...)......,13,-4.59,14,0,0.000030
2424,...((((...........))))..(((....(((.((.....)).(((......)))..))))))...,15,-4.59,22,0,0.000030
2425,..(..((((....)))).)..(..(((((...((.....))...((((......))))..))))).).,17,-4.59,19,0,0.000030
2426,...((((..((....)).))))..(((((.((.(.(((..((....))...))).).)).)))))...,19,-4.589,24,0,0.000029
2427,...((((..((....)).)))).((((((.......((...)).((((......))))..))))))..,18,-4.589,12,0,0.000029
2428,.(.((((...........))))..).......((.....))...((((......))))....(...).,12,-4.588,18,0,0.000029
2429,....(.(((....)))..).....(((((...((.....))...((((......))))..)))))...,15,-4.588,17,0,0.000029
2430,...((((.(((....))))))).((((((...............................))))))..,13,-4.588,14,0,0.000029
2431,...((((..((....)).))))...((..(.(((.........(((((......)))))))).)))..,17,-4.587,22,0,0.000029
2432,...(((..(((....))).)))..........(((...)))...((((......))))..(...)...,14,-4.587,14,0,0.000029
2433,...((((.(((....)))))))..(((((..(.(.((...............)).).)..)))))...,16,-4.587,17,0,0.000029
2434,...(((..(((....))).)))..(((((.((.(.((...............)).).)).)))))...,16,-4.586,21,0,0.000029
2435,...((((...........)))).((((((..............(((((......))))).))))))..,15,-4.586,14,0,0.000029
2436,...((((.(((....)))))))..................(..((((.((...))))))..)......,14,-4.586,21,0,0.000029
2437,...((((.(((....)))))))..................(..(((((.(...))))))..)......,14,-4.586,18,0,0.000029
2438,...((((((....))))...)).............((.....))((((......))))..........,12,-4.585,31,0,0.000029
2439,...(((.............))).((((((...((.....))...(((........)))..))))))..,14,-4.585,12,0,0.000029
2440,...((((.(((....)))))))......((....))......((((((......)))))....)....,15,-4.585,20,0,0.000029
2441,...((((.(((....)))))))..((((..(.(((...)))...((((......)))))..))))...,19,-4.585,6,0,0.000029
2442,.(.((((..((....)).))))..).......(((...)))...((((......)))).(.....)..,15,-4.584,17,0,0.000029
2443,.(.((((.(((....)))))))..)......(((.(((...))).(((......)))..)))......,17,-4.584,25,0,0.000029
2444,...((((.(((....))))))).((((((...(((...)))...((.(......).))..))))))..,19,-4.584,6,0,0.000029
2445,...((((..((....)).))))..(((....(((.(((...))).(((......)))..))))))...,18,-4.584,20,0,0.000029
2446,...((((.((......))))))..........(((...)))...((((......)))).(.....)..,14,-4.583,16,0,0.000029
2447,((.((((...........))))..)).(((.(((.........(((((......))))))))...))),17,-4.583,30,0,0.000029
2448,...((((.(((....)))))))..........(((...)))..(((((......))))..).......,15,-4.583,13,0,0.000029
2449,.(.((((.(((....)))))))..)...................(((.((...)))))..........,13,-4.583,20,0,0.000029
2450,.(.((((.(((....)))))))..)...................((((.(...)))))..........,13,-4.583,17,0,0.000029
2451,...((((..(......).))))..(...)...((.....))...((((......))))..........,12,-4.583,14,0,0.000029
2452,...((((.(((....))))))).((....(.(((.........(((((......)))))))).)))..,18,-4.582,19,0,0.000029
2453,.(.((((..((....)).))))..).......(((...)))...((((......))))....(...).,15,-4.582,16,0,0.000029
2454,...((((.(.......).)))).......(.(((.........(((((......)))))))).)....,14,-4.582,25,0,0.000029
2455,.(.((((.(((....)))))))..)...............(...((((......))))...)......,13,-4.582,15,0,0.000029
2456,...((((.((......))))))..........(((...)))...((((......))))....(...).,14,-4.581,15,0,0.000029
2457,...((((.(((....)))))))......((....)).......((...))..(.(......).)....,13,-4.581,29,0,0.000029
2458,...((((.(((....)))))))..........((.....))..((........))......(....).,12,-4.581,21,0,0.000029
2459,((.((((.(((....)))))))..))......((.....))...((((......))))..(...)...,16,-4.58,12,0,0.000029
2460,...((((.(((....)))))))......((....)).......(((((......))))........).,14,-4.58,19,0,0.000029
2461,...((((.(((....))))))).......(.(((.........((((.(.....)))))))).)....,16,-4.58,22,0,0.000029
2462,...((((.(((....)))))))......((....))....((....))......(.(...).).....,13,-4.58,26,0,0.000029
2463,...((((...........))))..(((.............(..(((((......)))))..))))...,13,-4.579,16,0,0.000029
2464,...((((...........)))).((((((...(((...)))...(((.(.....))))..))))))..,17,-4.579,13,0,0.000029
2465,...((((.(((....)))))))....(((..((.............)).)))................,12,-4.579,26,0,0.000029
2466,...((((...........))))...((....(((.........(((((......))))))))))....,14,-4.578,20,0,0.000029
2467,...((((.(((....)))))))..(......(((.........(((((......))))))))).....,16,-4.578,18,0,0.000029
2468,...((((.(((....))))))).......((.....))..((..((((......)))).....))...,15,-4.578,19,0,0.000029
2469,.....((((....))))....((((.......))))........(((........)))..........,11,-4.577,37,0,0.000029
2470,..((((.....)).))...............(((.........(((((......))))))))......,12,-4.577,36,0,0.000029
2471,...((((((....))...))))..........((.....))...((((......))))...(....).,13,-4.576,20,0,0.000029
2472,..(....)..((((.(.....((((.......))))........((((......))))...).)))).,14,-4.576,39,0,0.000029
2473,((.(((..(((....))).)))..))..((....))........((((......))))..........,14,-4.575,21,0,0.000029
2474,...((((.(((....))))))).((((((.(((((((...((....))..)))))..)).))))))..,22,-4.575,25,0,0.000029
2475,.....((((....))))....((((.......))))........((((......)))).((...))..,14,-4.574,37,0,0.000029
2476,...((((.(((....)))))))(....)....((.....))...((((......))))..........,14,-4.574,11,0,0.000029
2477,...((((...........)))).......(.(((.........((((.((...))))))))).)....,14,-4.574,30,0,0.000029
2478,...((((...........)))).......(.(((.........(((((.(...))))))))).)....,14,-4.574,27,0,0.000029
2479,...((((.(((....)))))))..(((..((.....))..(..(((((......)))))..))))...,18,-4.574,14,0,0.000029
2480,...((((.(((....))))))).........((..((.....))(((........)))..))......,14,-4.574,21,0,0.000029
2481,...((((.(((....)))))))..(((((.(((((...)))..((((...)).))..)).)))))...,21,-4.573,17,0,0.000029
2482,...((((...........))))..(((((.(((((...)))..((........))..)).)))))...,16,-4.573,21,0,0.000029
2483,......(((....))).........((.....))..........((((......))))..........,9,-4.573,31,0,0.000029
2484,((.((((.(((....)))))))..(((((...(((...)))...((((......))))..))))).)),21,-4.573,6,0,0.000029
2485,...((((..(......).)))).....(((.(((.........(((((......))))))))...))),16,-4.572,26,0,0.000029
2486,.(.(..(((((........(((.........)))......)))))..).)..(.(......).)....,12,-4.572,44,0,0.000029
2487,..((((.....)).)).....((((.......))))........((((......))))...(....).,13,-4.572,37,0,0.000029
2488,...((((((....)))...))).............((.....))((((......))))..........,12,-4.572,29,0,0.000029
2489,...(((...((....))..)))..(((((...((.....))...((((......))))..)))))...,16,-4.572,4,0,0.000029
2490,...(.((((....))))....).((((((...((.....))...((((......))))..))))))..,17,-4.572,17,0,0.000029
2491,..(((((..((....)).))))..).......((.....))...((((......))))..........,13,-4.571,13,0,0.000029
2492,...(((.............)))...((.....))..........((((......))))..........,9,-4.57,22,0,0.000029
2493,....((((......))).).....(((((...((.....))...((((......))))..)))))...,15,-4.57,16,0,0.000029
2494,....((((......)).)).....(((((...((.....))...((((......))))..)))))...,15,-4.57,16,0,0.000029
2495,..((..........))................((.....))...((((......))))..........,8,-4.569,26,0,0.000029
2496,...((((...........)))).((((((.(.(((...)))...((((......))))).))))))..,18,-4.568,12,0,0.000028
2497,.(.((((..((....)).))))..(((((...((.....))...((((......))))..))))).).,18,-4.568,4,0,0.000028
2498,.(.....)....(((...........)))...((.....))...((((......))))..........,10,-4.568,29,0,0.000028
2499,...((((.(((....)))))))....(((......(((...))).....)))..(.(...).).....,15,-4.568,31,0,0.000028
2500,.(.((((...........))))..)...((....))....((.(((((......)))))....))...,14,-4.568,27,0,0.000028
2501,.(.((((.(((....)))))))..)...((....))....(...((((......))))....).....,15,-4.567,18,0,0.000028
2502,...((((.(((....)))))))..((((((..((.....))...((((......))))).)))))...,19,-4.567,2,0,0.000028
2503,...((((.(((....)))))))..(((.....(((...)))...(((.((...)))))....)))...,18,-4.567,11,0,0.000028
2504,...((((.(((....)))))))..(((.....(((...)))...((((.(...)))))....)))...,18,-4.567,8,0,0.000028
2505,...((((...........)))).......(.(((..........((((......)))).))).)....,12,-4.567,23,0,0.000028
2506,...(((..(((....))).)))......((....))........((((......))))..(...)...,13,-4.566,19,0,0.000028
2507,...((((.(........)))))......................((((......))))..........,9,-4.566,18,0,0.000028
2508,......(((....)))........(((((......(((...)))((((......))))..)))))...,15,-4.566,27,0,0.000028
2509,....((.((....))..))....((((((...(((...)))...((((......))))..))))))..,17,-4.566,21,0,0.000028
2510,.(.((((..((....)).))))..)..((...........))..((((......))))..........,13,-4.566,18,0,0.000028
2511,...((((.(((....))))))).......(....)...(.(..(((((......)))))..).)....,15,-4.566,19,0,0.000028
2512,...((((.((......)))))).....((...........))..((((......))))..........,12,-4.565,17,0,0.000028
2513,...(((((......)...))))..........(((...)))...((((......))))..........,12,-4.565,20,0,0.000028
2514,...((((...........)))).((((((......((.....)).(((......)))...))))))..,15,-4.565,18,0,0.000028
2515,...((((.(((....)))))))..(((....(((.........((...)).........))))))...,15,-4.564,21,0,0.000028
2516,...((((.(((....))))))).((((((....(.....)....((((......))))..))))))..,18,-4.564,4,0,0.000028
2517,...((((.(((....)))))))....(((..((..((.....))..)).))).........(....).,15,-4.564,31,0,0.000028
2518,...((((..((....)).))))..(((((.(((((((.............)))))..)).)))))...,18,-4.563,24,0,0.000028
2519,.(.((((..((....)).))))..)...((....))........((((......)))).(.....)..,14,-4.563,22,0,0.000028
2520,...((((((....))))...))..........((.....))...((((......)))).(.....)..,13,-4.563,25,0,0.000028
2521,...((((..((....)).))))..(((((......(.......)((((......))))..)))))...,16,-4.563,8,0,0.000028
2522,...(((.............)))..(((((......(((...)))((((......))))..)))))...,15,-4.563,18,0,0.000028
2523,...((((.((......))))))......((....))........((((......)))).(.....)..,13,-4.563,21,0,0.000028
2524,......(((....)))...(((.........))).....((...((((......))))....))....,12,-4.562,32,0,0.000028
2525,...((((.(((....)))))))......((....)).......(((((......))))..).......,14,-4.562,18,0,0.000028
2526,...((((.((......))))))..((.((...((.....))...((((......))))..)).))...,16,-4.562,4,0,0.000028
2527,((.((((.(((....)))))))..)).....(((.........((((........)))))))......,16,-4.562,22,0,0.000028
2528,...((((.(((....)))))))..(...)..(((.........((((.((...)))))))))......,17,-4.562,23,0,0.000028
2529,...((((.(((....)))))))..(...)..(((.........(((((.(...)))))))))......,17,-4.562,20,0,0.000028
2530,.(.((((..((....)).))))..)...((....))........((((......))))....(...).,14,-4.561,21,0,0.000028
2531,...((((((....))))...))..........((.....))...((((......))))....(...).,13,-4.561,24,0,0.000028
2532,...((((.((......))))))......((....))........((((......))))....(...).,13,-4.561,20,0,0.000028
2533,...((((.(((....))))))).....(.............)..((((......))))..........,12,-4.561,15,0,0.000028
2534,...((((.(((....)))))))......(.(......)..)...((((......))))..........,13,-4.56,16,0,0.000028
2535,...((((.(((....)))))))......(......)........((((......)))).(.....)..,13,-4.56,17,0,0.000028
2536,...((((..((....)).))))....(((...((.....))..((...))....)))...........,13,-4.56,23,0,0.000028
2537,...((.((......))....)).((((((...(((...)))...((((......))))..))))))..,17,-4.559,16,0,0.000028
2538,...((((.(((....)))))))......(......)........((((......))))....(...).,13,-4.558,16,0,0.000028
2539,...((((..((....)).)))).((((((......(((...))).(((......)))...))))))..,18,-4.558,16,0,0.000028
2540,((.((((.((......))))))..))......(((...)))...((((......))))..........,15,-4.558,16,0,0.000028
2541,.(.((((((....))...))))..)......(((.........(((((......))))))))......,15,-4.558,28,0,0.000028
2542,..........((((.(..((.......))...(((...)))...((((......))))...).)))).,14,-4.558,31,0,0.000028
2543,...((((...........))))..(((((...(((...)))...(((..(...).)))..)))))...,16,-4.558,12,0,0.000028
2544,..(..((((....)))).)..(((.........)))....(..(((((......)))))..)......,14,-4.557,38,0,0.000028
2545,...((((.((......))))))..(((((...((.....))...((..((...)).))..)))))...,17,-4.557,9,0,0.000028
2546,...((((.(((....)))))))......((.(((.(((...))).(((......)))..)))...)).,18,-4.556,27,0,0.000028
2547,.(.((((...........))))..).......((.....))...((((......))))..(...)...,12,-4.556,17,0,0.000028
2548,...((((.((......))))))..(((....(((.(((...)))((((......)))).))))))...,19,-4.556,18,0,0.000028
2549,......(((....)))........(((.....((.....))...((((......))))....)))...,12,-4.555,21,0,0.000028
2550,...((((...........))))..........((.....))...(((........)))...(....).,10,-4.555,19,0,0.000028
2551,...((((...........)))).........(((........(.((((......))))))))......,12,-4.554,24,0,0.000028
2552,...((((..((....)).))))......((....))......(.((((......))))).........,13,-4.554,21,0,0.000028
2553,...((((.(((....)))))))..(...)..(((..........((((......)))).)))......,15,-4.554,16,0,0.000028
2554,...((((..((....)).)))).((((((....((......)).((((......))))..))))))..,18,-4.553,11,0,0.000028
2555,...((((.(((....)))))))..(...)..........((...((((......))))....))....,14,-4.553,14,0,0.000028
2556,......(((....))).....(..(((((...(((...)))...((((......))))..))))).).,16,-4.553,20,0,0.000028
2557,...((((.(((....))))))).......................(((......)))..((...))..,12,-4.553,18,0,0.000028
2558,...((((.(((....)))))))..(((((..(...........)(((........)))..)))))...,16,-4.553,8,0,0.000028
2559,...((((..((....)).))))..(((((.((........((....)).........)).)))))...,15,-4.552,18,0,0.000028
2560,...(((.............)))..(((.....((.....))...((((......))))....)))...,12,-4.552,12,0,0.000028
2561,...((((.(((....))))))).....(((.(((.((.....)).(((......)))..)))...))),18,-4.552,26,0,0.000028
2562,...((((..((....)).)))).......(.(((.....((..((........))..))))).)....,14,-4.552,30,0,0.000028
2563,...((((..((....)).))))...((.....)).....((...((((......))))....))....,14,-4.551,16,0,0.000028
2564,...((((.(((....)))))))..(((((.....(........(((((......)))))))))))...,18,-4.551,8,0,0.000028
2565,...((((.(((....)))))))..(((((....(.........(((((......)))))))))))...,18,-4.551,7,0,0.000028
2566,...((((.(((....)))))))..(((((........(.....(((((......)))))))))))...,18,-4.551,8,0,0.000028
2567,...((((..(......).))))..(((((...((.....))...(((.((...)))))..)))))...,17,-4.551,9,0,0.000028
2568,...((((..(......).))))..(((((...((.....))...((((.(...)))))..)))))...,17,-4.551,6,0,0.000028
2569,...((((.(((....)))))))......((....))....(..((........)).)...........,12,-4.551,27,0,0.000028
2570,...((((((....)))...)))..........((.....))...((((......)))).(.....)..,13,-4.55,23,0,0.000028
2571,.(.((((..((....)).))))..).......(((...)))...((((......))))..(...)...,15,-4.55,15,0,0.000028
2572,...((((.(((....))))))).((((((.((.(..............((...))).)).))))))..,18,-4.549,20,0,0.000028
2573,..(..((((....)))).).............((.....))...((((......))))...(....).,12,-4.549,29,0,0.000028
2574,...((((.((......))))))..........(((...)))...((((......))))..(...)...,14,-4.549,14,0,0.000028
2575,...((((..((....)).))))..........(((...)))...(((........)))...(....).,13,-4.549,17,0,0.000028
2576,..((..........)).....((((.......))))....(..(((((......)))))..)......,12,-4.549,36,0,0.000028
2577,...((((...........))))..............(.....).((((......))))..........,9,-4.548,22,0,0.000028
2578,...((((.(((....))))))).......(.(((.........(((((......))))))))...)..,16,-4.548,20,0,0.000028
2579,...((((((....)))...)))..........((.....))...((((......))))....(...).,13,-4.548,22,0,0.000028
2580,...((((.((......))))))..(((((.((.(.((...............)).).)).)))))...,16,-4.548,21,0,0.000027
2581,...((((.(((....)))))))..((((..((.(.....................).))..))))...,14,-4.548,17,0,0.000027
2582,...((((.(((....)))))))..................(..((...)).)................,10,-4.547,26,0,0.000027
2583,...((((..((....)).))))..........((.....))...........................,8,-4.546,20,0,0.000027
2584,.....((((....))))..(((.........)))....(.(..(((((......)))))..).)....,14,-4.546,35,0,0.000027
2585,...((((.(((....))))))).((((((.((..(((...((....))..)))....)).))))))..,20,-4.546,24,0,0.000027
2586,...((((.(((....)))))))..(((((...((.....))....((.((...)).))..)))))...,18,-4.545,11,0,0.000027
2587,...((((..(......).))))..(((((...(.......)...((((......))))..)))))...,15,-4.545,6,0,0.000027
2588,((.((.(((((........(((.........)))......))))).)).)).................,12,-4.545,45,0,0.000027
2589,...((((((....))))...))...((((...(((...)))...((((......))))..))))....,17,-4.545,17,0,0.000027
2590,((.((((.(((....)))))))..)).............((..(((((......)))))...))....,16,-4.545,18,0,0.000027
2591,...((((.(((....))))))).......(.(((.((.....))(((........))).))).)....,16,-4.545,23,0,0.000027
2592,..(..((((....)))).)....((((((......(((...)))((((......))))..))))))..,18,-4.544,30,0,0.000027
2593,...(((((......)...))))......((....))........((((......))))..........,11,-4.544,25,0,0.000027
2594,.....((((....))))...((.........)).......(..(((((......)))))..)......,12,-4.544,34,0,0.000027
2595,...((((..((....)).))))..(((((.((.(.(.................).).)).)))))...,15,-4.543,19,0,0.000027
2596,...((((.(((....))))))).((((((...((.....)).(..(((......))).).))))))..,19,-4.543,6,0,0.000027
2597,...((((..((....)).))))..............((...)).((((......))))..........,12,-4.542,20,0,0.000027
2598,...((((..((....)).))))..(((((...((.....))..((((...)).)).....)))))...,17,-4.542,14,0,0.000027
2599,...((((.(((....))))))).((((((.....(((.............))).......))))))..,16,-4.542,20,0,0.000027
2600,...((((..((....)).))))..(...)...............((((......))))...(....).,12,-4.542,17,0,0.000027
2601,...(((..(((....))).)))......((....))...(((..((((......)))).....)))..,15,-4.541,21,0,0.000027
2602,...((((..((....)).))))..........((.....))....(((......)))....(....).,12,-4.541,15,0,0.000027
2603,(..((((.(((....))))))).)(((((...((.....))...((((......))))..)))))...,19,-4.541,2,0,0.000027
2604,...((((.(((....)))))))..(((((.(((((((......((...)))))))..)).)))))...,21,-4.541,25,0,0.000027
2605,....(((((....))).)).............(((...)))...((((......))))..........,12,-4.541,29,0,0.000027
2606,....(((((....)))).).............(((...)))...((((......))))..........,12,-4.541,29,0,0.000027
2607,...((((((....))))...))......((....))....((.(((((......)))))....))...,15,-4.541,33,0,0.000027
2608,((.((((..((....)).))))..))..((....))....(..(((((......)))))..)......,16,-4.54,23,0,0.000027
2609,.(.((.(((((..........((((.......))))....))))).)).)..................,12,-4.54,46,0,0.000027
2610,...((((.(((....)))))))..(((.(......((.....))((((......))))..).)))...,17,-4.54,10,0,0.000027
2611,...((((..((....)).)))).((((((.((.(.((...((....))....)).).)).))))))..,19,-4.54,24,0,0.000027
2612,...((((.(((....)))))))......((....))...((...(((........)))....))....,14,-4.539,19,0,0.000027
2613,.....((((....)))).((.......))..(((.........(((((......))))))))......,14,-4.539,35,0,0.000027
2614,...((((..((....)).)))).((((((......((.....))(((........)))..))))))..,17,-4.539,14,0,0.000027
2615,......(((....)))....(.......)...(((...)))...((((......))))..........,11,-4.539,29,0,0.000027
2616,..(..(((......))).).............(((...)))...((((......))))..........,11,-4.538,29,0,0.000027
2617,...((((.(((....)))))))..(.......)......(((.(((((......)))))....)))..,16,-4.538,18,0,0.000027
2618,((.((((((....))))...))..))......((.....))...((((......))))..........,14,-4.538,25,0,0.000027
2619,((.((((.((......))))))..))..((....))........((((......))))..........,14,-4.537,21,0,0.000027
2620,...((((...........)))).((((....((..(((...)))((((......))))..))))))..,17,-4.537,23,0,0.000027
2621,.(.((((...........))))..)......(((.........((((........)))))))......,12,-4.537,27,0,0.000027
2622,...((((((....))))...))..(((((...(((...)))....(((......)))...)))))...,17,-4.536,17,0,0.000027
2623,...(((..(((....))).)))..................((.(((((......)))))....))...,13,-4.536,19,0,0.000027
2624,...((((((....))))...))..(((....(((.((.....))((((......)))).))))))...,18,-4.535,27,0,0.000027
2625,((.((((.(((....)))))))..))..(......)........((((......))))..........,14,-4.535,17,0,0.000027
2626,.(.(((..(((....))).)))..).......((.....))...((((......))))...(....).,14,-4.535,14,0,0.000027
2627,...(((..(((....))).)))..(((((.(.............((((......))))).)))))...,16,-4.535,8,0,0.000027
2628,...((((.(((....)))))))..........((.....))..........((.(.(...).)..)).,13,-4.535,22,0,0.000027
2629,......(((((........(((.........)))......)))))...((...)).............,10,-4.535,44,0,0.000027
2630,...((((..((....)).))))..(((((.((..(((.............)))....)).)))))...,16,-4.534,23,0,0.000027
2631,.(.((((.(((....)))))))..)...((....))...(((.(((((......))))..)..)))..,18,-4.534,21,0,0.000027
2632,...((((.(((....)))))))......(...(((...)))...((((......))))..).......,15,-4.534,10,0,0.000027
2633,...((((.(((....)))))))..(((((........((.(..((........)).).)))))))...,17,-4.534,18,0,0.000027
2634,..(..((((....)))).)....((((.....((.....))...((((......))))....))))..,15,-4.534,24,0,0.000027
2635,...((((...........))))....((..............))((((......))))..........,10,-4.533,22,0,0.000027
2636,......((......)).....((.(((((...((.....))...((((......))))..))))))).,15,-4.533,19,0,0.000027
2637,......((......)).....(.((((((...((.....))...((((......))))..))))))).,15,-4.533,19,0,0.000027
2638,...((((.(((....))))))).............(((...)))(((........)))..........,13,-4.532,22,0,0.000027
2639,..(((((.(((....)))))))..)....(.(((.........(((((......)))))))).)....,17,-4.532,20,0,0.000027
2640,.(.((((.(((....)))))))..)....(.((..(((...)))((((......))))..)).)....,18,-4.531,23,0,0.000027
2641,...((((...........)))).((((((.((.(.....................).)).))))))..,13,-4.531,23,0,0.000027
2642,...((((((....)))...)))...((((...(((...)))...((((......))))..))))....,17,-4.531,15,0,0.000027
2643,...((((.(((....)))))))......((....))...((..((((.((...))))))...))....,17,-4.531,24,0,0.000027
2644,...((((.(((....)))))))......((....))...((..(((((.(...))))))...))....,17,-4.531,21,0,0.000027
2645,...((((...........))))..(((((..((((...)))..)((((......))))..)))))...,17,-4.531,10,0,0.000027
2646,...((((.(((....)))))))..(((((...(((...)))...(.((......)).)..)))))...,18,-4.531,4,0,0.000027
2647,...((((.(((....)))))))..........(((...)))..(.....)..................,11,-4.531,22,0,0.000027
2648,...(((..(((....))).))).((((((...(((...)))....(((......)))...))))))..,18,-4.531,8,0,0.000027
2649,...(((.((....))....))).((((((...((.....))...((((......))))..))))))..,17,-4.53,13,0,0.000027
2650,...(((..(((....))).))).((((....(((.((.....))((((......)))).)))))))..,19,-4.53,18,0,0.000027
2651,...((((..((....)).))))......(...........)...((((......))))...(....).,12,-4.53,17,0,0.000027
2652,...((((((....))...))))......((.(((.........(((((......))))))))...)).,16,-4.53,30,0,0.000027
2653,((...((((....)))).)).((((.......))))....(..(((((......)))))..)......,16,-4.529,39,0,0.000027
2654,...((((.(((....))))))).............(((...)))((((......)))).((...))..,16,-4.529,22,0,0.000027
2655,....(((((....))).))..((((.......))))..(.(..(((((......)))))..).)....,16,-4.529,38,0,0.000027
2656,....(((((....)))).)..((((.......))))..(.(..(((((......)))))..).)....,16,-4.529,38,0,0.000027
2657,...((((.(((....)))))))....((((....))......))((((......))))..........,15,-4.529,19,0,0.000027
2658,...((((...........)))).((((((...............((((......))))..))))))..,14,-4.529,12,0,0.000027
2659,....(.(((....)))..)....((((((...(((...)))...((((......))))..))))))..,17,-4.529,21,0,0.000027
2660,.(.((((..((....)).))))..)...((....))........((((......))))..(...)...,14,-4.529,20,0,0.000027
2661,...((((((....))))...))..........((.....))...((((......))))..(...)...,13,-4.529,23,0,0.000027
2662,...((((((....))))...)).((((.....(((...)))...((((......))))....))))..,17,-4.529,21,0,0.000027
2663,.(.((((.(((....)))))))..)...((.(((.(((...)))((((......)))).)))...)).,20,-4.529,26,0,0.000027
2664,...((((..((....)).))))..((..(...((.....))...((((......))))..)..))...,15,-4.529,6,0,0.000027
2665,...((((...........))))....(.....)......((..(((((......)))))...))....,12,-4.528,22,0,0.000027
2666,...((((.((......))))))......((....))........((((......))))..(...)...,13,-4.528,19,0,0.000027
2667,......(((....))).....(((.........)))..(.(..(((((......)))))..).)....,13,-4.528,38,0,0.000027
2668,...((((.(((....)))))))................(....(((((......)))))....)....,13,-4.528,17,0,0.000027
2669,...((((.(((....))))))).((((((.(((((...)))....(((......))))).))))))..,21,-4.528,9,0,0.000027
2670,...((((..((....)).))))......((....))........(((........)))...(....).,12,-4.528,22,0,0.000027
2671,...((((..(...)....))))..(((((...((.....))...((((......))))..)))))...,16,-4.528,7,0,0.000027
2672,...((((((....)))...)))......((....))....((.(((((......)))))....))...,15,-4.527,31,0,0.000027
2673,...((((.(((....)))))))..((((.(..(((...)))...((((......)))))..))))...,19,-4.527,6,0,0.000027
2674,...((((..((....)).)))).....................((........)).............,8,-4.527,26,0,0.000027
2675,...((((..((....)).))))..(((................(((((......)))))...)))...,14,-4.527,12,0,0.000027
2676,..(..(((......))).)..((((.......))))..(.(..(((((......)))))..).)....,15,-4.527,38,0,0.000027
2677,......((......)).....((((.......))))...(((.(((((......)))))....)))..,14,-4.527,38,0,0.000027
2678,...((((..(.......)))))..(((((...(((...)))...((((......))))..)))))...,17,-4.526,8,0,0.000027
2679,...((((.(((....)))))))......(......)........((((......))))..(...)...,13,-4.526,15,0,0.000027
2680,...((((.(((....)))))))..((((..((((.....))..((........))..))..))))...,17,-4.525,15,0,0.000026
2681,.(...((((....)))).)..((.(((((...((.....))...((((......))))..))))))).,18,-4.525,21,0,0.000026
2682,.(...((((....)))).)..(.((((((...((.....))...((((......))))..))))))).,18,-4.525,21,0,0.000026
2683,...((...............)).((((((...(((...)))...((((......))))..))))))..,15,-4.525,14,0,0.000026
2684,....(((.(((....))))))..((((....(((.........(((((......))))))))))))..,18,-4.525,16,0,0.000026
2685,.(.((((.(((....)))))))..)..(((.(((.((.....))((((......)))).)))...))),20,-4.525,25,0,0.000026
2686,...((((...........))))..........(((...)))..((...))..................,9,-4.525,29,0,0.000026
2687,((.(..(((((..........((((.......))))....)))))..).))...(.(...).).....,14,-4.524,48,0,0.000026
2688,((.((((((....)))...)))..))......((.....))...((((......))))..........,14,-4.524,23,0,0.000026
2689,...((((.(((....)))))))..(((((.((...((.....))....((...))..)).)))))...,18,-4.524,22,0,0.000026
2690,...((((.(((....))))))).......(.(((.....((..(((.....).))..))))).)....,16,-4.524,29,0,0.000026
2691,...((((.(((....)))))))..(((....(((.(.........(((......)))).))))))...,17,-4.523,13,0,0.000026
2692,(..((((.(((....))))))).)........((.....))...((((......))))..........,14,-4.523,12,0,0.000026
2693,...((((((....)))...)))..(((((...(((...)))....(((......)))...)))))...,17,-4.522,15,0,0.000026
2694,...((((((....)))...)))..(((....(((.((.....))((((......)))).))))))...,18,-4.522,25,0,0.000026
2695,.(...(((......))).).....(((((...(((...)))...((((......))))..)))))...,16,-4.522,19,0,0.000026
2696,...((((.(((....))))))).(...)................((((......))))..........,12,-4.521,15,0,0.000026
2697,...((((.(((....)))))))....(((...((.....))........)))................,12,-4.521,21,0,0.000026
2698,...((((.(((....))))))).(((((..(.((.....))...((((......)))))..)))))..,19,-4.521,6,0,0.000026
2699,...((((.(((....)))))))(((.......)))...(.(..(((((......)))))..).)....,17,-4.521,20,0,0.000026
2700,....(((((....)))).).........((....))........((((......))))..........,11,-4.52,34,0,0.000026
2701,....(((((....))).)).........((....))........((((......))))..........,11,-4.52,34,0,0.000026
2702,.(.((((...........))))..)..............((..(((((......)))))...))....,12,-4.52,23,0,0.000026
2703,...((((..((....)).)))).((((....(((.((.....)).(((......)))..)))))))..,18,-4.52,20,0,0.000026
2704,...((((.(((....))))))).((((((..............((...))..........))))))..,15,-4.52,17,0,0.000026
2705,.........(((((.(...(((.........))).(((...)))((((......))))...).))))),16,-4.519,41,0,0.000026
2706,...((((.(((....)))))))..........(((...))).......(.....).............,11,-4.519,21,0,0.000026
2707,.....((((....))))....((((.......))))...((...((((......))))....))....,14,-4.519,35,0,0.000026
2708,...((((.(((....)))))))...((((...((.....))...(((.((...)))))..))))....,18,-4.519,7,0,0.000026
2709,...((((.(((....)))))))...((((...((.....))...((((.(...)))))..))))....,18,-4.519,4,0,0.000026
2710,...(((..(((....))).)))..........((.....))...(((.((...)))))..........,13,-4.519,17,0,0.000026
2711,...(((..(((....))).)))..........((.....))...((((.(...)))))..........,13,-4.519,14,0,0.000026
2712,.(...((((....)))).)..((((.......))))...(((.(((((......)))))....)))..,17,-4.518,40,0,0.000026
2713,...((((..(....)...)))).........(((.........(((((......))))))))......,13,-4.518,25,0,0.000026
2714,.(.((((..((....)).))))....).....((.....))...((((......))))..........,13,-4.518,13,0,0.000026
2715,...((((...........)))).............((.....)).(((......)))...........,9,-4.518,26,0,0.000026
2716,..(..(((......))).).........((....))........((((......))))..........,10,-4.518,34,0,0.000026
2717,...((((..(......).))))......((....))..(.(..(((((......)))))..).)....,14,-4.518,24,0,0.000026
2718,....((.....))...........(((((...((.....))...((((......))))..)))))...,13,-4.517,16,0,0.000026
2719,......(((....)))....((.........)).......((.(((((......)))))....))...,12,-4.517,35,0,0.000026
2720,.(...((((....))))...)...(((((...((.....))...((((......))))..)))))...,16,-4.517,18,0,0.000026
2721,...((((.(((....)))))))...........(.....)....((((......))))..........,12,-4.517,12,0,0.000026
2722,...(((..((......)).)))..(((....(((.........(((((......)))))))))))...,16,-4.516,16,0,0.000026
2723,...((((.(((....)))))))..((((..((.((((.............)))..).))..))))...,17,-4.516,23,0,0.000026
2724,...((((.(((....)))))))......((....))..(.....((((......))))).........,14,-4.515,19,0,0.000026
2725,...((((..((....)).))))......(......)..(.(..(((((......)))))..).)....,14,-4.515,20,0,0.000026
2726,...((((((....)))...)))..........((.....))...((((......))))..(...)...,13,-4.515,21,0,0.000026
2727,...((((((....)))...))).((((.....(((...)))...((((......))))....))))..,17,-4.515,19,0,0.000026
2728,...((((.(((....)))))))........((((.....))...((((......))))....))....,15,-4.514,12,0,0.000026
2729,...((((...........))))..(((((...((.....))..(((.....).)).....)))))...,14,-4.514,17,0,0.000026
2730,...((((.(((....))))))).((((((......(((...)))(((.((...)))))..))))))..,21,-4.514,17,0,0.000026
2731,...((((.(((....))))))).((((((......(((...)))((((.(...)))))..))))))..,21,-4.514,14,0,0.000026
2732,...((((.(((....)))))))...((((...(.......)...((((......))))..))))....,16,-4.513,4,0,0.000026
2733,...(((..(((....))).)))..........(.......)...((((......))))..........,11,-4.513,14,0,0.000026
2734,...((((.(((....))))))).((((((.((.((((.............))))...)).))))))..,19,-4.513,24,0,0.000026
2735,.(.((((.(((....)))))))..)......(((..(.....).((((......)))).)))......,16,-4.513,19,0,0.000026
2736,...((((...........))))..........(((...))).......((...)).............,9,-4.513,29,0,0.000026
2737,...((((...........))))......(......)....(..(((((......)))))..)......,11,-4.513,23,0,0.000026
2738,...((((..((....)).))))..(((....(((..(.....).((((......)))).))))))...,17,-4.513,14,0,0.000026
2739,...((((..((....)).))))..((((...............(((((......)))))..))))...,15,-4.513,10,0,0.000026
2740,......(((....)))................(((...)))...((((......))))...(....).,11,-4.512,30,0,0.000026
2741,......(((....)))...(((.........)))..........((((......)))).(.....)..,11,-4.512,34,0,0.000026
2742,...((((.(((....)))))))..(((((.((..(((......((...)))))....)).)))))...,19,-4.512,24,0,0.000026
2743,...((((.(((....))))))).((((((.((........(..((...)).).....)).))))))..,18,-4.512,21,0,0.000026
2744,...((((..((....)).)))).............(((...))).(((......)))...........,12,-4.511,24,0,0.000026
2745,...((((...........))))..((((................((((......))))...))))...,12,-4.511,12,0,0.000026
2746,....((((......))).)....((((((...(((...)))...((((......))))..))))))..,17,-4.511,20,0,0.000026
2747,....((((......)).))....((((((...(((...)))...((((......))))..))))))..,17,-4.511,20,0,0.000026
2748,..(..((((....)))).)..((((.......))))........(((.((...)))))..........,14,-4.51,41,0,0.000026
2749,..(..((((....)))).)..((((.......))))........((((.(...)))))..........,14,-4.51,38,0,0.000026
2750,.(.((((...........))))..)...(......)........((((......))))..........,10,-4.51,22,0,0.000026
2751,...((((.(((....)))))))..(((((...((.....))....((.((...))))...)))))...,18,-4.51,7,0,0.000026
2752,...((((.(((....)))))))..(((((...((.....))....(((.(...))))...)))))...,18,-4.51,4,0,0.000026
2753,......(((....)))...(((.........)))..........((((......))))....(...).,11,-4.51,33,0,0.000026
2754,...((((((....))))...)).........(((.........((((........)))))))......,13,-4.51,33,0,0.000026
2755,...((((.(((....)))))))......((....)).......(.....)..................,10,-4.51,27,0,0.000026
2756,...((((.(((....)))))))..........(((...)))...(((........))).(.....)..,14,-4.51,16,0,0.000026
2757,...((((..((....)).))))....(..(.(((.........(((((......)))))))).))...,16,-4.51,21,0,0.000026
2758,...((((..((....)).)))).((((.............(..(((((......)))))..)))))..,16,-4.509,14,0,0.000026
2759,...((((..((....)).))))..(...)...((.....))...(((........)))..........,12,-4.509,14,0,0.000026
2760,...((((.(((....))))))).((((((.((((.....))..((((...)).))..)).))))))..,21,-4.509,17,0,0.000026
2761,...((((...........)))).((((((.((((.....))..((........))..)).))))))..,16,-4.509,21,0,0.000026
2762,..(..((((....)))).)..((((.......))))....(...((((......))))...)......,14,-4.509,36,0,0.000026
2763,...((((...........))))......((.(((.........((((........)))))))...)).,13,-4.509,29,0,0.000026
2764,...(((.............)))..........(((...)))...((((......))))...(....).,11,-4.509,21,0,0.000026
2765,...((((.(((....))))))).((((((..(...........).(((......)))...))))))..,17,-4.509,10,0,0.000026
2766,...((((.(((....)))))))..........(((...)))...(((........)))....(...).,14,-4.508,15,0,0.000026
2767,...((((..((....)).))))..(((((...(((...)))..(((.....).)).....)))))...,17,-4.508,15,0,0.000026
2768,...((((..((....)).))))..(...)...((.....))...((((......)))).((...))..,15,-4.507,14,0,0.000026
2769,...((((.(((....))))))).((((((...(((...)))..((...))..........))))))..,18,-4.507,15,0,0.000026
2770,...((((..((....)).))))....(.....).......((.(((((......)))))....))...,14,-4.506,19,0,0.000026
2771,...((((..((....)).))))..(((........((.....))((((......))))....)))...,15,-4.506,14,0,0.000026
2772,...((((...........))))...((.....))......((.(((((......)))))....))...,13,-4.506,23,0,0.000026
2773,...((((...........))))..(...)..(((.((.....))((((......)))).)))......,14,-4.505,26,0,0.000026
2774,...((((.(((....)))))))...((.....))......(...((((......))))....).....,14,-4.505,14,0,0.000026
2775,...((((.(((....)))))))..(((((...(.......)....(((......)))...)))))...,16,-4.505,4,0,0.000026
2776,...((((.(((....))))))).............(.......(((((......))))).....)...,13,-4.504,17,0,0.000026
2777,...((((...........))))...((....(((.........(((((......))))))))..))..,14,-4.504,25,0,0.000026
2778,......(((....))).....((...........))........((((......))))..........,9,-4.504,34,0,0.000026
2779,...((((...........))))......((....)).......((...))..................,8,-4.504,34,0,0.000026
2780,.(.((((..((....)).))))..)...((....))...(((..((((......)))).....)))..,16,-4.504,22,0,0.000026
2781,..(..((((....)))).).........((.(((.........(((((......))))))))...)).,15,-4.503,39,0,0.000026
2782,.....((((....))))...((.....))..(((.........(((((......))))))))......,14,-4.503,35,0,0.000026
2783,...((((.(((....)))))))..(((((.....(....)....((((......))))..)))))...,17,-4.503,5,0,0.000026
2784,...((((.((......))))))......((....))...(((..((((......)))).....)))..,15,-4.503,21,0,0.000026
2785,...((((..((....)).)))).((((((.(((((...)))..((........))..)).))))))..,19,-4.503,19,0,0.000026
2786,...((((.(((....))))))).......(.......)..(..(((((......)))))..)......,14,-4.503,18,0,0.000026
2787,...((((.(((....))))))).((((.....((.....))...(((.((...)))))....))))..,18,-4.503,11,0,0.000026
2788,...((((.(((....))))))).((((.....((.....))...((((.(...)))))....))))..,18,-4.503,8,0,0.000026
2789,...((((.(((....)))))))..(...)...............((((......)))).(.....)..,13,-4.503,16,0,0.000025
2790,...((((..((....)).))))..(((((...(.(...).)...((((......))))..)))))...,17,-4.501,6,0,0.000025
2791,...((((..((....)).))))........(.....).......((((......))))..........,11,-4.501,18,0,0.000025
2792,...((((..((....)).))))...((.....))..........((((......)))).(.....)..,13,-4.501,18,0,0.000025
2793,...((((.(((....)))))))..(((((...((....).)...((((......))))..)))))...,18,-4.501,3,0,0.000025
2794,...((((..((....)).))))..(((((...........))..((((......))))....)))...,15,-4.501,11,0,0.000025
2795,...((((.(((....)))))))......(......)...(((..((((......)))).....)))..,15,-4.501,17,0,0.000025
2796,...((((.(((....)))))))..(...)...............((((......))))....(...).,13,-4.501,15,0,0.000025
2797,...((((.(((....)))))))...(..((....)).)......((((......))))...(....).,15,-4.501,19,0,0.000025
2798,.(.((((.(((....)))))))..)....(.......)......((((......))))..........,13,-4.5,17,0,0.000025
2799,...((((.(((....))))))).........(((.((......((...))......)).)))......,14,-4.5,29,0,0.000025
2800,...((((.(((....)))))))..........((.....))....(((......))).....(...).,13,-4.5,13,0,0.000025
2801,..((((.....)).))................(((...)))...((((......))))..........,11,-4.5,30,0,0.000025
2802,...((((..((....)).))))....(((......((.....)).....)))................,11,-4.5,31,0,0.000025
2803,...((((...........)))).((((((.((.((((.............)))..).)).))))))..,16,-4.5,29,0,0.000025
2804,...((((..((....)).))))..(...)..(((.(((...)))((((......)))).)))......,17,-4.499,24,0,0.000025
2805,...(((..(((....))).)))..(((.(...(((...)))...((((......))))..).)))...,17,-4.499,6,0,0.000025
2806,...((((..((....)).))))...((.....))..........((((......))))....(...).,13,-4.499,17,0,0.000025
2807,...(((.............))).((((((......((.....))((((......))))..))))))..,15,-4.499,18,0,0.000025
2808,...((((..((....)).)))).....(((.(((.........((((........)))))))...))),16,-4.499,26,0,0.000025
2809,...((((.(((....))))))).....................(((.....).)).............,10,-4.499,25,0,0.000025
2810,...((((.(((....)))))))......((....))............(.....).............,10,-4.498,26,0,0.000025
2811,.(.((((..((....)).))))..)...............((.(((((......)))))....))...,14,-4.498,20,0,0.000025
2812,...((((.(((....)))))))..(((....((...(.....).((((......))))..)))))...,17,-4.498,11,0,0.000025
2813,.(.((((.(((....)))))))..).......((.....))...((((......)))).(...)....,15,-4.498,12,0,0.000025
2814,...((((.(((....))))))).((((.....(.......)...((((......))))....))))..,16,-4.497,8,0,0.000025
2815,...((((.((......))))))..................((.(((((......)))))....))...,13,-4.497,19,0,0.000025
2816,...((((((....)))...))).........(((.........((((........)))))))......,13,-4.496,31,0,0.000025
2817,......(((....))).......((((.....(((...)))...((((......))))....))))..,14,-4.496,25,0,0.000025
2818,.(.((((.((......))))))..).......((.....))...((((......))))...(....).,14,-4.496,14,0,0.000025
2819,...((((.((......))))))..(((((.(.............((((......))))).)))))...,16,-4.496,8,0,0.000025
2820,...((((.(((....)))))))..........((.....))......((((............)))).,13,-4.496,23,0,0.000025
2821,...((((..(......).)))).........(((.((.....))((((......)))).)))......,14,-4.496,24,0,0.000025
2822,...((((.(((....)))))))..(((....(((.....((..((((...)).))..))))))))...,19,-4.496,23,0,0.000025
2823,...((((...........))))..(((....(((.....((..((........))..))))))))...,14,-4.495,27,0,0.000025
2824,...((((.(((....))))))).((((((...(((...))).......((...)).....))))))..,18,-4.495,15,0,0.000025
2825,...((((.(((....)))))))..(((((.....(((...((....))..))).......)))))...,17,-4.495,19,0,0.000025
2826,...((((.(.(....).))))).........(((.........(((((......))))))))......,14,-4.495,20,0,0.000025
2827,...((((...........)))).((((((...((.....))...(((..(...).)))..))))))..,16,-4.494,12,0,0.000025
2828,...((((.(((....)))))))..(((....(((....(.....((((......)))))))))))...,18,-4.493,12,0,0.000025
2829,...((((.(((....)))))))..(((....(((.....(....((((......)))))))))))...,18,-4.493,11,0,0.000025
2830,...((((((....))))...)).................((..(((((......)))))...))....,13,-4.493,29,0,0.000025
2831,...((((.(((....)))))))......((....))....(..((...)).)..(.(...).).....,14,-4.493,29,0,0.000025
2832,...((((.(((....))))))).............(.......)((((......))))..........,12,-4.492,16,0,0.000025
2833,...((((...........))))......((....))............((...)).............,8,-4.492,34,0,0.000025
2834,...((((.((......)))))).((((((...(((...)))....(((......)))...))))))..,18,-4.492,8,0,0.000025
2835,...((((.((......)))))).((((....(((.((.....))((((......)))).)))))))..,19,-4.492,18,0,0.000025
2836,.(.((((.(((....)))))))..)....((.....))......((((......))))...(....).,15,-4.492,20,0,0.000025
2837,...((((.(((....))))))).....((...........))..(((........)))..........,12,-4.492,17,0,0.000025
2838,......(((....)))............((....))........((((......))))...(....).,10,-4.491,35,0,0.000025
2839,...((((.(((....)))))))......(...........)...((((......)))).(.....)..,13,-4.491,16,0,0.000025
2840,...((((.(((....)))))))..........((.....))..((........))....((...))..,13,-4.49,22,0,0.000025
2841,...((((.(((....))))))).((((((.((.(.((......((...))..)).).)).))))))..,20,-4.49,24,0,0.000025
2842,...((((.(((....)))))))......(...........)...((((......))))....(...).,13,-4.489,15,0,0.000025
2843,...((((.(((....)))))))......((....))........(((........))).(.....)..,13,-4.489,21,0,0.000025
2844,...((((.(((....)))))))..(((((.((.(.(...............)...).)).)))))...,16,-4.489,17,0,0.000025
2845,.(.(((..(((....))).)))..)...((.(((.........(((((......))))))))...)).,17,-4.489,24,0,0.000025
2846,...((((.(((....))))))).....((...........))..((((......)))).((...))..,15,-4.489,17,0,0.000025
2847,...((((.(((....)))))))..((.((...((.....))...(((........)))..)).))...,16,-4.489,4,0,0.000025
2848,...(((.............)))......((....))........((((......))))...(....).,10,-4.488,26,0,0.000025
2849,..((((.....)).)).....((((.......))))..(.(..(((((......)))))..).)....,15,-4.488,39,0,0.000025
2850,...((((.(((....)))))))..........((.....))..((...))...........(....).,12,-4.488,22,0,0.000025
2851,...((((..((....)).)))).((((((...(((...)))...(((..(...).)))..))))))..,19,-4.488,10,0,0.000025
2852,...((((.(((....)))))))......((....))........(((........)))....(...).,13,-4.487,20,0,0.000025
2853,.(.((((.(((....)))))))..).......((.....))...((..((...)).))..........,14,-4.487,18,0,0.000025
2854,...((((...........))))......((....))....((.(((((......))))..)..))...,13,-4.486,25,0,0.000025
2855,.....((((....))))......((((((...((.....))...(((........)))..))))))..,15,-4.486,21,0,0.000025
2856,.(.((((.(((....)))))))..).......(((...)))..((........)).............,13,-4.485,23,0,0.000025
2857,...((((.(((....)))))))......((.(((..(.....).((((......)))).)))...)).,17,-4.485,21,0,0.000025
2858,((.((((.(((....)))))))..))......(((...)))...(((........)))..........,15,-4.484,16,0,0.000025
2859,...((((.(((....)))))))..(...)...(((...)))...(((.((...)))))..........,16,-4.484,17,0,0.000025
2860,...((((.(((....)))))))..(...)...(((...)))...((((.(...)))))..........,16,-4.484,14,0,0.000025
2861,...((((..((....)).))))..(((((.((.(.........((...)).....).)).)))))...,16,-4.484,20,0,0.000025
2862,...(((..(((....))).)))..........(((...)))....(((......)))...........,12,-4.484,16,0,0.000025
2863,...((((...........))))....(((....................)))................,7,-4.484,31,0,0.000025
2864,...((((..((....)).)))).........(((.........(((..........))))))......,12,-4.484,24,0,0.000025
2865,...((((...........))))................(.(...((((......))))...).)....,10,-4.483,21,0,0.000025
2866,...((((((....))))...))......(......)........((((......))))..........,11,-4.483,28,0,0.000025
2867,...((((.(((....)))))))..(((((.((...(((...))).(((......))))).)))))...,20,-4.483,15,0,0.000025
2868,...((((.(((....)))))))..(((((....(....).....((((......))))..)))))...,17,-4.482,5,0,0.000025
2869,...((((...........))))....(((..((..((.....))..)).)))..(.(...).).....,13,-4.482,36,0,0.000025
2870,...((((.(((....)))))))..(((....(((.(((...)))(((........))).))))))...,19,-4.482,18,0,0.000025
2871,((.((((.(((....)))))))..))......(((...)))...((((......)))).((...))..,18,-4.482,16,0,0.000025
2872,...((.(((....)))....)).((((....(((.........(((((......))))))))))))..,17,-4.481,27,0,0.000025
2873,...((((.(((....)))))))....(((..((..(((...)))..)).)))..((.......))...,17,-4.481,32,0,0.000025
2874,.(.((((..((....)).))))..).......((.....))...(((.((...)))))..........,14,-4.481,18,0,0.000025
2875,.(.((((..((....)).))))..).......((.....))...((((.(...)))))..........,14,-4.481,15,0,0.000025
2876,.(.((((((....))...))))..).......(((...)))...((((......))))..........,14,-4.481,22,0,0.000025
2877,......(((....))).....((((.......))))..(.(...((((......))))...).)....,13,-4.481,36,0,0.000025
2878,...((((.((......))))))..........((.....))...(((.((...)))))..........,13,-4.481,17,0,0.000025
2879,...((((.((......))))))..........((.....))...((((.(...)))))..........,13,-4.481,14,0,0.000025
2880,...(((..((......)).)))......................((((......))))..........,9,-4.48,18,0,0.000025
2881,...((((.(((....))))))).((((((........((.....((((......))))))))))))..,19,-4.48,10,0,0.000025
2882,..(..((((....))))...)...(((((...((.....))...((((......))))..)))))...,16,-4.48,18,0,0.000025
2883,...((((.(((....))))))).((((....(((.........(((..........))))))))))..,17,-4.48,18,0,0.000025
2884,.........(((((.(..((.......))...((.....))...((((......))))...).))))),14,-4.48,30,0,0.000025
2885,...((((((....)))...))).................((..(((((......)))))...))....,13,-4.48,27,0,0.000025
2886,...((((.(((....)))))))......((((((.........(((((......)))))))).).)).,18,-4.479,22,0,0.000025
2887,...((((.(((....)))))))......((((((.........(((((......))))))).)).)).,18,-4.479,22,0,0.000025
2888,..((((.....)).))............((....))........((((......))))..........,10,-4.479,35,0,0.000024
2889,.(.((((.(((....)))))))....)..(.(((.........(((((......)))))))).)....,17,-4.479,20,0,0.000024
2890,...((((.(((....))))))).........(((........(..(((......))).))))......,14,-4.479,20,0,0.000024
2891,...((((.(((....))))))).........((.(........(((((......))))))))......,15,-4.479,19,0,0.000024
2892,......(((....)))...(((.........)))..........((((......))))..(...)...,11,-4.478,32,0,0.000024
2893,...((((((....))...))))..(((((...(((...)))...(((........)))..)))))...,17,-4.477,13,0,0.000024
2894,((.((((.(((....)))))))..))......((.....))....(((......)))...........,14,-4.477,14,0,0.000024
2895,...((((.(((....))))))).............((.....))........................,9,-4.476,26,0,0.000024
2896,...((((.(((....)))))))..........((.....)).......((...))......(....).,12,-4.476,22,0,0.000024
2897,......((......))..((.......))...((.....))...((((......))))..........,10,-4.476,26,0,0.000024
2898,...((((..((....)).))))....(((..((..(((...)))..)).)))..(.(...).).....,16,-4.476,34,0,0.000024
2899,...((((.(((....)))))))..........((.....))....((.....))..............,11,-4.476,20,0,0.000024
2900,...((((.(((....))))))).......((.....))......(((.((...)))))..........,14,-4.476,23,0,0.000024
2901,...((((.(((....))))))).......((.....))......((((.(...)))))..........,14,-4.476,20,0,0.000024
2902,.(.((((..((....)).))))..).......(.......)...((((......))))..........,12,-4.476,15,0,0.000024
2903,...((((.(((....)))))))..........(((...)))...(((........)))..(...)...,14,-4.475,14,0,0.000024
2904,........................(((((...((.....))...((((......))))..)))))...,11,-4.475,14,0,0.000024
2905,...((((..((....)).))))..(((((.((.(((...............))..).)).)))))...,16,-4.475,21,0,0.000024
2906,...((((.((......))))))..........(.......)...((((......))))..........,11,-4.475,14,0,0.000024
2907,...((((.(((....))))))).((((((.(((((...)))..(((.....).))..)).))))))..,21,-4.475,18,0,0.000024
2908,...((((.(((....))))))).......((.....))..(...((((......))))...)......,14,-4.475,18,0,0.000024
2909,...((((.(((....)))))))..(((....(((.........................))))))...,13,-4.474,18,0,0.000024
2910,...((((.(((....)))))))........(...).........((((......))))..........,12,-4.474,16,0,0.000024
2911,...((((.(((....)))))))....(((..((..((.....))..)).))).......((...))..,16,-4.473,32,0,0.000024
2912,......(((....)))........(...)...((.....))...((((......))))..........,10,-4.473,27,0,0.000024
2913,...(((..(((....))).)))....(((...((.....))...((((......))))..))).....,15,-4.473,6,0,0.000024
2914,...((((.(((....)))))))....(((..(...................)..)))...........,11,-4.473,24,0,0.000024
2915,...((((.(((....)))))))...((.....)).....(((.(((((......))))..)..)))..,17,-4.472,17,0,0.000024
2916,...((((((....))))...)).((((((...((.....))....(((......)))...))))))..,17,-4.472,17,0,0.000024
2917,..((..(.....).))........(((((...(((...)))...((((......))))..)))))...,15,-4.472,19,0,0.000024
2918,...((((..((....)).))))..(((((...(.......)...(((........)))..)))))...,15,-4.472,6,0,0.000024
2919,...((((.(.....)...)))).((((....(((.........(((((......))))))))))))..,17,-4.471,21,0,0.000024
2920,...((((...........)))).(((.....(((.........(((((......)))))))).)))..,15,-4.471,22,0,0.000024
2921,...((((.(((....)))))))................(.....((((......)))).....)....,12,-4.471,15,0,0.000024
2922,....(((...........)))...(((((...(((...)))...((((......))))..)))))...,15,-4.47,10,0,0.000024
2923,...((((((....)))...)))......(......)........((((......))))..........,11,-4.47,26,0,0.000024
2924,((.((((.(((....)))))))..)).............(((.(((((......)))))....)))..,17,-4.47,20,0,0.000024
2925,...(((.............)))..(...)...((.....))...((((......))))..........,10,-4.47,18,0,0.000024
2926,..(((((.(((....)))))))....)....(((.........(((((......))))))))......,16,-4.469,19,0,0.000024
2927,...((((.(((....)))))))........((...........(((((......))))).....))..,14,-4.469,19,0,0.000024
2928,...((((...........)))).............((.....))((((......))))...(....).,11,-4.469,25,0,0.000024
2929,.....((((....))))....((((.......))))........((((......)))).(.....)..,13,-4.469,37,0,0.000024
2930,...((((.(((....)))))))..(...)...............((((......))))..(...)...,13,-4.468,14,0,0.000024
2931,...((((.(((....))))))).(((((..((.............(((......)))))..)))))..,17,-4.468,13,0,0.000024
2932,...((((.(((....)))))))..........((.....))....(((......)))...(...)...,13,-4.468,12,0,0.000024
2933,...((((.(((....)))))))..(((....((..((.....)).(((......)))...)))))...,17,-4.467,15,0,0.000024
2934,...((((.(((....)))))))......((....))....((.(.(((......)))...)..))...,15,-4.467,21,0,0.000024
2935,...((((...........)))).((((((..(((.....))..)((((......))))..))))))..,17,-4.467,10,0,0.000024
2936,...((((.(((....)))))))..(((....((..........(((((......))))).)))))...,17,-4.467,11,0,0.000024
2937,...((((.(((....))))))).((((((...((.....))...(.((......)).)..))))))..,18,-4.467,4,0,0.000024
2938,.....((((....))))....((((.......))))........((((......))))....(...).,13,-4.467,36,0,0.000024
2939,...((((.(((....)))))))..(.......)..(((...)))((((......))))..........,15,-4.467,20,0,0.000024
2940,...((((..((....)).))))...((.....))..........((((......))))..(...)...,13,-4.467,16,0,0.000024
2941,...((((.(((....)))))))....(................)((((......))))..........,12,-4.466,15,0,0.000024
2942,...((((.(((....)))))))..(((((.((.((((...((....))..))))...)).)))))...,20,-4.466,23,0,0.000024
2943,((.((((.(((....)))))))..))..(...........)...((((......))))..........,14,-4.466,16,0,0.000024
2944,.(.(((((......)))...))..).......((.....))...((((......))))..........,12,-4.465,23,0,0.000024
2945,.(.((((.(((....)))))))..)...((....)).......((........)).............,12,-4.465,28,0,0.000024
2946,...((((.(((....)))))))..(((....(((.........((........))....))))))...,15,-4.465,20,0,0.000024
2947,...((((.(((....))))))).((.......)).....((..(((((......)))))...))....,16,-4.465,17,0,0.000024
2948,...((((.(.(....)).)))).((((((...(((...)))...((((......))))..))))))..,19,-4.464,8,0,0.000024
2949,((.((((.(((....)))))))..))..((....))........(((........)))..........,14,-4.464,21,0,0.000024
2950,...((((.(((....))))))).........(((.........(((..(.....).))))))......,14,-4.463,23,0,0.000024
2951,...((((.(((....))))))).(((((.(..((.....))...((((......)))))..)))))..,19,-4.463,6,0,0.000024
2952,...(((..(((....))).)))......((....)).........(((......)))...........,11,-4.463,21,0,0.000024
2953,...((((...........))))..(((((...((.....))...((..(.....).))..)))))...,14,-4.463,11,0,0.000024
2954,...((((..((....)).)))).............(((...)))((((......))))...(....).,14,-4.463,23,0,0.000024
2955,...((((..(.......))))).((((((...((.....))...((((......))))..))))))..,17,-4.463,8,0,0.000024
2956,...((((((....))...))))......((....))....(..(((((......)))))..)......,14,-4.463,28,0,0.000024
2957,......(((....)))...........(((.(((.........(((((......))))))))...))),14,-4.462,39,0,0.000024
2958,...((((.(((....)))))))..........((.....))...............(...).......,10,-4.462,18,0,0.000024
2959,.....((((....)))).((.......))...(((...)))...((((......))))..........,13,-4.462,29,0,0.000024
2960,...(((((......)))...))..(((((...((.....))...(((........)))..)))))...,15,-4.461,14,0,0.000024
2961,...((((..((....)).))))..(((((...((.....))...((.(......).))..)))))...,16,-4.461,4,0,0.000024
2962,((.((((.(((....)))))))..))..((....))........((((......)))).((...))..,17,-4.461,21,0,0.000024
2963,...((((.((......))))))..(((.(...(((...)))...((((......))))..).)))...,17,-4.461,6,0,0.000024
2964,...((((..((....)).)))).((((((..((((...)))..)((((......))))..))))))..,20,-4.461,8,0,0.000024
2965,.(.((((((....))...))))..)...((....))........((((......))))..........,13,-4.46,27,0,0.000024
2966,.(.((((...........))))..).......(((...)))...(((........)))..........,11,-4.46,21,0,0.000024
2967,...((((.(((....))))))).((((((.....(.......).((((......))))..))))))..,18,-4.46,8,0,0.000024
2968,...((((..(......).)))).((((((...(((...)))...(((........)))..))))))..,17,-4.459,10,0,0.000024
2969,...((((.(((....)))))))...((.....)).((.....)).(((......)))...........,14,-4.459,20,0,0.000024
2970,...(((.............))).....(((.(((.........(((((......))))))))...))),14,-4.459,30,0,0.000024
2971,...((((((....)))...))).((((((...((.....))....(((......)))...))))))..,17,-4.459,15,0,0.000024
2972,....((.....))..........((((((...(((...)))...((((......))))..))))))..,15,-4.458,20,0,0.000024
2973,...((((.(((....)))))))..........((.....))...........(.(.(...)).)....,12,-4.458,19,0,0.000024
2974,.(...((((....))))...)..((((((...(((...)))...((((......))))..))))))..,18,-4.458,22,0,0.000024
2975,...((((..((....)).))))..(...).........(.(..(((((......)))))..).)....,14,-4.458,19,0,0.000024
2976,...((((..((....)).)))).........(((.........((((.(.....))))))))......,14,-4.458,23,0,0.000024
2977,...((((.(((....))))))).....(((.(((.....((..((........))..)))))...))),17,-4.458,31,0,0.000024
2978,...((((...........)))).........(((.........(((..((...)).))))))......,12,-4.457,31,0,0.000024
2979,.(.((((...........))))..).......(((...)))...((((......)))).((...))..,14,-4.457,21,0,0.000024
2980,...((((.(((....)))))))......(...........)...((((......))))..(...)...,13,-4.457,14,0,0.000024
2981,...((((..((....)).))))..(((((...(((...)))...((..(.....).))..)))))...,17,-4.456,9,0,0.000024
2982,...((((.(((....)))))))......((....))...(((.((((.((...))))))....)))..,18,-4.456,26,0,0.000024
2983,...((((.(((....)))))))......((....))...(((.(((((.(...))))))....)))..,18,-4.456,23,0,0.000024
2984,...((((.(.......).)))).((((....(((.........(((((......))))))))))))..,17,-4.456,20,0,0.000024
2985,...((((...........))))..(...)...........(..(((((......)))))..)......,11,-4.455,22,0,0.000024
2986,...((((.(((....)))))))..(((((.......(......(((((......)))))))))))...,18,-4.455,8,0,0.000024
2987,...((((.(((....)))))))......((....))........(((........)))..(...)...,13,-4.455,19,0,0.000024
2988,...((((..((....)).))))..(((.((....))....(..(((((......)))))..))))...,17,-4.455,15,0,0.000024
2989,...((((.(((....))))))).((((....(((.........((((.(.....))))))))))))..,19,-4.454,17,0,0.000023
2990,...((((...........))))....(.....)......(((.(((((......)))))....)))..,13,-4.453,24,0,0.000023
2991,......(((....)))...(((.........))).....(((..((((......)))).....)))..,13,-4.453,34,0,0.000023
2992,...((((...........))))..(((((.((.((((...((....))..)))..).)).)))))...,17,-4.453,28,0,0.000023
2993,......((......))........(((....(((.........(((((......)))))))))))...,13,-4.452,28,0,0.000023
2994,.(.((((...........))))..).......((.....))....(((......)))...........,10,-4.452,19,0,0.000023
2995,...((((.(((....))))))).....((.(......)..))..((((......))))..........,14,-4.452,17,0,0.000023
2996,.(.(((((......))...)))..).......((.....))...((((......))))..........,12,-4.452,21,0,0.000023
2997,...((((..(......).))))....(.....)...........((((......))))..........,10,-4.451,18,0,0.000023
2998,...((((..((....)).))))..........((.....))....(((......)))..((...))..,13,-4.451,16,0,0.000023
2999,...((((...........)))).(((((....((.........(((((......))))))))))))..,16,-4.451,17,0,0.000023
3000,...((((.(((....)))))))...(...........)......((((......))))..........,12,-4.451,15,0,0.000023
3001,..(..((.....)).)........(((((...((.....))...((((......))))..)))))...,14,-4.451,17,0,0.000023
3002,.(.((((.((......))))))..)...((.(((.........(((((......))))))))...)).,17,-4.451,24,0,0.000023
3003,..(..((((....)))).).....(((((...(((...)))...(((........)))..)))))...,16,-4.45,22,0,0.000023
3004,..(((((.(((....)))))))..(((((...((.....))...((((......))))..))))).).,19,-4.448,2,0,0.000023
3005,...((((.(((....)))))))..(((((....((((.............))))......)))))...,16,-4.448,19,0,0.000023
3006,...(((((......))...)))..(((((...((.....))...(((........)))..)))))...,15,-4.448,12,0,0.000023
3007,...((((...........)))).((((....(((.........((((.((...)))))))))))))..,17,-4.448,25,0,0.000023
3008,...((((...........)))).((((....(((.........(((((.(...)))))))))))))..,17,-4.448,22,0,0.000023
3009,...(((..(((....))).)))..(((((...((.....))..((........)).....)))))...,15,-4.448,12,0,0.000023
3010,...((((...........))))...((.....)).(((...)))((((......))))..........,13,-4.447,26,0,0.000023
3011,...((((.(((....))))))).......................(((......)))..(.....)..,11,-4.447,18,0,0.000023
3012,...(((..(((....))).))).........((..(((...)))((((......))))..))......,15,-4.447,23,0,0.000023
3013,.(.((((..((....)).))))..).......(((...)))....(((......)))...........,13,-4.446,17,0,0.000023
3014,...((((..(......).))))..................(..(((((......)))))..)......,11,-4.445,20,0,0.000023
3015,...((((.((......))))))..........(((...)))....(((......)))...........,12,-4.445,16,0,0.000023
3016,.(.((((...........))))..)..............(((.(((((......)))))....)))..,13,-4.445,25,0,0.000023
3017,...((((.(((....)))))))..........((.....))....((...))................,11,-4.445,20,0,0.000023
3018,.(...((((....)))).).....(((....(((.........(((((......)))))))))))...,16,-4.444,30,0,0.000023
3019,...((((..((....)).))))......((....))..(.(..((((........))))..).)....,14,-4.444,24,0,0.000023
3020,...((((..((....)).)))).((((((...((.....))..(((.....).)).....))))))..,17,-4.444,15,0,0.000023
3021,...((((.(((....)))))))..(((....(((.(.....................).))))))...,14,-4.444,19,0,0.000023
3022,...((((.(((....)))))))..(...)..........(((..((((......)))).....)))..,15,-4.443,16,0,0.000023
3023,.(.((((..(......).))))..)...................((((......))))..........,10,-4.443,19,0,0.000023
3024,...(((..(((....))).)))..(((....(((.........((((........))))))))))...,16,-4.442,16,0,0.000023
3025,...((((.(((....)))))))..(((....(((.(.......)((((......)))).))))))...,18,-4.442,12,0,0.000023
3026,.(.((((.(((....)))))))..)....(.(((.........((((.((...))))))))).)....,18,-4.442,25,0,0.000023
3027,.(.((((.(((....)))))))..)....(.(((.........(((((.(...))))))))).)....,18,-4.442,22,0,0.000023
3028,...((((.(((....)))))))........(((..........(((((......)))))....)))..,15,-4.442,19,0,0.000023
3029,...((((...........))))......((....))....(..((((........))))..)......,11,-4.442,27,0,0.000023
3030,...((((..((....)).))))...((.....)).....(((..((((......)))).....)))..,15,-4.442,18,0,0.000023
3031,.(.((((...........))))..)...(...........)...((((......))))..........,10,-4.441,21,0,0.000023
3032,...((((..((....)).)))).(((((................((((......))))...)))))..,15,-4.441,10,0,0.000023
3033,...((((..(....)...))))..........(((...)))...((((......))))..........,12,-4.441,19,0,0.000023
3034,......(((....)))........(((((...((.....))...(((.((...)))))..)))))...,15,-4.441,22,0,0.000023
3035,......(((....)))........(((((...((.....))...((((.(...)))))..)))))...,15,-4.441,19,0,0.000023
3036,.(.((.(((((........(((.........)))......))))).)).)....(.(...).).....,13,-4.441,43,0,0.000023
3037,...((((((....))))...))..(((.(...((.....))...((((......))))..).)))...,16,-4.441,15,0,0.000023
3038,..((..(.....).))...(((.........)))..........((((......))))..........,10,-4.44,32,0,0.000023
3039,...((((...........)))).((((....(((..........((((......)))).)))))))..,15,-4.44,18,0,0.000023
3040,......(((....))).......((((((...((.....))....(((......)))...))))))..,14,-4.44,21,0,0.000023
3041,((.((((.(((....)))))))..)).....((..((.....))((((......))))..))......,17,-4.44,21,0,0.000023
3042,...((((.(((....)))))))......................(((.((...)))))...(....).,13,-4.439,20,0,0.000023
3043,...((((.(((....)))))))......................((((.(...)))))...(....).,13,-4.439,17,0,0.000023
3044,.(.((((...........))))..)...((....))........(((........)))..........,10,-4.439,26,0,0.000023
3045,...((((.(((....))))))).......(....)....((..(((((......)))))...))....,15,-4.439,18,0,0.000023
3046,...(((.............)))..(((((...((.....))...(((.((...)))))..)))))...,15,-4.438,13,0,0.000023
3047,...(((.............)))..(((((...((.....))...((((.(...)))))..)))))...,15,-4.438,10,0,0.000023
3048,((.((((.(((....))))))).((((((...(((...)))...((((......))))..)))))))),22,-4.436,8,0,0.000023
3049,.(.((((...........))))..)...((....))........((((......)))).((...))..,13,-4.436,26,0,0.000023
3050,..(..((((....)))).).........((....))....(..(((((......)))))..)......,13,-4.436,37,0,0.000023
3051,...(((..(((....))).))).((((.(...((.....))...((((......))))..).))))..,17,-4.435,6,0,0.000023
3052,......(((....)))........(((((...(.......)...((((......))))..)))))...,13,-4.435,19,0,0.000023
3053,...((((.(((....)))))))..(((((...((.....))..(.(.....)..).....)))))...,16,-4.435,10,0,0.000023
3054,.(.((((.(((....)))))))..)....(.(((..........((((......)))).))).)....,16,-4.435,18,0,0.000023
3055,...((((.((......))))))....(((...((.....))...((((......))))..))).....,15,-4.435,6,0,0.000023
3056,.....((((....))))....((((.......))))........((((......))))..(...)...,13,-4.434,35,0,0.000023
3057,...((((..((....)).)))).....................((...))..................,8,-4.434,27,0,0.000023
3058,....(((((....))).))....((((....(((.........(((((......))))))))))))..,17,-4.433,31,0,0.000023
3059,....(((((....)))).)....((((....(((.........(((((......))))))))))))..,17,-4.433,31,0,0.000023
3060,...((((.(((....)))))))..(((((.((.(.........((((...)).))).)).)))))...,19,-4.433,19,0,0.000023
3061,...((((...........))))..(((((.((.(.........((........))).)).)))))...,14,-4.433,23,0,0.000023
3062,...((((((....))))...))..........(((...)))...(((........)))..........,12,-4.433,27,0,0.000023
3063,...((((.(((....)))))))..(((....(((.........((((..(...).))))))))))...,18,-4.432,16,0,0.000023
3064,.(.((((..((....)).)))).((((((...((.....))...((((......))))..))))))).,19,-4.432,6,0,0.000023
3065,...(((.............)))..(((((...(.......)...((((......))))..)))))...,13,-4.432,10,0,0.000023
3066,...((((((....))))...))..(((.................((((......))))....)))...,13,-4.431,21,0,0.000023
3067,...((((.(((....)))))))..........(.(...).)...((((......))))..........,13,-4.431,14,0,0.000023
3068,..(..(((......))).)....((((....(((.........(((((......))))))))))))..,16,-4.431,31,0,0.000023
3069,...((((((....))))...))..........(((...)))...((((......)))).((...))..,15,-4.43,27,0,0.000023
3070,..((..........)).....(((.........)))........((((......))))..........,9,-4.43,34,0,0.000023
3071,...((((.(((....)))))))..........(..........(((((......))))).......).,13,-4.43,17,0,0.000023
3072,...((((.(((....)))))))......((....))...(((..(((........))).....)))..,15,-4.43,21,0,0.000023
3073,...((((..((....)).))))..(((((.((.(......((....)).......).)).)))))...,16,-4.428,18,0,0.000022
3074,...((((...........))))..(((..((.....))......((((......))))....)))...,13,-4.428,18,0,0.000022
3075,...((((.(((....)))))))..........((.....))...((...............)).....,11,-4.428,18,0,0.000022
3076,...((((((....)))...)))..(((.(...((.....))...((((......))))..).)))...,16,-4.427,13,0,0.000022
3077,...((((..(......).))))..(((.....(((...)))...((((......))))....)))...,15,-4.427,10,0,0.000022
3078,...((((...........))))....(....(((.........(((((......))))))))..)...,13,-4.426,24,0,0.000022
3079,.....((((....))))...((.....))...(((...)))...((((......))))..........,13,-4.426,29,0,0.000022
3080,...(((..(((....))).))).((((.................((((......))))....))))..,14,-4.426,12,0,0.000022
3081,...((((((....))))...))..(...)...............((((......))))..........,11,-4.426,27,0,0.000022
3082,...((((.(........))))).......(.(((.........(((((......)))))))).)....,14,-4.426,23,0,0.000022
3083,...((((..((....)).)))).((((....(((.....((..((........))..)))))))))..,17,-4.425,25,0,0.000022
3084,.(.((((..((....)).))))..)...((....)).........(((......)))...........,12,-4.425,22,0,0.000022
3085,...((((((....))))...))..........((.....))....(((......)))...........,11,-4.425,25,0,0.000022
3086,...((((.((......))))))......((....)).........(((......)))...........,11,-4.425,21,0,0.000022
3087,...((((.(((....)))))))....(.....)...(.....).((((......))))..........,13,-4.424,16,0,0.000022
3088,...((((..((....)).)))).........(((.........(((((......))))))))(...).,15,-4.424,21,0,0.000022
3089,...((((.(((....)))))))..................((.((((........))))....))...,13,-4.424,19,0,0.000022
3090,...((((.(((....))))))).............(((...)))((((......)))).(.....)..,15,-4.424,22,0,0.000022
3091,...((((..((....)).))))..(...)......((.....))((((......))))..........,13,-4.423,20,0,0.000022
3092,.(.((((.(((....)))))))..).......((.....))...(((........)))...(....).,14,-4.423,14,0,0.000022
3093,...((((.(((....)))))))..(((((.(.............(((........)))).)))))...,16,-4.423,8,0,0.000022
3094,...((((..((....)).))))..........................((...)).............,8,-4.423,27,0,0.000022
3095,.(.((((.(((....)))))))..)......(((........(.((((......))))))))......,16,-4.422,19,0,0.000022
3096,...((((.(((....)))))))......(......).........(((......)))...........,11,-4.422,17,0,0.000022
3097,...((((...........))))..(((((..(.(.......).)((((......))))..)))))...,15,-4.422,13,0,0.000022
3098,...((((..((....)).))))..(((....(((........(.((((......)))))))))))...,17,-4.422,14,0,0.000022
3099,...((((..((....)).)))).........(((.((.....))(((........))).)))......,14,-4.422,24,0,0.000022
3100,...((((..((....)).)))).....((...........))..((((......))))...(....).,13,-4.422,18,0,0.000022
3101,...((((.(((....))))))).............(((...)))((((......))))....(...).,15,-4.422,21,0,0.000022
3102,.(.(((..(((....))).)))..)...((....))....(..(((((......)))))..)......,15,-4.422,22,0,0.000022
3103,...((((..(......).))))..(...)..(((.........(((((......))))))))......,14,-4.421,22,0,0.000022
3104,.(.(..(((((..((....(((.........))).))...)))))..).)..................,12,-4.421,47,0,0.000022
3105,..(..((((....))))...)..((((((...(((...)))...((((......))))..))))))..,18,-4.421,22,0,0.000022
3106,((.((((...........))))..))......((.....))...((((......))))...(....).,13,-4.421,19,0,0.000022
3107,...((((..(....)...))))......((....))........((((......))))..........,11,-4.42,24,0,0.000022
3108,...((((.(((....)))))))..((((..((.(.(((.............))).).))..))))...,17,-4.42,23,0,0.000022
3109,...((((..((....)).))))...(.......)..........((((......))))..........,11,-4.42,16,0,0.000022
3110,...((((..((....)).)))).(...)....((.....))...((((......))))..........,13,-4.42,13,0,0.000022
3111,...((((((....)))...)))..........(((...)))...(((........)))..........,12,-4.419,25,0,0.000022
3112,...((((.(((....))))))).((((((.((...((.....)).(((......))))).))))))..,20,-4.419,15,0,0.000022
3113,..(..((((....)))).)....((((((...((.....))...(((.((...)))))..))))))..,18,-4.419,25,0,0.000022
3114,..(..((((....)))).)....((((((...((.....))...((((.(...)))))..))))))..,18,-4.419,22,0,0.000022
3115,.....((((....))))..(((.........))).....((..(((((......)))))...))....,14,-4.419,34,0,0.000022
3116,...((((.(((....))))))).((((((...(((...)))....((........))...))))))..,18,-4.419,8,0,0.000022
3117,...((((.(((....))))))).((((....(((.((.....))(((........))).)))))))..,19,-4.418,18,0,0.000022
3118,...((((((....))))...)).................(((.(((((......)))))....)))..,14,-4.418,31,0,0.000022
3119,...((((((....)))...)))..(((.................((((......))))....)))...,13,-4.418,19,0,0.000022
3120,...((((.(((....)))))))...((.....))..((...)).((((......))))..........,15,-4.418,18,0,0.000022
3121,...((((...........)))).....(((.(((.(((...)))((((......)))).)))...))),17,-4.418,32,0,0.000022
3122,...(((..(((....))).))).......(.(((.(((...)))((((......)))).))).)....,17,-4.418,25,0,0.000022
3123,...((((.(.(....).)))))..........(((...)))...((((......))))..........,13,-4.418,14,0,0.000022
3124,......((......))...(((.........)))......(..(((((......)))))..)......,11,-4.417,33,0,0.000022
3125,......((......))............................((((......))))..........,6,-4.417,30,0,0.000022
3126,...((((((....)))...)))..........(((...)))...((((......)))).((...))..,15,-4.417,25,0,0.000022
3127,...((((..((....)).))))..................((.(((((......))))..)..))...,13,-4.416,18,0,0.000022
3128,.......................((((((...(((...)))...((((......))))..))))))..,13,-4.416,18,0,0.000022
3129,.(.((((.(((....)))))))..)...........(.....).((((......))))..........,13,-4.416,17,0,0.000022
3130,...((((.(((....)))))))......((....)).(...)..((((......))))..........,14,-4.416,19,0,0.000022
3131,...((((.(((....)))))))..(((((.(((((...)))..((...)).......)).)))))...,19,-4.415,16,0,0.000022
3132,..((.((.....))))................((.....))...((((......))))..........,10,-4.415,28,0,0.000022
3133,...((((.(((....)))))))....(((......((.....)).....)))....(...).......,13,-4.415,29,0,0.000022
3134,.(.((((...........))))..)......((..((.....))((((......))))..))......,13,-4.415,26,0,0.000022
3135,((.((((..((....)).))))..))......(((...)))...((((......))))...(....).,16,-4.415,17,0,0.000022
3136,...((((((....))))...))......(...........)...((((......))))..........,11,-4.414,27,0,0.000022
3137,...((((((....))))...)).((((((...(((...)))...(((.((...)))))..))))))..,20,-4.414,22,0,0.000022
3138,...((((((....))))...)).((((((...(((...)))...((((.(...)))))..))))))..,20,-4.414,19,0,0.000022
3139,..(..((((....)))).)....((((((...(.......)...((((......))))..))))))..,16,-4.413,22,0,0.000022
3140,...((((...........)))).......(.(((.((.....)).(((......)))..))).)....,13,-4.413,29,0,0.000022
3141,...((((((....))...)))).((((((...((.....))...(((........)))..))))))..,17,-4.413,13,0,0.000022
3142,...((((.(((....)))))))..........((.....))..(.....)....(.(...).).....,12,-4.413,20,0,0.000022
3143,...((((...........))))..........((.....))...((..........))..........,8,-4.412,20,0,0.000022
3144,...((((.(((....)))))))(....)...(((.........(((((......))))))))......,16,-4.412,19,0,0.000022
3145,...((((((....)))...)))..(...)...............((((......))))..........,11,-4.412,25,0,0.000022
3146,...((((((....))))...))......((....))........(((........)))..........,11,-4.412,32,0,0.000022
3147,...((((.(((....)))))))........((............((((......))))......))..,13,-4.412,17,0,0.000022
3148,...((((((....)))...)))..........((.....))....(((......)))...........,11,-4.412,23,0,0.000022
3149,...((((.(((....)))))))....(((..((..((.....)).).).)))................,14,-4.411,30,0,0.000022
3150,...((((.(((....)))))))....(((.........................)))...........,10,-4.411,22,0,0.000022
3151,((...((((....)))).)).(((.........)))........((((......))))..........,13,-4.411,37,0,0.000022
3152,((.((((.(((....)))))))..))...(.(((.((.....))((((......)))).))).)....,19,-4.411,23,0,0.000022
3153,...((((.(((....)))))))...((.....)).((.....))((((......))))...(....).,16,-4.411,19,0,0.000022
3154,...((((.(((....)))))))..........(((...)))....(.....)................,11,-4.41,21,0,0.000022
3155,..(..((((....)))).)..(((.........)))........((((......))))...(....).,13,-4.41,37,0,0.000022
3156,...((((.((......))))))..(((((...((.....))..((........)).....)))))...,15,-4.409,12,0,0.000022
3157,...((((((....))))...))......((....))........((((......)))).((...))..,14,-4.409,32,0,0.000022
3158,.....((((....))))....((((.......))))...(((..((((......)))).....)))..,15,-4.409,37,0,0.000022
3159,..(((((..((....)).))))..)......(((.........(((((......))))))))......,15,-4.409,21,0,0.000022
3160,.(.((((..((....)).))))..)......((..(((...)))((((......))))..))......,16,-4.409,24,0,0.000022
3161,.(...((((....)))).).........................((((......))))..........,9,-4.409,32,0,0.000022
3162,...((((.(((....))))))).(((((((..............((((......))))).))))))..,18,-4.408,8,0,0.000022
3163,...((((.((......)))))).........((..(((...)))((((......))))..))......,15,-4.408,23,0,0.000022
3164,...((((.(((....))))))).........(((.((..................))..)))......,12,-4.408,26,0,0.000022
3165,......(((....)))............((....))..(.(..(((((......)))))..).)....,12,-4.408,37,0,0.000022
3166,..((..........))...............(((.........(((((......))))))))......,10,-4.407,34,0,0.000022
3167,...((((..((....)).)))).......(.(((.(((...))).(((......)))..))).)....,16,-4.407,27,0,0.000022
3168,...(((..(((....))).)))......................(((........)))..........,9,-4.407,18,0,0.000022
3169,...((.(.(((....)))).)).((((((...(((...)))...((((......))))..))))))..,19,-4.407,6,0,0.000022
3170,...((((.(((....))))))).(.((((...(((...)))...((((......))))..)))).)..,19,-4.407,6,0,0.000022
3171,...((((.(((....))))))).((.(((...(((...)))...((((......))))..))).))..,19,-4.407,6,0,0.000022
3172,.(.....)....(((...........)))..(((.........(((((......))))))))......,12,-4.407,37,0,0.000022
3173,...((((...........))))..........((.....))..((...))....(.(...).).....,10,-4.407,27,0,0.000022
3174,...((((..((....)).))))..........(((...)))...((..........))..........,11,-4.406,18,0,0.000022
3175,...((((...........)))).........(((..((...)).((((......)))).)))......,13,-4.406,26,0,0.000022
3176,...((((..((....)).))))..(((((.((((.....))....(((......))))).)))))...,18,-4.406,7,0,0.000022
3177,((.((((.(((....)))))))..))..((....))...((...((((......))))....))....,17,-4.405,19,0,0.000022
3178,...((((.(((....)))))))..........(((...)))..((...))....((.......))...,14,-4.405,23,0,0.000022
3179,...((((.(....)....))))..........((.....))...((((......))))..........,11,-4.405,17,0,0.000022
3180,...((((((....)))...))).................(((.(((((......)))))....)))..,14,-4.405,29,0,0.000022
3181,...((((.(((....)))))))......((....))....(.(.((((......)))))..)......,15,-4.404,19,0,0.000022
3182,...((((.(((....)))))))..........((.....))...(((.((...))))).((...))..,16,-4.404,17,0,0.000022
3183,...((((.(((....)))))))..........((.....))...((((.(...))))).((...))..,16,-4.404,14,0,0.000022
3184,...(((.............)))......((....))..(.(..(((((......)))))..).)....,12,-4.404,28,0,0.000022
3185,...(((..(((....))).)))......................((((......)))).((...))..,12,-4.404,18,0,0.000022
3186,...((((.((......))))))..(((....(((.........((((........))))))))))...,16,-4.404,16,0,0.000022
3187,...((((.(((....)))))))..(((((.(((((...))).......((...))..)).)))))...,19,-4.404,16,0,0.000022
3188,...((((...........)))).((((((.((.(.(((.............))).).)).))))))..,16,-4.404,29,0,0.000022
3189,...((((.(((....)))))))...((.....)).........((........)).............,11,-4.403,24,0,0.000022
3190,...((((.(((....)))))))..((.((......((.....))((((......))))..)).))...,17,-4.403,10,0,0.000022
3191,...((((..((....)).))))..(((.(...........)...((((......))))....)))...,14,-4.403,10,0,0.000022
3192,....(((((....))).))..((((.......))))...((..(((((......)))))...))....,16,-4.402,37,0,0.000022
3193,....(((((....)))).)..((((.......))))...((..(((((......)))))...))....,16,-4.402,37,0,0.000022
3194,...((((.(((....))))))).((((((...(.(....))...((((......))))..))))))..,19,-4.402,5,0,0.000022
3195,..((..........)).....((((.......))))........((((......))))...(....).,11,-4.402,35,0,0.000022
3196,...((((.(((....)))))))..(((((.((.(......(..((...)).)...).)).)))))...,18,-4.402,19,0,0.000022
3197,...((((.(((....)))))))..........(.......)...(((........)))..........,11,-4.402,14,0,0.000021
3198,......(((....))).....(((.........)))...((..(((((......)))))...))....,13,-4.401,37,0,0.000021
3199,...((((..((....)).)))).........(((.....((..(((.....).))..)))))......,14,-4.401,30,0,0.000021
3200,...((((..((....)).))))..(...)...((.....))...((((......)))).(.....)..,14,-4.401,14,0,0.000021
3201,...((((.(((....)))))))..(...)..(((.((.....)).(((......)))..)))......,16,-4.401,22,0,0.000021
3202,...((((((....)))...)))......(...........)...((((......))))..........,11,-4.401,25,0,0.000021
3203,...((((((....)))...))).((((((...(((...)))...(((.((...)))))..))))))..,20,-4.401,20,0,0.000021
3204,...((((((....)))...))).((((((...(((...)))...((((.(...)))))..))))))..,20,-4.401,17,0,0.000021
3205,...((((..((....)).))))..........(((...)))..((...))....(.(...).).....,13,-4.4,25,0,0.000021
3206,..(..(((......))).)..((((.......))))...((..(((((......)))))...))....,15,-4.4,37,0,0.000021
3207,.....((((....))))......((((((......((.....))((((......))))..))))))..,16,-4.4,27,0,0.000021
3208,...((((..((....)).))))..(...)...((.....))...((((......))))....(...).,14,-4.399,13,0,0.000021
3209,...((((.(((....)))))))..........(.......)...((((......)))).((...))..,14,-4.399,14,0,0.000021
3210,...((((((....)))...)))......((....))........(((........)))..........,11,-4.399,30,0,0.000021
3211,((.((((.(((....)))))))..)).........(((...)))((((......))))..........,16,-4.398,22,0,0.000021
3212,...((((((....))...))))...((.....))..........((((......))))..........,12,-4.398,23,0,0.000021
3213,.....((((....))))...((.........))...........((((......))))...(....).,11,-4.398,33,0,0.000021
3214,...((((.(((....)))))))..........((.....))..((...)).........((...))..,13,-4.397,23,0,0.000021
3215,...((((.(((....))))))).((((....(((.....((..(((.....).))..)))))))))..,19,-4.397,24,0,0.000021
3216,...((((.((......)))))).((((.(...((.....))...((((......))))..).))))..,17,-4.397,6,0,0.000021
3217,...((((.(((....)))))))..(((....(((.......(..((((......)))))))))))...,18,-4.397,12,0,0.000021
3218,...((((.(((....)))))))..(((((......((.....))((..((...)).))..)))))...,18,-4.397,15,0,0.000021
3219,...((((..((....)).))))..........((.....))..(((.....).)).............,11,-4.397,23,0,0.000021
3220,...((((.(((....))))))).........(((.(((...)))(((.((...))))).)))......,18,-4.397,27,0,0.000021
3221,...((((.(((....))))))).........(((.(((...)))((((.(...))))).)))......,18,-4.397,24,0,0.000021
3222,...((((.(((....)))))))......................(((..(...).)))..........,11,-4.397,18,0,0.000021
3223,...((((.(.(....).)))))......((....))........((((......))))..........,12,-4.397,19,0,0.000021
3224,...((((...........))))..................(...((((......))))....).....,9,-4.397,20,0,0.000021
3225,...((((.(((....))))))).((((((.((.(.((...((....))..))...).)).))))))..,20,-4.396,22,0,0.000021
3226,...((((...........))))......((.(((.........(((((......)))))))).)..).,14,-4.396,26,0,0.000021
3227,...((((((....)))...)))......((....))........((((......)))).((...))..,14,-4.396,30,0,0.000021
3228,..((.((.....)))).....((((.......))))....(..(((((......)))))..)......,14,-4.395,38,0,0.000021
3229,...((((.(((....)))))))...((.....(((...)))...((((......))))....))....,16,-4.395,8,0,0.000021
3230,...((((.(((....)))))))......((.(((........(.((((......))))))))...)).,17,-4.394,21,0,0.000021
3231,((.((((..((....)).))))..))..((....))........((((......))))...(....).,15,-4.394,22,0,0.000021
3232,......(((....))).....((((.......))))....(...((((......))))....).....,12,-4.394,35,0,0.000021
3233,...((((.(((....)))))))(((.......)))....((..(((((......)))))...))....,17,-4.394,19,0,0.000021
3234,...((((.(((....)))))))....(.....)..((.....)).(((......)))...........,13,-4.394,20,0,0.000021
3235,.....(((......)))...............((.....))...((((......))))..........,9,-4.394,26,0,0.000021
3236,...((((..((....)).))))..((((..((.(.((...............)).).))..))))...,15,-4.394,23,0,0.000021
3237,...((((..((....)).)))).((((((...((.....))...((..(.....).))..))))))..,17,-4.393,9,0,0.000021
3238,.(.((((.(((....)))))))..).......(((...)))..((...))..................,13,-4.393,24,0,0.000021
3239,..((((.....)).)).......((((....(((.........(((((......))))))))))))..,16,-4.392,32,0,0.000021
3240,..(((((.(((....)))))))....).....(((...)))...((((......))))..........,15,-4.392,13,0,0.000021
3241,..(..((.....)).).......((((((...(((...)))...((((......))))..))))))..,16,-4.392,21,0,0.000021
3242,...((((..((....)).))))..(((((......((.....))(((.((...)))))..)))))...,18,-4.391,15,0,0.000021
3243,...((((..((....)).))))..(((((......((.....))((((.(...)))))..)))))...,18,-4.391,12,0,0.000021
3244,..........((((.(.....(((.........)))........((((......))))...).)))).,12,-4.391,37,0,0.000021
3245,...((((.(((....)))))))..........((.....))...((.(......).))..........,12,-4.391,12,0,0.000021
3246,...((((.(((....)))))))..........((.....))...........(.(......).)....,11,-4.391,19,0,0.000021
3247,...((((...........))))..........(((...)))...((((......)))).(...)....,12,-4.391,19,0,0.000021
3248,...((((..(......).))))......((....))...((..(((((......)))))...))....,14,-4.391,23,0,0.000021
3249,...((((((....))...))))..(((((......(((...)))((((......))))..)))))...,18,-4.391,19,0,0.000021
3250,...((((..((....)).)))).......((.....))..((.(((((......)))))....))...,15,-4.391,23,0,0.000021
3251,...((((.(((....)))))))..(((((.((.(.((...(......)....)).).)).)))))...,18,-4.391,19,0,0.000021
3252,...((((.(((....))))))).((.......)).((.....))((((......))))..........,15,-4.39,19,0,0.000021
3253,((.(..(((((........(((.........)))......)))))..).)).....(...).......,12,-4.39,45,0,0.000021
3254,...((((.(((....))))))).........(((.((.....))....((...))....)))......,14,-4.39,31,0,0.000021
3255,...((((.(((....)))))))......((....)).........(.....)................,10,-4.39,26,0,0.000021
3256,...((((.(((....))))))).((.......)).....(((.(((((......)))))....)))..,17,-4.39,19,0,0.000021
3257,...((((.(((....))))))).............(((...)))((((......))))..(...)...,15,-4.389,20,0,0.000021
3258,...((((.(((....))))))).((((((.((.(.((...(..((...)).))).).)).))))))..,21,-4.389,25,0,0.000021
3259,...(((..(((....))).)))..(((((...((.....))...((..........))..)))))...,15,-4.389,6,0,0.000021
3260,...((((..((....)).))))......(......)...((..(((((......)))))...))....,14,-4.388,19,0,0.000021
3261,......(((....)))....((.........))...........(((........)))..........,8,-4.388,34,0,0.000021
3262,...((((((....))))...)).........((..((.....))((((......))))..))......,14,-4.388,32,0,0.000021
3263,...((((.(((....))))))).......(.(((.........((...)).........))).)....,13,-4.388,28,0,0.000021
3264,...((((.((......)))))).((((.................((((......))))....))))..,14,-4.388,12,0,0.000021
3265,...((((.(((....)))))))..(((.(...(((...)))...(((........)))..).)))...,17,-4.387,6,0,0.000021
3266,...((((.(((....)))))))......((....))....(..((........))..)..........,12,-4.387,27,0,0.000021
3267,...((((...........))))......((.((..((.....))((((......))))..))...)).,14,-4.387,28,0,0.000021
3268,...((((...........))))..........((.....))...(((.(.....))))..........,10,-4.387,19,0,0.000021
3269,..........((((.(....((.........))..(((...)))((((......))))...).)))).,14,-4.386,40,0,0.000021
3270,...((((.(((....)))))))..........(((...)))...((..(.....).))..........,13,-4.386,17,0,0.000021
3271,.(.((((...........))))..)....(.(((.((.....))((((......)))).))).)....,15,-4.386,28,0,0.000021
3272,...((((.(((....)))))))..........((.....)).......((...))....((...))..,13,-4.386,23,0,0.000021
3273,...((((.(((....)))))))..(((.....(((...)))....(((......))).....)))...,16,-4.386,8,0,0.000021
3274,....((.((....))..)).....(((((...(((...)))...((((......))))..)))))...,16,-4.386,19,0,0.000021
3275,...((((..((....)).)))).....(((.(((.........(((((......)))))))).)..)),17,-4.386,23,0,0.000021
3276,......(((....)))....((.........))...........((((......)))).((...))..,11,-4.386,34,0,0.000021
3277,.(.((((.(((....)))))))..)..........((.....)).(((......)))...........,13,-4.386,21,0,0.000021
3278,...((((..((....)).))))......((....))........((..........))..........,10,-4.386,23,0,0.000021
3279,.(.(..(((((..........((((.......))))....)))))..).)......(...).......,12,-4.386,46,0,0.000021
3280,......(((....)))...............(((.((.....))((((......)))).)))......,12,-4.386,37,0,0.000021
3281,...((((.(((....))))))).......((.....)).((...((((......))))....))....,15,-4.385,18,0,0.000021
3282,...((((.(((....)))))))........(((...........((((......)))).....)))..,14,-4.385,17,0,0.000021
3283,...((((..((....)).))))..(((((.((.(.((.............))...).)).)))))...,16,-4.385,21,0,0.000021
3284,...((((.(((....)))))))......((....)).......((...))....((.......))...,13,-4.385,28,0,0.000021
3285,...((((.(((....)))))))..........((.....))..((........))....(.....)..,12,-4.385,22,0,0.000021
3286,...((((..((....)).))))..(((((...((.....))..((...))..........)))))...,15,-4.384,13,0,0.000021
3287,.(.((((.((......))))))..)...((....))....(..(((((......)))))..)......,15,-4.383,22,0,0.000021
3288,...((((.(((....)))))))..((((..((.........................))..))))...,13,-4.383,17,0,0.000021
3289,((...((((....)))).)).((((.......))))........((((......))))...(....).,15,-4.383,38,0,0.000021
3290,...((((.(((....))))))).....((...........))..((((......)))).(.....)..,14,-4.383,17,0,0.000021
3291,...((((.(((....))))))).((((((...(.......)...(((.((...)))))..))))))..,19,-4.383,9,0,0.000021
3292,...((((.(((....))))))).((((((...(.......)...((((.(...)))))..))))))..,19,-4.383,6,0,0.000021
3293,...(((..(((....))).)))......((....))....(..(((((......)))))...).....,14,-4.383,21,0,0.000021
3294,...((((..((....)).)))).((((((.((.((((...((....))..)))..).)).))))))..,20,-4.383,26,0,0.000021
3295,...(((.............))).........(((.((.....))((((......)))).)))......,12,-4.382,28,0,0.000021
3296,.(.(..(((((..........((((.......))))....)))))..).)..(.(.(...)).)....,14,-4.382,47,0,0.000021
3297,......(((....))).......((((((...(((...)))...(((.((...)))))..))))))..,17,-4.382,26,0,0.000021
3298,......(((....))).......((((((...(((...)))...((((.(...)))))..))))))..,17,-4.382,23,0,0.000021
3299,...((((...........))))....(.....)..(((...)))((((......))))..........,12,-4.382,26,0,0.000021
3300,...((((.(((....)))))))..(((((.((...........(.....).......)).)))))...,15,-4.382,17,0,0.000021
3301,...((((.(((....))))))).....((...........))..((((......))))....(...).,14,-4.381,16,0,0.000021
3302,.(.((((.(((....)))))))..).......(((...))).......((...)).............,13,-4.381,24,0,0.000021
3303,...((((...(....)..))))..(((....(((.........(((((......)))))))))))...,16,-4.381,16,0,0.000021
3304,.(.((((.(((....)))))))..)...(......)....(..(((((......)))))..)......,15,-4.381,18,0,0.000021
3305,...((((..((....)).))))......((.((..(((...)))((((......))))..))...)).,17,-4.381,26,0,0.000021
3306,.(.((((...........))))..)...((....))...((...((((......))))....))....,13,-4.381,24,0,0.000021
3307,...((((..((....)).))))..........(((...)))...(((.(.....))))..........,13,-4.38,17,0,0.000021
3308,...((((.(((....))))))).........((((......)).((((......))))..))......,15,-4.38,18,0,0.000021
3309,...((((((....))...))))..(((.....((.....))...((((......))))....)))...,15,-4.38,13,0,0.000021
3310,...((((...........))))..........(((...)))...((..((...)).))..........,11,-4.38,25,0,0.000021
3311,.(.((((..((....)).))))..)....(.(((.(((...)))((((......)))).))).)....,18,-4.38,26,0,0.000021
3312,...((((..((....)).))))......((....)).......((...))....(.(...).).....,12,-4.38,30,0,0.000021
3313,...((((..((....)).))))......((....))...((..((........))..)).........,12,-4.379,30,0,0.000021
3314,...((((...........)))).((((((...(((...))).(.((((......))))).))))))..,18,-4.379,12,0,0.000021
3315,...((((.((......)))))).......(.(((.(((...)))((((......)))).))).)....,17,-4.379,25,0,0.000021
3316,...((((.(((....))))))).........(((.........(((((......)))))))).(...),16,-4.379,19,0,0.000021
3317,...((((..(......).))))...((((...((.....))...((((......))))..))))....,15,-4.379,6,0,0.000021
3318,......(((....)))..(((((((.......))))........((((......))))....)))...,14,-4.378,35,0,0.000021
3319,...((((..((....)).))))....(.....)...........(((........)))..........,10,-4.377,18,0,0.000021
3320,..........((((.(....((.........))...........((((......))))...).)))).,11,-4.377,34,0,0.000021
3321,.(.((((.(((....)))))))..)...((.(((.........((((........)))))))...)).,17,-4.377,24,0,0.000021
3322,...((((...........))))...((.....))..........(((........)))..........,9,-4.377,22,0,0.000021
3323,...((((..((....)).)))).....(((.((..((.....))((((......))))..))...))),17,-4.377,25,0,0.000021
3324,...((((.(((....))))))).((((((...(((((.............))))).....))))))..,18,-4.376,21,0,0.000021
3325,((.((((((....))))...))..)).....(((.........(((((......))))))))......,16,-4.376,33,0,0.000021
3326,((.((((.(((....)))))))..))......(((...)))...((((......)))).(.....)..,17,-4.376,16,0,0.000021
3327,.(.(..(((((........(((.........)))......)))))..).)....((.......))...,12,-4.376,43,0,0.000021
3328,...((((...........))))..(((((.((...........((...)).......)).)))))...,13,-4.375,24,0,0.000021
3329,...(((((......)))...))..(((((......((.....))((((......))))..)))))...,16,-4.375,20,0,0.000021
3330,((.((((...........))))..))..((.(((.........(((((......))))))))...)).,16,-4.375,29,0,0.000021
3331,...((((..((....)).))))....(.....)...........((((......)))).((...))..,13,-4.375,18,0,0.000021
3332,...((((.(((....)))))))..((((((....).........((((......))))..)))))...,17,-4.375,6,0,0.000021
3333,...((((((....)))...))).........((..((.....))((((......))))..))......,14,-4.375,30,0,0.000021
3334,...((((.(((....))))))).............(........((((......))))....).....,12,-4.374,15,0,0.000021
3335,...((((...........))))...((.....))..........((((......)))).((...))..,12,-4.374,22,0,0.000021
3336,......(((....)))...(((.........)))...........(((......)))...........,9,-4.374,34,0,0.000021
3337,((.((((.(((....)))))))..))......(((...)))...((((......))))....(...).,17,-4.374,15,0,0.000021
3338,.(.((((...........))))..)..........(((...)))((((......))))..........,12,-4.374,27,0,0.000021
3339,.....(((......)))....((((.......))))....(..(((((......)))))..)......,13,-4.374,36,0,0.000020
3340,...((((..(......).)))).((((((......(((...)))((((......))))..))))))..,18,-4.373,16,0,0.000020
3341,...((((..((....)).))))..(((((...((.....)).......((...)).....)))))...,15,-4.373,13,0,0.000020
3342,...((((..((....)).))))..................(..((((........))))..)......,11,-4.372,20,0,0.000020
3343,.(.((((.(((....)))))))..)...((....)).......((...))..................,12,-4.372,29,0,0.000020
3344,...((((.(((....)))))))..........(((...)))....((........))...........,12,-4.372,16,0,0.000020
3345,.....((((....))))...((..(...)..))...........((((......))))..........,11,-4.372,32,0,0.000020
3346,...((((.(((....)))))))......(..(((.........(((((......))))))))....).,16,-4.372,19,0,0.000020
3347,..(..((((....)))).)......((.....))..........((((......))))..........,11,-4.371,32,0,0.000020
3348,...((((...........))))......((....))........((((......)))).(...)....,11,-4.37,24,0,0.000020
3349,...((((..(......).))))..(((((...((.....))....(((......)))...)))))...,15,-4.37,6,0,0.000020
3350,...((((...........))))..(((((......(((...)))(((........)))..)))))...,15,-4.37,18,0,0.000020
3351,.(.((((..((....)).))))..)...................(((........)))..........,10,-4.369,19,0,0.000020
3352,...((((..((....)).))))..(((.....((.........(((((......))))))).)))...,16,-4.369,13,0,0.000020
3353,...((((.((......))))))......................(((........)))..........,9,-4.369,18,0,0.000020
3354,...((((..((....)).))))..(((((.(.....).......((((......))))..)))))...,16,-4.368,8,0,0.000020
3355,.(.....).(((((.(.....((((.......))))........((((......))))...).))))),15,-4.368,40,0,0.000020
3356,...((((.(((....))))))).((((((...........((....))............))))))..,15,-4.368,15,0,0.000020
3357,...((((.(((....)))))))....(((..((..((.....))..)).))).......(.....)..,15,-4.368,32,0,0.000020
3358,...((((((....))))...))..(((((..(...........)((((......))))..)))))...,16,-4.367,19,0,0.000020
3359,...((((...........)))).((((((.((.........................)).))))))..,12,-4.367,23,0,0.000020
3360,...((((...........))))......(......)........((((......))))...(....).,10,-4.367,22,0,0.000020
3361,.(.((((..((....)).))))..)...................((((......)))).((...))..,13,-4.367,19,0,0.000020
3362,...((((..((....)).))))..(...)...((.....))...((((......))))..(...)...,14,-4.367,12,0,0.000020
3363,...((.((......))....))..........((.....))...((((......))))..........,10,-4.366,22,0,0.000020
3364,...((((.((......))))))......................((((......)))).((...))..,12,-4.366,18,0,0.000020
3365,...((((.(((....)))))))......((....))........((..(.....).))..........,12,-4.365,22,0,0.000020
3366,....(((...........)))((((.......))))........((((......))))..........,11,-4.365,26,0,0.000020
3367,...((((.(((....))))))).((((((.((((((...............))))..)).))))))..,19,-4.365,22,0,0.000020
3368,...((((.(((....)))))))..(...)................(((......)))...........,11,-4.365,16,0,0.000020
3369,...((((.(((....)))))))....(((....................)))..((.......))...,12,-4.364,25,0,0.000020
3370,..(..((((....)))).).....(((((......(((...)))((((......))))..)))))...,17,-4.364,28,0,0.000020
3371,...((((.(((....))))))).......(....)....(((.(((((......)))))....)))..,16,-4.364,20,0,0.000020
3372,...((((...........)))).................(((.(((((......))))..)..)))..,12,-4.364,23,0,0.000020
3373,...((((..((....)).))))...((.....))...........(((......)))...........,11,-4.363,18,0,0.000020
3374,...((((..((....)).)))).((((((.((.(.........((........))).)).))))))..,17,-4.363,21,0,0.000020
3375,...((((..(......).)))).((((.....((.....))...((((......))))....))))..,15,-4.363,10,0,0.000020
3376,...(((..(((....))).)))..(((((...((.....))...(((.(.....))))..)))))...,17,-4.363,5,0,0.000020
3377,...((((.(((....)))))))..(((((.((.(.((......((...))))...).)).)))))...,19,-4.363,22,0,0.000020
3378,((.((((((....)))...)))..)).....(((.........(((((......))))))))......,16,-4.363,31,0,0.000020
3379,...((((.(((....)))))))..........((.....)).((((((......)))))....)....,15,-4.362,13,0,0.000020
3380,...(((((......))...)))..(((((......((.....))((((......))))..)))))...,16,-4.362,18,0,0.000020
3381,...(((..(((....))).))).((((((..(...........)((((......))))..))))))..,17,-4.362,10,0,0.000020
3382,...((((..((....)).))))........((((.........(((((......)))))))).)....,15,-4.362,21,0,0.000020
3383,...((((..((....)).))))........((((.........(((((......))))))).))....,15,-4.362,21,0,0.000020
3384,...(((..(((....))).)))..((.((...(((...)))...((((......))))..)).))...,17,-4.362,6,0,0.000020
3385,...(((..(((....))).)))......((....))....((..((((......)))).....))...,14,-4.362,20,0,0.000020
3386,..((((.....)).)).....((((.......))))...((..(((((......)))))...))....,15,-4.361,38,0,0.000020
3387,...((((.(((....)))))))....(((...((.....))...(((........)))..))).....,15,-4.361,6,0,0.000020
3388,......(((....))).....((((.......))))...(((.(((((......))))..)..)))..,15,-4.361,38,0,0.000020
3389,(..((((.(((....))))))).).......(((.........(((((......))))))))......,16,-4.361,20,0,0.000020
3390,...((((.(((....))))))).((((((.(((((...)))................)).))))))..,18,-4.361,15,0,0.000020
3391,.(.((((.(((....)))))))..)...((....))............((...)).............,12,-4.36,29,0,0.000020
3392,...((((.(((....)))))))..(((((..(.((...))...)((((......))))..)))))...,19,-4.36,6,0,0.000020
3393,...((((..((....)).))))......((....))........(((.(.....))))..........,12,-4.36,22,0,0.000020
3394,...((((.(((....)))))))....(.....).....(.(...((((......))))...).)....,14,-4.36,15,0,0.000020
3395,...(((..(((....))).)))...((.....))......(..(((((......)))))..)......,14,-4.359,18,0,0.000020
3396,...((((..((....)).))))....(((....................)))..(.(...).).....,11,-4.359,27,0,0.000020
3397,...((((...........))))......((....))........((..((...)).))..........,10,-4.359,30,0,0.000020
3398,...((((...........))))..(((.....((.....))...(((........)))....)))...,12,-4.359,12,0,0.000020
3399,...((((((....))))...)).......(.(((.((.....))((((......)))).))).)....,16,-4.359,34,0,0.000020
3400,...((((.(((....)))))))..(.......).......((.(((((......)))))....))...,15,-4.358,17,0,0.000020
3401,...((((..((....)).)))).((((..((.....))......((((......))))....))))..,16,-4.358,16,0,0.000020
3402,...(((..(((....))).))).........(((.........((((.((...)))))))))......,15,-4.357,25,0,0.000020
3403,...(((..(((....))).))).........(((.........(((((.(...)))))))))......,15,-4.357,22,0,0.000020
3404,...((((.(((....))))))).......(.......)......((((......))))...(....).,13,-4.357,17,0,0.000020
3405,...((((...........))))..(((((.((.(.(((..((....))...))).).)).)))))...,17,-4.357,28,0,0.000020
3406,.(.((((..((....)).))))....)....(((.........(((((......))))))))......,15,-4.356,21,0,0.000020
3407,...((((...........)))).((((((.......((...)).((((......))))..))))))..,16,-4.356,16,0,0.000020
3408,...(((..(((....))).)))..(((((...(((...)))...((..((...)).))..)))))...,18,-4.356,11,0,0.000020
3409,...((((.(((....))))))).(((((((.......)......((((......))))..))))))..,18,-4.356,8,0,0.000020
3410,...((((.(((....)))))))................(.(..((((.((...))))))..).)....,15,-4.355,22,0,0.000020
3411,...((((.(((....)))))))................(.(..(((((.(...))))))..).)....,15,-4.355,19,0,0.000020
3412,((.((((.(((....)))))))..))..((....))........((((......)))).(.....)..,16,-4.355,21,0,0.000020
3413,..(....)....(((...........)))...((.....))...((((......))))..........,10,-4.355,29,0,0.000020
3414,...((((...........))))...((..(.(((.........(((((......)))))))).)))..,15,-4.355,26,0,0.000020
3415,.........(((((.(...(.((((.......)))).)......((((......))))...).))))),15,-4.354,39,0,0.000020
3416,.(.((((.(((....)))))))..)...((....))....((.(((((......))))..)..))...,17,-4.354,20,0,0.000020
3417,...((((((....))))...))......((....))...((...((((......))))....))....,14,-4.354,30,0,0.000020
3418,...((((((....)))...)))..(((((..(...........)((((......))))..)))))...,16,-4.354,17,0,0.000020
3419,..(..((((....)))).).....(((.....((.....))...((((......))))....)))...,14,-4.354,22,0,0.000020
3420,...((((..((....)).))))....((....((.....)).))((((......))))..........,14,-4.353,14,0,0.000020
3421,...((((.(((....)))))))......(...........)....(((......)))...........,11,-4.353,16,0,0.000020
3422,((.((((.(((....)))))))..))..((....))........((((......))))....(...).,16,-4.353,20,0,0.000020
3423,...((((..((....)).))))..(((.....(((...)))...(((........)))....)))...,15,-4.353,10,0,0.000020
3424,...((((..((....)).))))..(((((.((((.....))..(((.....).))..)).)))))...,18,-4.353,16,0,0.000020
3425,...((((..((....)).)))).((((((..(.(.......).)((((......))))..))))))..,18,-4.352,11,0,0.000020
3426,...(((..(((....))).)))..(((((.(.((.....))...((((......))))).)))))...,18,-4.352,4,0,0.000020
3427,...((((.(((....)))))))......(((.....))..)...((((......))))..........,14,-4.352,18,0,0.000020
3428,...((((.(((....)))))))....(((..(...(((...)))...).)))..(.(...).).....,16,-4.352,32,0,0.000020
3429,...((((.(((....))))))).((((((.((((.....))..((...)).......)).))))))..,19,-4.352,16,0,0.000020
3430,.(.((((.(((....)))))))..).............(.(...((((......))))...).)....,14,-4.351,16,0,0.000020
3431,...((((.(((....)))))))......((....))...((..(((.....).))..)).........,14,-4.351,29,0,0.000020
3432,.(.((((...........))))..).......(((...)))...((((......)))).(.....)..,13,-4.351,21,0,0.000020
3433,..((.(.....)..)).....((((.......))))........((((......))))..........,11,-4.351,35,0,0.000020
3434,...((((.(((....)))))))......((....)).........((........))...........,11,-4.351,21,0,0.000020
3435,...((((.(((....))))))).............(........((((......))))......)...,12,-4.351,15,0,0.000020
3436,...((((...........))))..(((....(((.(((...))).(((......)))..))))))...,16,-4.351,24,0,0.000020
3437,..(..((((....)))).)..(..(((((...(((...)))...((((......))))..))))).).,18,-4.351,21,0,0.000020
3438,......((......))...(.((((.......)))).)......((((......))))..........,11,-4.351,35,0,0.000020
3439,...((((.((......))))))..(((((...((.....))...((..........))..)))))...,15,-4.35,6,0,0.000020
3440,...(((..(((....))).))).........(((..........((((......)))).)))......,13,-4.35,18,0,0.000020
3441,...((((.(((....))))))).....................((...))......(...).......,10,-4.35,25,0,0.000020
3442,.(.((((...........))))..).......(((...)))...((((......))))....(...).,13,-4.349,20,0,0.000020
3443,....(.(((....)))..).....(((((...(((...)))...((((......))))..)))))...,16,-4.349,19,0,0.000020
3444,...((((..((....)).))))..(((((.((.((((......((...)))))..).)).)))))...,19,-4.349,26,0,0.000020
3445,...(((..(((....))).))).................((...((((......))))....))....,12,-4.349,16,0,0.000020
3446,...((((.(((....))))))).....((...........))..((((......))))..(...)...,14,-4.349,15,0,0.000020
3447,...((((..((....)).))))..(...)..(((.........((((........)))))))......,14,-4.348,22,0,0.000020
3448,...((((.(((....)))))))..(.(((..((..((.....))..)).))).)..............,15,-4.347,31,0,0.000020
3449,...((((((....))))...)).............(((...)))((((......))))..........,13,-4.347,33,0,0.000020
3450,......((......)).....((((.......))))....((.(((((......)))))....))...,13,-4.347,37,0,0.000020
3451,...((((.(((....)))))))..(((((.((.(..(...............)..).)).)))))...,16,-4.346,17,0,0.000020
3452,...((((.(((....))))))).......(.(((.(.........(((......)))).))).)....,15,-4.346,20,0,0.000020
3453,...(((.............))).((((((...(((...)))...(((........)))..))))))..,15,-4.346,14,0,0.000020
3454,...((((.(((....)))))))............(....)....((((......))))..........,12,-4.346,15,0,0.000020
3455,...((((.(((....))))))).....................((...))..(.(.(...)).)....,12,-4.346,26,0,0.000020
3456,...((((((....)))...))).......(.(((.((.....))((((......)))).))).)....,16,-4.346,32,0,0.000020
3457,...((((...(....)..))))......................((((......))))..........,9,-4.346,18,0,0.000020
3458,...((((..((....)).))))..........((.....))....(((......)))..(.....)..,12,-4.345,16,0,0.000020
3459,.(.((((..((....)).))))..)...((....))....(..(((((......)))))...).....,15,-4.345,22,0,0.000020
3460,...((((.(((....)))))))....(.....)..((.....))((((......))))...(....).,15,-4.345,19,0,0.000020
3461,.....((((....))))..(((.........))).((.....))((((......))))..........,13,-4.345,36,0,0.000020
3462,....(((.(((....))))))...(((....(((.........(((((......)))))))))))...,17,-4.345,14,0,0.000020
3463,...((((.(((....))))))).................(((.(.(((......)))...)..)))..,14,-4.345,19,0,0.000020
3464,...((((.((......))))))......((....))....(..(((((......)))))...).....,14,-4.344,21,0,0.000020
3465,...((((..(......).))))..(...)...(((...)))...((((......))))..........,13,-4.344,16,0,0.000020
3466,.....((((....))))..(((.........))).....(((.(((((......)))))....)))..,15,-4.344,36,0,0.000020
3467,...((((.(((....)))))))..........((.....))...((..((...)).))...(....).,14,-4.343,18,0,0.000019
3468,...((((..((....)).))))..((((..(.............((((......)))))..))))...,15,-4.343,10,0,0.000019
3469,...((((.(((....)))))))......(......)....(..(((((......)))))...).....,14,-4.342,17,0,0.000019
3470,...((((.(((....)))))))..........(((...)))..((........))......(....).,13,-4.342,23,0,0.000019
3471,((.((((.(((....)))))))..))......(((...)))...((((......))))..(...)...,17,-4.341,14,0,0.000019
3472,...(((..(((....))).)))..(.......)...........((((......))))..........,11,-4.341,16,0,0.000019
3473,...((...(((....)))..))..(((((...((.....))...((((......))))..)))))...,16,-4.341,4,0,0.000019
3474,......(((....)))..........(.....)...........((((......))))..........,8,-4.341,31,0,0.000019
3475,...((((((....)))...)))......((....))...((...((((......))))....))....,14,-4.34,28,0,0.000019
3476,...((((.(((....))))))).((((((.((((.....)).......((...))..)).))))))..,19,-4.34,16,0,0.000019
3477,...(((..((......)).))).......(.(((.........(((((......)))))))).)....,14,-4.34,23,0,0.000019
3478,.(...((((....)))).)..((((.......))))....((.(((((......)))))....))...,16,-4.338,39,0,0.000019
3479,..(((((...........))))..).......((.....))...((((......))))..........,11,-4.338,17,0,0.000019
3480,...((((.(((....)))))))...((((...((.....))....(((......)))...))))....,16,-4.338,4,0,0.000019
3481,...(((.............)))....(.....)...........((((......))))..........,8,-4.338,22,0,0.000019
3482,...((((..((....)).))))..........((.....))...(((.((...)))))...(....).,14,-4.337,18,0,0.000019
3483,...((((..((....)).))))..........((.....))...((((.(...)))))...(....).,14,-4.337,15,0,0.000019
3484,...((((((....))...))))..........(((...)))...((((......))))...(....).,14,-4.337,22,0,0.000019
3485,.(.((((.(((....)))))))..)..........((.....))((((......))))...(....).,15,-4.337,20,0,0.000019
3486,...((((..((....)).)))).......(.(((..(.....).((((......)))).))).)....,15,-4.337,21,0,0.000019
3487,.(.((((...........))))..(((((...((.....))...((((......))))..))))).).,16,-4.336,8,0,0.000019
3488,...((((.(((....))))))).((((((.((..((...............))....)).))))))..,17,-4.336,21,0,0.000019
3489,...((((..(......).)))).......((.....))......((((......))))..........,11,-4.336,22,0,0.000019
3490,......(((....)))........................(..(((((......)))))..)......,9,-4.335,33,0,0.000019
3491,......(((....)))..(.........)...............((((......))))..........,8,-4.335,31,0,0.000019
3492,...((((.(((....)))))))(....)....(((...)))...((((......))))..........,15,-4.335,13,0,0.000019
3493,...((((.(((....))))))).((((((.((.(.........(((.....).))).)).))))))..,19,-4.335,20,0,0.000019
3494,...((((.(((....))))))).........((..(((...)))(((........)))..))......,15,-4.335,23,0,0.000019
3495,..((..(((((........(((.........)))......)))))...))..................,10,-4.334,44,0,0.000019
3496,....(((((....))).))..(.((((((...((.....))...((((......))))..))))))).,18,-4.334,20,0,0.000019
3497,....(((((....))).))..((.(((((...((.....))...((((......))))..))))))).,18,-4.334,20,0,0.000019
3498,....(((((....)))).)..((.(((((...((.....))...((((......))))..))))))).,18,-4.334,20,0,0.000019
3499,....(((((....)))).)..(.((((((...((.....))...((((......))))..))))))).,18,-4.334,20,0,0.000019
3500,...((((.(((....)))))))....(((...((.....))..(.....)....)))...........,13,-4.334,20,0,0.000019
3501,...((((.(((....)))))))..(((....(((.((...................)).))))))...,15,-4.334,20,0,0.000019
3502,...((((((....)))...))).............(((...)))((((......))))..........,13,-4.333,31,0,0.000019
3503,...(((...((....))..)))..(((((...(((...)))...((((......))))..)))))...,17,-4.333,6,0,0.000019
3504,.(.((((...........))))..)..((...........))..((((......))))..........,11,-4.333,22,0,0.000019
3505,...(.((((....))))....).((((((...(((...)))...((((......))))..))))))..,18,-4.333,19,0,0.000019
3506,...((((..((....)).))))..(((((.(......)......((((......))))..)))))...,16,-4.333,8,0,0.000019
3507,...((...............))..........((.....))...((((......))))..........,8,-4.332,20,0,0.000019
3508,...(((.............)))..................(..(((((......)))))..)......,9,-4.332,24,0,0.000019
3509,..(((((..((....)).))))..).......(((...)))...((((......))))..........,14,-4.332,15,0,0.000019
3510,...((((..((....)).))))..........(.......)...((((......))))...(....).,12,-4.332,15,0,0.000019
3511,..(..(((......))).)..(.((((((...((.....))...((((......))))..))))))).,17,-4.331,20,0,0.000019
3512,..(..(((......))).)..((.(((((...((.....))...((((......))))..))))))).,17,-4.331,20,0,0.000019
3513,...((((..((....)).))))..........((.....)).(.((((......))))).........,13,-4.331,14,0,0.000019
3514,...((((.(((....)))))))......((....)).....(..((((......))))).........,14,-4.331,19,0,0.000019
3515,...((((..((....)).))))..(...)..........((..(((((......)))))...))....,14,-4.331,18,0,0.000019
3516,....((((......))).).....(((((...(((...)))...((((......))))..)))))...,16,-4.331,18,0,0.000019
3517,....((((......)).)).....(((((...(((...)))...((((......))))..)))))...,16,-4.331,18,0,0.000019
3518,.....((((....))))....((((.......)))).........(((......)))...........,11,-4.331,37,0,0.000019
3519,...((((...........))))..(((((.(((((((.............)))))..)).)))))...,16,-4.331,28,0,0.000019
3520,.(.((((...........))))..)...((....))........((((......)))).(.....)..,12,-4.331,26,0,0.000019
3521,......(((....)))....((.........))......((...((((......))))....))....,11,-4.33,32,0,0.000019
3522,...((((...........))))..(((((......(.......)((((......))))..)))))...,14,-4.33,12,0,0.000019
3523,..((..........))................(((...)))...((((......))))..........,9,-4.33,28,0,0.000019
3524,.(.((((..((....)).))))..(((((...(((...)))...((((......))))..))))).).,19,-4.33,6,0,0.000019
3525,.(.(((.............)))..)...................((((......))))..........,8,-4.329,23,0,0.000019
3526,.....((((....)))).....(((.......))).........((((......))))..........,11,-4.329,34,0,0.000019
3527,.(.....)....(((...........)))...(((...)))...((((......))))..........,11,-4.329,31,0,0.000019
3528,...((((.(((....)))))))..(((((...(((((...((....))..))))).....)))))...,19,-4.329,20,0,0.000019
3529,.(.((((...........))))..)...((....))........((((......))))....(...).,12,-4.329,25,0,0.000019
3530,.(.....)..((((.(...(((.........))).((.....))((((......))))...).)))).,15,-4.328,40,0,0.000019
3531,...((((.(((....)))))))..((((((..(((...)))...((((......))))).)))))...,20,-4.328,4,0,0.000019
3532,....(((((....)))).)..((((.......))))...(((.(((((......)))))....)))..,17,-4.327,39,0,0.000019
3533,....(((((....))).))..((((.......))))...(((.(((((......)))))....)))..,17,-4.327,39,0,0.000019
3534,...((((...........))))....(((...((.....))..((...))....)))...........,11,-4.327,27,0,0.000019
3535,...((((((....))...)))).((((((......((.....))((((......))))..))))))..,18,-4.327,19,0,0.000019
3536,..(..((((....)))).)..(((.........)))..(.(..(((((......)))))..).)....,15,-4.326,39,0,0.000019
3537,......(((....))).....(((.........)))...(((.(((((......)))))....)))..,14,-4.326,39,0,0.000019
3538,...((((.(((....))))))).........((((((...((....))..)))......)))......,15,-4.326,31,0,0.000019
3539,...((((...........)))).((((((......(((...))).(((......)))...))))))..,16,-4.326,20,0,0.000019
3540,.(.((((.(((....)))))))..)......(((.........(((..((...)).))))))......,16,-4.325,26,0,0.000019
3541,...((((.(((....)))))))...........(....).....((((......))))..........,12,-4.325,15,0,0.000019
3542,...((((..((....)).))))..(((....(((.........(((..((...)).)))))))))...,17,-4.325,21,0,0.000019
3543,......(((....))).((((..........(((.........(((((......))))))))))))..,15,-4.325,36,0,0.000019
3544,...((((.(((....))))))).((((((....((...))....((((......))))..))))))..,19,-4.325,6,0,0.000019
3545,..(..(((......))).)..((((.......))))...(((.(((((......)))))....)))..,16,-4.325,39,0,0.000019
3546,...((((.(((....)))))))....(((..((..(((...)))..)).))).........(....).,16,-4.325,33,0,0.000019
3547,...((((.((......))))))..(((((...((.....))...(((.(.....))))..)))))...,17,-4.324,5,0,0.000019
3548,...((((((....))))...))..........(((...)))...((((......)))).(.....)..,14,-4.324,27,0,0.000019
3549,...((((.(((....))))))).((((((..............((........)).....))))))..,15,-4.324,16,0,0.000019
3550,.(.((((..((....)).))))..)...((....))....((..((((......)))).....))...,15,-4.324,21,0,0.000019
3551,...((((.(((....))))))).((((.(...((.....))...(((........)))..).))))..,17,-4.324,6,0,0.000019
3552,...((((.((......)))))).((((((..(...........)((((......))))..))))))..,17,-4.324,10,0,0.000019
3553,...((((..((....)).))))....(((..((..((.....))..)).)))....(...).......,14,-4.324,32,0,0.000019
3554,...((((.((......))))))..((.((...(((...)))...((((......))))..)).))...,17,-4.323,6,0,0.000019
3555,...((((.(((....))))))).((((((...(...........((((......))))).))))))..,18,-4.323,7,0,0.000019
3556,...((((.((......))))))......((....))....((..((((......)))).....))...,14,-4.323,20,0,0.000019
3557,...((((.(((....)))))))..((((..((.(.((...((....))....)).).))..))))...,18,-4.323,22,0,0.000019
3558,...((((((....))))...))..........(((...)))...((((......))))....(...).,14,-4.322,26,0,0.000019
3559,...((((.(((....))))))).((((.....((.....))....(((......))).....))))..,16,-4.322,8,0,0.000019
3560,...(((((......)))...))..........((.....))...((((......))))...(....).,12,-4.322,23,0,0.000019
3561,...((((...........))))......((....))......(.((((......))))).........,11,-4.321,25,0,0.000019
3562,...((((.(((....))))))).......(.((...(.....).((((......))))..)).)....,15,-4.321,18,0,0.000019
3563,...((((..((....)).))))....(((...(((...)))..((...))....)))...........,14,-4.321,25,0,0.000019
3564,...((((.((......))))))...((.....))......(..(((((......)))))..)......,14,-4.321,18,0,0.000019
3565,...((((.(((....)))))))......(......)....((..((((......)))).....))...,14,-4.321,16,0,0.000019
3566,...((((.(((....)))))))......((....)).......((........))......(....).,12,-4.321,28,0,0.000019
3567,...((((.(((....))))))).............((.....))(((.((...)))))..........,14,-4.321,23,0,0.000019
3568,...((((.(((....))))))).............((.....))((((.(...)))))..........,14,-4.321,20,0,0.000019
3569,((.((((.(((....)))))))..))..((....))........((((......))))..(...)...,16,-4.321,19,0,0.000019
3570,...((((.(((....))))))).((((((.....(......)..((((......))))..))))))..,18,-4.321,8,0,0.000019
3571,...(((..(((....))).)))..(((....((..((.....))((((......))))..)))))...,17,-4.321,15,0,0.000019
3572,...((((...........)))).((((((....((......)).((((......))))..))))))..,16,-4.32,15,0,0.000019
3573,...((((...........))))..(((((.((........((....)).........)).)))))...,13,-4.32,22,0,0.000019
3574,.(.((((..((....)).))))..)......(((.........((((.((...)))))))))......,16,-4.32,26,0,0.000019
3575,.(.((((..((....)).))))..)......(((.........(((((.(...)))))))))......,16,-4.32,23,0,0.000019
3576,...((((..((....)).))))....(.....)......((...((((......))))....))....,13,-4.319,16,0,0.000019
3577,...((((.(((....))))))).......(.(((.....((..((((...)).))..))))).)....,17,-4.319,30,0,0.000019
3578,...((((...........)))).......(.(((.....((..((........))..))))).)....,12,-4.319,34,0,0.000019
3579,...((((.(((....)))))))(((.......)))....(((.(((((......)))))....)))..,18,-4.319,21,0,0.000019
3580,...((((.((......)))))).........(((.........((((.((...)))))))))......,15,-4.319,25,0,0.000019
3581,...((((.((......)))))).........(((.........(((((.(...)))))))))......,15,-4.319,22,0,0.000019
3582,...((((...........))))...((.....)).....((...((((......))))....))....,12,-4.319,20,0,0.000019
3583,..((..........)).....((((.......))))..(.(..(((((......)))))..).)....,13,-4.318,37,0,0.000019
3584,...((((.((......))))))..(((((...(((...)))...((..((...)).))..)))))...,18,-4.318,11,0,0.000019
3585,...((((..((....)).))))......((....))...((..((((........))))...))....,14,-4.317,23,0,0.000019
3586,.(.((((...........))))..).......(((...)))...((((......))))..(...)...,13,-4.317,19,0,0.000019
3587,...((((.(((....))))))).......(.(((....(.....((((......)))))))).)....,16,-4.317,19,0,0.000019
3588,...((((.(((....))))))).......(.(((.....(....((((......)))))))).)....,16,-4.317,18,0,0.000019
3589,...(.((((((.((((.....((((.......)))).......).))).)).)))).)..........,15,-4.317,49,0,0.000019
3590,...(.((((((.((((.....((((.......)))).......)).)).)).)))).)..........,15,-4.317,49,0,0.000019
3591,......(((....)))........(((.....(((...)))...((((......))))....)))...,13,-4.317,23,0,0.000019
3592,...((((((....))...))))......((....))........((((......))))...(....).,13,-4.316,27,0,0.000019
3593,...((((...........))))..........(((...)))...(((........)))...(....).,11,-4.316,21,0,0.000019
3594,...((((..(......).))))......((....))...(((.(((((......)))))....)))..,15,-4.316,25,0,0.000019
3595,...((((.(((....))))))).........(((.........(((((......))))))).).....,15,-4.316,18,0,0.000019
3596,.(.(..(((((..........((((.......))))....)))))..).)..(.(......).)....,13,-4.315,47,0,0.000019
3597,......((......))..((.......))..(((.........(((((......))))))))......,12,-4.315,34,0,0.000019
3598,...((((.(((....))))))).((((.................(((........)))....))))..,14,-4.314,12,0,0.000019
3599,...((((...........))))..........((.....))...........................,6,-4.314,24,0,0.000019
3600,.....((((....))))...((.........)).....(.(..(((((......)))))..).)....,13,-4.314,35,0,0.000019
3601,...((((.((......))))))..(((((.(.((.....))...((((......))))).)))))...,18,-4.314,4,0,0.000019
3602,...((((..((....)).))))......(......)...(((.(((((......)))))....)))..,15,-4.314,21,0,0.000019
3603,...(((.............)))..(((.....(((...)))...((((......))))....)))...,13,-4.313,14,0,0.000019
3604,...((((.(((....))))))).....(((.(((.(((...))).(((......)))..)))...))),19,-4.313,28,0,0.000019
3605,...((((.(((....)))))))..((((.................................))))...,11,-4.313,14,0,0.000019
3606,..(((((.(((....))))))).((((((...((.....))...((((......))))..))))))).,20,-4.312,4,0,0.000018
3607,.(.((((..((....)).))))..)......(((..........((((......)))).)))......,14,-4.312,19,0,0.000018
3608,...((((..(......).))))..(((((...(((...)))...(((.((...)))))..)))))...,18,-4.312,11,0,0.000018
3609,...((((..(......).))))..(((((...(((...)))...((((.(...)))))..)))))...,18,-4.312,8,0,0.000018
3610,...((((.((......)))))).........(((..........((((......)))).)))......,13,-4.311,18,0,0.000018
3611,......(((....)))........(...)..(((.........(((((......))))))))......,12,-4.311,35,0,0.000018
3612,..(((((..((....)).))))..)...((....))........((((......))))..........,13,-4.311,20,0,0.000018
3613,...((((.(((....)))))))..(((....((((((.............)))......))))))...,16,-4.311,24,0,0.000018
3614,.(.((((..((....)).))))..)..............((...((((......))))....))....,13,-4.311,17,0,0.000018
3615,...((((((....)))...)))..........(((...)))...((((......)))).(.....)..,14,-4.311,25,0,0.000018
3616,...((((...........))))..(((((.((.(.(.................).).)).)))))...,13,-4.311,23,0,0.000018
3617,...((((.((......)))))).................((...((((......))))....))....,12,-4.31,16,0,0.000018
3618,..(..((((....)))).).............(((...)))...((((......))))...(....).,13,-4.31,31,0,0.000018
3619,((.((((..((....)).))))..))..((....))..(.(..(((((......)))))..).)....,17,-4.31,24,0,0.000018
3620,.(.((((.(((....)))))))..)((((...((.....))...((((......))))..))))....,18,-4.31,3,0,0.000018
3621,.(.((((.(((....)))))))..)...((....))....(..((((........))))..)......,15,-4.31,22,0,0.000018
3622,...((((.(((....)))))))...((.....)).........((...))..................,11,-4.31,25,0,0.000018
3623,...((((...........))))..............((...)).((((......))))..........,10,-4.309,24,0,0.000018
3624,...((((...........))))..(((((...((.....))..((((...)).)).....)))))...,15,-4.309,18,0,0.000018
3625,..((..........))............((....))........((((......))))..........,8,-4.309,33,0,0.000018
3626,....(((.(((....)))))).......................((((......))))..........,10,-4.309,16,0,0.000018
3627,...((((...........))))..(...)...............((((......))))...(....).,10,-4.309,21,0,0.000018
3628,...((((((....)))...)))..........(((...)))...((((......))))....(...).,14,-4.309,24,0,0.000018
3629,...((((...........))))..........((.....))....(((......)))....(....).,10,-4.308,19,0,0.000018
3630,.........(((((.(....((.........))..((.....))((((......))))...).))))),14,-4.308,39,0,0.000018
3631,...(((((......))...)))..........((.....))...((((......))))...(....).,12,-4.308,21,0,0.000018
3632,...(((.............)))..(...)..(((.........(((((......))))))))......,12,-4.308,26,0,0.000018
3633,...((((..((....)).))))....(((..(...............).)))................,10,-4.308,28,0,0.000018
3634,((.((((...........))))..))..((....))....(..(((((......)))))..)......,14,-4.308,27,0,0.000018
3635,...((((..((....)).))))..........(((...)))...........................,9,-4.308,22,0,0.000018
3636,...((((...........)))).((((((.((.(.((...((....))....)).).)).))))))..,17,-4.307,28,0,0.000018
3637,...((((.(((....)))))))..(((....(((..(....)..((((......)))).))))))...,18,-4.307,12,0,0.000018
3638,...((((.(((....)))))))..(((((...(((...)))....((.((...)).))..)))))...,19,-4.307,13,0,0.000018
3639,...((((.(((....)))))))..(...)..(((.....((..((........))..)))))......,15,-4.307,27,0,0.000018
3640,...((((..((....)).))))..(.......).......(..(((((......)))))..)......,13,-4.306,18,0,0.000018
3641,...((((.(((....)))))))....((..............)).(((......)))...........,12,-4.306,18,0,0.000018
3642,...((((...........)))).((((((......((.....))(((........)))..))))))..,15,-4.306,18,0,0.000018
3643,...((((((....))))...)).....((...........))..((((......))))..........,12,-4.306,28,0,0.000018
3644,.....((((....)))).......(((((...((.....))...(((........)))..)))))...,14,-4.306,19,0,0.000018
3645,......((......))....((.....))...((.....))...((((......))))..........,10,-4.306,26,0,0.000018
3646,...((((.(((....))))))).......(.(((.(((...)))(((........))).))).)....,17,-4.306,25,0,0.000018
3647,...((((..((....)).)))).((((((.((...........((...)).......)).))))))..,16,-4.305,22,0,0.000018
3648,...((((..((....)).))))...((((...((.....))...(((........)))..))))....,15,-4.305,6,0,0.000018
3649,...((((.(((....))))))).((((((...(((...))).(..(((......))).).))))))..,20,-4.304,8,0,0.000018
3650,...((((.(((....)))))))..(((....(((.........(.(((......))).)))))))...,17,-4.304,14,0,0.000018
3651,.(.(((((......)))...))..)......(((.........(((((......))))))))......,14,-4.304,31,0,0.000018
3652,...((((.(((....)))))))..........((.....))..((........)).(...).......,12,-4.304,20,0,0.000018
3653,...((((((....))))...))......((....))........((((......)))).(.....)..,13,-4.304,32,0,0.000018
3654,...((((..((....)).))))..(((((...(((...)))..((((...)).)).....)))))...,18,-4.303,16,0,0.000018
3655,...((((((....))))...))..((.((...((.....))...((((......))))..)).))...,16,-4.303,15,0,0.000018
3656,...((((.((......))))))..(.......)...........((((......))))..........,11,-4.303,16,0,0.000018
3657,...((((.(((....)))))))..(((((......((.....))....((...)).....)))))...,16,-4.302,19,0,0.000018
3658,...((((.(((....)))))))..(...)...((.....))..((........)).............,12,-4.302,20,0,0.000018
3659,...((((..((....)).))))..........(((...)))....(((......)))....(....).,13,-4.302,17,0,0.000018
3660,(..((((.(((....))))))).)(((((...(((...)))...((((......))))..)))))...,20,-4.302,4,0,0.000018
3661,..(..((((....)))).)..((...........))........((((......))))..........,11,-4.302,35,0,0.000018
3662,.(.((((..(......).))))..)....(.(((.........(((((......)))))))).)....,15,-4.302,24,0,0.000018
3663,...((((...........))))..(((((.((..(((.............)))....)).)))))...,14,-4.302,27,0,0.000018
3664,...((((((....))))...))......((....))........((((......))))....(...).,13,-4.302,31,0,0.000018
3665,...((((.(((....)))))))..(((.(......(((...)))((((......))))..).)))...,18,-4.301,12,0,0.000018
3666,...((((..((....)).))))......((.............(((((......)))))......)).,13,-4.301,21,0,0.000018
3667,...((((..((....)).))))......................((((......)))).(...)....,11,-4.3,17,0,0.000018
3668,...((((.(((....)))))))..(((((..(.............(((......))))..)))))...,16,-4.3,7,0,0.000018
3669,...((((..((....)).)))).((((((......(((...)))(((........)))..))))))..,18,-4.3,16,0,0.000018
3670,...((((.(........))))).((((....(((.........(((((......))))))))))))..,17,-4.299,18,0,0.000018
3671,((...((((....)))).)).((((.......))))..(.(..(((((......)))))..).)....,17,-4.299,40,0,0.000018
3672,...((((..(......).))))......................((((......))))...(....).,10,-4.299,19,0,0.000018
3673,...(((..(((....))).)))..(((((.((.............(((......))))).)))))...,16,-4.299,11,0,0.000018
3674,((.((((((....))))...))..))......(((...)))...((((......))))..........,15,-4.299,27,0,0.000018
3675,...((((.(((....)))))))..........((.....))...(((.((...))))).(.....)..,15,-4.299,17,0,0.000018
3676,...((((.(((....)))))))..........((.....))...((((.(...))))).(.....)..,15,-4.299,14,0,0.000018
3677,...(((..(((....))).)))......................((((......)))).(.....)..,11,-4.299,18,0,0.000018
3678,...((((.(((....)))))))...((.....))..............((...)).............,11,-4.298,25,0,0.000018
3679,...(((..(((....))).))).(((.((...((.....))...((((......))))..)).)))..,17,-4.298,6,0,0.000018
3680,...((((((....))...))))..(...)...((.....))...((((......))))..........,13,-4.298,19,0,0.000018
3681,...((((((....))))...))..(((((...((.....))...((..((...)).))..)))))...,17,-4.298,20,0,0.000018
3682,...((((...........))))......(...........)...((((......))))...(....).,10,-4.298,21,0,0.000018
3683,...((((.(((....))))))).......(.(((.........................))).)....,11,-4.297,25,0,0.000018
3684,...((((.(((....)))))))......((.(((.........(((..((...)).))))))...)).,17,-4.297,28,0,0.000018
3685,...((((((....))))...))..(((....(((.(((...)))((((......)))).))))))...,19,-4.297,29,0,0.000018
3686,...((((.(((....)))))))..........((.....))...(((.((...)))))....(...).,15,-4.297,16,0,0.000018
3687,...((((.(((....)))))))..........((.....))...((((.(...)))))....(...).,15,-4.297,13,0,0.000018
3688,...(((..(((....))).)))......................((((......))))....(...).,11,-4.297,17,0,0.000018
3689,...((((..((....)).))))..(((((...((.....))....((........))...)))))...,15,-4.296,6,0,0.000018
3690,...((((.(((....))))))).((((((..(.(.....)...)((((......))))..))))))..,19,-4.296,6,0,0.000018
3691,.(.((((...........))))..)...((....))........((((......))))..(...)...,12,-4.296,24,0,0.000018
3692,...((((...........))))..((..(...((.....))...((((......))))..)..))...,13,-4.296,10,0,0.000018
3693,.(.(((..(((....))).)))..).......(((...)))...((((......))))...(....).,15,-4.296,16,0,0.000018
3694,...((((.(((....)))))))..........(((...)))..........((.(.(...).)..)).,14,-4.296,24,0,0.000018
3695,((.((((.(((....)))))))..))..((....))...(((..((((......)))).....)))..,18,-4.296,21,0,0.000018
3696,...((((.(((....))))))).((((((.((.(.(((..(.......)..))).).)).))))))..,20,-4.296,24,0,0.000018
3697,...((((...........))))......((....))........(((........)))...(....).,10,-4.295,26,0,0.000018
3698,...((((.(((....))))))).........((..(.......)((((......))))..))......,14,-4.295,17,0,0.000018
3699,...((((..((....)).))))..........((.....))...(((..(...).)))..........,12,-4.295,16,0,0.000018
3700,..(..((((....)))).)....((((.....(((...)))...((((......))))....))))..,16,-4.295,26,0,0.000018
3701,...((((.(((....)))))))..((.....(((.((.....))((((......)))).))).))...,18,-4.294,16,0,0.000018
3702,...((((.(((....))))))).....................((((...)).)).............,11,-4.294,26,0,0.000018
3703,......((......)).....(.((((((...(((...)))...((((......))))..))))))).,16,-4.294,21,0,0.000018
3704,......((......)).....((.(((((...(((...)))...((((......))))..))))))).,16,-4.294,21,0,0.000018
3705,...((((...........)))).....................((........)).............,6,-4.294,30,0,0.000018
3706,...((((...........))))..(((................(((((......)))))...)))...,12,-4.294,16,0,0.000018
3707,......(((....)))...(((.........)))......(..(((((......)))))...).....,12,-4.294,34,0,0.000018
3708,...((((.(((....)))))))..........(.......)...((((......)))).(.....)..,13,-4.293,14,0,0.000018
3709,..((((.....)).)).....((.(((((...((.....))...((((......))))..))))))).,17,-4.293,21,0,0.000018
3710,..((((.....)).)).....(.((((((...((.....))...((((......))))..))))))).,17,-4.293,21,0,0.000018
3711,...((((((....)))...))).....((...........))..((((......))))..........,12,-4.293,26,0,0.000018
3712,...((((.(((....)))))))..........((.....))....(.....)..(.(...).).....,12,-4.292,19,0,0.000018
3713,...((((.(((....)))))))......................(((........))).((...))..,12,-4.292,18,0,0.000018
3714,...(((..(((....))).))).((((((...((.....))...((..((...)).))..))))))..,18,-4.292,11,0,0.000018
3715,...((((.(((....)))))))...((.....))......((.(((((......))))..)..))...,16,-4.292,16,0,0.000018
3716,...((((.(((....)))))))..........((.....))..((...)).........(.....)..,12,-4.292,23,0,0.000018
3717,...((((..((....)).))))......((.(((.........((((.((...)))))))))...)).,17,-4.292,28,0,0.000018
3718,...((((..((....)).))))......((.(((.........(((((.(...)))))))))...)).,17,-4.292,25,0,0.000018
3719,......(((....))).....((((.......)))).......((........)).............,9,-4.291,45,0,0.000018
3720,...((((.(((....)))))))................................(.(...).).....,9,-4.291,22,0,0.000018
3721,...(((.((....))....))).((((((...(((...)))...((((......))))..))))))..,18,-4.291,15,0,0.000018
3722,...(((..(((....))).))).((((....(((.(((...)))((((......)))).)))))))..,20,-4.291,20,0,0.000018
3723,...((((.(((....)))))))..........(.......)...((((......))))....(...).,13,-4.291,13,0,0.000018
3724,...((((.(((....))))))).......(.((..((.....)).(((......)))...)).)....,15,-4.291,22,0,0.000018
3725,...((((.(((....))))))).......(.((..........(((((......))))).)).)....,15,-4.291,18,0,0.000018
3726,.(.(((((......))...)))..)......(((.........(((((......))))))))......,14,-4.29,29,0,0.000018
3727,...((((((....)))...)))......((....))........((((......)))).(.....)..,13,-4.29,30,0,0.000018
3728,...((((((....))))...))..........(((...)))...((((......))))..(...)...,14,-4.29,25,0,0.000018
3729,((.((((.(((....)))))))..))..............((.(((((......)))))....))...,16,-4.29,19,0,0.000018
3730,...((((..((....)).))))..((..(...(((...)))...((((......))))..)..))...,16,-4.29,8,0,0.000018
3731,...((((..((....)).))))......((....))...((..(((((......))))..).))....,15,-4.29,20,0,0.000018
3732,..(..((((....)))).).........((....))........((((......))))...(....).,12,-4.29,36,0,0.000018
3733,...((((((....)))...)))..((.((...((.....))...((((......))))..)).))...,16,-4.29,13,0,0.000018
3734,...((((..((....)).))))......................((..((...)).))..........,10,-4.29,23,0,0.000018
3735,...((((..((....)).)))).((((.....((.....))...(((........)))....))))..,15,-4.289,10,0,0.000018
3736,...((((.(((....))))))).........(...........(((((......))))).....)...,13,-4.289,17,0,0.000018
3737,...((((..(...)....))))..(((((...(((...)))...((((......))))..)))))...,17,-4.289,9,0,0.000018
3738,...((((.(((....))))))).(.((.....))..).......((((......))))..........,14,-4.289,16,0,0.000018
3739,...((((((....))))...))..(((((.((.(.((...............)).).)).)))))...,16,-4.289,32,0,0.000018
3740,...((((.(((....))))))).......(.(((.........((........))....))).)....,13,-4.288,27,0,0.000018
3741,((.((((..((....)).))))..)).....(((.((.....))((((......)))).)))......,17,-4.288,24,0,0.000018
3742,...((((((....)))...)))......((....))........((((......))))....(...).,13,-4.288,29,0,0.000018
3743,((.((.(((((..........((((.......))))....))))).)).)).................,13,-4.288,48,0,0.000018
3744,...((((...........)))).((((....(((.((.....)).(((......)))..)))))))..,16,-4.287,24,0,0.000018
3745,...((((((....))...)))).....(((.(((.........(((((......))))))))...))),17,-4.287,31,0,0.000018
3746,...((((..((....)).))))......((....))................................,8,-4.287,27,0,0.000018
3747,...((((.(((....)))))))..((((..(((((...)))..((........))..))..))))...,18,-4.287,17,0,0.000018
3748,...((((..((....)).)))).((((((.((.(.(((..((....))...))).).)).))))))..,20,-4.287,26,0,0.000018
3749,..((((.....)).)).....((((.......))))...(((.(((((......)))))....)))..,16,-4.286,40,0,0.000018
3750,.(...((((....)))).)..(.((((((...(((...)))...((((......))))..))))))).,19,-4.286,23,0,0.000018
3751,.(...((((....)))).)..((.(((((...(((...)))...((((......))))..))))))).,19,-4.286,23,0,0.000018
3752,.(.((((.(((....)))))))..)..(((.(((.(((...)))((((......)))).)))...))),21,-4.286,27,0,0.000018
3753,((.((((((....)))...)))..))......(((...)))...((((......))))..........,15,-4.285,25,0,0.000018
3754,.(.((((...........))))....).....((.....))...((((......))))..........,11,-4.285,17,0,0.000018
3755,...((((.(((....)))))))..(((((.....((...............)).......)))))...,14,-4.285,16,0,0.000018
3756,...((((.(((....)))))))..(((((.((...(((...)))....((...))..)).)))))...,19,-4.285,24,0,0.000018
3757,...((((.(((....)))))))..(...)...........(..(((((......)))))...).....,14,-4.285,16,0,0.000018
3758,...((.(..((....)).).))..(((((...((.....))...((((......))))..)))))...,16,-4.284,4,0,0.000018
3759,...((((..((....)).))))..(.(((...((.....))...((((......))))..))).)...,16,-4.284,4,0,0.000018
3760,...((((.(((....))))))).((((((..(.(.((...............)).).)..))))))..,17,-4.284,19,0,0.000018
3761,...((((..((....)).))))......((.(((..........((((......)))).)))...)).,15,-4.284,21,0,0.000018
3762,...((((((....)))...)))..(((((...((.....))...((..((...)).))..)))))...,17,-4.284,18,0,0.000018
3763,...((((.(((....)))))))..(((.............(...((((......))))...))))...,15,-4.284,8,0,0.000018
3764,(..((((.(((....))))))).)........(((...)))...((((......))))..........,15,-4.284,14,0,0.000018
3765,...((((..((....)).))))....(((..(...((.....))...).)))................,12,-4.284,32,0,0.000018
3766,...((((.(((....)))))))..........((.....))..((...)).((.(.(...).)..)).,15,-4.283,25,0,0.000018
3767,...(((..(((....))).))).((((((.((.(.((...............)).).)).))))))..,17,-4.283,23,0,0.000018
3768,...((((((....)))...)))..(((....(((.(((...)))((((......)))).))))))...,19,-4.283,27,0,0.000018
3769,...((((..((....)).))))...((.....))......(..(((((......)))))...).....,14,-4.283,18,0,0.000018
3770,...((((...........))))......(......)..(.(..(((((......)))))..).)....,12,-4.283,24,0,0.000018
3771,...((((.(((....)))))))....................((((((......)))))....)....,13,-4.283,17,0,0.000018
3772,...((((.(((....)))))))....(((...(((...)))........)))................,13,-4.282,23,0,0.000018
3773,...((((.((......))))))..(((....((..((.....))((((......))))..)))))...,17,-4.282,15,0,0.000018
3774,.(.((.(((....)))....))..).......((.....))...((((......))))..........,12,-4.282,24,0,0.000018
3775,...((((.(((....))))))).(((((..(.(((...)))...((((......)))))..)))))..,20,-4.282,8,0,0.000018
3776,...((((..((....)).))))......((....)).........(((......)))....(....).,12,-4.282,22,0,0.000018
3777,.(.((((.(((....)))))))..)....(.(((.((.....)).(((......)))..))).)....,17,-4.281,24,0,0.000018
3778,...((((..((....)).)))).((((....(((.(((...))).(((......)))..)))))))..,19,-4.281,22,0,0.000018
3779,......(((....)))............((....))...((..(((((......)))))...))....,12,-4.281,36,0,0.000018
3780,.(.((((.(((....)))))))..).......((.....))...((..........))..........,12,-4.281,15,0,0.000018
3781,...((((...........))))..(((....(((..(.....).((((......)))).))))))...,15,-4.28,18,0,0.000018
3782,...((((.(((....)))))))..........((.....)).......((...))....(.....)..,12,-4.28,23,0,0.000018
3783,...((((.(((....)))))))...((((...(((...)))...(((.((...)))))..))))....,19,-4.28,9,0,0.000018
3784,...((((.(((....)))))))...((((...(((...)))...((((.(...)))))..))))....,19,-4.28,6,0,0.000018
3785,...(((..(((....))).)))..........(((...)))...(((.((...)))))..........,14,-4.28,19,0,0.000018
3786,...(((..(((....))).)))..........(((...)))...((((.(...)))))..........,14,-4.28,16,0,0.000018
3787,......(((....)))....((.........))...........((((......)))).(.....)..,10,-4.28,34,0,0.000018
3788,...((((...........))))..((((...............(((((......)))))..))))...,13,-4.28,14,0,0.000018
3789,.....((((....))))...((.........))..((.....))((((......))))..........,12,-4.279,36,0,0.000017
3790,...((((.(((....))))))).........(((......(..((...)).).......)))......,13,-4.279,28,0,0.000017
3791,.(.((((..((....)).))))....).....(((...)))...((((......))))..........,14,-4.279,15,0,0.000017
3792,..(..((((....)))).)..((((.......))))..(.(...((((......))))...).)....,15,-4.279,37,0,0.000017
3793,...((((...........)))).............(((...))).(((......)))...........,10,-4.279,28,0,0.000017
3794,...((((.(((....))))))).....................((...))..(.(......).)....,11,-4.279,26,0,0.000017
3795,....((.....))...........(((((...(((...)))...((((......))))..)))))...,14,-4.279,18,0,0.000017
3796,...((.(((....)))....))..(((((...((.....))...(((........)))..)))))...,15,-4.278,15,0,0.000017
3797,.(...((((....))))...)...(((((...(((...)))...((((......))))..)))))...,17,-4.278,20,0,0.000017
3798,((.((((((....))))...))..))..((....))........((((......))))..........,14,-4.278,32,0,0.000017
3799,......(((....)))....((.........))...........((((......))))....(...).,10,-4.278,33,0,0.000017
3800,...((((.(((....)))))))...........((...))....((((......))))..........,13,-4.278,14,0,0.000017
3801,...((((.(((....))))))).....................(((((......))))........).,12,-4.278,16,0,0.000017
3802,...((((.(((....)))))))..................((....))......(.(...).).....,11,-4.278,23,0,0.000017
3803,...(((.............)))......((....))...((..(((((......)))))...))....,12,-4.277,27,0,0.000017
3804,......(((((..........((((.......))))....)))))...((...)).............,11,-4.277,47,0,0.000017
3805,...(((((......)...))))..(((....(((.........(((((......)))))))))))...,16,-4.277,20,0,0.000017
3806,...((((.(((....)))))))..(((((.((...(((.............)))...)).)))))...,17,-4.277,21,0,0.000017
3807,...((((...........))))....(..(.(((.........(((((......)))))))).))...,14,-4.277,25,0,0.000017
3808,...((((...........)))).((((.............(..(((((......)))))..)))))..,14,-4.277,18,0,0.000017
3809,...((((...........))))..(...)...((.....))...(((........)))..........,10,-4.277,18,0,0.000017
3810,...((((.(((....)))))))..........(...........((((......))))........).,12,-4.277,15,0,0.000017
3811,...((((((....)))...)))..........(((...)))...((((......))))..(...)...,14,-4.276,23,0,0.000017
3812,..((.((.....)))).....(((.........)))........((((......))))..........,11,-4.276,36,0,0.000017
3813,...((((.(((....)))))))......((....))....((.((((.((...))))))....))...,17,-4.276,25,0,0.000017
3814,...((((.(((....)))))))......((....))....((.(((((.(...))))))....))...,17,-4.276,22,0,0.000017
3815,......((......)).............(.(((.........(((((......)))))))).)....,11,-4.276,35,0,0.000017
3816,...(((((......)))...))......((.(((.........(((((......))))))))...)).,15,-4.276,33,0,0.000017
3817,...((((.(((....))))))).......((.....)).(((..((((......)))).....)))..,16,-4.275,20,0,0.000017
3818,...((((.(((....)))))))........(((((...)))...((((......))))....))....,16,-4.275,14,0,0.000017
3819,.(.(((..(((....))).)))..)...((....))........((((......))))...(....).,14,-4.275,21,0,0.000017
3820,...((((.(((....)))))))......((....))...............((.(.(...).)..)).,13,-4.275,29,0,0.000017
3821,...((((((....)))...)))..(((((.((.(.((...............)).).)).)))))...,16,-4.275,30,0,0.000017
3822,...((((...........))))..(((((...(((...)))..(((.....).)).....)))))...,15,-4.275,19,0,0.000017
3823,...((((.(((....)))))))....(((......((.....))((((......))))..))).....,16,-4.275,12,0,0.000017
3824,...((((.(((....)))))))..(((((..(.((......)))((((......))))..)))))...,19,-4.275,9,0,0.000017
3825,.(.((((.(((....)))))))..).......((.....))..((...))....(.(...).).....,14,-4.275,22,0,0.000017
3826,...((((.(((....)))))))..(((((.((........(..((........)).))).)))))...,17,-4.274,17,0,0.000017
3827,.(.((((.(((....)))))))..)......(((..((...)).((((......)))).)))......,17,-4.274,21,0,0.000017
3828,...((((..((....)).))))..(((....(((..((...)).((((......)))).))))))...,18,-4.274,16,0,0.000017
3829,...((((...........))))..(...)...((.....))...((((......)))).((...))..,13,-4.274,18,0,0.000017
3830,...((((.(((....)))))))..((((....((.((.....))((((......)))).))))))...,19,-4.274,11,0,0.000017
3831,..........((((.(..(.........)...((.....))...((((......))))...).)))).,12,-4.274,29,0,0.000017
3832,...((((...........))))....(.....).......((.(((((......)))))....))...,12,-4.273,23,0,0.000017
3833,...((((..((....)).))))........(......)......((((......))))..........,11,-4.273,18,0,0.000017
3834,...((((...........))))..(((........((.....))((((......))))....)))...,13,-4.273,18,0,0.000017
3835,((.((((.(((....)))))))..))......((.....))...(((.((...)))))..........,16,-4.273,17,0,0.000017
3836,((.((((.(((....)))))))..))......((.....))...((((.(...)))))..........,16,-4.273,14,0,0.000017
3837,...((((..((....)).))))......((....))....((....))....................,10,-4.273,28,0,0.000017
3838,((.(((..(((....))).)))..))..................((((......))))..........,12,-4.273,18,0,0.000017
3839,...((((.(((....)))))))....(.....).......(...((((......))))....).....,13,-4.273,14,0,0.000017
3840,......(((....)))...(((.........)))......((..((((......)))).....))...,12,-4.273,33,0,0.000017
3841,...((((.(((....)))))))..............(.....).((((......))))...(....).,13,-4.273,17,0,0.000017
3842,.(.((((.(.....)...))))..).......((.....))...((((......))))..........,12,-4.272,18,0,0.000017
3843,...((((.(.(....)).))))..........((.....))...((((......))))..........,12,-4.271,14,0,0.000017
3844,...((((.(((....)))))))..(((((...(((...)))....((.((...))))...)))))...,19,-4.271,9,0,0.000017
3845,...((((.(((....)))))))..(((((...(((...)))....(((.(...))))...)))))...,19,-4.271,6,0,0.000017
3846,..(..((((....)))).).....(...)...((.....))...((((......))))..........,12,-4.271,28,0,0.000017
3847,.(.((((...........))))..)...((....))...(((..((((......)))).....)))..,14,-4.271,26,0,0.000017
3848,...((((.(((....))))))).((((..((.....))..(..(((((......)))))..)))))..,19,-4.271,16,0,0.000017
3849,...((((.(((....)))))))..(((....(((.((.....))(((.((...))))).))))))...,20,-4.271,19,0,0.000017
3850,...((((.(((....)))))))..(((....(((.((.....))((((.(...))))).))))))...,20,-4.271,16,0,0.000017
3851,...((((.(((....)))))))......((....))....(..((((........))))...).....,14,-4.271,21,0,0.000017
3852,...((((..((....)).))))..(...)...(((...)))...(((........)))..........,13,-4.271,16,0,0.000017
3853,......((......))...(((.........)))..........((((......))))...(....).,10,-4.271,32,0,0.000017
3854,...((((.(((....))))))).((((((.(((((...)))..((((...)).))..)).))))))..,22,-4.271,19,0,0.000017
3855,...((((...........)))).((((((.(((((...)))..((........))..)).))))))..,17,-4.27,23,0,0.000017
3856,......(((....)))...(.((((.......)))).)..(..(((((......)))))..)......,14,-4.269,38,0,0.000017
3857,...(((...((....))..))).((((((...((.....))...((((......))))..))))))..,17,-4.269,6,0,0.000017
3858,...((((((....))))...))......((....))........((((......))))..(...)...,13,-4.269,30,0,0.000017
3859,...((((..((....)).))))..(((((....(........).((((......))))..)))))...,16,-4.269,7,0,0.000017
3860,...((((..((....)).))))....(.....)...........((((......)))).(.....)..,12,-4.269,18,0,0.000017
3861,......(((....))).........((((...((.....))...((((......))))..))))....,13,-4.269,19,0,0.000017
3862,...((((.(((....)))))))..(((((...........(..((...)).)........)))))...,15,-4.269,16,0,0.000017
3863,...((((...........))))..(((((...(.(...).)...((((......))))..)))))...,15,-4.269,10,0,0.000017
3864,...((((...........))))........(.....).......((((......))))..........,9,-4.269,22,0,0.000017
3865,...((((...........))))...((.....))..........((((......)))).(.....)..,11,-4.268,22,0,0.000017
3866,...((((...........))))..(((((...........))..((((......))))....)))...,13,-4.268,15,0,0.000017
3867,...((((.(.....)...))))..(((((...((.....))...(((........)))..)))))...,15,-4.268,9,0,0.000017
3868,...((((..((....)).))))..(...)...(((...)))...((((......)))).((...))..,16,-4.268,16,0,0.000017
3869,.(...((((....)))).)..........(.(((.........(((((......)))))))).)....,14,-4.268,37,0,0.000017
3870,((.((((.(((....)))))))..))......(.......)...((((......))))..........,14,-4.268,14,0,0.000017
3871,...((((.(((....))))))).......(.(((.(.....................).))).)....,12,-4.267,26,0,0.000017
3872,...((((...........))))....(((......((.....)).....)))................,9,-4.267,35,0,0.000017
3873,...((((..((....)).))))....(.....)...........((((......))))....(...).,12,-4.267,17,0,0.000017
3874,...((((..((....)).))))..(((........(((...)))((((......))))....)))...,16,-4.267,16,0,0.000017
3875,...((((..(......).))))..........((.....))...(((........)))..........,10,-4.267,16,0,0.000017
3876,...((((...........))))..(...)..(((.(((...)))((((......)))).)))......,15,-4.267,28,0,0.000017
3877,...((((...........))))...((.....))..........((((......))))....(...).,11,-4.266,21,0,0.000017
3878,...((((.(((....)))))))......((....))..(.(..((........)).).).........,13,-4.266,29,0,0.000017
3879,...((((...........)))).....(((.(((.........((((........)))))))...))),14,-4.266,30,0,0.000017
3880,...(((..(((....))).))).......(.(((.........((((........))))))).)....,14,-4.266,23,0,0.000017
3881,...((((.(((....))))))).......(.(((.(.......)((((......)))).))).)....,16,-4.266,19,0,0.000017
3882,...((((((....))...))))..(((((...((.....))...(((.((...)))))..)))))...,18,-4.266,14,0,0.000017
3883,...((((((....))...))))..(((((...((.....))...((((.(...)))))..)))))...,18,-4.266,11,0,0.000017
3884,...(((.............)))...((((...((.....))...((((......))))..))))....,13,-4.266,10,0,0.000017
3885,.(.((((...........))))..)...............((.(((((......)))))....))...,12,-4.265,24,0,0.000017
3886,...((((..((....)).)))).........(((.........((...)).........)))......,11,-4.265,29,0,0.000017
3887,.(.((((.(((....)))))))..)...............(...((((......))))....).....,13,-4.265,15,0,0.000017
3888,((.((((((....)))...)))..))..((....))........((((......))))..........,14,-4.265,30,0,0.000017
3889,...((((.(((....))))))).(((((((..((.....))...((((......))))).))))))..,20,-4.264,4,0,0.000017
3890,.(.((((.(((....)))))))..)...((.(((.........(((((......)))))))).)..).,18,-4.264,21,0,0.000017
3891,...((((.(((....)))))))..........((.....))...(((.((...)))))..(...)...,15,-4.264,15,0,0.000017
3892,...((((.(((....)))))))..........((.....))...((((.(...)))))..(...)...,15,-4.264,12,0,0.000017
3893,...((((.(((....))))))).((((.....(((...)))...(((.((...)))))....))))..,19,-4.264,13,0,0.000017
3894,...((((.(((....))))))).((((.....(((...)))...((((.(...)))))....))))..,19,-4.264,10,0,0.000017
3895,...((((..(......).))))..........((.....))...((((......)))).((...))..,13,-4.264,16,0,0.000017
3896,...(((..(((....))).)))......................((((......))))..(...)...,11,-4.264,16,0,0.000017
3897,...((((.(((....)))))))..(...)...........((..((((......)))).....))...,14,-4.263,15,0,0.000017
3898,...((((((....))))..............))...........((((......))))..........,10,-4.263,32,0,0.000017
3899,(..((((.(((....))))))).)....((....))........((((......))))..........,14,-4.263,19,0,0.000017
3900,...((((..((....)).))))..(...)...((.....))....(((......)))...........,12,-4.263,14,0,0.000017
3901,...(((((......))...)))......((.(((.........(((((......))))))))...)).,15,-4.262,31,0,0.000017
3902,...((((.(((....)))))))..((((....(((((.............)))))......))))...,16,-4.262,21,0,0.000017
3903,...((((.(((....))))))).........((..........(((((......)))))....))...,14,-4.262,17,0,0.000017
3904,...((((..((....)).)))).......((.....))......(((........)))..........,11,-4.262,22,0,0.000017
3905,...((((..((....)).))))...((.....))......((..((((......)))).....))...,14,-4.262,17,0,0.000017
3906,...((((.(((....))))))).((((....(((.........((...)).........)))))))..,16,-4.261,23,0,0.000017
3907,...((((.(((....)))))))..........(((...)))....(((......))).....(...).,14,-4.261,15,0,0.000017
3908,...((((.(((....)))))))......((....))....((....))...((.(.(...).)..)).,15,-4.261,30,0,0.000017
3909,...((((..((....)).))))....(((......(((...))).....)))................,12,-4.261,33,0,0.000017
3910,.(.((((..((....)).))))..)...................((((......)))).(.....)..,12,-4.261,19,0,0.000017
3911,...((((..((....)).)))).((((((.(((((((.............)))))..)).))))))..,19,-4.261,26,0,0.000017
3912,...((((..((....)).))))..(((((.......(....)..((((......))))..)))))...,16,-4.261,8,0,0.000017
3913,..(..((((....)))).)........(((.(((.........(((((......))))))))...))),16,-4.261,40,0,0.000017
3914,...((((.((......))))))..(((((.((.............(((......))))).)))))...,16,-4.261,11,0,0.000017
3915,...((((.((......))))))......................((((......)))).(.....)..,11,-4.26,18,0,0.000017
3916,...((((..((....)).)))).((((((......(.......)((((......))))..))))))..,17,-4.26,10,0,0.000017
3917,...(((.............))).((((((......(((...)))((((......))))..))))))..,16,-4.26,20,0,0.000017
3918,...((((((....))...))))..(((((...(.......)...((((......))))..)))))...,16,-4.26,11,0,0.000017
3919,...((((.(((....))))))).....................(((((......))))..).......,12,-4.26,15,0,0.000017
3920,......(((....)))........(((((...((.....))....(((......)))...)))))...,13,-4.26,19,0,0.000017
3921,..((.(.....)..)).......((((((...((.....))...((((......))))..))))))..,15,-4.26,19,0,0.000017
3922,...((((.((......)))))).(((.((...((.....))...((((......))))..)).)))..,17,-4.26,6,0,0.000017
3923,...((((..((....)).)))).......((.....))......((((......)))).((...))..,14,-4.259,22,0,0.000017
3924,...(((..(((....))).)))......((....))........(((.((...)))))..........,13,-4.259,24,0,0.000017
3925,...(((..(((....))).)))......((....))........((((.(...)))))..........,13,-4.259,21,0,0.000017
3926,...((((.(((....)))))))..(((....((...((...)).((((......))))..)))))...,18,-4.259,13,0,0.000017
3927,.(.((((.(((....)))))))..).......(((...)))...((((......)))).(...)....,16,-4.259,14,0,0.000017
3928,.(.((((..((....)).))))..)...................((((......))))....(...).,12,-4.259,18,0,0.000017
3929,...((((.(((....)))))))..........(.......)...((((......))))..(...)...,13,-4.259,12,0,0.000017
3930,...((((.((......))))))......................((((......))))....(...).,11,-4.258,17,0,0.000017
3931,...(((..(((....))).)))......((....))....(...((((......))))...)......,13,-4.258,19,0,0.000017
3932,...((((..((....)).)))).(...)...(((.........(((((......))))))))......,15,-4.258,21,0,0.000017
3933,.(.((((.((......))))))..).......(((...)))...((((......))))...(....).,15,-4.258,16,0,0.000017
3934,...((((.(((....)))))))....((..............))((((......))))...(....).,14,-4.258,17,0,0.000017
3935,...((((.(((....)))))))..(((((.((.(.........(.....).....).)).)))))...,16,-4.257,17,0,0.000017
3936,...((((.(((....)))))))..(((....(((.....((....(((......)))))))))))...,18,-4.257,13,0,0.000017
3937,...((((.(((....)))))))..........(((...)))......((((............)))).,14,-4.257,25,0,0.000017
3938,...((((..(......).)))).........(((.(((...)))((((......)))).)))......,15,-4.257,26,0,0.000017
3939,...(((.............)))..(((((...((.....))....(((......)))...)))))...,13,-4.257,10,0,0.000017
3940,.(.((((.(.......).))))..).......((.....))...((((......))))..........,12,-4.256,17,0,0.000017
3941,...((((.(((....)))))))..(((((.((.(((...............)))...)).)))))...,17,-4.256,20,0,0.000017
3942,...((((..((....)).))))..(...)..........(((.(((((......)))))....)))..,15,-4.256,20,0,0.000017
3943,...((((.(((....))))))).......(.(((.........((((..(...).))))))).)....,16,-4.256,23,0,0.000017
3944,...((((((....)))...)))......((....))........((((......))))..(...)...,13,-4.256,28,0,0.000017
3945,...((((.(((....)))))))..(((((....(.......)..((((......))))..)))))...,17,-4.255,5,0,0.000017
3946,.(.((((.(((....)))))))..)...((.((..((.....))((((......))))..))...)).,18,-4.255,23,0,0.000017
3947,...((((...........)))).((((((...(((...)))...(((..(...).)))..))))))..,17,-4.255,14,0,0.000017
3948,..(.((.....))..).....((((.......))))........((((......))))..........,11,-4.255,35,0,0.000017
3949,.....(((......)))....(((.........)))........((((......))))..........,10,-4.255,34,0,0.000017
3950,.(.((((.(((....)))))))..).......((.....))...(((.(.....))))..........,14,-4.255,14,0,0.000017
3951,...((((.((......)))))).((((((...((.....))...((..((...)).))..))))))..,18,-4.254,11,0,0.000017
3952,..((.((.....))))...............(((.........(((((......))))))))......,12,-4.254,36,0,0.000017
3953,....(((((....)))).).....(((....(((.........(((((......)))))))))))...,16,-4.253,29,0,0.000017
3954,....(((((....))).)).....(((....(((.........(((((......)))))))))))...,16,-4.253,29,0,0.000017
3955,...((((.((......)))))).((((....(((.(((...)))((((......)))).)))))))..,20,-4.253,20,0,0.000017
3956,...((((.(((....)))))))..........((.....)).....(((((............))))),14,-4.253,24,0,0.000017
3957,...((((.(.......).))))..(((((...((.....))...(((........)))..)))))...,15,-4.253,8,0,0.000017
3958,...((((..((....)).))))....................(.((((......))))).........,11,-4.252,18,0,0.000017
3959,...((((.(((....)))))))..........(((...)))..((........))....((...))..,14,-4.252,24,0,0.000017
3960,...((((...........))))..(((((.((.(.........((...)).....).)).)))))...,14,-4.251,24,0,0.000017
3961,...((((..((....)).))))..(((((.((...((...............))...)).)))))...,15,-4.251,21,0,0.000017
3962,...((((...........)))).........(((.........(((..........))))))......,10,-4.251,28,0,0.000017
3963,..(..(((......))).).....(((....(((.........(((((......)))))))))))...,15,-4.251,29,0,0.000017
3964,.....((((....))))....((((.......))))....(..(((((......)))))...).....,14,-4.251,37,0,0.000017
3965,...((((..((....)).)))).............((.....))....((...)).............,10,-4.25,31,0,0.000017
3966,...((((.(((....))))))).((((((..(...........)(((........)))..))))))..,17,-4.25,10,0,0.000017
3967,...((((.(((....)))))))..((.((...(((...)))...(((........)))..)).))...,17,-4.25,6,0,0.000017
3968,...((((((....)))..............)))...........((((......))))..........,10,-4.25,33,0,0.000017
3969,...((((..((....)).)))).((((((.((........((....)).........)).))))))..,16,-4.25,20,0,0.000017
3970,...((((.(((....)))))))......((....))....((..(((........))).....))...,14,-4.25,20,0,0.000017
3971,...(((.............))).((((.....((.....))...((((......))))....))))..,13,-4.249,14,0,0.000017
3972,...((((.(((....)))))))..........(((...)))..((...))...........(....).,13,-4.249,24,0,0.000017
3973,...((((.(((....)))))))..(((((...((.....))....((.....))......)))))...,16,-4.249,10,0,0.000017
3974,..((.((.....)))).....((((.......))))........((((......))))...(....).,13,-4.249,37,0,0.000017
3975,.(.((((...........))))..).......((.....))...(((.((...)))))..........,12,-4.249,22,0,0.000017
3976,.(.((((...........))))..).......((.....))...((((.(...)))))..........,12,-4.249,19,0,0.000017
3977,......(((....)))..((.......))...((.....))...((((......))))...(....).,12,-4.248,28,0,0.000017
3978,...((((.(((....))))))).((((((....(.........(((((......))))))))))))..,19,-4.248,9,0,0.000017
3979,...((((.(((....))))))).((((((.....(........(((((......))))))))))))..,19,-4.248,10,0,0.000017
3980,...((((.(((....))))))).((((((........(.....(((((......))))))))))))..,19,-4.248,10,0,0.000017
3981,...((((..(......).)))).((((((...((.....))...(((.((...)))))..))))))..,18,-4.248,11,0,0.000017
3982,...((((..(......).)))).((((((...((.....))...((((.(...)))))..))))))..,18,-4.248,8,0,0.000017
3983,...((((.(((....)))))))..................(..((........)).)...........,10,-4.248,24,0,0.000017
3984,.(.((((.(((....)))))))..).......(((...)))...((..((...)).))..........,15,-4.248,20,0,0.000017
3985,...((((..((....)).))))..........((.....))..((...))......(...).......,11,-4.248,23,0,0.000017
3986,...((((.(((....)))))))...((.....))......(..((((........))))..)......,14,-4.248,18,0,0.000017
3987,.(.....)..((((.(...(((.........)))..........((((......))))...).)))).,13,-4.247,36,0,0.000017
3988,....((.....))......(((.........)))..........((((......))))..........,9,-4.247,31,0,0.000017
3989,.....((((....))))......((((((...(((...)))...(((........)))..))))))..,16,-4.247,23,0,0.000017
3990,...((((.(((....)))))))..(((((..((((((.............))))).)...)))))...,18,-4.247,20,0,0.000017
3991,...((((.(((....)))))))......((.(((..((...)).((((......)))).)))...)).,18,-4.246,23,0,0.000017
3992,...((((..((....)).))))..((((.(..............((((......)))))..))))...,15,-4.246,10,0,0.000017
3993,.(.(((..(((....))).)))..)..(((.(((.........(((((......))))))))...))),18,-4.246,25,0,0.000017
3994,...((((.(((....)))))))......((....))......(..(((......))).).........,13,-4.246,21,0,0.000017
3995,...((((..((....)).)))).......(.(((........(.((((......)))))))).)....,15,-4.246,21,0,0.000017
3996,...((((.(((....)))))))..(((....(((.(.......((...)).......).))))))...,16,-4.246,22,0,0.000017
3997,......(((....)))....((.........))...........((((......))))..(...)...,10,-4.246,32,0,0.000017
3998,...((((.(((....))))))).....((...........))...(((......)))...........,12,-4.245,17,0,0.000017
3999,...((((.((......)))))).((((((.((.(.((...............)).).)).))))))..,17,-4.245,23,0,0.000016
4000,...((((.(((....))))))).(((((..((.(.....................).))..)))))..,15,-4.245,19,0,0.000016
4001,......((......))...(((..(...)..)))..........((((......))))..........,10,-4.245,31,0,0.000016
4002,...((((..((....)).))))......((..............((((......)))).......)).,12,-4.244,19,0,0.000016
4003,...((((((....))))...))......((....))...(((..((((......)))).....)))..,15,-4.244,32,0,0.000016
4004,...((((..((....)).))))..........((.....))..((...))..(.(.(...)).)....,13,-4.244,24,0,0.000016
4005,...((((.(((....)))))))..(((....(((....(.(..((........)).).)))))))...,17,-4.244,22,0,0.000016
4006,...((((.(((....))))))).....((((.....))..))..((((......))))..........,15,-4.244,19,0,0.000016
4007,...((((...........))))....(((..((..(((...)))..)).)))..(.(...).).....,14,-4.244,38,0,0.000016
4008,...((((.(((....)))))))......((....))....(..(((((......))))..).).....,15,-4.243,18,0,0.000016
4009,...((((.(....)....)))).........(((.........(((((......))))))))......,13,-4.243,25,0,0.000016
4010,.(.((((...........))))..).......(.......)...((((......))))..........,10,-4.243,19,0,0.000016
4011,...((((.(((....))))))).((((((...((.....))....((.((...)).))..))))))..,19,-4.243,13,0,0.000016
4012,...((((..(......).)))).((((((...(.......)...((((......))))..))))))..,16,-4.243,8,0,0.000016
4013,...((((...........))))..(((((.((.(((...............))..).)).)))))...,14,-4.243,25,0,0.000016
4014,...((((.(((....))))))).....(((.(((..(.....).((((......)))).)))...))),18,-4.242,22,0,0.000016
4015,.(.((((..((....)).))))..).......(((...)))...(((.((...)))))..........,15,-4.242,20,0,0.000016
4016,.(.((((..((....)).))))..).......(((...)))...((((.(...)))))..........,15,-4.242,17,0,0.000016
4017,...((((..((....)).))))......((....))...(((.((((........))))....)))..,15,-4.242,25,0,0.000016
4018,...((((.(((....))))))).............((.....)).(((......)))....(....).,13,-4.242,21,0,0.000016
4019,...((((.(((....)))))))..........((.....))...((((......)))).....(...),14,-4.242,11,0,0.000016
4020,..........((((.(....((.....))...((.....))...((((......))))...).)))).,13,-4.242,29,0,0.000016
4021,...((((.((......))))))..........(((...)))...(((.((...)))))..........,14,-4.242,19,0,0.000016
4022,...((((.((......))))))..........(((...)))...((((.(...)))))..........,14,-4.242,16,0,0.000016
4023,...(((((......)...))))......................((((......))))..........,9,-4.242,22,0,0.000016
4024,..(..((((....))))...)...(((((...(((...)))...((((......))))..)))))...,17,-4.241,20,0,0.000016
4025,.........(((((.(..((.......))...(((...)))...((((......))))...).))))),15,-4.241,32,0,0.000016
4026,...((((..((....)).)))).((((((.((.(.(.................).).)).))))))..,16,-4.241,21,0,0.000016
4027,...((((.(((....)))))))......((....)).........(((......))).....(...).,13,-4.241,20,0,0.000016
4028,...((((.(((....)))))))..(((((.(.((.....))...(((........)))).)))))...,18,-4.24,4,0,0.000016
4029,...((((.(((....)))))))....(.....)......(((.(((((......))))..)..)))..,16,-4.24,17,0,0.000016
4030,...((((..((....)).)))).((((((...((.....))..((((...)).)).....))))))..,18,-4.239,16,0,0.000016
4031,...((((...........))))..(((((...(.......)...(((........)))..)))))...,13,-4.239,10,0,0.000016
4032,..(..((((....)))).).....(((((...((.....))...(((.((...)))))..)))))...,17,-4.239,23,0,0.000016
4033,..(..((((....)))).).....(((((...((.....))...((((.(...)))))..)))))...,17,-4.239,20,0,0.000016
4034,...(((..(((....))).))).................(((..((((......)))).....)))..,13,-4.239,18,0,0.000016
4035,...((((.(((....))))))).........((((.......).((((......)))).)))......,15,-4.239,18,0,0.000016
4036,...((((.(((....))))))).((((((.(((((((......((...)))))))..)).))))))..,22,-4.238,27,0,0.000016
4037,...((((..((....)).))))..(((((.((((.....))................)).)))))...,15,-4.238,13,0,0.000016
4038,...((((((....))))...))..................((.(((((......)))))....))...,13,-4.238,30,0,0.000016
4039,.(.((((.(((....)))))))..)...((....))........((((......)))).(...)....,15,-4.238,19,0,0.000016
4040,..(..((((....)))).)....((((((...((.....))....(((......)))...))))))..,16,-4.238,22,0,0.000016
4041,((.((((..((....)).))))..))..............(..(((((......)))))..)......,14,-4.238,20,0,0.000016
4042,...((((.(((....))))))).........(((..........(((........))).)))......,13,-4.238,18,0,0.000016
4043,((.((((.(((....)))))))..))......(((...)))....(((......)))...........,15,-4.238,16,0,0.000016
4044,...((((.(((....))))))).((((.(......((.....))((((......))))..).))))..,18,-4.237,12,0,0.000016
4045,.(.((((((....))))...))..).......((.....))...((((......))))...(....).,14,-4.237,25,0,0.000016
4046,...((((.(((....))))))).............(((...)))........................,10,-4.237,28,0,0.000016
4047,...((((.(((....)))))))..........(((...))).......((...))......(....).,13,-4.237,24,0,0.000016
4048,...((((((....))))...))..(((((.(.............((((......))))).)))))...,16,-4.237,19,0,0.000016
4049,......((......))..((.......))...(((...)))...((((......))))..........,11,-4.237,28,0,0.000016
4050,...((((.(((....)))))))..........(((...)))....((.....))..............,12,-4.237,22,0,0.000016
4051,...((((.(((....))))))).................((...(((........)))....))....,12,-4.237,16,0,0.000016
4052,.(.((((.((......))))))..)...((....))........((((......))))...(....).,14,-4.237,21,0,0.000016
4053,........................(((((...(((...)))...((((......))))..)))))...,12,-4.237,16,0,0.000016
4054,...((((.(((....)))))))......((....))...........((((............)))).,13,-4.236,30,0,0.000016
4055,...((((.(((....))))))).....(((((((.........(((((......)))))))).).))),19,-4.236,23,0,0.000016
4056,...((((.(((....))))))).....(((((((.........(((((......))))))).)).))),19,-4.236,23,0,0.000016
4057,..((((.....)).))..((.......))...((.....))...((((......))))..........,12,-4.236,28,0,0.000016
4058,....(((.(((....))))))((((.......))))....(..(((((......)))))..)......,16,-4.236,22,0,0.000016
4059,((.((((.((......))))))..))..................((((......))))..........,12,-4.235,18,0,0.000016
4060,.(.((((.(((....)))))))..)...(......)........((((......))))...(....).,14,-4.235,17,0,0.000016
4061,...((((..((....)).))))....(.....)...........((((......))))..(...)...,12,-4.235,16,0,0.000016
4062,...((((.(((....)))))))....(((..((..(((...)))..)).))).......((...))..,17,-4.235,34,0,0.000016
4063,......(((....)))........(...)...(((...)))...((((......))))..........,11,-4.234,29,0,0.000016
4064,...((((...........))))...((.....))..........((((......))))..(...)...,11,-4.234,20,0,0.000016
4065,...(((..(((....))).)))....(((...(((...)))...((((......))))..))).....,16,-4.234,8,0,0.000016
4066,...((((.(((....)))))))..(((((.((.((((...(......)..)))..).)).)))))...,19,-4.234,21,0,0.000016
4067,..(..((((....)))).).....(((((...(.......)...((((......))))..)))))...,15,-4.234,20,0,0.000016
4068,...((((((....))))...)).((((((...(((...)))....(((......)))...))))))..,18,-4.233,19,0,0.000016
4069,...((((((....))))...)).((((....(((.((.....))((((......)))).)))))))..,19,-4.233,29,0,0.000016
4070,...((((((....))...))))......((....))..(.(..(((((......)))))..).)....,15,-4.232,29,0,0.000016
4071,.....(((......)))..............(((.........(((((......))))))))......,11,-4.232,34,0,0.000016
4072,...(((..(((....))).))).((((((.(.............((((......))))).))))))..,17,-4.232,10,0,0.000016
4073,...((((.(((....))))))).........(............((((......))))......)...,12,-4.232,15,0,0.000016
4074,.(.((((.(((....)))))))..)..............(((.(((((......))))..)..)))..,16,-4.232,18,0,0.000016
4075,...((((..((....)).)))).((((((.((..(((.............)))....)).))))))..,17,-4.232,25,0,0.000016
4076,...((((.(((....))))))).((((((........((.(..((........)).).))))))))..,18,-4.231,20,0,0.000016
4077,...((((.(((....)))))))......((....)).......((........))....((...))..,13,-4.231,29,0,0.000016
4078,...(((.............)))..(...)...(((...)))...((((......))))..........,11,-4.231,20,0,0.000016
4079,...((((.(((....)))))))..(((((...((.....))..(.((...))..).....)))))...,17,-4.231,11,0,0.000016
4080,...((((((....)))...)))......((....))...(((..((((......)))).....)))..,15,-4.231,30,0,0.000016
4081,...((((.(((....)))))))......((....))....(..(((..((...)).)))..)......,15,-4.23,26,0,0.000016
4082,...((((...........)))).............(((...)))((((......))))...(....).,12,-4.23,27,0,0.000016
4083,...((((.(((....)))))))..(.......)...........(((........)))..........,11,-4.23,16,0,0.000016
4084,...((((.(((....))))))).........(((.........(((.(......).))))))......,14,-4.229,20,0,0.000016
4085,.....((((....))))....((((.......))))....((..((((......)))).....))...,14,-4.229,36,0,0.000016
4086,...((((.(((....)))))))..........(((...)))....(((......)))...(...)...,14,-4.229,14,0,0.000016
4087,...((((...........))))..(((((...((.....))...((.(......).))..)))))...,14,-4.229,8,0,0.000016
4088,...((((.(((....))))))).................((..((((.((...))))))...))....,15,-4.229,21,0,0.000016
4089,...((((.(((....))))))).................((..(((((.(...))))))...))....,15,-4.229,18,0,0.000016
4090,...((((.(((....)))))))..(((....((..(((...))).(((......)))...)))))...,18,-4.228,17,0,0.000016
4091,.(.((((..((....)).))))..)....(.(((.........((((........))))))).)....,15,-4.228,24,0,0.000016
4092,...((((...........)))).((((((..((((...)))..)((((......))))..))))))..,18,-4.228,12,0,0.000016
4093,...((((.(((....)))))))..(((((.((.(.((...(.......)...)).).)).)))))...,18,-4.228,20,0,0.000016
4094,...((((.(((....)))))))......((....)).......((...))...........(....).,12,-4.228,29,0,0.000016
4095,...((((.(((....))))))).((((((...(((...)))...(.((......)).)..))))))..,19,-4.228,6,0,0.000016
4096,...((((.((......)))))).......(.(((.........((((........))))))).)....,14,-4.228,23,0,0.000016
4097,.(.((((.(((....)))))))..)...((....))........((..((...)).))..........,14,-4.227,25,0,0.000016
4098,.....(((......)))....((((.......))))........((((......))))...(....).,12,-4.227,35,0,0.000016
4099,...((((.(((....)))))))..(((((......((.....))................)))))...,14,-4.227,16,0,0.000016
4100,...((((.(((....)))))))..(.......)...........((((......)))).((...))..,14,-4.227,16,0,0.000016
4101,.(.(((((......)))...))..).......(((...)))...((((......))))..........,13,-4.226,25,0,0.000016
4102,...((((..((....)).))))..(((((...............................)))))...,11,-4.226,14,0,0.000016
4103,.(.((((..((....)).))))..)...................((((......))))..(...)...,12,-4.226,17,0,0.000016
4104,...((((..((....)).)))).(((..(...((.....))...((((......))))..)..)))..,16,-4.226,8,0,0.000016
4105,...((((..((....)).))))..(...)..((..((.....))((((......))))..))......,15,-4.226,21,0,0.000016
4106,...((((.((......))))))......................((((......))))..(...)...,11,-4.226,16,0,0.000016
4107,......(((....))).............((.....))......((((......))))..........,9,-4.226,35,0,0.000016
4108,...((((..((....)).))))......................(((........)))...(....).,10,-4.226,19,0,0.000016
4109,...((((.(((....))))))).....(..........).....((((......))))..........,12,-4.225,15,0,0.000016
4110,...((((...........))))..(...).........(.(..(((((......)))))..).)....,12,-4.225,23,0,0.000016
4111,...((((..(...)....)))).((((((...((.....))...((((......))))..))))))..,17,-4.225,9,0,0.000016
4112,...((((...........)))).........(((.........((((.(.....))))))))......,12,-4.225,27,0,0.000016
4113,...((((((....)))...)))..................((.(((((......)))))....))...,13,-4.225,28,0,0.000016
4114,...((((.(((....))))))).(((((.(..(((...)))...((((......)))))..)))))..,20,-4.224,8,0,0.000016
4115,...((((..((....)).))))......((....))....(..((((.((...))))))..)......,15,-4.224,26,0,0.000016
4116,...((((..((....)).))))......((....))....(..(((((.(...))))))..)......,15,-4.224,23,0,0.000016
4117,...((((..((....)).)))).((((................(((((......)))))...))))..,15,-4.224,14,0,0.000016
4118,.(.((((((....)))...)))..).......((.....))...((((......))))...(....).,14,-4.224,23,0,0.000016
4119,...((((((....)))...)))..(((((.(.............((((......))))).)))))...,16,-4.224,17,0,0.000016
4120,...((((...........))))..(((((...(((...)))...((..(.....).))..)))))...,15,-4.224,13,0,0.000016
4121,...((((..((....)).)))).........(((.(.........(((......)))).)))......,13,-4.224,21,0,0.000016
4122,...((((..(.......))))).((((((...(((...)))...((((......))))..))))))..,18,-4.224,10,0,0.000016
4123,...((((.(((....)))))))....(((..(...............).)))....(...).......,12,-4.223,26,0,0.000016
4124,...((((.(((....)))))))..........(((...)))...............(...).......,11,-4.223,20,0,0.000016
4125,...((((.(((....))))))).(((((..((((.....))..((........))..))..)))))..,18,-4.223,17,0,0.000016
4126,...(((((......)))...))..(((((...(((...)))...(((........)))..)))))...,16,-4.223,16,0,0.000016
4127,...((((..((....)).))))..(((((...(((...)))...((.(......).))..)))))...,17,-4.223,6,0,0.000016
4128,..((..........)).......((((....(((.........(((((......))))))))))))..,14,-4.222,30,0,0.000016
4129,...((((.(((....)))))))....(((..((.............)).)))..(.(...).).....,14,-4.222,26,0,0.000016
4130,...(((.............))).......((.....))......((((......))))..........,9,-4.222,26,0,0.000016
4131,...((((...........))))..(((.((....))....(..(((((......)))))..))))...,15,-4.222,19,0,0.000016
4132,.(.((((..((....)).))))..)...((....))........(((.((...)))))..........,14,-4.222,25,0,0.000016
4133,.(.((((..((....)).))))..)...((....))........((((.(...)))))..........,14,-4.222,22,0,0.000016
4134,...((((((....))))...))..........((.....))...(((.((...)))))..........,13,-4.222,28,0,0.000016
4135,...((((((....))))...))..........((.....))...((((.(...)))))..........,13,-4.222,25,0,0.000016
4136,.(.((((.(((....)))))))....).((....))........((((......))))..........,14,-4.221,18,0,0.000016
4137,...((((..((....)).))))..(....(.(((.........(((((......)))))))).))...,16,-4.221,19,0,0.000016
4138,...((((.(((....))))))).((((((.((...((.....))....((...))..)).))))))..,19,-4.221,24,0,0.000016
4139,...((((.((......))))))......((....))........(((.((...)))))..........,13,-4.221,24,0,0.000016
4140,...((((.((......))))))......((....))........((((.(...)))))..........,13,-4.221,21,0,0.000016
4141,...((((.(((....))))))).......(.(((.......(..((((......)))))))).)....,16,-4.221,19,0,0.000016
4142,...((((.(((....)))))))...((.....)).(((...))).(((......)))...........,15,-4.221,22,0,0.000016
4143,......(((....)))....((.........))......(((..((((......)))).....)))..,12,-4.221,34,0,0.000016
4144,.(.((((..((....)).))))..)...((....))....(...((((......))))...)......,14,-4.22,20,0,0.000016
4145,...((((.(((....))))))).((((....(((.(.........(((......)))).)))))))..,18,-4.22,15,0,0.000016
4146,.....((((....)))).......(((((......((.....))((((......))))..)))))...,15,-4.22,25,0,0.000016
4147,...((((((....)))...))).((((((...(((...)))....(((......)))...))))))..,18,-4.22,17,0,0.000016
4148,...((((.((......))))))......((....))....(...((((......))))...)......,13,-4.22,19,0,0.000016
4149,...((((.(((....)))))))..........(((...)))...........(.(.(...)).)....,13,-4.22,21,0,0.000016
4150,...((((((....)))...))).((((....(((.((.....))((((......)))).)))))))..,19,-4.219,27,0,0.000016
4151,.(.(..(((((........(((.........)))......)))))..).)...........(....).,11,-4.219,44,0,0.000016
4152,...((((..((....)).))))...((((......((.....))((((......))))..))))....,16,-4.219,12,0,0.000016
4153,...((((.(((....)))))))......(......)........(((.((...)))))..........,13,-4.219,20,0,0.000016
4154,...((((.(((....)))))))......(......)........((((.(...)))))..........,13,-4.219,17,0,0.000016
4155,......(.....)........((((.......))))........((((......))))..........,9,-4.219,33,0,0.000016
4156,((.(..(((((........(((.........)))......)))))..).)).(.(.(...)).)....,14,-4.219,46,0,0.000016
4157,...((((...........))))..........((.....))....(((......)))..((...))..,11,-4.218,20,0,0.000016
4158,......((......)).....((((.......))))........(((........)))..........,9,-4.218,36,0,0.000016
4159,....(((((....))).)).........................((((......))))..........,9,-4.218,31,0,0.000016
4160,....(((((....)))).).........................((((......))))..........,9,-4.218,31,0,0.000016
4161,...((((.(((....)))))))......(......)....(...((((......))))...)......,13,-4.217,15,0,0.000016
4162,...((((.(((....)))))))............(...).....((((......))))..........,12,-4.217,16,0,0.000016
4163,...((((.(((....)))))))...............(...)..((((......))))..........,12,-4.217,16,0,0.000016
4164,((.((((.(((....)))))))..))..((....)).........(((......)))...........,14,-4.217,21,0,0.000016
4165,...((((.(((....)))))))..(((....(...........)((((......))))....)))...,15,-4.217,10,0,0.000016
4166,......(((....))).....(.((((....(((.........(((((......))))))))))))).,16,-4.217,32,0,0.000016
4167,......(((....))).....((.(((....(((.........(((((......))))))))))))).,16,-4.217,32,0,0.000016
4168,...((((.(((....)))))))......((....))............((...))......(....).,12,-4.217,29,0,0.000016
4169,...((((.(((....)))))))......((....)).........((.....))..............,11,-4.216,27,0,0.000016
4170,...((((((....))))...))..........(.......)...((((......))))..........,11,-4.216,25,0,0.000016
4171,......(((....)))....(.......)...............((((......))))..........,8,-4.215,31,0,0.000016
4172,......((......)).....((((.......))))........((((......)))).((...))..,12,-4.215,36,0,0.000016
4173,..(..(((......))).).........................((((......))))..........,8,-4.215,31,0,0.000016
4174,...((((..(......).))))................(.(..(((((......)))))..).)....,12,-4.215,21,0,0.000016
4175,...(((..(((....))).)))..(((.((....))........((((......))))....)))...,15,-4.215,13,0,0.000016
4176,...((.(.(((....)))).))..........((.....))...((((......))))..........,12,-4.214,12,0,0.000016
4177,...((((.(((....)))))))..((((...............((...))...........))))...,13,-4.214,17,0,0.000016
4178,...((((..((....)).))))..(((((.(((((((...((....))..)))))..)).)))))...,20,-4.213,25,0,0.000016
4179,...((((.(((....)))))))....(((...((.....))....(.....)..)))...........,13,-4.213,19,0,0.000016
4180,...(((..((......)).))).((((....(((.........(((((......))))))))))))..,17,-4.213,18,0,0.000016
4181,.(.((((...........))))..).......(((...)))....(((......)))...........,11,-4.213,21,0,0.000016
4182,...((((.(((....))))))).(((((..((.((((.............)))..).))..)))))..,18,-4.213,25,0,0.000016
4183,...(((..(((....))).)))...((.....))..........((((......))))...(....).,13,-4.213,17,0,0.000016
4184,.(.(((((......))...)))..).......(((...)))...((((......))))..........,13,-4.213,23,0,0.000016
4185,...((((.(((....)))))))................(.....((((......))))).........,12,-4.213,16,0,0.000016
4186,........(((....)))...((((.......))))........((((......))))..........,11,-4.213,26,0,0.000016
4187,..((((.....)).))........(((....(((.........(((((......)))))))))))...,15,-4.212,30,0,0.000016
4188,...((((..((....)).))))..........(((...)))....(((......)))..((...))..,14,-4.212,18,0,0.000016
4189,..(..((.....)).)........(((((...(((...)))...((((......))))..)))))...,15,-4.212,19,0,0.000016
4190,...((((...........))))......((....))..(.(..((((........))))..).)....,12,-4.211,28,0,0.000016
4191,...((((...........)))).((((((...((.....))..(((.....).)).....))))))..,15,-4.211,19,0,0.000016
4192,...((((..((....)).)))).((((....(((..(.....).((((......)))).)))))))..,18,-4.21,16,0,0.000016
4193,...((((((....))...)))).........(((.((.....))((((......)))).)))......,15,-4.21,29,0,0.000016
4194,...((((.(((....))))))).........(((.((......((...)).....))..)))......,14,-4.21,29,0,0.000016
4195,...((((..((....)).)))).(((((...............(((((......)))))..)))))..,16,-4.21,12,0,0.000016
4196,...((((.(((....))))))).((.......))......((.(((((......)))))....))...,16,-4.21,18,0,0.000016
4197,.(...((((....)))).)..((((.......))))........(((........)))..........,12,-4.21,38,0,0.000016
4198,...((((.(((....)))))))..(...)...((.....))..((...))..................,12,-4.21,21,0,0.000016
4199,...((((..((....)).))))....(.....)......(((..((((......)))).....)))..,14,-4.21,18,0,0.000016
4200,..(((((.(((....)))))))..(((((...(((...)))...((((......))))..))))).).,20,-4.209,4,0,0.000016
4201,...((((.(((....))))))).((((((.((..(((......((...)))))....)).))))))..,20,-4.209,26,0,0.000016
4202,...(((((......))...)))..(((((...(((...)))...(((........)))..)))))...,16,-4.209,14,0,0.000016
4203,...((((...........))))...((.....)).....(((..((((......)))).....)))..,13,-4.209,22,0,0.000016
4204,...(((..(((....))).)))..(((((...(((...)))..((........)).....)))))...,16,-4.209,14,0,0.000016
4205,...((((.(((....)))))))..(((....((..((.....))(((........)))..)))))...,17,-4.209,15,0,0.000016
4206,...((((...........)))).(((((................((((......))))...)))))..,13,-4.209,14,0,0.000016
4207,...(((((......)))...))......((....))....(..(((((......)))))..)......,13,-4.208,31,0,0.000016
4208,..((..(.....).))....((.........))...........((((......))))..........,9,-4.208,32,0,0.000016
4209,...((((.(((....)))))))......((....)).........(((......)))...(...)...,13,-4.208,19,0,0.000016
4210,...((((.(((....)))))))..........((.....))..((........))..(........).,12,-4.208,21,0,0.000016
4211,...((((((....)))...)))..........((.....))...(((.((...)))))..........,13,-4.208,26,0,0.000016
4212,...((((((....)))...)))..........((.....))...((((.(...)))))..........,13,-4.208,23,0,0.000016
4213,...(((..(........).)))..(((((...((.....))...((((......))))..)))))...,15,-4.208,6,0,0.000016
4214,...((((.(((....)))))))..(((((...((.....))(..((((......))))).)))))...,19,-4.208,2,0,0.000015
4215,...((((.(((....)))))))....(((....................))).........(....).,11,-4.208,26,0,0.000015
4216,.(.((((.((......))))))..)..(((.(((.........(((((......))))))))...))),18,-4.208,25,0,0.000015
4217,...((((.(((....))))))).....................(.....)..................,8,-4.208,24,0,0.000015
4218,...((((.(((....))))))).((((((...((.....))....((.((...))))...))))))..,19,-4.208,9,0,0.000015
4219,...((((.(((....))))))).((((((...((.....))....(((.(...))))...))))))..,19,-4.208,6,0,0.000015
4220,....(((..((....)).)))...........((.....))...((((......))))..........,11,-4.207,14,0,0.000015
4221,.(...((((....)))).)..((((.......))))........((((......)))).((...))..,15,-4.207,38,0,0.000015
4222,.....((((....))))....(..(((((...((.....))...((((......))))..))))).).,16,-4.206,18,0,0.000015
4223,...((((.(((....)))))))..........(((...)))....((...))................,12,-4.206,22,0,0.000015
4224,..(..((((....)))).).........((....))..(.(..(((((......)))))..).)....,14,-4.206,38,0,0.000015
4225,......(((....)))............((....))...(((.(((((......)))))....)))..,13,-4.206,38,0,0.000015
4226,.(.(((((......)))...))..)...((....))........((((......))))..........,12,-4.206,30,0,0.000015
4227,...((((.(((....))))))).........((...........((((......)))).....))...,13,-4.205,15,0,0.000015
4228,...((((..((....)).)))).((((((...(((...)))..(((.....).)).....))))))..,18,-4.205,17,0,0.000015
4229,...................(((.........)))..........((((......))))..........,7,-4.205,29,0,0.000015
4230,...((((...(....)..)))).......(.(((.........(((((......)))))))).)....,14,-4.205,23,0,0.000015
4231,...((.((......))....)).........(((.........(((((......))))))))......,12,-4.205,30,0,0.000015
4232,...((((..((....)).))))......((....))(.....).((((......))))..........,13,-4.204,21,0,0.000015
4233,...((((.(((....)))))))..(((.....((.....)).(.((((......)))))...)))...,17,-4.204,6,0,0.000015
4234,...((((.(((....)))))))......((((............((((......))))....)).)).,15,-4.203,19,0,0.000015
4235,...((((..((....)).)))).((((........((.....))((((......))))....))))..,16,-4.203,16,0,0.000015
4236,...((((..((....)).))))....(....(((.........(((((......))))))))).....,15,-4.203,18,0,0.000015
4237,...((((..((....)).))))..(((((....(.....)....((((......))))..)))))...,16,-4.203,4,0,0.000015
4238,...((((((....)))...)))..........(.......)...((((......))))..........,11,-4.203,23,0,0.000015
4239,...(((.............)))......((....))...(((.(((((......)))))....)))..,13,-4.202,29,0,0.000015
4240,...((((.(((....)))))))......((....))....................(...).......,10,-4.202,25,0,0.000015
4241,......(((....)))........(((((...(((...)))...(((.((...)))))..)))))...,16,-4.202,24,0,0.000015
4242,......(((....)))........(((((...(((...)))...((((.(...)))))..)))))...,16,-4.202,21,0,0.000015
4243,...((((.(((....))))))).((((((...(.......)....(((......)))...))))))..,17,-4.202,6,0,0.000015
4244,...((((((....))))...))..(((.(...(((...)))...((((......))))..).)))...,17,-4.202,17,0,0.000015
4245,...((((...........)))).....................((...))..................,6,-4.201,31,0,0.000015
4246,.(.((((..((....)).))))..)..............(((..((((......)))).....)))..,14,-4.201,19,0,0.000015
4247,......(((....))).......((((((...(((...)))....(((......)))...))))))..,15,-4.201,23,0,0.000015
4248,((.((((.(((....)))))))..)).....((..(((...)))((((......))))..))......,18,-4.201,23,0,0.000015
4249,...((((.(((....))))))).((((((.....(....)....((((......))))..))))))..,18,-4.201,7,0,0.000015
4250,...((((.((......)))))).................(((..((((......)))).....)))..,13,-4.201,18,0,0.000015
4251,......(((....))).......((((....(((.((.....))((((......)))).)))))))..,16,-4.201,33,0,0.000015
4252,.(.((((...........)))).((((((...((.....))...((((......))))..))))))).,17,-4.2,10,0,0.000015
4253,..(..((((....)))).)..(((.........)))...((..(((((......)))))...))....,15,-4.199,38,0,0.000015
4254,...((((.(((....))))))).........(((.((......((........))))..)))......,14,-4.199,28,0,0.000015
4255,...((((.(((....)))))))..........((.....)).......((...)).(...).......,12,-4.199,21,0,0.000015
4256,...((((.(((....)))))))....(((..(...((.....))...).)))....(...).......,14,-4.199,30,0,0.000015
4257,...((((..((....)).)))).........((...(.....).((((......))))..))......,13,-4.199,19,0,0.000015
4258,...((((.(((....)))))))......((....))................(.(.(...)).)....,12,-4.199,26,0,0.000015
4259,...(((.............)))..(((((...(((...)))...(((.((...)))))..)))))...,16,-4.199,15,0,0.000015
4260,...(((.............)))..(((((...(((...)))...((((.(...)))))..)))))...,16,-4.199,12,0,0.000015
4261,...((((..((....)).)))).((((((...(.(...).)...((((......))))..))))))..,18,-4.199,8,0,0.000015
4262,......(((....))).....((((.......)))).......((...))..................,9,-4.199,46,0,0.000015
4263,...((((.(((....))))))).((((((...((....).)...((((......))))..))))))..,19,-4.198,5,0,0.000015
4264,...((((..((....)).)))).((((((...........))..((((......))))....))))..,16,-4.198,13,0,0.000015
4265,...((((.(((....)))))))..(...)...((.....)).......((...)).............,12,-4.198,21,0,0.000015
4266,...(((..(((....))).))).........(((.((.....)).(((......)))..)))......,14,-4.197,24,0,0.000015
4267,...(((..(((....))).))).((((.(...(((...)))...((((......))))..).))))..,18,-4.197,8,0,0.000015
4268,...((((..((....)).)))).........(((.....((..((((...)).))..)))))......,15,-4.197,31,0,0.000015
4269,...((((.(((....)))))))..(((((...(((...)))..(.(.....)..).....)))))...,17,-4.196,12,0,0.000015
4270,...((((.(((....)))))))..........................(.....).............,8,-4.196,23,0,0.000015
4271,...((((...........))))..(((((.((.(......((....)).......).)).)))))...,14,-4.196,22,0,0.000015
4272,...((((.((......))))))....(((...(((...)))...((((......))))..))).....,16,-4.196,8,0,0.000015
4273,...((((.(((....))))))).((((....((...(.....).((((......))))..))))))..,18,-4.195,13,0,0.000015
4274,...(((((......))...)))......((....))....(..(((((......)))))..)......,13,-4.195,29,0,0.000015
4275,...((((.(((....)))))))..........((.....)).............((.......))...,11,-4.195,18,0,0.000015
4276,......(((((........(((.........)))......)))))(((......)))...........,11,-4.195,35,0,0.000015
4277,...((((..((....)).)))).........(((....(.....((((......))))))))......,14,-4.194,20,0,0.000015
4278,...((((..((....)).)))).........(((.....(....((((......))))))))......,14,-4.194,19,0,0.000015
4279,...((((.((......)))))).((((((.(.............((((......))))).))))))..,17,-4.194,10,0,0.000015
4280,.(.((((..((....)).)))).((((((...(((...)))...((((......))))..))))))).,20,-4.193,8,0,0.000015
4281,.(.(..(((((........(((..(...)..)))......)))))..).)..................,11,-4.193,43,0,0.000015
4282,..(....)....(((...........)))..(((.........(((((......))))))))......,12,-4.193,37,0,0.000015
4283,...(((..(((....))).))).((.......))..........((((......))))..........,12,-4.193,17,0,0.000015
4284,...((((.(((....))))))).((((....(((.....((..((((...)).))..)))))))))..,20,-4.193,25,0,0.000015
4285,...((((...........)))).((((....(((.....((..((........))..)))))))))..,15,-4.193,29,0,0.000015
4286,.(.((((...........))))..)...((....)).........(((......)))...........,10,-4.193,26,0,0.000015
4287,...((((..((....)).))))..........((.....))..((((...)).)).............,12,-4.192,24,0,0.000015
4288,.....((((....))))...(.......)...((.....))...((((......))))..........,11,-4.192,27,0,0.000015
4289,..(..((((....)))).)..((((.......))))....(...((((......))))....).....,14,-4.192,36,0,0.000015
4290,.(.(((((......))...)))..)...((....))........((((......))))..........,12,-4.192,28,0,0.000015
4291,...((((.(((....))))))).((((((.....(((...((....))..))).......))))))..,18,-4.192,21,0,0.000015
4292,...((.(((....)))....))..(((((......((.....))((((......))))..)))))...,16,-4.192,21,0,0.000015
4293,...((((...........)))).........(((.........(((((......))))))))(...).,13,-4.192,25,0,0.000015
4294,((.((((.(((....)))))))..))(.....)...........((((......))))..........,14,-4.192,16,0,0.000015
4295,.(.((((((....))))...))..)...((.(((.........(((((......))))))))...)).,17,-4.192,35,0,0.000015
4296,..((..........)).....((((.......))))...((..(((((......)))))...))....,13,-4.191,36,0,0.000015
4297,.(.(((..(((....))).)))..)...((....))..(.(..(((((......)))))..).)....,16,-4.191,23,0,0.000015
4298,...((((..((....)).))))......((....)).........(((......)))..((...))..,13,-4.191,23,0,0.000015
4299,...((((.(((....)))))))....(((..((..((.....))..)).))).....(........).,15,-4.191,31,0,0.000015
4300,...((((...........))))..(...)......((.....))((((......))))..........,11,-4.191,24,0,0.000015
4301,...((((.(((....)))))))..(((((......((.....))((..........))..)))))...,16,-4.191,12,0,0.000015
4302,...((((..((....)).))))..........((.....))...(((........))).((...))..,13,-4.191,16,0,0.000015
4303,...((((.(((....)))))))......((....))(....)..((((......))))..........,14,-4.191,19,0,0.000015
4304,...((((.(((....))))))).((((....(((....(.....((((......))))))))))))..,19,-4.19,14,0,0.000015
4305,...((((.(((....))))))).((((....(((.....(....((((......))))))))))))..,19,-4.19,13,0,0.000015
4306,...((((.(((....)))))))..................(..((...)).)..(.(...).).....,12,-4.19,26,0,0.000015
4307,...((((...........))))..........................((...)).............,6,-4.19,31,0,0.000015
4308,...((((..((....)).))))..........((.....)).............(.(...).).....,10,-4.19,20,0,0.000015
4309,.(.((((.(((....)))))))..)...((....))......(.((((......))))).........,15,-4.19,20,0,0.000015
4310,...((((...........))))..(((....(((........(.((((......)))))))))))...,15,-4.189,18,0,0.000015
4311,...((((...........)))).........(((.((.....))(((........))).)))......,12,-4.189,28,0,0.000015
4312,...((((...........)))).....((...........))..((((......))))...(....).,11,-4.189,22,0,0.000015
4313,......(((....)))............................((((......))))...(....).,8,-4.189,32,0,0.000015
4314,...((((.(((....)))))))..........(((...)))...((...............)).....,12,-4.189,20,0,0.000015
4315,.(.(((.............)))..)....(.(((.........(((((......)))))))).)....,13,-4.189,28,0,0.000015
4316,...((((.(((....)))))))......((....))....((....))........(...).......,12,-4.189,26,0,0.000015
4317,...((((((....)))...)))..(((.(...(((...)))...((((......))))..).)))...,17,-4.188,15,0,0.000015
4318,...((((..((....)).))))..(((((.((.(..............((...))).)).)))))...,16,-4.188,20,0,0.000015
4319,((.((.(((((........(((.........)))......))))).)).))...(.(...).).....,14,-4.188,45,0,0.000015
4320,......(((....))).....((((.......))))............((...)).............,9,-4.187,46,0,0.000015
4321,.(.((((.(((....)))))))..)....(.(((.....((..((........))..))))).)....,16,-4.187,29,0,0.000015
4322,...((((...........))))...(.......)..........((((......))))..........,9,-4.187,20,0,0.000015
4323,...((((.(((....)))))))..(((((.((.............((........)))).)))))...,16,-4.187,11,0,0.000015
4324,...((((...........)))).(...)....((.....))...((((......))))..........,11,-4.187,17,0,0.000015
4325,.....((((....))))...((.........))......((..(((((......)))))...))....,13,-4.187,34,0,0.000015
4326,...((((.(((....)))))))......................(((........))).(.....)..,11,-4.187,18,0,0.000015
4327,......((......))...(((.........)))....(.(..(((((......)))))..).)....,12,-4.187,34,0,0.000015
4328,...((((.(((....))))))).((((((.((.(.(...............)...).)).))))))..,17,-4.186,19,0,0.000015
4329,...((((((....))))...))..........(((...)))....(((......)))...........,12,-4.186,27,0,0.000015
4330,...((((.(((....))))))).(((.((...((.....))...(((........)))..)).)))..,17,-4.186,6,0,0.000015
4331,...(((.............)))......................((((......))))...(....).,8,-4.186,23,0,0.000015
4332,...((((.(((....)))))))....(.....)...((...)).((((......))))..........,14,-4.186,18,0,0.000015
4333,.(...((((....)))).).((.........))...........((((......))))..........,11,-4.186,33,0,0.000015
4334,...((((..((....)).))))......((....))....(..((...)).)................,11,-4.186,31,0,0.000015
4335,...((((.(((....)))))))......((....)).........((...))................,11,-4.185,27,0,0.000015
4336,...((((.(((....)))))))......((....))....((....))....(.(.(...)).)....,14,-4.185,27,0,0.000015
4337,......((......))....((.........)).......(..(((((......)))))..)......,10,-4.185,33,0,0.000015
4338,...((((.(((....)))))))......................(((........)))....(...).,11,-4.185,17,0,0.000015
4339,...((((..((....)).))))..(...)......(((...)))((((......))))..........,14,-4.184,22,0,0.000015
4340,...((((..((....)).))))..(((((.((..(((...((....))..)))....)).)))))...,18,-4.184,24,0,0.000015
4341,.(.((((.(((....)))))))..).......(((...)))...(((........)))...(....).,15,-4.184,16,0,0.000015
4342,...((((.(((....))))))).......(....).....((.(((((......)))))....))...,15,-4.184,19,0,0.000015
4343,...((((.(((....))))))).((.......((.....))...((((......))))....))....,15,-4.184,11,0,0.000015
4344,...((((...........))))..................((.(((((......))))..)..))...,11,-4.184,22,0,0.000015
4345,..(..((((....)))).)............(((.((.....))((((......)))).)))......,14,-4.184,38,0,0.000015
4346,((.((((..((....)).))))..))..((....))...((..(((((......)))))...))....,17,-4.183,23,0,0.000015
4347,.(.((.(((((..........((((.......))))....))))).)).)....(.(...).).....,14,-4.183,46,0,0.000015
4348,...((((..((....)).)))).........(((.(((...)))(((........))).)))......,15,-4.183,26,0,0.000015
4349,...((((.(((....)))))))..(((((.....(...).....((((......))))..)))))...,17,-4.182,6,0,0.000015
4350,...((((.(((....)))))))..(((((........(...)..((((......))))..)))))...,17,-4.182,6,0,0.000015
4351,...((((.(((....)))))))..(((((.((.(.(((..((....))..).)).).)).)))))...,20,-4.182,22,0,0.000015
4352,((.((((...........))))..))......(((...)))...((((......))))...(....).,14,-4.182,21,0,0.000015
4353,...((((.(.....)...))))..(((((......((.....))((((......))))..)))))...,16,-4.182,15,0,0.000015
4354,.(.((((.(((....)))))))..).......((.....))...........................,10,-4.182,19,0,0.000015
4355,...((((..((....)).))))..(((((...((.....)).(..(((......))).).)))))...,17,-4.182,6,0,0.000015
4356,...((((..((....)).)))).((((((.((.(.........((...)).....).)).))))))..,17,-4.181,22,0,0.000015
4357,......(((....))).....((((.......))))....((.(((((......))))..)..))...,14,-4.181,37,0,0.000015
4358,...((((.(((....))))))).......(..((.........(((((......)))))))..)....,15,-4.181,18,0,0.000015
4359,...((((..((....)).))))..(((((.....(((.............))).......)))))...,14,-4.181,20,0,0.000015
4360,...((((..((....)).)))).(...)....(((...)))...((((......))))..........,14,-4.181,15,0,0.000015
4361,...((((..(......).)))).............((.....))((((......))))..........,11,-4.181,22,0,0.000015
4362,...((((.(((....)))))))......(.((((.........(((((......)))))))).)..).,17,-4.18,20,0,0.000015
4363,...((((.(((....)))))))......(.((((.........(((((......))))))).))..).,17,-4.18,20,0,0.000015
4364,...((((.(((....)))))))..(((((.((...((...((....))....))...)).)))))...,18,-4.18,20,0,0.000015
4365,..(..((.....)).)...(((.........)))..........((((......))))..........,10,-4.18,32,0,0.000015
4366,...((((.(((....))))))).((((((.((...(((...))).(((......))))).))))))..,21,-4.18,17,0,0.000015
4367,..(..((((....)))).)....((((((...(((...)))...(((.((...)))))..))))))..,19,-4.18,27,0,0.000015
4368,..(..((((....)))).)....((((((...(((...)))...((((.(...)))))..))))))..,19,-4.18,24,0,0.000015
4369,...((((.(((....))))))).((((((....(....).....((((......))))..))))))..,18,-4.18,7,0,0.000015
4370,...((((.(((....))))))).((((....(((.(((...)))(((........))).)))))))..,20,-4.18,20,0,0.000015
4371,.(.((((((....)))...)))..)...((.(((.........(((((......))))))))...)).,17,-4.178,33,0,0.000015
4372,...((((.(((....)))))))......((....))...((((.((((......)))))....)))..,17,-4.178,21,0,0.000015
4373,.....((((....)))).(.........)...((.....))...((((......))))..........,11,-4.178,27,0,0.000015
4374,.(.((((.(((....)))))))..)...........((...)).((((......))))..........,14,-4.177,19,0,0.000015
4375,...((((.((...))...))))..(((((...((.....))...((((......))))..)))))...,17,-4.177,8,0,0.000015
4376,...((((..((....)).))))..........((.....))..((...))..(.(......).)....,12,-4.177,24,0,0.000015
4377,...((((.(((....)))))))..(((((......((...............))......)))))...,14,-4.177,16,0,0.000015
4378,..((((.....)).))...(((.........)))......(..(((((......)))))..)......,13,-4.177,35,0,0.000015
4379,..((((.....)).))............................((((......))))..........,8,-4.177,32,0,0.000015
4380,..(((((...........))))..)......(((.........(((((......))))))))......,13,-4.177,25,0,0.000015
4381,..((.((.....))))................(((...)))...((((......))))..........,11,-4.177,30,0,0.000015
4382,.(.((((.(((....)))))))..).......((.....))....(((......)))....(....).,14,-4.176,14,0,0.000015
4383,...((((.(((....)))))))....(((......(((...))).....)))....(...).......,14,-4.176,31,0,0.000015
4384,...((((.((......))))))..(((.((....))........((((......))))....)))...,15,-4.176,13,0,0.000015
4385,.(.((((...........))))..)......((..(((...)))((((......))))..))......,14,-4.176,28,0,0.000015
4386,...((((.(((....)))))))..(((.(...((.....))...(((.((...)))))..).)))...,18,-4.176,7,0,0.000015
4387,...((((.(((....)))))))..(((.(...((.....))...((((.(...)))))..).)))...,18,-4.176,4,0,0.000015
4388,...((((.(((....)))))))...((.....))..........((((......)))).(...)....,14,-4.176,15,0,0.000015
4389,...((((..((....)).))))..........((.....))..(((((......))))........).,13,-4.176,14,0,0.000015
4390,...((((((....))))...))....(((...((.....))...((((......))))..))).....,15,-4.175,17,0,0.000015
4391,...((((..((....)).)))).........(((.........................)))......,9,-4.175,26,0,0.000015
4392,...((((.((......))))))...((.....))..........((((......))))...(....).,13,-4.175,17,0,0.000015
4393,...(.((.(((....))))).)..(((((...((.....))...((((......))))..)))))...,17,-4.175,2,0,0.000015
4394,...((((...........)))).......(.(((.(((...))).(((......)))..))).)....,14,-4.175,31,0,0.000015
4395,...((((.(((....)))))))......((....))..(.(.(.((((......)))))..).)....,16,-4.174,20,0,0.000015
4396,...((((((....))...)))).((((((...(((...)))...(((........)))..))))))..,18,-4.174,15,0,0.000015
4397,...((((.(((....)))))))..(((.(......)........((((......))))....)))...,15,-4.174,9,0,0.000015
4398,...((((.(((....)))))))..........(((...)))..(.....)....(.(...).).....,13,-4.174,22,0,0.000015
4399,...((((...........))))..........(((...)))...((..........))..........,9,-4.174,22,0,0.000015
4400,.(...((((....))))...)((((.......))))........((((......))))..........,13,-4.173,36,0,0.000015
4401,.....((((....))))....(((.........)))....(..(((((......)))))..)......,13,-4.173,37,0,0.000015
4402,...((((...........))))..(((((.((((.....))....(((......))))).)))))...,16,-4.173,11,0,0.000015
4403,...((((((....)))...)))..........(((...)))....(((......)))...........,12,-4.173,25,0,0.000015
4404,...((((.(((....)))))))....(((..((..(((...))).).).)))................,15,-4.173,32,0,0.000015
4405,...((((..((....)).)))).((((((.((.(((...............))..).)).))))))..,17,-4.173,23,0,0.000015
4406,((...((((....)))).)).((((.......))))...((..(((((......)))))...))....,17,-4.172,39,0,0.000015
4407,((.((((.(((....)))))))..))...(.(((.(((...)))((((......)))).))).)....,20,-4.172,25,0,0.000015
4408,...((((.(((....)))))))...((.....)).(((...)))((((......))))...(....).,17,-4.172,21,0,0.000015
4409,...((((.(((....)))))))..(.......)......((...((((......))))....))....,14,-4.171,14,0,0.000015
4410,...((((.(((....))))))).((((....(((.........................)))))))..,14,-4.171,20,0,0.000015
4411,...((((.(((....)))))))..(((.(...(.......)...((((......))))..).)))...,16,-4.171,4,0,0.000015
4412,...((((.((......))))))..(((((...(((...)))..((........)).....)))))...,16,-4.171,14,0,0.000015
4413,...((...............)).........(((.........(((((......))))))))......,10,-4.171,28,0,0.000015
4414,...((((.(((....)))))))....(.....)..........((........)).............,10,-4.171,24,0,0.000015
4415,......(((....)))...(((.........)))..........(((.((...)))))..........,11,-4.17,37,0,0.000015
4416,......(((....)))...(((.........)))..........((((.(...)))))..........,11,-4.17,34,0,0.000015
4417,...((((...........))))..(((.(...........)...((((......))))....)))...,12,-4.17,14,0,0.000015
4418,.(.(((..(((....))).)))..)......(((.((.....))((((......)))).)))......,16,-4.169,23,0,0.000015
4419,......(((....)))...(((.........)))......(...((((......))))...)......,11,-4.169,32,0,0.000015
4420,...((((..((....)).)))).((((((...(.......)...(((........)))..))))))..,16,-4.169,8,0,0.000015
4421,((.(..(((((..((....(((.........))).))...)))))..).)).................,13,-4.169,49,0,0.000015
4422,...((((...........)))).........(((.....((..(((.....).))..)))))......,12,-4.168,34,0,0.000014
4423,....(((.(((....))))))........(.(((.........(((((......)))))))).)....,15,-4.168,21,0,0.000014
4424,...((((...........))))..(...)...((.....))...((((......)))).(.....)..,12,-4.168,18,0,0.000014
4425,...((((..((....)).)))).........((..((.....)).(((......)))...))......,13,-4.168,23,0,0.000014
4426,...((((.(((....)))))))......((....))........((...............)).....,11,-4.168,25,0,0.000014
4427,...((((..((....)).))))..(..((...........)).)((((......))))..........,13,-4.168,18,0,0.000014
4428,...((((..((....)).)))).........((..........(((((......))))).))......,13,-4.168,19,0,0.000014
4429,...((((.(((....)))))))..........((.....))..........((............)).,11,-4.168,22,0,0.000014
4430,...((((...........))))..........(((...)))..((...))....(.(...).).....,11,-4.168,29,0,0.000014
4431,...(((..(((....))).)))..(((((((.....))......((((......))))..)))))...,17,-4.168,10,0,0.000014
4432,...(((..(((....))).))).......(....).........((((......))))..........,11,-4.167,18,0,0.000014
4433,...((((..((....)).))))..(((((.(((((...)))....(((......))))).)))))...,19,-4.167,9,0,0.000014
4434,...((((.(((....)))))))..(((.................(((.((...)))))....)))...,15,-4.167,13,0,0.000014
4435,...((((.(((....)))))))..(((.................((((.(...)))))....)))...,15,-4.167,10,0,0.000014
4436,...((((..((....)).))))......((....))..(....(((((......)))))....)....,14,-4.167,22,0,0.000014
4437,...((((.(.......).))))..(((((......((.....))((((......))))..)))))...,16,-4.166,14,0,0.000014
4438,...((((...........))))..(...)...((.....))...((((......))))....(...).,12,-4.166,17,0,0.000014
4439,...((((.(((....)))))))..((((..((.((((...((....))..)))..).))..))))...,19,-4.166,24,0,0.000014
4440,.....((((....))))...............((.....))...((((......))))...(....).,11,-4.166,28,0,0.000014
4441,...((((.(....)....))))..........(((...)))...((((......))))..........,12,-4.166,19,0,0.000014
4442,...((((..((....)).)))).........(((.........((........))....)))......,11,-4.166,28,0,0.000014
4443,...((((((....))...))))....(.....)...........((((......))))..........,11,-4.166,23,0,0.000014
4444,.(.((((.(((....)))))))..)...(...........)...((((......))))...(....).,14,-4.166,16,0,0.000014
4445,...((((((....))))...))......((....)).........(((......)))...........,11,-4.166,32,0,0.000014
4446,...((((.(((....)))))))..........(((...)))...(((.((...))))).((...))..,17,-4.165,19,0,0.000014
4447,...((((.(((....)))))))..........(((...)))...((((.(...))))).((...))..,17,-4.165,16,0,0.000014
4448,...((((.(((....)))))))...((.....))..........((..((...)).))..........,13,-4.165,21,0,0.000014
4449,..((.((.....)))).....((((.......))))..(.(..(((((......)))))..).)....,15,-4.165,39,0,0.000014
4450,...((((.(((....)))))))..(((((......((.....))(((.(.....))))..)))))...,18,-4.165,11,0,0.000014
4451,...((((.(((....)))))))..................((.(.(((......)))...)..))...,13,-4.165,18,0,0.000014
4452,...((((.(((....))))))).((((....((..((.....)).(((......)))...))))))..,18,-4.165,17,0,0.000014
4453,...((((.(((....)))))))....(((...((.....))........)))..(.(...).).....,14,-4.164,21,0,0.000014
4454,...((((...........))))..........((.....))..(((.....).)).............,9,-4.164,27,0,0.000014
4455,...((((.(((....))))))).((((....((..........(((((......))))).))))))..,18,-4.164,13,0,0.000014
4456,.....((((....))))..(((.........)))......((.(((((......)))))....))...,14,-4.164,35,0,0.000014
4457,...((((.(((....)))))))..((.((......(((...)))((((......))))..)).))...,18,-4.164,12,0,0.000014
4458,..(.((.....))..).......((((((...((.....))...((((......))))..))))))..,15,-4.164,19,0,0.000014
4459,...((((.(((....))))))).((((((.((.((((...((....))..))))...)).))))))..,21,-4.163,25,0,0.000014
4460,.(.((((.(((....)))))))..)...((....))........(((........)))...(....).,14,-4.163,21,0,0.000014
4461,......(((....)))...(((..(...)..)))......(..(((((......)))))..)......,13,-4.163,34,0,0.000014
4462,...((((..((....)).)))).......((.....)).((..(((((......)))))...))....,15,-4.163,22,0,0.000014
4463,...((((.(((....))))))).........(((.....))..)((((......))))..........,14,-4.163,12,0,0.000014
4464,...(((..(((....))).)))..(((((...((.....)).(.((((......))))).)))))...,18,-4.163,4,0,0.000014
4465,.(.((((.(((....)))))))..)..................((........)).............,10,-4.162,25,0,0.000014
4466,...((((..((....)).))))..(...)...(((...)))...((((......)))).(.....)..,15,-4.162,16,0,0.000014
4467,...((((.(((....)))))))..(...)..(((.(((...))).(((......)))..)))......,17,-4.162,24,0,0.000014
4468,...((((.(((....))))))).((((....(((.........((........))....)))))))..,16,-4.162,22,0,0.000014
4469,...((((((....)))...)))....(((...((.....))...((((......))))..))).....,15,-4.162,15,0,0.000014
4470,((.((((...........))))..))..((....))........((((......))))...(....).,13,-4.161,26,0,0.000014
4471,...((((.(((....)))))))..(((((...((.....)).(.(...((...)).).).)))))...,18,-4.161,13,0,0.000014
4472,((.((((.(((....)))))))..))..................(((........)))..........,12,-4.161,18,0,0.000014
4473,...((((.(((....)))))))..(...)...............(((.((...)))))..........,13,-4.161,19,0,0.000014
4474,...((((.(((....)))))))..(...)...............((((.(...)))))..........,13,-4.161,16,0,0.000014
4475,...((((...........))))..((((..((.(.((...............)).).))..))))...,13,-4.161,27,0,0.000014
4476,...((((.(((....)))))))..(((..(.......)......((((......))))....)))...,15,-4.161,10,0,0.000014
4477,.....((((....))))......((((((......(((...)))((((......))))..))))))..,17,-4.161,29,0,0.000014
4478,...((((.(((....)))))))..........((.....))....((.((...))))...........,13,-4.161,17,0,0.000014
4479,...((((.(((....)))))))..........((.....))....(((.(...))))...........,13,-4.161,14,0,0.000014
4480,...(((..(((....))).))).......................(((......)))...........,9,-4.161,18,0,0.000014
4481,...((((..((....)).))))..........((.........(((((......))))))).......,13,-4.16,19,0,0.000014
4482,...((((..((....)).))))..(...)...(((...)))...((((......))))....(...).,15,-4.16,15,0,0.000014
4483,...((((((....))...))))..................(..(((((......)))))..)......,12,-4.16,25,0,0.000014
4484,...((((..((....)).))))..(.......)...........((((......))))...(....).,12,-4.16,17,0,0.000014
4485,...((((.(((....)))))))..(((((.(.(((((.............)))))...).)))))...,18,-4.16,21,0,0.000014
4486,...((((...........)))).((((((...((.....))...((..(.....).))..))))))..,15,-4.16,13,0,0.000014
4487,...((((.(((....)))))))..(...)...........(...((((......))))...)......,13,-4.16,14,0,0.000014
4488,......((......)).....((((.......))))...((...((((......))))....))....,12,-4.16,34,0,0.000014
4489,...((((..((....)).))))..((((..(.((.....))...((((......)))))..))))...,17,-4.16,6,0,0.000014
4490,...((((..((....)).))))...((.....))..........(((.((...)))))..........,13,-4.159,21,0,0.000014
4491,...((((..((....)).))))...((.....))..........((((.(...)))))..........,13,-4.159,18,0,0.000014
4492,..(..((((....)))).)..((((.......))))...(((.(((((......))))..)..)))..,17,-4.159,39,0,0.000014
4493,.(.((((..((....)).))))..)......(((.((.....)).(((......)))..)))......,15,-4.159,25,0,0.000014
4494,...(((((......)))...)).((((((...((.....))...(((........)))..))))))..,16,-4.159,16,0,0.000014
4495,...((((..((....)).)))).((((((...((.....))...((.(......).))..))))))..,17,-4.159,6,0,0.000014
4496,...((((.(((....)))))))..........(((...)))..((...)).........((...))..,14,-4.159,25,0,0.000014
4497,...((((...........))))..(((((......((.....))(((.((...)))))..)))))...,16,-4.159,19,0,0.000014
4498,...((((...........))))..(((((......((.....))((((.(...)))))..)))))...,16,-4.159,16,0,0.000014
4499,...((((.(((....)))))))..(((((.....(((......((...))))).......)))))...,17,-4.159,21,0,0.000014
4500,((.((((.(((....)))))))..))..................((((......)))).((...))..,15,-4.159,18,0,0.000014
4501,...((((..((....)).))))..(((((..............((...))..........)))))...,13,-4.158,17,0,0.000014
4502,...((((..(......).))))..........((.....))...((((......)))).(.....)..,12,-4.158,16,0,0.000014
4503,...((((.((......)))))).........(((.((.....)).(((......)))..)))......,14,-4.158,24,0,0.000014
4504,...((((.(((....)))))))..(((((..(((.....))..).(((......)))...)))))...,18,-4.158,4,0,0.000014
4505,...((((.((......)))))).((((.(...(((...)))...((((......))))..).))))..,18,-4.158,8,0,0.000014
4506,...((((..((....)).))))...((.....))......(...((((......))))...)......,13,-4.158,16,0,0.000014
4507,...((((.(((....)))))))..(((((......(((...)))((..((...)).))..)))))...,19,-4.158,17,0,0.000014
4508,...((((..((....)).))))..........(((...)))..(((.....).)).............,12,-4.158,25,0,0.000014
4509,...((((..((....)).))))..........((.....))..(((((......))))..).......,13,-4.158,13,0,0.000014
4510,...((((...........)))).......((.....))..((.(((((......)))))....))...,13,-4.158,27,0,0.000014
4511,...((((.(((....)))))))..((((............((....)).............))))...,13,-4.158,15,0,0.000014
4512,...((((..((....)).)))).((.......))......(..(((((......)))))..)......,14,-4.158,19,0,0.000014
4513,...((((.(((....)))))))..(((((...((.....))..(.....)..........)))))...,15,-4.158,10,0,0.000014
4514,...((((.(((....)))))))..(((((...((.....))..(..........).....)))))...,15,-4.158,9,0,0.000014
4515,...((((.(((....))))))).......((.....))..(...((((......))))....).....,14,-4.158,18,0,0.000014
4516,.(.((((((....))...))))..)...................((((......))))..........,11,-4.157,24,0,0.000014
4517,...((((.(((....))))))).......(.(((.((...................)).))).)....,13,-4.157,27,0,0.000014
4518,......(((....)))................((.....))...(((........)))..........,8,-4.157,29,0,0.000014
4519,...((((..(......).))))..........((.....))...((((......))))....(...).,12,-4.156,15,0,0.000014
4520,...((((...........))))......(......)...((..(((((......)))))...))....,12,-4.156,23,0,0.000014
4521,..((.((.....))))............((....))........((((......))))..........,10,-4.156,35,0,0.000014
4522,...((((.(((....)))))))....(.....)..(((...))).(((......)))...........,14,-4.155,22,0,0.000014
4523,...((((.(((....)))))))..........(.......)....(((......)))...........,11,-4.155,14,0,0.000014
4524,.....(((......)))...............(((...)))...((((......))))..........,10,-4.155,28,0,0.000014
4525,..(....).(((((.(.....((((.......))))........((((......))))...).))))),15,-4.155,40,0,0.000014
4526,...((((.((......)))))).((.......))..........((((......))))..........,12,-4.155,17,0,0.000014
4527,......(((....)))................((.....))...((((......)))).((...))..,11,-4.154,29,0,0.000014
4528,...((((..((....)).)))).((((((...(((...)))...((..(.....).))..))))))..,18,-4.154,11,0,0.000014
4529,...((((..((....)).)))).......((.....))......((((......)))).(.....)..,13,-4.154,22,0,0.000014
4530,...((((.(((....))))))).................(((.((((.((...))))))....)))..,16,-4.154,23,0,0.000014
4531,...((((.(((....))))))).................(((.(((((.(...))))))....)))..,16,-4.154,20,0,0.000014
4532,...(((.............)))..........((.....))...(((........)))..........,8,-4.154,20,0,0.000014
4533,...((((..(....)...))))..(((....(((.........(((((......)))))))))))...,16,-4.153,19,0,0.000014
4534,...((((...........)))).....(((.(((.........(((((......)))))))).)..)),15,-4.153,27,0,0.000014
4535,...((((.(((....)))))))......((....)).......(.....)....(.(...).).....,12,-4.153,27,0,0.000014
4536,.(.((((.((......))))))..)...((....))..(.(..(((((......)))))..).)....,16,-4.153,23,0,0.000014
4537,...((((...........))))......((....))........((..........))..........,8,-4.153,27,0,0.000014
4538,...((((..((....)).))))..(((((......(((...)))(((.((...)))))..)))))...,19,-4.152,17,0,0.000014
4539,...((((..((....)).))))..(((((......(((...)))((((.(...)))))..)))))...,19,-4.152,14,0,0.000014
4540,...((((...........))))..(((((.((.(.((.............))...).)).)))))...,14,-4.152,25,0,0.000014
4541,...((((.(((....)))))))......................(((........)))..(...)...,11,-4.152,16,0,0.000014
4542,...((((.(((....)))))))..........(((...)))...((.(......).))..........,13,-4.152,14,0,0.000014
4543,...((((.(((....)))))))..........(((...)))...........(.(......).)....,12,-4.152,21,0,0.000014
4544,...((((.(((....))))))).((((((.......(......(((((......))))))))))))..,19,-4.152,10,0,0.000014
4545,...((((((....)))...)))......((....)).........(((......)))...........,11,-4.152,30,0,0.000014
4546,...((((..((....)).))))..(((((.((.((((.............))))...)).)))))...,17,-4.152,24,0,0.000014
4547,...((((..((....)).)))).........(...........)((((......))))..........,11,-4.152,18,0,0.000014
4548,...((((..((....)).)))).((((.((....))....(..(((((......)))))..)))))..,18,-4.152,17,0,0.000014
4549,...((((.(((....))))))).............((.....)).(((......)))..((...))..,14,-4.152,22,0,0.000014
4550,...((((.(((....)))))))..(((((...((.....)).(.(...........).).)))))...,16,-4.152,10,0,0.000014
4551,...((((..((....)).)))).......((.....))......((((......))))....(...).,13,-4.152,21,0,0.000014
4552,...((((.(((....))))))).((.......)).(((...)))((((......))))..........,16,-4.152,21,0,0.000014
4553,...((((...........))))..(((((...((.....))..((...))..........)))))...,13,-4.152,17,0,0.000014
4554,...((((.(((....))))))).....(((.(((........(.((((......))))))))...))),18,-4.152,22,0,0.000014
4555,.(...((((....)))).)..((((.......))))...((...((((......))))....))....,15,-4.152,36,0,0.000014
4556,((.(..(((((........(((.........)))......)))))..).)).(.(......).)....,13,-4.151,46,0,0.000014
4557,...((((.(((....))))))).........(((.(((...)))....((...))....)))......,15,-4.151,33,0,0.000014
4558,...(((.............)))..........((.....))...((((......)))).((...))..,11,-4.151,20,0,0.000014
4559,.(.((((.(((....)))))))..)...(......)..(.(..(((((......)))))..).)....,16,-4.151,19,0,0.000014
4560,...((((..((....)).))))..(((((.((........(..((...)).).....)).)))))...,16,-4.151,21,0,0.000014
4561,......(((....)))...(.(((.........))).)......((((......))))..........,11,-4.151,36,0,0.000014
4562,...((((((....))))...))..(((((...((.....))..((........)).....)))))...,15,-4.15,23,0,0.000014
4563,.....((((....))))......((((.....((.....))...((((......))))....))))..,14,-4.15,23,0,0.000014
4564,...((((.(((....)))))))..(..................)((((......))))..........,12,-4.15,15,0,0.000014
4565,...((((...........)))).((((((.((.((((...((....))..)))..).)).))))))..,18,-4.15,30,0,0.000014
4566,...(((..(((....))).)))..(((((...(((...)))...((..........))..)))))...,16,-4.15,8,0,0.000014
4567,...((((.(((....)))))))......(...........)...(((.((...)))))..........,13,-4.15,19,0,0.000014
4568,...((((.(((....)))))))......(...........)...((((.(...)))))..........,13,-4.15,16,0,0.000014
4569,...((((((....))))...)).........((..(((...)))((((......))))..))......,15,-4.149,34,0,0.000014
4570,...((((..((....)).)))).......(.(((.........(((..((...)).)))))).)....,15,-4.149,28,0,0.000014
4571,...((((...........))))......((.((..(((...)))((((......))))..))...)).,15,-4.148,30,0,0.000014
4572,...((((..((....)).))))..(((((.((((.....))..((((...)).))..)).)))))...,19,-4.148,17,0,0.000014
4573,...((((.(((....)))))))....(((......((.....)).....)))..((.......))...,14,-4.148,29,0,0.000014
4574,...((((...........))))..........(((...)))...(((.(.....))))..........,11,-4.148,21,0,0.000014
4575,((.((((..((....)).))))..(((((...((.....))...((((......))))..))))).)),19,-4.148,6,0,0.000014
4576,....(((((....)))).)..((((.......))))....((.(((((......)))))....))...,16,-4.148,38,0,0.000014
4577,....(((((....))).))..((((.......))))....((.(((((......)))))....))...,16,-4.148,38,0,0.000014
4578,...((((.(((....)))))))..(((.....((.....))...((..((...)).))....)))...,16,-4.148,11,0,0.000014
4579,...((((..((....)).))))..(((((..(...........).(((......)))...)))))...,15,-4.147,10,0,0.000014
4580,.(.((((...........))))..)....(.(((.(((...)))((((......)))).))).)....,16,-4.147,30,0,0.000014
4581,...((((.(((....)))))))..........(((...))).......((...))....((...))..,14,-4.147,25,0,0.000014
4582,...((((...........))))......((....)).......((...))....(.(...).).....,10,-4.147,34,0,0.000014
4583,.(.((((.(((....)))))))..)..........(((...))).(((......)))...........,14,-4.147,23,0,0.000014
4584,...((((.(((....)))))))......((....))...((..((((...)).))..)).........,15,-4.147,30,0,0.000014
4585,...((((...........))))......((....))...((..((........))..)).........,10,-4.147,34,0,0.000014
4586,......(((....)))...............(((.(((...)))((((......)))).)))......,13,-4.147,39,0,0.000014
4587,...((((.(((....)))))))..((((..((.(.........((........))).))..))))...,16,-4.147,19,0,0.000014
4588,......(((....))).....(((.........)))....((.(((((......)))))....))...,13,-4.146,38,0,0.000014
4589,...((((.(((....)))))))..(((((...((.....)).......(.....).....)))))...,15,-4.146,9,0,0.000014
4590,...((((.(((....)))))))......((....))....(...(((........)))...)......,13,-4.146,19,0,0.000014
4591,...((((.(((....)))))))..........(((...)))..((........))....(.....)..,13,-4.146,24,0,0.000014
4592,...((((.(((....))))))).((((((....((((.............))))......))))))..,17,-4.145,21,0,0.000014
4593,...((((..((....)).))))..(((((...(((...)))..((...))..........)))))...,16,-4.145,15,0,0.000014
4594,...(((((......))...))).((((((...((.....))...(((........)))..))))))..,16,-4.145,14,0,0.000014
4595,...((((.(....)....))))......((....))........((((......))))..........,11,-4.145,24,0,0.000014
4596,...((((((....))))...))..(((....(((.........((((........))))))))))...,16,-4.145,27,0,0.000014
4597,...(((..(((....))).))).((((((...((.....))..((........)).....))))))..,16,-4.145,14,0,0.000014
4598,..(..(((......))).)..((((.......))))....((.(((((......)))))....))...,15,-4.145,38,0,0.000014
4599,((.((((..((....)).))))..)).((...........))..((((......))))..........,14,-4.145,19,0,0.000014
4600,...((((..((....)).)))).........(((.(.....................).)))......,10,-4.145,27,0,0.000014
4601,...((((...........))))....(.....)...........(((........)))..........,8,-4.145,22,0,0.000014
4602,...((((.(((....)))))))......((....))........(((.((...))))).((...))..,16,-4.145,24,0,0.000014
4603,...((((.(((....)))))))......((....))........((((.(...))))).((...))..,16,-4.145,21,0,0.000014
4604,...((((.(((....)))))))......((....))...(....((((......))))).........,14,-4.144,18,0,0.000014
4605,......((......))....((.....))..(((.........(((((......))))))))......,12,-4.144,34,0,0.000014
4606,...((((...........)))).....(((.((..((.....))((((......))))..))...))),15,-4.144,29,0,0.000014
4607,...(((..(((....))).))).......(.((..((.....))((((......))))..)).)....,15,-4.144,22,0,0.000014
4608,...(((((......)))...))...((.....))..........((((......))))..........,11,-4.144,26,0,0.000014
4609,...((((..((....)).)))).........(((.(.......)((((......)))).)))......,14,-4.144,20,0,0.000014
4610,...(((.............))).........(((.(((...)))((((......)))).)))......,13,-4.143,30,0,0.000014
4611,.....(((......)))....((((.......))))..(.(..(((((......)))))..).)....,14,-4.143,37,0,0.000014
4612,...((((..((....)).))))....(((......((.....)).....)))..(.(...).).....,13,-4.143,31,0,0.000014
4613,............(((...........)))...((.....))...((((......))))...(....).,10,-4.143,28,0,0.000014
4614,...((((.(((....)))))))..((((.(.((((((.............))))).).)..))))...,18,-4.143,24,0,0.000014
4615,...((((.(((....))))))).........(((.....((................)))))......,12,-4.143,25,0,0.000014
4616,...((((...........))))....(.....)...........((((......)))).((...))..,11,-4.142,22,0,0.000014
4617,...((((..((....)).)))).((......(((.........(((((......))))))))))....,16,-4.142,21,0,0.000014
4618,......(((....)))....((.........))............(((......)))...........,8,-4.142,34,0,0.000014
4619,...((((..((....)).))))..(((.....((.....))...(((.((...)))))....)))...,16,-4.142,11,0,0.000014
4620,...((((..((....)).))))..(((.....((.....))...((((.(...)))))....)))...,16,-4.142,8,0,0.000014
4621,...((((..((....)).))))................(.(..((((........))))..).)....,12,-4.142,21,0,0.000014
4622,...(((..(((....))).)))......((.(((.((.....))((((......)))).)))...)).,17,-4.141,25,0,0.000014
4623,...((((((....))...))))..(((.....(((...)))...((((......))))....)))...,16,-4.141,15,0,0.000014
4624,...((((.(((....))))))).((((....(((.(.....................).)))))))..,15,-4.141,21,0,0.000014
4625,...(.((((....))))....)..........((.....))...((((......))))..........,11,-4.14,25,0,0.000014
4626,...((((...........))))..(((((...((.....)).......((...)).....)))))...,13,-4.14,17,0,0.000014
4627,...((((..(......).))))...((((...(((...)))...((((......))))..))))....,16,-4.14,8,0,0.000014
4628,...(((..(((....))).))).((((....(((.........((((........)))))))))))..,17,-4.14,18,0,0.000014
4629,...((((.(((....))))))).((((....(((.(.......)((((......)))).)))))))..,19,-4.14,14,0,0.000014
4630,...((((.(((....)))))))..((((......(((.............)))........))))...,14,-4.14,20,0,0.000014
4631,...(((..(((....))).)))..(((((.......(.....).((((......))))..)))))...,16,-4.14,8,0,0.000014
4632,...((((.(((....)))))))........(.....)...(..(((((......)))))..)......,14,-4.139,18,0,0.000014
4633,...((((...........))))..................(..((((........))))..)......,9,-4.139,24,0,0.000014
4634,..(..((((....)))).).......(.....)...........((((......))))..........,10,-4.139,32,0,0.000014
4635,...((((.(((....)))))))(((.......))).....((.(((((......)))))....))...,17,-4.139,20,0,0.000014
4636,.....((((....)))).((.......))...............((((......))))..........,10,-4.139,31,0,0.000014
4637,...((.(((....)))....))..........((.....))...((((......))))...(....).,12,-4.138,24,0,0.000014
4638,...((((((....))))...)).((((.(...((.....))...((((......))))..).))))..,17,-4.138,17,0,0.000014
4639,...((((..((....)).)))).....(((.((..(((...)))((((......))))..))...))),18,-4.138,27,0,0.000014
4640,...((((.(((....)))))))......((....)).......((...)).........((...))..,13,-4.138,30,0,0.000014
4641,...((((.(((....)))))))..(((((.((.(.(((..(......)...))).).)).)))))...,19,-4.138,21,0,0.000014
4642,...((((.(((....))))))).........(((.........(((.....).))....)))......,13,-4.138,27,0,0.000014
4643,...((((..((....)).))))......((....)).......(((.....).)).............,11,-4.137,30,0,0.000014
4644,((.((((.(((....)))))))..))..((....))....(..(((((......)))))...).....,17,-4.137,21,0,0.000014
4645,...((((((....)))...)))..(((((...((.....))..((........)).....)))))...,15,-4.137,21,0,0.000014
4646,...((((.(((....)))))))..........((.....))...((..........))...(....).,12,-4.137,15,0,0.000014
4647,.(.((((.(((....)))))))..).....(.....).......((((......))))..........,13,-4.137,17,0,0.000014
4648,.(.((((...........))))..)...................(((........)))..........,8,-4.137,23,0,0.000014
4649,...(((((......)))...))..(((((......(((...)))((((......))))..)))))...,17,-4.137,22,0,0.000014
4650,......(((....))).....((((.......))))....(..((((........))))..)......,12,-4.137,39,0,0.000014
4651,...((((..((....)).))))..(((.....(.......)...((((......))))....)))...,14,-4.136,8,0,0.000014
4652,..(..((((....))))...)((((.......))))........((((......))))..........,13,-4.136,36,0,0.000014
4653,...((((...........))))..(((.....((.........(((((......))))))).)))...,14,-4.136,17,0,0.000014
4654,...((((((....))...))))..(...)..(((.........(((((......))))))))......,15,-4.136,27,0,0.000014
4655,...((((..(......).))))......((....))....((.(((((......)))))....))...,14,-4.136,24,0,0.000014
4656,...((((((....)))...))).........((..(((...)))((((......))))..))......,15,-4.136,32,0,0.000014
4657,...((((...........))))..(((((.(.....).......((((......))))..)))))...,14,-4.136,12,0,0.000014
4658,...((((.(((....)))))))..(((....(((.((......((...))......)).))))))...,17,-4.135,23,0,0.000014
4659,...(((.............))).((((((...((.....))...(((.((...)))))..))))))..,16,-4.135,15,0,0.000014
4660,...(((.............))).((((((...((.....))...((((.(...)))))..))))))..,16,-4.135,12,0,0.000014
4661,...((((.(((....))))))).......(.((((((.............)))......))).)....,14,-4.135,31,0,0.000014
4662,.....(((......)))...........((....))........((((......))))..........,9,-4.134,33,0,0.000014
4663,.(.((((.(((....)))))))..)..(((.(((.........((((........)))))))...))),18,-4.134,25,0,0.000014
4664,.(.((((...........))))..)...................((((......)))).((...))..,11,-4.134,23,0,0.000014
4665,...((((..((....)).))))..(((((...(((...))).......((...)).....)))))...,16,-4.134,15,0,0.000014
4666,...((((...........))))..(...)...((.....))...((((......))))..(...)...,12,-4.134,16,0,0.000014
4667,..(..((((....)))).).....................(..(((((......)))))..)......,11,-4.134,34,0,0.000014
4668,...((((..((....)).))))......(......)....((.(((((......)))))....))...,14,-4.134,20,0,0.000014
4669,...((((..((....)).)))).........(((.........((((..(...).)))))))......,14,-4.133,24,0,0.000014
4670,((.(..(((((..........((((.......))))....)))))..).)).....(...).......,13,-4.133,48,0,0.000014
4671,((.((((..(......).))))..))......((.....))...((((......))))..........,13,-4.133,16,0,0.000014
4672,...((((.(((....))))))).((((((...((.....))..(.(.....)..).....))))))..,17,-4.132,12,0,0.000014
4673,((.(((..(((....))).)))..))...(.(((.........(((((......)))))))).)....,17,-4.132,23,0,0.000014
4674,...((((..((....)).)))).......(....).....(..(((((......)))))..)......,13,-4.132,20,0,0.000014
4675,...((((((....)))...)))..(((....(((.........((((........))))))))))...,16,-4.132,25,0,0.000014
4676,...((((.(((....)))))))......((....))........((.(......).))..........,12,-4.131,19,0,0.000014
4677,...((((.(((....)))))))......((....))................(.(......).)....,11,-4.131,26,0,0.000014
4678,...((((..(......).))))..(((((...(((...)))....(((......)))...)))))...,16,-4.131,8,0,0.000014
4679,...((((..((....)).))))....(.....)............(((......)))...........,10,-4.131,18,0,0.000014
4680,...((((..((....)).))))......((.(((.((.....)).(((......)))..)))...)).,16,-4.131,27,0,0.000014
4681,.(.((((.((......))))))..)......(((.((.....))((((......)))).)))......,16,-4.131,23,0,0.000014
4682,...((((..(......).))))..(((....(((.((.....))((((......)))).))))))...,17,-4.131,18,0,0.000014
4683,....((..(((....))).))..((((((...((.....))...((((......))))..))))))..,17,-4.131,6,0,0.000014
4684,...(((..(((....))).)))..(((((..............(((((......))))).)))))...,16,-4.131,8,0,0.000014
4685,...((((.(((....))))))).......(.(((..(....)..((((......)))).))).)....,16,-4.131,19,0,0.000014
4686,...((((...........))))...((.....))...........(((......)))...........,9,-4.13,22,0,0.000014
4687,...((((.(((....))))))).((((((.((.(.........((((...)).))).)).))))))..,20,-4.13,21,0,0.000014
4688,...((((...........)))).((((((.((.(.........((........))).)).))))))..,15,-4.13,25,0,0.000014
4689,...(((((......))...)))...((.....))..........((((......))))..........,11,-4.13,24,0,0.000014
4690,...((((.(.(....).)))))..(((....(((.........(((((......)))))))))))...,17,-4.13,14,0,0.000014
4691,...((((.(((....)))))))..(((((.((.((((......((...))))))...)).)))))...,20,-4.13,25,0,0.000014
4692,...((((.(((....))))))).((((....(((.........((((..(...).)))))))))))..,19,-4.13,18,0,0.000014
4693,.(.((((..((....)).))))..)....(....).........((((......))))..........,12,-4.129,19,0,0.000014
4694,...(((.............))).((((((...(.......)...((((......))))..))))))..,14,-4.129,12,0,0.000014
4695,...(((..(((....))).)))...((.....))....(.(..(((((......)))))..).)....,15,-4.129,19,0,0.000014
4696,...((((.((......))))))..(((((((.....))......((((......))))..)))))...,17,-4.129,10,0,0.000014
4697,...((((...........))))........((((.........(((((......)))))))).)....,13,-4.129,25,0,0.000014
4698,...((((...........))))........((((.........(((((......))))))).))....,13,-4.129,25,0,0.000014
4699,.(.(..(((((........(((.........)))......)))))..).).........((...))..,12,-4.129,45,0,0.000014
4700,...((((.((......)))))).......(....).........((((......))))..........,11,-4.129,18,0,0.000014
4701,...((((.(((....)))))))....(((..((..(((...)))..)).))).......(.....)..,16,-4.129,34,0,0.000014
4702,...((((.(((....))))))).....((..(((.........(((((......))))))))....)),17,-4.129,20,0,0.000014
4703,...((((..((....)).))))..(((((.((.(.((......((...))..)).).)).)))))...,18,-4.129,24,0,0.000014
4704,...((((((....))))...)).((((.................((((......))))....))))..,14,-4.129,23,0,0.000014
4705,...((((.(.....)...))))..........((.....))...((((......))))...(....).,12,-4.128,18,0,0.000014
4706,((.((((..((....)).))))..))...((.....))......((((......))))..........,14,-4.128,22,0,0.000014
4707,...((((..((....)).))))..(...)...(((...)))...((((......))))..(...)...,15,-4.128,14,0,0.000014
4708,...((((.(((....))))))).......(.(((.........(.(((......))).)))).)....,15,-4.128,21,0,0.000014
4709,...((((.(((....)))))))...((.....))........(.((((......))))).........,14,-4.127,16,0,0.000014
4710,...(((..(((....))).)))....(.....).......(..(((((......)))))..)......,13,-4.127,18,0,0.000014
4711,...((.((......))....))..........(((...)))...((((......))))..........,11,-4.127,24,0,0.000014
4712,......(.....)..........((((((...((.....))...((((......))))..))))))..,13,-4.127,17,0,0.000014
4713,...((((.(((....))))))).................(((..(((........))).....)))..,13,-4.127,18,0,0.000014
4714,.....((((....))))....((((.......))))........(((.((...)))))..........,13,-4.127,40,0,0.000014
4715,.....((((....))))....((((.......))))........((((.(...)))))..........,13,-4.127,37,0,0.000014
4716,...((((...........))))......((....))........(((.(.....))))..........,10,-4.127,26,0,0.000014
4717,...((((...........))))....(((....................)))..(.(...).).....,9,-4.127,31,0,0.000014
4718,......((......)).......((((((...((.....))...(((........)))..))))))..,13,-4.127,20,0,0.000014
4719,...((((.(((....)))))))......((....))............((...))....((...))..,13,-4.126,30,0,0.000014
4720,...(((((......)))...))..(((.....((.....))...((((......))))....)))...,14,-4.126,16,0,0.000013
4721,.....((((....))))....((((.......))))....(...((((......))))...)......,13,-4.126,35,0,0.000013
4722,...((((..((....)).)))).((((((.((.(......((....)).......).)).))))))..,17,-4.126,20,0,0.000013
4723,...((((...........)))).((((..((.....))......((((......))))....))))..,14,-4.125,20,0,0.000013
4724,...((((.(((....)))))))......((....)).......((........))....(.....)..,12,-4.125,29,0,0.000013
4725,...((((((....)))...))).((((.(...((.....))...((((......))))..).))))..,17,-4.125,15,0,0.000013
4726,..(..((((....)))).)..(((.........)))...(((.(((((......)))))....)))..,16,-4.125,40,0,0.000013
4727,...((((.((......))))))..(((((...((.....)).(.((((......))))).)))))...,18,-4.125,4,0,0.000013
4728,.(.((((((....))))...))..)...((....))....(..(((((......)))))..)......,15,-4.124,33,0,0.000013
4729,...((((..(......).))))..........((.....))...((((......))))..(...)...,12,-4.124,14,0,0.000013
4730,...((((..(......).)))).((((.....(((...)))...((((......))))....))))..,16,-4.124,12,0,0.000013
4731,...(((..(((....))).)))..(((((...(((...)))...(((.(.....))))..)))))...,18,-4.124,7,0,0.000013
4732,.(.((((...........))))....)....(((.........(((((......))))))))......,13,-4.124,25,0,0.000013
