StructID;ClusterID;ClosestToCenter;Energy;LowEne;AptaMat;Bp;MfeDist;Probability;Structure
7;1;1;-8,227;1;0,00;15;6,00;0,013694;...((((...........))))..(((((...((.....))...((((......))))..)))))...
13;1;0;-7,988;0;0,00;16;8,00;0,009151;...((((...........))))..(((((...(((...)))...((((......))))..)))))...
14;1;0;-7,925;0;0,00;16;8,00;0,008216;...((((...........)))).((((((...((.....))...((((......))))..))))))..
19;1;0;-7,686;0;0,00;17;10,00;0,005491;...((((...........)))).((((((...(((...)))...((((......))))..))))))..
43;1;0;-7,158;0;0,00;17;11,00;0,002254;...((((((....)))...)))..(((((...((.....))...((((......))))..)))))...
55;1;0;-6,967;0;0,00;15;18,00;0,001631;...((((...........))))..(((....(((.........(((((......)))))))))))...
64;1;0;-6,920;0;0,00;18;13,00;0,001507;...((((((....)))...)))..(((((...(((...)))...((((......))))..)))))...
82;1;0;-6,767;0;0,00;16;4,00;0,001165;...((((..(......).))))..(((((...((.....))...((((......))))..)))))...
98;1;0;-6,664;0;0,00;16;20,00;0,000979;...((((...........)))).((((....(((.........(((((......))))))))))))..
101;1;0;-6,654;0;0,00;14;8,00;0,000962;...(((.............)))..(((((...((.....))...((((......))))..)))))...
120;1;0;-6,528;0;0,00;17;6,00;0,000778;...((((..(......).))))..(((((...(((...)))...((((......))))..)))))...
130;1;0;-6,482;0;0,00;17;9,00;0,000720;...((((((....))...))))..(((((...((.....))...((((......))))..)))))...
134;1;0;-6,461;0;0,00;14;8,00;0,000695;...((((...........))))..(((((...((.....))...(((........)))..)))))...
151;1;0;-6,415;0;0,00;15;10,00;0,000643;...(((.............)))..(((((...(((...)))...((((......))))..)))))...
162;1;0;-6,375;0;0,00;15;14,00;0,000601;...((((...........))))..(((((......((.....))((((......))))..)))))...
171;1;0;-6,351;0;0,00;15;10,00;0,000577;...(((.............))).((((((...((.....))...((((......))))..))))))..
199;1;0;-6,243;0;0,00;18;11,00;0,000481;...((((((....))...))))..(((((...(((...)))...((((......))))..)))))...
205;1;0;-6,228;0;0,00;16;12,00;0,000469;...(((((......)))...))..(((((...((.....))...((((......))))..)))))...
210;1;0;-6,222;0;0,00;15;10,00;0,000464;...((((...........))))..(((((...(((...)))...(((........)))..)))))...
212;1;0;-6,214;0;0,00;16;10,00;0,000458;...(((((......))...)))..(((((...((.....))...((((......))))..)))))...
227;1;0;-6,179;0;0,00;18;11,00;0,000432;...((((((....))...)))).((((((...((.....))...((((......))))..))))))..
234;1;0;-6,158;0;0,00;15;10,00;0,000417;...((((...........)))).((((((...((.....))...(((........)))..))))))..
238;1;0;-6,143;0;0,00;10;20,00;0,000406;...((((...........))))...((.....))..........((((......))))..........
245;1;0;-6,136;0;0,00;16;16,00;0,000401;...((((...........))))..(((((......(((...)))((((......))))..)))))...
246;1;0;-6,125;0;0,00;13;10,00;0,000394;...((((...........))))..(((.....((.....))...((((......))))....)))...
251;1;0;-6,112;0;0,00;16;12,00;0,000386;...(((.............))).((((((...(((...)))...((((......))))..))))))..
263;1;0;-6,072;0;0,00;16;16,00;0,000360;...((((...........)))).((((((......((.....))((((......))))..))))))..
270;1;0;-6,043;0;0,00;11;16,00;0,000343;...((((...........))))..(...)...((.....))...((((......))))..........
278;1;0;-6,034;0;0,00;16;7,00;0,000338;...((((.(.....)...))))..(((((...((.....))...((((......))))..)))))...
284;1;0;-6,019;0;0,00;16;6,00;0,000329;...((((.(.......).))))..(((((...((.....))...((((......))))..)))))...
289;1;0;-6,011;0;0,00;16;8,00;0,000325;...((((...........))))..(((((...((.....))...((((.(...)))))..)))))...
290;1;0;-6,011;0;0,00;16;11,00;0,000325;...((((...........))))..(((((...((.....))...(((.((...)))))..)))))...
296;1;0;-6,005;0;0,00;14;8,00;0,000322;...((((...........))))..(((((...(.......)...((((......))))..)))))...
302;1;0;-5,989;0;0,00;17;14,00;0,000313;...(((((......)))...))..(((((...(((...)))...((((......))))..)))))...
307;1;0;-5,975;0;0,00;17;12,00;0,000306;...(((((......))...)))..(((((...(((...)))...((((......))))..)))))...
321;1;0;-5,940;0;0,00;19;13,00;0,000289;...((((((....))...)))).((((((...(((...)))...((((......))))..))))))..
332;1;0;-5,920;0;0,00;16;12,00;0,000279;...((((...........)))).((((((...(((...)))...(((........)))..))))))..
347;1;0;-5,898;0;0,00;17;23,00;0,000269;...((((((....)))...)))..(((....(((.........(((((......)))))))))))...
353;1;0;-5,887;0;0,00;14;12,00;0,000264;...((((...........))))..(((.....(((...)))...((((......))))....)))...
363;1;0;-5,862;0;0,00;16;4,00;0,000253;...((((.(........)))))..(((((...((.....))...((((......))))..)))))...
371;1;0;-5,839;0;0,00;14;8,00;0,000243;...((((...........))))...((((...((.....))...((((......))))..))))....
374;1;0;-5,833;0;0,00;17;18,00;0,000241;...((((...........)))).((((((......(((...)))((((......))))..))))))..
376;1;0;-5,830;0;0,00;14;8,00;0,000240;...((((...........))))..(((((...((.....))....(((......)))...)))))...
380;1;0;-5,823;0;0,00;14;12,00;0,000237;...((((...........)))).((((.....((.....))...((((......))))....))))..
391;1;0;-5,804;0;0,00;12;18,00;0,000229;...((((...........))))..(...)...(((...)))...((((......))))..........
398;1;0;-5,796;0;0,00;17;9,00;0,000226;...((((.(.....)...))))..(((((...(((...)))...((((......))))..)))))...
411;1;0;-5,780;0;0,00;17;8,00;0,000220;...((((.(.......).))))..(((((...(((...)))...((((......))))..)))))...
419;1;0;-5,772;0;0,00;17;10,00;0,000217;...((((...........))))..(((((...(((...)))...((((.(...)))))..)))))...
420;1;0;-5,772;0;0,00;17;13,00;0,000217;...((((...........))))..(((((...(((...)))...(((.((...)))))..)))))...
440;1;0;-5,732;0;0,00;17;9,00;0,000203;...((((.(.....)...)))).((((((...((.....))...((((......))))..))))))..
445;1;0;-5,724;0;0,00;12;18,00;0,000200;...((((...........))))..........((.....))...((((......)))).((...))..
461;1;0;-5,708;0;0,00;17;10,00;0,000195;...((((...........)))).((((((...((.....))...((((.(...)))))..))))))..
462;1;0;-5,708;0;0,00;17;13,00;0,000195;...((((...........)))).((((((...((.....))...(((.((...)))))..))))))..
473;1;0;-5,703;0;0,00;15;10,00;0,000193;...((((...........)))).((((((...(.......)...((((......))))..))))))..
513;1;0;-5,642;0;0,00;16;4,00;0,000174;...((((...(....)..))))..(((((...((.....))...((((......))))..)))))...
520;1;0;-5,624;0;0,00;17;6,00;0,000169;...((((.(........)))))..(((((...(((...)))...((((......))))..)))))...
533;1;0;-5,600;0;0,00;15;10,00;0,000162;...((((...........))))...((((...(((...)))...((((......))))..))))....
539;1;0;-5,591;0;0,00;16;20,00;0,000160;...((((...........))))..(((....(((.((.....))((((......)))).))))))...
541;1;0;-5,591;0;0,00;15;10,00;0,000160;...((((...........))))..(((((...(((...)))....(((......)))...)))))...
544;1;0;-5,593;0;0,00;12;18,00;0,000161;((.((((...........))))..))......((.....))...((((......))))..........
550;1;0;-5,584;0;0,00;15;14,00;0,000158;...((((...........)))).((((.....(((...)))...((((......))))....))))..
551;1;0;-5,584;0;0,00;11;16,00;0,000158;...((((...........))))..........((.....))...((((......))))..(...)...
571;1;0;-5,560;0;0,00;17;6,00;0,000152;...((((.(........))))).((((((...((.....))...((((......))))..))))))..
580;1;0;-5,548;0;0,00;11;22,00;0,000149;...((((...........)))).................((..(((((......)))))...))....
587;1;0;-5,538;0;0,00;16;8,00;0,000146;...(((((......)...))))..(((((...((.....))...((((......))))..)))))...
591;1;0;-5,527;0;0,00;15;10,00;0,000144;...((((...........)))).((((((...((.....))....(((......)))...))))))..
620;1;0;-5,507;0;0,00;16;16,00;0,000139;...((((..(......).))))..(((....(((.........(((((......)))))))))))...
625;1;0;-5,493;0;0,00;18;11,00;0,000136;...((((.(.....)...)))).((((((...(((...)))...((((......))))..))))))..
628;1;0;-5,496;0;0,00;14;8,00;0,000136;...((((...........))))..(((.(...((.....))...((((......))))..).)))...
632;1;0;-5,485;0;0,00;13;20,00;0,000134;...((((...........))))..........(((...)))...((((......)))).((...))..
635;1;0;-5,487;0;0,00;11;14,00;0,000134;...((((...........))))..(((.................((((......))))....)))...
650;1;0;-5,473;0;0,00;15;18,00;0,000131;..((((.....)).))........(((((...((.....))...((((......))))..)))))...
651;1;0;-5,473;0;0,00;12;24,00;0,000131;...((((...........)))).................(((.(((((......)))))....)))..
658;1;0;-5,469;0;0,00;18;12,00;0,000130;...((((...........)))).((((((...(((...)))...((((.(...)))))..))))))..
659;1;0;-5,469;0;0,00;18;15,00;0,000130;...((((...........)))).((((((...(((...)))...(((.((...)))))..))))))..
703;1;0;-5,422;0;0,00;14;12,00;0,000120;...((((...........))))..(((((..(...........)((((......))))..)))))...
716;1;0;-5,414;0;0,00;16;7,00;0,000119;...((((..(....)...))))..(((((...((.....))...((((......))))..)))))...
726;1;0;-5,403;0;0,00;17;6,00;0,000116;...((((...(....)..))))..(((((...(((...)))...((((......))))..)))))...
744;1;0;-5,392;0;0,00;16;13,00;0,000114;...((((((....)))...)))..(((((...((.....))...(((........)))..)))))...
745;1;0;-5,393;0;0,00;14;20,00;0,000115;...(((.............)))..(((....(((.........(((((......)))))))))))...
772;1;0;-5,359;0;0,00;14;8,00;0,000108;...((((...........))))..((.((...((.....))...((((......))))..)).))...
776;1;0;-5,352;0;0,00;17;22,00;0,000107;...((((...........))))..(((....(((.(((...)))((((......)))).))))))...
780;1;0;-5,353;0;0,00;15;13,00;0,000107;...((((...........))))..(((((...((.....))...((..((...)).))..)))))...
784;1;0;-5,354;0;0,00;13;20,00;0,000107;((.((((...........))))..))......(((...)))...((((......))))..........
796;1;0;-5,345;0;0,00;12;18,00;0,000106;...((((...........))))..........(((...)))...((((......))))..(...)...
822;1;0;-5,321;0;0,00;18;8,00;0,000101;...((((.(........))))).((((((...(((...)))...((((......))))..))))))..
837;1;0;-5,306;0;0,00;17;19,00;0,000099;...((((((....)))...)))..(((((......((.....))((((......))))..)))))...
843;1;0;-5,299;0;0,00;17;10,00;0,000098;...(((((......)...))))..(((((...(((...)))...((((......))))..)))))...
854;1;0;-5,293;0;0,00;14;12,00;0,000097;...((((...........))))..(((((.(.............((((......))))).)))))...
855;1;0;-5,293;0;0,00;12;18,00;0,000097;.(.((((...........))))..).......((.....))...((((......))))...(....).
860;1;0;-5,288;0;0,00;17;22,00;0,000096;...((((...........)))).((((....(((.((.....))((((......)))).)))))))..
862;1;0;-5,289;0;0,00;16;12,00;0,000096;...((((...........)))).((((((...(((...)))....(((......)))...))))))..
909;1;0;-5,257;0;0,00;15;10,00;0,000091;...((((...........))))..(((.(...(((...)))...((((......))))..).)))...
934;1;0;-5,235;0;0,00;17;10,00;0,000088;...(((((......)...)))).((((((...((.....))...((((......))))..))))))..
938;1;0;-5,231;0;0,00;13;10,00;0,000087;...((((...........))))....(((...((.....))...((((......))))..))).....
940;1;0;-5,234;0;0,00;16;20,00;0,000088;..((((.....)).))........(((((...(((...)))...((((......))))..)))))...
956;1;0;-5,221;0;0,00;17;21,00;0,000086;...((((((....))...))))..(((....(((.........(((((......)))))))))))...
987;1;0;-5,200;0;0,00;14;20,00;0,000083;...((((...........))))..(((....(((.........((((........))))))))))...
996;1;0;-5,193;0;0,00;15;10,00;0,000082;...((((...........)))).((((.(...((.....))...((((......))))..).))))..
1003;1;0;-5,184;0;0,00;12;16,00;0,000080;...((((...........)))).((((.................((((......))))....))))..
1020;1;0;-5,175;0;0,00;17;9,00;0,000079;...((((..(....)...))))..(((((...(((...)))...((((......))))..)))))...
1055;1;0;-5,153;0;0,00;17;15,00;0,000076;...((((((....)))...)))..(((((...(((...)))...(((........)))..)))))...
1067;1;0;-5,147;0;0,00;13;10,00;0,000076;...((((...........))))..(((((...((.....))...((..........))..)))))...
1074;1;0;-5,139;0;0,00;16;7,00;0,000075;...((((.(....)....))))..(((((...((.....))...((((......))))..)))))...
1105;1;0;-5,117;0;0,00;12;22,00;0,000072;...((((...........))))...((.....))......(..(((((......)))))..)......
1109;1;0;-5,120;0;0,00;15;10,00;0,000072;...((((...........))))..((.((...(((...)))...((((......))))..)).))...
1111;1;0;-5,120;0;0,00;15;14,00;0,000072;...((((...........)))).((((((..(...........)((((......))))..))))))..
1113;1;0;-5,121;0;0,00;15;9,00;0,000072;...((((...........))))..(((((...((.....))...(((.(.....))))..)))))...
1114;1;0;-5,114;0;0,00;16;15,00;0,000072;...((((...........))))..(((((...(((...)))...((..((...)).))..)))))...
1122;1;0;-5,110;0;0,00;16;8,00;0,000071;...((((...........))))..(((((.(.((.....))...((((......))))).)))))...
1126;1;0;-5,107;0;0,00;10;20,00;0,000071;...((((...........)))).................((...((((......))))....))....
1142;1;0;-5,100;0;0,00;15;12,00;0,000070;...((.((......))....))..(((((...((.....))...((((......))))..)))))...
1146;1;0;-5,091;0;0,00;15;22,00;0,000069;...(((.............))).((((....(((.........(((((......))))))))))))..
1170;1;0;-5,079;0;0,00;15;19,00;0,000067;...((((...........))))..(((....((..((.....))((((......))))..)))))...
1189;1;0;-5,067;0;0,00;18;21,00;0,000066;...((((((....)))...)))..(((((......(((...)))((((......))))..)))))...
1201;1;0;-5,066;0;0,00;13;10,00;0,000066;...((...............))..(((((...((.....))...((((......))))..)))))...
1208;1;0;-5,056;0;0,00;15;10,00;0,000065;...((((...........)))).(((.((...((.....))...((((......))))..)).)))..
1211;1;0;-5,057;0;0,00;15;15,00;0,000065;...((((((....)))...)))..(((.....((.....))...((((......))))....)))...
1212;1;0;-5,057;0;0,00;14;15,00;0,000065;...((((...........))))..(((((.((.............(((......))))).)))))...
1219;1;0;-5,054;0;0,00;13;20,00;0,000065;.(.((((...........))))..).......(((...)))...((((......))))...(....).
1226;1;0;-5,049;0;0,00;18;24,00;0,000064;...((((...........)))).((((....(((.(((...)))((((......)))).)))))))..
1230;1;0;-5,050;0;0,00;16;15,00;0,000064;...((((...........)))).((((((...((.....))...((..((...)).))..))))))..
1318;1;0;-5,001;0;0,00;15;6,00;0,000059;...((((..(......).))))..(((((...((.....))...(((........)))..)))))...
1325;1;0;-4,996;0;0,00;18;12,00;0,000059;...(((((......)...)))).((((((...(((...)))...((((......))))..))))))..
1327;1;0;-4,997;0;0,00;11;22,00;0,000059;...((((...........)))).................(((..((((......)))).....)))..
1341;1;0;-4,990;0;0,00;15;14,00;0,000058;...((((...........)))).((((((.(.............((((......))))).))))))..
1343;1;0;-4,992;0;0,00;14;12,00;0,000058;...((((...........))))....(((...(((...)))...((((......))))..))).....
1379;1;0;-4,971;0;0,00;11;21,00;0,000056;...((((...........))))...((.....))..........((((......))))...(....).
1383;1;0;-4,973;0;0,00;13;17,00;0,000056;...((((...........))))..(((.((....))........((((......))))....)))...
1391;1;0;-4,967;0;0,00;16;24,00;0,000056;...(((((......)))...))..(((....(((.........(((((......)))))))))))...
1407;1;0;-4,954;0;0,00;16;22,00;0,000055;...(((((......))...)))..(((....(((.........(((((......)))))))))))...
1408;1;0;-4,955;0;0,00;16;12,00;0,000055;...((((...........)))).((((.(...(((...)))...((((......))))..).))))..
1435;1;0;-4,942;0;0,00;18;13,00;0,000054;...((((((....)))...)))..(((((...((.....))...((((.(...)))))..)))))...
1436;1;0;-4,942;0;0,00;18;16,00;0,000054;...((((((....)))...)))..(((((...((.....))...(((.((...)))))..)))))...
1446;1;0;-4,937;0;0,00;16;13,00;0,000053;...((((((....)))...)))..(((((...(.......)...((((......))))..)))))...
1475;1;0;-4,926;0;0,00;15;14,00;0,000052;...((((...........))))..(((((((.....))......((((......))))..)))))...
1480;1;0;-4,919;0;0,00;18;23,00;0,000051;...((((((....))...)))).((((....(((.........(((((......))))))))))))..
1484;1;0;-4,921;0;0,00;16;8,00;0,000052;...((((...........))))..(((((...((.....)).(.((((......))))).)))))...
1491;1;0;-4,915;0;0,00;16;12,00;0,000051;...((((..(......).))))..(((((......((.....))((((......))))..)))))...
1502;1;0;-4,908;0;0,00;14;12,00;0,000050;...((((...........))))..(((((...(((...)))...((..........))..)))))...
1518;1;0;-4,900;0;0,00;17;9,00;0,000050;...((((.(....)....))))..(((((...(((...)))...((((......))))..)))))...
1530;1;0;-4,898;0;0,00;14;12,00;0,000050;...((((...........))))..(((((.......(.....).((((......))))..)))))...
1531;1;0;-4,898;0;0,00;15;22,00;0,000050;...((((...........)))).((((....(((.........((((........)))))))))))..
1541;1;0;-4,887;0;0,00;13;23,00;0,000049;...((((...........))))...((.....))....(.(..(((((......)))))..).)....
1543;1;0;-4,888;0;0,00;13;10,00;0,000049;...(((.............)))..(((((...((.....))...(((........)))..)))))...
1548;1;0;-4,889;0;0,00;14;12,00;0,000049;...((((...........))))..(((((..............(((((......))))).)))))...
1549;1;0;-4,889;0;0,00;15;10,00;0,000049;....(((...........)))..((((((...((.....))...((((......))))..))))))..
1566;1;0;-4,885;0;0,00;11;22,00;0,000049;...((((...........))))....(.....).......(..(((((......)))))..)......
1575;1;0;-4,882;0;0,00;16;11,00;0,000048;...((((...........))))..(((((...(((...)))...(((.(.....))))..)))))...
1591;1;0;-4,871;0;0,00;12;17,00;0,000047;...((((...........))))..(...)...((.....))...((((......))))...(....).
1592;1;0;-4,871;0;0,00;17;10,00;0,000047;...((((...........))))..(((((.(.(((...)))...((((......))))).)))))...
1601;1;0;-4,867;0;0,00;14;16,00;0,000047;...((((...........))))..(((((......((.....)).(((......)))...)))))...
1607;1;0;-4,861;0;0,00;16;14,00;0,000047;...((.((......))....))..(((((...(((...)))...((((......))))..)))))...
1641;1;0;-4,844;0;0,00;14;12,00;0,000045;...((((...........)))).((((((...((.....))...((..........))..))))))..
1659;1;0;-4,836;0;0,00;17;9,00;0,000045;...((((.(....)....)))).((((((...((.....))...((((......))))..))))))..
1668;1;0;-4,840;0;0,00;16;21,00;0,000045;...((((...........))))..(((....((..(((...)))((((......))))..)))))...
1674;1;0;-4,833;0;0,00;16;11,00;0,000045;...(((.((....))....)))..(((((...((.....))...((((......))))..)))))...
1687;1;0;-4,831;0;0,00;13;10,00;0,000044;...((((...........))))..(((((...............((((......))))..)))))...
1697;1;0;-4,827;0;0,00;14;12,00;0,000044;...((...............))..(((((...(((...)))...((((......))))..)))))...
1707;1;0;-4,822;0;0,00;14;26,00;0,000044;.(.((((...........))))..)...((....))...((..(((((......)))))...))....
1717;1;0;-4,817;0;0,00;16;12,00;0,000043;...((((...........)))).(((.((...(((...)))...((((......))))..)).)))..
1723;1;0;-4,818;0;0,00;16;17,00;0,000043;...((((((....)))...)))..(((.....(((...)))...((((......))))....)))...
1724;1;0;-4,818;0;0,00;16;11,00;0,000043;...((((...........)))).((((((...((.....))...(((.(.....))))..))))))..
1745;1;0;-4,811;0;0,00;17;17,00;0,000043;...((((...........)))).((((((...(((...)))...((..((...)).))..))))))..
1762;1;0;-4,807;0;0,00;17;10,00;0,000043;...((((...........)))).((((((.(.((.....))...((((......))))).))))))..
1767;1;0;-4,802;0;0,00;14;16,00;0,000042;...(((.............)))..(((((......((.....))((((......))))..)))))...
1793;1;0;-4,796;0;0,00;15;10,00;0,000042;...((((...........))))..(((((...((.....))...(((..(...).)))..)))))...
1834;1;0;-4,774;0;0,00;14;20,00;0,000040;...((((...........))))..((.....(((.........(((((......)))))))).))...
1835;1;0;-4,774;0;0,00;16;19,00;0,000040;...((((.(.....)...))))..(((....(((.........(((((......)))))))))))...
1838;1;0;-4,776;0;0,00;16;21,00;0,000040;...((((...........)))).((((....((..((.....))((((......))))..))))))..
1847;1;0;-4,770;0;0,00;16;8,00;0,000040;...((((...........))))..(((((..(((.....))..)((((......))))..)))))...
1850;1;0;-4,770;0;0,00;16;13,00;0,000040;...((((((....)))...)))...((((...((.....))...((((......))))..))))....
1874;1;0;-4,762;0;0,00;16;8,00;0,000039;...((((..(......).))))..(((((...(((...)))...(((........)))..)))))...
1881;1;0;-4,764;0;0,00;14;12,00;0,000040;...((...............)).((((((...((.....))...((((......))))..))))))..
1885;1;0;-4,765;0;0,00;16;6,00;0,000040;...((((..(.......)))))..(((((...((.....))...((((......))))..)))))...
1888;1;0;-4,758;0;0,00;16;18,00;0,000039;...((((.(.......).))))..(((....(((.........(((((......)))))))))))...
1893;1;0;-4,760;0;0,00;13;22,00;0,000039;...((((...........))))...((.....)).....((..(((((......)))))...))....
1896;1;0;-4,761;0;0,00;16;13,00;0,000039;...((((((....)))...)))..(((((...((.....))....(((......)))...)))))...
1900;1;0;-4,754;0;0,00;15;17,00;0,000039;...((((...........)))).((((((.((.............(((......))))).))))))..
1908;1;0;-4,750;0;0,00;16;20,00;0,000039;...((((...........))))..(((....(((.........(((((.(...))))))))))))...
1909;1;0;-4,750;0;0,00;16;23,00;0,000039;...((((...........))))..(((....(((.........((((.((...))))))))))))...
1919;1;0;-4,753;0;0,00;15;15,00;0,000039;...((((...........))))..((((....((.........(((((......)))))))))))...
1924;1;0;-4,748;0;0,00;15;28,00;0,000039;.(.((((...........))))..)...((....))...(((.(((((......)))))....)))..
1938;1;0;-4,743;0;0,00;14;16,00;0,000038;...((((...........))))..(((....(((..........((((......)))).))))))...
2012;1;0;-4,716;0;0,00;16;11,00;0,000037;...((((((....))...))))..(((((...((.....))...(((........)))..)))))...
2039;1;0;-4,709;0;0,00;14;8,00;0,000036;....(((...........)))...(((((...((.....))...((((......))))..)))))...
2048;1;0;-4,703;0;0,00;19;15,00;0,000036;...((((((....)))...)))..(((((...(((...)))...((((.(...)))))..)))))...
2049;1;0;-4,703;0;0,00;19;18,00;0,000036;...((((((....)))...)))..(((((...(((...)))...(((.((...)))))..)))))...
2073;1;0;-4,696;0;0,00;13;19,00;0,000035;.(.((((...........))))..).......((.....))...((((......)))).((...))..
2076;1;0;-4,697;0;0,00;14;18,00;0,000035;....((.....))..........((((((...((.....))...((((......))))..))))))..
2108;1;0;-4,685;0;0,00;14;24,00;0,000035;...((((...........))))...((.....)).....(((.(((((......)))))....)))..
2113;1;0;-4,686;0;0,00;12;24,00;0,000035;...((((...........))))...((.....)).((.....))((((......))))..........
2118;1;0;-4,682;0;0,00;17;10,00;0,000035;...((((...........))))..(((((...(((...))).(.((((......))))).)))))...
2121;1;0;-4,676;0;0,00;17;14,00;0,000034;...((((..(......).))))..(((((......(((...)))((((......))))..)))))...
2149;1;0;-4,670;0;0,00;14;19,00;0,000034;...((((...........)))).((((.((....))........((((......))))....))))..
2163;1;0;-4,665;0;0,00;14;8,00;0,000034;...((((..(......).))))..(((.....((.....))...((((......))))....)))...
2166;1;0;-4,666;0;0,00;14;26,00;0,000034;...((((...........))))......((....))...(((.(((((......))))..)..)))..
2186;1;0;-4,659;0;0,00;15;14,00;0,000033;...((((...........))))..(((((.......((...)).((((......))))..)))))...
2197;1;0;-4,655;0;0,00;12;23,00;0,000033;...((((...........))))....(.....).....(.(..(((((......)))))..).)....
2200;1;0;-4,649;0;0,00;14;12,00;0,000033;...(((.............)))..(((((...(((...)))...(((........)))..)))))...
2203;1;0;-4,650;0;0,00;16;12,00;0,000033;....(((...........)))..((((((...(((...)))...((((......))))..))))))..
2220;1;0;-4,647;0;0,00;12;24,00;0,000033;.(.((((...........))))..).............(.(..(((((......)))))..).)....
2265;1;0;-4,630;0;0,00;17;17,00;0,000032;...((((((....))...))))..(((((......((.....))((((......))))..)))))...
2275;1;0;-4,632;0;0,00;13;19,00;0,000032;...((((...........))))..(...)...(((...)))...((((......))))...(....).
2292;1;0;-4,628;0;0,00;15;18,00;0,000032;...((((...........))))..(((((......(((...))).(((......)))...)))))...
2298;1;0;-4,623;0;0,00;16;16,00;0,000031;...((((...........)))).((((((((.....))......((((......))))..))))))..
2299;1;0;-4,623;0;0,00;15;13,00;0,000031;...((((...........))))..(((((....((......)).((((......))))..)))))...
2314;1;0;-4,618;0;0,00;17;10,00;0,000031;...((((...........)))).((((((...((.....)).(.((((......))))).))))))..
2370;1;0;-4,609;0;0,00;14;16,00;0,000030;...((((...........))))..(((((......((.....))(((........)))..)))))...
2373;1;0;-4,602;0;0,00;16;16,00;0,000030;...((((.(........)))))..(((....(((.........(((((......)))))))))))...
2381;1;0;-4,605;0;0,00;15;14,00;0,000030;...((((...........)))).((((((...(((...)))...((..........))..))))))..
2401;1;0;-4,594;0;0,00;17;13,00;0,000030;...(((.((....))....)))..(((((...(((...)))...((((......))))..)))))...
2404;1;0;-4,595;0;0,00;15;14,00;0,000030;...((((...........)))).((((((.......(.....).((((......))))..))))))..
2410;1;0;-4,597;0;0,00;18;11,00;0,000030;...((((.(....)....)))).((((((...(((...)))...((((......))))..))))))..
2431;1;0;-4,588;0;0,00;12;18,00;0,000029;.(.((((...........))))..).......((.....))...((((......))))....(...).
2435;1;0;-4,590;0;0,00;15;22,00;0,000030;...((((...........))))..(((....(((.((.....)).(((......)))..))))))...
2441;1;0;-4,583;0;0,00;17;30,00;0,000029;((.((((...........))))..)).(((.(((.........(((((......))))))))...)))
2449;1;0;-4,585;0;0,00;14;12,00;0,000029;...(((.............))).((((((...((.....))...(((........)))..))))))..
2453;1;0;-4,586;0;0,00;15;14,00;0,000029;...((((...........)))).((((((..............(((((......))))).))))))..
2455;1;0;-4,578;0;0,00;14;20,00;0,000029;...((((...........))))...((....(((.........(((((......))))))))))....
2457;1;0;-4,579;0;0,00;17;13,00;0,000029;...((((...........)))).((((((...(((...)))...(((.(.....))))..))))))..
2458;1;0;-4,579;0;0,00;13;16,00;0,000029;...((((...........))))..(((.............(..(((((......)))))..))))...
2503;1;0;-4,568;0;0,00;18;12,00;0,000028;...((((...........)))).((((((.(.(((...)))...((((......))))).))))))..
2507;1;0;-4,570;0;0,00;9;22,00;0,000029;...(((.............)))...((.....))..........((((......))))..........
2509;1;0;-4,563;0;0,00;15;18,00;0,000028;...(((.............)))..(((((......(((...)))((((......))))..)))))...
2517;1;0;-4,565;0;0,00;15;18,00;0,000028;...((((...........)))).((((((......((.....)).(((......)))...))))))..
2542;1;0;-4,556;0;0,00;12;17,00;0,000028;.(.((((...........))))..).......((.....))...((((......))))..(...)...
2546;1;0;-4,558;0;0,00;16;12,00;0,000028;...((((...........))))..(((((...(((...)))...(((..(...).)))..)))))...
2552;1;0;-4,551;0;0,00;17;6,00;0,000028;...((((..(......).))))..(((((...((.....))...((((.(...)))))..)))))...
2553;1;0;-4,551;0;0,00;17;9,00;0,000028;...((((..(......).))))..(((((...((.....))...(((.((...)))))..)))))...
2560;1;0;-4,552;0;0,00;12;12,00;0,000028;...(((.............)))..(((.....((.....))...((((......))))....)))...
2592;1;0;-4,545;0;0,00;15;6,00;0,000027;...((((..(......).))))..(((((...(.......)...((((......))))..)))))...
2618;1;0;-4,537;0;0,00;17;23,00;0,000027;...((((...........)))).((((....((..(((...)))((((......))))..))))))..
2643;1;0;-4,528;0;0,00;16;7,00;0,000027;...((((..(...)....))))..(((((...((.....))...((((......))))..)))))...
2649;1;0;-4,528;0;0,00;12;22,00;0,000027;...((((...........))))....(.....)......((..(((((......)))))...))....
2656;1;0;-4,529;0;0,00;14;12,00;0,000027;...((((...........)))).((((((...............((((......))))..))))))..
2665;1;0;-4,530;0;0,00;17;13,00;0,000027;...(((.((....))....))).((((((...((.....))...((((......))))..))))))..
2669;1;0;-4,531;0;0,00;17;10,00;0,000027;...((((...........))))..(((((..((((...)))..)((((......))))..)))))...
2672;1;0;-4,531;0;0,00;17;15,00;0,000027;...((((((....)))...)))...((((...(((...)))...((((......))))..))))....
2680;1;0;-4,525;0;0,00;15;14,00;0,000026;...((...............)).((((((...(((...)))...((((......))))..))))))..
2685;1;0;-4,526;0;0,00;17;8,00;0,000027;...((((..(.......)))))..(((((...(((...)))...((((......))))..)))))...
2694;1;0;-4,520;0;0,00;12;23,00;0,000026;.(.((((...........))))..)..............((..(((((......)))))...))....
2702;1;0;-4,522;0;0,00;18;25,00;0,000026;...((((((....)))...)))..(((....(((.((.....))((((......)))).))))))...
2703;1;0;-4,522;0;0,00;17;15,00;0,000026;...((((((....)))...)))..(((((...(((...)))....(((......)))...)))))...
2711;1;0;-4,517;0;0,00;13;16,00;0,000026;....((.....))...........(((((...((.....))...((((......))))..)))))...
2766;1;0;-4,511;0;0,00;12;12,00;0,000026;...((((...........))))..((((................((((......))))...))))...
2774;1;0;-4,506;0;0,00;13;23,00;0,000026;...((((...........))))...((.....))......((.(((((......)))))....))...
2814;1;0;-4,499;0;0,00;15;18,00;0,000025;...(((.............))).((((((......((.....))((((......))))..))))))..
2828;1;0;-4,494;0;0,00;16;12,00;0,000025;...((((...........)))).((((((...((.....))...(((..(...).)))..))))))..
2870;1;0;-4,482;0;0,00;13;36,00;0,000025;...((((...........))))....(((..((..((.....))..)).)))..(.(...).).....
2883;1;0;-4,477;0;0,00;17;13,00;0,000024;...((((((....))...))))..(((((...(((...)))...(((........)))..)))))...
2906;1;0;-4,475;0;0,00;11;14,00;0,000024;........................(((((...((.....))...((((......))))..)))))...
2919;1;0;-4,470;0;0,00;10;18,00;0,000024;...(((.............)))..(...)...((.....))...((((......))))..........
2922;1;0;-4,470;0;0,00;15;10,00;0,000024;....(((...........)))...(((((...(((...)))...((((......))))..)))))...
2924;1;0;-4,471;0;0,00;15;22,00;0,000024;...((((...........)))).(((.....(((.........(((((......)))))))).)))..
2925;1;0;-4,471;0;0,00;17;21,00;0,000024;...((((.(.....)...)))).((((....(((.........(((((......))))))))))))..
2939;1;0;-4,467;0;0,00;17;10,00;0,000024;...((((...........)))).((((((..(((.....))..)((((......))))..))))))..
2947;1;0;-4,461;0;0,00;15;14,00;0,000024;...(((((......)))...))..(((((...((.....))...(((........)))..)))))...
2954;1;0;-4,463;0;0,00;14;11,00;0,000024;...((((...........))))..(((((...((.....))...((..(.....).))..)))))...
2963;1;0;-4,457;0;0,00;14;21,00;0,000024;.(.((((...........))))..).......(((...)))...((((......)))).((...))..
2970;1;0;-4,458;0;0,00;15;20,00;0,000024;....((.....))..........((((((...(((...)))...((((......))))..))))))..
2981;1;0;-4,453;0;0,00;13;24,00;0,000023;...((((...........))))....(.....)......(((.(((((......)))))....)))..
2986;1;0;-4,455;0;0,00;11;22,00;0,000024;...((((...........))))..(...)...........(..(((((......)))))..)......
2996;1;0;-4,451;0;0,00;16;17,00;0,000023;...((((...........)))).(((((....((.........(((((......))))))))))))..
3010;1;0;-4,447;0;0,00;13;26,00;0,000023;...((((...........))))...((.....)).(((...)))((((......))))..........
3012;1;0;-4,448;0;0,00;17;22,00;0,000023;...((((...........)))).((((....(((.........(((((.(...)))))))))))))..
3013;1;0;-4,448;0;0,00;17;25,00;0,000023;...((((...........)))).((((....(((.........((((.((...)))))))))))))..
3014;1;0;-4,448;0;0,00;15;12,00;0,000023;...(((((......))...)))..(((((...((.....))...(((........)))..)))))...
3031;1;0;-4,445;0;0,00;13;25,00;0,000023;.(.((((...........))))..)..............(((.(((((......)))))....)))..
3032;1;0;-4,438;0;0,00;15;10,00;0,000023;...(((.............)))..(((((...((.....))...((((.(...)))))..)))))...
3033;1;0;-4,438;0;0,00;15;13,00;0,000023;...(((.............)))..(((((...((.....))...(((.((...)))))..)))))...
3040;1;0;-4,440;0;0,00;15;18,00;0,000023;...((((...........)))).((((....(((..........((((......)))).)))))))..
3065;1;0;-4,432;0;0,00;13;10,00;0,000023;...(((.............)))..(((((...(.......)...((((......))))..)))))...
3076;1;0;-4,427;0;0,00;15;10,00;0,000022;...((((..(......).))))..(((.....(((...)))...((((......))))....)))...
3077;1;0;-4,427;0;0,00;16;13,00;0,000022;...((((((....)))...)))..(((.(...((.....))...((((......))))..).)))...
3079;1;0;-4,428;0;0,00;13;18,00;0,000022;...((((...........))))..(((..((.....))......((((......))))....)))...
3085;1;0;-4,422;0;0,00;15;13,00;0,000022;...((((...........))))..(((((..(.(.......).)((((......))))..)))))...
3114;1;0;-4,421;0;0,00;13;19,00;0,000022;((.((((...........))))..))......((.....))...((((......))))...(....).
3139;1;0;-4,418;0;0,00;13;19,00;0,000022;...((((((....)))...)))..(((.................((((......))))....)))...
3154;1;0;-4,413;0;0,00;17;13,00;0,000022;...((((((....))...)))).((((((...((.....))...(((........)))..))))))..
3159;1;0;-4,407;0;0,00;10;27,00;0,000022;...((((...........))))..........((.....))..((...))....(.(...).).....
3233;1;0;-4,391;0;0,00;18;19,00;0,000021;...((((((....))...))))..(((((......(((...)))((((......))))..)))))...
3296;1;0;-4,379;0;0,00;18;12,00;0,000021;...((((...........)))).((((((...(((...))).(.((((......))))).))))))..
3301;1;0;-4,380;0;0,00;15;13,00;0,000021;...((((((....))...))))..(((.....((.....))...((((......))))....)))...
3304;1;0;-4,381;0;0,00;13;24,00;0,000021;.(.((((...........))))..)...((....))...((...((((......))))....))....
3307;1;0;-4,381;0;0,00;16;16,00;0,000021;...((((...(....)..))))..(((....(((.........(((((......)))))))))))...
3319;1;0;-4,375;0;0,00;16;20,00;0,000021;...(((((......)))...))..(((((......((.....))((((......))))..)))))...
3326;1;0;-4,377;0;0,00;9;22,00;0,000021;...((((...........))))...((.....))..........(((........)))..........
3331;1;0;-4,379;0;0,00;15;6,00;0,000021;...((((..(......).))))...((((...((.....))...((((......))))..))))....
3344;1;0;-4,374;0;0,00;12;22,00;0,000021;...((((...........))))...((.....))..........((((......)))).((...))..
3356;1;0;-4,370;0;0,00;15;18,00;0,000020;...((((...........))))..(((((......(((...)))(((........)))..)))))...
3357;1;0;-4,370;0;0,00;15;6,00;0,000020;...((((..(......).))))..(((((...((.....))....(((......)))...)))))...
3359;1;0;-4,364;0;0,00;12;23,00;0,000020;...((((...........)))).................(((.(((((......))))..)..)))..
3390;1;0;-4,362;0;0,00;16;18,00;0,000020;...(((((......))...)))..(((((......((.....))((((......))))..)))))...
3400;1;0;-4,356;0;0,00;16;16,00;0,000020;...((((...........)))).((((((.......((...)).((((......))))..))))))..
3409;1;0;-4,359;0;0,00;12;12,00;0,000020;...((((...........))))..(((.....((.....))...(((........)))....)))...
3421;1;0;-4,354;0;0,00;16;17,00;0,000020;...((((((....)))...)))..(((((..(...........)((((......))))..)))))...
3425;1;0;-4,355;0;0,00;15;26,00;0,000020;...((((...........))))...((..(.(((.........(((((......)))))))).)))..
3435;1;0;-4,349;0;0,00;13;20,00;0,000020;.(.((((...........))))..).......(((...)))...((((......))))....(...).
3441;1;0;-4,351;0;0,00;16;24,00;0,000020;...((((...........))))..(((....(((.(((...))).(((......)))..))))))...
3462;1;0;-4,346;0;0,00;15;14,00;0,000020;...(((.............))).((((((...(((...)))...(((........)))..))))))..
3492;1;0;-4,333;0;0,00;11;22,00;0,000019;.(.((((...........))))..)..((...........))..((((......))))..........
3509;1;0;-4,336;0;0,00;16;8,00;0,000019;.(.((((...........))))..(((((...((.....))...((((......))))..))))).).
3518;1;0;-4,330;0;0,00;14;12,00;0,000019;...((((...........))))..(((((......(.......)((((......))))..)))))...
3541;1;0;-4,326;0;0,00;16;20,00;0,000019;...((((...........)))).((((((......(((...))).(((......)))...))))))..
3545;1;0;-4,327;0;0,00;18;19,00;0,000019;...((((((....))...)))).((((((......((.....))((((......))))..))))))..
3546;1;0;-4,327;0;0,00;11;27,00;0,000019;...((((...........))))....(((...((.....))..((...))....)))...........
3550;1;0;-4,320;0;0,00;16;15,00;0,000019;...((((...........)))).((((((....((......)).((((......))))..))))))..
3579;1;0;-4,317;0;0,00;13;19,00;0,000019;.(.((((...........))))..).......(((...)))...((((......))))..(...)...
3583;1;0;-4,319;0;0,00;12;20,00;0,000019;...((((...........))))...((.....)).....((...((((......))))....))....
3592;1;0;-4,320;0;0,00;13;22,00;0,000019;...((((...........))))..(((((.((........((....)).........)).)))))...
3595;1;0;-4,313;0;0,00;13;14,00;0,000019;...(((.............)))..(((.....(((...)))...((((......))))....)))...
3611;1;0;-4,309;0;0,00;15;18,00;0,000018;...((((...........))))..(((((...((.....))..((((...)).)).....)))))...
3626;1;0;-4,312;0;0,00;18;8,00;0,000018;...((((..(......).))))..(((((...(((...)))...((((.(...)))))..)))))...
3627;1;0;-4,312;0;0,00;18;11,00;0,000018;...((((..(......).))))..(((((...(((...)))...(((.((...)))))..)))))...
3636;1;0;-4,306;0;0,00;15;18,00;0,000018;...((((...........)))).((((((......((.....))(((........)))..))))))..
3682;1;0;-4,299;0;0,00;17;18,00;0,000018;...((((.(........))))).((((....(((.........(((((......))))))))))))..
3688;1;0;-4,294;0;0,00;12;16,00;0,000018;...((((...........))))..(((................(((((......)))))...)))...
3702;1;0;-4,296;0;0,00;13;10,00;0,000018;...((((...........))))..((..(...((.....))...((((......))))..)..))...
3712;1;0;-4,290;0;0,00;16;13,00;0,000018;...((((((....)))...)))..((.((...((.....))...((((......))))..)).))...
3724;1;0;-4,291;0;0,00;18;15,00;0,000018;...(((.((....))....))).((((((...(((...)))...((((......))))..))))))..
3736;1;0;-4,293;0;0,00;17;21,00;0,000018;..((((.....)).)).....((.(((((...((.....))...((((......))))..))))))).
3747;1;0;-4,287;0;0,00;16;24,00;0,000018;...((((...........)))).((((....(((.((.....)).(((......)))..)))))))..
3754;1;0;-4,289;0;0,00;17;9,00;0,000018;...((((..(...)....))))..(((((...(((...)))...((((......))))..)))))...
3763;1;0;-4,283;0;0,00;12;24,00;0,000018;...((((...........))))......(......)..(.(..(((((......)))))..).)....
3765;1;0;-4,283;0;0,00;19;27,00;0,000018;...((((((....)))...)))..(((....(((.(((...)))((((......)))).))))))...
3771;1;0;-4,284;0;0,00;17;18,00;0,000018;...((((((....)))...)))..(((((...((.....))...((..((...)).))..)))))...
3787;1;0;-4,279;0;0,00;14;18,00;0,000017;....((.....))...........(((((...(((...)))...((((......))))..)))))...
3794;1;0;-4,280;0;0,00;13;14,00;0,000018;...((((...........))))..((((...............(((((......)))))..))))...
3801;1;0;-4,280;0;0,00;15;18,00;0,000018;...((((...........))))..(((....(((..(.....).((((......)))).))))))...
3805;1;0;-4,273;0;0,00;12;23,00;0,000017;...((((...........))))....(.....).......((.(((((......)))))....))...
3808;1;0;-4,274;0;0,00;13;18,00;0,000017;...((((...........))))..(...)...((.....))...((((......)))).((...))..
3828;1;0;-4,277;0;0,00;10;18,00;0,000017;...((((...........))))..(...)...((.....))...(((........)))..........
3829;1;0;-4,277;0;0,00;14;18,00;0,000017;...((((...........)))).((((.............(..(((((......)))))..)))))..
3832;1;0;-4,277;0;0,00;16;20,00;0,000017;...(((((......)...))))..(((....(((.........(((((......)))))))))))...
3842;1;0;-4,271;0;0,00;14;26,00;0,000017;.(.((((...........))))..)...((....))...(((..((((......)))).....)))..
3855;1;0;-4,273;0;0,00;13;18,00;0,000017;...((((...........))))..(((........((.....))((((......))))....)))...
3861;1;0;-4,266;0;0,00;11;21,00;0,000017;...((((...........))))...((.....))..........((((......))))....(...).
3871;1;0;-4,268;0;0,00;15;9,00;0,000017;...((((.(.....)...))))..(((((...((.....))...(((........)))..)))))...
3872;1;0;-4,268;0;0,00;13;15,00;0,000017;...((((...........))))..(((((...........))..((((......))))....)))...
3873;1;0;-4,268;0;0,00;11;22,00;0,000017;...((((...........))))...((.....))..........((((......)))).(.....)..
3875;1;0;-4,269;0;0,00;15;10,00;0,000017;...((((...........))))..(((((...(.(...).)...((((......))))..)))))...
3903;1;0;-4,265;0;0,00;12;24,00;0,000017;.(.((((...........))))..)...............((.(((((......)))))....))...
3904;1;0;-4,266;0;0,00;13;10,00;0,000017;...(((.............)))...((((...((.....))...((((......))))..))))....
3905;1;0;-4,266;0;0,00;18;11,00;0,000017;...((((((....))...))))..(((((...((.....))...((((.(...)))))..)))))...
3906;1;0;-4,266;0;0,00;18;14,00;0,000017;...((((((....))...))))..(((((...((.....))...(((.((...)))))..)))))...
3921;1;0;-4,260;0;0,00;16;11,00;0,000017;...((((((....))...))))..(((((...(.......)...((((......))))..)))))...
3922;1;0;-4,260;0;0,00;16;20,00;0,000017;...(((.............))).((((((......(((...)))((((......))))..))))))..
3938;1;0;-4,255;0;0,00;17;14,00;0,000017;...((((...........)))).((((((...(((...)))...(((..(...).)))..))))))..
3946;1;0;-4,257;0;0,00;13;10,00;0,000017;...(((.............)))..(((((...((.....))....(((......)))...)))))...
3962;1;0;-4,253;0;0,00;15;8,00;0,000017;...((((.(.......).))))..(((((...((.....))...(((........)))..)))))...
3989;1;0;-4,249;0;0,00;13;14,00;0,000017;...(((.............))).((((.....((.....))...((((......))))....))))..
4004;1;0;-4,244;0;0,00;14;38,00;0,000016;...((((...........))))....(((..((..(((...)))..)).)))..(.(...).).....
4025;1;0;-4,239;0;0,00;13;10,00;0,000016;...((((...........))))..(((((...(.......)...(((........)))..)))))...
4048;1;0;-4,237;0;0,00;12;16,00;0,000016;........................(((((...(((...)))...((((......))))..)))))...
4066;1;0;-4,231;0;0,00;11;20,00;0,000016;...(((.............)))..(...)...(((...)))...((((......))))..........
4080;1;0;-4,234;0;0,00;11;20,00;0,000016;...((((...........))))...((.....))..........((((......))))..(...)...
4090;1;0;-4,228;0;0,00;18;12,00;0,000016;...((((...........)))).((((((..((((...)))..)((((......))))..))))))..
4095;1;0;-4,229;0;0,00;14;8,00;0,000016;...((((...........))))..(((((...((.....))...((.(......).))..)))))...
4107;1;0;-4,224;0;0,00;15;13,00;0,000016;...((((...........))))..(((((...(((...)))...((..(.....).))..)))))...
4108;1;0;-4,224;0;0,00;16;17,00;0,000016;...((((((....)))...)))..(((((.(.............((((......))))).)))))...
4117;1;0;-4,225;0;0,00;12;23,00;0,000016;...((((...........))))..(...).........(.(..(((((......)))))..).)....
4150;1;0;-4,222;0;0,00;15;19,00;0,000016;...((((...........))))..(((.((....))....(..(((((......)))))..))))...
4155;1;0;-4,223;0;0,00;16;16,00;0,000016;...(((((......)))...))..(((((...(((...)))...(((........)))..)))))...
4173;1;0;-4,218;0;0,00;11;20,00;0,000016;...((((...........))))..........((.....))....(((......)))..((...))..
4180;1;0;-4,212;0;0,00;15;30,00;0,000016;..((((.....)).))........(((....(((.........(((((......)))))))))))...
4200;1;0;-4,208;0;0,00;15;6,00;0,000016;...(((..(........).)))..(((((...((.....))...((((......))))..)))))...
4207;1;0;-4,209;0;0,00;13;14,00;0,000016;...((((...........)))).(((((................((((......))))...)))))..
4210;1;0;-4,209;0;0,00;13;22,00;0,000016;...((((...........))))...((.....)).....(((..((((......)))).....)))..
4211;1;0;-4,209;0;0,00;16;14,00;0,000016;...(((((......))...)))..(((((...(((...)))...(((........)))..)))))...
4240;1;0;-4,200;0;0,00;17;10,00;0,000015;.(.((((...........)))).((((((...((.....))...((((......))))..))))))).
4258;1;0;-4,196;0;0,00;14;22,00;0,000015;...((((...........))))..(((((.((.(......((....)).......).)).)))))...
4269;1;0;-4,199;0;0,00;16;12,00;0,000015;...(((.............)))..(((((...(((...)))...((((.(...)))))..)))))...
4270;1;0;-4,199;0;0,00;16;15,00;0,000015;...(((.............)))..(((((...(((...)))...(((.((...)))))..)))))...
4300;1;0;-4,188;0;0,00;17;15,00;0,000015;...((((((....)))...)))..(((.(...(((...)))...((((......))))..).)))...
4305;1;0;-4,189;0;0,00;11;22,00;0,000015;...((((...........)))).....((...........))..((((......))))...(....).
4307;1;0;-4,189;0;0,00;15;18,00;0,000015;...((((...........))))..(((....(((........(.((((......)))))))))))...
4322;1;0;-4,184;0;0,00;11;22,00;0,000015;...((((...........))))..................((.(((((......))))..)..))...
4363;1;0;-4,182;0;0,00;16;15,00;0,000015;...((((.(.....)...))))..(((((......((.....))((((......))))..)))))...
4364;1;0;-4,182;0;0,00;14;21,00;0,000015;((.((((...........))))..))......(((...)))...((((......))))...(....).
4385;1;0;-4,177;0;0,00;17;8,00;0,000015;...((((.((...))...))))..(((((...((.....))...((((......))))..)))))...
4396;1;0;-4,173;0;0,00;16;11,00;0,000015;...((((...........))))..(((((.((((.....))....(((......))))).)))))...
4402;1;0;-4,174;0;0,00;18;15,00;0,000015;...((((((....))...)))).((((((...(((...)))...(((........)))..))))))..
4413;1;0;-4,168;0;0,00;12;18,00;0,000014;...((((...........))))..(...)...((.....))...((((......)))).(.....)..
4420;1;0;-4,170;0;0,00;12;14,00;0,000015;...((((...........))))..(((.(...........)...((((......))))....)))...
4448;1;0;-4,166;0;0,00;12;17,00;0,000014;...((((...........))))..(...)...((.....))...((((......))))....(...).
4449;1;0;-4,166;0;0,00;16;14,00;0,000014;...((((.(.......).))))..(((((......((.....))((((......))))..)))))...
4456;1;0;-4,168;0;0,00;11;29,00;0,000014;...((((...........))))..........(((...)))..((...))....(.(...).).....
4471;1;0;-4,162;0;0,00;15;15,00;0,000014;...((((((....)))...)))....(((...((.....))...((((......))))..))).....
4505;1;0;-4,159;0;0,00;16;16,00;0,000014;...((((...........))))..(((((......((.....))((((.(...)))))..)))))...
4506;1;0;-4,159;0;0,00;16;19,00;0,000014;...((((...........))))..(((((......((.....))(((.((...)))))..)))))...
4517;1;0;-4,160;0;0,00;15;13,00;0,000014;...((((...........)))).((((((...((.....))...((..(.....).))..))))))..
4527;1;0;-4,153;0;0,00;16;19,00;0,000014;...((((..(....)...))))..(((....(((.........(((((......)))))))))))...
4540;1;0;-4,156;0;0,00;12;23,00;0,000014;...((((...........))))......(......)...((..(((((......)))))...))....
4553;1;0;-4,151;0;0,00;11;20,00;0,000014;...(((.............)))..........((.....))...((((......)))).((...))..
4606;1;0;-4,141;0;0,00;16;15,00;0,000014;...((((((....))...))))..(((.....(((...)))...((((......))))....)))...
4613;1;0;-4,142;0;0,00;11;22,00;0,000014;...((((...........))))....(.....)...........((((......)))).((...))..
4623;1;0;-4,144;0;0,00;15;29,00;0,000014;...((((...........)))).....(((.((..((.....))((((......))))..))...)))
4645;1;0;-4,140;0;0,00;16;8,00;0,000014;...((((..(......).))))...((((...(((...)))...((((......))))..))))....
4653;1;0;-4,134;0;0,00;12;16,00;0,000014;...((((...........))))..(...)...((.....))...((((......))))..(...)...
4659;1;0;-4,135;0;0,00;16;12,00;0,000014;...(((.............))).((((((...((.....))...((((.(...)))))..))))))..
4660;1;0;-4,135;0;0,00;16;15,00;0,000014;...(((.............))).((((((...((.....))...(((.((...)))))..))))))..
4662;1;0;-4,136;0;0,00;14;12,00;0,000014;...((((...........))))..(((((.(.....).......((((......))))..)))))...
4666;1;0;-4,136;0;0,00;14;17,00;0,000014;...((((...........))))..(((.....((.........(((((......))))))).)))...
4670;1;0;-4,137;0;0,00;17;22,00;0,000014;...(((((......)))...))..(((((......(((...)))((((......))))..)))))...
4678;1;0;-4,129;0;0,00;14;12,00;0,000014;...(((.............))).((((((...(.......)...((((......))))..))))))..
4686;1;0;-4,130;0;0,00;9;22,00;0,000014;...((((...........))))...((.....))...........(((......)))...........
4690;1;0;-4,131;0;0,00;17;18,00;0,000014;...((((..(......).))))..(((....(((.((.....))((((......)))).))))))...
4694;1;0;-4,131;0;0,00;16;8,00;0,000014;...((((..(......).))))..(((((...(((...)))....(((......)))...)))))...
4697;1;0;-4,132;0;0,00;16;25,00;0,000014;...((((((....)))...)))..(((....(((.........((((........))))))))))...
4702;1;0;-4,125;0;0,00;14;20,00;0,000013;...((((...........)))).((((..((.....))......((((......))))....))))..
4705;1;0;-4,126;0;0,00;14;16,00;0,000013;...(((((......)))...))..(((.....((.....))...((((......))))....)))...
4708;1;0;-4,127;0;0,00;9;31,00;0,000014;...((((...........))))....(((....................)))..(.(...).).....
62;2;0;-6,928;1;0,00;11;35,00;0,001529;......(((....))).....((((.......))))........((((......))))..........
86;2;0;-6,727;0;0,00;13;36,00;0,001088;..(..((((....)))).)..((((.......))))........((((......))))..........
155;2;0;-6,387;0;0,00;10;32,00;0,000613;......(((....)))...(((.........)))..........((((......))))..........
172;2;1;-6,343;0;0,00;12;35,00;0,000570;.....((((....))))....((((.......))))........((((......))))..........
218;2;0;-6,199;0;0,00;13;25,00;0,000446;...((((((....))))...))..........(((...)))...((((......))))..........
225;2;0;-6,185;0;0,00;13;23,00;0,000436;...((((((....)))...)))..........(((...)))...((((......))))..........
236;2;0;-6,155;0;0,00;9;32,00;0,000414;......(((....)))....((.........))...........((((......))))..........
304;2;0;-5,984;0;0,00;10;34,00;0,000311;......((......)).....((((.......))))........((((......))))..........
308;2;0;-5,976;0;0,00;13;36,00;0,000306;.(...((((....)))).)..((((.......))))........((((......))))..........
329;2;0;-5,923;0;0,00;9;27,00;0,000280;......(((....)))................((.....))...((((......))))..........
342;2;0;-5,903;0;0,00;13;37,00;0,000271;......(((....))).....((((.......))))....(..(((((......)))))..)......
355;2;0;-5,876;0;0,00;10;27,00;0,000259;...((((((....))))...))......................((((......))))..........
362;2;0;-5,862;0;0,00;10;25,00;0,000253;...((((((....)))...)))......................((((......))))..........
389;2;0;-5,802;0;0,00;11;32,00;0,000228;.....((((....))))..(((.........)))..........((((......))))..........
401;2;0;-5,785;0;0,00;13;35,00;0,000222;....(((((....))).))..((((.......))))........((((......))))..........
402;2;0;-5,785;0;0,00;13;35,00;0,000222;....(((((....)))).)..((((.......))))........((((......))))..........
405;2;0;-5,783;0;0,00;12;35,00;0,000221;..(..(((......))).)..((((.......))))........((((......))))..........
407;2;0;-5,784;0;0,00;10;35,00;0,000222;......(((....))).....(((.........)))........((((......))))..........
428;2;0;-5,761;0;0,00;11;35,00;0,000213;......(((....)))...............(((.........(((((......))))))))......
429;2;0;-5,756;0;0,00;12;36,00;0,000212;......(((....))).....((((.......))))........((((......))))...(....).
433;2;0;-5,744;0;0,00;12;36,00;0,000207;..((((.....)).)).....((((.......))))........((((......))))..........
449;2;0;-5,721;0;0,00;11;28,00;0,000199;..(..((((....)))).).............((.....))...((((......))))..........
469;2;0;-5,701;0;0,00;15;38,00;0,000193;..(..((((....)))).)..((((.......))))....(..(((((......)))))..)......
481;2;0;-5,684;0;0,00;10;29,00;0,000187;......(((....)))................(((...)))...((((......))))..........
487;2;0;-5,672;0;0,00;14;38,00;0,000184;......(((....))).....((((.......))))..(.(..(((((......)))))..).)....
497;2;0;-5,663;0;0,00;9;34,00;0,000181;......(((....)))............((....))........((((......))))..........
548;2;0;-5,582;0;0,00;12;36,00;0,000158;..(..((((....)))).)..(((.........)))........((((......))))..........
558;2;0;-5,574;0;0,00;10;34,00;0,000156;..((..........)).....((((.......))))........((((......))))..........
562;2;0;-5,570;0;0,00;10;32,00;0,000154;.....((((....))))...((.........))...........((((......))))..........
573;2;0;-5,555;0;0,00;14;37,00;0,000151;((...((((....)))).)).((((.......))))........((((......))))..........
579;2;0;-5,555;0;0,00;14;37,00;0,000150;..(..((((....)))).)..((((.......))))........((((......))))...(....).
583;2;0;-5,546;0;0,00;14;37,00;0,000148;......(((....))).....((((.......))))...((..(((((......)))))...))....
586;2;0;-5,536;0;0,00;13;37,00;0,000146;..........((((.(.....((((.......))))........((((......))))...).)))).
641;2;0;-5,482;0;0,00;12;30,00;0,000133;..(..((((....)))).).............(((...)))...((((......))))..........
664;2;0;-5,471;0;0,00;15;39,00;0,000131;......(((....))).....((((.......))))...(((.(((((......)))))....)))..
665;2;0;-5,471;0;0,00;16;39,00;0,000131;..(..((((....)))).)..((((.......))))..(.(..(((((......)))))..).)....
671;2;0;-5,462;0;0,00;11;35,00;0,000129;..(..((((....)))).).........((....))........((((......))))..........
688;2;0;-5,443;0;0,00;9;31,00;0,000125;......((......))...(((.........)))..........((((......))))..........
706;2;0;-5,420;0;0,00;11;27,00;0,000120;......(((....)))..((.......))...((.....))...((((......))))..........
707;2;0;-5,421;0;0,00;12;36,00;0,000120;..((.((.....)))).....((((.......))))........((((......))))..........
730;2;0;-5,399;0;0,00;11;34,00;0,000116;.....(((......)))....((((.......))))........((((......))))..........
765;2;0;-5,361;0;0,00;7;31,00;0,000109;......(((....)))............................((((......))))..........
766;2;0;-5,361;0;0,00;12;34,00;0,000109;......(((....)))...(((.........)))......(..(((((......)))))..)......
792;2;0;-5,344;0;0,00;16;38,00;0,000105;..(..((((....)))).)..((((.......))))...((..(((((......)))))...))....
805;2;0;-5,338;0;0,00;10;27,00;0,000104;.....((((....))))...............((.....))...((((......))))..........
825;2;0;-5,318;0;0,00;14;37,00;0,000101;.....((((....))))....((((.......))))....(..(((((......)))))..)......
834;2;0;-5,310;0;0,00;11;23,00;0,000100;...((.(((....)))....))..........((.....))...((((......))))..........
849;2;0;-5,295;0;0,00;12;36,00;0,000097;......(((....)))...(.((((.......)))).)......((((......))))..........
852;2;0;-5,291;0;0,00;14;38,00;0,000096;......(((....))).....((((.......))))....((.(((((......)))))....))...
896;2;0;-5,269;0;0,00;17;40,00;0,000093;..(..((((....)))).)..((((.......))))...(((.(((((......)))))....)))..
910;2;0;-5,250;0;0,00;11;27,00;0,000090;......(((....)))....((.....))...((.....))...((((......))))..........
953;2;0;-5,220;0;0,00;12;36,00;0,000086;......(((....))).............(.(((.........(((((......)))))))).)....
964;2;0;-5,219;0;0,00;14;38,00;0,000085;.........(((((.(.....((((.......))))........((((......))))...).)))))
969;2;0;-5,215;0;0,00;11;33,00;0,000085;......(((....)))...(((.........)))..........((((......))))...(....).
973;2;0;-5,211;0;0,00;8;31,00;0,000084;......((......))....((.........))...........((((......))))..........
992;2;0;-5,199;0;0,00;11;35,00;0,000083;.....((((....))))....(((.........)))........((((......))))..........
999;2;0;-5,189;0;0,00;11;32,00;0,000081;......(((....)))...(((..(...)..)))..........((((......))))..........
1008;2;0;-5,182;0;0,00;12;29,00;0,000080;......(((....)))..((.......))...(((...)))...((((......))))..........
1026;2;0;-5,171;0;0,00;14;26,00;0,000079;.(.((((((....))))...))..).......(((...)))...((((......))))..........
1027;2;0;-5,171;0;0,00;13;36,00;0,000079;.....((((....))))....((((.......))))........((((......))))...(....).
1039;2;0;-5,162;0;0,00;10;37,00;0,000078;......(((....))).....((((.......))))........(((........)))..........
1042;2;0;-5,163;0;0,00;14;48,00;0,000078;...(.((((((.(((......((((.......)))).........))).)).)))).)..........
1046;2;0;-5,157;0;0,00;14;24,00;0,000077;.(.((((((....)))...)))..).......(((...)))...((((......))))..........
1050;2;0;-5,159;0;0,00;9;32,00;0,000077;..(..((((....)))).).........................((((......))))..........
1051;2;0;-5,159;0;0,00;13;37,00;0,000077;......(((....))).....((((.......))))........((((......)))).((...))..
1080;2;0;-5,134;0;0,00;11;46,00;0,000074;.(.(..(((((..........((((.......))))....)))))..).)..................
1085;2;0;-5,129;0;0,00;11;34,00;0,000073;......(((....)))....((.........)).......(..(((((......)))))..)......
1089;2;0;-5,131;0;0,00;13;35,00;0,000074;......(((....)))...(((.........)))....(.(..(((((......)))))..).)....
1134;2;0;-5,104;0;0,00;13;35,00;0,000070;......(((....))).....((((.......))))...((...((((......))))....))....
1138;2;0;-5,099;0;0,00;11;29,00;0,000070;.....((((....))))...............(((...)))...((((......))))..........
1152;2;0;-5,087;0;0,00;15;38,00;0,000068;.....((((....))))....((((.......))))..(.(..(((((......)))))..).)....
1154;2;0;-5,088;0;0,00;12;27,00;0,000068;...((((((....))))...))...((.....))..........((((......))))..........
1159;2;0;-5,089;0;0,00;16;39,00;0,000069;..(..((((....)))).)..((((.......))))....((.(((((......)))))....))...
1168;2;0;-5,078;0;0,00;10;34,00;0,000067;.....((((....))))...........((....))........((((......))))..........
1174;2;0;-5,074;0;0,00;12;25,00;0,000067;...((((((....)))...)))...((.....))..........((((......))))..........
1182;2;0;-5,072;0;0,00;12;25,00;0,000067;...((.(((....)))....))..........(((...)))...((((......))))..........
1215;2;0;-5,051;0;0,00;11;30,00;0,000064;...((.(((....)))....))......((....))........((((......))))..........
1216;2;0;-5,052;0;0,00;12;36,00;0,000064;......(((....))).....((((.......))))........((((......))))....(...).
1218;2;0;-5,054;0;0,00;12;37,00;0,000065;......(((....))).....((((.......))))........((((......)))).(.....)..
1259;2;0;-5,032;0;0,00;12;35,00;0,000062;.(...(((......))).)..((((.......))))........((((......))))..........
1262;2;0;-5,033;0;0,00;9;31,00;0,000062;..((..........))...(((.........)))..........((((......))))..........
1280;2;0;-5,027;0;0,00;14;26,00;0,000062;...((((((....))))...))..........(((...)))...((((......))))...(....).
1296;2;0;-5,019;0;0,00;12;35,00;0,000061;......(((....))).....((((.......))))........((((......))))..(...)...
1299;2;0;-5,013;0;0,00;14;24,00;0,000060;...((((((....)))...)))..........(((...)))...((((......))))...(....).
1307;2;0;-5,011;0;0,00;12;29,00;0,000060;......(((....)))....((.....))...(((...)))...((((......))))..........
1309;2;0;-5,004;0;0,00;13;34,00;0,000059;......(((....)))...(((.........))).....((..(((((......)))))...))....
1334;2;0;-4,994;0;0,00;14;37,00;0,000058;......(((....))).....((((.......))))...(((..((((......)))).....)))..
1353;2;0;-4,982;0;0,00;11;35,00;0,000057;..((..(.....).)).....((((.......))))........((((......))))..........
1354;2;0;-4,983;0;0,00;10;33,00;0,000057;......(((....)))....((.........))...........((((......))))...(....).
1362;2;0;-4,979;0;0,00;8;26,00;0,000057;......((......))................((.....))...((((......))))..........
1378;2;0;-4,971;0;0,00;11;28,00;0,000056;.(...((((....)))).).............((.....))...((((......))))..........
1397;2;0;-4,958;0;0,00;15;38,00;0,000055;..(..((((....)))).)..((((.......))))........((((......)))).((...))..
1398;2;0;-4,959;0;0,00;12;36,00;0,000055;......((......)).....((((.......))))....(..(((((......)))))..)......
1402;2;0;-4,960;0;0,00;12;38,00;0,000055;..(..((((....)))).)..((((.......))))........(((........)))..........
1403;2;0;-4,961;0;0,00;15;37,00;0,000055;.....((((....))))....((((.......))))...((..(((((......)))))...))....
1414;2;0;-4,957;0;0,00;10;32,00;0,000055;......(((....)))....((..(...)..))...........((((......))))..........
1417;2;0;-4,950;0;0,00;15;38,00;0,000054;.(...((((....)))).)..((((.......))))....(..(((((......)))))..)......
1445;2;0;-4,936;0;0,00;11;33,00;0,000053;..(..((((....)))).).((.........))...........((((......))))..........
1449;2;0;-4,930;0;0,00;12;36,00;0,000052;......(((....)))...(((.........))).((.....))((((......))))..........
1488;2;0;-4,914;0;0,00;10;34,00;0,000051;......(((....)))......(((.......))).........((((......))))..........
1493;2;0;-4,916;0;0,00;10;37,00;0,000051;......(((....))).....((((.......)))).........(((......)))...........
1515;2;0;-4,899;0;0,00;12;35,00;0,000050;......(((....)))....((.........)).....(.(..(((((......)))))..).)....
1524;2;0;-4,902;0;0,00;15;36,00;0,000050;..(..((((....)))).)..((((.......))))...((...((((......))))....))....
1527;2;0;-4,896;0;0,00;12;35,00;0,000050;....((.((....))..))..((((.......))))........((((......))))..........
1529;2;0;-4,897;0;0,00;10;27,00;0,000050;......(((....)))..(.........)...((.....))...((((......))))..........
1567;2;0;-4,886;0;0,00;16;39,00;0,000049;.....((((....))))....((((.......))))...(((.(((((......)))))....)))..
1570;2;0;-4,879;0;0,00;11;33,00;0,000048;..((.((.....))))...(((.........)))..........((((......))))..........
1574;2;0;-4,881;0;0,00;12;48,00;0,000048;((.(..(((((..........((((.......))))....)))))..).)).................
1594;2;0;-4,864;0;0,00;11;36,00;0,000047;......(((....)))....((.........))..((.....))((((......))))..........
1614;2;0;-4,856;0;0,00;11;27,00;0,000046;...((((((....))))...))....(.....)...........((((......))))..........
1619;2;0;-4,858;0;0,00;10;31,00;0,000046;.....(((......)))..(((.........)))..........((((......))))..........
1622;2;0;-4,858;0;0,00;9;31,00;0,000046;......(((....)))..((.......))...............((((......))))..........
1624;2;0;-4,859;0;0,00;12;35,00;0,000047;....(.(((....)))..)..((((.......))))........((((......))))..........
1625;2;0;-4,852;0;0,00;14;38,00;0,000046;..(..((((....)))).)..((((.......))))........((((......)))).(.....)..
1636;2;0;-4,850;0;0,00;14;37,00;0,000046;..(..((((....)))).)..((((.......))))........((((......))))....(...).
1650;2;0;-4,848;0;0,00;11;28,00;0,000046;.(.((((((....))))...))..)...................((((......))))..........
1652;2;0;-4,841;0;0,00;12;34,00;0,000045;....((((......)).))..((((.......))))........((((......))))..........
1653;2;0;-4,841;0;0,00;12;34,00;0,000045;....((((......))).)..((((.......))))........((((......))))..........
1657;2;0;-4,842;0;0,00;11;25,00;0,000045;...((((((....)))...)))....(.....)...........((((......))))..........
1669;2;0;-4,840;0;0,00;9;34,00;0,000045;......((......)).....(((.........)))........((((......))))..........
1679;2;0;-4,834;0;0,00;11;26,00;0,000045;.(.((((((....)))...)))..)...................((((......))))..........
1681;2;0;-4,836;0;0,00;13;37,00;0,000045;......(((....))).....((((.......))))....(..(((((......)))))...).....
1688;2;0;-4,832;0;0,00;12;36,00;0,000044;.(...((((....)))).)..(((.........)))........((((......))))..........
1721;2;0;-4,818;0;0,00;14;36,00;0,000043;..(..((((....)))).)..((((.......))))........((((......))))..(...)...
1729;2;0;-4,814;0;0,00;13;36,00;0,000043;......(((....))).....((((.......))))....((..((((......)))).....))...
1751;2;0;-4,812;0;0,00;11;35,00;0,000043;......((......)).....((((.......))))........((((......))))...(....).
1773;2;0;-4,804;0;0,00;14;37,00;0,000042;.(...((((....)))).)..((((.......))))........((((......))))...(....).
1785;2;0;-4,801;0;0,00;8;31,00;0,000042;..((..........))....((.........))...........((((......))))..........
1804;2;0;-4,793;0;0,00;16;38,00;0,000042;..(..((((....)))).)..((((.......))))...(((..((((......)))).....)))..
1811;2;0;-4,788;0;0,00;12;33,00;0,000041;..(..((((....)))).)(((.........)))..........((((......))))..........
1813;2;0;-4,789;0;0,00;10;34,00;0,000041;....((.....))........((((.......))))........((((......))))..........
1814;2;0;-4,789;0;0,00;14;39,00;0,000041;.(.....)..((((.(.....((((.......))))........((((......))))...).)))).
1826;2;0;-4,777;0;0,00;10;27,00;0,000041;......(((....)))....(.......)...((.....))...((((......))))..........
1830;2;0;-4,780;0;0,00;11;27,00;0,000041;....(((((....))).)).............((.....))...((((......))))..........
1831;2;0;-4,780;0;0,00;11;27,00;0,000041;....(((((....)))).).............((.....))...((((......))))..........
1839;2;0;-4,776;0;0,00;8;31,00;0,000040;.....((((....))))...........................((((......))))..........
1842;2;0;-4,777;0;0,00;13;46,00;0,000040;.(.(..(((((..........((((.......))))....)))))..).)....(.(...).).....
1843;2;0;-4,777;0;0,00;10;27,00;0,000041;..(..(((......))).).............((.....))...((((......))))..........
1855;2;0;-4,772;0;0,00;12;34,00;0,000040;......(((....)))....((.........))......((..(((((......)))))...))....
1889;2;0;-4,758;0;0,00;12;37,00;0,000039;......(((....))).....(((.........)))....(..(((((......)))))..)......
1890;2;0;-4,760;0;0,00;15;37,00;0,000039;....(((((....)))).)..((((.......))))....(..(((((......)))))..)......
1891;2;0;-4,760;0;0,00;15;37,00;0,000039;....(((((....))).))..((((.......))))....(..(((((......)))))..)......
1905;2;0;-4,757;0;0,00;14;37,00;0,000039;..(..(((......))).)..((((.......))))....(..(((((......)))))..)......
1910;2;0;-4,751;0;0,00;10;28,00;0,000039;......(((....)))................((.....))...((((......))))...(....).
1918;2;0;-4,753;0;0,00;7;31,00;0,000039;............(((...........)))...............((((......))))..........
1922;2;0;-4,747;0;0,00;8;32,00;0,000038;.....................((((.......))))........((((......))))..........
1927;2;0;-4,748;0;0,00;9;27,00;0,000039;...((.(((....)))....))......................((((......))))..........
1930;2;0;-4,749;0;0,00;14;25,00;0,000039;...((((((....))))...))..(...)...(((...)))...((((......))))..........
1931;2;0;-4,749;0;0,00;13;35,00;0,000039;......(((....)))...(((.........)))......((.(((((......)))))....))...
1952;2;0;-4,740;0;0,00;9;28,00;0,000038;......((......))................(((...)))...((((......))))..........
1953;2;0;-4,740;0;0,00;12;31,00;0,000038;...((((((....))))...)).......((.....))......((((......))))..........
1961;2;0;-4,735;0;0,00;14;23,00;0,000038;...((((((....)))...)))..(...)...(((...)))...((((......))))..........
1970;2;0;-4,732;0;0,00;12;30,00;0,000038;.(...((((....)))).).............(((...)))...((((......))))..........
1973;2;0;-4,727;0;0,00;12;29,00;0,000037;...((((((....)))...))).......((.....))......((((......))))..........
1976;2;0;-4,728;0;0,00;13;37,00;0,000037;......((......)).....((((.......))))..(.(..(((((......)))))..).)....
1994;2;0;-4,719;0;0,00;8;33,00;0,000037;......((......))............((....))........((((......))))..........
1997;2;0;-4,720;0;0,00;16;39,00;0,000037;.(...((((....)))).)..((((.......))))..(.(..(((((......)))))..).)....
2005;2;0;-4,722;0;0,00;11;35,00;0,000037;..(..((.....)).).....((((.......))))........((((......))))..........
2019;2;0;-4,718;0;0,00;14;38,00;0,000037;..((((.....)).)).....((((.......))))....(..(((((......)))))..)......
2020;2;0;-4,711;0;0,00;11;35,00;0,000036;.(...((((....)))).).........((....))........((((......))))..........
2025;2;0;-4,712;0;0,00;12;37,00;0,000036;......(((....))).....((((.......))))........((((.(...)))))..........
2026;2;0;-4,712;0;0,00;12;40,00;0,000036;......(((....))).....((((.......))))........(((.((...)))))..........
2029;2;0;-4,713;0;0,00;12;35,00;0,000036;..(..((((....)))).)...(((.......))).........((((......))))..........
2033;2;0;-4,714;0;0,00;12;38,00;0,000036;..(..((((....)))).)..((((.......)))).........(((......)))...........
2044;2;0;-4,710;0;0,00;13;36,00;0,000036;.....((((....))))..(.((((.......)))).)......((((......))))..........
2047;2;0;-4,711;0;0,00;12;35,00;0,000036;......(((....))).....((((.......))))....(...((((......))))...)......
2051;2;0;-4,704;0;0,00;11;28,00;0,000036;...((((((....))))...))......................((((......))))...(....).
2057;2;0;-4,706;0;0,00;15;38,00;0,000036;.....((((....))))....((((.......))))....((.(((((......)))))....))...
2093;2;0;-4,688;0;0,00;9;31,00;0,000035;......(((....)))....((.....))...............((((......))))..........
2100;2;0;-4,690;0;0,00;11;26,00;0,000035;...((((((....)))...)))......................((((......))))...(....).
2101;2;0;-4,691;0;0,00;13;38,00;0,000035;......(((....)))...(((.........))).(((...)))((((......))))..........
2152;2;0;-4,671;0;0,00;14;38,00;0,000034;..........((((.(...(.((((.......)))).)......((((......))))...).)))).
2161;2;0;-4,665;0;0,00;12;27,00;0,000034;.....((((....))))...((.....))...((.....))...((((......))))..........
2183;2;0;-4,658;0;0,00;11;29,00;0,000033;......(((....)))..(.........)...(((...)))...((((......))))..........
2221;2;0;-4,647;0;0,00;10;33,00;0,000033;..((.((.....))))....((.........))...........((((......))))..........
2231;2;0;-4,641;0;0,00;12;35,00;0,000032;....(((((....)))).)..(((.........)))........((((......))))..........
2232;2;0;-4,641;0;0,00;12;35,00;0,000032;....(((((....))).))..(((.........)))........((((......))))..........
2242;2;0;-4,638;0;0,00;11;36,00;0,000032;......(((....)))............((....))....(..(((((......)))))..)......
2244;2;0;-4,638;0;0,00;11;35,00;0,000032;..(..(((......))).)..(((.........)))........((((......))))..........
2252;2;0;-4,634;0;0,00;15;38,00;0,000032;..(..((((....)))).)..((((.......))))....(..(((((......)))))...).....
2266;2;0;-4,630;0;0,00;12;33,00;0,000032;.....((((....))))..(((.........)))..........((((......))))...(....).
2282;2;0;-4,626;0;0,00;9;31,00;0,000031;.....(((......)))...((.........))...........((((......))))..........
2283;2;0;-4,626;0;0,00;12;38,00;0,000031;......(((....)))....((.........))..(((...)))((((......))))..........
2310;2;0;-4,618;0;0,00;12;34,00;0,000031;......(((....)))...(((.........)))..........((((......)))).((...))..
2323;2;0;-4,621;0;0,00;9;34,00;0,000031;......(((....)))...(((.........)))..........(((........)))..........
2340;2;0;-4,610;0;0,00;13;36,00;0,000031;..(..(((......))).)..((((.......))))........((((......))))...(....).
2344;2;0;-4,611;0;0,00;13;36,00;0,000031;((...(((......))).)).((((.......))))........((((......))))..........
2347;2;0;-4,612;0;0,00;11;36,00;0,000031;......(((....))).....(((.........)))........((((......))))...(....).
2353;2;0;-4,613;0;0,00;15;37,00;0,000031;..(..((((....)))).)..((((.......))))....((..((((......)))).....))...
2357;2;0;-4,613;0;0,00;14;36,00;0,000031;....(((((....)))).)..((((.......))))........((((......))))...(....).
2358;2;0;-4,613;0;0,00;14;36,00;0,000031;....(((((....))).))..((((.......))))........((((......))))...(....).
2379;2;0;-4,604;0;0,00;12;32,00;0,000030;.....((((....))))..(((..(...)..)))..........((((......))))..........
2390;2;0;-4,600;0;0,00;11;36,00;0,000030;..((((.....)).)).....(((.........)))........((((......))))..........
2397;2;0;-4,601;0;0,00;13;36,00;0,000030;......((......)).....((((.......))))...((..(((((......)))))...))....
2423;2;0;-4,593;0;0,00;16;38,00;0,000030;.(...((((....)))).)..((((.......))))...((..(((((......)))))...))....
2450;2;0;-4,585;0;0,00;12;31,00;0,000029;...((((((....))))...)).............((.....))((((......))))..........
2469;2;0;-4,574;0;0,00;14;37,00;0,000029;.....((((....))))....((((.......))))........((((......)))).((...))..
2472;2;0;-4,576;0;0,00;14;39,00;0,000029;..(....)..((((.(.....((((.......))))........((((......))))...).)))).
2475;2;0;-4,577;0;0,00;11;37,00;0,000029;.....((((....))))....((((.......))))........(((........)))..........
2480;2;0;-4,572;0;0,00;12;29,00;0,000029;...((((((....)))...))).............((.....))((((......))))..........
2481;2;0;-4,572;0;0,00;13;37,00;0,000029;..((((.....)).)).....((((.......))))........((((......))))...(....).
2485;2;0;-4,573;0;0,00;9;31,00;0,000029;......(((....))).........((.....))..........((((......))))..........
2504;2;0;-4,569;0;0,00;8;26,00;0,000029;..((..........))................((.....))...((((......))))..........
2538;2;0;-4,562;0;0,00;12;32,00;0,000028;......(((....)))...(((.........))).....((...((((......))))....))....
2545;2;0;-4,557;0;0,00;14;38,00;0,000028;..(..((((....)))).)..(((.........)))....(..(((((......)))))..)......
2576;2;0;-4,549;0;0,00;12;36,00;0,000028;..((..........)).....((((.......))))....(..(((((......)))))..)......
2579;2;0;-4,549;0;0,00;12;29,00;0,000028;..(..((((....)))).).............((.....))...((((......))))...(....).
2585;2;0;-4,544;0;0,00;12;34,00;0,000027;.....((((....))))...((.........)).......(..(((((......)))))..)......
2603;2;0;-4,541;0;0,00;12;29,00;0,000027;....(((((....))).)).............(((...)))...((((......))))..........
2604;2;0;-4,541;0;0,00;12;29,00;0,000027;....(((((....)))).).............(((...)))...((((......))))..........
2622;2;0;-4,538;0;0,00;11;29,00;0,000027;..(..(((......))).).............(((...)))...((((......))))..........
2623;2;0;-4,539;0;0,00;11;29,00;0,000027;......(((....)))....(.......)...(((...)))...((((......))))..........
2647;2;0;-4,528;0;0,00;13;38,00;0,000027;......(((....))).....(((.........)))..(.(..(((((......)))))..).)....
2658;2;0;-4,529;0;0,00;16;38,00;0,000027;....(((((....))).))..((((.......))))..(.(..(((((......)))))..).)....
2659;2;0;-4,529;0;0,00;16;38,00;0,000027;....(((((....)))).)..((((.......))))..(.(..(((((......)))))..).)....
2661;2;0;-4,529;0;0,00;16;39,00;0,000027;((...((((....)))).)).((((.......))))....(..(((((......)))))..)......
2676;2;0;-4,524;0;0,00;14;48,00;0,000026;((.(..(((((..........((((.......))))....)))))..).))...(.(...).).....
2686;2;0;-4,527;0;0,00;14;38,00;0,000027;......((......)).....((((.......))))...(((.(((((......)))))....)))..
2687;2;0;-4,527;0;0,00;15;38,00;0,000027;..(..(((......))).)..((((.......))))..(.(..(((((......)))))..).)....
2695;2;0;-4,520;0;0,00;11;34,00;0,000026;....(((((....)))).).........((....))........((((......))))..........
2696;2;0;-4,520;0;0,00;11;34,00;0,000026;....(((((....))).)).........((....))........((((......))))..........
2710;2;0;-4,517;0;0,00;12;35,00;0,000026;......(((....)))....((.........)).......((.(((((......)))))....))...
2713;2;0;-4,518;0;0,00;10;34,00;0,000026;..(..(((......))).).........((....))........((((......))))..........
2717;2;0;-4,518;0;0,00;17;40,00;0,000026;.(...((((....)))).)..((((.......))))...(((.(((((......)))))....)))..
2722;2;0;-4,519;0;0,00;14;35,00;0,000026;.....((((....))))....((((.......))))...((...((((......))))....))....
2727;2;0;-4,512;0;0,00;11;34,00;0,000026;......(((....)))...(((.........)))..........((((......)))).(.....)..
2728;2;0;-4,512;0;0,00;11;30,00;0,000026;......(((....)))................(((...)))...((((......))))...(....).
2749;2;0;-4,509;0;0,00;14;36,00;0,000026;..(..((((....)))).)..((((.......))))....(...((((......))))...)......
2758;2;0;-4,510;0;0,00;11;33,00;0,000026;......(((....)))...(((.........)))..........((((......))))....(...).
2762;2;0;-4,510;0;0,00;14;38,00;0,000026;..(..((((....)))).)..((((.......))))........((((.(...)))))..........
2763;2;0;-4,510;0;0,00;14;41,00;0,000026;..(..((((....)))).)..((((.......))))........(((.((...)))))..........
2768;2;0;-4,504;0;0,00;9;34,00;0,000026;......(((....))).....((...........))........((((......))))..........
2820;2;0;-4,500;0;0,00;11;30,00;0,000025;..((((.....)).))................(((...)))...((((......))))..........
2845;2;0;-4,491;0;0,00;10;35,00;0,000025;......(((....)))............((....))........((((......))))...(....).
2857;2;0;-4,488;0;0,00;15;39,00;0,000025;..((((.....)).)).....((((.......))))..(.(..(((((......)))))..).)....
2862;2;0;-4,481;0;0,00;13;36,00;0,000025;......(((....))).....((((.......))))..(.(...((((......))))...).)....
2873;2;0;-4,483;0;0,00;11;28,00;0,000025;...((((((....))))...))......(......)........((((......))))..........
2884;2;0;-4,478;0;0,00;11;32,00;0,000024;......(((....)))...(((.........)))..........((((......))))..(...)...
2898;2;0;-4,473;0;0,00;10;27,00;0,000024;......(((....)))........(...)...((.....))...((((......))))..........
2921;2;0;-4,470;0;0,00;11;26,00;0,000024;...((((((....)))...)))......(......)........((((......))))..........
2936;2;0;-4,467;0;0,00;13;36,00;0,000024;.....((((....))))....((((.......))))........((((......))))....(...).
2945;2;0;-4,469;0;0,00;13;37,00;0,000024;.....((((....))))....((((.......))))........((((......)))).(.....)..
2948;2;0;-4,462;0;0,00;13;29,00;0,000024;.....((((....)))).((.......))...(((...)))...((((......))))..........
3004;2;0;-4,453;0;0,00;13;34,00;0,000023;......(((....)))...(((.........))).....(((..((((......)))).....)))..
3041;2;0;-4,440;0;0,00;10;32,00;0,000023;..((..(.....).))...(((.........)))..........((((......))))..........
3050;2;0;-4,434;0;0,00;13;35,00;0,000023;.....((((....))))....((((.......))))........((((......))))..(...)...
3056;2;0;-4,436;0;0,00;13;37,00;0,000023;..(..((((....)))).).........((....))....(..(((((......)))))..)......
3060;2;0;-4,430;0;0,00;9;34,00;0,000023;..((..........)).....(((.........)))........((((......))))..........
3061;2;0;-4,430;0;0,00;15;27,00;0,000023;...((((((....))))...))..........(((...)))...((((......)))).((...))..
3068;2;0;-4,433;0;0,00;12;27,00;0,000023;...((((((....))))...))..........(((...)))...(((........)))..........
3074;2;0;-4,426;0;0,00;13;29,00;0,000022;.....((((....))))...((.....))...(((...)))...((((......))))..........
3101;2;0;-4,426;0;0,00;11;27,00;0,000022;...((((((....))))...))..(...)...............((((......))))..........
3105;2;0;-4,419;0;0,00;14;34,00;0,000022;.....((((....))))..(((.........))).....((..(((((......)))))...))....
3109;2;0;-4,419;0;0,00;12;25,00;0,000022;...((((((....)))...)))..........(((...)))...(((........)))..........
3122;2;0;-4,414;0;0,00;11;27,00;0,000022;...((((((....))))...))......(...........)...((((......))))..........
3126;2;0;-4,415;0;0,00;10;28,00;0,000022;..((.((.....))))................((.....))...((((......))))..........
3132;2;0;-4,417;0;0,00;15;25,00;0,000022;...((((((....)))...)))..........(((...)))...((((......)))).((...))..
3133;2;0;-4,417;0;0,00;6;30,00;0,000022;......((......))............................((((......))))..........
3140;2;0;-4,410;0;0,00;13;37,00;0,000022;..(..((((....)))).)..(((.........)))........((((......))))...(....).
3144;2;0;-4,411;0;0,00;13;37,00;0,000022;((...((((....)))).)).(((.........)))........((((......))))..........
3150;2;0;-4,412;0;0,00;11;25,00;0,000022;...((((((....)))...)))..(...)...............((((......))))..........
3167;2;0;-4,408;0;0,00;12;37,00;0,000022;......(((....)))............((....))..(.(..(((((......)))))..).)....
3171;2;0;-4,409;0;0,00;9;32,00;0,000022;.(...((((....)))).).........................((((......))))..........
3174;2;0;-4,409;0;0,00;15;37,00;0,000022;.....((((....))))....((((.......))))...(((..((((......)))).....)))..
3177;2;0;-4,402;0;0,00;16;37,00;0,000022;....(((((....))).))..((((.......))))...((..(((((......)))))...))....
3178;2;0;-4,402;0;0,00;16;37,00;0,000022;....(((((....)))).)..((((.......))))...((..(((((......)))))...))....
3199;2;0;-4,400;0;0,00;15;37,00;0,000021;..(..(((......))).)..((((.......))))...((..(((((......)))))...))....
3203;2;0;-4,401;0;0,00;11;25,00;0,000021;...((((((....)))...)))......(...........)...((((......))))..........
3207;2;0;-4,401;0;0,00;13;37,00;0,000021;......(((....))).....(((.........)))...((..(((((......)))))...))....
3210;2;0;-4,402;0;0,00;11;35,00;0,000022;..((..........)).....((((.......))))........((((......))))...(....).
3213;2;0;-4,395;0;0,00;14;38,00;0,000021;..((.((.....)))).....((((.......))))....(..(((((......)))))..)......
3228;2;0;-4,398;0;0,00;11;33,00;0,000021;.....((((....))))...((.........))...........((((......))))...(....).
3229;2;0;-4,398;0;0,00;12;23,00;0,000021;...((((((....))...))))...((.....))..........((((......))))..........
3238;2;0;-4,391;0;0,00;12;37,00;0,000021;..........((((.(.....(((.........)))........((((......))))...).)))).
3247;2;0;-4,394;0;0,00;9;26,00;0,000021;.....(((......)))...............((.....))...((((......))))..........
3250;2;0;-4,394;0;0,00;12;35,00;0,000021;......(((....))).....((((.......))))....(...((((......))))....).....
3259;2;0;-4,388;0;0,00;8;34,00;0,000021;......(((....)))....((.........))...........(((........)))..........
3272;2;0;-4,383;0;0,00;15;38,00;0,000021;((...((((....)))).)).((((.......))))........((((......))))...(....).
3281;2;0;-4,386;0;0,00;12;37,00;0,000021;......(((....)))...............(((.((.....))((((......)))).)))......
3282;2;0;-4,386;0;0,00;12;46,00;0,000021;.(.(..(((((..........((((.......))))....)))))..).)......(...).......
3285;2;0;-4,386;0;0,00;11;34,00;0,000021;......(((....)))....((.........))...........((((......)))).((...))..
3330;2;0;-4,378;0;0,00;14;35,00;0,000021;......(((....)))..(((((((.......))))........((((......))))....)))...
3332;2;0;-4,371;0;0,00;11;32,00;0,000020;..(..((((....)))).)......((.....))..........((((......))))..........
3334;2;0;-4,372;0;0,00;11;32,00;0,000020;.....((((....))))...((..(...)..))...........((((......))))..........
3340;2;0;-4,374;0;0,00;13;36,00;0,000020;.....(((......)))....((((.......))))....(..(((((......)))))..)......
3343;2;0;-4,374;0;0,00;9;34,00;0,000021;......(((....)))...(((.........)))...........(((......)))...........
3351;2;0;-4,368;0;0,00;15;40,00;0,000020;.(.....).(((((.(.....((((.......))))........((((......))))...).)))))
3365;2;0;-4,365;0;0,00;11;26,00;0,000020;....(((...........)))((((.......))))........((((......))))..........
3382;2;0;-4,361;0;0,00;15;38,00;0,000020;......(((....))).....((((.......))))...(((.(((((......))))..)..)))..
3384;2;0;-4,361;0;0,00;15;38,00;0,000020;..((((.....)).)).....((((.......))))...((..(((((......)))))...))....
3439;2;0;-4,351;0;0,00;11;35,00;0,000020;......((......))...(.((((.......)))).)......((((......))))..........
3444;2;0;-4,351;0;0,00;11;35,00;0,000020;..((.(.....)..)).....((((.......))))........((((......))))..........
3454;2;0;-4,345;0;0,00;13;36,00;0,000020;.....((((....))))..(((.........))).((.....))((((......))))..........
3465;2;0;-4,347;0;0,00;13;37,00;0,000020;......((......)).....((((.......))))....((.(((((......)))))....))...
3466;2;0;-4,347;0;0,00;13;33,00;0,000020;...((((((....))))...)).............(((...)))((((......))))..........
3470;2;0;-4,341;0;0,00;8;31,00;0,000019;......(((....)))..........(.....)...........((((......))))..........
3486;2;0;-4,338;0;0,00;16;39,00;0,000019;.(...((((....)))).)..((((.......))))....((.(((((......)))))....))...
3494;2;0;-4,333;0;0,00;13;31,00;0,000019;...((((((....)))...))).............(((...)))((((......))))..........
3505;2;0;-4,335;0;0,00;8;31,00;0,000019;......(((....)))..(.........)...............((((......))))..........
3506;2;0;-4,335;0;0,00;9;33,00;0,000019;......(((....)))........................(..(((((......)))))..)......
3510;2;0;-4,328;0;0,00;15;40,00;0,000019;.(.....)..((((.(...(((.........))).((.....))((((......))))...).)))).
3514;2;0;-4,329;0;0,00;11;34,00;0,000019;.....((((....)))).....(((.......))).........((((......))))..........
3517;2;0;-4,330;0;0,00;9;28,00;0,000019;..((..........))................(((...)))...((((......))))..........
3519;2;0;-4,330;0;0,00;11;32,00;0,000019;......(((....)))....((.........))......((...((((......))))....))....
3522;2;0;-4,331;0;0,00;11;37,00;0,000019;.....((((....))))....((((.......)))).........(((......)))...........
3532;2;0;-4,324;0;0,00;14;27,00;0,000019;...((((((....))))...))..........(((...)))...((((......)))).(.....)..
3543;2;0;-4,326;0;0,00;14;39,00;0,000019;......(((....))).....(((.........)))...(((.(((((......)))))....)))..
3544;2;0;-4,326;0;0,00;15;39,00;0,000019;..(..((((....)))).)..(((.........)))..(.(..(((((......)))))..).)....
3547;2;0;-4,327;0;0,00;17;39,00;0,000019;....(((((....))).))..((((.......))))...(((.(((((......)))))....)))..
3548;2;0;-4,327;0;0,00;17;39,00;0,000019;....(((((....)))).)..((((.......))))...(((.(((((......)))))....)))..
3564;2;0;-4,322;0;0,00;14;26,00;0,000019;...((((((....))))...))..........(((...)))...((((......))))....(...).
3575;2;0;-4,317;0;0,00;15;49,00;0,000019;...(.((((((.((((.....((((.......)))).......).))).)).)))).)..........
3576;2;0;-4,317;0;0,00;15;49,00;0,000019;...(.((((((.((((.....((((.......)))).......)).)).)).)))).)..........
3582;2;0;-4,318;0;0,00;13;37,00;0,000019;..((..........)).....((((.......))))..(.(..(((((......)))))..).)....
3598;2;0;-4,314;0;0,00;13;35,00;0,000019;.....((((....))))...((.........)).....(.(..(((((......)))))..).)....
3607;2;0;-4,309;0;0,00;14;24,00;0,000018;...((((((....)))...)))..........(((...)))...((((......))))....(...).
3610;2;0;-4,309;0;0,00;8;33,00;0,000018;..((..........))............((....))........((((......))))..........
3617;2;0;-4,310;0;0,00;13;31,00;0,000018;..(..((((....)))).).............(((...)))...((((......))))...(....).
3620;2;0;-4,311;0;0,00;14;25,00;0,000018;...((((((....)))...)))..........(((...)))...((((......)))).(.....)..
3624;2;0;-4,311;0;0,00;12;35,00;0,000018;......(((....)))........(...)..(((.........(((((......))))))))......
3633;2;0;-4,306;0;0,00;10;26,00;0,000018;......((......))....((.....))...((.....))...((((......))))..........
3635;2;0;-4,306;0;0,00;12;28,00;0,000018;...((((((....))))...)).....((...........))..((((......))))..........
3655;2;0;-4,302;0;0,00;11;35,00;0,000018;..(..((((....)))).)..((...........))........((((......))))..........
3678;2;0;-4,299;0;0,00;15;27,00;0,000018;((.((((((....))))...))..))......(((...)))...((((......))))..........
3681;2;0;-4,299;0;0,00;17;40,00;0,000018;((...((((....)))).)).((((.......))))..(.(..(((((......)))))..).)....
3687;2;0;-4,294;0;0,00;12;34,00;0,000018;......(((....)))...(((.........)))......(..(((((......)))))...).....
3713;2;0;-4,290;0;0,00;12;36,00;0,000018;..(..((((....)))).).........((....))........((((......))))...(....).
3717;2;0;-4,290;0;0,00;14;25,00;0,000018;...((((((....))))...))..........(((...)))...((((......))))..(...)...
3726;2;0;-4,291;0;0,00;9;45,00;0,000018;......(((....))).....((((.......)))).......((........)).............
3734;2;0;-4,293;0;0,00;12;26,00;0,000018;...((((((....)))...))).....((...........))..((((......))))..........
3738;2;0;-4,285;0;0,00;15;25,00;0,000018;((.((((((....)))...)))..))......(((...)))...((((......))))..........
3759;2;0;-4,282;0;0,00;12;24,00;0,000018;.(.((.(((....)))....))..).......((.....))...((((......))))..........
3783;2;0;-4,278;0;0,00;10;33,00;0,000017;......(((....)))....((.........))...........((((......))))....(...).
3790;2;0;-4,279;0;0,00;15;37,00;0,000017;..(..((((....)))).)..((((.......))))..(.(...((((......))))...).)....
3793;2;0;-4,279;0;0,00;12;36,00;0,000017;.....((((....))))...((.........))..((.....))((((......))))..........
3795;2;0;-4,280;0;0,00;10;34,00;0,000018;......(((....)))....((.........))...........((((......)))).(.....)..
3803;2;0;-4,281;0;0,00;12;36,00;0,000018;......(((....)))............((....))...((..(((((......)))))...))....
3825;2;0;-4,276;0;0,00;11;36,00;0,000017;..((.((.....)))).....(((.........)))........((((......))))..........
3826;2;0;-4,276;0;0,00;14;23,00;0,000017;...((((((....)))...)))..........(((...)))...((((......))))..(...)...
3836;2;0;-4,271;0;0,00;10;32,00;0,000017;......((......))...(((.........)))..........((((......))))...(....).
3849;2;0;-4,273;0;0,00;12;33,00;0,000017;......(((....)))...(((.........)))......((..((((......)))).....))...
3882;2;0;-4,269;0;0,00;14;38,00;0,000017;......(((....)))...(.((((.......)))).)..(..(((((......)))))..)......
3890;2;0;-4,263;0;0,00;10;32,00;0,000017;...((((((....))))..............))...........((((......))))..........
3936;2;0;-4,255;0;0,00;10;34,00;0,000017;.....(((......)))....(((.........)))........((((......))))..........
3937;2;0;-4,255;0;0,00;11;35,00;0,000017;..(.((.....))..).....((((.......))))........((((......))))..........
3955;2;0;-4,251;0;0,00;14;37,00;0,000017;.....((((....))))....((((.......))))....(..(((((......)))))...).....
3986;2;0;-4,249;0;0,00;13;37,00;0,000017;..((.((.....)))).....((((.......))))........((((......))))...(....).
3992;2;0;-4,250;0;0,00;10;33,00;0,000017;...((((((....)))..............)))...........((((......))))..........
4010;2;0;-4,245;0;0,00;10;31,00;0,000016;......((......))...(((..(...)..)))..........((((......))))..........
4014;2;0;-4,246;0;0,00;10;32,00;0,000017;......(((....)))....((.........))...........((((......))))..(...)...
4052;2;0;-4,237;0;0,00;11;28,00;0,000016;......((......))..((.......))...(((...)))...((((......))))..........
4063;2;0;-4,238;0;0,00;13;30,00;0,000016;...((((((....))))...))..................((.(((((......)))))....))...
4081;2;0;-4,234;0;0,00;11;29,00;0,000016;......(((....)))........(...)...(((...)))...((((......))))..........
4084;2;0;-4,227;0;0,00;12;35,00;0,000016;.....(((......)))....((((.......))))........((((......))))...(....).
4097;2;0;-4,229;0;0,00;14;36,00;0,000016;.....((((....))))....((((.......))))....((..((((......)))).....))...
4114;2;0;-4,225;0;0,00;13;28,00;0,000016;...((((((....)))...)))..................((.(((((......)))))....))...
4120;2;0;-4,226;0;0,00;9;35,00;0,000016;......(((....))).............((.....))......((((......))))..........
4138;2;0;-4,221;0;0,00;12;34,00;0,000016;......(((....)))....((.........))......(((..((((......)))).....)))..
4157;2;0;-4,215;0;0,00;8;31,00;0,000016;..(..(((......))).).........................((((......))))..........
4158;2;0;-4,215;0;0,00;12;36,00;0,000016;......((......)).....((((.......))))........((((......)))).((...))..
4159;2;0;-4,215;0;0,00;8;31,00;0,000016;......(((....)))....(.......)...............((((......))))..........
4160;2;0;-4,216;0;0,00;11;25,00;0,000016;...((((((....))))...))..........(.......)...((((......))))..........
4170;2;0;-4,218;0;0,00;9;31,00;0,000016;....(((((....)))).).........................((((......))))..........
4171;2;0;-4,218;0;0,00;9;31,00;0,000016;....(((((....))).)).........................((((......))))..........
4172;2;0;-4,218;0;0,00;9;36,00;0,000016;......((......)).....((((.......))))........(((........)))..........
4175;2;0;-4,219;0;0,00;9;33,00;0,000016;......(.....)........((((.......))))........((((......))))..........
4181;2;0;-4,213;0;0,00;11;26,00;0,000016;........(((....)))...((((.......))))........((((......))))..........
4205;2;0;-4,208;0;0,00;9;32,00;0,000016;..((..(.....).))....((.........))...........((((......))))..........
4216;2;0;-4,210;0;0,00;12;38,00;0,000016;.(...((((....)))).)..((((.......))))........(((........)))..........
4233;2;0;-4,206;0;0,00;14;38,00;0,000015;..(..((((....)))).).........((....))..(.(..(((((......)))))..).)....
4236;2;0;-4,207;0;0,00;15;38,00;0,000015;.(...((((....)))).)..((((.......))))........((((......)))).((...))..
4239;2;0;-4,199;0;0,00;15;38,00;0,000015;..(..((((....)))).)..(((.........)))...((..(((((......)))))...))....
4254;2;0;-4,203;0;0,00;11;23,00;0,000015;...((((((....)))...)))..........(.......)...((((......))))..........
4267;2;0;-4,199;0;0,00;9;46,00;0,000015;......(((....))).....((((.......)))).......((...))..................
4274;2;0;-4,191;0;0,00;13;36,00;0,000015;..((..........)).....((((.......))))...((..(((((......)))))...))....
4281;2;0;-4,192;0;0,00;14;36,00;0,000015;..(..((((....)))).)..((((.......))))....(...((((......))))....).....
4282;2;0;-4,192;0;0,00;11;27,00;0,000015;.....((((....))))...(.......)...((.....))...((((......))))..........
4304;2;0;-4,189;0;0,00;8;32,00;0,000015;......(((....)))............................((((......))))...(....).
4321;2;0;-4,184;0;0,00;14;38,00;0,000015;..(..((((....)))).)............(((.((.....))((((......)))).)))......
4329;2;0;-4,185;0;0,00;10;33,00;0,000015;......((......))....((.........)).......(..(((((......)))))..)......
4333;2;0;-4,186;0;0,00;11;33,00;0,000015;.(...((((....)))).).((.........))...........((((......))))..........
4337;2;0;-4,186;0;0,00;12;27,00;0,000015;...((((((....))))...))..........(((...)))....(((......)))...........
4341;2;0;-4,187;0;0,00;13;34,00;0,000015;.....((((....))))...((.........))......((..(((((......)))))...))....
4346;2;0;-4,187;0;0,00;9;46,00;0,000015;......(((....))).....((((.......))))............((...)).............
4351;2;0;-4,180;0;0,00;10;32,00;0,000015;..(..((.....)).)...(((.........)))..........((((......))))..........
4359;2;0;-4,181;0;0,00;14;37,00;0,000015;......(((....))).....((((.......))))....((.(((((......))))..)..))...
4379;2;0;-4,177;0;0,00;11;30,00;0,000015;..((.((.....))))................(((...)))...((((......))))..........
4387;2;0;-4,178;0;0,00;11;27,00;0,000015;.....((((....)))).(.........)...((.....))...((((......))))..........
4392;2;0;-4,172;0;0,00;17;39,00;0,000015;((...((((....)))).)).((((.......))))...((..(((((......)))))...))....
4395;2;0;-4,173;0;0,00;12;25,00;0,000015;...((((((....)))...)))..........(((...)))....(((......)))...........
4397;2;0;-4,173;0;0,00;13;37,00;0,000015;.....((((....))))....(((.........)))....(..(((((......)))))..)......
4398;2;0;-4,173;0;0,00;13;36,00;0,000015;.(...((((....))))...)((((.......))))........((((......))))..........
4418;2;0;-4,169;0;0,00;11;32,00;0,000015;......(((....)))...(((.........)))......(...((((......))))...)......
4421;2;0;-4,170;0;0,00;11;34,00;0,000015;......(((....)))...(((.........)))..........((((.(...)))))..........
4422;2;0;-4,170;0;0,00;11;37,00;0,000015;......(((....)))...(((.........)))..........(((.((...)))))..........
4430;2;0;-4,164;0;0,00;14;35,00;0,000014;.....((((....))))..(((.........)))......((.(((((......)))))....))...
4437;2;0;-4,165;0;0,00;15;39,00;0,000014;..((.((.....)))).....((((.......))))..(.(..(((((......)))))..).)....
4443;2;0;-4,166;0;0,00;11;23,00;0,000014;...((((((....))...))))....(.....)...........((((......))))..........
4446;2;0;-4,166;0;0,00;11;28,00;0,000014;.....((((....))))...............((.....))...((((......))))...(....).
4479;2;0;-4,163;0;0,00;13;34,00;0,000014;......(((....)))...(((..(...)..)))......(..(((((......)))))..)......
4485;2;0;-4,157;0;0,00;8;29,00;0,000014;......(((....)))................((.....))...(((........)))..........
4515;2;0;-4,160;0;0,00;12;34,00;0,000014;......((......)).....((((.......))))...((...((((......))))....))....
4535;2;0;-4,155;0;0,00;15;40,00;0,000014;..(....).(((((.(.....((((.......))))........((((......))))...).)))))
4536;2;0;-4,155;0;0,00;10;28,00;0,000014;.....(((......)))...............(((...)))...((((......))))..........
4539;2;0;-4,156;0;0,00;10;35,00;0,000014;..((.((.....))))............((....))........((((......))))..........
4550;2;0;-4,151;0;0,00;11;36,00;0,000014;......(((....)))...(.(((.........))).)......((((......))))..........
4556;2;0;-4,152;0;0,00;15;36,00;0,000014;.(...((((....)))).)..((((.......))))...((...((((......))))....))....
4577;2;0;-4,145;0;0,00;15;38,00;0,000014;..(..(((......))).)..((((.......))))....((.(((((......)))))....))...
4587;2;0;-4,146;0;0,00;13;38,00;0,000014;......(((....))).....(((.........)))....((.(((((......)))))....))...
4589;2;0;-4,147;0;0,00;13;39,00;0,000014;......(((....)))...............(((.(((...)))((((......)))).)))......
4598;2;0;-4,148;0;0,00;16;38,00;0,000014;....(((((....))).))..((((.......))))....((.(((((......)))))....))...
4599;2;0;-4,148;0;0,00;16;38,00;0,000014;....(((((....)))).)..((((.......))))....((.(((((......)))))....))...
4611;2;0;-4,142;0;0,00;8;34,00;0,000014;......(((....)))....((.........))............(((......)))...........
4618;2;0;-4,143;0;0,00;14;37,00;0,000014;.....(((......)))....((((.......))))..(.(..(((((......)))))..).)....
4621;2;0;-4,144;0;0,00;11;26,00;0,000014;...(((((......)))...))...((.....))..........((((......))))..........
4635;2;0;-4,138;0;0,00;12;24,00;0,000014;...((.(((....)))....))..........((.....))...((((......))))...(....).
4636;2;0;-4,139;0;0,00;10;31,00;0,000014;.....((((....)))).((.......))...............((((......))))..........
4638;2;0;-4,139;0;0,00;10;32,00;0,000014;..(..((((....)))).).......(.....)...........((((......))))..........
4647;2;0;-4,140;0;0,00;11;25,00;0,000014;...(.((((....))))....)..........((.....))...((((......))))..........
4649;2;0;-4,133;0;0,00;13;48,00;0,000014;((.(..(((((..........((((.......))))....)))))..).)).....(...).......
4652;2;0;-4,134;0;0,00;11;34,00;0,000014;..(..((((....)))).).....................(..(((((......)))))..)......
4657;2;0;-4,134;0;0,00;9;33,00;0,000014;.....(((......)))...........((....))........((((......))))..........
4667;2;0;-4,136;0;0,00;13;36,00;0,000014;..(..((((....))))...)((((.......))))........((((......))))..........
4669;2;0;-4,137;0;0,00;12;39,00;0,000014;......(((....))).....((((.......))))....(..((((........))))..)......
4683;2;0;-4,130;0;0,00;11;24,00;0,000014;...(((((......))...)))...((.....))..........((((......))))..........
4704;2;0;-4,126;0;0,00;13;35,00;0,000013;.....((((....))))....((((.......))))....(...((((......))))...)......
4710;2;0;-4,127;0;0,00;13;37,00;0,000014;.....((((....))))....((((.......))))........((((.(...)))))..........
4711;2;0;-4,127;0;0,00;13;40,00;0,000014;.....((((....))))....((((.......))))........(((.((...)))))..........
4714;2;0;-4,127;0;0,00;11;24,00;0,000014;...((.((......))....))..........(((...)))...((((......))))..........
4732;2;0;-4,125;0;0,00;16;40,00;0,000013;..(..((((....)))).)..(((.........)))...(((.(((((......)))))....)))..
40;3;0;-7,172;1;0,00;17;13,00;0,002306;...((((((....))))...))..(((((...((.....))...((((......))))..)))))...
60;3;0;-6,933;0;0,00;18;15,00;0,001541;...((((((....))))...))..(((((...(((...)))...((((......))))..)))))...
71;3;0;-6,869;0;0,00;18;15,00;0,001384;...((((((....))))...)).((((((...((.....))...((((......))))..))))))..
72;3;0;-6,856;0;0,00;18;13,00;0,001353;...((((((....)))...))).((((((...((.....))...((((......))))..))))))..
74;3;0;-6,837;0;0,00;15;19,00;0,001311;......(((....))).......((((((...((.....))...((((......))))..))))))..
99;3;0;-6,657;0;0,00;14;17,00;0,000967;......(((....)))........(((((...((.....))...((((......))))..)))))...
103;3;0;-6,635;0;0,00;17;20,00;0,000932;..(..((((....)))).)....((((((...((.....))...((((......))))..))))))..
104;3;0;-6,630;0;0,00;19;17,00;0,000925;...((((((....))))...)).((((((...(((...)))...((((......))))..))))))..
107;3;0;-6,617;0;0,00;19;15,00;0,000904;...((((((....)))...))).((((((...(((...)))...((((......))))..))))))..
112;3;0;-6,598;0;0,00;16;21,00;0,000876;......(((....))).......((((((...(((...)))...((((......))))..))))))..
141;3;0;-6,455;0;0,00;16;18,00;0,000688;..(..((((....)))).).....(((((...((.....))...((((......))))..)))))...
150;3;0;-6,418;0;0,00;15;19,00;0,000646;......(((....)))........(((((...(((...)))...((((......))))..)))))...
152;3;0;-6,396;0;0,00;18;22,00;0,000623;..(..((((....)))).)....((((((...(((...)))...((((......))))..))))))..
195;3;1;-6,252;0;0,00;16;19,00;0,000488;.....((((....))))......((((((...((.....))...((((......))))..))))))..
211;3;0;-6,217;0;0,00;17;20,00;0,000460;..(..((((....)))).).....(((((...(((...)))...((((......))))..)))))...
262;3;0;-6,072;0;0,00;15;17,00;0,000360;.....((((....)))).......(((((...((.....))...((((......))))..)))))...
271;3;0;-6,044;0;0,00;16;13,00;0,000344;...((.(((....)))....))..(((((...((.....))...((((......))))..)))))...
285;3;0;-6,013;0;0,00;17;21,00;0,000326;.....((((....))))......((((((...(((...)))...((((......))))..))))))..
336;3;0;-5,911;0;0,00;17;25,00;0,000275;...((((((....))))...))..(((....(((.........(((((......)))))))))))...
348;3;0;-5,893;0;0,00;14;18,00;0,000266;......((......)).......((((((...((.....))...((((......))))..))))))..
351;3;0;-5,885;0;0,00;17;20,00;0,000263;.(...((((....)))).)....((((((...((.....))...((((......))))..))))))..
373;3;0;-5,833;0;0,00;16;19,00;0,000241;.....((((....)))).......(((((...(((...)))...((((......))))..)))))...
388;3;0;-5,806;0;0,00;17;15,00;0,000230;...((.(((....)))....))..(((((...(((...)))...((((......))))..)))))...
435;3;0;-5,742;0;0,00;17;15,00;0,000206;...((.(((....)))....)).((((((...((.....))...((((......))))..))))))..
454;3;0;-5,713;0;0,00;13;16,00;0,000197;......((......))........(((((...((.....))...((((......))))..)))))...
465;3;0;-5,705;0;0,00;16;18,00;0,000194;.(...((((....)))).).....(((((...((.....))...((((......))))..)))))...
478;3;0;-5,694;0;0,00;17;19,00;0,000190;....(((((....))).))....((((((...((.....))...((((......))))..))))))..
479;3;0;-5,694;0;0,00;17;19,00;0,000190;....(((((....)))).)....((((((...((.....))...((((......))))..))))))..
480;3;0;-5,691;0;0,00;16;19,00;0,000189;..(..(((......))).)....((((((...((.....))...((((......))))..))))))..
502;3;0;-5,653;0;0,00;16;20,00;0,000178;..((((.....)).)).......((((((...((.....))...((((......))))..))))))..
503;3;0;-5,654;0;0,00;15;20,00;0,000178;......((......)).......((((((...(((...)))...((((......))))..))))))..
507;3;0;-5,646;0;0,00;18;22,00;0,000175;.(...((((....)))).)....((((((...(((...)))...((((......))))..))))))..
530;3;0;-5,609;0;0,00;18;27,00;0,000165;...((((((....))))...)).((((....(((.........(((((......))))))))))))..
559;3;0;-5,577;0;0,00;15;31,00;0,000156;......(((....))).......((((....(((.........(((((......))))))))))))..
608;3;0;-5,514;0;0,00;16;17,00;0,000140;....(((((....))).)).....(((((...((.....))...((((......))))..)))))...
609;3;0;-5,514;0;0,00;16;17,00;0,000140;....(((((....)))).).....(((((...((.....))...((((......))))..)))))...
616;3;0;-5,511;0;0,00;15;17,00;0,000140;..(..(((......))).).....(((((...((.....))...((((......))))..)))))...
623;3;0;-5,503;0;0,00;18;17,00;0,000138;...((.(((....)))....)).((((((...(((...)))...((((......))))..))))))..
642;3;0;-5,483;0;0,00;14;18,00;0,000133;..((..........)).......((((((...((.....))...((((......))))..))))))..
644;3;0;-5,477;0;0,00;16;20,00;0,000132;......(((....))).....(.((((((...((.....))...((((......))))..))))))).
645;3;0;-5,477;0;0,00;16;20,00;0,000132;......(((....))).....((.(((((...((.....))...((((......))))..))))))).
653;3;0;-5,474;0;0,00;14;18,00;0,000131;......((......))........(((((...(((...)))...((((......))))..)))))...
668;3;0;-5,466;0;0,00;17;20,00;0,000130;.(...((((....)))).).....(((((...(((...)))...((((......))))..)))))...
680;3;0;-5,455;0;0,00;18;21,00;0,000127;....(((((....)))).)....((((((...(((...)))...((((......))))..))))))..
681;3;0;-5,455;0;0,00;18;21,00;0,000127;....(((((....))).))....((((((...(((...)))...((((......))))..))))))..
686;3;0;-5,452;0;0,00;17;21,00;0,000127;..(..(((......))).)....((((((...(((...)))...((((......))))..))))))..
715;3;0;-5,414;0;0,00;17;22,00;0,000119;..((((.....)).)).......((((((...(((...)))...((((......))))..))))))..
728;3;0;-5,406;0;0,00;16;15,00;0,000117;...((((((....))))...))..(((((...((.....))...(((........)))..)))))...
740;3;0;-5,397;0;0,00;14;29,00;0,000115;......(((....)))........(((....(((.........(((((......)))))))))))...
759;3;0;-5,375;0;0,00;17;32,00;0,000111;..(..((((....)))).)....((((....(((.........(((((......))))))))))))..
815;3;0;-5,329;0;0,00;16;20,00;0,000103;..((.((.....)))).......((((((...((.....))...((((......))))..))))))..
828;3;0;-5,320;0;0,00;17;21,00;0,000101;...((((((....))))...))..(((((......((.....))((((......))))..)))))...
831;3;0;-5,315;0;0,00;9;27,00;0,000100;............(((...........)))...((.....))...((((......))))..........
838;3;0;-5,308;0;0,00;15;18,00;0,000099;.....(((......)))......((((((...((.....))...((((......))))..))))))..
841;3;0;-5,303;0;0,00;13;16,00;0,000098;..((..........))........(((((...((.....))...((((......))))..)))))...
873;3;0;-5,275;0;0,00;17;19,00;0,000094;....(((((....)))).).....(((((...(((...)))...((((......))))..)))))...
874;3;0;-5,275;0;0,00;17;19,00;0,000094;....(((((....))).)).....(((((...(((...)))...((((......))))..)))))...
875;3;0;-5,276;0;0,00;18;21,00;0,000094;..(..((((....)))).)..((.(((((...((.....))...((((......))))..))))))).
876;3;0;-5,276;0;0,00;18;21,00;0,000094;..(..((((....)))).)..(.((((((...((.....))...((((......))))..))))))).
890;3;0;-5,272;0;0,00;16;19,00;0,000093;..(..(((......))).).....(((((...(((...)))...((((......))))..)))))...
926;3;0;-5,244;0;0,00;15;20,00;0,000089;..((..........)).......((((((...(((...)))...((((......))))..))))))..
928;3;0;-5,238;0;0,00;17;22,00;0,000088;......(((....))).....(.((((((...(((...)))...((((......))))..))))))).
929;3;0;-5,238;0;0,00;17;22,00;0,000088;......(((....))).....((.(((((...(((...)))...((((......))))..))))))).
998;3;0;-5,195;0;0,00;16;30,00;0,000082;..(..((((....)))).).....(((....(((.........(((((......)))))))))))...
1034;3;0;-5,167;0;0,00;17;17,00;0,000078;...((((((....))))...))..(((((...(((...)))...(((........)))..)))))...
1056;3;0;-5,153;0;0,00;11;35,00;0,000076;............(((...........)))..(((.........(((((......))))))))......
1059;3;0;-5,149;0;0,00;15;18,00;0,000076;..((.((.....))))........(((((...((.....))...((((......))))..)))))...
1093;3;0;-5,128;0;0,00;14;16,00;0,000073;.....(((......))).......(((((...((.....))...((((......))))..)))))...
1131;3;0;-5,103;0;0,00;17;17,00;0,000070;...((((((....))))...)).((((((...((.....))...(((........)))..))))))..
1145;3;0;-5,090;0;0,00;17;22,00;0,000069;..((.((.....)))).......((((((...(((...)))...((((......))))..))))))..
1161;3;0;-5,090;0;0,00;17;15,00;0,000069;...((((((....)))...))).((((((...((.....))...(((........)))..))))))..
1172;3;0;-5,081;0;0,00;18;23,00;0,000068;...((((((....))))...))..(((((......(((...)))((((......))))..)))))...
1177;3;0;-5,076;0;0,00;10;29,00;0,000067;............(((...........)))...(((...)))...((((......))))..........
1179;3;0;-5,071;0;0,00;14;21,00;0,000066;......(((....))).......((((((...((.....))...(((........)))..))))))..
1190;3;0;-5,069;0;0,00;16;20,00;0,000066;.....(((......)))......((((((...(((...)))...((((......))))..))))))..
1193;3;0;-5,070;0;0,00;15;17,00;0,000066;...((((((....))))...))..(((.....((.....))...((((......))))....)))...
1197;3;0;-5,064;0;0,00;14;18,00;0,000066;..((..........))........(((((...(((...)))...((((......))))..)))))...
1252;3;0;-5,037;0;0,00;19;23,00;0,000063;..(..((((....)))).)..(.((((((...(((...)))...((((......))))..))))))).
1253;3;0;-5,037;0;0,00;19;23,00;0,000063;..(..((((....)))).)..((.(((((...(((...)))...((((......))))..))))))).
1289;3;0;-5,017;0;0,00;18;23,00;0,000061;...((((((....))))...)).((((((......((.....))((((......))))..))))))..
1298;3;0;-5,013;0;0,00;18;21,00;0,000060;((...((((....)))).))...((((((...((.....))...((((......))))..))))))..
1342;3;0;-4,992;0;0,00;16;31,00;0,000058;.....((((....))))......((((....(((.........(((((......))))))))))))..
1345;3;0;-4,985;0;0,00;15;27,00;0,000058;......(((....))).......((((((......((.....))((((......))))..))))))..
1412;3;0;-4,956;0;0,00;18;15,00;0,000055;...((((((....))))...))..(((((...((.....))...((((.(...)))))..)))))...
1413;3;0;-4,956;0;0,00;18;18,00;0,000055;...((((((....))))...))..(((((...((.....))...(((.((...)))))..)))))...
1416;3;0;-4,950;0;0,00;16;15,00;0,000054;...((((((....))))...))..(((((...(.......)...((((......))))..)))))...
1443;3;0;-4,940;0;0,00;16;19,00;0,000053;.(...(((......))).)....((((((...((.....))...((((......))))..))))))..
1465;3;0;-4,929;0;0,00;14;36,00;0,000052;......(((....)))...(((.........))).....(((.(((((......)))))....)))..
1495;3;0;-4,911;0;0,00;16;20,00;0,000051;..((.((.....))))........(((((...(((...)))...((((......))))..)))))...
1533;3;0;-4,891;0;0,00;13;19,00;0,000049;......(((....)))........(((((...((.....))...(((........)))..)))))...
1537;3;0;-4,892;0;0,00;17;20,00;0,000049;.....((((....))))....(.((((((...((.....))...((((......))))..))))))).
1538;3;0;-4,892;0;0,00;17;20,00;0,000049;.....((((....))))....((.(((((...((.....))...((((......))))..))))))).
1550;3;0;-4,889;0;0,00;15;18,00;0,000049;.....(((......))).......(((((...(((...)))...((((......))))..)))))...
1559;3;0;-4,891;0;0,00;15;19,00;0,000049;..((..(.....).)).......((((((...((.....))...((((......))))..))))))..
1586;3;0;-4,874;0;0,00;16;15,00;0,000048;...(.((((....))))....)..(((((...((.....))...((((......))))..)))))...
1590;3;0;-4,869;0;0,00;16;22,00;0,000047;..(..((((....)))).)....((((((...((.....))...(((........)))..))))))..
1593;3;0;-4,864;0;0,00;18;19,00;0,000047;...((((((....))))...)).((((((...(((...)))...(((........)))..))))))..
1638;3;0;-4,851;0;0,00;18;17,00;0,000046;...((((((....)))...))).((((((...(((...)))...(((........)))..))))))..
1672;3;0;-4,833;0;0,00;17;19,00;0,000045;((...((((....)))).))....(((((...((.....))...((((......))))..)))))...
1686;3;0;-4,831;0;0,00;16;19,00;0,000044;...((((((....))))...))..(((.....(((...)))...((((......))))....)))...
1691;3;0;-4,832;0;0,00;15;23,00;0,000044;......(((....))).......((((((...(((...)))...(((........)))..))))))..
1746;3;0;-4,812;0;0,00;15;29,00;0,000043;.....((((....)))).......(((....(((.........(((((......)))))))))))...
1753;3;0;-4,805;0;0,00;14;25,00;0,000042;......(((....)))........(((((......((.....))((((......))))..)))))...
1774;3;0;-4,805;0;0,00;16;19,00;0,000042;....((.((....))..))....((((((...((.....))...((((......))))..))))))..
1801;3;0;-4,792;0;0,00;15;18,00;0,000042;......(((....))).....(..(((((...((.....))...((((......))))..))))).).
1820;3;0;-4,783;0;0,00;17;28,00;0,000041;..(..((((....)))).)....((((((......((.....))((((......))))..))))))..
1823;3;0;-4,784;0;0,00;16;15,00;0,000041;...((((((....))))...))...((((...((.....))...((((......))))..))))....
1825;3;0;-4,784;0;0,00;16;25,00;0,000041;...((.(((....)))....))..(((....(((.........(((((......)))))))))))...
1828;3;0;-4,778;0;0,00;19;25,00;0,000041;...((((((....))))...)).((((((......(((...)))((((......))))..))))))..
1836;3;0;-4,774;0;0,00;19;23,00;0,000040;((...((((....)))).))...((((((...(((...)))...((((......))))..))))))..
1837;3;0;-4,775;0;0,00;16;15,00;0,000040;...((((((....))))...))..(((((...((.....))....(((......)))...)))))...
1867;3;0;-4,768;0;0,00;16;19,00;0,000040;...((((((....))))...)).((((.....((.....))...((((......))))....))))..
1868;3;0;-4,768;0;0,00;16;19,00;0,000040;....(.(((....)))..)....((((((...((.....))...((((......))))..))))))..
1894;3;0;-4,760;0;0,00;15;17,00;0,000039;.(...(((......))).).....(((((...((.....))...((((......))))..)))))...
1899;3;0;-4,754;0;0,00;16;17,00;0,000039;...((((((....)))...))).((((.....((.....))...((((......))))....))))..
1933;3;0;-4,750;0;0,00;16;18,00;0,000039;....((((......)).))....((((((...((.....))...((((......))))..))))))..
1934;3;0;-4,750;0;0,00;16;18,00;0,000039;....((((......))).)....((((((...((.....))...((((......))))..))))))..
1945;3;0;-4,746;0;0,00;16;29,00;0,000038;......(((....))).......((((((......(((...)))((((......))))..))))))..
1960;3;0;-4,735;0;0,00;13;23,00;0,000038;......(((....))).......((((.....((.....))...((((......))))....))))..
2016;3;0;-4,717;0;0,00;19;17,00;0,000037;...((((((....))))...))..(((((...(((...)))...((((.(...)))))..)))))...
2017;3;0;-4,717;0;0,00;19;20,00;0,000037;...((((((....))))...))..(((((...(((...)))...(((.((...)))))..)))))...
2046;3;0;-4,711;0;0,00;14;17,00;0,000036;..((..(.....).))........(((((...((.....))...((((......))))..)))))...
2055;3;0;-4,705;0;0,00;13;38,00;0,000036;......(((....)))............((.(((.........(((((......))))))))...)).
2066;3;0;-4,701;0;0,00;12;27,00;0,000036;.....((((....)))).((.......))...((.....))...((((......))))..........
2068;3;0;-4,702;0;0,00;17;21,00;0,000036;.(...(((......))).)....((((((...(((...)))...((((......))))..))))))..
2074;3;0;-4,697;0;0,00;17;20,00;0,000035;.(...((((....))))...)..((((((...((.....))...((((......))))..))))))..
2075;3;0;-4,697;0;0,00;13;36,00;0,000035;......(((....)))....((.........))......(((.(((((......)))))....)))..
2096;3;0;-4,689;0;0,00;15;20,00;0,000035;..(..((((....)))).).....(((((...((.....))...(((........)))..)))))...
2145;3;0;-4,669;0;0,00;14;25,00;0,000034;...((((((....))))...))..........((.....))...((((......)))).((...))..
2187;3;0;-4,660;0;0,00;17;20,00;0,000033;..(..((((....))))...)..((((((...((.....))...((((......))))..))))))..
2189;3;0;-4,653;0;0,00;19;17,00;0,000033;...((((((....))))...)).((((((...((.....))...((((.(...)))))..))))))..
2190;3;0;-4,653;0;0,00;19;20,00;0,000033;...((((((....))))...)).((((((...((.....))...(((.((...)))))..))))))..
2191;3;0;-4,653;0;0,00;18;22,00;0,000033;.....((((....))))....(.((((((...(((...)))...((((......))))..))))))).
2192;3;0;-4,653;0;0,00;18;22,00;0,000033;.....((((....))))....((.(((((...(((...)))...((((......))))..))))))).
2198;3;0;-4,655;0;0,00;12;16,00;0,000033;.......................((((((...((.....))...((((......))))..))))))..
2211;3;0;-4,652;0;0,00;16;21,00;0,000033;..((..(.....).)).......((((((...(((...)))...((((......))))..))))))..
2213;3;0;-4,652;0;0,00;14;21,00;0,000033;......(((....)))........(((((...(((...)))...(((........)))..)))))...
2225;3;0;-4,647;0;0,00;17;17,00;0,000033;...((((((....))))...)).((((((...(.......)...((((......))))..))))))..
2249;3;0;-4,639;0;0,00;19;15,00;0,000032;...((((((....)))...))).((((((...((.....))...((((.(...)))))..))))))..
2250;3;0;-4,639;0;0,00;19;18,00;0,000032;...((((((....)))...))).((((((...((.....))...(((.((...)))))..))))))..
2253;3;0;-4,634;0;0,00;17;15,00;0,000032;...((((((....)))...))).((((((...(.......)...((((......))))..))))))..
2259;3;0;-4,636;0;0,00;17;17,00;0,000032;...(.((((....))))....)..(((((...(((...)))...((((......))))..)))))...
2268;3;0;-4,630;0;0,00;17;24,00;0,000032;..(..((((....)))).)....((((((...(((...)))...(((........)))..))))))..
2270;3;0;-4,631;0;0,00;15;19,00;0,000032;..(..((.....)).).......((((((...((.....))...((((......))))..))))))..
2279;3;0;-4,632;0;0,00;14;30,00;0,000032;......((......)).......((((....(((.........(((((......))))))))))))..
2304;3;0;-4,624;0;0,00;17;32,00;0,000031;.(...((((....)))).)....((((....(((.........(((((......))))))))))))..
2305;3;0;-4,625;0;0,00;15;17,00;0,000031;....((.((....))..)).....(((((...((.....))...((((......))))..)))))...
2325;3;0;-4,621;0;0,00;16;21,00;0,000031;......(((....))).......((((((...((.....))...((((.(...)))))..))))))..
2326;3;0;-4,621;0;0,00;16;24,00;0,000031;......(((....))).......((((((...((.....))...(((.((...)))))..))))))..
2333;3;0;-4,615;0;0,00;14;21,00;0,000031;......(((....))).......((((((...(.......)...((((......))))..))))))..
2376;3;0;-4,603;0;0,00;16;26,00;0,000030;..(..((((....)))).).....(((((......((.....))((((......))))..)))))...
2399;3;0;-4,594;0;0,00;18;21,00;0,000030;((...((((....)))).))....(((((...(((...)))...((((......))))..)))))...
2430;3;0;-4,588;0;0,00;15;17,00;0,000029;....(.(((....)))..).....(((((...((.....))...((((......))))..)))))...
2434;3;0;-4,590;0;0,00;17;19,00;0,000030;..(..((((....)))).)..(..(((((...((.....))...((((......))))..))))).).
2478;3;0;-4,572;0;0,00;17;17,00;0,000029;...(.((((....))))....).((((((...((.....))...((((......))))..))))))..
2501;3;0;-4,568;0;0,00;10;29,00;0,000028;.(.....)....(((...........)))...((.....))...((((......))))..........
2505;3;0;-4,570;0;0,00;15;16,00;0,000029;....((((......))).).....(((((...((.....))...((((......))))..)))))...
2506;3;0;-4,570;0;0,00;15;16,00;0,000029;....((((......)).)).....(((((...((.....))...((((......))))..)))))...
2522;3;0;-4,566;0;0,00;17;21,00;0,000028;....((.((....))..))....((((((...(((...)))...((((......))))..))))))..
2523;3;0;-4,566;0;0,00;15;27,00;0,000028;......(((....)))........(((((......(((...)))((((......))))..)))))...
2540;3;0;-4,555;0;0,00;12;21,00;0,000028;......(((....)))........(((.....((.....))...((((......))))....)))...
2564;3;0;-4,553;0;0,00;16;20,00;0,000028;......(((....))).....(..(((((...(((...)))...((((......))))..))))).).
2587;3;0;-4,544;0;0,00;18;30,00;0,000027;..(..((((....)))).)....((((((......(((...)))((((......))))..))))))..
2590;3;0;-4,545;0;0,00;17;17,00;0,000027;...((((((....))))...))...((((...(((...)))...((((......))))..))))....
2614;3;0;-4,535;0;0,00;18;27,00;0,000027;...((((((....))))...))..(((....(((.((.....))((((......)))).))))))...
2616;3;0;-4,536;0;0,00;17;17,00;0,000027;...((((((....))))...))..(((((...(((...)))....(((......)))...)))))...
2630;3;0;-4,533;0;0,00;15;19,00;0,000027;......((......)).....(.((((((...((.....))...((((......))))..))))))).
2631;3;0;-4,533;0;0,00;15;19,00;0,000027;......((......)).....((.(((((...((.....))...((((......))))..))))))).
2633;3;0;-4,534;0;0,00;15;24,00;0,000027;..(..((((....)))).)....((((.....((.....))...((((......))))....))))..
2652;3;0;-4,529;0;0,00;17;21,00;0,000027;...((((((....))))...)).((((.....(((...)))...((((......))))....))))..
2655;3;0;-4,529;0;0,00;17;21,00;0,000027;....(.(((....)))..)....((((((...(((...)))...((((......))))..))))))..
2681;3;0;-4,525;0;0,00;18;21,00;0,000026;.(...((((....)))).)..((.(((((...((.....))...((((......))))..))))))).
2682;3;0;-4,525;0;0,00;18;21,00;0,000026;.(...((((....)))).)..(.((((((...((.....))...((((......))))..))))))).
2701;3;0;-4,522;0;0,00;16;19,00;0,000026;.(...(((......))).).....(((((...(((...)))...((((......))))..)))))...
2709;3;0;-4,517;0;0,00;16;18,00;0,000026;.(...((((....))))...)...(((((...((.....))...((((......))))..)))))...
2741;3;0;-4,515;0;0,00;17;19,00;0,000026;...((((((....)))...))).((((.....(((...)))...((((......))))....))))..
2764;3;0;-4,511;0;0,00;17;20,00;0,000026;....((((......)).))....((((((...(((...)))...((((......))))..))))))..
2765;3;0;-4,511;0;0,00;17;20,00;0,000026;....((((......))).)....((((((...(((...)))...((((......))))..))))))..
2804;3;0;-4,496;0;0,00;14;25,00;0,000025;......(((....))).......((((.....(((...)))...((((......))))....))))..
2851;3;0;-4,486;0;0,00;15;21,00;0,000025;.....((((....))))......((((((...((.....))...(((........)))..))))))..
2867;3;0;-4,481;0;0,00;17;27,00;0,000025;...((.(((....)))....)).((((....(((.........(((((......))))))))))))..
2894;3;0;-4,480;0;0,00;16;18,00;0,000025;..(..((((....))))...)...(((((...((.....))...((((......))))..)))))...
2913;3;0;-4,476;0;0,00;10;26,00;0,000024;......((......))..((.......))...((.....))...((((......))))..........
2927;3;0;-4,472;0;0,00;15;19,00;0,000024;..((..(.....).))........(((((...(((...)))...((((......))))..)))))...
2928;3;0;-4,472;0;0,00;17;17,00;0,000024;...((((((....))))...)).((((((...((.....))....(((......)))...))))))..
2950;3;0;-4,462;0;0,00;14;39,00;0,000024;......(((....)))...........(((.(((.........(((((......))))))))...)))
2968;3;0;-4,458;0;0,00;18;22,00;0,000024;.(...((((....))))...)..((((((...(((...)))...((((......))))..))))))..
2971;3;0;-4,459;0;0,00;17;15,00;0,000024;...((((((....)))...))).((((((...((.....))....(((......)))...))))))..
2992;3;0;-4,450;0;0,00;16;22,00;0,000023;..(..((((....)))).).....(((((...(((...)))...(((........)))..)))))...
2994;3;0;-4,451;0;0,00;14;17,00;0,000023;..(..((.....)).)........(((((...((.....))...((((......))))..)))))...
3002;3;0;-4,452;0;0,00;13;28,00;0,000023;......((......))........(((....(((.........(((((......)))))))))))...
3029;3;0;-4,444;0;0,00;16;30,00;0,000023;.(...((((....)))).).....(((....(((.........(((((......)))))))))))...
3039;3;0;-4,440;0;0,00;14;21,00;0,000023;......(((....))).......((((((...((.....))....(((......)))...))))))..
3042;3;0;-4,441;0;0,00;16;15,00;0,000023;...((((((....))))...))..(((.(...((.....))...((((......))))..).)))...
3044;3;0;-4,441;0;0,00;15;19,00;0,000023;......(((....)))........(((((...((.....))...((((.(...)))))..)))))...
3045;3;0;-4,441;0;0,00;15;22,00;0,000023;......(((....)))........(((((...((.....))...(((.((...)))))..)))))...
3054;3;0;-4,435;0;0,00;13;19,00;0,000023;......(((....)))........(((((...(.......)...((((......))))..)))))...
3062;3;0;-4,431;0;0,00;16;31,00;0,000023;..(..(((......))).)....((((....(((.........(((((......))))))))))))..
3064;3;0;-4,431;0;0,00;13;21,00;0,000023;...((((((....))))...))..(((.................((((......))))....)))...
3071;3;0;-4,433;0;0,00;17;31,00;0,000023;....(((((....))).))....((((....(((.........(((((......))))))))))))..
3072;3;0;-4,433;0;0,00;17;31,00;0,000023;....(((((....)))).)....((((....(((.........(((((......))))))))))))..
3102;3;0;-4,418;0;0,00;14;31,00;0,000022;...((((((....))))...)).................(((.(((((......)))))....)))..
3106;3;0;-4,419;0;0,00;18;22,00;0,000022;..(..((((....)))).)....((((((...((.....))...((((.(...)))))..))))))..
3107;3;0;-4,419;0;0,00;18;25,00;0,000022;..(..((((....)))).)....((((((...((.....))...(((.((...)))))..))))))..
3115;3;0;-4,421;0;0,00;18;22,00;0,000022;..(..((((....))))...)..((((((...(((...)))...((((......))))..))))))..
3120;3;0;-4,414;0;0,00;20;19,00;0,000022;...((((((....))))...)).((((((...(((...)))...((((.(...)))))..))))))..
3121;3;0;-4,414;0;0,00;20;22,00;0,000022;...((((((....))))...)).((((((...(((...)))...(((.((...)))))..))))))..
3130;3;0;-4,416;0;0,00;13;18,00;0,000022;.......................((((((...(((...)))...((((......))))..))))))..
3156;3;0;-4,413;0;0,00;16;22,00;0,000022;..(..((((....)))).)....((((((...(.......)...((((......))))..))))))..
3160;3;0;-4,407;0;0,00;12;37,00;0,000022;.(.....)....(((...........)))..(((.........(((((......))))))))......
3198;3;0;-4,400;0;0,00;16;27,00;0,000021;.....((((....))))......((((((......((.....))((((......))))..))))))..
3201;3;0;-4,401;0;0,00;20;17,00;0,000021;...((((((....)))...))).((((((...(((...)))...((((.(...)))))..))))))..
3202;3;0;-4,401;0;0,00;20;20,00;0,000021;...((((((....)))...))).((((((...(((...)))...(((.((...)))))..))))))..
3241;3;0;-4,392;0;0,00;16;21,00;0,000021;..(..((.....)).).......((((((...(((...)))...((((......))))..))))))..
3287;3;0;-4,386;0;0,00;16;19,00;0,000021;....((.((....))..)).....(((((...(((...)))...((((......))))..)))))...
3312;3;0;-4,382;0;0,00;17;23,00;0,000021;......(((....))).......((((((...(((...)))...((((.(...)))))..))))))..
3313;3;0;-4,382;0;0,00;17;26,00;0,000021;......(((....))).......((((((...(((...)))...(((.((...)))))..))))))..
3361;3;0;-4,364;0;0,00;17;28,00;0,000020;..(..((((....)))).).....(((((......(((...)))((((......))))..)))))...
3373;3;0;-4,367;0;0,00;16;19,00;0,000020;...((((((....))))...))..(((((..(...........)((((......))))..)))))...
3420;3;0;-4,354;0;0,00;14;22,00;0,000020;..(..((((....)))).).....(((.....((.....))...((((......))))....)))...
3426;3;0;-4,355;0;0,00;10;29,00;0,000020;..(....)....(((...........)))...((.....))...((((......))))..........
3434;3;0;-4,349;0;0,00;16;19,00;0,000020;....(.(((....)))..).....(((((...(((...)))...((((......))))..)))))...
3440;3;0;-4,351;0;0,00;18;21,00;0,000020;..(..((((....)))).)..(..(((((...(((...)))...((((......))))..))))).).
3449;3;0;-4,344;0;0,00;15;36,00;0,000020;.....((((....))))..(((.........))).....(((.(((((......)))))....)))..
3491;3;0;-4,333;0;0,00;18;19,00;0,000019;...(.((((....))))....).((((((...(((...)))...((((......))))..))))))..
3497;3;0;-4,334;0;0,00;18;20,00;0,000019;....(((((....))).))..((.(((((...((.....))...((((......))))..))))))).
3498;3;0;-4,334;0;0,00;18;20,00;0,000019;....(((((....))).))..(.((((((...((.....))...((((......))))..))))))).
3499;3;0;-4,334;0;0,00;18;20,00;0,000019;....(((((....)))).)..((.(((((...((.....))...((((......))))..))))))).
3500;3;0;-4,334;0;0,00;18;20,00;0,000019;....(((((....)))).)..(.((((((...((.....))...((((......))))..))))))).
3513;3;0;-4,329;0;0,00;11;31,00;0,000019;.(.....)....(((...........)))...(((...)))...((((......))))..........
3523;3;0;-4,331;0;0,00;16;18,00;0,000019;....((((......))).).....(((((...(((...)))...((((......))))..)))))...
3524;3;0;-4,331;0;0,00;16;18,00;0,000019;....((((......)).)).....(((((...(((...)))...((((......))))..)))))...
3528;3;0;-4,331;0;0,00;17;20,00;0,000019;..(..(((......))).)..(.((((((...((.....))...((((......))))..))))))).
3529;3;0;-4,331;0;0,00;17;20,00;0,000019;..(..(((......))).)..((.(((((...((.....))...((((......))))..))))))).
3535;3;0;-4,325;0;0,00;16;39,00;0,000019;..(..(((......))).)..((((.......))))...(((.(((((......)))))....)))..
3574;3;0;-4,317;0;0,00;13;23,00;0,000019;......(((....)))........(((.....(((...)))...((((......))))....)))...
3634;3;0;-4,306;0;0,00;14;19,00;0,000018;.....((((....)))).......(((((...((.....))...(((........)))..)))))...
3661;3;0;-4,303;0;0,00;16;15,00;0,000018;...((((((....))))...))..((.((...((.....))...((((......))))..)).))...
3671;3;0;-4,298;0;0,00;17;20,00;0,000018;...((((((....))))...))..(((((...((.....))...((..((...)).))..)))))...
3690;3;0;-4,294;0;0,00;16;21,00;0,000018;......((......)).....((.(((((...(((...)))...((((......))))..))))))).
3691;3;0;-4,294;0;0,00;16;21,00;0,000018;......((......)).....(.((((((...(((...)))...((((......))))..))))))).
3694;3;0;-4,295;0;0,00;16;26,00;0,000018;..(..((((....)))).)....((((.....(((...)))...((((......))))....))))..
3709;3;0;-4,297;0;0,00;19;29,00;0,000018;...((((((....))))...))..(((....(((.(((...)))((((......)))).))))))...
3740;3;0;-4,286;0;0,00;19;23,00;0,000018;.(...((((....)))).)..((.(((((...(((...)))...((((......))))..))))))).
3741;3;0;-4,286;0;0,00;19;23,00;0,000018;.(...((((....)))).)..(.((((((...(((...)))...((((......))))..))))))).
3785;3;0;-4,278;0;0,00;17;20,00;0,000017;.(...((((....))))...)...(((((...(((...)))...((((......))))..)))))...
3786;3;0;-4,278;0;0,00;15;15,00;0,000017;...((.(((....)))....))..(((((...((.....))...(((........)))..)))))...
3806;3;0;-4,274;0;0,00;12;29,00;0,000017;..........((((.(..(.........)...((.....))...((((......))))...).)))).
3843;3;0;-4,271;0;0,00;12;28,00;0,000017;..(..((((....)))).).....(...)...((.....))...((((......))))..........
3877;3;0;-4,269;0;0,00;13;19,00;0,000017;......(((....))).........((((...((.....))...((((......))))..))))....
3918;3;0;-4,260;0;0,00;15;19,00;0,000017;..((.(.....)..)).......((((((...((.....))...((((......))))..))))))..
3919;3;0;-4,260;0;0,00;13;19,00;0,000017;......(((....)))........(((((...((.....))....(((......)))...)))))...
3926;3;0;-4,261;0;0,00;16;40,00;0,000017;..(..((((....)))).)........(((.(((.........(((((......))))))))...)))
3956;3;0;-4,251;0;0,00;15;29,00;0,000017;..(..(((......))).).....(((....(((.........(((((......)))))))))))...
3965;3;0;-4,253;0;0,00;16;29,00;0,000017;....(((((....)))).).....(((....(((.........(((((......)))))))))))...
3966;3;0;-4,253;0;0,00;16;29,00;0,000017;....(((((....))).)).....(((....(((.........(((((......)))))))))))...
3971;3;0;-4,247;0;0,00;16;23,00;0,000017;.....((((....))))......((((((...(((...)))...(((........)))..))))))..
3983;3;0;-4,248;0;0,00;12;28,00;0,000017;......(((....)))..((.......))...((.....))...((((......))))...(....).
4023;3;0;-4,239;0;0,00;17;20,00;0,000016;..(..((((....)))).).....(((((...((.....))...((((.(...)))))..)))))...
4024;3;0;-4,239;0;0,00;17;23,00;0,000016;..(..((((....)))).).....(((((...((.....))...(((.((...)))))..)))))...
4032;3;0;-4,241;0;0,00;17;20,00;0,000016;..(..((((....))))...)...(((((...(((...)))...((((......))))..)))))...
4053;3;0;-4,237;0;0,00;16;19,00;0,000016;...((((((....))))...))..(((((.(.............((((......))))).)))))...
4061;3;0;-4,238;0;0,00;16;22,00;0,000016;..(..((((....)))).)....((((((...((.....))....(((......)))...))))))..
4075;3;0;-4,233;0;0,00;19;29,00;0,000016;...((((((....))))...)).((((....(((.((.....))((((......)))).)))))))..
4076;3;0;-4,233;0;0,00;18;19,00;0,000016;...((((((....))))...)).((((((...(((...)))....(((......)))...))))))..
4077;3;0;-4,234;0;0,00;15;20,00;0,000016;..(..((((....)))).).....(((((...(.......)...((((......))))..)))))...
4134;3;0;-4,220;0;0,00;18;17,00;0,000016;...((((((....)))...))).((((((...(((...)))....(((......)))...))))))..
4135;3;0;-4,220;0;0,00;15;25,00;0,000016;.....((((....)))).......(((((......((.....))((((......))))..)))))...
4153;3;0;-4,222;0;0,00;14;30,00;0,000016;..((..........)).......((((....(((.........(((((......))))))))))))..
4163;3;0;-4,217;0;0,00;16;32,00;0,000016;......(((....))).....(.((((....(((.........(((((......))))))))))))).
4164;3;0;-4,217;0;0,00;16;32,00;0,000016;......(((....))).....((.(((....(((.........(((((......))))))))))))).
4178;3;0;-4,212;0;0,00;15;19,00;0,000016;..(..((.....)).)........(((((...(((...)))...((((......))))..)))))...
4232;3;0;-4,206;0;0,00;13;38,00;0,000015;......(((....)))............((....))...(((.(((((......)))))....)))..
4235;3;0;-4,206;0;0,00;16;18,00;0,000015;.....((((....))))....(..(((((...((.....))...((((......))))..))))).).
4241;3;0;-4,201;0;0,00;16;33,00;0,000015;......(((....))).......((((....(((.((.....))((((......)))).)))))))..
4245;3;0;-4,201;0;0,00;15;23,00;0,000015;......(((....))).......((((((...(((...)))....(((......)))...))))))..
4248;3;0;-4,202;0;0,00;17;17,00;0,000015;...((((((....))))...))..(((.(...(((...)))...((((......))))..).)))...
4250;3;0;-4,202;0;0,00;16;21,00;0,000015;......(((....)))........(((((...(((...)))...((((.(...)))))..)))))...
4251;3;0;-4,202;0;0,00;16;24,00;0,000015;......(((....)))........(((((...(((...)))...(((.((...)))))..)))))...
4278;3;0;-4,192;0;0,00;16;21,00;0,000015;...((.(((....)))....))..(((((......((.....))((((......))))..)))))...
4288;3;0;-4,193;0;0,00;12;37,00;0,000015;..(....)....(((...........)))..(((.........(((((......))))))))......
4348;3;0;-4,180;0;0,00;19;24,00;0,000015;..(..((((....)))).)....((((((...(((...)))...((((.(...)))))..))))))..
4349;3;0;-4,180;0;0,00;19;27,00;0,000015;..(..((((....)))).)....((((((...(((...)))...(((.((...)))))..))))))..
4408;3;0;-4,175;0;0,00;15;17,00;0,000015;...((((((....))))...))....(((...((.....))...((((......))))..))).....
4463;3;0;-4,161;0;0,00;17;29,00;0,000014;.....((((....))))......((((((......(((...)))((((......))))..))))))..
4482;3;0;-4,164;0;0,00;15;19,00;0,000014;..(.((.....))..).......((((((...((.....))...((((......))))..))))))..
4511;3;0;-4,159;0;0,00;17;39,00;0,000014;..(..((((....)))).)..((((.......))))...(((.(((((......))))..)..)))..
4533;3;0;-4,154;0;0,00;11;29,00;0,000014;......(((....)))................((.....))...((((......)))).((...))..
4548;3;0;-4,150;0;0,00;14;23,00;0,000014;.....((((....))))......((((.....((.....))...((((......))))....))))..
4579;3;0;-4,145;0;0,00;16;27,00;0,000014;...((((((....))))...))..(((....(((.........((((........))))))))))...
4616;3;0;-4,143;0;0,00;10;28,00;0,000014;............(((...........)))...((.....))...((((......))))...(....).
4634;3;0;-4,138;0;0,00;17;17,00;0,000014;...((((((....))))...)).((((.(...((.....))...((((......))))..).))))..
4707;3;0;-4,127;0;0,00;13;20,00;0,000014;......((......)).......((((((...((.....))...(((........)))..))))))..
4713;3;0;-4,127;0;0,00;13;17,00;0,000014;......(.....)..........((((((...((.....))...((((......))))..))))))..
4721;3;0;-4,129;0;0,00;14;23,00;0,000014;...((((((....))))...)).((((.................((((......))))....))))..
4733;3;0;-4,125;0;0,00;17;15,00;0,000013;...((((((....)))...))).((((.(...((.....))...((((......))))..).))))..
6;4;1;-8,390;1;0,00;13;10,00;0,018010;...((((.(((....)))))))..........((.....))...((((......))))..........
11;4;0;-8,151;0;0,00;14;12,00;0,012035;...((((.(((....)))))))..........(((...)))...((((......))))..........
18;4;0;-7,726;0;0,00;12;12,00;0,005874;...((((..((....)).))))..........((.....))...((((......))))..........
23;4;0;-7,493;0;0,00;10;16,00;0,003967;...((((...........))))..........((.....))...((((......))))..........
24;4;0;-7,487;0;0,00;13;14,00;0,003926;...((((..((....)).))))..........(((...)))...((((......))))..........
28;4;0;-7,361;0;0,00;14;11,00;0,003175;.(.((((.(((....)))))))..).......((.....))...((((......))))..........
32;4;0;-7,254;0;0,00;11;18,00;0,002651;...((((...........))))..........(((...)))...((((......))))..........
35;4;0;-7,217;0;0,00;14;11,00;0,002491;...((((.(((....)))))))..........((.....))...((((......))))...(....).
45;4;0;-7,122;0;0,00;15;13,00;0,002122;.(.((((.(((....)))))))..).......(((...)))...((((......))))..........
50;4;0;-7,040;0;0,00;13;14,00;0,001845;...((((.(((....)))))))...((.....))..........((((......))))..........
54;4;0;-6,979;0;0,00;15;13,00;0,001665;...((((.(((....)))))))..........(((...)))...((((......))))...(....).
58;4;0;-6,939;0;0,00;14;10,00;0,001558;...((((.(((....)))))))..(...)...((.....))...((((......))))..........
76;4;0;-6,807;0;0,00;12;14,00;0,001247;...((((.(((....)))))))....(.....)...........((((......))))..........
84;4;0;-6,735;0;0,00;12;12,00;0,001104;...(((..(((....))).)))..........((.....))...((((......))))..........
90;4;0;-6,701;0;0,00;15;12,00;0,001041;...((((.(((....)))))))..(...)...(((...)))...((((......))))..........
91;4;0;-6,697;0;0,00;12;12,00;0,001034;...((((.((......))))))..........((.....))...((((......))))..........
92;4;0;-6,697;0;0,00;13;13,00;0,001036;.(.((((..((....)).))))..).......((.....))...((((......))))..........
105;4;0;-6,623;0;0,00;12;12,00;0,000914;...((((.(((....)))))))..........((.....))...(((........)))..........
106;4;0;-6,621;0;0,00;15;12,00;0,000910;...((((.(((....)))))))..........((.....))...((((......)))).((...))..
116;4;0;-6,554;0;0,00;13;13,00;0,000812;...((((..((....)).))))..........((.....))...((((......))))...(....).
121;4;0;-6,513;0;0,00;14;11,00;0,000758;...((((.(((....)))))))..........((.....))...((((......))))....(...).
122;4;0;-6,515;0;0,00;14;12,00;0,000761;...((((.(((....)))))))..........((.....))...((((......)))).(.....)..
124;4;0;-6,496;0;0,00;13;14,00;0,000737;...(((..(((....))).)))..........(((...)))...((((......))))..........
127;4;0;-6,489;0;0,00;15;12,00;0,000729;((.((((.(((....)))))))..))......((.....))...((((......))))..........
132;4;0;-6,480;0;0,00;14;10,00;0,000718;...((((.(((....)))))))..........((.....))...((((......))))..(...)...
137;4;0;-6,465;0;0,00;11;17,00;0,000699;.(.((((...........))))..).......((.....))...((((......))))..........
138;4;0;-6,458;0;0,00;13;14,00;0,000691;...((((.((......))))))..........(((...)))...((((......))))..........
139;4;0;-6,459;0;0,00;14;15,00;0,000692;.(.((((..((....)).))))..).......(((...)))...((((......))))..........
142;4;0;-6,445;0;0,00;14;16,00;0,000676;...((((.(((....))))))).................((..(((((......)))))...))....
143;4;0;-6,438;0;0,00;12;23,00;0,000668;...((((((....))))...))..........((.....))...((((......))))..........
149;4;0;-6,424;0;0,00;12;21,00;0,000653;...((((((....)))...)))..........((.....))...((((......))))..........
157;4;0;-6,384;0;0,00;13;14,00;0,000611;...((((.(((....)))))))..........(((...)))...(((........)))..........
158;4;0;-6,382;0;0,00;16;14,00;0,000608;...((((.(((....)))))))..........(((...)))...((((......)))).((...))..
160;4;0;-6,377;0;0,00;12;12,00;0,000603;...((((.(((....)))))))..........((.....))....(((......)))...........
164;4;0;-6,370;0;0,00;15;18,00;0,000596;...((((.(((....))))))).................(((.(((((......)))))....)))..
168;4;0;-6,366;0;0,00;12;14,00;0,000592;...((((.(((....)))))))......(...........)...((((......))))..........
175;4;0;-6,321;0;0,00;11;17,00;0,000549;...((((...........))))..........((.....))...((((......))))...(....).
177;4;0;-6,315;0;0,00;14;15,00;0,000543;...((((..((....)).))))..........(((...)))...((((......))))...(....).
184;4;0;-6,274;0;0,00;15;13,00;0,000507;...((((.(((....)))))))..........(((...)))...((((......))))....(...).
186;4;0;-6,276;0;0,00;13;12,00;0,000508;...((((..((....)).))))..(...)...((.....))...((((......))))..........
187;4;0;-6,276;0;0,00;15;14,00;0,000508;...((((.(((....)))))))..........(((...)))...((((......)))).(.....)..
193;4;0;-6,258;0;0,00;13;15,00;0,000493;...((((.(((....))))))).....((...........))..((((......))))..........
194;4;0;-6,251;0;0,00;16;14,00;0,000487;((.((((.(((....)))))))..))......(((...)))...((((......))))..........
203;4;0;-6,242;0;0,00;15;12,00;0,000480;...((((.(((....)))))))..........(((...)))...((((......))))..(...)...
208;4;0;-6,226;0;0,00;12;19,00;0,000467;.(.((((...........))))..).......(((...)))...((((......))))..........
221;4;0;-6,189;0;0,00;15;12,00;0,000439;.(.((((.(((....)))))))..).......((.....))...((((......))))...(....).
222;4;0;-6,190;0;0,00;14;17,00;0,000440;...((((.(((....)))))))..................((.(((((......)))))....))...
229;4;0;-6,173;0;0,00;14;12,00;0,000427;...((((.(((....)))))))..........((.....))...((((.(...)))))..........
230;4;0;-6,173;0;0,00;14;15,00;0,000427;...((((.(((....)))))))..........((.....))...(((.((...)))))..........
233;4;0;-6,168;0;0,00;12;12,00;0,000424;...((((.(((....)))))))..........(.......)...((((......))))..........
241;4;0;-6,138;0;0,00;13;14,00;0,000403;...((((.(((....)))))))..........(((...)))....(((......)))...........
256;4;0;-6,082;0;0,00;12;19,00;0,000367;...((((...........))))..........(((...)))...((((......))))...(....).
273;4;0;-6,037;0;0,00;14;14,00;0,000340;...((((..((....)).))))..(...)...(((...)))...((((......))))..........
277;4;0;-6,033;0;0,00;11;14,00;0,000337;...((((..(......).))))..........((.....))...((((......))))..........
298;4;0;-6,003;0;0,00;13;14,00;0,000321;...((((.(((....))))))).................((...((((......))))....))....
301;4;0;-5,996;0;0,00;12;14,00;0,000317;...((((.(((....)))))))..(.......)...........((((......))))..........
309;4;0;-5,960;0;0,00;11;14,00;0,000298;...((((..((....)).))))..........((.....))...(((........)))..........
312;4;0;-5,957;0;0,00;14;14,00;0,000297;...((((..((....)).))))..........((.....))...((((......)))).((...))..
314;4;0;-5,950;0;0,00;16;14,00;0,000293;.(.((((.(((....)))))))..).......(((...)))...((((......))))...(....).
324;4;0;-5,934;0;0,00;15;14,00;0,000286;...((((.(((....)))))))..........(((...)))...((((.(...)))))..........
325;4;0;-5,934;0;0,00;15;17,00;0,000286;...((((.(((....)))))))..........(((...)))...(((.((...)))))..........
333;4;0;-5,920;0;0,00;9;18,00;0,000279;...(((.............)))..........((.....))...((((......))))..........
349;4;0;-5,893;0;0,00;14;16,00;0,000267;...((((.(((....))))))).................(((..((((......)))).....)))..
358;4;0;-5,867;0;0,00;14;15,00;0,000255;...((((.(((....)))))))...((.....))..........((((......))))...(....).
364;4;0;-5,849;0;0,00;13;13,00;0,000247;...((((..((....)).))))..........((.....))...((((......))))....(...).
368;4;0;-5,851;0;0,00;13;14,00;0,000248;...((((..((....)).))))..........((.....))...((((......)))).(.....)..
370;4;0;-5,847;0;0,00;13;15,00;0,000247;...((((.(((....))))))).((.......))..........((((......))))..........
377;4;0;-5,826;0;0,00;14;14,00;0,000238;((.((((..((....)).))))..))......((.....))...((((......))))..........
385;4;0;-5,817;0;0,00;13;12,00;0,000234;...((((..((....)).))))..........((.....))...((((......))))..(...)...
396;4;0;-5,794;0;0,00;12;16,00;0,000225;...((((..(......).))))..........(((...)))...((((......))))..........
417;4;0;-5,777;0;0,00;14;17,00;0,000219;...((((.(((....)))))))(((.......))).........((((......))))..........
421;4;0;-5,767;0;0,00;15;11,00;0,000215;...((((.(((....)))))))..(...)...((.....))...((((......))))...(....).
431;4;0;-5,753;0;0,00;11;20,00;0,000210;...((((.(((....)))))))..........((.....))..((........)).............
432;4;0;-5,748;0;0,00;12;19,00;0,000208;...((((((....))...))))..........((.....))...((((......))))..........
436;4;0;-5,735;0;0,00;13;16,00;0,000204;...((((.(((....)))))))..................(..(((((......)))))...).....
441;4;0;-5,727;0;0,00;9;18,00;0,000201;...((((...........))))..........((.....))...(((........)))..........
448;4;0;-5,721;0;0,00;12;16,00;0,000199;...((((..((....)).))))..........(((...)))...(((........)))..........
453;4;0;-5,718;0;0,00;15;16,00;0,000198;...((((..((....)).))))..........(((...)))...((((......)))).((...))..
455;4;0;-5,713;0;0,00;11;14,00;0,000197;...((((..((....)).))))..........((.....))....(((......)))...........
457;4;0;-5,714;0;0,00;13;15,00;0,000197;...((((.(((....)))))))..................((..((((......)))).....))...
467;4;0;-5,707;0;0,00;13;13,00;0,000195;.(.(((..(((....))).)))..).......((.....))...((((......))))..........
483;4;0;-5,681;0;0,00;10;20,00;0,000186;...(((.............)))..........(((...)))...((((......))))..........
491;4;0;-5,668;0;0,00;13;13,00;0,000182;.(.((((.((......))))))..).......((.....))...((((......))))..........
500;4;0;-5,657;0;0,00;16;16,00;0,000179;...((((.(((....)))))))...((.....)).....((..(((((......)))))...))....
501;4;0;-5,660;0;0,00;11;21,00;0,000180;...((((.(((....)))))))..........((.....))..((...))..................
511;4;0;-5,648;0;0,00;11;21,00;0,000176;...((((.(((....)))))))..........((.....)).......((...)).............
518;4;0;-5,635;0;0,00;13;15,00;0,000172;...((((.(((....)))))))....(.....)...........((((......))))...(....).
521;4;0;-5,618;0;0,00;11;18,00;0,000168;...((((...........))))..........((.....))...((((......)))).(.....)..
522;4;0;-5,617;0;0,00;11;17,00;0,000167;...((((...........))))..........((.....))...((((......))))....(...).
524;4;0;-5,610;0;0,00;12;14,00;0,000165;...((((.(((....)))))))..................(...((((......))))...)......
525;4;0;-5,610;0;0,00;14;15,00;0,000165;...((((..((....)).))))..........(((...)))...((((......))))....(...).
529;4;0;-5,612;0;0,00;14;16,00;0,000166;...((((..((....)).))))..........(((...)))...((((......)))).(.....)..
535;4;0;-5,595;0;0,00;13;13,00;0,000161;.(.((((.(((....)))))))..).......((.....))...(((........)))..........
543;4;0;-5,592;0;0,00;16;13,00;0,000160;.(.((((.(((....)))))))..).......((.....))...((((......)))).((...))..
546;4;0;-5,587;0;0,00;15;16,00;0,000159;((.((((..((....)).))))..))......(((...)))...((((......))))..........
549;4;0;-5,583;0;0,00;15;18,00;0,000158;...((((.(((....)))))))...((.....)).((.....))((((......))))..........
557;4;0;-5,582;0;0,00;17;18,00;0,000158;...((((.(((....)))))))...((.....)).....(((.(((((......)))))....)))..
561;4;0;-5,578;0;0,00;14;14,00;0,000156;...((((..((....)).))))..........(((...)))...((((......))))..(...)...
564;4;0;-5,563;0;0,00;13;13,00;0,000153;...(((..(((....))).)))..........((.....))...((((......))))...(....).
592;4;0;-5,529;0;0,00;16;13,00;0,000144;...((((.(((....)))))))..(...)...(((...)))...((((......))))...(....).
595;4;0;-5,525;0;0,00;13;13,00;0,000143;...((((.((......))))))..........((.....))...((((......))))...(....).
597;4;0;-5,525;0;0,00;14;14,00;0,000143;.(.((((..((....)).))))..).......((.....))...((((......))))...(....).
598;4;0;-5,526;0;0,00;14;11,00;0,000143;...((((.(((....)))))))..........((.....))...((((......)))).(...)....
603;4;0;-5,517;0;0,00;14;18,00;0,000141;...((((.(((....)))))))....(.....)..((.....))((((......))))..........
607;4;0;-5,514;0;0,00;12;22,00;0,000140;...((((.(((....)))))))..........(((...)))..((........)).............
611;4;0;-5,515;0;0,00;13;17,00;0,000141;...((((.(((....)))))))..........((.....))...((..((...)).))..........
613;4;0;-5,509;0;0,00;13;21,00;0,000139;...((((((....))...))))..........(((...)))...((((......))))..........
614;4;0;-5,509;0;0,00;13;14,00;0,000139;...((((..((....)).))))..........((.....))...((((.(...)))))..........
615;4;0;-5,509;0;0,00;13;17,00;0,000139;...((((..((....)).))))..........((.....))...(((.((...)))))..........
627;4;0;-5,494;0;0,00;11;22,00;0,000136;...(((((......)))...))..........((.....))...((((......))))..........
631;4;0;-5,485;0;0,00;15;12,00;0,000134;.(.((((.(((....)))))))..).......((.....))...((((......))))....(...).
634;4;0;-5,487;0;0,00;15;13,00;0,000134;.(.((((.(((....)))))))..).......((.....))...((((......)))).(.....)..
636;4;0;-5,488;0;0,00;10;20,00;0,000134;...((((...........))))..........(((...)))...(((........)))..........
638;4;0;-5,480;0;0,00;9;18,00;0,000133;...((((...........))))..........((.....))....(((......)))...........
649;4;0;-5,480;0;0,00;11;20,00;0,000133;...(((((......))...)))..........((.....))...((((......))))..........
654;4;0;-5,474;0;0,00;12;16,00;0,000131;...((((..((....)).))))..........(((...)))....(((......)))...........
670;4;0;-5,468;0;0,00;14;15,00;0,000130;.(.(((..(((....))).)))..).......(((...)))...((((......))))..........
684;4;0;-5,451;0;0,00;13;13,00;0,000126;...((((.(((....)))))))..........((.....))...(((........)))...(....).
685;4;0;-5,452;0;0,00;15;11,00;0,000127;.(.((((.(((....)))))))..).......((.....))...((((......))))..(...)...
702;4;0;-5,430;0;0,00;14;15,00;0,000122;.(.((((.((......))))))..).......(((...)))...((((......))))..........
704;4;0;-5,425;0;0,00;15;16,00;0,000121;...((((.(((....)))))))....(.....)......((..(((((......)))))...))....
708;4;0;-5,421;0;0,00;12;23,00;0,000120;...((((.(((....)))))))..........(((...)))..((...))..................
710;4;0;-5,416;0;0,00;15;17,00;0,000119;.(.((((.(((....)))))))..)..............((..(((((......)))))...))....
724;4;0;-5,409;0;0,00;12;23,00;0,000118;...((((.(((....)))))))..........(((...))).......((...)).............
725;4;0;-5,409;0;0,00;13;24,00;0,000118;.(.((((((....))))...))..).......((.....))...((((......))))..........
735;4;0;-5,402;0;0,00;16;17,00;0,000116;...((((.(((....)))))))...((.....))......((.(((((......)))))....))...
738;4;0;-5,396;0;0,00;13;22,00;0,000115;.(.((((((....)))...)))..).......((.....))...((((......))))..........
742;4;0;-5,391;0;0,00;10;43,00;0,000114;.(.(..(((((........(((.........)))......)))))..).)..................
749;4;0;-5,385;0;0,00;12;16,00;0,000113;...(((..(((....))).)))...((.....))..........((((......))))..........
751;4;0;-5,380;0;0,00;12;20,00;0,000112;...((((...........))))..........(((...)))...((((......)))).(.....)..
752;4;0;-5,380;0;0,00;13;15,00;0,000112;...((((.(((....)))))))................(.(...((((......))))...).)....
755;4;0;-5,378;0;0,00;12;19,00;0,000112;...((((...........))))..........(((...)))...((((......))))....(...).
769;4;0;-5,356;0;0,00;14;15,00;0,000108;.(.((((.(((....)))))))..).......(((...)))...(((........)))..........
782;4;0;-5,353;0;0,00;17;15,00;0,000107;.(.((((.(((....)))))))..).......(((...)))...((((......)))).((...))..
787;4;0;-5,349;0;0,00;13;13,00;0,000106;.(.((((.(((....)))))))..).......((.....))....(((......)))...........
789;4;0;-5,350;0;0,00;16;18,00;0,000106;...((((.(((....)))))))....(.....)......(((.(((((......)))))....)))..
791;4;0;-5,344;0;0,00;16;20,00;0,000105;...((((.(((....)))))))...((.....)).(((...)))((((......))))..........
798;4;0;-5,347;0;0,00;12;16,00;0,000106;...((((.((......))))))...((.....))..........((((......))))..........
801;4;0;-5,342;0;0,00;16;19,00;0,000105;.(.((((.(((....)))))))..)..............(((.(((((......)))))....)))..
804;4;0;-5,338;0;0,00;13;15,00;0,000104;.(.((((.(((....)))))))..)...(...........)...((((......))))..........
819;4;0;-5,324;0;0,00;14;15,00;0,000102;...(((..(((....))).)))..........(((...)))...((((......))))...(....).
824;4;0;-5,317;0;0,00;16;13,00;0,000101;((.((((.(((....)))))))..))......((.....))...((((......))))...(....).
832;4;0;-5,309;0;0,00;11;14,00;0,000099;...((((.(((....)))))))..........((.....))...((..........))..........
840;4;0;-5,303;0;0,00;13;21,00;0,000098;...((((.(((....)))))))..........((.....))..((...))....(.(...).).....
846;4;0;-5,300;0;0,00;11;17,00;0,000098;...((((.(.....)...))))..........((.....))...((((......))))..........
847;4;0;-5,293;0;0,00;12;14,00;0,000097;...((((.(((....)))))))..................(...((((......))))....).....
856;4;0;-5,286;0;0,00;14;15,00;0,000096;...((((.((......))))))..........(((...)))...((((......))))...(....).
857;4;0;-5,287;0;0,00;15;16,00;0,000096;.(.((((..((....)).))))..).......(((...)))...((((......))))...(....).
859;4;0;-5,287;0;0,00;15;13,00;0,000096;...((((.(((....)))))))..........(((...)))...((((......)))).(...)....
866;4;0;-5,283;0;0,00;13;13,00;0,000095;...((((.(((....)))))))..........((.....))...(((.(.....))))..........
868;4;0;-5,285;0;0,00;11;16,00;0,000095;...((((.(.......).))))..........((.....))...((((......))))..........
869;4;0;-5,285;0;0,00;13;12,00;0,000095;...(((..(((....))).)))..(...)...((.....))...((((......))))..........
870;4;0;-5,278;0;0,00;15;20,00;0,000094;...((((.(((....)))))))....(.....)..(((...)))((((......))))..........
879;4;0;-5,276;0;0,00;14;19,00;0,000094;...((((.(((....)))))))..........(((...)))...((..((...)).))..........
880;4;0;-5,277;0;0,00;11;18,00;0,000094;...((((...........))))..........((.....))...((((.(...)))))..........
881;4;0;-5,277;0;0,00;11;21,00;0,000094;...((((...........))))..........((.....))...(((.((...)))))..........
885;4;0;-5,271;0;0,00;14;16,00;0,000093;...((((..((....)).))))..........(((...)))...((((.(...)))))..........
886;4;0;-5,271;0;0,00;14;19,00;0,000093;...((((..((....)).))))..........(((...)))...(((.((...)))))..........
891;4;0;-5,273;0;0,00;12;16,00;0,000094;...((((.(((....)))))))...((.....))..........(((........)))..........
892;4;0;-5,266;0;0,00;13;24,00;0,000092;...((((((....))))...))..........((.....))...((((......))))...(....).
902;4;0;-5,260;0;0,00;15;17,00;0,000092;...((((.(((....))))))).................(((.(((((......))))..)..)))..
903;4;0;-5,262;0;0,00;14;20,00;0,000092;....(((.(((....))))))((((.......))))........((((......))))..........
905;4;0;-5,255;0;0,00;12;24,00;0,000091;...(((((......)))...))..........(((...)))...((((......))))..........
912;4;0;-5,252;0;0,00;13;22,00;0,000090;...((((((....)))...)))..........((.....))...((((......))))...(....).
917;4;0;-5,247;0;0,00;13;12,00;0,000089;...((((.((......))))))..(...)...((.....))...((((......))))..........
921;4;0;-5,248;0;0,00;16;15,00;0,000090;.(.((((.(((....)))))))..).......(((...)))...((((......)))).(.....)..
927;4;0;-5,246;0;0,00;16;14,00;0,000089;.(.((((.(((....)))))))..).......(((...)))...((((......))))....(...).
930;4;0;-5,241;0;0,00;12;22,00;0,000089;...(((((......))...)))..........(((...)))...((((......))))..........
931;4;0;-5,242;0;0,00;10;20,00;0,000089;...((((...........))))..........(((...)))....(((......)))...........
933;4;0;-5,235;0;0,00;14;11,00;0,000088;..(((((.(((....)))))))..).......((.....))...((((......))))..........
944;4;0;-5,229;0;0,00;14;16,00;0,000087;.(.((((.(((....)))))))..)..((...........))..((((......))))..........
947;4;0;-5,224;0;0,00;14;21,00;0,000086;...((((.(((....)))))))....(((...((.....))..((...))....)))...........
958;4;0;-5,215;0;0,00;15;14,00;0,000085;...((((.(((....)))))))...((.....)).....((...((((......))))....))....
965;4;0;-5,212;0;0,00;14;15,00;0,000084;...((((.(((....)))))))..........(((...)))...(((........)))...(....).
966;4;0;-5,213;0;0,00;16;13,00;0,000085;.(.((((.(((....)))))))..).......(((...)))...((((......))))..(...)...
972;4;0;-5,210;0;0,00;9;18,00;0,000084;...((((.(((....)))))))..........((.....))...........................
979;4;0;-5,205;0;0,00;13;13,00;0,000083;...((((.(((....)))))))..........((.....))....(((......)))....(....).
997;4;0;-5,194;0;0,00;13;15,00;0,000082;...((((.(((....)))))))......(...........)...((((......))))...(....).
1009;4;0;-5,182;0;0,00;14;11,00;0,000080;.(.((((.(((....)))))))....).....((.....))...((((......))))..........
1017;4;0;-5,173;0;0,00;13;12,00;0,000079;...((((.(((....)))))))..(...)...((.....))...(((........)))..........
1024;4;0;-5,170;0;0,00;15;17,00;0,000079;...((((.(((....)))))))....(.....).......((.(((((......)))))....))...
1025;4;0;-5,170;0;0,00;16;12,00;0,000079;...((((.(((....)))))))..(...)...((.....))...((((......)))).((...))..
1030;4;0;-5,165;0;0,00;14;16,00;0,000078;...((((.(((....)))))))...((.....))..........((((......)))).(.....)..
1038;4;0;-5,162;0;0,00;15;18,00;0,000078;.(.((((.(((....)))))))..)...............((.(((((......)))))....))...
1043;4;0;-5,163;0;0,00;14;15,00;0,000078;...((((.(((....)))))))...((.....))..........((((......))))....(...).
1054;4;0;-5,153;0;0,00;11;16,00;0,000076;...(((..(((....))).)))....(.....)...........((((......))))..........
1065;4;0;-5,145;0;0,00;15;13,00;0,000075;.(.((((.(((....)))))))..).......((.....))...((((.(...)))))..........
1066;4;0;-5,145;0;0,00;15;16,00;0,000075;.(.((((.(((....)))))))..).......((.....))...(((.((...)))))..........
1073;4;0;-5,139;0;0,00;11;45,00;0,000075;((.(..(((((........(((.........)))......)))))..).)).................
1077;4;0;-5,139;0;0,00;13;13,00;0,000075;.(.((((.(((....)))))))..).......(.......)...((((......))))..........
1087;4;0;-5,130;0;0,00;14;14,00;0,000074;...((((.(((....)))))))...((.....))..........((((......))))..(...)...
1094;4;0;-5,128;0;0,00;11;14,00;0,000073;...((((.(........)))))..........((.....))...((((......))))..........
1116;4;0;-5,115;0;0,00;14;14,00;0,000072;...((((.(((....)))))))..........((.....))....(((......)))..((...))..
1117;4;0;-5,115;0;0,00;11;16,00;0,000072;...((((.((......))))))....(.....)...........((((......))))..........
1120;4;0;-5,110;0;0,00;14;15,00;0,000071;.(.((((.(((....)))))))..).......(((...)))....(((......)))...........
1132;4;0;-5,104;0;0,00;14;13,00;0,000070;...((((..((....)).))))..(...)...((.....))...((((......))))...(....).
1136;4;0;-5,105;0;0,00;16;16,00;0,000070;...((((.(((....)))))))...((.....)).....(((..((((......)))).....)))..
1157;4;0;-5,089;0;0,00;10;22,00;0,000069;...((((..((....)).))))..........((.....))..((........)).............
1162;4;0;-5,083;0;0,00;14;11,00;0,000068;...((((.(((....))))))).(...)....((.....))...((((......))))..........
1163;4;0;-5,084;0;0,00;12;14,00;0,000068;...((((.(((....)))))))...(.......)..........((((......))))..........
1165;4;0;-5,086;0;0,00;14;16,00;0,000068;...((((.(((....))))))).....((...........))..((((......))))...(....).
1169;4;0;-5,079;0;0,00;17;15,00;0,000067;((.((((.(((....)))))))..))......(((...)))...((((......))))...(....).
1171;4;0;-5,080;0;0,00;14;16,00;0,000068;...((((.(((....)))))))..................((.(((((......))))..)..))...
1192;4;0;-5,070;0;0,00;12;16,00;0,000066;...((((.(((....)))))))..........(((...)))...((..........))..........
1194;4;0;-5,063;0;0,00;15;11,00;0,000066;...((((.(((....)))))))..(...)...((.....))...((((......))))....(...).
1195;4;0;-5,064;0;0,00;14;23,00;0,000066;...((((.(((....)))))))..........(((...)))..((...))....(.(...).).....
1198;4;0;-5,065;0;0,00;15;12,00;0,000066;...((((.(((....)))))))..(...)...((.....))...((((......)))).(.....)..
1203;4;0;-5,061;0;0,00;12;21,00;0,000065;...((((.(((....)))))))..........((.....))..(((.....).)).............
1204;4;0;-5,061;0;0,00;12;19,00;0,000065;...((((.(.....)...))))..........(((...)))...((((......))))..........
1217;4;0;-5,052;0;0,00;15;17,00;0,000064;...((((.(((....)))))))......(......)...((..(((((......)))))...))....
1220;4;0;-5,054;0;0,00;16;21,00;0,000065;...((((.(((....))))))).......((.....))..((.(((((......)))))....))...
1236;4;0;-5,044;0;0,00;14;15,00;0,000064;...((((.(((....)))))))..........(((...)))...(((.(.....))))..........
1240;4;0;-5,046;0;0,00;12;18,00;0,000064;...((((.(.......).))))..........(((...)))...((((......))))..........
1241;4;0;-5,046;0;0,00;14;14,00;0,000064;...(((..(((....))).)))..(...)...(((...)))...((((......))))..........
1246;4;0;-5,041;0;0,00;11;16,00;0,000063;...((((.(((....)))))))....(.....)...........(((........)))..........
1248;4;0;-5,042;0;0,00;11;14,00;0,000063;...(((..((......)).)))..........((.....))...((((......))))..........
1256;4;0;-5,038;0;0,00;12;20,00;0,000063;...((((...........))))..........(((...)))...((((.(...)))))..........
1257;4;0;-5,038;0;0,00;12;23,00;0,000063;...((((...........))))..........(((...)))...(((.((...)))))..........
1269;4;0;-5,030;0;0,00;15;10,00;0,000062;...((((.(((....)))))))..(...)...((.....))...((((......))))..(...)...
1279;4;0;-5,027;0;0,00;12;16,00;0,000062;...((((.(((....)))))))...((.....))...........(((......)))...........
1290;4;0;-5,017;0;0,00;15;12,00;0,000061;...((((.(((....)))))))....((....((.....)).))((((......))))..........
1302;4;0;-5,008;0;0,00;14;14,00;0,000060;...((((.((......))))))..(...)...(((...)))...((((......))))..........
1305;4;0;-5,009;0;0,00;13;14,00;0,000060;...((((.(((....)))))))..........((.....))....(((......)))..(.....)..
1312;4;0;-5,005;0;0,00;12;15,00;0,000059;.(.((((..(......).))))..).......((.....))...((((......))))..........
1320;4;0;-5,001;0;0,00;15;13,00;0,000059;...((((.(((....)))))))..........((.....))...((((.(...)))))...(....).
1321;4;0;-5,001;0;0,00;15;16,00;0,000059;...((((.(((....)))))))..........((.....))...(((.((...)))))...(....).
1331;4;0;-4,993;0;0,00;15;18,00;0,000058;...((((..((....)).))))...((.....)).....((..(((((......)))))...))....
1335;4;0;-4,995;0;0,00;15;16,00;0,000058;...((((.(((....)))))))..(...)..........((..(((((......)))))...))....
1336;4;0;-4,995;0;0,00;14;12,00;0,000059;...((((.(((....)))))))..........((.....)).(.((((......))))).........
1337;4;0;-4,996;0;0,00;13;13,00;0,000059;...((((.(((....)))))))..........(.......)...((((......))))...(....).
1338;4;0;-4,996;0;0,00;15;13,00;0,000059;..(((((.(((....)))))))..).......(((...)))...((((......))))..........
1339;4;0;-4,996;0;0,00;10;23,00;0,000059;...((((..((....)).))))..........((.....))..((...))..................
1344;4;0;-4,984;0;0,00;10;23,00;0,000057;...((((..((....)).))))..........((.....)).......((...)).............
1346;4;0;-4,985;0;0,00;15;23,00;0,000058;...((((.(((....)))))))....(((...(((...)))..((...))....)))...........
1351;4;0;-4,988;0;0,00;13;23,00;0,000058;...((((((....))))...))..(...)...((.....))...((((......))))..........
1357;4;0;-4,983;0;0,00;14;14,00;0,000057;...((((.(((....)))))))....(.....)......((...((((......))))....))....
1361;4;0;-4,977;0;0,00;16;19,00;0,000057;...((((.(((....)))))))......(......)...(((.(((((......)))))....)))..
1366;4;0;-4,974;0;0,00;13;21,00;0,000056;...((((((....)))...)))..(...)...((.....))...((((......))))..........
1367;4;0;-4,975;0;0,00;14;15,00;0,000057;.(.((((.(((....)))))))..)..............((...((((......))))....))....
1373;4;0;-4,969;0;0,00;11;14,00;0,000056;...(((..(((....))).)))..........((.....))...(((........)))..........
1380;4;0;-4,971;0;0,00;10;20,00;0,000056;...((((.(((....)))))))..........(((...)))...........................
1386;4;0;-4,966;0;0,00;14;15,00;0,000056;...((((.(((....)))))))..........(((...)))....(((......)))....(....).
1387;4;0;-4,966;0;0,00;14;14,00;0,000056;...(((..(((....))).)))..........((.....))...((((......)))).((...))..
1399;4;0;-4,959;0;0,00;13;14,00;0,000055;...((((.(((....)))))))..........((.....))...(((..(...).)))..........
1426;4;0;-4,947;0;0,00;15;16,00;0,000054;...((((.(((....)))))))...((.....))......(..(((((......)))))...).....
1437;4;0;-4,943;0;0,00;15;13,00;0,000054;.(.((((.(((....)))))))....).....(((...)))...((((......))))..........
1444;4;0;-4,934;0;0,00;14;14,00;0,000053;...((((.(((....)))))))..(...)...(((...)))...(((........)))..........
1450;4;0;-4,931;0;0,00;11;14,00;0,000052;...((((.((......))))))..........((.....))...(((........)))..........
1452;4;0;-4,931;0;0,00;13;15,00;0,000053;...((((.(((....)))))))....(.....)...........((((......))))....(...).
1453;4;0;-4,931;0;0,00;12;15,00;0,000053;.(.((((..((....)).))))..).......((.....))...(((........)))..........
1454;4;0;-4,932;0;0,00;17;14,00;0,000053;...((((.(((....)))))))..(...)...(((...)))...((((......)))).((...))..
1457;4;0;-4,933;0;0,00;13;16,00;0,000053;...((((.(((....)))))))....(.....)...........((((......)))).(.....)..
1460;4;0;-4,927;0;0,00;13;12,00;0,000052;...((((.(((....)))))))..(...)...((.....))....(((......)))...........
1462;4;0;-4,928;0;0,00;14;14,00;0,000052;...((((.((......))))))..........((.....))...((((......)))).((...))..
1463;4;0;-4,928;0;0,00;15;15,00;0,000052;.(.((((..((....)).))))..).......((.....))...((((......)))).((...))..
1476;4;0;-4,926;0;0,00;15;15,00;0,000052;...((((.(((....)))))))...((.....))......((..((((......)))).....))...
1482;4;0;-4,920;0;0,00;16;18,00;0,000052;...((((.(((....)))))))..(...)..........(((.(((((......)))))....)))..
1496;4;0;-4,911;0;0,00;12;21,00;0,000051;...((((.(((....)))))))..........((.....))..((...))......(...).......
1501;4;0;-4,907;0;0,00;11;14,00;0,000050;...((((...(....)..))))..........((.....))...((((......))))..........
1513;4;0;-4,906;0;0,00;16;15,00;0,000050;.(.((((.(((....)))))))..).......(((...)))...((((.(...)))))..........
1514;4;0;-4,906;0;0,00;16;18,00;0,000050;.(.((((.(((....)))))))..).......(((...)))...(((.((...)))))..........
1532;4;0;-4,898;0;0,00;13;14,00;0,000050;...((((.(((....)))))))....(.....)...........((((......))))..(...)...
1534;4;0;-4,891;0;0,00;10;19,00;0,000049;.(.(((.............)))..).......((.....))...((((......))))..........
1553;4;0;-4,890;0;0,00;12;16,00;0,000049;...((((.(........)))))..........(((...)))...((((......))))..........
1577;4;0;-4,876;0;0,00;15;16,00;0,000048;...((((.(((....)))))))..........(((...)))....(((......)))..((...))..
1581;4;0;-4,871;0;0,00;12;12,00;0,000047;....(((.(((....))))))...........((.....))...((((......))))..........
1583;4;0;-4,873;0;0,00;15;16,00;0,000048;...((((.(((....)))))))....(.....)......(((..((((......)))).....)))..
1595;4;0;-4,865;0;0,00;15;15,00;0,000047;...((((..((....)).))))..(...)...(((...)))...((((......))))...(....).
1597;4;0;-4,865;0;0,00;15;17,00;0,000047;.(.((((.(((....)))))))..)..............(((..((((......)))).....)))..
1604;4;0;-4,860;0;0,00;13;14,00;0,000047;...(((..(((....))).)))..........((.....))...((((......)))).(.....)..
1606;4;0;-4,861;0;0,00;12;15,00;0,000047;...((((..(......).))))..........((.....))...((((......))))...(....).
1609;4;0;-4,862;0;0,00;13;13,00;0,000047;...((((..((....)).))))..........((.....))...((((......)))).(...)....
1615;4;0;-4,856;0;0,00;8;26,00;0,000046;...((((...........))))..........((.....))..((........)).............
1617;4;0;-4,856;0;0,00;13;22,00;0,000046;...((((.(((....)))))))..........((.....))..((((...)).)).............
1623;4;0;-4,859;0;0,00;13;13,00;0,000046;...(((..(((....))).)))..........((.....))...((((......))))....(...).
1628;4;0;-4,853;0;0,00;11;18,00;0,000046;...((((.(((....)))))))..........((.....)).............(.(...).).....
1629;4;0;-4,854;0;0,00;14;14,00;0,000046;...((((.(((....)))))))..........((.....))...(((........))).((...))..
1635;4;0;-4,850;0;0,00;11;24,00;0,000046;...((((..((....)).))))..........(((...)))..((........)).............
1640;4;0;-4,851;0;0,00;12;19,00;0,000046;...((((..((....)).))))..........((.....))...((..((...)).))..........
1643;4;0;-4,845;0;0,00;15;13,00;0,000045;...((((.(((....))))))).(...)....(((...)))...((((......))))..........
1670;4;0;-4,840;0;0,00;14;12,00;0,000045;...((((.(((....)))))))..........((.....))..(((((......))))........).
1680;4;0;-4,835;0;0,00;14;14,00;0,000045;((.(((..(((....))).)))..))......((.....))...((((......))))..........
1690;4;0;-4,832;0;0,00;14;16,00;0,000044;...((((.(((....)))))))..(..((...........)).)((((......))))..........
1692;4;0;-4,826;0;0,00;16;14,00;0,000044;...((((.(((....)))))))..(...)...(((...)))...((((......)))).(.....)..
1695;4;0;-4,826;0;0,00;13;12,00;0,000044;...(((..(((....))).)))..........((.....))...((((......))))..(...)...
1696;4;0;-4,827;0;0,00;16;20,00;0,000044;...((((.(((....))))))).......((.....)).((..(((((......)))))...))....
1699;4;0;-4,821;0;0,00;14;14,00;0,000044;.(.((((..((....)).))))..).......((.....))...((((......))))....(...).
1701;4;0;-4,822;0;0,00;14;11,00;0,000044;...((((.(((....)))))))..........((.....))..(((((......))))..).......
1702;4;0;-4,822;0;0,00;13;23,00;0,000044;...((((.(((....)))))))..........(((...)))..(((.....).)).............
1703;4;0;-4,822;0;0,00;14;14,00;0,000044;...((((.(((....)))))))...((.....))......(...((((......))))...)......
1704;4;0;-4,822;0;0,00;13;14,00;0,000044;...((((.((......))))))..........((.....))...((((......)))).(.....)..
1710;4;0;-4,823;0;0,00;14;15,00;0,000044;.(.((((..((....)).))))..).......((.....))...((((......)))).(.....)..
1711;4;0;-4,823;0;0,00;14;16,00;0,000044;...((((.(((....)))))))...((.....))..........((((.(...)))))..........
1712;4;0;-4,823;0;0,00;14;19,00;0,000044;...((((.(((....)))))))...((.....))..........(((.((...)))))..........
1714;4;0;-4,824;0;0,00;13;15,00;0,000044;...((((.(((....)))))))..(.......)...........((((......))))...(....).
1715;4;0;-4,824;0;0,00;16;13,00;0,000044;...((((.(((....)))))))..(...)...(((...)))...((((......))))....(...).
1726;4;0;-4,820;0;0,00;13;13,00;0,000044;...((((.((......))))))..........((.....))...((((......))))....(...).
1739;4;0;-4,809;0;0,00;15;17,00;0,000043;((.((((.(((....)))))))..)).((...........))..((((......))))..........
1770;4;0;-4,804;0;0,00;11;18,00;0,000042;...(((((......)...))))..........((.....))...((((......))))..........
1771;4;0;-4,804;0;0,00;12;16,00;0,000042;...(((..((......)).)))..........(((...)))...((((......))))..........
1778;4;0;-4,798;0;0,00;11;43,00;0,000042;.(.((.(((((........(((.........)))......))))).)).)..................
1789;4;0;-4,795;0;0,00;11;16,00;0,000042;...((((.(((....)))))))....(.....)............(((......)))...........
1795;4;0;-4,797;0;0,00;14;14,00;0,000042;((.((((.((......))))))..))......((.....))...((((......))))..........
1798;4;0;-4,790;0;0,00;13;18,00;0,000041;...(((..(((....))).))).................((..(((((......)))))...))....
1800;4;0;-4,791;0;0,00;16;12,00;0,000042;...((((.(((....)))))))..(...)...(((...)))...((((......))))..(...)...
1808;4;0;-4,787;0;0,00;12;15,00;0,000041;...((((..((....)).))))..........((.....))...(((........)))...(....).
1810;4;0;-4,788;0;0,00;13;12,00;0,000041;...((((.((......))))))..........((.....))...((((......))))..(...)...
1812;4;0;-4,788;0;0,00;14;13,00;0,000041;.(.((((..((....)).))))..).......((.....))...((((......))))..(...)...
1824;4;0;-4,784;0;0,00;12;15,00;0,000041;...((((.(((....))))))).......(...)..........((((......))))..........
1829;4;0;-4,778;0;0,00;16;14,00;0,000041;...((((.(((....)))))))....((....(((...))).))((((......))))..........
1851;4;0;-4,770;0;0,00;14;16,00;0,000040;...((((.(((....)))))))..........(((...)))....(((......)))..(.....)..
1857;4;0;-4,773;0;0,00;14;8,00;0,000040;...((((.(((....)))))))......(...((.....))...((((......))))..).......
1860;4;0;-4,766;0;0,00;13;17,00;0,000040;.(.((((..(......).))))..).......(((...)))...((((......))))..........
1872;4;0;-4,769;0;0,00;10;20,00;0,000040;...((((.(((....)))))))..........((.....))..(.....)..................
1876;4;0;-4,762;0;0,00;16;15,00;0,000040;...((((.(((....)))))))..........(((...)))...((((.(...)))))...(....).
1877;4;0;-4,762;0;0,00;16;18,00;0,000040;...((((.(((....)))))))..........(((...)))...(((.((...)))))...(....).
1878;4;0;-4,763;0;0,00;13;15,00;0,000040;.(.((((.(((....)))))))..).(.....)...........((((......))))..........
1879;4;0;-4,763;0;0,00;8;27,00;0,000040;...((((...........))))..........((.....))..((...))..................
1886;4;0;-4,758;0;0,00;10;19,00;0,000039;...((((.(((....)))))))..........((.....)).......(.....).............
1895;4;0;-4,761;0;0,00;14;18,00;0,000039;...((((..((....)).))))....(.....)......((..(((((......)))))...))....
1903;4;0;-4,756;0;0,00;15;14,00;0,000039;...((((.(((....)))))))..........(((...))).(.((((......))))).........
1906;4;0;-4,757;0;0,00;11;25,00;0,000039;...((((..((....)).))))..........(((...)))..((...))..................
1912;4;0;-4,752;0;0,00;17;22,00;0,000039;...((((.(((....))))))).......((.....)).(((.(((((......)))))....)))..
1913;4;0;-4,752;0;0,00;8;27,00;0,000039;...((((...........))))..........((.....)).......((...)).............
1914;4;0;-4,752;0;0,00;13;18,00;0,000039;...((((.((......)))))).................((..(((((......)))))...))....
1921;4;0;-4,747;0;0,00;13;13,00;0,000038;...((((.(((....)))))))..........((.....))...(((........)))....(...).
1925;4;0;-4,748;0;0,00;10;19,00;0,000039;...(((.............)))..........((.....))...((((......))))...(....).
1929;4;0;-4,749;0;0,00;13;14,00;0,000039;...((((.(((....)))))))..........((.....))...(((........))).(.....)..
1943;4;0;-4,746;0;0,00;11;25,00;0,000038;...((((..((....)).))))..........(((...))).......((...)).............
1948;4;0;-4,739;0;0,00;10;28,00;0,000038;..((((.....)).))................((.....))...((((......))))..........
1950;4;0;-4,740;0;0,00;15;17,00;0,000038;...((((.(((....)))))))..(...)...........((.(((((......)))))....))...
1954;4;0;-4,741;0;0,00;11;25,00;0,000038;...((((.(((....))))))).................((..((........))..)).........
1967;4;0;-4,738;0;0,00;15;19,00;0,000038;...((((..((....)).))))...((.....))......((.(((((......)))))....))...
1974;4;0;-4,727;0;0,00;15;16,00;0,000037;...(((..(((....))).)))..........(((...)))...((((......)))).((...))..
1982;4;0;-4,730;0;0,00;12;16,00;0,000037;...(((..(((....))).)))..........(((...)))...(((........)))..........
1986;4;0;-4,723;0;0,00;15;12,00;0,000037;...((((.(((....)))))))..(...)...((.....))...((((.(...)))))..........
1987;4;0;-4,723;0;0,00;15;15,00;0,000037;...((((.(((....)))))))..(...)...((.....))...(((.((...)))))..........
1988;4;0;-4,723;0;0,00;14;14,00;0,000037;((.((((.(((....)))))))..))......((.....))...(((........)))..........
1995;4;0;-4,719;0;0,00;13;20,00;0,000037;.(.((((((....))...))))..).......((.....))...((((......))))..........
1996;4;0;-4,720;0;0,00;14;16,00;0,000037;...((((.(((....)))))))..........(((...)))...(((..(...).)))..........
1999;4;0;-4,720;0;0,00;17;14,00;0,000037;((.((((.(((....)))))))..))......((.....))...((((......)))).((...))..
2007;4;0;-4,722;0;0,00;11;14,00;0,000037;...(((..(((....))).)))..........((.....))....(((......)))...........
2011;4;0;-4,715;0;0,00;14;20,00;0,000037;...(((..(((....))).))).................(((.(((((......)))))....)))..
2018;4;0;-4,718;0;0,00;13;12,00;0,000037;...((((.(((....)))))))..(...)...(.......)...((((......))))..........
2024;4;0;-4,712;0;0,00;11;16,00;0,000036;...(((..(((....))).)))......(...........)...((((......))))..........
2035;4;0;-4,714;0;0,00;13;12,00;0,000036;...((((.(((....)))))))..........((.....))...(((........)))..(...)...
2036;4;0;-4,715;0;0,00;14;16,00;0,000036;...((((.(((....)))))))....(.....).......(..(((((......)))))...).....
2056;4;0;-4,705;0;0,00;14;18,00;0,000036;...((((.(((....)))))))..(.......)..((.....))((((......))))..........
2059;4;0;-4,706;0;0,00;14;17,00;0,000036;.(.((((.(((....)))))))..)...............(..(((((......)))))...).....
2072;4;0;-4,703;0;0,00;12;15,00;0,000036;...((((.(((....))))))).(.........)..........((((......))))..........
2079;4;0;-4,699;0;0,00;10;19,00;0,000035;.(.((((...........))))..).......((.....))...(((........)))..........
2083;4;0;-4,692;0;0,00;12;16,00;0,000035;...((((.((......))))))..........(((...)))...(((........)))..........
2085;4;0;-4,692;0;0,00;13;17,00;0,000035;.(.((((..((....)).))))..).......(((...)))...(((........)))..........
2087;4;0;-4,693;0;0,00;14;15,00;0,000035;...((((.(((....)))))))....(.....).......((..((((......)))).....))...
2089;4;0;-4,694;0;0,00;15;18,00;0,000035;...((((.(((....)))))))((.((.....))..))......((((......))))..........
2091;4;0;-4,688;0;0,00;14;14,00;0,000035;...((((.(((....)))))))..(...)...(((...)))....(((......)))...........
2095;4;0;-4,689;0;0,00;15;16,00;0,000035;...((((.((......))))))..........(((...)))...((((......)))).((...))..
2097;4;0;-4,690;0;0,00;16;17,00;0,000035;.(.((((..((....)).))))..).......(((...)))...((((......)))).((...))..
2102;4;0;-4,684;0;0,00;11;14,00;0,000035;...((((.((......))))))..........((.....))....(((......)))...........
2104;4;0;-4,685;0;0,00;12;15,00;0,000035;.(.((((..((....)).))))..).......((.....))....(((......)))...........
2106;4;0;-4,685;0;0,00;14;16,00;0,000035;.(.((((.(((....)))))))..)...............((..((((......)))).....))...
2111;4;0;-4,686;0;0,00;15;20,00;0,000035;...((((..((....)).))))....(.....)......(((.(((((......)))))....)))..
2114;4;0;-4,680;0;0,00;11;17,00;0,000034;...((((..(....)...))))..........((.....))...((((......))))..........
2124;4;0;-4,677;0;0,00;14;20,00;0,000034;...((((.((......)))))).................(((.(((((......)))))....)))..
2126;4;0;-4,679;0;0,00;13;18,00;0,000034;...((((.(((....))))))).................((..((((........))))...))....
2130;4;0;-4,673;0;0,00;13;23,00;0,000034;...((((.(((....)))))))..........(((...)))..((...))......(...).......
2134;4;0;-4,673;0;0,00;11;16,00;0,000034;...((((.((......))))))......(...........)...((((......))))..........
2139;4;0;-4,675;0;0,00;14;16,00;0,000034;...((((.(((....))))))).((.......))..........((((......))))...(....).
2142;4;0;-4,669;0;0,00;12;16,00;0,000034;...((((...(....)..))))..........(((...)))...((((......))))..........
2154;4;0;-4,672;0;0,00;11;25,00;0,000034;...((((((....))))...))..........((.....))...(((........)))..........
2175;4;0;-4,656;0;0,00;12;12,00;0,000033;...((((.(.(....).)))))..........((.....))...((((......))))..........
2178;4;0;-4,657;0;0,00;14;16,00;0,000033;...((((.(((....)))))))...((.....))..(.....).((((......))))..........
2182;4;0;-4,658;0;0,00;11;23,00;0,000033;...((((((....)))...)))..........((.....))...(((........)))..........
2188;4;0;-4,653;0;0,00;11;21,00;0,000033;.(.(((.............)))..).......(((...)))...((((......))))..........
2193;4;0;-4,654;0;0,00;15;15,00;0,000033;((.((((..((....)).))))..))......((.....))...((((......))))...(....).
2199;4;0;-4,655;0;0,00;14;23,00;0,000033;...((((((....)))...)))..........((.....))...((((......)))).((...))..
2201;4;0;-4,649;0;0,00;10;19,00;0,000033;...((((.(((....)))))))..........((.....))....(.....)................
2207;4;0;-4,651;0;0,00;13;45,00;0,000033;...(.((((((.(((....(((.........)))...........))).)).)))).)..........
2209;4;0;-4,651;0;0,00;14;15,00;0,000033;...((((.(((....))))))).................((..(((((......))))..).))....
2215;4;0;-4,645;0;0,00;10;16,00;0,000032;...((((..((....)).))))..........((.....))...((..........))..........
2239;4;0;-4,644;0;0,00;13;21,00;0,000032;...((((.(((....)))))))..........((.....))..((...))....((.......))...
2247;4;0;-4,639;0;0,00;12;23,00;0,000032;...((((..((....)).))))..........((.....))..((...))....(.(...).).....
2251;4;0;-4,634;0;0,00;15;6,00;0,000032;...((((.(((....)))))))...((.....((.....))...((((......))))....))....
2254;4;0;-4,634;0;0,00;9;23,00;0,000032;...((((.(((....)))))))..................((....))....................
2267;4;0;-4,630;0;0,00;11;17,00;0,000032;...((((...........))))..........((.....))...((((......)))).(...)....
2271;4;0;-4,631;0;0,00;14;11,00;0,000032;..(((((.(((....)))))))....).....((.....))...((((......))))..........
2272;4;0;-4,631;0;0,00;12;22,00;0,000032;.(.((((.(((....)))))))..).......((.....))..((...))..................
2277;4;0;-4,632;0;0,00;13;17,00;0,000032;...((((.(((....)))))))((.........)).........((((......))))..........
2278;4;0;-4,632;0;0,00;13;14,00;0,000032;....(((.(((....))))))...........(((...)))...((((......))))..........
2294;4;0;-4,622;0;0,00;14;16,00;0,000031;...(((..(((....))).)))..........(((...)))...((((......)))).(.....)..
2297;4;0;-4,622;0;0,00;13;17,00;0,000031;...((((..(......).))))..........(((...)))...((((......))))...(....).
2301;4;0;-4,624;0;0,00;14;15,00;0,000031;...((((..((....)).))))..........(((...)))...((((......)))).(...)....
2307;4;0;-4,625;0;0,00;12;15,00;0,000031;...((((.(((....)))))))..........((.....))...((..(.....).))..........
2309;4;0;-4,617;0;0,00;14;24,00;0,000031;...((((.(((....)))))))..........(((...)))..((((...)).)).............
2316;4;0;-4,619;0;0,00;10;23,00;0,000031;...((((...........))))..........((.....))...((..((...)).))..........
2317;4;0;-4,619;0;0,00;12;15,00;0,000031;...((((..((....)).))))..........((.....))...(((.(.....))))..........
2318;4;0;-4,620;0;0,00;14;15,00;0,000031;...(((..(((....))).)))..........(((...)))...((((......))))....(...).
2322;4;0;-4,620;0;0,00;12;22,00;0,000031;.(.((((.(((....)))))))..).......((.....)).......((...)).............
2328;4;0;-4,614;0;0,00;14;15,00;0,000031;.(.((((.(((....)))))))..)((.....))..........((((......))))..........
2330;4;0;-4,615;0;0,00;12;20,00;0,000031;...((((.(((....)))))))..........(((...))).............(.(...).).....
2331;4;0;-4,615;0;0,00;16;14,00;0,000031;((.((((.(((....)))))))..))......((.....))...((((......)))).(.....)..
2335;4;0;-4,616;0;0,00;15;16,00;0,000031;...((((.(((....)))))))..........(((...)))...(((........))).((...))..
2342;4;0;-4,611;0;0,00;11;14,00;0,000031;...((((.(((....)))))))..........((.....))....((........))...........
2343;4;0;-4,611;0;0,00;14;15,00;0,000031;...((((.(((....)))))))......(......)...((...((((......))))....))....
2352;4;0;-4,613;0;0,00;13;21,00;0,000031;...((((..((....)).))))..........(((...)))...((..((...)).))..........
2354;4;0;-4,613;0;0,00;16;13,00;0,000031;((.((((.(((....)))))))..))......((.....))...((((......))))....(...).
2356;4;0;-4,613;0;0,00;15;16,00;0,000031;...((((.(((....)))))))..(.......)......((..(((((......)))))...))....
2377;4;0;-4,603;0;0,00;12;17,00;0,000030;...(((..(((....))).))).....((...........))..((((......))))..........
2378;4;0;-4,604;0;0,00;14;20,00;0,000030;...((((.(((....))))))).................(((.((((........))))....)))..
2380;4;0;-4,605;0;0,00;15;18,00;0,000030;...((((.(((....)))))))(((.......))).........((((......))))...(....).
2387;4;0;-4,599;0;0,00;15;20,00;0,000030;...((((.(((....))))))).......((.....))..(..(((((......)))))...).....
2391;4;0;-4,600;0;0,00;11;16,00;0,000030;...((((.(((....)))))))......(...........)...(((........)))..........
2395;4;0;-4,601;0;0,00;15;14,00;0,000030;...((((.(((....)))))))..........(((...)))..(((((......))))........).
2405;4;0;-4,596;0;0,00;15;16,00;0,000030;((.(((..(((....))).)))..))......(((...)))...((((......))))..........
2409;4;0;-4,597;0;0,00;14;16,00;0,000030;...((((.(((....)))))))......(...........)...((((......)))).((...))..
2412;4;0;-4,590;0;0,00;13;14,00;0,000030;...((((.(((....)))))))....(.....).......(...((((......))))...)......
2413;4;0;-4,590;0;0,00;12;19,00;0,000030;.(.((((...........))))..).......((.....))...((((......)))).(.....)..
2415;4;0;-4,591;0;0,00;13;16,00;0,000030;...((((.(((....)))))))....(.....)...........((((.(...)))))..........
2416;4;0;-4,591;0;0,00;13;19,00;0,000030;...((((.(((....)))))))....(.....)...........(((.((...)))))..........
2418;4;0;-4,592;0;0,00;15;15,00;0,000030;...((((.(((....)))))))...((.....))....(.(...((((......))))...).)....
2422;4;0;-4,593;0;0,00;13;17,00;0,000030;...((((.(((....)))))))...........((......)).((((......))))..........
2427;4;0;-4,587;0;0,00;14;14,00;0,000029;...(((..(((....))).)))..........(((...)))...((((......))))..(...)...
2437;4;0;-4,583;0;0,00;12;14,00;0,000029;...((((..(......).))))..(...)...((.....))...((((......))))..........
2440;4;0;-4,583;0;0,00;15;13,00;0,000029;...((((.(((....)))))))..........(((...)))..(((((......))))..).......
2442;4;0;-4,583;0;0,00;14;16,00;0,000029;...((((.((......))))))..........(((...)))...((((......)))).(.....)..
2446;4;0;-4,584;0;0,00;15;17,00;0,000029;.(.((((..((....)).))))..).......(((...)))...((((......)))).(.....)..
2462;4;0;-4,580;0;0,00;16;12,00;0,000029;((.((((.(((....)))))))..))......((.....))...((((......))))..(...)...
2465;4;0;-4,581;0;0,00;14;15,00;0,000029;...((((.((......))))))..........(((...)))...((((......))))....(...).
2466;4;0;-4,582;0;0,00;13;15,00;0,000029;.(.((((.(((....)))))))..)...............(...((((......))))...)......
2468;4;0;-4,582;0;0,00;15;16,00;0,000029;.(.((((..((....)).))))..).......(((...)))...((((......))))....(...).
2473;4;0;-4,576;0;0,00;13;20,00;0,000029;...((((((....))...))))..........((.....))...((((......))))...(....).
2476;4;0;-4,578;0;0,00;15;19,00;0,000029;...((((.(((....))))))).......((.....))..((..((((......)))).....))...
2477;4;0;-4,571;0;0,00;13;13,00;0,000029;..(((((..((....)).))))..).......((.....))...((((......))))..........
2492;4;0;-4,574;0;0,00;14;11,00;0,000029;...((((.(((....)))))))(....)....((.....))...((((......))))..........
2511;4;0;-4,563;0;0,00;13;25,00;0,000028;...((((((....))))...))..........((.....))...((((......)))).(.....)..
2518;4;0;-4,565;0;0,00;12;20,00;0,000028;...(((((......)...))))..........(((...)))...((((......))))..........
2519;4;0;-4,565;0;0,00;12;17,00;0,000028;...((((.((......)))))).....((...........))..((((......))))..........
2526;4;0;-4,560;0;0,00;13;23,00;0,000028;...((((..((....)).))))....(((...((.....))..((...))....)))...........
2528;4;0;-4,560;0;0,00;13;16,00;0,000028;...((((.(((....)))))))......(.(......)..)...((((......))))..........
2531;4;0;-4,561;0;0,00;13;24,00;0,000028;...((((((....))))...))..........((.....))...((((......))))....(...).
2539;4;0;-4,555;0;0,00;10;19,00;0,000028;...((((...........))))..........((.....))...(((........)))...(....).
2549;4;0;-4,558;0;0,00;15;16,00;0,000028;((.((((.((......))))))..))......(((...)))...((((......))))..........
2557;4;0;-4,551;0;0,00;14;16,00;0,000028;...((((..((....)).))))...((.....)).....((...((((......))))....))....
2565;4;0;-4,553;0;0,00;14;14,00;0,000028;...((((.(((....)))))))..(...)..........((...((((......))))....))....
2570;4;0;-4,547;0;0,00;10;26,00;0,000027;...((((.(((....)))))))..................(..((...)).)................
2573;4;0;-4,548;0;0,00;13;22,00;0,000028;...((((((....)))...)))..........((.....))...((((......))))....(...).
2577;4;0;-4,549;0;0,00;13;17,00;0,000028;...((((..((....)).))))..........(((...)))...(((........)))...(....).
2578;4;0;-4,549;0;0,00;14;14,00;0,000028;...((((.((......))))))..........(((...)))...((((......))))..(...)...
2581;4;0;-4,550;0;0,00;15;15,00;0,000028;.(.((((..((....)).))))..).......(((...)))...((((......))))..(...)...
2582;4;0;-4,550;0;0,00;13;23,00;0,000028;...((((((....)))...)))..........((.....))...((((......)))).(.....)..
2589;4;0;-4,545;0;0,00;16;18,00;0,000027;((.((((.(((....)))))))..)).............((..(((((......)))))...))....
2591;4;0;-4,545;0;0,00;12;45,00;0,000027;((.((.(((((........(((.........)))......))))).)).)).................
2596;4;0;-4,546;0;0,00;8;20,00;0,000027;...((((..((....)).))))..........((.....))...........................
2600;4;0;-4,540;0;0,00;12;46,00;0,000027;.(.((.(((((..........((((.......))))....))))).)).)..................
2607;4;0;-4,541;0;0,00;12;15,00;0,000027;...((((..((....)).))))..........((.....))....(((......)))....(....).
2615;4;0;-4,536;0;0,00;13;19,00;0,000027;...(((..(((....))).)))..................((.(((((......)))))....))...
2620;4;0;-4,538;0;0,00;14;25,00;0,000027;((.((((((....))))...))..))......((.....))...((((......))))..........
2621;4;0;-4,538;0;0,00;16;18,00;0,000027;...((((.(((....)))))))..(.......)......(((.(((((......)))))....)))..
2635;4;0;-4,534;0;0,00;15;10,00;0,000027;...((((.(((....)))))))......(...(((...)))...((((......))))..).......
2639;4;0;-4,535;0;0,00;13;22,00;0,000027;...((((.(((....)))))))..........((.....))..........((.(.(...).)..)).
2641;4;0;-4,535;0;0,00;14;14,00;0,000027;.(.(((..(((....))).)))..).......((.....))...((((......))))...(....).
2653;4;0;-4,529;0;0,00;13;23,00;0,000027;...((((((....))))...))..........((.....))...((((......))))..(...)...
2667;4;0;-4,531;0;0,00;11;22,00;0,000027;...((((.(((....)))))))..........(((...)))..(.....)..................
2675;4;0;-4,524;0;0,00;14;23,00;0,000026;((.((((((....)))...)))..))......((.....))...((((......))))..........
2677;4;0;-4,525;0;0,00;9;29,00;0,000026;...((((...........))))..........(((...)))..((...))..................
2704;4;0;-4,523;0;0,00;14;12,00;0,000026;(..((((.(((....))))))).)........((.....))...((((......))))..........
2708;4;0;-4,517;0;0,00;12;12,00;0,000026;...((((.(((....)))))))...........(.....)....((((......))))..........
2715;4;0;-4,518;0;0,00;13;13,00;0,000026;.(.((((..((....)).))))....).....((.....))...((((......))))..........
2718;4;0;-4,519;0;0,00;13;14,00;0,000026;...(((..(((....))).)))..........((.....))...((((.(...)))))..........
2719;4;0;-4,519;0;0,00;13;17,00;0,000026;...(((..(((....))).)))..........((.....))...(((.((...)))))..........
2723;4;0;-4,519;0;0,00;11;21,00;0,000026;...((((.(((....)))))))..........(((...))).......(.....).............
2732;4;0;-4,513;0;0,00;9;29,00;0,000026;...((((...........))))..........(((...))).......((...)).............
2735;4;0;-4,513;0;0,00;11;14,00;0,000026;...(((..(((....))).)))..........(.......)...((((......))))..........
2740;4;0;-4,514;0;0,00;15;12,00;0,000026;...((((.(((....)))))))........((((.....))...((((......))))....))....
2742;4;0;-4,515;0;0,00;13;21,00;0,000026;...((((((....)))...)))..........((.....))...((((......))))..(...)...
2745;4;0;-4,508;0;0,00;14;15,00;0,000026;...((((.(((....)))))))..........(((...)))...(((........)))....(...).
2747;4;0;-4,509;0;0,00;11;21,00;0,000026;...(((.............)))..........(((...)))...((((......))))...(....).
2752;4;0;-4,509;0;0,00;12;14,00;0,000026;...((((..((....)).))))..(...)...((.....))...(((........)))..........
2755;4;0;-4,510;0;0,00;14;16,00;0,000026;...((((.(((....)))))))..........(((...)))...(((........))).(.....)..
2772;4;0;-4,505;0;0,00;14;14,00;0,000026;...((((.(((....)))))))...((.....))......(...((((......))))....).....
2780;4;0;-4,500;0;0,00;13;13,00;0,000025;...((((.(((....)))))))..........((.....))....(((......))).....(...).
2785;4;0;-4,501;0;0,00;15;17,00;0,000025;...((((.(((....)))))))......(......)...(((..((((......)))).....)))..
2803;4;0;-4,496;0;0,00;14;14,00;0,000025;.(.((((.((......))))))..).......((.....))...((((......))))...(....).
2806;4;0;-4,497;0;0,00;13;19,00;0,000025;...((((.((......))))))..................((.(((((......)))))....))...
2808;4;0;-4,498;0;0,00;15;12,00;0,000025;.(.((((.(((....)))))))..).......((.....))...((((......)))).(...)....
2825;4;0;-4,493;0;0,00;13;29,00;0,000025;...((((((....))))...)).................((..(((((......)))))...))....
2835;4;0;-4,496;0;0,00;13;23,00;0,000025;...((((.(((....)))))))..........((.....))......((((............)))).
2837;4;0;-4,489;0;0,00;15;17,00;0,000025;...((((.(((....))))))).....((...........))..((((......)))).((...))..
2841;4;0;-4,489;0;0,00;13;15,00;0,000025;...((((.(((....)))))))......(...........)...((((......))))....(...).
2844;4;0;-4,491;0;0,00;13;16,00;0,000025;...((((.(((....)))))))......(...........)...((((......)))).(.....)..
2846;4;0;-4,492;0;0,00;12;17,00;0,000025;...((((.(((....))))))).....((...........))..(((........)))..........
2853;4;0;-4,487;0;0,00;14;18,00;0,000025;.(.((((.(((....)))))))..).......((.....))...((..((...)).))..........
2856;4;0;-4,488;0;0,00;12;22,00;0,000025;...((((.(((....)))))))..........((.....))..((...))...........(....).
2860;4;0;-4,481;0;0,00;13;14,00;0,000025;...((((.((......))))))..........((.....))...((((.(...)))))..........
2861;4;0;-4,481;0;0,00;13;17,00;0,000025;...((((.((......))))))..........((.....))...(((.((...)))))..........
2863;4;0;-4,481;0;0,00;14;22,00;0,000025;.(.((((((....))...))))..).......(((...)))...((((......))))..........
2864;4;0;-4,481;0;0,00;14;15,00;0,000025;.(.((((..((....)).))))..).......((.....))...((((.(...)))))..........
2865;4;0;-4,481;0;0,00;14;18,00;0,000025;.(.((((..((....)).))))..).......((.....))...(((.((...)))))..........
2868;4;0;-4,482;0;0,00;18;16,00;0,000025;((.((((.(((....)))))))..))......(((...)))...((((......)))).((...))..
2877;4;0;-4,484;0;0,00;12;16,00;0,000025;...(((..(((....))).)))..........(((...)))....(((......)))...........
2879;4;0;-4,484;0;0,00;16;14,00;0,000025;...((((.(((....)))))))..(...)...(((...)))...((((.(...)))))..........
2880;4;0;-4,484;0;0,00;16;17,00;0,000025;...((((.(((....)))))))..(...)...(((...)))...(((.((...)))))..........
2881;4;0;-4,484;0;0,00;15;16,00;0,000025;((.((((.(((....)))))))..))......(((...)))...(((........)))..........
2882;4;0;-4,477;0;0,00;14;14,00;0,000024;((.((((.(((....)))))))..))......((.....))....(((......)))...........
2891;4;0;-4,480;0;0,00;13;27,00;0,000025;...((((((....)))...))).................((..(((((......)))))...))....
2902;4;0;-4,475;0;0,00;14;18,00;0,000024;...((((.(((....))))))).......((.....))..(...((((......))))...)......
2904;4;0;-4,475;0;0,00;11;14,00;0,000024;...((((.((......))))))..........(.......)...((((......))))..........
2907;4;0;-4,475;0;0,00;14;14,00;0,000024;...((((.(((....)))))))..........(((...)))...(((........)))..(...)...
2911;4;0;-4,476;0;0,00;11;20,00;0,000024;...((((.(((....)))))))..........((.....))....((.....))..............
2914;4;0;-4,476;0;0,00;12;22,00;0,000024;...((((.(((....)))))))..........((.....)).......((...))......(....).
2920;4;0;-4,470;0;0,00;17;20,00;0,000024;((.((((.(((....)))))))..)).............(((.(((((......)))))....)))..
2930;4;0;-4,465;0;0,00;12;23,00;0,000024;.(.(((((......)))...))..).......((.....))...((((......))))..........
2931;4;0;-4,466;0;0,00;14;16,00;0,000024;((.((((.(((....)))))))..))..(...........)...((((......))))..........
2935;4;0;-4,467;0;0,00;15;20,00;0,000024;...((((.(((....)))))))..(.......)..(((...)))((((......))))..........
2942;4;0;-4,468;0;0,00;13;12,00;0,000024;...((((.(((....)))))))..........((.....))....(((......)))...(...)...
2949;4;0;-4,462;0;0,00;10;18,00;0,000024;...((((.(((....)))))))..........((.....))...............(...).......
2960;4;0;-4,465;0;0,00;16;17,00;0,000024;...((((.(((....))))))).((.......)).....((..(((((......)))))...))....
2969;4;0;-4,458;0;0,00;12;19,00;0,000024;...((((.(((....)))))))..........((.....))...........(.(.(...)).)....
2973;4;0;-4,459;0;0,00;14;20,00;0,000024;...((((.(((....)))))))...((.....)).((.....)).(((......)))...........
2976;4;0;-4,460;0;0,00;11;21,00;0,000024;.(.((((...........))))..).......(((...)))...(((........)))..........
2991;4;0;-4,457;0;0,00;13;14,00;0,000024;...((((.(((....)))))))......(...........)...((((......))))..(...)...
2997;4;0;-4,451;0;0,00;13;16,00;0,000023;...((((..((....)).))))..........((.....))....(((......)))..((...))..
2999;4;0;-4,452;0;0,00;12;21,00;0,000023;.(.(((((......))...)))..).......((.....))...((((......))))..........
3000;4;0;-4,452;0;0,00;14;17,00;0,000023;...((((.(((....))))))).....((.(......)..))..((((......))))..........
3001;4;0;-4,452;0;0,00;10;19,00;0,000023;.(.((((...........))))..).......((.....))....(((......)))...........
3005;4;0;-4,445;0;0,00;12;16,00;0,000023;...((((.((......))))))..........(((...)))....(((......)))...........
3007;4;0;-4,446;0;0,00;13;17,00;0,000023;.(.((((..((....)).))))..).......(((...)))....(((......)))...........
3025;4;0;-4,443;0;0,00;15;16,00;0,000023;...((((.(((....)))))))..(...)..........(((..((((......)))).....)))..
3030;4;0;-4,445;0;0,00;11;20,00;0,000023;...((((.(((....)))))))..........((.....))....((...))................
3034;4;0;-4,439;0;0,00;15;18,00;0,000023;...((((.(((....))))))).......(....)....((..(((((......)))))...))....
3046;4;0;-4,441;0;0,00;12;19,00;0,000023;...((((..(....)...))))..........(((...)))...((((......))))..........
3063;4;0;-4,431;0;0,00;13;14,00;0,000023;...((((.(((....)))))))..........(.(...).)...((((......))))..........
3078;4;0;-4,428;0;0,00;11;18,00;0,000022;...((((.(((....)))))))..........((.....))...((...............)).....
3090;4;0;-4,423;0;0,00;14;14,00;0,000022;.(.((((.(((....)))))))..).......((.....))...(((........)))...(....).
3093;4;0;-4,424;0;0,00;13;19,00;0,000022;...((((.(((....)))))))..................((.((((........))))....))...
3095;4;0;-4,424;0;0,00;13;16,00;0,000022;...((((.(((....)))))))....(.....)...(.....).((((......))))..........
3097;4;0;-4,425;0;0,00;11;25,00;0,000022;...((((((....))))...))..........((.....))....(((......)))...........
3110;4;0;-4,420;0;0,00;13;13,00;0,000022;...((((..((....)).)))).(...)....((.....))...((((......))))..........
3116;4;0;-4,421;0;0,00;12;47,00;0,000022;.(.(..(((((..((....(((.........))).))...)))))..).)..................
3123;4;0;-4,415;0;0,00;16;17,00;0,000022;((.((((..((....)).))))..))......(((...)))...((((......))))...(....).
3135;4;0;-4,418;0;0,00;13;14,00;0,000022;...((((.(.(....).)))))..........(((...)))...((((......))))..........
3138;4;0;-4,418;0;0,00;15;18,00;0,000022;...((((.(((....)))))))...((.....))..((...)).((((......))))..........
3141;4;0;-4,410;0;0,00;11;21,00;0,000022;...((((.(((....)))))))..........(((...)))....(.....)................
3147;4;0;-4,412;0;0,00;11;23,00;0,000022;...((((((....)))...)))..........((.....))....(((......)))...........
3152;4;0;-4,412;0;0,00;8;20,00;0,000022;...((((...........))))..........((.....))...((..........))..........
3153;4;0;-4,413;0;0,00;12;20,00;0,000022;...((((.(((....)))))))..........((.....))..(.....)....(.(...).).....
3158;4;0;-4,406;0;0,00;11;18,00;0,000022;...((((..((....)).))))..........(((...)))...((..........))..........
3187;4;0;-4,404;0;0,00;16;14,00;0,000022;...((((.(((....)))))))..........((.....))...((((.(...))))).((...))..
3188;4;0;-4,404;0;0,00;16;17,00;0,000022;...((((.(((....)))))))..........((.....))...(((.((...))))).((...))..
3190;4;0;-4,405;0;0,00;14;29,00;0,000022;...((((((....)))...))).................(((.(((((......)))))....)))..
3191;4;0;-4,405;0;0,00;11;17,00;0,000022;...((((.(....)....))))..........((.....))...((((......))))..........
3192;4;0;-4,405;0;0,00;14;23,00;0,000022;...((((.(((....)))))))..........(((...)))..((...))....((.......))...
3196;4;0;-4,399;0;0,00;14;14,00;0,000021;...((((.(((....)))))))..........(.......)...((((......)))).((...))..
3197;4;0;-4,399;0;0,00;14;13,00;0,000021;...((((..((....)).))))..(...)...((.....))...((((......))))....(...).
3200;4;0;-4,400;0;0,00;13;25,00;0,000021;...((((..((....)).))))..........(((...)))..((...))....(.(...).).....
3205;4;0;-4,401;0;0,00;14;14,00;0,000021;...((((..((....)).))))..(...)...((.....))...((((......)))).(.....)..
3208;4;0;-4,402;0;0,00;11;14,00;0,000021;...((((.(((....)))))))..........(.......)...(((........)))..........
3212;4;0;-4,395;0;0,00;16;8,00;0,000021;...((((.(((....)))))))...((.....(((...)))...((((......))))....))....
3222;4;0;-4,397;0;0,00;11;23,00;0,000021;...((((..((....)).))))..........((.....))..(((.....).)).............
3235;4;0;-4,391;0;0,00;12;19,00;0,000021;...((((...........))))..........(((...)))...((((......)))).(...)....
3236;4;0;-4,391;0;0,00;11;19,00;0,000021;...((((.(((....)))))))..........((.....))...........(.(......).)....
3237;4;0;-4,391;0;0,00;12;12,00;0,000021;...((((.(((....)))))))..........((.....))...((.(......).))..........
3242;4;0;-4,392;0;0,00;15;13,00;0,000021;..(((((.(((....)))))))....).....(((...)))...((((......))))..........
3244;4;0;-4,393;0;0,00;13;24,00;0,000021;.(.((((.(((....)))))))..).......(((...)))..((...))..................
3248;4;0;-4,394;0;0,00;13;20,00;0,000021;...((((.(((....)))))))....(.....)..((.....)).(((......)))...........
3249;4;0;-4,394;0;0,00;17;19,00;0,000021;...((((.(((....)))))))(((.......)))....((..(((((......)))))...))....
3264;4;0;-4,390;0;0,00;17;19,00;0,000021;...((((.(((....))))))).((.......)).....(((.(((((......)))))....)))..
3268;4;0;-4,390;0;0,00;15;19,00;0,000021;...((((.(((....))))))).((.......)).((.....))((((......))))..........
3271;4;0;-4,383;0;0,00;14;17,00;0,000021;...((((.(((....))))))).....((...........))..((((......)))).(.....)..
3276;4;0;-4,385;0;0,00;12;22,00;0,000021;...((((.(((....)))))))..........((.....))..((........))....(.....)..
3279;4;0;-4,385;0;0,00;14;17,00;0,000021;...((((.(((....)))))))........(((...........((((......)))).....)))..
3280;4;0;-4,385;0;0,00;15;18,00;0,000021;...((((.(((....))))))).......((.....)).((...((((......))))....))....
3291;4;0;-4,386;0;0,00;13;17,00;0,000021;...((((.(((....)))))))..........(((...)))...((..(.....).))..........
3293;4;0;-4,387;0;0,00;10;19,00;0,000021;...((((...........))))..........((.....))...(((.(.....))))..........
3300;4;0;-4,380;0;0,00;11;25,00;0,000021;...((((...........))))..........(((...)))...((..((...)).))..........
3303;4;0;-4,380;0;0,00;13;17,00;0,000021;...((((..((....)).))))..........(((...)))...(((.(.....))))..........
3308;4;0;-4,381;0;0,00;13;24,00;0,000021;.(.((((.(((....)))))))..).......(((...))).......((...)).............
3309;4;0;-4,381;0;0,00;14;16,00;0,000021;...((((.(((....))))))).....((...........))..((((......))))....(...).
3321;4;0;-4,376;0;0,00;12;43,00;0,000021;.(.(..(((((........(((.........)))......)))))..).)....((.......))...
3322;4;0;-4,376;0;0,00;17;16,00;0,000021;((.((((.(((....)))))))..))......(((...)))...((((......)))).(.....)..
3335;4;0;-4,372;0;0,00;12;16,00;0,000020;...((((.(((....)))))))..........(((...)))....((........))...........
3342;4;0;-4,374;0;0,00;17;15,00;0,000021;((.((((.(((....)))))))..))......(((...)))...((((......))))....(...).
3360;4;0;-4,364;0;0,00;16;20,00;0,000020;...((((.(((....))))))).......(....)....(((.(((((......)))))....)))..
3368;4;0;-4,366;0;0,00;10;22,00;0,000020;...((.((......))....))..........((.....))...((((......))))..........
3369;4;0;-4,367;0;0,00;14;12,00;0,000020;...((((..((....)).))))..(...)...((.....))...((((......))))..(...)...
3376;4;0;-4,360;0;0,00;14;15,00;0,000020;...((((.(((....)))))))....(.....).....(.(...((((......))))...).)....
3391;4;0;-4,362;0;0,00;15;13,00;0,000020;...((((.(((....)))))))..........((.....)).((((((......)))))....)....
3407;4;0;-4,358;0;0,00;15;17,00;0,000020;...((((.(((....)))))))..(.......).......((.(((((......)))))....))...
3418;4;0;-4,353;0;0,00;11;16,00;0,000020;...((((.(((....)))))))......(...........)....(((......)))...........
3419;4;0;-4,353;0;0,00;14;14,00;0,000020;...((((..((....)).))))....((....((.....)).))((((......))))..........
3431;4;0;-4,349;0;0,00;14;15,00;0,000020;...((((.(((....))))))).....((...........))..((((......))))..(...)...
3432;4;0;-4,349;0;0,00;12;16,00;0,000020;...(((..(((....))).))).................((...((((......))))....))....
3445;4;0;-4,351;0;0,00;13;21,00;0,000020;.(.((((...........))))..).......(((...)))...((((......)))).(.....)..
3447;4;0;-4,351;0;0,00;14;16,00;0,000020;.(.((((.(((....)))))))..).............(.(...((((......))))...).)....
3450;4;0;-4,344;0;0,00;13;16,00;0,000020;...((((..(......).))))..(...)...(((...)))...((((......))))..........
3452;4;0;-4,345;0;0,00;14;19,00;0,000020;...((((.(((....))))))).................(((.(.(((......)))...)..)))..
3457;4;0;-4,345;0;0,00;12;16,00;0,000020;...((((..((....)).))))..........((.....))....(((......)))..(.....)..
3461;4;0;-4,346;0;0,00;12;15,00;0,000020;...((((.(((....)))))))............(....)....((((......))))..........
3472;4;0;-4,341;0;0,00;11;16,00;0,000019;...(((..(((....))).)))..(.......)...........((((......))))..........
3473;4;0;-4,341;0;0,00;17;14,00;0,000019;((.((((.(((....)))))))..))......(((...)))...((((......))))..(...)...
3477;4;0;-4,343;0;0,00;14;18,00;0,000019;...((((.(((....)))))))..........((.....))...((..((...)).))...(....).
3480;4;0;-4,337;0;0,00;14;22,00;0,000019;...((((((....))...))))..........(((...)))...((((......))))...(....).
3481;4;0;-4,337;0;0,00;14;15,00;0,000019;...((((..((....)).))))..........((.....))...((((.(...)))))...(....).
3482;4;0;-4,337;0;0,00;14;18,00;0,000019;...((((..((....)).))))..........((.....))...(((.((...)))))...(....).
3485;4;0;-4,338;0;0,00;11;17,00;0,000019;..(((((...........))))..).......((.....))...((((......))))..........
3489;4;0;-4,332;0;0,00;8;20,00;0,000019;...((...............))..........((.....))...((((......))))..........
3496;4;0;-4,334;0;0,00;13;20,00;0,000019;...((((.(((....)))))))....(((...((.....))..(.....)....)))...........
3501;4;0;-4,334;0;0,00;10;44,00;0,000019;..((..(((((........(((.........)))......)))))...))..................
3504;4;0;-4,335;0;0,00;15;13,00;0,000019;...((((.(((....)))))))(....)....(((...)))...((((......))))..........
3527;4;0;-4,331;0;0,00;13;14,00;0,000019;...((((..((....)).))))..........((.....)).(.((((......))))).........
3531;4;0;-4,332;0;0,00;14;15,00;0,000019;..(((((..((....)).))))..).......(((...)))...((((......))))..........
3539;4;0;-4,325;0;0,00;12;15,00;0,000019;...((((.(((....)))))))...........(....).....((((......))))..........
3559;4;0;-4,321;0;0,00;14;25,00;0,000019;...((((..((....)).))))....(((...(((...)))..((...))....)))...........
3562;4;0;-4,322;0;0,00;12;23,00;0,000019;...(((((......)))...))..........((.....))...((((......))))...(....).
3586;4;0;-4,319;0;0,00;18;21,00;0,000019;...((((.(((....)))))))(((.......)))....(((.(((((......)))))....)))..
3589;4;0;-4,319;0;0,00;13;16,00;0,000019;...((((..((....)).))))....(.....)......((...((((......))))....))....
3599;4;0;-4,314;0;0,00;6;24,00;0,000019;...((((...........))))..........((.....))...........................
3605;4;0;-4,316;0;0,00;11;21,00;0,000019;...((((...........))))..........(((...)))...(((........)))...(....).
3618;4;0;-4,310;0;0,00;12;16,00;0,000018;...((((.((......)))))).................((...((((......))))....))....
3643;4;0;-4,308;0;0,00;9;22,00;0,000018;...((((..((....)).))))..........(((...)))...........................
3647;4;0;-4,308;0;0,00;12;21,00;0,000018;...(((((......))...)))..........((.....))...((((......))))...(....).
3649;4;0;-4,308;0;0,00;10;19,00;0,000018;...((((...........))))..........((.....))....(((......)))....(....).
3657;4;0;-4,302;0;0,00;13;17,00;0,000018;...((((..((....)).))))..........(((...)))....(((......)))....(....).
3660;4;0;-4,303;0;0,00;11;16,00;0,000018;...((((.((......))))))..(.......)...........((((......))))..........
3664;4;0;-4,304;0;0,00;12;20,00;0,000018;...((((.(((....)))))))..........((.....))..((........)).(...).......
3672;4;0;-4,298;0;0,00;13;19,00;0,000018;...((((((....))...))))..(...)...((.....))...((((......))))..........
3676;4;0;-4,299;0;0,00;15;14,00;0,000018;...((((.(((....)))))))..........((.....))...((((.(...))))).(.....)..
3677;4;0;-4,299;0;0,00;15;17,00;0,000018;...((((.(((....)))))))..........((.....))...(((.((...))))).(.....)..
3686;4;0;-4,293;0;0,00;13;14,00;0,000018;...((((.(((....)))))))..........(.......)...((((......)))).(.....)..
3695;4;0;-4,295;0;0,00;12;16,00;0,000018;...((((..((....)).))))..........((.....))...(((..(...).)))..........
3700;4;0;-4,296;0;0,00;14;24,00;0,000018;...((((.(((....)))))))..........(((...)))..........((.(.(...).)..)).
3701;4;0;-4,296;0;0,00;15;16,00;0,000018;.(.(((..(((....))).)))..).......(((...)))...((((......))))...(....).
3707;4;0;-4,297;0;0,00;15;13,00;0,000018;...((((.(((....)))))))..........((.....))...((((.(...)))))....(...).
3708;4;0;-4,297;0;0,00;15;16,00;0,000018;...((((.(((....)))))))..........((.....))...(((.((...)))))....(...).
3722;4;0;-4,291;0;0,00;13;13,00;0,000018;...((((.(((....)))))))..........(.......)...((((......))))....(...).
3729;4;0;-4,292;0;0,00;12;23,00;0,000018;...((((.(((....)))))))..........((.....))..((...)).........(.....)..
3733;4;0;-4,292;0;0,00;12;19,00;0,000018;...((((.(((....)))))))..........((.....))....(.....)..(.(...).).....
3737;4;0;-4,285;0;0,00;11;17,00;0,000018;.(.((((...........))))....).....((.....))...((((......))))..........
3748;4;0;-4,288;0;0,00;13;48,00;0,000018;((.((.(((((..........((((.......))))....))))).)).)).................
3753;4;0;-4,289;0;0,00;14;16,00;0,000018;...((((.(((....))))))).(.((.....))..).......((((......))))..........
3764;4;0;-4,283;0;0,00;14;18,00;0,000018;...((((..((....)).))))...((.....))......(..(((((......)))))...).....
3767;4;0;-4,283;0;0,00;15;25,00;0,000018;...((((.(((....)))))))..........((.....))..((...)).((.(.(...).)..)).
3769;4;0;-4,284;0;0,00;15;14,00;0,000018;(..((((.(((....))))))).)........(((...)))...((((......))))..........
3776;4;0;-4,285;0;0,00;14;16,00;0,000018;...((((.(((....)))))))..(...)...........(..(((((......)))))...).....
3780;4;0;-4,278;0;0,00;11;23,00;0,000017;...((((.(((....)))))))..................((....))......(.(...).).....
3782;4;0;-4,278;0;0,00;13;14,00;0,000017;...((((.(((....)))))))...........((...))....((((......))))..........
3791;4;0;-4,279;0;0,00;14;15,00;0,000017;.(.((((..((....)).))))....).....(((...)))...((((......))))..........
3796;4;0;-4,280;0;0,00;14;16,00;0,000018;...(((..(((....))).)))..........(((...)))...((((.(...)))))..........
3797;4;0;-4,280;0;0,00;14;19,00;0,000018;...(((..(((....))).)))..........(((...)))...(((.((...)))))..........
3800;4;0;-4,280;0;0,00;12;23,00;0,000018;...((((.(((....)))))))..........((.....)).......((...))....(.....)..
3802;4;0;-4,281;0;0,00;12;15,00;0,000018;.(.((((.(((....)))))))..).......((.....))...((..........))..........
3819;4;0;-4,275;0;0,00;16;14,00;0,000017;...((((.(((....)))))))........(((((...)))...((((......))))....))....
3820;4;0;-4,275;0;0,00;16;20,00;0,000017;...((((.(((....))))))).......((.....)).(((..((((......)))).....)))..
3827;4;0;-4,277;0;0,00;12;15,00;0,000017;...((((.(((....)))))))..........(...........((((......))))........).
3837;4;0;-4,271;0;0,00;13;16,00;0,000017;...((((..((....)).))))..(...)...(((...)))...(((........)))..........
3846;4;0;-4,271;0;0,00;12;14,00;0,000017;...((((.(.(....)).))))..........((.....))...((((......))))..........
3847;4;0;-4,272;0;0,00;12;18,00;0,000017;.(.((((.(.....)...))))..).......((.....))...((((......))))..........
3850;4;0;-4,273;0;0,00;13;14,00;0,000017;...((((.(((....)))))))....(.....).......(...((((......))))....).....
3853;4;0;-4,273;0;0,00;16;14,00;0,000017;((.((((.(((....)))))))..))......((.....))...((((.(...)))))..........
3854;4;0;-4,273;0;0,00;16;17,00;0,000017;((.((((.(((....)))))))..))......((.....))...(((.((...)))))..........
3863;4;0;-4,267;0;0,00;10;16,00;0,000017;...((((..(......).))))..........((.....))...(((........)))..........
3868;4;0;-4,268;0;0,00;14;14,00;0,000017;((.((((.(((....)))))))..))......(.......)...((((......))))..........
3883;4;0;-4,262;0;0,00;14;17,00;0,000017;...((((..((....)).))))...((.....))......((..((((......)))).....))...
3888;4;0;-4,263;0;0,00;12;14,00;0,000017;...((((..((....)).))))..(...)...((.....))....(((......)))...........
3891;4;0;-4,263;0;0,00;14;15,00;0,000017;...((((.(((....)))))))..(...)...........((..((((......)))).....))...
3893;4;0;-4,264;0;0,00;13;16,00;0,000017;...((((..(......).))))..........((.....))...((((......)))).((...))..
3896;4;0;-4,264;0;0,00;15;12,00;0,000017;...((((.(((....)))))))..........((.....))...((((.(...)))))..(...)...
3897;4;0;-4,264;0;0,00;15;15,00;0,000017;...((((.(((....)))))))..........((.....))...(((.((...)))))..(...)...
3901;4;0;-4,265;0;0,00;13;15,00;0,000017;.(.((((.(((....)))))))..)...............(...((((......))))....).....
3910;4;0;-4,259;0;0,00;13;12,00;0,000017;...((((.(((....)))))))..........(.......)...((((......))))..(...)...
3912;4;0;-4,259;0;0,00;16;14,00;0,000017;.(.((((.(((....)))))))..).......(((...)))...((((......)))).(...)....
3932;4;0;-4,261;0;0,00;14;15,00;0,000017;...((((.(((....)))))))..........(((...)))....(((......))).....(...).
3935;4;0;-4,255;0;0,00;14;14,00;0,000017;.(.((((.(((....)))))))..).......((.....))...(((.(.....))))..........
3945;4;0;-4,256;0;0,00;12;17,00;0,000017;.(.((((.(.......).))))..).......((.....))...((((......))))..........
3948;4;0;-4,257;0;0,00;14;25,00;0,000017;...((((.(((....)))))))..........(((...)))......((((............)))).
3952;4;0;-4,258;0;0,00;15;16,00;0,000017;.(.((((.((......))))))..).......(((...)))...((((......))))...(....).
3963;4;0;-4,253;0;0,00;14;24,00;0,000017;...((((.(((....)))))))..........((.....)).....(((((............)))))
3975;4;0;-4,248;0;0,00;11;23,00;0,000017;...((((..((....)).))))..........((.....))..((...))......(...).......
3976;4;0;-4,248;0;0,00;15;20,00;0,000017;.(.((((.(((....)))))))..).......(((...)))...((..((...)).))..........
3977;4;0;-4,248;0;0,00;10;24,00;0,000017;...((((.(((....)))))))..................(..((........)).)...........
3984;4;0;-4,249;0;0,00;12;19,00;0,000017;.(.((((...........))))..).......((.....))...((((.(...)))))..........
3985;4;0;-4,249;0;0,00;12;22,00;0,000017;.(.((((...........))))..).......((.....))...(((.((...)))))..........
3988;4;0;-4,249;0;0,00;13;24,00;0,000017;...((((.(((....)))))))..........(((...)))..((...))...........(....).
3995;4;0;-4,242;0;0,00;15;17,00;0,000016;.(.((((..((....)).))))..).......(((...)))...((((.(...)))))..........
3996;4;0;-4,242;0;0,00;15;20,00;0,000016;.(.((((..((....)).))))..).......(((...)))...(((.((...)))))..........
4013;4;0;-4,245;0;0,00;12;17,00;0,000017;...((((.(((....))))))).....((...........))...(((......)))...........
4022;4;0;-4,239;0;0,00;13;18,00;0,000016;...(((..(((....))).))).................(((..((((......)))).....)))..
4027;4;0;-4,240;0;0,00;16;17,00;0,000016;...((((.(((....)))))))....(.....)......(((.(((((......))))..)..)))..
4034;4;0;-4,242;0;0,00;14;16,00;0,000016;...((((.((......))))))..........(((...)))...((((.(...)))))..........
4035;4;0;-4,242;0;0,00;14;19,00;0,000016;...((((.((......))))))..........(((...)))...(((.((...)))))..........
4037;4;0;-4,242;0;0,00;14;11,00;0,000016;...((((.(((....)))))))..........((.....))...((((......)))).....(...)
4044;4;0;-4,236;0;0,00;12;28,00;0,000016;..((((.....)).))..((.......))...((.....))...((((......))))..........
4050;4;0;-4,237;0;0,00;12;16,00;0,000016;...((((.(((....))))))).................((...(((........)))....))....
4051;4;0;-4,237;0;0,00;12;22,00;0,000016;...((((.(((....)))))))..........(((...)))....((.....))..............
4054;4;0;-4,237;0;0,00;13;24,00;0,000016;...((((.(((....)))))))..........(((...))).......((...))......(....).
4056;4;0;-4,237;0;0,00;14;25,00;0,000016;.(.((((((....))))...))..).......((.....))...((((......))))...(....).
4058;4;0;-4,238;0;0,00;15;16,00;0,000016;((.((((.(((....)))))))..))......(((...)))....(((......)))...........
4070;4;0;-4,232;0;0,00;16;18,00;0,000016;.(.((((.(((....)))))))..)..............(((.(((((......))))..)..)))..
4093;4;0;-4,229;0;0,00;15;18,00;0,000016;...((((.(((....))))))).................((..(((((.(...))))))...))....
4094;4;0;-4,229;0;0,00;15;21,00;0,000016;...((((.(((....))))))).................((..((((.((...))))))...))....
4096;4;0;-4,229;0;0,00;14;14,00;0,000016;...((((.(((....)))))))..........(((...)))....(((......)))...(...)...
4099;4;0;-4,230;0;0,00;11;16,00;0,000016;...((((.(((....)))))))..(.......)...........(((........)))..........
4103;4;0;-4,223;0;0,00;11;20,00;0,000016;...((((.(((....)))))))..........(((...)))...............(...).......
4109;4;0;-4,224;0;0,00;14;23,00;0,000016;.(.((((((....)))...)))..).......((.....))...((((......))))...(....).
4126;4;0;-4,226;0;0,00;13;25,00;0,000016;.(.(((((......)))...))..).......(((...)))...((((......))))..........
4132;4;0;-4,220;0;0,00;13;21,00;0,000016;...((((.(((....)))))))..........(((...)))...........(.(.(...)).)....
4139;4;0;-4,221;0;0,00;15;22,00;0,000016;...((((.(((....)))))))...((.....)).(((...))).(((......)))...........
4146;4;0;-4,222;0;0,00;13;25,00;0,000016;...((((((....))))...))..........((.....))...((((.(...)))))..........
4147;4;0;-4,222;0;0,00;13;28,00;0,000016;...((((((....))))...))..........((.....))...(((.((...)))))..........
4179;4;0;-4,212;0;0,00;14;18,00;0,000016;...((((..((....)).))))..........(((...)))....(((......)))..((...))..
4183;4;0;-4,213;0;0,00;13;23,00;0,000016;.(.(((((......))...)))..).......(((...)))...((((......))))..........
4184;4;0;-4,213;0;0,00;13;17,00;0,000016;...(((..(((....))).)))...((.....))..........((((......))))...(....).
4186;4;0;-4,213;0;0,00;11;21,00;0,000016;.(.((((...........))))..).......(((...)))....(((......)))...........
4188;4;0;-4,213;0;0,00;13;19,00;0,000016;...((((.(((....)))))))....(((...((.....))....(.....)..)))...........
4191;4;0;-4,214;0;0,00;12;12,00;0,000016;...((.(.(((....)))).))..........((.....))...((((......))))..........
4193;4;0;-4,207;0;0,00;11;14,00;0,000015;....(((..((....)).)))...........((.....))...((((......))))..........
4196;4;0;-4,208;0;0,00;8;24,00;0,000015;...((((.(((....))))))).....................(.....)..................
4201;4;0;-4,208;0;0,00;13;23,00;0,000016;...((((((....)))...)))..........((.....))...((((.(...)))))..........
4202;4;0;-4,208;0;0,00;13;26,00;0,000016;...((((((....)))...)))..........((.....))...(((.((...)))))..........
4203;4;0;-4,208;0;0,00;12;21,00;0,000016;...((((.(((....)))))))..........((.....))..((........))..(........).
4214;4;0;-4,210;0;0,00;14;18,00;0,000016;...((((..((....)).))))....(.....)......(((..((((......)))).....)))..
4217;4;0;-4,210;0;0,00;16;18,00;0,000016;...((((.(((....))))))).((.......))......((.(((((......)))))....))...
4228;4;0;-4,205;0;0,00;7;29,00;0,000015;...................(((.........)))..........((((......))))..........
4230;4;0;-4,205;0;0,00;13;15,00;0,000015;...((((.(((....))))))).........((...........((((......)))).....))...
4234;4;0;-4,206;0;0,00;12;22,00;0,000015;...((((.(((....)))))))..........(((...)))....((...))................
4237;4;0;-4,199;0;0,00;12;21,00;0,000015;...((((.(((....)))))))..........((.....)).......((...)).(...).......
4242;4;0;-4,201;0;0,00;13;18,00;0,000015;...((((.((......)))))).................(((..((((......)))).....)))..
4276;4;0;-4,192;0;0,00;14;16,00;0,000015;((.((((.(((....)))))))..))(.....)...........((((......))))..........
4283;4;0;-4,192;0;0,00;12;24,00;0,000015;...((((..((....)).))))..........((.....))..((((...)).)).............
4287;4;0;-4,193;0;0,00;12;17,00;0,000015;...(((..(((....))).))).((.......))..........((((......))))..........
4294;4;0;-4,195;0;0,00;11;35,00;0,000015;......(((((........(((.........)))......)))))(((......)))...........
4295;4;0;-4,195;0;0,00;11;18,00;0,000015;...((((.(((....)))))))..........((.....)).............((.......))...
4303;4;0;-4,189;0;0,00;12;20,00;0,000015;...((((.(((....)))))))..........(((...)))...((...............)).....
4309;4;0;-4,190;0;0,00;10;20,00;0,000015;...((((..((....)).))))..........((.....)).............(.(...).).....
4311;4;0;-4,190;0;0,00;12;26,00;0,000015;...((((.(((....)))))))..................(..((...)).)..(.(...).).....
4315;4;0;-4,191;0;0,00;13;16,00;0,000015;...((((..((....)).))))..........((.....))...(((........))).((...))..
4323;4;0;-4,184;0;0,00;15;11,00;0,000015;...((((.(((....))))))).((.......((.....))...((((......))))....))....
4325;4;0;-4,184;0;0,00;15;16,00;0,000015;.(.((((.(((....)))))))..).......(((...)))...(((........)))...(....).
4334;4;0;-4,186;0;0,00;14;18,00;0,000015;...((((.(((....)))))))....(.....)...((...)).((((......))))..........
4342;4;0;-4,187;0;0,00;11;17,00;0,000015;...((((...........)))).(...)....((.....))...((((......))))..........
4356;4;0;-4,181;0;0,00;14;15,00;0,000015;...((((..((....)).)))).(...)....(((...)))...((((......))))..........
4362;4;0;-4,182;0;0,00;10;19,00;0,000015;.(.((((.(((....)))))))..).......((.....))...........................
4371;4;0;-4,176;0;0,00;13;14,00;0,000015;...((((..((....)).))))..........((.....))..(((((......))))........).
4372;4;0;-4,176;0;0,00;14;15,00;0,000015;...((((.(((....)))))))...((.....))..........((((......)))).(...)....
4378;4;0;-4,176;0;0,00;14;14,00;0,000015;.(.((((.(((....)))))))..).......((.....))....(((......)))....(....).
4399;4;0;-4,174;0;0,00;9;22,00;0,000015;...((((...........))))..........(((...)))...((..........))..........
4400;4;0;-4,174;0;0,00;13;22,00;0,000015;...((((.(((....)))))))..........(((...)))..(.....)....(.(...).).....
4406;4;0;-4,175;0;0,00;13;17,00;0,000015;...((((.((......))))))...((.....))..........((((......))))...(....).
4416;4;0;-4,169;0;0,00;13;49,00;0,000015;((.(..(((((..((....(((.........))).))...)))))..).)).................
4428;4;0;-4,171;0;0,00;14;14,00;0,000015;...((((.(((....)))))))..(.......)......((...((((......))))....))....
4432;4;0;-4,164;0;0,00;9;27,00;0,000014;...((((...........))))..........((.....))..(((.....).)).............
4435;4;0;-4,165;0;0,00;13;18,00;0,000014;...((((.(((....)))))))..................((.(.(((......)))...)..))...
4438;4;0;-4,165;0;0,00;13;21,00;0,000014;...((((.(((....)))))))...((.....))..........((..((...)).))..........
4439;4;0;-4,165;0;0,00;17;16,00;0,000014;...((((.(((....)))))))..........(((...)))...((((.(...))))).((...))..
4440;4;0;-4,165;0;0,00;17;19,00;0,000014;...((((.(((....)))))))..........(((...)))...(((.((...))))).((...))..
4442;4;0;-4,166;0;0,00;14;16,00;0,000014;.(.((((.(((....)))))))..)...(...........)...((((......))))...(....).
4445;4;0;-4,166;0;0,00;12;19,00;0,000014;...((((.(....)....))))..........(((...)))...((((......))))..........
4457;4;0;-4,168;0;0,00;11;22,00;0,000014;...((((.(((....)))))))..........((.....))..........((............)).
4458;4;0;-4,160;0;0,00;15;15,00;0,000014;...((((..((....)).))))..(...)...(((...)))...((((......))))....(...).
4461;4;0;-4,161;0;0,00;13;14,00;0,000014;...((((.(((....)))))))..........((.....))....(((.(...))))...........
4462;4;0;-4,161;0;0,00;13;17,00;0,000014;...((((.(((....)))))))..........((.....))....((.((...))))...........
4474;4;0;-4,162;0;0,00;15;16,00;0,000014;...((((..((....)).))))..(...)...(((...)))...((((......)))).(.....)..
4477;4;0;-4,163;0;0,00;14;12,00;0,000014;...((((.(((....))))))).........(((.....))..)((((......))))..........
4484;4;0;-4,156;0;0,00;12;15,00;0,000014;...((((..(......).))))..........((.....))...((((......))))....(...).
4488;4;0;-4,158;0;0,00;14;18,00;0,000014;...((((.(((....))))))).......((.....))..(...((((......))))....).....
4494;4;0;-4,158;0;0,00;13;13,00;0,000014;...((((..((....)).))))..........((.....))..(((((......))))..).......
4495;4;0;-4,158;0;0,00;12;25,00;0,000014;...((((..((....)).))))..........(((...)))..(((.....).)).............
4497;4;0;-4,158;0;0,00;13;16,00;0,000014;...((((..((....)).))))...((.....))......(...((((......))))...)......
4501;4;0;-4,158;0;0,00;12;16,00;0,000014;...((((..(......).))))..........((.....))...((((......)))).(.....)..
4516;4;0;-4,160;0;0,00;13;14,00;0,000014;...((((.(((....)))))))..(...)...........(...((((......))))...)......
4528;4;0;-4,154;0;0,00;8;20,00;0,000014;...(((.............)))..........((.....))...(((........)))..........
4529;4;0;-4,154;0;0,00;16;20,00;0,000014;...((((.(((....))))))).................(((.(((((.(...))))))....)))..
4530;4;0;-4,154;0;0,00;16;23,00;0,000014;...((((.(((....))))))).................(((.((((.((...))))))....)))..
4534;4;0;-4,155;0;0,00;12;17,00;0,000014;...((((.((......)))))).((.......))..........((((......))))..........
4537;4;0;-4,155;0;0,00;11;14,00;0,000014;...((((.(((....)))))))..........(.......)....(((......)))...........
4538;4;0;-4,155;0;0,00;14;22,00;0,000014;...((((.(((....)))))))....(.....)..(((...))).(((......)))...........
4543;4;0;-4,150;0;0,00;13;16,00;0,000014;...((((.(((....)))))))......(...........)...((((.(...)))))..........
4544;4;0;-4,150;0;0,00;13;19,00;0,000014;...((((.(((....)))))))......(...........)...(((.((...)))))..........
4559;4;0;-4,152;0;0,00;16;21,00;0,000014;...((((.(((....))))))).((.......)).(((...)))((((......))))..........
4568;4;0;-4,152;0;0,00;12;21,00;0,000014;...((((.(((....)))))))..........(((...)))...........(.(......).)....
4569;4;0;-4,152;0;0,00;13;14,00;0,000014;...((((.(((....)))))))..........(((...)))...((.(......).))..........
4584;4;0;-4,146;0;0,00;13;24,00;0,000014;...((((.(((....)))))))..........(((...)))..((........))....(.....)..
4601;4;0;-4,148;0;0,00;11;21,00;0,000014;...((((...........))))..........(((...)))...(((.(.....))))..........
4626;4;0;-4,137;0;0,00;12;15,00;0,000014;...((((.(((....)))))))..........((.....))...((..........))...(....).
4637;4;0;-4,139;0;0,00;17;20,00;0,000014;...((((.(((....)))))))(((.......))).....((.(((((......)))))....))...
4648;4;0;-4,133;0;0,00;13;16,00;0,000014;((.((((..(......).))))..))......((.....))...((((......))))..........
4712;4;0;-4,127;0;0,00;13;18,00;0,000014;...((((.(((....))))))).................(((..(((........))).....)))..
4716;4;0;-4,127;0;0,00;14;16,00;0,000014;...((((.(((....)))))))...((.....))........(.((((......))))).........
4718;4;0;-4,128;0;0,00;15;14,00;0,000014;...((((..((....)).))))..(...)...(((...)))...((((......))))..(...)...
4720;4;0;-4,128;0;0,00;12;18,00;0,000014;...((((.(.....)...))))..........((.....))...((((......))))...(....).
4729;4;0;-4,124;0;0,00;12;14,00;0,000013;...((((..(......).))))..........((.....))...((((......))))..(...)...
1;5;1;-9,124;1;0,00;18;0,00;0,062173;...((((.(((....)))))))..(((((...((.....))...((((......))))..)))))...
2;5;0;-8,885;0;0,00;19;2,00;0,041547;...((((.(((....)))))))..(((((...(((...)))...((((......))))..)))))...
3;5;0;-8,821;0;0,00;19;2,00;0,037305;...((((.(((....))))))).((((((...((.....))...((((......))))..))))))..
4;5;0;-8,582;0;0,00;20;4,00;0,024929;...((((.(((....))))))).((((((...(((...)))...((((......))))..))))))..
5;5;0;-8,460;0;0,00;17;2,00;0,020279;...((((..((....)).))))..(((((...((.....))...((((......))))..)))))...
9;5;0;-8,221;0;0,00;18;4,00;0,013551;...((((..((....)).))))..(((((...(((...)))...((((......))))..)))))...
25;5;0;-7,469;0;0,00;17;2,00;0,003810;...(((..(((....))).)))..(((((...((.....))...((((......))))..)))))...
27;5;0;-7,431;0;0,00;17;2,00;0,003571;...((((.((......))))))..(((((...((.....))...((((......))))..)))))...
29;5;0;-7,357;0;0,00;17;2,00;0,003154;...((((.(((....)))))))..(((((...((.....))...(((........)))..)))))...
31;5;0;-7,271;0;0,00;18;8,00;0,002728;...((((.(((....)))))))..(((((......((.....))((((......))))..)))))...
34;5;0;-7,230;0;0,00;18;4,00;0,002546;...(((..(((....))).)))..(((((...(((...)))...((((......))))..)))))...
38;5;0;-7,192;0;0,00;18;4,00;0,002386;...((((.((......))))))..(((((...(((...)))...((((......))))..)))))...
41;5;0;-7,167;0;0,00;18;4,00;0,002286;...(((..(((....))).))).((((((...((.....))...((((......))))..))))))..
44;5;0;-7,128;0;0,00;18;4,00;0,002143;...((((.((......)))))).((((((...((.....))...((((......))))..))))))..
46;5;0;-7,119;0;0,00;18;4,00;0,002108;...((((.(((....)))))))..(((((...(((...)))...(((........)))..)))))...
49;5;0;-7,055;0;0,00;18;4,00;0,001893;...((((.(((....))))))).((((((...((.....))...(((........)))..))))))..
51;5;0;-7,032;0;0,00;19;10,00;0,001823;...((((.(((....)))))))..(((((......(((...)))((((......))))..)))))...
52;5;0;-7,022;0;0,00;16;4,00;0,001791;...((((.(((....)))))))..(((.....((.....))...((((......))))....)))...
56;5;0;-6,969;0;0,00;19;10,00;0,001637;...((((.(((....))))))).((((((......((.....))((((......))))..))))))..
61;5;0;-6,928;0;0,00;19;6,00;0,001528;...(((..(((....))).))).((((((...(((...)))...((((......))))..))))))..
65;5;0;-6,907;0;0,00;19;2,00;0,001476;...((((.(((....)))))))..(((((...((.....))...((((.(...)))))..)))))...
66;5;0;-6,907;0;0,00;19;5,00;0,001476;...((((.(((....)))))))..(((((...((.....))...(((.((...)))))..)))))...
67;5;0;-6,902;0;0,00;17;2,00;0,001462;...((((.(((....)))))))..(((((...(.......)...((((......))))..)))))...
69;5;0;-6,889;0;0,00;19;6,00;0,001432;...((((.((......)))))).((((((...(((...)))...((((......))))..))))))..
75;5;0;-6,816;0;0,00;19;6,00;0,001265;...((((.(((....))))))).((((((...(((...)))...(((........)))..))))))..
80;5;0;-6,783;0;0,00;17;6,00;0,001197;...((((.(((....)))))))..(((.....(((...)))...((((......))))....)))...
85;5;0;-6,735;0;0,00;17;2,00;0,001104;...((((.(((....)))))))...((((...((.....))...((((......))))..))))....
87;5;0;-6,730;0;0,00;20;12,00;0,001094;...((((.(((....))))))).((((((......(((...)))((((......))))..))))))..
88;5;0;-6,726;0;0,00;17;2,00;0,001087;...((((.(((....)))))))..(((((...((.....))....(((......)))...)))))...
89;5;0;-6,719;0;0,00;17;6,00;0,001074;...((((.(((....))))))).((((.....((.....))...((((......))))....))))..
94;5;0;-6,694;0;0,00;16;4,00;0,001029;...((((..((....)).))))..(((((...((.....))...(((........)))..)))))...
96;5;0;-6,669;0;0,00;20;4,00;0,000986;...((((.(((....)))))))..(((((...(((...)))...((((.(...)))))..)))))...
97;5;0;-6,669;0;0,00;20;7,00;0,000986;...((((.(((....)))))))..(((((...(((...)))...(((.((...)))))..)))))...
109;5;0;-6,608;0;0,00;17;10,00;0,000890;...((((..((....)).))))..(((((......((.....))((((......))))..)))))...
110;5;0;-6,605;0;0,00;20;4,00;0,000885;...((((.(((....))))))).((((((...((.....))...((((.(...)))))..))))))..
111;5;0;-6,605;0;0,00;20;7,00;0,000885;...((((.(((....))))))).((((((...((.....))...(((.((...)))))..))))))..
113;5;0;-6,599;0;0,00;18;4,00;0,000877;...((((.(((....))))))).((((((...(.......)...((((......))))..))))))..
125;5;0;-6,496;0;0,00;18;4,00;0,000738;...((((.(((....)))))))...((((...(((...)))...((((......))))..))))....
128;5;0;-6,487;0;0,00;19;14,00;0,000726;...((((.(((....)))))))..(((....(((.((.....))((((......)))).))))))...
129;5;0;-6,488;0;0,00;18;4,00;0,000727;...((((.(((....)))))))..(((((...(((...)))....(((......)))...)))))...
131;5;0;-6,480;0;0,00;18;8,00;0,000718;...((((.(((....))))))).((((.....(((...)))...((((......))))....))))..
140;5;0;-6,455;0;0,00;17;6,00;0,000688;...((((..((....)).))))..(((((...(((...)))...(((........)))..)))))...
148;5;0;-6,424;0;0,00;18;4,00;0,000652;...((((.(((....))))))).((((((...((.....))....(((......)))...))))))..
154;5;0;-6,392;0;0,00;17;2,00;0,000619;...((((.(((....)))))))..(((.(...((.....))...((((......))))..).)))...
156;5;0;-6,383;0;0,00;14;8,00;0,000609;...((((.(((....)))))))..(((.................((((......))))....)))...
163;5;0;-6,369;0;0,00;18;12,00;0,000595;...((((..((....)).))))..(((((......(((...)))((((......))))..)))))...
166;5;0;-6,366;0;0,00;21;6,00;0,000592;...((((.(((....))))))).((((((...(((...)))...((((.(...)))))..))))))..
167;5;0;-6,366;0;0,00;21;9,00;0,000592;...((((.(((....))))))).((((((...(((...)))...(((.((...)))))..))))))..
170;5;0;-6,358;0;0,00;15;6,00;0,000584;...((((..((....)).))))..(((.....((.....))...((((......))))....)))...
176;5;0;-6,319;0;0,00;17;6,00;0,000547;...((((.(((....)))))))..(((((..(...........)((((......))))..)))))...
191;5;0;-6,255;0;0,00;17;2,00;0,000491;...((((.(((....)))))))..((.((...((.....))...((((......))))..)).))...
197;5;0;-6,248;0;0,00;20;16,00;0,000485;...((((.(((....)))))))..(((....(((.(((...)))((((......)))).))))))...
198;5;0;-6,249;0;0,00;18;7,00;0,000486;...((((.(((....)))))))..(((((...((.....))...((..((...)).))..)))))...
200;5;0;-6,244;0;0,00;18;4,00;0,000481;...((((..((....)).))))..(((((...((.....))...((((.(...)))))..)))))...
201;5;0;-6,244;0;0,00;18;7,00;0,000481;...((((..((....)).))))..(((((...((.....))...(((.((...)))))..)))))...
204;5;0;-6,238;0;0,00;16;4,00;0,000477;...((((..((....)).))))..(((((...(.......)...((((......))))..)))))...
220;5;0;-6,189;0;0,00;17;6,00;0,000439;...((((.(((....)))))))..(((((.(.............((((......))))).)))))...
223;5;0;-6,185;0;0,00;20;16,00;0,000436;...((((.(((....))))))).((((....(((.((.....))((((......)))).)))))))..
224;5;0;-6,185;0;0,00;19;6,00;0,000436;...((((.(((....))))))).((((((...(((...)))....(((......)))...))))))..
235;5;0;-6,154;0;0,00;18;4,00;0,000414;...((((.(((....)))))))..(((.(...(((...)))...((((......))))..).)))...
247;5;0;-6,127;0;0,00;16;4,00;0,000396;...((((.(((....)))))))....(((...((.....))...((((......))))..))).....
249;5;0;-6,119;0;0,00;16;8,00;0,000390;...((((..((....)).))))..(((.....(((...)))...((((......))))....)))...
255;5;0;-6,090;0;0,00;18;4,00;0,000371;...((((.(((....))))))).((((.(...((.....))...((((......))))..).))))..
258;5;0;-6,080;0;0,00;15;10,00;0,000365;...((((.(((....))))))).((((.................((((......))))....))))..
260;5;0;-6,072;0;0,00;16;4,00;0,000360;...((((..((....)).))))...((((...((.....))...((((......))))..))))....
264;5;0;-6,063;0;0,00;16;4,00;0,000355;...((((..((....)).))))..(((((...((.....))....(((......)))...)))))...
272;5;0;-6,043;0;0,00;16;4,00;0,000343;...((((.(((....)))))))..(((((...((.....))...((..........))..)))))...
281;5;0;-6,016;0;0,00;18;4,00;0,000328;...((((.(((....)))))))..((.((...(((...)))...((((......))))..)).))...
282;5;0;-6,016;0;0,00;18;8,00;0,000328;...((((.(((....))))))).((((((..(...........)((((......))))..))))))..
283;5;0;-6,017;0;0,00;18;3,00;0,000328;...((((.(((....)))))))..(((((...((.....))...(((.(.....))))..)))))...
288;5;0;-6,010;0;0,00;19;9,00;0,000325;...((((.(((....)))))))..(((((...(((...)))...((..((...)).))..)))))...
294;5;0;-6,005;0;0,00;19;6,00;0,000322;...((((..((....)).))))..(((((...(((...)))...((((.(...)))))..)))))...
295;5;0;-6,005;0;0,00;19;9,00;0,000322;...((((..((....)).))))..(((((...(((...)))...(((.((...)))))..)))))...
297;5;0;-6,006;0;0,00;19;2,00;0,000323;...((((.(((....)))))))..(((((.(.((.....))...((((......))))).)))))...
306;5;0;-5,975;0;0,00;18;13,00;0,000306;...((((.(((....)))))))..(((....((..((.....))((((......))))..)))))...
310;5;0;-5,953;0;0,00;17;9,00;0,000295;...((((.(((....)))))))..(((((.((.............(((......))))).)))))...
316;5;0;-5,952;0;0,00;18;4,00;0,000294;...((((.(((....))))))).(((.((...((.....))...((((......))))..)).)))..
318;5;0;-5,946;0;0,00;21;18,00;0,000291;...((((.(((....))))))).((((....(((.(((...)))((((......)))).)))))))..
319;5;0;-5,947;0;0,00;19;9,00;0,000292;...((((.(((....))))))).((((((...((.....))...((..((...)).))..))))))..
350;5;0;-5,888;0;0,00;17;6,00;0,000264;...((((.(((....)))))))....(((...(((...)))...((((......))))..))).....
352;5;0;-5,886;0;0,00;18;8,00;0,000263;...((((.(((....))))))).((((((.(.............((((......))))).))))))..
366;5;0;-5,851;0;0,00;19;6,00;0,000248;...((((.(((....))))))).((((.(...(((...)))...((((......))))..).))))..
372;5;0;-5,833;0;0,00;17;6,00;0,000241;...((((..((....)).))))...((((...(((...)))...((((......))))..))))....
379;5;0;-5,822;0;0,00;18;8,00;0,000236;...((((.(((....)))))))..(((((((.....))......((((......))))..)))))...
381;5;0;-5,823;0;0,00;18;16,00;0,000237;...((((..((....)).))))..(((....(((.((.....))((((......)))).))))))...
383;5;0;-5,824;0;0,00;17;6,00;0,000237;...((((..((....)).))))..(((((...(((...)))....(((......)))...)))))...
386;5;0;-5,817;0;0,00;19;2,00;0,000234;...((((.(((....)))))))..(((((...((.....)).(.((((......))))).)))))...
390;5;0;-5,804;0;0,00;17;6,00;0,000229;...((((.(((....)))))))..(((((...(((...)))...((..........))..)))))...
395;5;0;-5,794;0;0,00;17;6,00;0,000225;...((((.(((....)))))))..(((((.......(.....).((((......))))..)))))...
408;5;0;-5,785;0;0,00;17;6,00;0,000222;...((((.(((....)))))))..(((((..............(((((......))))).)))))...
409;5;0;-5,785;0;0,00;18;4,00;0,000222;....(((.(((....))))))..((((((...((.....))...((((......))))..))))))..
410;5;0;-5,778;0;0,00;19;5,00;0,000219;...((((.(((....)))))))..(((((...(((...)))...(((.(.....))))..)))))...
416;5;0;-5,776;0;0,00;16;4,00;0,000219;...(((..((......)).)))..(((((...((.....))...((((......))))..)))))...
422;5;0;-5,767;0;0,00;20;4,00;0,000216;...((((.(((....)))))))..(((((.(.(((...)))...((((......))))).)))))...
424;5;0;-5,764;0;0,00;17;10,00;0,000214;...((((.(((....)))))))..(((((......((.....)).(((......)))...)))))...
434;5;0;-5,740;0;0,00;17;6,00;0,000206;...((((.(((....))))))).((((((...((.....))...((..........))..))))))..
439;5;0;-5,736;0;0,00;19;15,00;0,000204;...((((.(((....)))))))..(((....((..(((...)))((((......))))..)))))...
442;5;0;-5,728;0;0,00;16;4,00;0,000202;...((((.(((....)))))))..(((((...............((((......))))..)))))...
443;5;0;-5,729;0;0,00;16;4,00;0,000202;...((((..((....)).))))..(((.(...((.....))...((((......))))..).)))...
456;5;0;-5,713;0;0,00;19;6,00;0,000197;...((((.(((....))))))).(((.((...(((...)))...((((......))))..)).)))..
459;5;0;-5,714;0;0,00;19;5,00;0,000197;...((((.(((....))))))).((((((...((.....))...(((.(.....))))..))))))..
460;5;0;-5,708;0;0,00;20;11,00;0,000195;...((((.(((....))))))).((((((...(((...)))...((..((...)).))..))))))..
464;5;0;-5,704;0;0,00;20;4,00;0,000194;...((((.(((....))))))).((((((.(.((.....))...((((......))))).))))))..
474;5;0;-5,703;0;0,00;16;4,00;0,000193;...(((..(((....))).)))..(((((...((.....))...(((........)))..)))))...
477;5;0;-5,693;0;0,00;18;4,00;0,000190;...((((.(((....)))))))..(((((...((.....))...(((..(...).)))..)))))...
486;5;0;-5,672;0;0,00;19;15,00;0,000184;...((((.(((....))))))).((((....((..((.....))((((......))))..))))))..
493;5;0;-5,665;0;0,00;16;4,00;0,000181;...((((.((......))))))..(((((...((.....))...(((........)))..)))))...
494;5;0;-5,666;0;0,00;19;2,00;0,000182;...((((.(((....)))))))..(((((..(((.....))..)((((......))))..)))))...
504;5;0;-5,655;0;0,00;16;8,00;0,000178;...((((..((....)).))))..(((((..(...........)((((......))))..)))))...
505;5;0;-5,650;0;0,00;18;9,00;0,000177;...((((.(((....)))))))..((((....((.........(((((......)))))))))))...
506;5;0;-5,651;0;0,00;18;11,00;0,000177;...((((.(((....))))))).((((((.((.............(((......))))).))))))..
516;5;0;-5,639;0;0,00;17;10,00;0,000174;...((((.(((....)))))))..(((....(((..........((((......)))).))))))...
523;5;0;-5,617;0;0,00;17;10,00;0,000167;...(((..(((....))).)))..(((((......((.....))((((......))))..)))))...
532;5;0;-5,605;0;0,00;17;2,00;0,000164;....(((.(((....))))))...(((((...((.....))...((((......))))..)))))...
540;5;0;-5,591;0;0,00;16;4,00;0,000160;...((((..((....)).))))..((.((...((.....))...((((......))))..)).))...
552;5;0;-5,585;0;0,00;19;18,00;0,000158;...((((..((....)).))))..(((....(((.(((...)))((((......)))).))))))...
554;5;0;-5,586;0;0,00;17;9,00;0,000159;...((((..((....)).))))..(((((...((.....))...((..((...)).))..)))))...
555;5;0;-5,578;0;0,00;20;4,00;0,000157;...((((.(((....)))))))..(((((...(((...))).(.((((......))))).)))))...
556;5;0;-5,579;0;0,00;17;10,00;0,000157;...((((.((......))))))..(((((......((.....))((((......))))..)))))...
574;5;0;-5,555;0;0,00;18;8,00;0,000151;...((((.(((....)))))))..(((((.......((...)).((((......))))..)))))...
584;5;0;-5,546;0;0,00;19;6,00;0,000148;....(((.(((....))))))..((((((...(((...)))...((((......))))..))))))..
588;5;0;-5,538;0;0,00;17;6,00;0,000146;...(((..((......)).)))..(((((...(((...)))...((((......))))..)))))...
594;5;0;-5,525;0;0,00;18;12,00;0,000143;...((((.(((....)))))))..(((((......(((...))).(((......)))...)))))...
596;5;0;-5,525;0;0,00;16;8,00;0,000143;...((((..((....)).))))..(((((.(.............((((......))))).)))))...
605;5;0;-5,519;0;0,00;19;10,00;0,000142;...((((.(((....))))))).((((((((.....))......((((......))))..))))))..
606;5;0;-5,519;0;0,00;18;7,00;0,000142;...((((.(((....)))))))..(((((....((......)).((((......))))..)))))...
610;5;0;-5,515;0;0,00;20;4,00;0,000141;...((((.(((....))))))).((((((...((.....)).(.((((......))))).))))))..
618;5;0;-5,505;0;0,00;17;10,00;0,000138;...((((.(((....)))))))..(((((......((.....))(((........)))..)))))...
622;5;0;-5,502;0;0,00;18;8,00;0,000138;...((((.(((....))))))).((((((...(((...)))...((..........))..))))))..
629;5;0;-5,490;0;0,00;17;6,00;0,000135;...((((..((....)).))))..(((.(...(((...)))...((((......))))..).)))...
630;5;0;-5,492;0;0,00;18;8,00;0,000135;...((((.(((....))))))).((((((.......(.....).((((......))))..))))))..
633;5;0;-5,486;0;0,00;18;16,00;0,000134;...((((.(((....)))))))..(((....(((.((.....)).(((......)))..))))))...
640;5;0;-5,482;0;0,00;18;8,00;0,000133;...((((.(((....))))))).((((((..............(((((......))))).))))))..
652;5;0;-5,474;0;0,00;17;6,00;0,000131;...(((..((......)).))).((((((...((.....))...((((......))))..))))))..
656;5;0;-5,476;0;0,00;20;7,00;0,000132;...((((.(((....))))))).((((((...(((...)))...(((.(.....))))..))))))..
657;5;0;-5,476;0;0,00;16;10,00;0,000132;...((((.(((....)))))))..(((.............(..(((((......)))))..))))...
667;5;0;-5,465;0;0,00;21;6,00;0,000129;...((((.(((....))))))).((((((.(.(((...)))...((((......))))).))))))..
673;5;0;-5,463;0;0,00;15;6,00;0,000129;...((((..((....)).))))....(((...((.....))...((((......))))..))).....
675;5;0;-5,464;0;0,00;17;6,00;0,000129;...(((..(((....))).)))..(((((...(((...)))...(((........)))..)))))...
677;5;0;-5,461;0;0,00;18;12,00;0,000128;...((((.(((....))))))).((((((......((.....)).(((......)))...))))))..
679;5;0;-5,454;0;0,00;19;6,00;0,000127;...((((.(((....)))))))..(((((...(((...)))...(((..(...).)))..)))))...
696;5;0;-5,434;0;0,00;20;17,00;0,000123;...((((.(((....))))))).((((....((..(((...)))((((......))))..))))))..
697;5;0;-5,426;0;0,00;17;6,00;0,000121;...((((.((......))))))..(((((...(((...)))...(((........)))..)))))...
699;5;0;-5,427;0;0,00;20;4,00;0,000121;...((((.(((....)))))))..(((((..((((...)))..)((((......))))..)))))...
705;5;0;-5,425;0;0,00;17;6,00;0,000121;...((((.(((....))))))).((((((...............((((......))))..))))))..
719;5;0;-5,408;0;0,00;15;6,00;0,000117;...((((.(((....)))))))..((((................((((......))))...))))...
732;5;0;-5,400;0;0,00;17;6,00;0,000116;...(((..(((....))).))).((((((...((.....))...(((........)))..))))))..
747;5;0;-5,390;0;0,00;19;6,00;0,000114;...((((.(((....))))))).((((((...((.....))...(((..(...).)))..))))))..
748;5;0;-5,390;0;0,00;17;2,00;0,000114;...((((.(.(....).)))))..(((((...((.....))...((((......))))..)))))...
750;5;0;-5,379;0;0,00;15;6,00;0,000112;...((((..((....)).))))..(((((...((.....))...((..........))..)))))...
756;5;0;-5,378;0;0,00;18;12,00;0,000112;...(((..(((....))).)))..(((((......(((...)))((((......))))..)))))...
760;5;0;-5,367;0;0,00;15;6,00;0,000110;...(((..(((....))).)))..(((.....((.....))...((((......))))....)))...
762;5;0;-5,363;0;0,00;20;4,00;0,000109;...((((.(((....))))))).((((((..(((.....))..)((((......))))..))))))..
764;5;0;-5,366;0;0,00;18;4,00;0,000110;....(((.(((....))))))...(((((...(((...)))...((((......))))..)))))...
768;5;0;-5,362;0;0,00;17;6,00;0,000109;...((((.((......)))))).((((((...((.....))...(((........)))..))))))..
774;5;0;-5,359;0;0,00;17;5,00;0,000108;...((((.(((....)))))))..(((((...((.....))...((..(.....).))..)))))...
778;5;0;-5,352;0;0,00;17;6,00;0,000107;...((((..((....)).))))..((.((...(((...)))...((((......))))..)).))...
781;5;0;-5,353;0;0,00;17;5,00;0,000107;...((((..((....)).))))..(((((...((.....))...(((.(.....))))..)))))...
797;5;0;-5,347;0;0,00;18;11,00;0,000106;...((((..((....)).))))..(((((...(((...)))...((..((...)).))..)))))...
799;5;0;-5,347;0;0,00;19;11,00;0,000106;...((((.(((....))))))).(((((....((.........(((((......))))))))))))..
802;5;0;-5,343;0;0,00;18;4,00;0,000105;...((((..((....)).))))..(((((.(.((.....))...((((......))))).)))))...
803;5;0;-5,337;0;0,00;18;12,00;0,000104;...((((.(((....))))))).((((....(((..........((((......)))).)))))))..
809;5;0;-5,340;0;0,00;18;12,00;0,000105;...((((.((......))))))..(((((......(((...)))((((......))))..)))))...
814;5;0;-5,329;0;0,00;15;6,00;0,000103;...((((.((......))))))..(((.....((.....))...((((......))))....)))...
820;5;0;-5,324;0;0,00;16;12,00;0,000102;...((((.(((....)))))))..(((..((.....))......((((......))))....)))...
827;5;0;-5,319;0;0,00;18;7,00;0,000101;...((((.(((....)))))))..(((((..(.(.......).)((((......))))..)))))...
830;5;0;-5,314;0;0,00;18;12,00;0,000100;...(((..(((....))).))).((((((......((.....))((((......))))..))))))..
835;5;0;-5,311;0;0,00;17;15,00;0,000100;...((((..((....)).))))..(((....((..((.....))((((......))))..)))))...
851;5;0;-5,289;0;0,00;16;11,00;0,000096;...((((..((....)).))))..(((((.((.............(((......))))).)))))...
877;5;0;-5,276;0;0,00;21;6,00;0,000094;...((((.(((....))))))).((((((...(((...))).(.((((......))))).))))))..
878;5;0;-5,276;0;0,00;18;12,00;0,000094;...((((.((......)))))).((((((......((.....))((((......))))..))))))..
894;5;0;-5,266;0;0,00;18;12,00;0,000092;...((((.(((....)))))))..(((((......(((...)))(((........)))..)))))...
906;5;0;-5,256;0;0,00;15;6,00;0,000091;...((((.(((....)))))))..(((.....((.....))...(((........)))....)))...
913;5;0;-5,253;0;0,00;19;10,00;0,000090;...((((.(((....))))))).((((((.......((...)).((((......))))..))))))..
914;5;0;-5,253;0;0,00;18;4,00;0,000090;...(((..(((....))).)))..(((((...((.....))...((((.(...)))))..)))))...
915;5;0;-5,253;0;0,00;18;7,00;0,000090;...(((..(((....))).)))..(((((...((.....))...(((.((...)))))..)))))...
919;5;0;-5,247;0;0,00;19;18,00;0,000090;...((((.(((....)))))))..(((....(((.(((...))).(((......)))..))))))...
920;5;0;-5,247;0;0,00;16;4,00;0,000090;...(((..(((....))).)))..(((((...(.......)...((((......))))..)))))...
935;5;0;-5,235;0;0,00;18;8,00;0,000088;...(((..((......)).))).((((((...(((...)))...((((......))))..))))))..
939;5;0;-5,232;0;0,00;19;2,00;0,000087;.(.((((.(((....)))))))..(((((...((.....))...((((......))))..))))).).
948;5;0;-5,225;0;0,00;16;8,00;0,000086;...((((..((....)).))))....(((...(((...)))...((((......))))..))).....
950;5;0;-5,227;0;0,00;17;6,00;0,000086;...((((.(((....)))))))..(((((......(.......)((((......))))..)))))...
957;5;0;-5,222;0;0,00;19;14,00;0,000086;...((((.(((....))))))).((((((......(((...))).(((......)))...))))))..
961;5;0;-5,217;0;0,00;19;9,00;0,000085;...((((.(((....))))))).((((((....((......)).((((......))))..))))))..
967;5;0;-5,215;0;0,00;18;4,00;0,000085;...((((.((......))))))..(((((...((.....))...((((.(...)))))..)))))...
968;5;0;-5,215;0;0,00;18;7,00;0,000085;...((((.((......))))))..(((((...((.....))...(((.((...)))))..)))))...
971;5;0;-5,209;0;0,00;16;4,00;0,000084;...((((.((......))))))..(((((...(.......)...((((......))))..)))))...
989;5;0;-5,202;0;0,00;18;12,00;0,000083;...((((.(((....))))))).((((((......((.....))(((........)))..))))))..
994;5;0;-5,192;0;0,00;16;4,00;0,000082;...((((.(((....)))))))..((..(...((.....))...((((......))))..)..))...
1000;5;0;-5,190;0;0,00;15;10,00;0,000081;...((((.(((....)))))))..(((................(((((......)))))...)))...
1011;5;0;-5,184;0;0,00;19;18,00;0,000080;...((((.(((....))))))).((((....(((.((.....)).(((......)))..)))))))..
1012;5;0;-5,176;0;0,00;16;8,00;0,000079;...((((.(((....)))))))..((((...............(((((......)))))..))))...
1014;5;0;-5,177;0;0,00;18;12,00;0,000080;...((((.(((....)))))))..(((....(((..(.....).((((......)))).))))))...
1018;5;0;-5,173;0;0,00;17;12,00;0,000079;...((((.(((....))))))).((((.............(..(((((......)))))..)))))..
1023;5;0;-5,170;0;0,00;16;12,00;0,000079;...((((.(((....)))))))..(((........((.....))((((......))))....)))...
1029;5;0;-5,165;0;0,00;16;9,00;0,000078;...((((.(((....)))))))..(((((...........))..((((......))))....)))...
1033;5;0;-5,165;0;0,00;18;4,00;0,000078;...((((.(((....)))))))..(((((...(.(...).)...((((......))))..)))))...
1037;5;0;-5,162;0;0,00;18;8,00;0,000078;...(((..(((....))).))).((((((...(((...)))...(((........)))..))))))..
1048;5;0;-5,158;0;0,00;17;10,00;0,000077;...((((..((....)).))))..(((((((.....))......((((......))))..)))))...
1057;5;0;-5,154;0;0,00;18;4,00;0,000076;...((((..((....)).))))..(((((...((.....)).(.((((......))))).)))))...
1062;5;0;-5,151;0;0,00;20;8,00;0,000076;...((((.(((....))))))).((((((...(((...)))...(((..(...).)))..))))))..
1063;5;0;-5,152;0;0,00;18;4,00;0,000076;...((((.(.(....).)))))..(((((...(((...)))...((((......))))..)))))...
1079;5;0;-5,140;0;0,00;16;8,00;0,000075;...((((..((....)).))))..(((((...(((...)))...((..........))..)))))...
1082;5;0;-5,136;0;0,00;16;4,00;0,000074;...((((.(((....)))))))..(((((...(.......)...(((........)))..)))))...
1086;5;0;-5,130;0;0,00;16;8,00;0,000074;...((((..((....)).))))..(((((.......(.....).((((......))))..)))))...
1091;5;0;-5,125;0;0,00;17;2,00;0,000073;...((((.(((....)))))))..(((((...((.....))...((.(......).))..)))))...
1095;5;0;-5,129;0;0,00;16;8,00;0,000073;...(((..(((....))).)))..(((.....(((...)))...((((......))))....)))...
1096;5;0;-5,121;0;0,00;16;8,00;0,000072;...((((..((....)).))))..(((((..............(((((......))))).)))))...
1102;5;0;-5,123;0;0,00;18;8,00;0,000073;...((((.((......)))))).((((((...(((...)))...(((........)))..))))))..
1104;5;0;-5,125;0;0,00;21;6,00;0,000073;...((((.(((....))))))).((((((..((((...)))..)((((......))))..))))))..
1107;5;0;-5,118;0;0,00;18;13,00;0,000072;...((((.(((....)))))))..(((.((....))....(..(((((......)))))..))))...
1112;5;0;-5,120;0;0,00;18;7,00;0,000072;...((((.(((....)))))))..(((((...(((...)))...((..(.....).))..)))))...
1115;5;0;-5,114;0;0,00;18;7,00;0,000072;...((((..((....)).))))..(((((...(((...)))...(((.(.....))))..)))))...
1133;5;0;-5,104;0;0,00;19;6,00;0,000070;...((((..((....)).))))..(((((.(.(((...)))...((((......))))).)))))...
1135;5;0;-5,105;0;0,00;16;8,00;0,000070;...((((.(((....))))))).(((((................((((......))))...)))))..
1140;5;0;-5,100;0;0,00;16;12,00;0,000070;...((((..((....)).))))..(((((......((.....)).(((......)))...)))))...
1143;5;0;-5,096;0;0,00;20;4,00;0,000069;.(.((((.(((....))))))).((((((...((.....))...((((......))))..))))))).
1144;5;0;-5,090;0;0,00;16;8,00;0,000069;...((((.((......))))))..(((.....(((...)))...((((......))))....)))...
1153;5;0;-5,088;0;0,00;18;4,00;0,000068;...((((.(.(....).))))).((((((...((.....))...((((......))))..))))))..
1167;5;0;-5,086;0;0,00;18;12,00;0,000068;...((((.(((....)))))))..(((....(((........(.((((......)))))))))))...
1173;5;0;-5,081;0;0,00;16;4,00;0,000068;...(((..(((....))).)))...((((...((.....))...((((......))))..))))....
1176;5;0;-5,075;0;0,00;19;14,00;0,000067;...(((..(((....))).))).((((((......(((...)))((((......))))..))))))..
1184;5;0;-5,072;0;0,00;16;4,00;0,000067;...(((..(((....))).)))..(((((...((.....))....(((......)))...)))))...
1185;5;0;-5,072;0;0,00;18;17,00;0,000067;...((((..((....)).))))..(((....((..(((...)))((((......))))..)))))...
1191;5;0;-5,069;0;0,00;19;5,00;0,000066;...((((.(((....)))))))..(((((.((((.....))....(((......))))).)))))...
1196;5;0;-5,064;0;0,00;15;6,00;0,000066;...((((..((....)).))))..(((((...............((((......))))..)))))...
1200;5;0;-5,065;0;0,00;16;8,00;0,000066;...(((..(((....))).))).((((.....((.....))...((((......))))....))))..
1202;5;0;-5,066;0;0,00;15;8,00;0,000066;...((((.(((....)))))))..(((.(...........)...((((......))))....)))...
1205;5;0;-5,055;0;0,00;19;10,00;0,000065;...((((.(((....)))))))..(((((......((.....))((((.(...)))))..)))))...
1206;5;0;-5,055;0;0,00;19;13,00;0,000065;...((((.(((....)))))))..(((((......((.....))(((.((...)))))..)))))...
1209;5;0;-5,056;0;0,00;18;7,00;0,000065;...((((.(((....))))))).((((((...((.....))...((..(.....).))..))))))..
1249;5;0;-5,043;0;0,00;16;4,00;0,000063;...((((.((......))))))...((((...((.....))...((((......))))..))))....
1254;5;0;-5,037;0;0,00;19;14,00;0,000063;...((((.((......)))))).((((((......(((...)))((((......))))..))))))..
1260;5;0;-5,032;0;0,00;17;6,00;0,000062;...((((.(((....)))))))..(((((.(.....).......((((......))))..)))))...
1261;5;0;-5,032;0;0,00;17;11,00;0,000062;...((((.(((....)))))))..(((.....((.........(((((......))))))).)))...
1265;5;0;-5,034;0;0,00;16;4,00;0,000062;...((((.((......))))))..(((((...((.....))....(((......)))...)))))...
1268;5;0;-5,029;0;0,00;17;6,00;0,000062;...((((..((....)).))))..(((((...((.....))...(((..(...).)))..)))))...
1277;5;0;-5,027;0;0,00;16;8,00;0,000062;...((((.((......)))))).((((.....((.....))...((((......))))....))))..
1282;5;0;-5,022;0;0,00;17;14,00;0,000061;...((((.(((....))))))).((((..((.....))......((((......))))....))))..
1286;5;0;-5,016;0;0,00;19;9,00;0,000061;...((((.(((....))))))).((((((..(.(.......).)((((......))))..))))))..
1288;5;0;-5,017;0;0,00;16;8,00;0,000061;...((((.(((....)))))))..(((.....(((...)))...(((........)))....)))...
1300;5;0;-5,014;0;0,00;19;6,00;0,000060;...(((..(((....))).)))..(((((...(((...)))...((((.(...)))))..)))))...
1301;5;0;-5,014;0;0,00;19;9,00;0,000060;...(((..(((....))).)))..(((((...(((...)))...(((.((...)))))..)))))...
1313;5;0;-5,006;0;0,00;17;4,00;0,000060;...((((.(.(....)).))))..(((((...((.....))...((((......))))..)))))...
1315;5;0;-5,006;0;0,00;16;8,00;0,000060;...((((.(((....)))))))..((((..(.............((((......)))))..))))...
1322;5;0;-5,002;0;0,00;18;4,00;0,000059;...((((..((....)).))))..(((((..(((.....))..)((((......))))..)))))...
1326;5;0;-4,996;0;0,00;17;6,00;0,000059;...((((.(((....)))))))..(((((.(......)......((((......))))..)))))...
1332;5;0;-4,993;0;0,00;20;4,00;0,000058;.(.((((.(((....)))))))..(((((...(((...)))...((((......))))..))))).).
1347;5;0;-4,986;0;0,00;17;11,00;0,000058;...((((..((....)).))))..((((....((.........(((((......)))))))))))...
1369;5;0;-4,976;0;0,00;16;12,00;0,000057;...((((..((....)).))))..(((....(((..........((((......)))).))))))...
1370;5;0;-4,976;0;0,00;19;6,00;0,000057;...((((.((......))))))..(((((...(((...)))...((((.(...)))))..)))))...
1371;5;0;-4,976;0;0,00;19;9,00;0,000057;...((((.((......))))))..(((((...(((...)))...(((.((...)))))..)))))...
1374;5;0;-4,969;0;0,00;16;4,00;0,000056;...((((.(((....)))))))...((((...((.....))...(((........)))..))))....
1395;5;0;-4,964;0;0,00;19;14,00;0,000055;...((((.(((....))))))).((((((......(((...)))(((........)))..))))))..
1401;5;0;-4,960;0;0,00;16;4,00;0,000055;...((((.(((....)))))))..(((((...((.....))....((........))...)))))...
1406;5;0;-4,954;0;0,00;17;6,00;0,000055;...((((.(((....)))))))..((..(...(((...)))...((((......))))..)..))...
1418;5;0;-4,950;0;0,00;19;6,00;0,000054;...(((..(((....))).))).((((((...((.....))...((((.(...)))))..))))))..
1419;5;0;-4,950;0;0,00;19;9,00;0,000054;...(((..(((....))).))).((((((...((.....))...(((.((...)))))..))))))..
1424;5;0;-4,953;0;0,00;16;8,00;0,000055;...((((.(((....))))))).((((.....((.....))...(((........)))....))))..
1431;5;0;-4,948;0;0,00;17;2,00;0,000054;...((((.(((....)))))))..(.(((...((.....))...((((......))))..))).)...
1432;5;0;-4,948;0;0,00;17;2,00;0,000054;...((.(.(((....)))).))..(((((...((.....))...((((......))))..)))))...
1434;5;0;-4,941;0;0,00;16;4,00;0,000053;....(((..((....)).)))...(((((...((.....))...((((......))))..)))))...
1438;5;0;-4,945;0;0,00;20;20,00;0,000054;...((((.(((....))))))).((((....(((.(((...))).(((......)))..)))))))..
1439;5;0;-4,945;0;0,00;17;6,00;0,000054;...(((..(((....))).))).((((((...(.......)...((((......))))..))))))..
1441;5;0;-4,938;0;0,00;19;14,00;0,000053;...((((.(((....)))))))..(((....(((..((...)).((((......)))).))))))...
1451;5;0;-4,931;0;0,00;17;14,00;0,000052;...((((.(((....)))))))..(((........(((...)))((((......))))....)))...
1458;5;0;-4,933;0;0,00;17;5,00;0,000053;...((((.(((....)))))))..(((((....(........).((((......))))..)))))...
1469;5;0;-4,924;0;0,00;18;8,00;0,000052;...((((.(((....))))))).((((((......(.......)((((......))))..))))))..
1470;5;0;-4,924;0;0,00;17;6,00;0,000052;...((((.(((....)))))))..(((((.......(....)..((((......))))..)))))...
1489;5;0;-4,915;0;0,00;19;6,00;0,000051;...((((..((....)).))))..(((((...(((...))).(.((((......))))).)))))...
1497;5;0;-4,912;0;0,00;19;6,00;0,000051;...((((.((......)))))).((((((...((.....))...((((.(...)))))..))))))..
1498;5;0;-4,912;0;0,00;19;9,00;0,000051;...((((.((......)))))).((((((...((.....))...(((.((...)))))..))))))..
1500;5;0;-4,906;0;0,00;17;6,00;0,000050;...((((.((......)))))).((((((...(.......)...((((......))))..))))))..
1507;5;0;-4,910;0;0,00;16;8,00;0,000051;...((((.(((....)))))))..((((.(..............((((......)))))..))))...
1535;5;0;-4,892;0;0,00;17;10,00;0,000049;...((((..((....)).))))..(((((.......((...)).((((......))))..)))))...
1544;5;0;-4,888;0;0,00;16;12,00;0,000049;...((((.(((....))))))).((((................(((((......)))))...))))..
1555;5;0;-4,890;0;0,00;17;6,00;0,000049;...((((.(((....))))))).(((..(...((.....))...((((......))))..)..)))..
1561;5;0;-4,883;0;0,00;17;10,00;0,000048;...((((.(((....)))))))...((((......((.....))((((......))))..))))....
1568;5;0;-4,886;0;0,00;18;4,00;0,000049;...((((.(((....)))))))..(((((...(((...)))...((.(......).))..)))))...
1584;5;0;-4,874;0;0,00;17;10,00;0,000048;...((((.(((....))))))).(((((...............(((((......)))))..)))))..
1585;5;0;-4,874;0;0,00;19;14,00;0,000048;...((((.(((....))))))).((((....(((..(.....).((((......)))).)))))))..
1598;5;0;-4,866;0;0,00;17;2,00;0,000047;...((((.(((....)))))))..(((((....(.....)....((((......))))..)))))...
1600;5;0;-4,867;0;0,00;17;14,00;0,000047;...((((.(((....))))))).((((........((.....))((((......))))....))))..
1605;5;0;-4,861;0;0,00;17;14,00;0,000047;...((((..((....)).))))..(((((......(((...))).(((......)))...)))))...
1608;5;0;-4,862;0;0,00;17;11,00;0,000047;...((((.(((....))))))).((((((...........))..((((......))))....))))..
1610;5;0;-4,862;0;0,00;19;6,00;0,000047;...((((.(((....))))))).((((((...(.(...).)...((((......))))..))))))..
1613;5;0;-4,856;0;0,00;17;9,00;0,000046;...((((..((....)).))))..(((((....((......)).((((......))))..)))))...
1618;5;0;-4,857;0;0,00;21;6,00;0,000046;.(.((((.(((....))))))).((((((...(((...)))...((((......))))..))))))).
1633;5;0;-4,849;0;0,00;19;6,00;0,000046;...((((.(.(....).))))).((((((...(((...)))...((((......))))..))))))..
1647;5;0;-4,845;0;0,00;18;4,00;0,000045;...((((.(((....)))))))..(((((...((.....)).(..(((......))).).)))))...
1654;5;0;-4,841;0;0,00;16;12,00;0,000045;...((((..((....)).))))..(((((......((.....))(((........)))..)))))...
1655;5;0;-4,842;0;0,00;17;6,00;0,000045;...(((..(((....))).)))...((((...(((...)))...((((......))))..))))....
1673;5;0;-4,833;0;0,00;18;16,00;0,000045;...(((..(((....))).)))..(((....(((.((.....))((((......)))).))))))...
1675;5;0;-4,833;0;0,00;17;6,00;0,000045;...((((.(((....))))))).((((((...(.......)...(((........)))..))))))..
1677;5;0;-4,833;0;0,00;17;6,00;0,000045;...(((..(((....))).)))..(((((...(((...)))....(((......)))...)))))...
1685;5;0;-4,831;0;0,00;20;7,00;0,000044;...((((.(((....)))))))..(((((.(((((...)))....(((......))))).)))))...
1693;5;0;-4,826;0;0,00;17;10,00;0,000044;...(((..(((....))).))).((((.....(((...)))...((((......))))....))))..
1706;5;0;-4,822;0;0,00;17;18,00;0,000044;...((((..((....)).))))..(((....(((.((.....)).(((......)))..))))))...
1708;5;0;-4,822;0;0,00;18;4,00;0,000044;...((((.(((....))))))).((((((...((.....))...((.(......).))..))))))..
1713;5;0;-4,823;0;0,00;18;4,00;0,000044;...((((.(((....)))))))..((((..(.((.....))...((((......)))))..))))...
1722;5;0;-4,818;0;0,00;19;9,00;0,000043;...((((.(((....))))))).((((((...(((...)))...((..(.....).))..))))))..
1732;5;0;-4,816;0;0,00;19;15,00;0,000043;...((((.(((....))))))).((((.((....))....(..(((((......)))))..)))))..
1736;5;0;-4,816;0;0,00;20;12,00;0,000043;...((((.(((....)))))))..(((((......(((...)))((((.(...)))))..)))))...
1737;5;0;-4,816;0;0,00;20;15,00;0,000043;...((((.(((....)))))))..(((((......(((...)))(((.((...)))))..)))))...
1743;5;0;-4,811;0;0,00;16;8,00;0,000043;...((((.(((....)))))))..(((((..(...........).(((......)))...)))))...
1744;5;0;-4,811;0;0,00;20;4,00;0,000043;((.((((.(((....)))))))..(((((...((.....))...((((......))))..))))).))
1750;5;0;-4,812;0;0,00;15;12,00;0,000043;...((((..((....)).))))..(((.............(..(((((......)))))..))))...
1755;5;0;-4,806;0;0,00;17;6,00;0,000043;...((((.(((....)))))))..(((.....((.....))...((((.(...)))))....)))...
1756;5;0;-4,806;0;0,00;17;9,00;0,000043;...((((.(((....)))))))..(((.....((.....))...(((.((...)))))....)))...
1772;5;0;-4,804;0;0,00;17;6,00;0,000042;...((((.((......))))))...((((...(((...)))...((((......))))..))))....
1783;5;0;-4,800;0;0,00;15;6,00;0,000042;...((((.(((....)))))))..(((.....(.......)...((((......))))....)))...
1787;5;0;-4,795;0;0,00;18;16,00;0,000042;...((((.((......))))))..(((....(((.((.....))((((......)))).))))))...
1790;5;0;-4,795;0;0,00;17;6,00;0,000042;...((((.((......))))))..(((((...(((...)))....(((......)))...)))))...
1797;5;0;-4,790;0;0,00;18;8,00;0,000041;...((((..((....)).))))..(((((...(((...)))...(((..(...).)))..)))))...
1809;5;0;-4,788;0;0,00;17;10,00;0,000041;...((((.((......)))))).((((.....(((...)))...((((......))))....))))..
1818;5;0;-4,783;0;0,00;18;8,00;0,000041;...((((.(((....)))))))..(((((........((.....((((......)))))))))))...
1822;5;0;-4,783;0;0,00;19;14,00;0,000041;...((((.(((....))))))).((((....(((........(.((((......))))))))))))..
1845;5;0;-4,770;0;0,00;17;2,00;0,000040;...((((.(((....)))))))..(((((...((.....))...(.((......)).)..)))))...
1853;5;0;-4,770;0;0,00;16;11,00;0,000040;...((((.(((....)))))))..((((..((.............(((......)))))..))))...
1861;5;0;-4,766;0;0,00;18;4,00;0,000040;...((((.(((....)))))))..((((.(..((.....))...((((......)))))..))))...
1862;5;0;-4,767;0;0,00;18;6,00;0,000040;...((((.(.(....)).))))..(((((...(((...)))...((((......))))..)))))...
1863;5;0;-4,767;0;0,00;20;7,00;0,000040;...((((.(((....))))))).((((((.((((.....))....(((......))))).))))))..
1871;5;0;-4,769;0;0,00;17;6,00;0,000040;...(((..(((....))).))).((((((...((.....))....(((......)))...))))))..
1875;5;0;-4,762;0;0,00;17;6,00;0,000039;...((((.(((....)))))))..(((((.....(.......).((((......))))..)))))...
1880;5;0;-4,763;0;0,00;19;6,00;0,000040;...((((..((....)).))))..(((((..((((...)))..)((((......))))..)))))...
1882;5;0;-4,764;0;0,00;16;10,00;0,000040;...((((.(((....))))))).((((.(...........)...((((......))))....))))..
1915;5;0;-4,752;0;0,00;20;12,00;0,000039;...((((.(((....))))))).((((((......((.....))((((.(...)))))..))))))..
1916;5;0;-4,752;0;0,00;20;15,00;0,000039;...((((.(((....))))))).((((((......((.....))(((.((...)))))..))))))..
1939;5;0;-4,744;0;0,00;14;8,00;0,000038;...((((..((....)).))))..((((................((((......))))...))))...
1965;5;0;-4,738;0;0,00;16;4,00;0,000038;...(((..(((....))).)))..(((.(...((.....))...((((......))))..).)))...
1969;5;0;-4,731;0;0,00;17;6,00;0,000037;...((((.((......)))))).((((((...((.....))....(((......)))...))))))..
1978;5;0;-4,729;0;0,00;13;10,00;0,000037;...(((..(((....))).)))..(((.................((((......))))....)))...
1979;5;0;-4,729;0;0,00;18;8,00;0,000037;...((((.(((....))))))).((((((.(.....).......((((......))))..))))))..
1980;5;0;-4,730;0;0,00;18;13,00;0,000037;...((((.(((....))))))).((((.....((.........(((((......))))))).))))..
1983;5;0;-4,730;0;0,00;17;6,00;0,000037;...((((.(((....)))))))...((((...(((...)))...(((........)))..))))....
2001;5;0;-4,721;0;0,00;18;16,00;0,000037;...((((.(((....)))))))..(((....(((.((.....))(((........))).))))))...
2003;5;0;-4,721;0;0,00;17;6,00;0,000037;...((((.(((....)))))))..(((((...(((...)))....((........))...)))))...
2021;5;0;-4,711;0;0,00;17;6,00;0,000036;...((((.(((....)))))))..((((((..............((((......))))).)))))...
2022;5;0;-4,711;0;0,00;20;8,00;0,000036;...(((..(((....))).))).((((((...(((...)))...((((.(...)))))..))))))..
2023;5;0;-4,711;0;0,00;20;11,00;0,000036;...(((..(((....))).))).((((((...(((...)))...(((.((...)))))..))))))..
2034;5;0;-4,714;0;0,00;17;10,00;0,000036;...((((.(((....))))))).((((.....(((...)))...(((........)))....))))..
2040;5;0;-4,709;0;0,00;18;4,00;0,000036;...((.(.(((....)))).))..(((((...(((...)))...((((......))))..)))))...
2041;5;0;-4,709;0;0,00;18;4,00;0,000036;...((((.(((....)))))))..(.(((...(((...)))...((((......))))..))).)...
2050;5;0;-4,704;0;0,00;17;10,00;0,000036;...((((.(((....))))))).(((((..(.............((((......)))))..)))))..
2053;5;0;-4,705;0;0,00;18;3,00;0,000036;...((((.(((....)))))))..(((((...(.(....))...((((......))))..)))))...
2063;5;0;-4,700;0;0,00;16;4,00;0,000036;...((((.((......))))))..(((.(...((.....))...((((......))))..).)))...
2070;5;0;-4,703;0;0,00;17;6,00;0,000036;....(((..((....)).)))...(((((...(((...)))...((((......))))..)))))...
2088;5;0;-4,694;0;0,00;18;8,00;0,000035;...((((.(((....))))))).((((((.(......)......((((......))))..))))))..
2090;5;0;-4,695;0;0,00;16;7,00;0,000035;...((((..((....)).))))..(((((...((.....))...((..(.....).))..)))))...
2099;5;0;-4,690;0;0,00;13;10,00;0,000035;...((((.((......))))))..(((.................((((......))))....)))...
2109;5;0;-4,686;0;0,00;18;4,00;0,000035;...((((.(((....)))))))..(((((...(.......)...((((.(...)))))..)))))...
2110;5;0;-4,686;0;0,00;18;7,00;0,000035;...((((.(((....)))))))..(((((...(.......)...(((.((...)))))..)))))...
2132;5;0;-4,673;0;0,00;20;8,00;0,000034;...((((.((......)))))).((((((...(((...)))...((((.(...)))))..))))))..
2133;5;0;-4,673;0;0,00;20;11,00;0,000034;...((((.((......)))))).((((((...(((...)))...(((.((...)))))..))))))..
2138;5;0;-4,675;0;0,00;21;6,00;0,000034;((.((((.(((....))))))).((((((...((.....))...((((......))))..))))))))
2150;5;0;-4,671;0;0,00;14;13,00;0,000034;...((((.(((....)))))))..(((((...........((....))............)))))...
2159;5;0;-4,665;0;0,00;16;8,00;0,000033;...(((..(((....))).)))..(((((..(...........)((((......))))..)))))...
2179;5;0;-4,658;0;0,00;17;6,00;0,000033;...((((.(((....))))))).((((((...((.....))....((........))...))))))..
2184;5;0;-4,659;0;0,00;17;6,00;0,000033;...((((.(((....)))))))..((((((.......)......((((......))))..)))))...
2196;5;0;-4,655;0;0,00;17;9,00;0,000033;...((((..((....)).))))..(((((..(.(.......).)((((......))))..)))))...
2206;5;0;-4,651;0;0,00;18;8,00;0,000033;...((((.(((....))))))).(((..(...(((...)))...((((......))))..)..)))..
2216;5;0;-4,645;0;0,00;18;4,00;0,000032;...((((.(((....))))))).((.(((...((.....))...((((......))))..))).))..
2217;5;0;-4,645;0;0,00;18;4,00;0,000032;...((((.(((....))))))).(.((((...((.....))...((((......))))..)))).)..
2218;5;0;-4,645;0;0,00;18;4,00;0,000032;...((.(.(((....)))).)).((((((...((.....))...((((......))))..))))))..
2238;5;0;-4,644;0;0,00;18;12,00;0,000032;...((((.(((....)))))))...((((......(((...)))((((......))))..))))....
2258;5;0;-4,635;0;0,00;20;16,00;0,000032;...((((.(((....))))))).((((....(((..((...)).((((......)))).)))))))..
2269;5;0;-4,630;0;0,00;18;7,00;0,000032;...((((.(((....))))))).((((((....(........).((((......))))..))))))..
2284;5;0;-4,626;0;0,00;17;5,00;0,000031;...((((.(((....)))))))..(((((...(...........((((......))))).)))))...
2285;5;0;-4,626;0;0,00;16;8,00;0,000031;...((((.((......))))))..(((((..(...........)((((......))))..)))))...
2286;5;0;-4,626;0;0,00;16;4,00;0,000031;...((((.(((....)))))))..(((.(...((.....))...(((........)))..).)))...
2288;5;0;-4,628;0;0,00;18;4,00;0,000031;...((((.(((....)))))))..(((((....((...))....((((......))))..)))))...
2290;5;0;-4,628;0;0,00;18;16,00;0,000031;...((((.(((....))))))).((((........(((...)))((((......))))....))))..
2295;5;0;-4,622;0;0,00;18;8,00;0,000031;...((((.(((....))))))).((((((.......(....)..((((......))))..))))))..
2300;5;0;-4,623;0;0,00;17;6,00;0,000031;...((((.(((....)))))))..(((((.....(......)..((((......))))..)))))...
2306;5;0;-4,625;0;0,00;15;6,00;0,000031;...((((.(((....)))))))..(((.....((.....))....(((......))).....)))...
2337;5;0;-4,617;0;0,00;13;10,00;0,000031;...((((.(((....)))))))..(((.................(((........)))....)))...
2363;5;0;-4,607;0;0,00;19;6,00;0,000030;...((((.(((....)))))))..(((((...(((...))).(..(((......))).).)))))...
2365;5;0;-4,608;0;0,00;17;10,00;0,000030;...((((.(((....))))))).(((((.(..............((((......)))))..)))))..
2374;5;0;-4,602;0;0,00;17;14,00;0,000030;...((((..((....)).))))..(((((......(((...)))(((........)))..)))))...
2385;5;0;-4,599;0;0,00;18;4,00;0,000030;...((((.(((....)))))))..(((((..(.(.....)...)((((......))))..)))))...
2393;5;0;-4,601;0;0,00;16;4,00;0,000030;...(((..(((....))).)))..((.((...((.....))...((((......))))..)).))...
2400;5;0;-4,594;0;0,00;19;18,00;0,000030;...(((..(((....))).)))..(((....(((.(((...)))((((......)))).))))))...
2403;5;0;-4,595;0;0,00;17;9,00;0,000030;...(((..(((....))).)))..(((((...((.....))...((..((...)).))..)))))...
2419;5;0;-4,592;0;0,00;14;8,00;0,000030;...((((..((....)).))))..(((.....((.....))...(((........)))....)))...
2443;5;0;-4,584;0;0,00;18;20,00;0,000029;...((((..((....)).))))..(((....(((.(((...))).(((......)))..))))))...
2444;5;0;-4,584;0;0,00;19;6,00;0,000029;...((((.(((....))))))).((((((...(((...)))...((.(......).))..))))))..
2447;5;0;-4,585;0;0,00;19;6,00;0,000029;...((((.(((....)))))))..((((..(.(((...)))...((((......)))))..))))...
2479;5;0;-4,572;0;0,00;16;4,00;0,000029;...(((...((....))..)))..(((((...((.....))...((((......))))..)))))...
2484;5;0;-4,573;0;0,00;21;6,00;0,000029;((.((((.(((....)))))))..(((((...(((...)))...((((......))))..))))).))
2489;5;0;-4,574;0;0,00;18;14,00;0,000029;...((((.(((....)))))))..(((..((.....))..(..(((((......)))))..))))...
2495;5;0;-4,567;0;0,00;18;8,00;0,000028;...((((.(((....)))))))..(((.....(((...)))...((((.(...)))))....)))...
2496;5;0;-4,567;0;0,00;18;11,00;0,000028;...((((.(((....)))))))..(((.....(((...)))...(((.((...)))))....)))...
2497;5;0;-4,567;0;0,00;19;2,00;0,000028;...((((.(((....)))))))..((((((..((.....))...((((......))))).)))))...
2502;5;0;-4,568;0;0,00;18;4,00;0,000028;.(.((((..((....)).))))..(((((...((.....))...((((......))))..))))).).
2510;5;0;-4,563;0;0,00;16;8,00;0,000028;...((((..((....)).))))..(((((......(.......)((((......))))..)))))...
2515;5;0;-4,564;0;0,00;18;4,00;0,000028;...((((.(((....))))))).((((((....(.....)....((((......))))..))))))..
2536;5;0;-4,562;0;0,00;16;4,00;0,000028;...((((.((......))))))..((.((...((.....))...((((......))))..)).))...
2541;5;0;-4,556;0;0,00;19;18,00;0,000028;...((((.((......))))))..(((....(((.(((...)))((((......)))).))))))...
2544;5;0;-4,557;0;0,00;17;9,00;0,000028;...((((.((......))))))..(((((...((.....))...((..((...)).))..)))))...
2554;5;0;-4,551;0;0,00;18;8,00;0,000028;...((((.(((....)))))))..(((((........(.....(((((......)))))))))))...
2555;5;0;-4,551;0;0,00;18;8,00;0,000028;...((((.(((....)))))))..(((((.....(........(((((......)))))))))))...
2556;5;0;-4,551;0;0,00;18;7,00;0,000028;...((((.(((....)))))))..(((((....(.........(((((......)))))))))))...
2562;5;0;-4,553;0;0,00;16;8,00;0,000028;...((((.(((....)))))))..(((((..(...........)(((........)))..)))))...
2593;5;0;-4,545;0;0,00;18;11,00;0,000027;...((((.(((....)))))))..(((((...((.....))....((.((...)).))..)))))...
2599;5;0;-4,540;0;0,00;17;10,00;0,000027;...((((.(((....)))))))..(((.(......((.....))((((......))))..).)))...
2606;5;0;-4,541;0;0,00;19;2,00;0,000027;(..((((.(((....))))))).)(((((...((.....))...((((......))))..)))))...
2613;5;0;-4,543;0;0,00;19;6,00;0,000027;...((((.(((....))))))).((((((...((.....)).(..(((......))).).))))))..
2640;5;0;-4,535;0;0,00;16;8,00;0,000027;...(((..(((....))).)))..(((((.(.............((((......))))).)))))...
2645;5;0;-4,528;0;0,00;21;9,00;0,000027;...((((.(((....))))))).((((((.(((((...)))....(((......))))).))))))..
2650;5;0;-4,529;0;0,00;15;6,00;0,000027;...((((..((....)).))))..((..(...((.....))...((((......))))..)..))...
2664;5;0;-4,530;0;0,00;19;18,00;0,000027;...(((..(((....))).))).((((....(((.((.....))((((......)))).)))))))..
2666;5;0;-4,531;0;0,00;18;8,00;0,000027;...(((..(((....))).))).((((((...(((...)))....(((......)))...))))))..
2668;5;0;-4,531;0;0,00;18;4,00;0,000027;...((((.(((....)))))))..(((((...(((...)))...(.((......)).)..)))))...
2690;5;0;-4,527;0;0,00;19;6,00;0,000027;...((((.(((....)))))))..((((.(..(((...)))...((((......)))))..))))...
2698;5;0;-4,521;0;0,00;19;6,00;0,000026;...((((.(((....))))))).(((((..(.((.....))...((((......)))))..)))))..
2705;5;0;-4,523;0;0,00;17;13,00;0,000026;...((((.(((....)))))))..(((....(((.(.........(((......)))).))))))...
2720;5;0;-4,519;0;0,00;18;4,00;0,000026;...((((.(((....)))))))...((((...((.....))...((((.(...)))))..))))....
2721;5;0;-4,519;0;0,00;18;7,00;0,000026;...((((.(((....)))))))...((((...((.....))...(((.((...)))))..))))....
2729;5;0;-4,513;0;0,00;15;10,00;0,000026;...((((..((....)).))))..((((...............(((((......)))))..))))...
2730;5;0;-4,513;0;0,00;17;14,00;0,000026;...((((..((....)).))))..(((....(((..(.....).((((......)))).))))))...
2736;5;0;-4,513;0;0,00;16;4,00;0,000026;...((((.(((....)))))))...((((...(.......)...((((......))))..))))....
2737;5;0;-4,514;0;0,00;21;14,00;0,000026;...((((.(((....))))))).((((((......(((...)))((((.(...)))))..))))))..
2738;5;0;-4,514;0;0,00;21;17,00;0,000026;...((((.(((....))))))).((((((......(((...)))(((.((...)))))..))))))..
2746;5;0;-4,509;0;0,00;17;10,00;0,000026;...((((.(((....))))))).((((((..(...........).(((......)))...))))))..
2759;5;0;-4,510;0;0,00;18;4,00;0,000026;...((((.(((....)))))))..(((((...((.....))....(((.(...))))...)))))...
2760;5;0;-4,510;0;0,00;18;7,00;0,000026;...((((.(((....)))))))..(((((...((.....))....((.((...))))...)))))...
2771;5;0;-4,505;0;0,00;16;4,00;0,000026;...((((.(((....)))))))..(((((...(.......)....(((......)))...)))))...
2786;5;0;-4,501;0;0,00;15;11,00;0,000025;...((((..((....)).))))..(((((...........))..((((......))))....)))...
2787;5;0;-4,501;0;0,00;18;3,00;0,000025;...((((.(((....)))))))..(((((...((....).)...((((......))))..)))))...
2790;5;0;-4,501;0;0,00;17;6,00;0,000025;...((((..((....)).))))..(((((...(.(...).)...((((......))))..)))))...
2792;5;0;-4,503;0;0,00;18;8,00;0,000026;...((((.(((....))))))).((((.....((.....))...((((.(...)))))....))))..
2793;5;0;-4,503;0;0,00;18;11,00;0,000026;...((((.(((....))))))).((((.....((.....))...(((.((...)))))....))))..
2797;5;0;-4,503;0;0,00;17;5,00;0,000026;...((((.(((....)))))))..(((((.....(....)....((((......))))..)))))...
2802;5;0;-4,496;0;0,00;16;8,00;0,000025;...((((.((......))))))..(((((.(.............((((......))))).)))))...
2807;5;0;-4,497;0;0,00;16;8,00;0,000025;...((((.(((....))))))).((((.....(.......)...((((......))))....))))..
2809;5;0;-4,498;0;0,00;17;11,00;0,000025;...((((.(((....)))))))..(((....((...(.....).((((......))))..)))))...
2816;5;0;-4,499;0;0,00;17;6,00;0,000025;...(((..(((....))).)))..(((.(...(((...)))...((((......))))..).)))...
2821;5;0;-4,492;0;0,00;18;8,00;0,000025;...((((.((......)))))).((((((...(((...)))....(((......)))...))))))..
2826;5;0;-4,493;0;0,00;18;11,00;0,000025;...((((.(((....)))))))..(((....(((.....(....((((......)))))))))))...
2827;5;0;-4,493;0;0,00;18;12,00;0,000025;...((((.(((....)))))))..(((....(((....(.....((((......)))))))))))...
2836;5;0;-4,489;0;0,00;16;4,00;0,000025;...((((.(((....)))))))..((.((...((.....))...(((........)))..)).))...
2848;5;0;-4,492;0;0,00;19;18,00;0,000025;...((((.((......)))))).((((....(((.((.....))((((......)))).)))))))..
2869;5;0;-4,482;0;0,00;19;18,00;0,000025;...((((.(((....)))))))..(((....(((.(((...)))(((........))).))))))...
2871;5;0;-4,482;0;0,00;17;5,00;0,000025;...((((.(((....)))))))..(((((....(....).....((((......))))..)))))...
2895;5;0;-4,480;0;0,00;19;10,00;0,000025;...((((.(((....))))))).((((((........((.....((((......))))))))))))..
2897;5;0;-4,473;0;0,00;15;6,00;0,000024;...(((..(((....))).)))....(((...((.....))...((((......))))..))).....
2926;5;0;-4,472;0;0,00;15;6,00;0,000024;...((((..((....)).))))..(((((...(.......)...(((........)))..)))))...
2929;5;0;-4,472;0;0,00;17;17,00;0,000024;...((((.(((....)))))))...((.....)).....(((.(((((......))))..)..)))..
2937;5;0;-4,467;0;0,00;18;4,00;0,000024;...((((.(((....))))))).((((((...((.....))...(.((......)).)..))))))..
2938;5;0;-4,467;0;0,00;17;11,00;0,000024;...((((.(((....)))))))..(((....((..........(((((......))))).)))))...
2941;5;0;-4,467;0;0,00;17;15,00;0,000024;...((((.(((....)))))))..(((....((..((.....)).(((......)))...)))))...
2943;5;0;-4,468;0;0,00;17;13,00;0,000024;...((((.(((....))))))).(((((..((.............(((......)))))..)))))..
2946;5;0;-4,461;0;0,00;16;4,00;0,000024;...((((..((....)).))))..(((((...((.....))...((.(......).))..)))))...
2956;5;0;-4,463;0;0,00;19;6,00;0,000024;...((((.(((....))))))).(((((.(..((.....))...((((......)))))..)))))..
2975;5;0;-4,460;0;0,00;18;8,00;0,000024;...((((.(((....))))))).((((((.....(.......).((((......))))..))))))..
2979;5;0;-4,461;0;0,00;17;6,00;0,000024;...((((.((......))))))..(((.(...(((...)))...((((......))))..).)))...
2983;5;0;-4,455;0;0,00;17;15,00;0,000024;...((((..((....)).))))..(((.((....))....(..(((((......)))))..))))...
2985;5;0;-4,455;0;0,00;18;8,00;0,000024;...((((.(((....)))))))..(((((.......(......(((((......)))))))))))...
2990;5;0;-4,456;0;0,00;17;9,00;0,000024;...((((..((....)).))))..(((((...(((...)))...((..(.....).))..)))))...
3016;5;0;-4,448;0;0,00;19;2,00;0,000023;..(((((.(((....)))))))..(((((...((.....))...((((......))))..))))).).
3022;5;0;-4,442;0;0,00;18;12,00;0,000023;...((((.(((....)))))))..(((....(((.(.......)((((......)))).))))))...
3051;5;0;-4,435;0;0,00;15;6,00;0,000023;...((((.((......))))))....(((...((.....))...((((......))))..))).....
3055;5;0;-4,435;0;0,00;17;6,00;0,000023;...(((..(((....))).))).((((.(...((.....))...((((......))))..).))))..
3058;5;0;-4,436;0;0,00;22;8,00;0,000023;((.((((.(((....))))))).((((((...(((...)))...((((......))))..))))))))
3073;5;0;-4,426;0;0,00;14;12,00;0,000022;...(((..(((....))).))).((((.................((((......))))....))))..
3084;5;0;-4,422;0;0,00;17;14,00;0,000022;...((((..((....)).))))..(((....(((........(.((((......)))))))))))...
3089;5;0;-4,423;0;0,00;16;8,00;0,000022;...((((.(((....)))))))..(((((.(.............(((........)))).)))))...
3103;5;0;-4,418;0;0,00;19;18,00;0,000022;...((((.(((....))))))).((((....(((.((.....))(((........))).)))))))..
3104;5;0;-4,419;0;0,00;18;8,00;0,000022;...((((.(((....))))))).((((((...(((...)))....((........))...))))))..
3161;5;0;-4,407;0;0,00;19;6,00;0,000022;...((((.(((....))))))).(.((((...(((...)))...((((......))))..)))).)..
3162;5;0;-4,407;0;0,00;19;6,00;0,000022;...((.(.(((....)))).)).((((((...(((...)))...((((......))))..))))))..
3163;5;0;-4,407;0;0,00;19;6,00;0,000022;...((((.(((....))))))).((.(((...(((...)))...((((......))))..))).))..
3170;5;0;-4,408;0;0,00;18;8,00;0,000022;...((((.(((....))))))).(((((((..............((((......))))).))))))..
3179;5;0;-4,403;0;0,00;14;10,00;0,000022;...((((..((....)).))))..(((.(...........)...((((......))))....)))...
3180;5;0;-4,403;0;0,00;17;10,00;0,000022;...((((.(((....)))))))..((.((......((.....))((((......))))..)).))...
3194;5;0;-4,406;0;0,00;18;7,00;0,000022;...((((..((....)).))))..(((((.((((.....))....(((......))))).)))))...
3211;5;0;-4,402;0;0,00;19;5,00;0,000022;...((((.(((....))))))).((((((...(.(....))...((((......))))..))))))..
3224;5;0;-4,397;0;0,00;18;12,00;0,000021;...((((.(((....)))))))..(((....(((.......(..((((......)))))))))))...
3225;5;0;-4,397;0;0,00;17;6,00;0,000021;...((((.((......)))))).((((.(...((.....))...((((......))))..).))))..
3239;5;0;-4,391;0;0,00;18;12,00;0,000021;...((((..((....)).))))..(((((......((.....))((((.(...)))))..)))))...
3240;5;0;-4,391;0;0,00;18;15,00;0,000021;...((((..((....)).))))..(((((......((.....))(((.((...)))))..)))))...
3255;5;0;-4,387;0;0,00;17;6,00;0,000021;...((((.(((....)))))))..(((.(...(((...)))...(((........)))..).)))...
3256;5;0;-4,388;0;0,00;14;12,00;0,000021;...((((.((......)))))).((((.................((((......))))....))))..
3261;5;0;-4,389;0;0,00;15;6,00;0,000021;...(((..(((....))).)))..(((((...((.....))...((..........))..)))))...
3269;5;0;-4,383;0;0,00;19;6,00;0,000021;...((((.(((....))))))).((((((...(.......)...((((.(...)))))..))))))..
3270;5;0;-4,383;0;0,00;19;9,00;0,000021;...((((.(((....))))))).((((((...(.......)...(((.((...)))))..))))))..
3288;5;0;-4,386;0;0,00;16;8,00;0,000021;...((((.(((....)))))))..(((.....(((...)))....(((......))).....)))...
3347;5;0;-4,375;0;0,00;17;6,00;0,000021;...((((.(((....)))))))..((((((....).........((((......))))..)))))...
3350;5;0;-4,368;0;0,00;15;15,00;0,000020;...((((.(((....))))))).((((((...........((....))............))))))..
3352;5;0;-4,368;0;0,00;16;8,00;0,000020;...((((..((....)).))))..(((((.(.....).......((((......))))..)))))...
3354;5;0;-4,369;0;0,00;16;13,00;0,000020;...((((..((....)).))))..(((.....((.........(((((......))))))).)))...
3378;5;0;-4,360;0;0,00;19;6,00;0,000020;...((((.(((....)))))))..(((((..(.((...))...)((((......))))..)))))...
3383;5;0;-4,361;0;0,00;15;6,00;0,000020;...((((.(((....)))))))....(((...((.....))...(((........)))..))).....
3386;5;0;-4,362;0;0,00;17;6,00;0,000020;...(((..(((....))).)))..((.((...(((...)))...((((......))))..)).))...
3389;5;0;-4,362;0;0,00;17;10,00;0,000020;...(((..(((....))).))).((((((..(...........)((((......))))..))))))..
3394;5;0;-4,363;0;0,00;17;5,00;0,000020;...(((..(((....))).)))..(((((...((.....))...(((.(.....))))..)))))...
3398;5;0;-4,356;0;0,00;18;8,00;0,000020;...((((.(((....))))))).(((((((.......)......((((......))))..))))))..
3399;5;0;-4,356;0;0,00;18;11,00;0,000020;...(((..(((....))).)))..(((((...(((...)))...((..((...)).))..)))))...
3413;5;0;-4,352;0;0,00;18;4,00;0,000020;...(((..(((....))).)))..(((((.(.((.....))...((((......))))).)))))...
3416;5;0;-4,353;0;0,00;15;10,00;0,000020;...((((..((....)).))))..(((.....(((...)))...(((........)))....)))...
3438;5;0;-4,350;0;0,00;15;6,00;0,000020;...((((.((......))))))..(((((...((.....))...((..........))..)))))...
3471;5;0;-4,341;0;0,00;16;4,00;0,000019;...((...(((....)))..))..(((((...((.....))...((((......))))..)))))...
3476;5;0;-4,343;0;0,00;15;10,00;0,000019;...((((..((....)).))))..((((..(.............((((......)))))..))))...
3484;5;0;-4,338;0;0,00;16;4,00;0,000019;...((((.(((....)))))))...((((...((.....))....(((......)))...))))....
3490;5;0;-4,333;0;0,00;16;8,00;0,000019;...((((..((....)).))))..(((((.(......)......((((......))))..)))))...
3493;5;0;-4,333;0;0,00;17;6,00;0,000019;...(((...((....))..)))..(((((...(((...)))...((((......))))..)))))...
3516;5;0;-4,330;0;0,00;19;6,00;0,000019;.(.((((..((....)).))))..(((((...(((...)))...((((......))))..))))).).
3533;5;0;-4,324;0;0,00;17;5,00;0,000019;...((((.((......))))))..(((((...((.....))...(((.(.....))))..)))))...
3536;5;0;-4,325;0;0,00;19;6,00;0,000019;...((((.(((....))))))).((((((....((...))....((((......))))..))))))..
3549;5;0;-4,328;0;0,00;20;4,00;0,000019;...((((.(((....)))))))..((((((..(((...)))...((((......))))).)))))...
3551;5;0;-4,321;0;0,00;17;15,00;0,000019;...(((..(((....))).)))..(((....((..((.....))((((......))))..)))))...
3552;5;0;-4,321;0;0,00;18;8,00;0,000019;...((((.(((....))))))).((((((.....(......)..((((......))))..))))))..
3563;5;0;-4,322;0;0,00;16;8,00;0,000019;...((((.(((....))))))).((((.....((.....))....(((......))).....))))..
3567;5;0;-4,323;0;0,00;18;7,00;0,000019;...((((.(((....))))))).((((((...(...........((((......))))).))))))..
3568;5;0;-4,323;0;0,00;17;6,00;0,000019;...((((.((......))))))..((.((...(((...)))...((((......))))..)).))...
3570;5;0;-4,324;0;0,00;17;10,00;0,000019;...((((.((......)))))).((((((..(...........)((((......))))..))))))..
3571;5;0;-4,324;0;0,00;17;6,00;0,000019;...((((.(((....))))))).((((.(...((.....))...(((........)))..).))))..
3581;5;0;-4,318;0;0,00;18;11,00;0,000019;...((((.((......))))))..(((((...(((...)))...((..((...)).))..)))))...
3597;5;0;-4,314;0;0,00;18;4,00;0,000019;...((((.((......))))))..(((((.(.((.....))...((((......))))).)))))...
3600;5;0;-4,314;0;0,00;14;12,00;0,000019;...((((.(((....))))))).((((.................(((........)))....))))..
3615;5;0;-4,310;0;0,00;18;3,00;0,000018;.(.((((.(((....)))))))..)((((...((.....))...((((......))))..))))....
3629;5;0;-4,312;0;0,00;20;4,00;0,000018;..(((((.(((....))))))).((((((...((.....))...((((......))))..))))))).
3630;5;0;-4,305;0;0,00;15;6,00;0,000018;...((((..((....)).))))...((((...((.....))...(((........)))..))))....
3640;5;0;-4,307;0;0,00;19;13,00;0,000018;...((((.(((....)))))))..(((((...(((...)))....((.((...)).))..)))))...
3641;5;0;-4,307;0;0,00;18;12,00;0,000018;...((((.(((....)))))))..(((....(((..(....)..((((......)))).))))))...
3651;5;0;-4,301;0;0,00;18;12,00;0,000018;...((((.(((....)))))))..(((.(......(((...)))((((......))))..).)))...
3656;5;0;-4,302;0;0,00;20;4,00;0,000018;(..((((.(((....))))))).)(((((...(((...)))...((((......))))..)))))...
3667;5;0;-4,304;0;0,00;20;8,00;0,000018;...((((.(((....))))))).((((((...(((...))).(..(((......))).).))))))..
3673;5;0;-4,298;0;0,00;17;6,00;0,000018;...(((..(((....))).))).(((.((...((.....))...((((......))))..)).)))..
3679;5;0;-4,299;0;0,00;16;11,00;0,000018;...(((..(((....))).)))..(((((.((.............(((......))))).)))))...
3684;5;0;-4,300;0;0,00;16;7,00;0,000018;...((((.(((....)))))))..(((((..(.............(((......))))..)))))...
3704;5;0;-4,296;0;0,00;19;6,00;0,000018;...((((.(((....))))))).((((((..(.(.....)...)((((......))))..))))))..
3705;5;0;-4,296;0;0,00;15;6,00;0,000018;...((((..((....)).))))..(((((...((.....))....((........))...)))))...
3715;5;0;-4,290;0;0,00;16;8,00;0,000018;...((((..((....)).))))..((..(...(((...)))...((((......))))..)..))...
3716;5;0;-4,290;0;0,00;16;19,00;0,000018;((.((((.(((....)))))))..))..............((.(((((......)))))....))...
3723;5;0;-4,291;0;0,00;20;20,00;0,000018;...(((..(((....))).))).((((....(((.(((...)))((((......)))).)))))))..
3730;5;0;-4,292;0;0,00;16;16,00;0,000018;...((((.(((....)))))))...((.....))......((.(((((......))))..)..))...
3731;5;0;-4,292;0;0,00;18;11,00;0,000018;...(((..(((....))).))).((((((...((.....))...((..((...)).))..))))))..
3758;5;0;-4,282;0;0,00;20;8,00;0,000018;...((((.(((....))))))).(((((..(.(((...)))...((((......)))))..)))))..
3760;5;0;-4,282;0;0,00;17;15,00;0,000018;...((((.((......))))))..(((....((..((.....))((((......))))..)))))...
3770;5;0;-4,284;0;0,00;15;8,00;0,000018;...((((.(((....)))))))..(((.............(...((((......))))...))))...
3774;5;0;-4,284;0;0,00;16;4,00;0,000018;...((.(..((....)).).))..(((((...((.....))...((((......))))..)))))...
3775;5;0;-4,284;0;0,00;16;4,00;0,000018;...((((..((....)).))))..(.(((...((.....))...((((......))))..))).)...
3798;5;0;-4,280;0;0,00;19;6,00;0,000018;...((((.(((....)))))))...((((...(((...)))...((((.(...)))))..))))....
3799;5;0;-4,280;0;0,00;19;9,00;0,000018;...((((.(((....)))))))...((((...(((...)))...(((.((...)))))..))))....
3807;5;0;-4,274;0;0,00;19;11,00;0,000017;...((((.(((....)))))))..((((....((.((.....))((((......)))).))))))...
3809;5;0;-4,274;0;0,00;18;16,00;0,000017;...((((..((....)).))))..(((....(((..((...)).((((......)))).))))))...
3813;5;0;-4,275;0;0,00;19;9,00;0,000017;...((((.(((....)))))))..(((((..(.((......)))((((......))))..)))))...
3839;5;0;-4,271;0;0,00;20;16,00;0,000017;...((((.(((....)))))))..(((....(((.((.....))((((.(...))))).))))))...
3840;5;0;-4,271;0;0,00;20;19,00;0,000017;...((((.(((....)))))))..(((....(((.((.....))(((.((...))))).))))))...
3841;5;0;-4,271;0;0,00;19;16,00;0,000017;...((((.(((....))))))).((((..((.....))..(..(((((......)))))..)))))..
3844;5;0;-4,271;0;0,00;19;6,00;0,000017;...((((.(((....)))))))..(((((...(((...)))....(((.(...))))...)))))...
3845;5;0;-4,271;0;0,00;19;9,00;0,000017;...((((.(((....)))))))..(((((...(((...)))....((.((...))))...)))))...
3879;5;0;-4,269;0;0,00;16;7,00;0,000017;...((((..((....)).))))..(((((....(........).((((......))))..)))))...
3894;5;0;-4,264;0;0,00;19;10,00;0,000017;...((((.(((....))))))).((((.....(((...)))...((((.(...)))))....))))..
3895;5;0;-4,264;0;0,00;19;13,00;0,000017;...((((.(((....))))))).((((.....(((...)))...(((.((...)))))....))))..
3899;5;0;-4,264;0;0,00;20;4,00;0,000017;...((((.(((....))))))).(((((((..((.....))...((((......))))).))))))..
3913;5;0;-4,259;0;0,00;18;13,00;0,000017;...((((.(((....)))))))..(((....((...((...)).((((......))))..)))))...
3917;5;0;-4,260;0;0,00;17;6,00;0,000017;...((((.((......)))))).(((.((...((.....))...((((......))))..)).)))..
3925;5;0;-4,261;0;0,00;16;11,00;0,000017;...((((.((......))))))..(((((.((.............(((......))))).)))))...
3927;5;0;-4,261;0;0,00;16;8,00;0,000017;...((((..((....)).))))..(((((.......(....)..((((......))))..)))))...
3934;5;0;-4,254;0;0,00;18;11,00;0,000017;...((((.((......)))))).((((((...((.....))...((..((...)).))..))))))..
3940;5;0;-4,255;0;0,00;17;5,00;0,000017;...((((.(((....)))))))..(((((....(.......)..((((......))))..)))))...
3949;5;0;-4,257;0;0,00;18;13,00;0,000017;...((((.(((....)))))))..(((....(((.....((....(((......)))))))))))...
3953;5;0;-4,250;0;0,00;17;10,00;0,000017;...((((.(((....))))))).((((((..(...........)(((........)))..))))))..
3964;5;0;-4,253;0;0,00;20;20,00;0,000017;...((((.((......)))))).((((....(((.(((...)))((((......)))).)))))))..
3968;5;0;-4,246;0;0,00;15;10,00;0,000017;...((((..((....)).))))..((((.(..............((((......)))))..))))...
3980;5;0;-4,248;0;0,00;19;10,00;0,000017;...((((.(((....))))))).((((((........(.....(((((......))))))))))))..
3981;5;0;-4,248;0;0,00;19;10,00;0,000017;...((((.(((....))))))).((((((.....(........(((((......))))))))))))..
3982;5;0;-4,248;0;0,00;19;9,00;0,000017;...((((.(((....))))))).((((((....(.........(((((......))))))))))))..
3993;5;0;-4,250;0;0,00;17;6,00;0,000017;...((((.(((....)))))))..((.((...(((...)))...(((........)))..)).))...
4000;5;0;-4,243;0;0,00;19;13,00;0,000016;...((((.(((....))))))).((((((...((.....))....((.((...)).))..))))))..
4028;5;0;-4,240;0;0,00;18;4,00;0,000016;...((((.(((....)))))))..(((((.(.((.....))...(((........)))).)))))...
4057;5;0;-4,237;0;0,00;18;12,00;0,000016;...((((.(((....))))))).((((.(......((.....))((((......))))..).))))..
4072;5;0;-4,232;0;0,00;17;10,00;0,000016;...(((..(((....))).))).((((((.(.............((((......))))).))))))..
4079;5;0;-4,234;0;0,00;16;8,00;0,000016;...(((..(((....))).)))....(((...(((...)))...((((......))))..))).....
4087;5;0;-4,228;0;0,00;19;6,00;0,000016;...((((.(((....))))))).((((((...(((...)))...(.((......)).)..))))))..
4092;5;0;-4,228;0;0,00;18;17,00;0,000016;...((((.(((....)))))))..(((....((..(((...))).(((......)))...)))))...
4113;5;0;-4,224;0;0,00;20;8,00;0,000016;...((((.(((....))))))).(((((.(..(((...)))...((((......)))))..)))))..
4129;5;0;-4,219;0;0,00;16;12,00;0,000016;...((((..((....)).))))...((((......((.....))((((......))))..))))....
4136;5;0;-4,220;0;0,00;18;15,00;0,000016;...((((.(((....))))))).((((....(((.(.........(((......)))).)))))))..
4152;5;0;-4,222;0;0,00;14;26,00;0,000016;...((((.(((....)))))))....(((..((.............)).)))..(.(...).).....
4154;5;0;-4,223;0;0,00;17;6,00;0,000016;...((((..((....)).))))..(((((...(((...)))...((.(......).))..)))))...
4165;5;0;-4,217;0;0,00;15;10,00;0,000016;...((((.(((....)))))))..(((....(...........)((((......))))....)))...
4194;5;0;-4,208;0;0,00;19;6,00;0,000015;...((((.(((....))))))).((((((...((.....))....(((.(...))))...))))))..
4195;5;0;-4,208;0;0,00;19;9,00;0,000015;...((((.(((....))))))).((((((...((.....))....((.((...))))...))))))..
4199;5;0;-4,208;0;0,00;19;2,00;0,000015;...((((.(((....)))))))..(((((...((.....))(..((((......))))).)))))...
4208;5;0;-4,209;0;0,00;17;15,00;0,000016;...((((.(((....)))))))..(((....((..((.....))(((........)))..)))))...
4213;5;0;-4,209;0;0,00;20;4,00;0,000016;..(((((.(((....)))))))..(((((...(((...)))...((((......))))..))))).).
4224;5;0;-4,204;0;0,00;17;6,00;0,000015;...((((.(((....)))))))..(((.....((.....)).(.((((......)))))...)))...
4243;5;0;-4,201;0;0,00;18;7,00;0,000015;...((((.(((....))))))).((((((.....(....)....((((......))))..))))))..
4249;5;0;-4,202;0;0,00;17;6,00;0,000015;...((((.(((....))))))).((((((...(.......)....(((......)))...))))))..
4255;5;0;-4,203;0;0,00;16;4,00;0,000015;...((((..((....)).))))..(((((....(.....)....((((......))))..)))))...
4257;5;0;-4,196;0;0,00;16;8,00;0,000015;...((((.((......))))))....(((...(((...)))...((((......))))..))).....
4262;5;0;-4,197;0;0,00;18;8,00;0,000015;...(((..(((....))).))).((((.(...(((...)))...((((......))))..).))))..
4266;5;0;-4,198;0;0,00;19;5,00;0,000015;...((((.(((....))))))).((((((...((....).)...((((......))))..))))))..
4291;5;0;-4,194;0;0,00;17;10,00;0,000015;...((((.((......)))))).((((((.(.............((((......))))).))))))..
4297;5;0;-4,195;0;0,00;18;13,00;0,000015;...((((.(((....))))))).((((....((...(.....).((((......))))..))))))..
4312;5;0;-4,190;0;0,00;19;13,00;0,000015;...((((.(((....))))))).((((....(((.....(....((((......))))))))))))..
4313;5;0;-4,190;0;0,00;19;14,00;0,000015;...((((.(((....))))))).((((....(((....(.....((((......))))))))))))..
4336;5;0;-4,186;0;0,00;17;6,00;0,000015;...((((.(((....))))))).(((.((...((.....))...(((........)))..)).)))..
4347;5;0;-4,180;0;0,00;18;7,00;0,000015;...((((.(((....))))))).((((((....(....).....((((......))))..))))))..
4361;5;0;-4,182;0;0,00;17;6,00;0,000015;...((((..((....)).))))..(((((...((.....)).(..(((......))).).)))))...
4366;5;0;-4,182;0;0,00;17;6,00;0,000015;...((((.(((....)))))))..(((((........(...)..((((......))))..)))))...
4367;5;0;-4,182;0;0,00;17;6,00;0,000015;...((((.(((....)))))))..(((((.....(...).....((((......))))..)))))...
4369;5;0;-4,183;0;0,00;14;46,00;0,000015;.(.((.(((((..........((((.......))))....))))).)).)....(.(...).).....
4373;5;0;-4,176;0;0,00;18;4,00;0,000015;...((((.(((....)))))))..(((.(...((.....))...((((.(...)))))..).)))...
4374;5;0;-4,176;0;0,00;18;7,00;0,000015;...((((.(((....)))))))..(((.(...((.....))...(((.((...)))))..).)))...
4390;5;0;-4,180;0;0,00;20;20,00;0,000015;...((((.(((....))))))).((((....(((.(((...)))(((........))).)))))))..
4401;5;0;-4,174;0;0,00;15;9,00;0,000015;...((((.(((....)))))))..(((.(......)........((((......))))....)))...
4405;5;0;-4,175;0;0,00;17;2,00;0,000015;...(.((.(((....))))).)..(((((...((.....))...((((......))))..)))))...
4426;5;0;-4,171;0;0,00;16;4,00;0,000015;...((((.(((....)))))))..(((.(...(.......)...((((......))))..).)))...
4431;5;0;-4,164;0;0,00;18;13,00;0,000014;...((((.(((....))))))).((((....((..........(((((......))))).))))))..
4434;5;0;-4,165;0;0,00;18;17,00;0,000014;...((((.(((....))))))).((((....((..((.....)).(((......)))...))))))..
4436;5;0;-4,165;0;0,00;18;11,00;0,000014;...((((.(((....)))))))..(((((......((.....))(((.(.....))))..)))))...
4451;5;0;-4,167;0;0,00;15;10,00;0,000014;...((((.(((....)))))))..(((.................((((.(...)))))....)))...
4452;5;0;-4,167;0;0,00;15;13,00;0,000014;...((((.(((....)))))))..(((.................(((.((...)))))....)))...
4453;5;0;-4,167;0;0,00;19;9,00;0,000014;...((((..((....)).))))..(((((.(((((...)))....(((......))))).)))))...
4455;5;0;-4,168;0;0,00;17;10,00;0,000014;...(((..(((....))).)))..(((((((.....))......((((......))))..)))))...
4464;5;0;-4,161;0;0,00;15;10,00;0,000014;...((((.(((....)))))))..(((..(.......)......((((......))))....)))...
4476;5;0;-4,163;0;0,00;18;4,00;0,000014;...(((..(((....))).)))..(((((...((.....)).(.((((......))))).)))))...
4483;5;0;-4,164;0;0,00;18;12,00;0,000014;...((((.(((....)))))))..((.((......(((...)))((((......))))..)).))...
4492;5;0;-4,158;0;0,00;13;15,00;0,000014;...((((.(((....)))))))..((((............((....)).............))))...
4498;5;0;-4,158;0;0,00;18;8,00;0,000014;...((((.((......)))))).((((.(...(((...)))...((((......))))..).))))..
4499;5;0;-4,158;0;0,00;18;4,00;0,000014;...((((.(((....)))))))..(((((..(((.....))..).(((......)))...)))))...
4514;5;0;-4,160;0;0,00;17;6,00;0,000014;...((((..((....)).))))..((((..(.((.....))...((((......)))))..))))...
4521;5;0;-4,152;0;0,00;19;14,00;0,000014;...((((..((....)).))))..(((((......(((...)))((((.(...)))))..)))))...
4522;5;0;-4,152;0;0,00;19;17,00;0,000014;...((((..((....)).))))..(((((......(((...)))(((.((...)))))..)))))...
4545;5;0;-4,150;0;0,00;16;8,00;0,000014;...(((..(((....))).)))..(((((...(((...)))...((..........))..)))))...
4567;5;0;-4,152;0;0,00;19;10,00;0,000014;...((((.(((....))))))).((((((.......(......(((((......))))))))))))..
4596;5;0;-4,147;0;0,00;15;10,00;0,000014;...((((..((....)).))))..(((((..(...........).(((......)))...)))))...
4597;5;0;-4,148;0;0,00;16;11,00;0,000014;...((((.(((....)))))))..(((.....((.....))...((..((...)).))....)))...
4600;5;0;-4,148;0;0,00;19;6,00;0,000014;((.((((..((....)).))))..(((((...((.....))...((((......))))..))))).))
4609;5;0;-4,142;0;0,00;16;8,00;0,000014;...((((..((....)).))))..(((.....((.....))...((((.(...)))))....)))...
4610;5;0;-4,142;0;0,00;16;11,00;0,000014;...((((..((....)).))))..(((.....((.....))...(((.((...)))))....)))...
4641;5;0;-4,140;0;0,00;16;8,00;0,000014;...(((..(((....))).)))..(((((.......(.....).((((......))))..)))))...
4643;5;0;-4,140;0;0,00;19;14,00;0,000014;...((((.(((....))))))).((((....(((.(.......)((((......)))).)))))))..
4668;5;0;-4,136;0;0,00;14;8,00;0,000014;...((((..((....)).))))..(((.....(.......)...((((......))))....)))...
4676;5;0;-4,129;0;0,00;17;10,00;0,000014;...((((.((......))))))..(((((((.....))......((((......))))..)))))...
4688;5;0;-4,131;0;0,00;16;8,00;0,000014;...(((..(((....))).)))..(((((..............(((((......))))).)))))...
4689;5;0;-4,131;0;0,00;17;6,00;0,000014;....((..(((....))).))..((((((...((.....))...((((......))))..))))))..
4727;5;0;-4,124;0;0,00;18;7,00;0,000013;...(((..(((....))).)))..(((((...(((...)))...(((.(.....))))..)))))...
4731;5;0;-4,125;0;0,00;18;4,00;0,000013;...((((.((......))))))..(((((...((.....)).(.((((......))))).)))))...
8;6;1;-8,228;1;0,00;15;18,00;0,013711;...((((.(((....))))))).........(((.........(((((......))))))))......
16;6;0;-7,863;0;0,00;18;12,00;0,007407;...((((.(((....)))))))..(((....(((.........(((((......)))))))))))...
20;6;0;-7,687;0;0,00;16;19,00;0,005500;...((((.(((....))))))).......(.(((.........(((((......)))))))).)....
21;6;0;-7,564;0;0,00;14;20,00;0,004472;...((((..((....)).)))).........(((.........(((((......))))))))......
22;6;0;-7,560;0;0,00;19;14,00;0,004444;...((((.(((....))))))).((((....(((.........(((((......))))))))))))..
30;6;0;-7,332;0;0,00;12;24,00;0,003020;...((((...........)))).........(((.........(((((......))))))))......
36;6;0;-7,199;0;0,00;17;14,00;0,002416;...((((..((....)).))))..(((....(((.........(((((......)))))))))))...
37;6;0;-7,200;0;0,00;16;19,00;0,002417;.(.((((.(((....)))))))..)......(((.........(((((......))))))))......
39;6;0;-7,172;0;0,00;17;21,00;0,002306;...((((.(((....)))))))......((.(((.........(((((......))))))))...)).
53;6;0;-7,023;0;0,00;15;21,00;0,001794;...((((..((....)).)))).......(.(((.........(((((......)))))))).)....
63;6;0;-6,929;0;0,00;18;22,00;0,001530;...((((.(((....))))))).....(((.(((.........(((((......))))))))...)))
73;6;0;-6,852;0;0,00;16;20,00;0,001344;...((((.(((....))))))).........(((.((.....))((((......)))).)))......
77;6;0;-6,802;0;0,00;13;16,00;0,001235;...((((.(((....)))))))..................(..(((((......)))))..)......
79;6;0;-6,790;0;0,00;13;25,00;0,001211;...((((...........)))).......(.(((.........(((((......)))))))).)....
81;6;0;-6,778;0;0,00;16;18,00;0,001186;...((((.(((....)))))))..(...)..(((.........(((((......))))))))......
100;6;0;-6,658;0;0,00;17;20,00;0,000970;.(.((((.(((....)))))))..)....(.(((.........(((((......)))))))).)....
108;6;0;-6,613;0;0,00;17;22,00;0,000898;...((((.(((....))))))).........(((.(((...)))((((......)))).)))......
114;6;0;-6,572;0;0,00;14;17,00;0,000837;...((((.(((....)))))))................(.(..(((((......)))))..).)....
115;6;0;-6,574;0;0,00;14;20,00;0,000840;...(((..(((....))).))).........(((.........(((((......))))))))......
117;6;0;-6,535;0;0,00;14;20,00;0,000788;...((((.((......)))))).........(((.........(((((......))))))))......
118;6;0;-6,536;0;0,00;15;21,00;0,000788;.(.((((..((....)).))))..)......(((.........(((((......))))))))......
123;6;0;-6,508;0;0,00;16;23,00;0,000752;...((((..((....)).))))......((.(((.........(((((......))))))))...)).
135;6;0;-6,462;0;0,00;14;20,00;0,000696;...((((.(((....))))))).........(((.........((((........)))))))......
173;6;0;-6,340;0;0,00;15;19,00;0,000566;...((((.(((....))))))).........((..((.....))((((......))))..))......
174;6;0;-6,328;0;0,00;17;20,00;0,000555;((.((((.(((....)))))))..)).....(((.........(((((......))))))))......
178;6;0;-6,311;0;0,00;17;21,00;0,000539;...((((.(((....))))))).......(.(((.((.....))((((......)))).))).)....
181;6;0;-6,303;0;0,00;13;25,00;0,000532;.(.((((...........))))..)......(((.........(((((......))))))))......
185;6;0;-6,275;0;0,00;14;27,00;0,000508;...((((...........))))......((.(((.........(((((......))))))))...)).
188;6;0;-6,276;0;0,00;14;31,00;0,000509;...((((((....))))...)).........(((.........(((((......))))))))......
189;6;0;-6,263;0;0,00;14;29,00;0,000497;...((((((....)))...))).........(((.........(((((......))))))))......
190;6;0;-6,265;0;0,00;17;24,00;0,000499;...((((..((....)).)))).....(((.(((.........(((((......))))))))...)))
214;6;0;-6,209;0;0,00;17;14,00;0,000454;...(((..(((....))).)))..(((....(((.........(((((......)))))))))))...
219;6;0;-6,188;0;0,00;15;22,00;0,000438;...((((..((....)).)))).........(((.((.....))((((......)))).)))......
231;6;0;-6,170;0;0,00;17;14,00;0,000425;...((((.((......))))))..(((....(((.........(((((......)))))))))))...
239;6;0;-6,143;0;0,00;18;22,00;0,000406;.(.((((.(((....)))))))..)...((.(((.........(((((......))))))))...)).
250;6;0;-6,114;0;0,00;15;20,00;0,000387;...((((..((....)).))))..(...)..(((.........(((((......))))))))......
253;6;0;-6,101;0;0,00;16;21,00;0,000378;...((((.(((....))))))).........((..(((...)))((((......))))..))......
254;6;0;-6,097;0;0,00;17;14,00;0,000376;...((((.(((....)))))))..(((....(((.........((((........))))))))))...
261;6;0;-6,072;0;0,00;18;23,00;0,000360;...((((.(((....))))))).......(.(((.(((...)))((((......)))).))).)....
275;6;0;-6,032;0;0,00;15;21,00;0,000337;...(((..(((....))).))).......(.(((.........(((((......)))))))).)....
276;6;0;-6,032;0;0,00;15;28,00;0,000337;...((((...........)))).....(((.(((.........(((((......))))))))...)))
286;6;0;-6,014;0;0,00;15;16,00;0,000327;...((((.(((....)))))))...((.....))......(..(((((......)))))..)......
291;6;0;-6,012;0;0,00;16;20,00;0,000325;...((((.(((....))))))).........(((.........(((((.(...)))))))))......
292;6;0;-6,012;0;0,00;16;23,00;0,000325;...((((.(((....))))))).........(((.........((((.((...)))))))))......
293;6;0;-6,004;0;0,00;14;16,00;0,000321;...((((.(((....))))))).........(((..........((((......)))).)))......
299;6;0;-5,994;0;0,00;15;21,00;0,000316;...((((.((......)))))).......(.(((.........(((((......)))))))).)....
300;6;0;-5,995;0;0,00;16;22,00;0,000316;.(.((((..((....)).))))..)....(.(((.........(((((......)))))))).)....
311;6;0;-5,956;0;0,00;13;26,00;0,000296;...((((...........)))).........(((.((.....))((((......)))).)))......
313;6;0;-5,949;0;0,00;16;24,00;0,000293;...((((..((....)).)))).........(((.(((...)))((((......)))).)))......
334;6;0;-5,921;0;0,00;15;21,00;0,000279;...((((.(((....))))))).......(.(((.........((((........))))))).)....
345;6;0;-5,906;0;0,00;18;16,00;0,000272;...(((..(((....))).))).((((....(((.........(((((......))))))))))))..
346;6;0;-5,900;0;0,00;19;23,00;0,000270;.(.((((.(((....)))))))..)..(((.(((.........(((((......))))))))...)))
354;6;0;-5,881;0;0,00;13;24,00;0,000261;...((((...........))))..(...)..(((.........(((((......))))))))......
356;6;0;-5,871;0;0,00;13;22,00;0,000257;...((((..(......).)))).........(((.........(((((......))))))))......
359;6;0;-5,868;0;0,00;18;16,00;0,000255;...((((.((......)))))).((((....(((.........(((((......))))))))))))..
367;6;0;-5,851;0;0,00;15;22,00;0,000248;...((((.(((....))))))).........(((.((.....)).(((......)))..)))......
382;6;0;-5,824;0;0,00;17;21,00;0,000237;.(.((((.(((....)))))))..)......(((.((.....))((((......)))).)))......
392;6;0;-5,798;0;0,00;13;22,00;0,000227;...((((..((....)).)))).........(((.........((((........)))))))......
393;6;0;-5,799;0;0,00;16;20,00;0,000227;...((((.(((....))))))).......(.((..((.....))((((......))))..)).)....
397;6;0;-5,794;0;0,00;18;16,00;0,000225;...((((.(((....))))))).((((....(((.........((((........)))))))))))..
400;6;0;-5,796;0;0,00;18;23,00;0,000226;...((((.(((....)))))))......((.(((.((.....))((((......)))).)))...)).
403;6;0;-5,787;0;0,00;18;21,00;0,000223;((.((((.(((....)))))))..))...(.(((.........(((((......)))))))).)....
404;6;0;-5,782;0;0,00;14;16,00;0,000221;...((((.(((....)))))))....(.....).......(..(((((......)))))..)......
406;6;0;-5,784;0;0,00;16;17,00;0,000221;...((((.(((....)))))))...((.....))....(.(..(((((......)))))..).)....
414;6;0;-5,774;0;0,00;14;17,00;0,000218;.(.((((.(((....)))))))..)...............(..(((((......)))))..)......
423;6;0;-5,762;0;0,00;14;26,00;0,000214;.(.((((...........))))..)....(.(((.........(((((......)))))))).)....
425;6;0;-5,758;0;0,00;11;26,00;0,000212;...(((.............))).........(((.........(((((......))))))))......
430;6;0;-5,757;0;0,00;14;27,00;0,000212;...((((.(((....))))))).........(((.....((..((........))..)))))......
437;6;0;-5,735;0;0,00;15;32,00;0,000204;...((((((....))))...)).......(.(((.........(((((......)))))))).)....
450;6;0;-5,722;0;0,00;15;30,00;0,000199;...((((((....)))...))).......(.(((.........(((((......)))))))).)....
452;6;0;-5,717;0;0,00;14;28,00;0,000198;...((((...........)))).........(((.(((...)))((((......)))).)))......
485;6;0;-5,676;0;0,00;14;21,00;0,000185;...((((..((....)).)))).........((..((.....))((((......))))..))......
492;6;0;-5,670;0;0,00;17;14,00;0,000183;...((((.(((....)))))))..((.....(((.........(((((......)))))))).))...
495;6;0;-5,666;0;0,00;15;20,00;0,000182;...((((.(((....))))))).......((.....))..(..(((((......)))))..)......
499;6;0;-5,664;0;0,00;16;22,00;0,000181;((.((((..((....)).))))..)).....(((.........(((((......))))))))......
508;6;0;-5,647;0;0,00;19;14,00;0,000176;...((((.(((....)))))))..(((....(((.........(((((.(...))))))))))))...
509;6;0;-5,647;0;0,00;19;17,00;0,000176;...((((.(((....)))))))..(((....(((.........((((.((...))))))))))))...
510;6;0;-5,647;0;0,00;16;23,00;0,000176;...((((..((....)).)))).......(.(((.((.....))((((......)))).))).)....
528;6;0;-5,612;0;0,00;16;24,00;0,000166;...((((.(((....))))))).........(((.(((...))).(((......)))..)))......
545;6;0;-5,586;0;0,00;14;27,00;0,000159;...((((((....))...)))).........(((.........(((((......))))))))......
553;6;0;-5,585;0;0,00;18;23,00;0,000158;.(.((((.(((....)))))))..)......(((.(((...)))((((......)))).)))......
565;6;0;-5,565;0;0,00;11;26,00;0,000153;...((((...........)))).........(((.........((((........)))))))......
569;6;0;-5,560;0;0,00;13;36,00;0,000152;..(..((((....)))).)............(((.........(((((......))))))))......
570;6;0;-5,560;0;0,00;17;22,00;0,000152;...((((.(((....))))))).......(.((..(((...)))((((......))))..)).)....
575;6;0;-5,557;0;0,00;19;25,00;0,000151;...((((.(((....)))))))......((.(((.(((...)))((((......)))).)))...)).
577;6;0;-5,552;0;0,00;15;17,00;0,000150;...((((.(((....)))))))....(.....).....(.(..(((((......)))))..).)....
578;6;0;-5,553;0;0,00;19;24,00;0,000150;...((((.(((....))))))).....(((.(((.((.....))((((......)))).)))...)))
581;6;0;-5,543;0;0,00;15;18,00;0,000148;.(.((((.(((....)))))))..).............(.(..(((((......)))))..).)....
582;6;0;-5,545;0;0,00;15;21,00;0,000148;.(.(((..(((....))).)))..)......(((.........(((((......))))))))......
585;6;0;-5,542;0;0,00;15;18,00;0,000147;...((((.(((....))))))).........(((..(.....).((((......)))).)))......
604;6;0;-5,517;0;0,00;16;23,00;0,000141;...(((..(((....))).)))......((.(((.........(((((......))))))))...)).
621;6;0;-5,507;0;0,00;15;21,00;0,000139;.(.((((.((......))))))..)......(((.........(((((......))))))))......
646;6;0;-5,479;0;0,00;16;23,00;0,000132;...((((.((......))))))......((.(((.........(((((......))))))))...)).
647;6;0;-5,480;0;0,00;17;24,00;0,000133;.(.((((..((....)).))))..)...((.(((.........(((((......))))))))...)).
648;6;0;-5,480;0;0,00;20;24,00;0,000133;((.((((.(((....)))))))..)).(((.(((.........(((((......))))))))...)))
655;6;0;-5,475;0;0,00;17;14,00;0,000132;...((((.(((....)))))))...((....(((.........(((((......))))))))))....
662;6;0;-5,470;0;0,00;17;21,00;0,000131;...((((.(((....))))))).......(.(((.........(((((.(...))))))))).)....
663;6;0;-5,470;0;0,00;17;24,00;0,000131;...((((.(((....))))))).......(.(((.........((((.((...))))))))).)....
672;6;0;-5,463;0;0,00;15;17,00;0,000129;...((((.(((....))))))).......(.(((..........((((......)))).))).)....
683;6;0;-5,451;0;0,00;15;18,00;0,000126;...((((.(((....))))))).........(((........(.((((......))))))))......
689;6;0;-5,443;0;0,00;12;25,00;0,000125;...((((...........)))).........((..((.....))((((......))))..))......
692;6;0;-5,437;0;0,00;15;23,00;0,000123;...((((..((....)).)))).........((..(((...)))((((......))))..))......
693;6;0;-5,431;0;0,00;14;26,00;0,000122;((.((((...........))))..)).....(((.........(((((......))))))))......
694;6;0;-5,433;0;0,00;16;16,00;0,000123;...((((..((....)).))))..(((....(((.........((((........))))))))))...
695;6;0;-5,433;0;0,00;15;21,00;0,000123;.(.((((.(((....)))))))..)......(((.........((((........)))))))......
709;6;0;-5,414;0;0,00;14;27,00;0,000119;...((((...........)))).......(.(((.((.....))((((......)))).))).)....
720;6;0;-5,408;0;0,00;17;25,00;0,000118;...((((..((....)).)))).......(.(((.(((...)))((((......)))).))).)....
727;6;0;-5,405;0;0,00;16;23,00;0,000117;...((((.(((....)))))))......((.(((.........((((........)))))))...)).
733;6;0;-5,401;0;0,00;17;19,00;0,000116;...((((.(((....)))))))...((....(((.........(((((......))))))))..))..
734;6;0;-5,402;0;0,00;17;20,00;0,000116;...((((.(((....)))))))..(...)..(((.((.....))((((......)))).)))......
761;6;0;-5,368;0;0,00;18;16,00;0,000110;...((((.(((....))))))).(((.....(((.........(((((......)))))))).)))..
775;6;0;-5,352;0;0,00;14;16,00;0,000107;...((((.(((....)))))))..(...)...........(..(((((......)))))..)......
783;6;0;-5,354;0;0,00;15;25,00;0,000107;...((((.(((....))))))).........(((.........(((..((...)).))))))......
785;6;0;-5,348;0;0,00;15;22,00;0,000106;...((((..((....)).)))).........(((.........(((((.(...)))))))))......
786;6;0;-5,348;0;0,00;15;25,00;0,000106;...((((..((....)).)))).........(((.........((((.((...)))))))))......
790;6;0;-5,350;0;0,00;14;18,00;0,000107;...((((..((....)).))))...((.....))......(..(((((......)))))..)......
794;6;0;-5,344;0;0,00;20;16,00;0,000105;...((((.(((....))))))).((((....(((.........(((((.(...)))))))))))))..
795;6;0;-5,344;0;0,00;20;19,00;0,000105;...((((.(((....))))))).((((....(((.........((((.((...)))))))))))))..
800;6;0;-5,340;0;0,00;13;18,00;0,000105;...((((..((....)).)))).........(((..........((((......)))).)))......
817;6;0;-5,330;0;0,00;14;23,00;0,000103;...((((..(......).)))).......(.(((.........(((((......)))))))).)....
818;6;0;-5,332;0;0,00;13;30,00;0,000103;...(((((......)))...)).........(((.........(((((......))))))))......
823;6;0;-5,323;0;0,00;16;18,00;0,000102;...((((.(((....)))))))....(....(((.........(((((......))))))))..)...
826;6;0;-5,319;0;0,00;13;28,00;0,000101;...(((((......))...))).........(((.........(((((......))))))))......
829;6;0;-5,314;0;0,00;20;26,00;0,000100;...((((.(((....))))))).....(((.(((.(((...)))((((......)))).)))...)))
833;6;0;-5,310;0;0,00;16;23,00;0,000100;...((((.(((....))))))).......(.(((.((.....)).(((......)))..))).)....
836;6;0;-5,311;0;0,00;16;20,00;0,000100;.(.((((.(((....)))))))..)......((..((.....))((((......))))..))......
839;6;0;-5,303;0;0,00;16;20,00;0,000098;...((((.(((....))))))).........(((..((...)).((((......)))).)))......
853;6;0;-5,293;0;0,00;17;20,00;0,000097;...((((.(((....)))))))......((.(((.........(((((......)))))))).)..).
864;6;0;-5,283;0;0,00;18;22,00;0,000095;.(.((((.(((....)))))))..)....(.(((.((.....))((((......)))).))).)....
867;6;0;-5,284;0;0,00;17;22,00;0,000095;...((((.(((....)))))))......((.((..((.....))((((......))))..))...)).
872;6;0;-5,274;0;0,00;17;24,00;0,000094;...(((..(((....))).))).....(((.(((.........(((((......))))))))...)))
884;6;0;-5,271;0;0,00;15;16,00;0,000093;...((((.(((....)))))))...((.....))..........((((......)))).((...))..
888;6;0;-5,272;0;0,00;19;23,00;0,000093;((.((((.(((....)))))))..))..((.(((.........(((((......))))))))...)).
901;6;0;-5,259;0;0,00;13;35,00;0,000091;......(((....)))..((.......))..(((.........(((((......))))))))......
908;6;0;-5,257;0;0,00;14;23,00;0,000091;...((((..((....)).)))).......(.(((.........((((........))))))).)....
911;6;0;-5,251;0;0,00;18;20,00;0,000090;...((((.(((....)))))))...((..(.(((.........(((((......)))))))).)))..
918;6;0;-5,247;0;0,00;15;28,00;0,000090;.(.((((...........))))..)...((.(((.........(((((......))))))))...)).
922;6;0;-5,248;0;0,00;15;32,00;0,000090;.(.((((((....))))...))..)......(((.........(((((......))))))))......
932;6;0;-5,234;0;0,00;15;30,00;0,000088;.(.((((((....)))...)))..)......(((.........(((((......))))))))......
936;6;0;-5,236;0;0,00;17;24,00;0,000088;...((((.((......)))))).....(((.(((.........(((((......))))))))...)))
937;6;0;-5,237;0;0,00;18;25,00;0,000088;.(.((((..((....)).))))..)..(((.(((.........(((((......))))))))...)))
952;6;0;-5,220;0;0,00;16;34,00;0,000086;...((((((....))))...))......((.(((.........(((((......))))))))...)).
959;6;0;-5,215;0;0,00;15;28,00;0,000085;...((((.(((....))))))).......(.(((.....((..((........))..))))).)....
962;6;0;-5,217;0;0,00;12;27,00;0,000085;...(((.............))).......(.(((.........(((((......)))))))).)....
978;6;0;-5,205;0;0,00;13;27,00;0,000083;...((((...........)))).........((..(((...)))((((......))))..))......
985;6;0;-5,206;0;0,00;16;32,00;0,000084;...((((((....)))...)))......((.(((.........(((((......))))))))...)).
990;6;0;-5,198;0;0,00;15;22,00;0,000082;...(((..(((....))).))).........(((.((.....))((((......)))).)))......
1006;6;0;-5,187;0;0,00;14;24,00;0,000081;...((((..((....)).)))).........(((.((.....)).(((......)))..)))......
1013;6;0;-5,176;0;0,00;12;35,00;0,000079;.....((((....))))..............(((.........(((((......))))))))......
1019;6;0;-5,173;0;0,00;17;19,00;0,000079;...((((.(((....)))))))....(..(.(((.........(((((......)))))))).))...
1022;6;0;-5,176;0;0,00;15;29,00;0,000079;...((((...........)))).......(.(((.(((...)))((((......)))).))).)....
1041;6;0;-5,163;0;0,00;17;24,00;0,000078;...((((.(((....))))))).....(((.(((.........((((........)))))))...)))
1044;6;0;-5,163;0;0,00;18;22,00;0,000078;...((((.(((....)))))))..(...)..(((.(((...)))((((......)))).)))......
1049;6;0;-5,159;0;0,00;15;22,00;0,000077;...((((.((......)))))).........(((.((.....))((((......)))).)))......
1052;6;0;-5,160;0;0,00;16;23,00;0,000077;.(.((((..((....)).))))..)......(((.((.....))((((......)))).)))......
1058;6;0;-5,149;0;0,00;13;31,00;0,000076;...((.(((....)))....)).........(((.........(((((......))))))))......
1068;6;0;-5,147;0;0,00;13;22,00;0,000076;...((((.(((....))))))).........(((.........(((..........))))))......
1069;6;0;-5,148;0;0,00;12;18,00;0,000076;...(((..(((....))).)))..................(..(((((......)))))..)......
1072;6;0;-5,139;0;0,00;13;25,00;0,000075;...((((.(.....)...)))).........(((.........(((((......))))))))......
1081;6;0;-5,135;0;0,00;15;22,00;0,000074;...((((..((....)).)))).......(.((..((.....))((((......))))..)).)....
1090;6;0;-5,132;0;0,00;17;25,00;0,000074;...((((..((....)).))))......((.(((.((.....))((((......)))).)))...)).
1098;6;0;-5,121;0;0,00;15;21,00;0,000072;...((((.(((....))))))).........(((.........((((.(.....))))))))......
1099;6;0;-5,121;0;0,00;15;17,00;0,000072;...((((.(((....)))))))..(...).........(.(..(((((......)))))..).)....
1100;6;0;-5,123;0;0,00;17;23,00;0,000073;((.((((..((....)).))))..))...(.(((.........(((((......)))))))).)....
1101;6;0;-5,123;0;0,00;13;24,00;0,000073;...((((.(.......).)))).........(((.........(((((......))))))))......
1103;6;0;-5,123;0;0,00;15;20,00;0,000073;...(((..(((....))).)))..(...)..(((.........(((((......))))))))......
1110;6;0;-5,120;0;0,00;15;19,00;0,000072;...((((..((....)).))))...((.....))....(.(..(((((......)))))..).)....
1118;6;0;-5,115;0;0,00;13;26,00;0,000072;...((((...........)))).........(((.........(((((.(...)))))))))......
1119;6;0;-5,115;0;0,00;13;29,00;0,000072;...((((...........)))).........(((.........((((.((...)))))))))......
1129;6;0;-5,108;0;0,00;11;22,00;0,000071;...((((...........)))).........(((..........((((......)))).)))......
1130;6;0;-5,109;0;0,00;12;18,00;0,000071;...((((.((......))))))..................(..(((((......)))))..)......
1149;6;0;-5,093;0;0,00;13;29,00;0,000069;...((((..((....)).)))).........(((.....((..((........))..)))))......
1155;6;0;-5,088;0;0,00;16;19,00;0,000068;...((((.(((....))))))).........(((.........(((((......))))))))(...).
1156;6;0;-5,088;0;0,00;13;35,00;0,000069;......(((....)))....((.....))..(((.........(((((......))))))))......
1164;6;0;-5,085;0;0,00;15;20,00;0,000068;...((((.((......))))))..(...)..(((.........(((((......))))))))......
1166;6;0;-5,086;0;0,00;15;22,00;0,000068;...((((.(((....))))))).........(((.((.....))(((........))).)))......
1175;6;0;-5,075;0;0,00;14;38,00;0,000067;..........((((.(...(((.........))).((.....))((((......))))...).)))).
1181;6;0;-5,071;0;0,00;17;25,00;0,000067;...((((.(((....))))))).......(.(((.(((...))).(((......)))..))).)....
1186;6;0;-5,073;0;0,00;17;22,00;0,000067;.(.((((.(((....)))))))..)......((..(((...)))((((......))))..))......
1187;6;0;-5,073;0;0,00;16;19,00;0,000067;..(((((.(((....)))))))..)......(((.........(((((......))))))))......
1199;6;0;-5,065;0;0,00;15;28,00;0,000066;...((((.(((....))))))).........(((.....((..(((.....).))..)))))......
1227;6;0;-5,050;0;0,00;18;21,00;0,000064;...((((.(((....))))))).....(((.(((.........(((((......)))))))).)..))
1234;6;0;-5,044;0;0,00;19;24,00;0,000064;.(.((((.(((....)))))))..)....(.(((.(((...)))((((......)))).))).)....
1238;6;0;-5,045;0;0,00;18;24,00;0,000064;...((((.(((....)))))))......((.((..(((...)))((((......))))..))...)).
1239;6;0;-5,045;0;0,00;15;28,00;0,000064;...((((((....))...)))).......(.(((.........(((((......)))))))).)....
1244;6;0;-5,041;0;0,00;18;23,00;0,000063;...((((.(((....))))))).....(((.((..((.....))((((......))))..))...)))
1250;6;0;-5,036;0;0,00;12;18,00;0,000063;...((((.(((....)))))))..................(..((((........))))..)......
1258;6;0;-5,039;0;0,00;14;16,00;0,000063;...((((.(((....)))))))....(.....)...........((((......)))).((...))..
1266;6;0;-5,034;0;0,00;12;43,00;0,000063;.(.(..(((((........(((.........)))......)))))..).)....(.(...).).....
1273;6;0;-5,024;0;0,00;12;27,00;0,000061;...((((...........)))).......(.(((.........((((........))))))).)....
1275;6;0;-5,026;0;0,00;16;19,00;0,000062;...((((.(((....)))))))........((((.........(((((......))))))).))....
1276;6;0;-5,026;0;0,00;16;19,00;0,000062;...((((.(((....)))))))........((((.........(((((......)))))))).)....
1281;6;0;-5,020;0;0,00;16;19,00;0,000061;.(.((((.(((....)))))))....)....(((.........(((((......))))))))......
1295;6;0;-5,018;0;0,00;14;37,00;0,000061;..(..((((....)))).)..........(.(((.........(((((......)))))))).)....
1308;6;0;-5,012;0;0,00;15;20,00;0,000060;...((((.(((....)))))))..(...)..(((.........((((........)))))))......
1310;6;0;-5,004;0;0,00;16;22,00;0,000059;.(.(((..(((....))).)))..)....(.(((.........(((((......)))))))).)....
1311;6;0;-5,004;0;0,00;16;29,00;0,000059;.(.((((...........))))..)..(((.(((.........(((((......))))))))...)))
1316;6;0;-5,006;0;0,00;16;16,00;0,000060;...((((..((....)).))))..((.....(((.........(((((......)))))))).))...
1317;6;0;-5,000;0;0,00;16;19,00;0,000059;...((((.(((....))))))).......(.(((..(.....).((((......)))).))).)....
1355;6;0;-4,983;0;0,00;18;16,00;0,000057;...((((..((....)).))))..(((....(((.........(((((.(...))))))))))))...
1356;6;0;-4,983;0;0,00;18;19,00;0,000057;...((((..((....)).))))..(((....(((.........((((.((...))))))))))))...
1358;6;0;-4,983;0;0,00;17;21,00;0,000057;.(.((((.(((....)))))))..)......(((.........(((((.(...)))))))))......
1359;6;0;-4,983;0;0,00;17;24,00;0,000057;.(.((((.(((....)))))))..)......(((.........((((.((...)))))))))......
1360;6;0;-4,977;0;0,00;17;35,00;0,000057;...((((((....))))...)).....(((.(((.........(((((......))))))))...)))
1372;6;0;-4,976;0;0,00;15;17,00;0,000057;.(.((((.(((....)))))))..)......(((..........((((......)))).)))......
1376;6;0;-4,970;0;0,00;14;16,00;0,000056;...((((.(((....)))))))..(.......).......(..(((((......)))))..)......
1385;6;0;-4,966;0;0,00;16;22,00;0,000056;.(.((((.((......))))))..)....(.(((.........(((((......)))))))).)....
1388;6;0;-4,967;0;0,00;13;22,00;0,000056;...((((.(........))))).........(((.........(((((......))))))))......
1394;6;0;-4,964;0;0,00;17;33,00;0,000055;...((((((....)))...))).....(((.(((.........(((((......))))))))...)))
1400;6;0;-4,959;0;0,00;16;24,00;0,000055;...(((..(((....))).))).........(((.(((...)))((((......)))).)))......
1409;6;0;-4,955;0;0,00;12;28,00;0,000055;...((((...........)))).........(((.((.....)).(((......)))..)))......
1410;6;0;-4,955;0;0,00;18;23,00;0,000055;...((((.(((....)))))))......((.(((.........(((((.(...)))))))))...)).
1411;6;0;-4,955;0;0,00;18;26,00;0,000055;...((((.(((....)))))))......((.(((.........((((.((...)))))))))...)).
1423;6;0;-4,952;0;0,00;18;22,00;0,000054;((.((((.(((....)))))))..)).....(((.((.....))((((......)))).)))......
1430;6;0;-4,948;0;0,00;16;19,00;0,000054;...((((.(((....)))))))......((.(((..........((((......)))).)))...)).
1433;6;0;-4,948;0;0,00;15;26,00;0,000054;...((((..((....)).)))).........(((.(((...))).(((......)))..)))......
1461;6;0;-4,927;0;0,00;14;27,00;0,000052;.(.((((...........))))..)......(((.((.....))((((......)))).)))......
1464;6;0;-4,929;0;0,00;12;27,00;0,000052;...((((.(((....))))))).........(((.........((...)).........)))......
1483;6;0;-4,921;0;0,00;16;24,00;0,000052;...((((.((......)))))).........(((.(((...)))((((......)))).)))......
1485;6;0;-4,921;0;0,00;17;25,00;0,000052;.(.((((..((....)).))))..)......(((.(((...)))((((......)))).)))......
1486;6;0;-4,922;0;0,00;16;19,00;0,000052;...((((.(((....))))))).(...)...(((.........(((((......))))))))......
1494;6;0;-4,917;0;0,00;13;19,00;0,000051;...(((..(((....))).)))................(.(..(((((......)))))..).)....
1506;6;0;-4,910;0;0,00;16;19,00;0,000051;...((((.(((....))))))).......(.(((........(.((((......)))))))).)....
1517;6;0;-4,899;0;0,00;15;29,00;0,000050;...((((...........))))......((.(((.((.....))((((......)))).)))...)).
1519;6;0;-4,900;0;0,00;15;33,00;0,000050;...((((((....))))...)).........(((.((.....))((((......)))).)))......
1520;6;0;-4,902;0;0,00;15;18,00;0,000050;((.((((.(((....)))))))..))..............(..(((((......)))))..)......
1522;6;0;-4,902;0;0,00;13;26,00;0,000050;...((((...........)))).......(.((..((.....))((((......))))..)).)....
1526;6;0;-4,896;0;0,00;16;24,00;0,000050;...((((..((....)).)))).......(.((..(((...)))((((......))))..)).)....
1536;6;0;-4,892;0;0,00;16;22,00;0,000049;.(.((((.(((....)))))))..)....(.(((.........((((........))))))).)....
1539;6;0;-4,893;0;0,00;18;27,00;0,000049;...((((..((....)).))))......((.(((.(((...)))((((......)))).)))...)).
1540;6;0;-4,887;0;0,00;15;31,00;0,000049;...((((((....)))...))).........(((.((.....))((((......)))).)))......
1542;6;0;-4,888;0;0,00;14;19,00;0,000049;...((((.(((....))))))).........(((.(.........(((......)))).)))......
1551;6;0;-4,889;0;0,00;18;26,00;0,000049;...((((..((....)).)))).....(((.(((.((.....))((((......)))).)))...)))
1554;6;0;-4,890;0;0,00;16;19,00;0,000049;...((((.(((....)))))))..(...)..((..((.....))((((......))))..))......
1557;6;0;-4,890;0;0,00;15;27,00;0,000049;((.((((...........))))..))...(.(((.........(((((......)))))))).)....
1563;6;0;-4,885;0;0,00;17;17,00;0,000049;...((((.(((....)))))))..(....(.(((.........(((((......)))))))).))...
1569;6;0;-4,879;0;0,00;13;19,00;0,000048;...((((.((......))))))................(.(..(((((......)))))..).)....
1573;6;0;-4,881;0;0,00;13;22,00;0,000048;...(((..((......)).))).........(((.........(((((......))))))))......
1580;6;0;-4,878;0;0,00;14;20,00;0,000048;...((((..((....)).)))).........(((..(.....).((((......)))).)))......
1599;6;0;-4,867;0;0,00;16;16,00;0,000047;...((((.(((....)))))))....(....(((.........(((((......))))))))).....
1602;6;0;-4,860;0;0,00;11;33,00;0,000047;...((((...........)))).........(((.....((..((........))..)))))......
1603;6;0;-4,860;0;0,00;16;29,00;0,000047;...((((.(((....))))))).........(((.....((..((((...)).))..)))))......
1611;6;0;-4,863;0;0,00;14;17,00;0,000047;...((((.(((....))))))).........((...(.....).((((......))))..))......
1620;6;0;-4,858;0;0,00;15;17,00;0,000046;...((((.(((....))))))).........(((.....(....((((......))))))))......
1621;6;0;-4,858;0;0,00;15;18,00;0,000046;...((((.(((....))))))).........(((....(.....((((......))))))))......
1637;6;0;-4,850;0;0,00;12;29,00;0,000046;...((((((....))))...))..................(..(((((......)))))..)......
1648;6;0;-4,847;0;0,00;16;24,00;0,000046;...((((.(((....))))))).........(((.(((...)))(((........))).)))......
1658;6;0;-4,843;0;0,00;14;23,00;0,000045;.(.((((..(......).))))..)......(((.........(((((......))))))))......
1660;6;0;-4,836;0;0,00;15;40,00;0,000045;..........((((.(...(((.........))).(((...)))((((......))))...).)))).
1662;6;0;-4,837;0;0,00;12;27,00;0,000045;...((((((....)))...)))..................(..(((((......)))))..)......
1666;6;0;-4,839;0;0,00;10;24,00;0,000045;...((((.(((....))))))).........(((.........................)))......
1671;6;0;-4,832;0;0,00;14;21,00;0,000044;...((((.(((....))))))).........((..((.....)).(((......)))...))......
1683;6;0;-4,829;0;0,00;12;26,00;0,000044;...((((.(((....))))))).........(((.........((........))....)))......
1689;6;0;-4,832;0;0,00;14;17,00;0,000044;...((((.(((....))))))).........((..........(((((......))))).))......
1694;6;0;-4,826;0;0,00;15;31,00;0,000044;...((((((....))))...))..(...)..(((.........(((((......))))))))......
1700;6;0;-4,822;0;0,00;15;17,00;0,000044;...((((.(((....))))))).((.......))......(..(((((......)))))..)......
1709;6;0;-4,823;0;0,00;16;23,00;0,000044;.(.((((.(((....)))))))..)......(((.((.....)).(((......)))..)))......
1716;6;0;-4,824;0;0,00;14;17,00;0,000044;...((((.(((....)))))))..........((.........(((((......))))))).......
1719;6;0;-4,817;0;0,00;10;34,00;0,000043;......((......))...............(((.........(((((......))))))))......
1727;6;0;-4,813;0;0,00;15;29,00;0,000043;...((((((....)))...)))..(...)..(((.........(((((......))))))))......
1730;6;0;-4,815;0;0,00;15;25,00;0,000043;...((((..(......).))))......((.(((.........(((((......))))))))...)).
1735;6;0;-4,816;0;0,00;19;26,00;0,000043;((.((((..((....)).))))..)).(((.(((.........(((((......))))))))...)))
1738;6;0;-4,809;0;0,00;11;25,00;0,000043;...((((.(((....))))))).........(((.(.....................).)))......
1740;6;0;-4,809;0;0,00;13;36,00;0,000043;.(...((((....)))).)............(((.........(((((......))))))))......
1742;6;0;-4,811;0;0,00;16;16,00;0,000043;...((((..((....)).))))...((....(((.........(((((......))))))))))....
1752;6;0;-4,812;0;0,00;16;26,00;0,000043;...((((.(((....))))))).......(.(((.........(((..((...)).)))))).)....
1754;6;0;-4,805;0;0,00;13;19,00;0,000042;...((((.(((....)))))))................(.(..((((........))))..).)....
1758;6;0;-4,806;0;0,00;17;19,00;0,000043;...((((.(((....))))))).((......(((.........(((((......))))))))))....
1760;6;0;-4,807;0;0,00;16;23,00;0,000043;...((((..((....)).)))).......(.(((.........(((((.(...))))))))).)....
1761;6;0;-4,807;0;0,00;16;26,00;0,000043;...((((..((....)).)))).......(.(((.........((((.((...))))))))).)....
1763;6;0;-4,807;0;0,00;15;18,00;0,000043;...((((.(((....))))))).........(((.(.......)((((......)))).)))......
1764;6;0;-4,807;0;0,00;13;22,00;0,000043;...(((..(((....))).))).........(((.........((((........)))))))......
1768;6;0;-4,802;0;0,00;19;25,00;0,000042;...((((.(((....))))))).....(((.((..(((...)))((((......))))..))...)))
1775;6;0;-4,797;0;0,00;15;22,00;0,000042;...((((.(((....))))))).........(((.........((((..(...).)))))))......
1781;6;0;-4,799;0;0,00;14;19,00;0,000042;...((((..((....)).)))).......(.(((..........((((......)))).))).)....
1788;6;0;-4,795;0;0,00;17;25,00;0,000042;...((((.(((....)))))))......((.(((.((.....)).(((......)))..)))...)).
1799;6;0;-4,791;0;0,00;14;31,00;0,000041;...(((((......)))...)).......(.(((.........(((((......)))))))).)....
1807;6;0;-4,787;0;0,00;14;20,00;0,000041;...((((..((....)).)))).........(((........(.((((......))))))))......
1815;6;0;-4,782;0;0,00;13;45,00;0,000041;((.(..(((((........(((.........)))......)))))..).))...(.(...).).....
1817;6;0;-4,782;0;0,00;16;16,00;0,000041;...((((.(((....)))))))..(((....(((.........(((..........)))))))))...
1840;6;0;-4,776;0;0,00;13;34,00;0,000040;.....((((....))))..(((.........)))......(..(((((......)))))..)......
1844;6;0;-4,777;0;0,00;14;29,00;0,000041;...(((((......))...))).......(.(((.........(((((......)))))))).)....
1846;6;0;-4,770;0;0,00;14;23,00;0,000040;.(.((((..((....)).))))..)......(((.........((((........)))))))......
1852;6;0;-4,770;0;0,00;17;21,00;0,000040;.(.((((.(((....)))))))..)....(.((..((.....))((((......))))..)).)....
1866;6;0;-4,767;0;0,00;19;24,00;0,000040;.(.((((.(((....)))))))..)...((.(((.((.....))((((......)))).)))...)).
1869;6;0;-4,768;0;0,00;15;20,00;0,000040;...((((.(((....))))))).............((.....))((((......)))).((...))..
1870;6;0;-4,769;0;0,00;13;22,00;0,000040;...((((.((......)))))).........(((.........((((........)))))))......
1873;6;0;-4,762;0;0,00;15;18,00;0,000039;...((((.(((....))))))).........(((.......(..((((......))))))))......
1887;6;0;-4,758;0;0,00;15;39,00;0,000039;.........(((((.(...(((.........))).((.....))((((......))))...).)))))
1897;6;0;-4,761;0;0,00;17;21,00;0,000039;...((((.(((....))))))).......(.(((..((...)).((((......)))).))).)....
1904;6;0;-4,757;0;0,00;18;15,00;0,000039;...((((.(((....)))))))..(((....(((.........((((.(.....)))))))))))...
1911;6;0;-4,751;0;0,00;16;19,00;0,000039;...((((.(((....)))))))(((.......))).....(..(((((......)))))..)......
1944;6;0;-4,746;0;0,00;13;22,00;0,000038;...((((...(....)..)))).........(((.........(((((......))))))))......
1951;6;0;-4,740;0;0,00;15;17,00;0,000038;...((((.(((....)))))))..(.......).....(.(..(((((......)))))..).)....
1955;6;0;-4,741;0;0,00;11;25,00;0,000038;...((((.(((....))))))).....................((...))....(.(...).).....
1958;6;0;-4,742;0;0,00;15;25,00;0,000038;...((((..((....)).))))......((.(((.........((((........)))))))...)).
1962;6;0;-4,736;0;0,00;12;35,00;0,000038;......(((....)))..(.........)..(((.........(((((......))))))))......
1964;6;0;-4,737;0;0,00;16;21,00;0,000038;...((((..((....)).))))...((....(((.........(((((......))))))))..))..
1966;6;0;-4,738;0;0,00;16;22,00;0,000038;...((((..((....)).))))..(...)..(((.((.....))((((......)))).)))......
1977;6;0;-4,728;0;0,00;15;28,00;0,000037;.(.((((.(((....)))))))..)......(((.....((..((........))..)))))......
1981;6;0;-4,730;0;0,00;12;27,00;0,000037;.(.(((.............)))..)......(((.........(((((......))))))))......
2013;6;0;-4,716;0;0,00;13;30,00;0,000037;...((((...........)))).........(((.(((...))).(((......)))..)))......
2027;6;0;-4,713;0;0,00;19;24,00;0,000036;...((((.(((....))))))).....(((.(((.........(((((.(...)))))))))...)))
2028;6;0;-4,713;0;0,00;19;27,00;0,000036;...((((.(((....))))))).....(((.(((.........((((.((...)))))))))...)))
2030;6;0;-4,713;0;0,00;19;24,00;0,000036;((.((((.(((....)))))))..)).....(((.(((...)))((((......)))).)))......
2043;6;0;-4,710;0;0,00;14;20,00;0,000036;....(((.(((....))))))..........(((.........(((((......))))))))......
2052;6;0;-4,704;0;0,00;17;18,00;0,000036;...((((..((....)).)))).(((.....(((.........(((((......)))))))).)))..
2054;6;0;-4,705;0;0,00;17;20,00;0,000036;...((((.(((....))))))).....(((.(((..........((((......)))).)))...)))
2060;6;0;-4,707;0;0,00;16;33,00;0,000036;.(.((((((....))))...))..)....(.(((.........(((((......)))))))).)....
2065;6;0;-4,700;0;0,00;16;30,00;0,000036;...((((.(((....)))))))......((.(((.....((..((........))..)))))...)).
2069;6;0;-4,702;0;0,00;13;29,00;0,000036;...(((.............)))......((.(((.........(((((......))))))))...)).
2078;6;0;-4,698;0;0,00;12;26,00;0,000035;...((((.(((....))))))).........(((.((...................)).)))......
2086;6;0;-4,693;0;0,00;16;31,00;0,000035;.(.((((((....)))...)))..)....(.(((.........(((((......)))))))).)....
2094;6;0;-4,688;0;0,00;15;29,00;0,000035;.(.((((...........))))..)......(((.(((...)))((((......)))).)))......
2098;6;0;-4,690;0;0,00;14;27,00;0,000035;...((((..((....)).)))).........(((.........(((..((...)).))))))......
2107;6;0;-4,685;0;0,00;14;21,00;0,000035;...(((..(((....))).))).........((..((.....))((((......))))..))......
2135;6;0;-4,673;0;0,00;16;22,00;0,000034;((.(((..(((....))).)))..)).....(((.........(((((......))))))))......
2143;6;0;-4,669;0;0,00;14;20,00;0,000034;...((((.(((....))))))).........(((.........(.(((......))).))))......
2153;6;0;-4,672;0;0,00;16;19,00;0,000034;((.((((.(((....)))))))..))............(.(..(((((......)))))..).)....
2156;6;0;-4,672;0;0,00;15;18,00;0,000034;...((((.(((....))))))).........(((..(....)..((((......)))).)))......
2169;6;0;-4,661;0;0,00;16;31,00;0,000033;...((((...........))))......((.(((.(((...)))((((......)))).)))...)).
2171;6;0;-4,661;0;0,00;16;35,00;0,000033;...((((((....))))...)).........(((.(((...)))((((......)))).)))......
2174;6;0;-4,663;0;0,00;14;28,00;0,000033;...((((...........)))).......(.((..(((...)))((((......))))..)).)....
2176;6;0;-4,656;0;0,00;16;23,00;0,000033;...(((..(((....))).))).......(.(((.((.....))((((......)))).))).)....
2177;6;0;-4,656;0;0,00;16;30,00;0,000033;...((((...........)))).....(((.(((.((.....))((((......)))).)))...)))
2185;6;0;-4,659;0;0,00;15;20,00;0,000033;...((((..((....)).))))....(....(((.........(((((......))))))))..)...
2204;6;0;-4,650;0;0,00;19;28,00;0,000033;...((((..((....)).)))).....(((.(((.(((...)))((((......)))).)))...)))
2205;6;0;-4,651;0;0,00;17;21,00;0,000033;...((((.(((....)))))))..(...)..((..(((...)))((((......))))..))......
2214;6;0;-4,645;0;0,00;12;24,00;0,000032;...((((...........)))).........(((..(.....).((((......)))).)))......
2219;6;0;-4,646;0;0,00;15;25,00;0,000032;...((((..((....)).)))).......(.(((.((.....)).(((......)))..))).)....
2223;6;0;-4,647;0;0,00;14;21,00;0,000033;...((((.((......)))))).........((..((.....))((((......))))..))......
2226;6;0;-4,648;0;0,00;15;22,00;0,000033;.(.((((..((....)).))))..)......((..((.....))((((......))))..))......
2228;6;0;-4,648;0;0,00;16;33,00;0,000033;...((((((....)))...))).........(((.(((...)))((((......)))).)))......
2233;6;0;-4,642;0;0,00;13;26,00;0,000032;...(((((......)...)))).........(((.........(((((......))))))))......
2236;6;0;-4,643;0;0,00;11;43,00;0,000032;.(.(..(((((........(((.........)))......)))))..).)......(...).......
2243;6;0;-4,638;0;0,00;16;21,00;0,000032;.(.((((.(((....)))))))..)....((.....))..(..(((((......)))))..)......
2246;6;0;-4,639;0;0,00;15;22,00;0,000032;...((((..((....)).)))).........(((..((...)).((((......)))).)))......
2248;6;0;-4,639;0;0,00;13;44,00;0,000032;.(.(..(((((........(((.........)))......)))))..).)..(.(.(...)).)....
2256;6;0;-4,635;0;0,00;16;22,00;0,000032;((.((((.((......))))))..)).....(((.........(((((......))))))))......
2257;6;0;-4,635;0;0,00;13;36,00;0,000032;.....((((....))))............(.(((.........(((((......)))))))).)....
2260;6;0;-4,636;0;0,00;17;22,00;0,000032;...((((.(((....))))))).........(((.((.....))((((.(...))))).)))......
2261;6;0;-4,636;0;0,00;17;25,00;0,000032;...((((.(((....))))))).........(((.((.....))(((.((...))))).)))......
2280;6;0;-4,632;0;0,00;17;19,00;0,000032;...((((.(((....)))))))..(...)(.(((.........(((((......)))))))).)....
2281;6;0;-4,625;0;0,00;13;38,00;0,000031;..........((((.(....((.........))..((.....))((((......))))...).)))).
2289;6;0;-4,628;0;0,00;14;35,00;0,000031;......(((....)))..(((..........(((.........(((((......)))))))))))...
2293;6;0;-4,629;0;0,00;16;22,00;0,000032;...((((..((....)).))))......((.(((.........(((((......)))))))).)..).
2296;6;0;-4,622;0;0,00;15;19,00;0,000031;...((((.(((....))))))).........(((.....((....(((......))))))))......
2303;6;0;-4,624;0;0,00;15;19,00;0,000031;...((((.(((....))))))).........((...((...)).((((......))))..))......
2311;6;0;-4,618;0;0,00;16;23,00;0,000031;...((((.((......)))))).......(.(((.((.....))((((......)))).))).)....
2312;6;0;-4,618;0;0,00;13;35,00;0,000031;....(((((....)))).)............(((.........(((((......))))))))......
2313;6;0;-4,618;0;0,00;13;35,00;0,000031;....(((((....))).))............(((.........(((((......))))))))......
2315;6;0;-4,619;0;0,00;17;24,00;0,000031;.(.((((..((....)).))))..)....(.(((.((.....))((((......)))).))).)....
2319;6;0;-4,620;0;0,00;16;24,00;0,000031;...((((..((....)).))))......((.((..((.....))((((......))))..))...)).
2321;6;0;-4,620;0;0,00;13;30,00;0,000031;...((((((....))))...))................(.(..(((((......)))))..).)....
2334;6;0;-4,616;0;0,00;12;35,00;0,000031;..(..(((......))).)............(((.........(((((......))))))))......
2336;6;0;-4,616;0;0,00;12;35,00;0,000031;......(((....)))....(.......)..(((.........(((((......))))))))......
2341;6;0;-4,611;0;0,00;13;28,00;0,000031;...((((.(((....))))))).........(((.(.......((...)).......).)))......
2360;6;0;-4,606;0;0,00;14;23,00;0,000030;...((((.(((....))))))).......(.(((.........(((..........)))))).)....
2362;6;0;-4,606;0;0,00;13;28,00;0,000030;...((((((....)))...)))................(.(..(((((......)))))..).)....
2366;6;0;-4,608;0;0,00;14;32,00;0,000030;...((.(((....)))....)).......(.(((.........(((((......)))))))).)....
2367;6;0;-4,608;0;0,00;18;25,00;0,000030;((.((((..((....)).))))..))..((.(((.........(((((......))))))))...)).
2371;6;0;-4,609;0;0,00;14;28,00;0,000030;...((((.(((....))))))).........(((....(.(..((........)).).))))......
2411;6;0;-4,598;0;0,00;14;26,00;0,000030;...((((.(.....)...)))).......(.(((.........(((((......)))))))).)....
2417;6;0;-4,591;0;0,00;16;18,00;0,000030;...((((.(((....))))))).((.......))....(.(..(((((......)))))..).)....
2424;6;0;-4,593;0;0,00;15;23,00;0,000030;...((((.(((....))))))).........((..(((...))).(((......)))...))......
2428;6;0;-4,587;0;0,00;17;22,00;0,000029;...((((..((....)).))))...((..(.(((.........(((((......)))))))).)))..
2436;6;0;-4,582;0;0,00;18;19,00;0,000029;...((((.(((....))))))).((....(.(((.........(((((......)))))))).)))..
2445;6;0;-4,584;0;0,00;17;25,00;0,000029;.(.((((.(((....)))))))..)......(((.(((...))).(((......)))..)))......
2451;6;0;-4,586;0;0,00;14;18,00;0,000029;...((((.(((....)))))))..................(..(((((.(...))))))..)......
2452;6;0;-4,586;0;0,00;14;21,00;0,000029;...((((.(((....)))))))..................(..((((.((...))))))..)......
2454;6;0;-4,578;0;0,00;16;18,00;0,000029;...((((.(((....)))))))..(......(((.........(((((......))))))))).....
2460;6;0;-4,580;0;0,00;16;22,00;0,000029;...((((.(((....))))))).......(.(((.........((((.(.....)))))))).)....
2467;6;0;-4,582;0;0,00;14;25,00;0,000029;...((((.(.......).)))).......(.(((.........(((((......)))))))).)....
2474;6;0;-4,577;0;0,00;12;36,00;0,000029;..((((.....)).))...............(((.........(((((......))))))))......
2482;6;0;-4,572;0;0,00;12;44,00;0,000029;.(.(..(((((........(((.........)))......)))))..).)..(.(......).)....
2483;6;0;-4,572;0;0,00;16;26,00;0,000029;...((((..(......).)))).....(((.(((.........(((((......))))))))...)))
2488;6;0;-4,574;0;0,00;14;21,00;0,000029;...((((.(((....))))))).........((..((.....))(((........)))..))......
2490;6;0;-4,574;0;0,00;14;27,00;0,000029;...((((...........)))).......(.(((.........(((((.(...))))))))).)....
2491;6;0;-4,574;0;0,00;14;30,00;0,000029;...((((...........)))).......(.(((.........((((.((...))))))))).)....
2494;6;0;-4,567;0;0,00;12;23,00;0,000028;...((((...........)))).......(.(((..........((((......)))).))).)....
2533;6;0;-4,562;0;0,00;17;20,00;0,000028;...((((.(((....)))))))..(...)..(((.........(((((.(...)))))))))......
2534;6;0;-4,562;0;0,00;17;23,00;0,000028;...((((.(((....)))))))..(...)..(((.........((((.((...)))))))))......
2535;6;0;-4,562;0;0,00;16;22,00;0,000028;((.((((.(((....)))))))..)).....(((.........((((........)))))))......
2543;6;0;-4,556;0;0,00;18;27,00;0,000028;...((((.(((....)))))))......((.(((.(((...))).(((......)))..)))...)).
2548;6;0;-4,558;0;0,00;15;28,00;0,000028;.(.((((((....))...))))..)......(((.........(((((......))))))))......
2558;6;0;-4,552;0;0,00;14;30,00;0,000028;...((((..((....)).)))).......(.(((.....((..((........))..))))).)....
2559;6;0;-4,552;0;0,00;18;26,00;0,000028;...((((.(((....))))))).....(((.(((.((.....)).(((......)))..)))...)))
2567;6;0;-4,554;0;0,00;15;16,00;0,000028;...((((.(((....)))))))..(...)..(((..........((((......)))).)))......
2569;6;0;-4,554;0;0,00;12;24,00;0,000028;...((((...........)))).........(((........(.((((......))))))))......
2574;6;0;-4,548;0;0,00;16;20,00;0,000028;...((((.(((....))))))).......(.(((.........(((((......))))))))...)..
2588;6;0;-4,545;0;0,00;16;23,00;0,000027;...((((.(((....))))))).......(.(((.((.....))(((........))).))).)....
2595;6;0;-4,546;0;0,00;14;35,00;0,000027;.....((((....))))..(((.........)))....(.(..(((((......)))))..).)....
2617;6;0;-4,537;0;0,00;12;27,00;0,000027;.(.((((...........))))..)......(((.........((((........)))))))......
2625;6;0;-4,539;0;0,00;14;35,00;0,000027;.....((((....)))).((.......))..(((.........(((((......))))))))......
2627;6;0;-4,531;0;0,00;18;23,00;0,000027;.(.((((.(((....)))))))..)....(.((..(((...)))((((......))))..)).)....
2628;6;0;-4,532;0;0,00;17;20,00;0,000027;..(((((.(((....)))))))..)....(.(((.........(((((......)))))))).)....
2651;6;0;-4,529;0;0,00;20;26,00;0,000027;.(.((((.(((....)))))))..)...((.(((.(((...)))((((......)))).)))...)).
2660;6;0;-4,529;0;0,00;16;22,00;0,000027;...((((.(((....))))))).............(((...)))((((......)))).((...))..
2662;6;0;-4,530;0;0,00;16;30,00;0,000027;...((((((....))...))))......((.(((.........(((((......))))))))...)).
2673;6;0;-4,524;0;0,00;16;29,00;0,000026;...((((.(((....))))))).......(.(((.....((..(((.....).))..))))).)....
2678;6;0;-4,525;0;0,00;20;25,00;0,000026;.(.((((.(((....)))))))..)..(((.(((.((.....))((((......)))).)))...)))
2679;6;0;-4,525;0;0,00;18;16,00;0,000026;....(((.(((....))))))..((((....(((.........(((((......))))))))))))..
2697;6;0;-4,521;0;0,00;17;20,00;0,000026;...((((.(((....)))))))(((.......)))...(.(..(((((......)))))..).)....
2707;6;0;-4,516;0;0,00;16;16,00;0,000026;...(((..((......)).)))..(((....(((.........(((((......)))))))))))...
2716;6;0;-4,518;0;0,00;13;25,00;0,000026;...((((..(....)...)))).........(((.........(((((......))))))))......
2724;6;0;-4,519;0;0,00;16;41,00;0,000026;.........(((((.(...(((.........))).(((...)))((((......))))...).)))))
2733;6;0;-4,513;0;0,00;16;19,00;0,000026;.(.((((.(((....)))))))..)......(((..(.....).((((......)))).)))......
2748;6;0;-4,509;0;0,00;13;29,00;0,000026;...((((...........))))......((.(((.........((((........)))))))...)).
2754;6;0;-4,510;0;0,00;16;21,00;0,000026;...((((..((....)).))))....(..(.(((.........(((((......)))))))).))...
2757;6;0;-4,510;0;0,00;13;33,00;0,000026;...((((((....))))...)).........(((.........((((........)))))))......
2769;6;0;-4,504;0;0,00;14;25,00;0,000026;...((((...........))))...((....(((.........(((((......))))))))..))..
2773;6;0;-4,505;0;0,00;14;26,00;0,000026;...((((...........))))..(...)..(((.((.....))((((......)))).)))......
2781;6;0;-4,500;0;0,00;14;29,00;0,000025;...((((.(((....))))))).........(((.((......((...))......)).)))......
2794;6;0;-4,503;0;0,00;14;18,00;0,000026;...((((.(((....))))))).......(.......)..(..(((((......)))))..)......
2798;6;0;-4,503;0;0,00;14;35,00;0,000026;.....((((....))))...((.....))..(((.........(((((......))))))))......
2799;6;0;-4,503;0;0,00;15;39,00;0,000026;..(..((((....)))).).........((.(((.........(((((......))))))))...)).
2805;6;0;-4,496;0;0,00;13;31,00;0,000025;...((((((....)))...))).........(((.........((((........)))))))......
2813;6;0;-4,499;0;0,00;16;26,00;0,000025;...((((..((....)).)))).....(((.(((.........((((........)))))))...)))
2817;6;0;-4,499;0;0,00;17;24,00;0,000025;...((((..((....)).))))..(...)..(((.(((...)))((((......)))).)))......
2829;6;0;-4,495;0;0,00;14;20,00;0,000025;...((((.(.(....).))))).........(((.........(((((......))))))))......
2834;6;0;-4,496;0;0,00;14;24,00;0,000025;...((((..(......).)))).........(((.((.....))((((......)))).)))......
2838;6;0;-4,489;0;0,00;17;24,00;0,000025;.(.(((..(((....))).)))..)...((.(((.........(((((......))))))))...)).
2849;6;0;-4,485;0;0,00;17;21,00;0,000025;...((((.(((....)))))))......((.(((..(.....).((((......)))).)))...)).
2875;6;0;-4,484;0;0,00;12;24,00;0,000025;...((((..((....)).)))).........(((.........(((..........))))))......
2885;6;0;-4,479;0;0,00;15;19,00;0,000024;...((((.(((....))))))).........((.(........(((((......))))))))......
2886;6;0;-4,479;0;0,00;14;20,00;0,000024;...((((.(((....))))))).........(((........(..(((......))).))))......
2887;6;0;-4,479;0;0,00;17;20,00;0,000024;.(.((((.(((....)))))))....)..(.(((.........(((((......)))))))).)....
2889;6;0;-4,479;0;0,00;18;22,00;0,000025;...((((.(((....)))))))......((((((.........(((((......))))))).)).)).
2890;6;0;-4,479;0;0,00;18;22,00;0,000025;...((((.(((....)))))))......((((((.........(((((......)))))))).).)).
2893;6;0;-4,480;0;0,00;17;18,00;0,000025;...((((.(((....))))))).((((....(((.........(((..........))))))))))..
2917;6;0;-4,469;0;0,00;14;19,00;0,000024;...((((.(((....)))))))........((...........(((((......))))).....))..
2918;6;0;-4,469;0;0,00;16;19,00;0,000024;..(((((.(((....)))))))....)....(((.........(((((......))))))))......
2957;6;0;-4,463;0;0,00;14;23,00;0,000024;...((((.(((....))))))).........(((.........(((..(.....).))))))......
2964;6;0;-4,457;0;0,00;12;31,00;0,000024;...((((...........)))).........(((.........(((..((...)).))))))......
2966;6;0;-4,458;0;0,00;14;23,00;0,000024;...((((..((....)).)))).........(((.........((((.(.....))))))))......
2972;6;0;-4,459;0;0,00;14;30,00;0,000024;...(((.............))).....(((.(((.........(((((......))))))))...)))
2982;6;0;-4,454;0;0,00;19;17,00;0,000023;...((((.(((....))))))).((((....(((.........((((.(.....))))))))))))..
2993;6;0;-4,451;0;0,00;17;24,00;0,000023;.(.((((.((......))))))..)...((.(((.........(((((......))))))))...)).
3008;6;0;-4,447;0;0,00;15;23,00;0,000023;...(((..(((....))).))).........((..(((...)))((((......))))..))......
3019;6;0;-4,442;0;0,00;15;19,00;0,000023;...((((.(((....)))))))........(((..........(((((......)))))....)))..
3020;6;0;-4,442;0;0,00;18;22,00;0,000023;.(.((((.(((....)))))))..)....(.(((.........(((((.(...))))))))).)....
3021;6;0;-4,442;0;0,00;18;25,00;0,000023;.(.((((.(((....)))))))..)....(.(((.........((((.((...))))))))).)....
3023;6;0;-4,442;0;0,00;16;16,00;0,000023;...(((..(((....))).)))..(((....(((.........((((........))))))))))...
3038;6;0;-4,440;0;0,00;17;21,00;0,000023;((.((((.(((....)))))))..)).....((..((.....))((((......))))..))......
3043;6;0;-4,441;0;0,00;13;43,00;0,000023;.(.((.(((((........(((.........)))......))))).)).)....(.(...).).....
3052;6;0;-4,435;0;0,00;16;18,00;0,000023;.(.((((.(((....)))))))..)....(.(((..........((((......)))).))).)....
3059;6;0;-4,430;0;0,00;13;17,00;0,000023;...((((.(((....)))))))..........(..........(((((......))))).......).
3067;6;0;-4,432;0;0,00;18;16,00;0,000023;...((((.(((....)))))))..(((....(((.........((((..(...).))))))))))...
3075;6;0;-4,426;0;0,00;13;24,00;0,000022;...((((...........))))....(....(((.........(((((......))))))))..)...
3083;6;0;-4,422;0;0,00;14;24,00;0,000022;...((((..((....)).)))).........(((.((.....))(((........))).)))......
3087;6;0;-4,422;0;0,00;16;19,00;0,000022;.(.((((.(((....)))))))..)......(((........(.((((......))))))))......
3094;6;0;-4,424;0;0,00;15;21,00;0,000022;...((((..((....)).)))).........(((.........(((((......))))))))(...).
3100;6;0;-4,426;0;0,00;14;23,00;0,000022;...((((.(........))))).......(.(((.........(((((......)))))))).)....
3117;6;0;-4,421;0;0,00;14;22,00;0,000022;...((((..(......).))))..(...)..(((.........(((((......))))))))......
3124;6;0;-4,415;0;0,00;13;26,00;0,000022;.(.((((...........))))..)......((..((.....))((((......))))..))......
3134;6;0;-4,417;0;0,00;11;33,00;0,000022;......((......))...(((.........)))......(..(((((......)))))..)......
3136;6;0;-4,418;0;0,00;17;25,00;0,000022;...(((..(((....))).))).......(.(((.(((...)))((((......)))).))).)....
3137;6;0;-4,418;0;0,00;17;32,00;0,000022;...((((...........)))).....(((.(((.(((...)))((((......)))).)))...)))
3142;6;0;-4,411;0;0,00;16;19,00;0,000022;...((((.(((....)))))))...((.....)).((.....))((((......))))...(....).
3143;6;0;-4,411;0;0,00;19;23,00;0,000022;((.((((.(((....)))))))..))...(.(((.((.....))((((......)))).))).)....
3151;6;0;-4,412;0;0,00;16;19,00;0,000022;...((((.(((....)))))))(....)...(((.........(((((......))))))))......
3155;6;0;-4,413;0;0,00;13;29,00;0,000022;...((((...........)))).......(.(((.((.....)).(((......)))..))).)....
3157;6;0;-4,406;0;0,00;13;26,00;0,000022;...((((...........)))).........(((..((...)).((((......)))).)))......
3165;6;0;-4,407;0;0,00;16;27,00;0,000022;...((((..((....)).)))).......(.(((.(((...))).(((......)))..))).)....
3166;6;0;-4,407;0;0,00;10;34,00;0,000022;..((..........))...............(((.........(((((......))))))))......
3168;6;0;-4,408;0;0,00;12;26,00;0,000022;...((((.(((....))))))).........(((.((..................))..)))......
3169;6;0;-4,408;0;0,00;15;23,00;0,000022;...((((.((......)))))).........((..(((...)))((((......))))..))......
3172;6;0;-4,409;0;0,00;16;24,00;0,000022;.(.((((..((....)).))))..)......((..(((...)))((((......))))..))......
3173;6;0;-4,409;0;0,00;15;21,00;0,000022;..(((((..((....)).))))..)......(((.........(((((......))))))))......
3184;6;0;-4,404;0;0,00;16;16,00;0,000022;...((((.((......))))))..(((....(((.........((((........))))))))))...
3204;6;0;-4,401;0;0,00;16;22,00;0,000021;...((((.(((....)))))))..(...)..(((.((.....)).(((......)))..)))......
3206;6;0;-4,401;0;0,00;14;30,00;0,000021;...((((..((....)).)))).........(((.....((..(((.....).))..)))))......
3215;6;0;-4,396;0;0,00;14;26,00;0,000021;...((((...........))))......((.(((.........(((((......)))))))).)..).
3220;6;0;-4,397;0;0,00;18;24,00;0,000021;...((((.(((....))))))).........(((.(((...)))((((.(...))))).)))......
3221;6;0;-4,397;0;0,00;18;27,00;0,000021;...((((.(((....))))))).........(((.(((...)))(((.((...))))).)))......
3252;6;0;-4,394;0;0,00;17;21,00;0,000021;...((((.(((....)))))))......((.(((........(.((((......))))))))...)).
3253;6;0;-4,387;0;0,00;14;28,00;0,000021;...((((...........))))......((.((..((.....))((((......))))..))...)).
3257;6;0;-4,388;0;0,00;13;28,00;0,000021;...((((.(((....))))))).......(.(((.........((...)).........))).)....
3258;6;0;-4,388;0;0,00;14;32,00;0,000021;...((((((....))))...)).........((..((.....))((((......))))..))......
3266;6;0;-4,390;0;0,00;14;31,00;0,000021;...((((.(((....))))))).........(((.((.....))....((...))....)))......
3267;6;0;-4,390;0;0,00;12;45,00;0,000021;((.(..(((((........(((.........)))......)))))..).)).....(...).......
3286;6;0;-4,386;0;0,00;17;23,00;0,000021;...((((..((....)).)))).....(((.(((.........(((((......)))))))).)..))
3290;6;0;-4,386;0;0,00;15;28,00;0,000021;.(.((((...........))))..)....(.(((.((.....))((((......)))).))).)....
3292;6;0;-4,386;0;0,00;14;40,00;0,000021;..........((((.(....((.........))..(((...)))((((......))))...).)))).
3294;6;0;-4,379;0;0,00;16;19,00;0,000021;...((((.(((....))))))).........(((.........(((((......)))))))).(...)
3295;6;0;-4,379;0;0,00;17;25,00;0,000021;...((((.((......)))))).......(.(((.(((...)))((((......)))).))).)....
3299;6;0;-4,380;0;0,00;18;26,00;0,000021;.(.((((..((....)).))))..)....(.(((.(((...)))((((......)))).))).)....
3302;6;0;-4,380;0;0,00;15;18,00;0,000021;...((((.(((....))))))).........((((......)).((((......))))..))......
3305;6;0;-4,381;0;0,00;17;26,00;0,000021;...((((..((....)).))))......((.((..(((...)))((((......))))..))...)).
3315;6;0;-4,382;0;0,00;12;28,00;0,000021;...(((.............))).........(((.((.....))((((......)))).)))......
3318;6;0;-4,375;0;0,00;16;29,00;0,000021;((.((((...........))))..))..((.(((.........(((((......))))))))...)).
3323;6;0;-4,376;0;0,00;16;33,00;0,000021;((.((((((....))))...))..)).....(((.........(((((......))))))))......
3325;6;0;-4,377;0;0,00;17;25,00;0,000021;...((((..((....)).)))).....(((.((..((.....))((((......))))..))...)))
3327;6;0;-4,377;0;0,00;17;24,00;0,000021;.(.((((.(((....)))))))..)...((.(((.........((((........)))))))...)).
3333;6;0;-4,372;0;0,00;16;19,00;0,000020;...((((.(((....)))))))......(..(((.........(((((......))))))))....).
3346;6;0;-4,375;0;0,00;14;30,00;0,000021;...((((((....)))...))).........((..((.....))((((......))))..))......
3375;6;0;-4,359;0;0,00;14;18,00;0,000020;...(((..(((....))).)))...((.....))......(..(((((......)))))..)......
3381;6;0;-4,361;0;0,00;16;20,00;0,000020;(..((((.(((....))))))).).......(((.........(((((......))))))))......
3387;6;0;-4,362;0;0,00;15;21,00;0,000020;...((((..((....)).))))........((((.........(((((......))))))).))....
3388;6;0;-4,362;0;0,00;15;21,00;0,000020;...((((..((....)).))))........((((.........(((((......)))))))).)....
3392;6;0;-4,363;0;0,00;16;31,00;0,000020;((.((((((....)))...)))..)).....(((.........(((((......))))))))......
3401;6;0;-4,356;0;0,00;15;21,00;0,000020;.(.((((..((....)).))))....)....(((.........(((((......))))))))......
3404;6;0;-4,357;0;0,00;15;22,00;0,000020;...(((..(((....))).))).........(((.........(((((.(...)))))))))......
3405;6;0;-4,357;0;0,00;15;25,00;0,000020;...(((..(((....))).))).........(((.........((((.((...)))))))))......
3408;6;0;-4,359;0;0,00;16;34,00;0,000020;...((((((....))))...)).......(.(((.((.....))((((......)))).))).)....
3428;6;0;-4,355;0;0,00;15;19,00;0,000020;...((((.(((....)))))))................(.(..(((((.(...))))))..).)....
3429;6;0;-4,355;0;0,00;15;22,00;0,000020;...((((.(((....)))))))................(.(..((((.((...))))))..).)....
3430;6;0;-4,348;0;0,00;14;22,00;0,000020;...((((..((....)).))))..(...)..(((.........((((........)))))))......
3436;6;0;-4,350;0;0,00;10;25,00;0,000020;...((((.(((....))))))).....................((...))......(...).......
3437;6;0;-4,350;0;0,00;13;18,00;0,000020;...(((..(((....))).))).........(((..........((((......)))).)))......
3453;6;0;-4,345;0;0,00;17;14,00;0,000020;....(((.(((....))))))...(((....(((.........(((((......)))))))))))...
3455;6;0;-4,345;0;0,00;15;19,00;0,000020;...((((.(((....)))))))....(.....)..((.....))((((......))))...(....).
3459;6;0;-4,346;0;0,00;16;32,00;0,000020;...((((((....)))...))).......(.(((.((.....))((((......)))).))).)....
3460;6;0;-4,346;0;0,00;12;26,00;0,000020;...((((.(((....))))))).....................((...))..(.(.(...)).)....
3463;6;0;-4,346;0;0,00;15;20,00;0,000020;...((((.(((....))))))).......(.(((.(.........(((......)))).))).)....
3478;6;0;-4,337;0;0,00;15;21,00;0,000019;...((((..((....)).)))).......(.(((..(.....).((((......)))).))).)....
3487;6;0;-4,340;0;0,00;14;23,00;0,000019;...(((..((......)).))).......(.(((.........(((((......)))))))).)....
3502;6;0;-4,335;0;0,00;15;23,00;0,000019;...((((.(((....))))))).........((..(((...)))(((........)))..))......
3537;6;0;-4,325;0;0,00;15;36,00;0,000019;......(((....))).((((..........(((.........(((((......))))))))))))..
3540;6;0;-4,325;0;0,00;16;26,00;0,000019;.(.((((.(((....)))))))..)......(((.........(((..((...)).))))))......
3542;6;0;-4,326;0;0,00;15;31,00;0,000019;...((((.(((....))))))).........((((((...((....))..)))......)))......
3558;6;0;-4,321;0;0,00;14;18,00;0,000019;...((((.((......))))))...((.....))......(..(((((......)))))..)......
3560;6;0;-4,321;0;0,00;15;18,00;0,000019;...((((.(((....))))))).......(.((...(.....).((((......))))..)).)....
3577;6;0;-4,317;0;0,00;16;18,00;0,000019;...((((.(((....))))))).......(.(((.....(....((((......)))))))).)....
3578;6;0;-4,317;0;0,00;16;19,00;0,000019;...((((.(((....))))))).......(.(((....(.....((((......)))))))).)....
3584;6;0;-4,319;0;0,00;15;22,00;0,000019;...((((.((......)))))).........(((.........(((((.(...)))))))))......
3585;6;0;-4,319;0;0,00;15;25,00;0,000019;...((((.((......)))))).........(((.........((((.((...)))))))))......
3587;6;0;-4,319;0;0,00;12;34,00;0,000019;...((((...........)))).......(.(((.....((..((........))..))))).)....
3588;6;0;-4,319;0;0,00;17;30,00;0,000019;...((((.(((....))))))).......(.(((.....((..((((...)).))..))))).)....
3590;6;0;-4,320;0;0,00;16;23,00;0,000019;.(.((((..((....)).))))..)......(((.........(((((.(...)))))))))......
3591;6;0;-4,320;0;0,00;16;26,00;0,000019;.(.((((..((....)).))))..)......(((.........((((.((...)))))))))......
3594;6;0;-4,313;0;0,00;19;28,00;0,000019;...((((.(((....))))))).....(((.(((.(((...))).(((......)))..)))...)))
3601;6;0;-4,315;0;0,00;12;34,00;0,000019;......((......))..((.......))..(((.........(((((......))))))))......
3603;6;0;-4,316;0;0,00;15;18,00;0,000019;...((((.(((....))))))).........(((.........(((((......))))))).).....
3625;6;0;-4,311;0;0,00;13;18,00;0,000018;...((((.((......)))))).........(((..........((((......)))).)))......
3628;6;0;-4,312;0;0,00;14;19,00;0,000018;.(.((((..((....)).))))..)......(((..........((((......)))).)))......
3632;6;0;-4,306;0;0,00;17;25,00;0,000018;...((((.(((....))))))).......(.(((.(((...)))(((........))).))).)....
3646;6;0;-4,308;0;0,00;12;26,00;0,000018;...(((.............)))..(...)..(((.........(((((......))))))))......
3648;6;0;-4,308;0;0,00;14;39,00;0,000018;.........(((((.(....((.........))..((.....))((((......))))...).)))))
3654;6;0;-4,302;0;0,00;15;24,00;0,000018;.(.((((..(......).))))..)....(.(((.........(((((......)))))))).)....
3665;6;0;-4,304;0;0,00;14;31,00;0,000018;.(.(((((......)))...))..)......(((.........(((((......))))))))......
3666;6;0;-4,304;0;0,00;17;14,00;0,000018;...((((.(((....)))))))..(((....(((.........(.(((......))).)))))))...
3668;6;0;-4,297;0;0,00;17;28,00;0,000018;...((((.(((....)))))))......((.(((.........(((..((...)).))))))...)).
3669;6;0;-4,297;0;0,00;11;25,00;0,000018;...((((.(((....))))))).......(.(((.........................))).)....
3693;6;0;-4,294;0;0,00;18;16,00;0,000018;...((((.(((....)))))))..((.....(((.((.....))((((......)))).))).))...
3696;6;0;-4,295;0;0,00;14;17,00;0,000018;...((((.(((....))))))).........((..(.......)((((......))))..))......
3719;6;0;-4,290;0;0,00;14;29,00;0,000018;.(.(((((......))...)))..)......(((.........(((((......))))))))......
3720;6;0;-4,291;0;0,00;15;18,00;0,000018;...((((.(((....))))))).......(.((..........(((((......))))).)).)....
3721;6;0;-4,291;0;0,00;15;22,00;0,000018;...((((.(((....))))))).......(.((..((.....)).(((......)))...)).)....
3727;6;0;-4,292;0;0,00;17;25,00;0,000018;...((((..((....)).))))......((.(((.........(((((.(...)))))))))...)).
3728;6;0;-4,292;0;0,00;17;28,00;0,000018;...((((..((....)).))))......((.(((.........((((.((...)))))))))...)).
3739;6;0;-4,286;0;0,00;21;27,00;0,000018;.(.((((.(((....)))))))..)..(((.(((.(((...)))((((......)))).)))...)))
3746;6;0;-4,287;0;0,00;17;31,00;0,000018;...((((((....))...)))).....(((.(((.........(((((......))))))))...)))
3750;6;0;-4,288;0;0,00;17;24,00;0,000018;((.((((..((....)).))))..)).....(((.((.....))((((......)))).)))......
3751;6;0;-4,288;0;0,00;13;27,00;0,000018;...((((.(((....))))))).......(.(((.........((........))....))).)....
3755;6;0;-4,289;0;0,00;13;17,00;0,000018;...((((.(((....))))))).........(...........(((((......))))).....)...
3756;6;0;-4,281;0;0,00;17;24,00;0,000018;.(.((((.(((....)))))))..)....(.(((.((.....)).(((......)))..))).)....
3772;6;0;-4,284;0;0,00;15;21,00;0,000018;...((((..((....)).))))......((.(((..........((((......)))).)))...)).
3792;6;0;-4,279;0;0,00;13;28,00;0,000017;...((((.(((....))))))).........(((......(..((...)).).......)))......
3810;6;0;-4,274;0;0,00;17;21,00;0,000017;.(.((((.(((....)))))))..)......(((..((...)).((((......)))).)))......
3821;6;0;-4,276;0;0,00;15;33,00;0,000017;...(((((......)))...))......((.(((.........(((((......))))))))...)).
3822;6;0;-4,276;0;0,00;11;35,00;0,000017;......((......)).............(.(((.........(((((......)))))))).)....
3830;6;0;-4,277;0;0,00;14;25,00;0,000017;...((((...........))))....(..(.(((.........(((((......)))))))).))...
3857;6;0;-4,266;0;0,00;16;19,00;0,000017;...((((.(((....))))))).......(.(((.(.......)((((......)))).))).)....
3858;6;0;-4,266;0;0,00;14;23,00;0,000017;...(((..(((....))).))).......(.(((.........((((........))))))).)....
3859;6;0;-4,266;0;0,00;14;30,00;0,000017;...((((...........)))).....(((.(((.........((((........)))))))...)))
3862;6;0;-4,267;0;0,00;15;28,00;0,000017;...((((...........))))..(...)..(((.(((...)))((((......)))).)))......
3867;6;0;-4,267;0;0,00;12;26,00;0,000017;...((((.(((....))))))).......(.(((.(.....................).))).)....
3869;6;0;-4,268;0;0,00;14;37,00;0,000017;.(...((((....)))).)..........(.(((.........(((((......)))))))).)....
3885;6;0;-4,262;0;0,00;14;17,00;0,000017;...((((.(((....))))))).........((..........(((((......)))))....))...
3887;6;0;-4,262;0;0,00;15;31,00;0,000017;...(((((......))...)))......((.(((.........(((((......))))))))...)).
3898;6;0;-4,264;0;0,00;18;21,00;0,000017;.(.((((.(((....)))))))..)...((.(((.........(((((......)))))))).)..).
3902;6;0;-4,265;0;0,00;11;29,00;0,000017;...((((..((....)).)))).........(((.........((...)).........)))......
3907;6;0;-4,258;0;0,00;15;21,00;0,000017;...((((..((....)).)))).(...)...(((.........(((((......))))))))......
3939;6;0;-4,255;0;0,00;18;23,00;0,000017;.(.((((.(((....)))))))..)...((.((..((.....))((((......))))..))...)).
3942;6;0;-4,256;0;0,00;16;23,00;0,000017;...((((.(((....))))))).......(.(((.........((((..(...).))))))).)....
3947;6;0;-4,257;0;0,00;15;26,00;0,000017;...((((..(......).)))).........(((.(((...)))((((......)))).)))......
3957;6;0;-4,251;0;0,00;10;28,00;0,000017;...((((...........)))).........(((.........(((..........))))))......
3967;6;0;-4,254;0;0,00;12;36,00;0,000017;..((.((.....))))...............(((.........(((((......))))))))......
3969;6;0;-4,246;0;0,00;18;23,00;0,000017;...((((.(((....)))))))......((.(((..((...)).((((......)))).)))...)).
3974;6;0;-4,248;0;0,00;14;18,00;0,000017;...((((.(((....)))))))...((.....))......(..((((........))))..)......
3997;6;0;-4,242;0;0,00;18;22,00;0,000016;...((((.(((....))))))).....(((.(((..(.....).((((......)))).)))...)))
4002;6;0;-4,243;0;0,00;13;25,00;0,000016;...((((.(....)....)))).........(((.........(((((......))))))))......
4016;6;0;-4,246;0;0,00;15;21,00;0,000017;...((((..((....)).)))).......(.(((........(.((((......)))))))).)....
4018;6;0;-4,246;0;0,00;18;25,00;0,000017;.(.(((..(((....))).)))..)..(((.(((.........(((((......))))))))...)))
4021;6;0;-4,239;0;0,00;15;18,00;0,000016;...((((.(((....))))))).........((((.......).((((......)))).)))......
4043;6;0;-4,236;0;0,00;16;22,00;0,000016;....(((.(((....))))))((((.......))))....(..(((((......)))))..)......
4045;6;0;-4,236;0;0,00;19;23,00;0,000016;...((((.(((....))))))).....(((((((.........(((((......))))))).)).)))
4046;6;0;-4,236;0;0,00;19;23,00;0,000016;...((((.(((....))))))).....(((((((.........(((((......)))))))).).)))
4059;6;0;-4,238;0;0,00;13;18,00;0,000016;...((((.(((....))))))).........(((..........(((........))).)))......
4073;6;0;-4,232;0;0,00;11;34,00;0,000016;.....(((......)))..............(((.........(((((......))))))))......
4082;6;0;-4,227;0;0,00;14;16,00;0,000016;...((((.(((....)))))))..(.......)...........((((......)))).((...))..
4086;6;0;-4,228;0;0,00;14;23,00;0,000016;...((((.((......)))))).......(.(((.........((((........))))))).)....
4091;6;0;-4,228;0;0,00;15;24,00;0,000016;.(.((((..((....)).))))..)....(.(((.........((((........))))))).)....
4098;6;0;-4,229;0;0,00;14;20,00;0,000016;...((((.(((....))))))).........(((.........(((.(......).))))))......
4106;6;0;-4,224;0;0,00;13;21,00;0,000016;...((((..((....)).)))).........(((.(.........(((......)))).)))......
4115;6;0;-4,225;0;0,00;12;27,00;0,000016;...((((...........)))).........(((.........((((.(.....))))))))......
4122;6;0;-4,226;0;0,00;15;21,00;0,000016;...((((..((....)).))))..(...)..((..((.....))((((......))))..))......
4130;6;0;-4,219;0;0,00;11;44,00;0,000016;.(.(..(((((........(((.........)))......)))))..).)...........(....).
4140;6;0;-4,221;0;0,00;16;19,00;0,000016;...((((.(((....))))))).......(.(((.......(..((((......)))))))).)....
4144;6;0;-4,221;0;0,00;16;19,00;0,000016;...((((..((....)).))))..(....(.(((.........(((((......)))))))).))...
4174;6;0;-4,219;0;0,00;14;46,00;0,000016;((.(..(((((........(((.........)))......)))))..).)).(.(.(...)).)....
4187;6;0;-4,213;0;0,00;17;18,00;0,000016;...(((..((......)).))).((((....(((.........(((((......))))))))))))..
4197;6;0;-4,208;0;0,00;18;25,00;0,000015;.(.((((.((......))))))..)..(((.(((.........(((((......))))))))...)))
4219;6;0;-4,210;0;0,00;14;29,00;0,000016;...((((.(((....))))))).........(((.((......((...)).....))..)))......
4220;6;0;-4,210;0;0,00;15;29,00;0,000016;...((((((....))...)))).........(((.((.....))((((......)))).)))......
4226;6;0;-4,205;0;0,00;12;30,00;0,000015;...((.((......))....)).........(((.........(((((......))))))))......
4227;6;0;-4,205;0;0,00;14;23,00;0,000015;...((((...(....)..)))).......(.(((.........(((((......)))))))).)....
4238;6;0;-4,199;0;0,00;14;28,00;0,000015;...((((.(((....))))))).........(((.((......((........))))..)))......
4244;6;0;-4,201;0;0,00;18;23,00;0,000015;((.((((.(((....)))))))..)).....((..(((...)))((((......))))..))......
4256;6;0;-4,203;0;0,00;15;18,00;0,000015;...((((..((....)).))))....(....(((.........(((((......))))))))).....
4261;6;0;-4,197;0;0,00;15;31,00;0,000015;...((((..((....)).)))).........(((.....((..((((...)).))..)))))......
4263;6;0;-4,197;0;0,00;14;24,00;0,000015;...(((..(((....))).))).........(((.((.....)).(((......)))..)))......
4275;6;0;-4,192;0;0,00;17;35,00;0,000015;.(.((((((....))))...))..)...((.(((.........(((((......))))))))...)).
4277;6;0;-4,192;0;0,00;13;25,00;0,000015;...((((...........)))).........(((.........(((((......))))))))(...).
4292;6;0;-4,194;0;0,00;14;19,00;0,000015;...((((..((....)).)))).........(((.....(....((((......))))))))......
4293;6;0;-4,194;0;0,00;14;20,00;0,000015;...((((..((....)).)))).........(((....(.....((((......))))))))......
4298;6;0;-4,188;0;0,00;14;45,00;0,000015;((.((.(((((........(((.........)))......))))).)).))...(.(...).).....
4302;6;0;-4,189;0;0,00;13;28,00;0,000015;.(.(((.............)))..)....(.(((.........(((((......)))))))).)....
4306;6;0;-4,189;0;0,00;12;28,00;0,000015;...((((...........)))).........(((.((.....))(((........))).)))......
4339;6;0;-4,187;0;0,00;12;34,00;0,000015;......((......))...(((.........)))....(.(..(((((......)))))..).)....
4353;6;0;-4,180;0;0,00;17;20,00;0,000015;...((((.(((....)))))))......(.((((.........(((((......))))))).))..).
4354;6;0;-4,180;0;0,00;17;20,00;0,000015;...((((.(((....)))))))......(.((((.........(((((......)))))))).)..).
4358;6;0;-4,181;0;0,00;15;18,00;0,000015;...((((.(((....))))))).......(..((.........(((((......)))))))..)....
4368;6;0;-4,183;0;0,00;15;26,00;0,000015;...((((..((....)).)))).........(((.(((...)))(((........))).)))......
4375;6;0;-4,176;0;0,00;14;28,00;0,000015;.(.((((...........))))..)......((..(((...)))((((......))))..))......
4380;6;0;-4,177;0;0,00;13;25,00;0,000015;..(((((...........))))..)......(((.........(((((......))))))))......
4382;6;0;-4,177;0;0,00;13;35,00;0,000015;..((((.....)).))...(((.........)))......(..(((((......)))))..)......
4389;6;0;-4,178;0;0,00;17;33,00;0,000015;.(.((((((....)))...)))..)...((.(((.........(((((......))))))))...)).
4391;6;0;-4,172;0;0,00;20;25,00;0,000015;((.((((.(((....)))))))..))...(.(((.(((...)))((((......)))).))).)....
4404;6;0;-4,175;0;0,00;14;31,00;0,000015;...((((...........)))).......(.(((.(((...))).(((......)))..))).)....
4407;6;0;-4,175;0;0,00;9;26,00;0,000015;...((((..((....)).)))).........(((.........................)))......
4409;6;0;-4,168;0;0,00;13;19,00;0,000014;...((((..((....)).)))).........((..........(((((......))))).))......
4412;6;0;-4,168;0;0,00;13;23,00;0,000014;...((((..((....)).)))).........((..((.....)).(((......)))...))......
4414;6;0;-4,168;0;0,00;15;21,00;0,000014;....(((.(((....))))))........(.(((.........(((((......)))))))).)....
4415;6;0;-4,168;0;0,00;12;34,00;0,000014;...((((...........)))).........(((.....((..(((.....).))..)))))......
4419;6;0;-4,169;0;0,00;16;23,00;0,000015;.(.(((..(((....))).)))..)......(((.((.....))((((......)))).)))......
4424;6;0;-4,171;0;0,00;10;28,00;0,000015;...((...............)).........(((.........(((((......))))))))......
4429;6;0;-4,172;0;0,00;17;21,00;0,000015;...((((.(((....)))))))...((.....)).(((...)))((((......))))...(....).
4444;6;0;-4,166;0;0,00;11;28,00;0,000014;...((((..((....)).)))).........(((.........((........))....)))......
4459;6;0;-4,160;0;0,00;13;19,00;0,000014;...((((..((....)).))))..........((.........(((((......))))))).......
4473;6;0;-4,162;0;0,00;17;24,00;0,000014;...((((.(((....)))))))..(...)..(((.(((...))).(((......)))..)))......
4486;6;0;-4,157;0;0,00;13;27,00;0,000014;...((((.(((....))))))).......(.(((.((...................)).))).)....
4491;6;0;-4,158;0;0,00;14;19,00;0,000014;...((((..((....)).)))).((.......))......(..(((((......)))))..)......
4500;6;0;-4,158;0;0,00;14;24,00;0,000014;...((((.((......)))))).........(((.((.....)).(((......)))..)))......
4503;6;0;-4,159;0;0,00;15;18,00;0,000014;((.((((.(((....)))))))..))..................((((......)))).((...))..
4510;6;0;-4,159;0;0,00;15;25,00;0,000014;.(.((((..((....)).))))..)......(((.((.....)).(((......)))..)))......
4520;6;0;-4,160;0;0,00;12;25,00;0,000014;...((((((....))...))))..................(..(((((......)))))..)......
4526;6;0;-4,153;0;0,00;15;27,00;0,000014;...((((...........)))).....(((.(((.........(((((......)))))))).)..))
4541;6;0;-4,149;0;0,00;15;28,00;0,000014;...((((..((....)).)))).......(.(((.........(((..((...)).)))))).)....
4542;6;0;-4,149;0;0,00;15;34,00;0,000014;...((((((....))))...)).........((..(((...)))((((......))))..))......
4554;6;0;-4,151;0;0,00;15;33,00;0,000014;...((((.(((....))))))).........(((.(((...)))....((...))....)))......
4555;6;0;-4,151;0;0,00;13;46,00;0,000014;((.(..(((((........(((.........)))......)))))..).)).(.(......).)....
4557;6;0;-4,152;0;0,00;18;22,00;0,000014;...((((.(((....))))))).....(((.(((........(.((((......))))))))...)))
4562;6;0;-4,152;0;0,00;14;22,00;0,000014;...((((.(((....))))))).............((.....)).(((......)))..((...))..
4575;6;0;-4,145;0;0,00;10;27,00;0,000014;...((((..((....)).)))).........(((.(.....................).)))......
4595;6;0;-4,147;0;0,00;16;30,00;0,000014;.(.((((...........))))..)....(.(((.(((...)))((((......)))).))).)....
4604;6;0;-4,148;0;0,00;15;30,00;0,000014;...((((...........))))......((.((..(((...)))((((......))))..))...)).
4607;6;0;-4,141;0;0,00;17;25,00;0,000014;...(((..(((....))).)))......((.(((.((.....))((((......)))).)))...)).
4612;6;0;-4,142;0;0,00;16;21,00;0,000014;...((((..((....)).)))).((......(((.........(((((......))))))))))....
4614;6;0;-4,143;0;0,00;12;25,00;0,000014;...((((.(((....))))))).........(((.....((................)))))......
4619;6;0;-4,143;0;0,00;13;30,00;0,000014;...(((.............))).........(((.(((...)))((((......)))).)))......
4620;6;0;-4,144;0;0,00;14;20,00;0,000014;...((((..((....)).)))).........(((.(.......)((((......)))).)))......
4622;6;0;-4,144;0;0,00;15;22,00;0,000014;...(((..(((....))).))).......(.((..((.....))((((......))))..)).)....
4624;6;0;-4,144;0;0,00;12;34,00;0,000014;......((......))....((.....))..(((.........(((((......))))))))......
4630;6;0;-4,138;0;0,00;13;27,00;0,000014;...((((.(((....))))))).........(((.........(((.....).))....)))......
4633;6;0;-4,138;0;0,00;18;27,00;0,000014;...((((..((....)).)))).....(((.((..(((...)))((((......))))..))...)))
4640;6;0;-4,139;0;0,00;14;18,00;0,000014;...((((.(((....)))))))........(.....)...(..(((((......)))))..)......
4644;6;0;-4,140;0;0,00;17;18,00;0,000014;...(((..(((....))).))).((((....(((.........((((........)))))))))))..
4650;6;0;-4,133;0;0,00;14;24,00;0,000014;...((((..((....)).)))).........(((.........((((..(...).)))))))......
4656;6;0;-4,134;0;0,00;18;25,00;0,000014;.(.((((.(((....)))))))..)..(((.(((.........((((........)))))))...)))
4663;6;0;-4,136;0;0,00;15;32,00;0,000014;...((((((....)))...))).........((..(((...)))((((......))))..))......
4665;6;0;-4,136;0;0,00;15;27,00;0,000014;...((((((....))...))))..(...)..(((.........(((((......))))))))......
4673;6;0;-4,129;0;0,00;12;45,00;0,000014;.(.(..(((((........(((.........)))......)))))..).).........((...))..
4674;6;0;-4,129;0;0,00;13;25,00;0,000014;...((((...........))))........((((.........(((((......))))))).))....
4675;6;0;-4,129;0;0,00;13;25,00;0,000014;...((((...........))))........((((.........(((((......)))))))).)....
4677;6;0;-4,129;0;0,00;15;19,00;0,000014;...(((..(((....))).)))...((.....))....(.(..(((((......)))))..).)....
4680;6;0;-4,130;0;0,00;19;18,00;0,000014;...((((.(((....))))))).((((....(((.........((((..(...).)))))))))))..
4682;6;0;-4,130;0;0,00;17;14,00;0,000014;...((((.(.(....).)))))..(((....(((.........(((((......)))))))))))...
4687;6;0;-4,131;0;0,00;16;19,00;0,000014;...((((.(((....))))))).......(.(((..(....)..((((......)))).))).)....
4691;6;0;-4,131;0;0,00;16;23,00;0,000014;.(.((((.((......))))))..)......(((.((.....))((((......)))).)))......
4692;6;0;-4,131;0;0,00;16;27,00;0,000014;...((((..((....)).))))......((.(((.((.....)).(((......)))..)))...)).
4699;6;0;-4,132;0;0,00;17;23,00;0,000014;((.(((..(((....))).)))..))...(.(((.........(((((......)))))))).)....
4715;6;0;-4,127;0;0,00;13;18,00;0,000014;...(((..(((....))).)))....(.....).......(..(((((......)))))..)......
4717;6;0;-4,128;0;0,00;15;21,00;0,000014;...((((.(((....))))))).......(.(((.........(.(((......))).)))).)....
4723;6;0;-4,129;0;0,00;17;20,00;0,000014;...((((.(((....))))))).....((..(((.........(((((......))))))))....))
4726;6;0;-4,124;0;0,00;13;25,00;0,000013;.(.((((...........))))....)....(((.........(((((......))))))))......
10;7;1;-8,157;1;0,00;18;4,00;0,012168;...((((..((....)).)))).((((((...((.....))...((((......))))..))))))..
15;7;0;-7,918;0;0,00;19;6,00;0,008131;...((((..((....)).)))).((((((...(((...)))...((((......))))..))))))..
68;7;0;-6,897;0;0,00;18;16,00;0,001450;...((((..((....)).)))).((((....(((.........(((((......))))))))))))..
136;7;0;-6,464;0;0,00;17;6,00;0,000699;...((((..(......).)))).((((((...((.....))...((((......))))..))))))..
153;7;0;-6,391;0;0,00;17;6,00;0,000617;...((((..((....)).)))).((((((...((.....))...(((........)))..))))))..
179;7;0;-6,305;0;0,00;18;12,00;0,000534;...((((..((....)).)))).((((((......((.....))((((......))))..))))))..
207;7;0;-6,226;0;0,00;18;8,00;0,000467;...((((..(......).)))).((((((...(((...)))...((((......))))..))))))..
237;7;0;-6,152;0;0,00;18;8,00;0,000413;...((((..((....)).)))).((((((...(((...)))...(((........)))..))))))..
265;7;0;-6,066;0;0,00;19;14,00;0,000357;...((((..((....)).)))).((((((......(((...)))((((......))))..))))))..
269;7;0;-6,055;0;0,00;16;8,00;0,000350;...((((..((....)).)))).((((.....((.....))...((((......))))....))))..
322;7;0;-5,941;0;0,00;19;6,00;0,000289;...((((..((....)).)))).((((((...((.....))...((((.(...)))))..))))))..
323;7;0;-5,941;0;0,00;19;9,00;0,000289;...((((..((....)).)))).((((((...((.....))...(((.((...)))))..))))))..
326;7;0;-5,935;0;0,00;17;6,00;0,000286;...((((..((....)).)))).((((((...(.......)...((((......))))..))))))..
330;7;0;-5,925;0;0,00;17;14,00;0,000281;...(((((......)))...)).((((((...((.....))...((((......))))..))))))..
337;7;0;-5,912;0;0,00;17;12,00;0,000275;...(((((......))...))).((((((...((.....))...((((......))))..))))))..
384;7;0;-5,817;0;0,00;17;10,00;0,000234;...((((..((....)).)))).((((.....(((...)))...((((......))))....))))..
427;7;0;-5,760;0;0,00;17;6,00;0,000213;...((((..((....)).)))).((((((...((.....))....(((......)))...))))))..
451;7;0;-5,716;0;0,00;17;8,00;0,000198;...((((.(.......).)))).((((((...((.....))...((((......))))..))))))..
470;7;0;-5,702;0;0,00;20;8,00;0,000193;...((((..((....)).)))).((((((...(((...)))...((((.(...)))))..))))))..
471;7;0;-5,702;0;0,00;20;11,00;0,000193;...((((..((....)).)))).((((((...(((...)))...(((.((...)))))..))))))..
482;7;0;-5,686;0;0,00;18;16,00;0,000188;...(((((......)))...)).((((((...(((...)))...((((......))))..))))))..
488;7;0;-5,673;0;0,00;18;14,00;0,000184;...(((((......))...))).((((((...(((...)))...((((......))))..))))))..
536;7;0;-5,595;0;0,00;18;25,00;0,000161;...((((((....)))...))).((((....(((.........(((((......))))))))))))..
601;7;0;-5,521;0;0,00;19;18,00;0,000142;...((((..((....)).)))).((((....(((.((.....))((((......)))).)))))))..
602;7;0;-5,521;0;0,00;18;8,00;0,000142;...((((..((....)).)))).((((((...(((...)))....(((......)))...))))))..
643;7;0;-5,477;0;0,00;18;10,00;0,000132;...((((.(.......).)))).((((((...(((...)))...((((......))))..))))))..
698;7;0;-5,426;0;0,00;17;6,00;0,000121;...((((..((....)).)))).((((.(...((.....))...((((......))))..).))))..
711;7;0;-5,417;0;0,00;14;12,00;0,000119;...((((..((....)).)))).((((.................((((......))))....))))..
779;7;0;-5,352;0;0,00;17;10,00;0,000107;...((((..((....)).)))).((((((..(...........)((((......))))..))))))..
807;7;0;-5,339;0;0,00;17;6,00;0,000105;...((((...(....)..)))).((((((...((.....))...((((......))))..))))))..
861;7;0;-5,289;0;0,00;17;6,00;0,000096;...((((..((....)).)))).(((.((...((.....))...((((......))))..)).)))..
863;7;0;-5,282;0;0,00;20;20,00;0,000095;...((((..((....)).)))).((((....(((.(((...)))((((......)))).)))))))..
865;7;0;-5,283;0;0,00;18;11,00;0,000095;...((((..((....)).)))).((((((...((.....))...((..((...)).))..))))))..
946;7;0;-5,223;0;0,00;17;10,00;0,000086;...((((..((....)).)))).((((((.(.............((((......))))).))))))..
976;7;0;-5,204;0;0,00;17;18,00;0,000083;...((((..(......).)))).((((....(((.........(((((......))))))))))))..
1005;7;0;-5,187;0;0,00;18;8,00;0,000081;...((((..((....)).)))).((((.(...(((...)))...((((......))))..).))))..
1088;7;0;-5,130;0;0,00;17;18,00;0,000074;...((((..((....)).)))).((((....(((.........((((........)))))))))))..
1097;7;0;-5,121;0;0,00;17;6,00;0,000072;....(((..((....)).)))..((((((...((.....))...((((......))))..))))))..
1123;7;0;-5,111;0;0,00;17;9,00;0,000071;...((((..(....)...)))).((((((...((.....))...((((......))))..))))))..
1141;7;0;-5,100;0;0,00;18;8,00;0,000070;...((((...(....)..)))).((((((...(((...)))...((((......))))..))))))..
1178;7;0;-5,077;0;0,00;16;8,00;0,000067;...((((..((....)).)))).((((((...((.....))...((..........))..))))))..
1228;7;0;-5,050;0;0,00;18;8,00;0,000064;...((((..((....)).)))).(((.((...(((...)))...((((......))))..)).)))..
1231;7;0;-5,051;0;0,00;18;7,00;0,000064;...((((..((....)).)))).((((((...((.....))...(((.(.....))))..))))))..
1235;7;0;-5,044;0;0,00;19;13,00;0,000064;...((((..((....)).)))).((((((...(((...)))...((..((...)).))..))))))..
1243;7;0;-5,040;0;0,00;19;6,00;0,000063;...((((..((....)).)))).((((((.(.((.....))...((((......))))).))))))..
1303;7;0;-5,009;0;0,00;18;17,00;0,000060;...((((..((....)).)))).((((....((..((.....))((((......))))..))))))..
1324;7;0;-5,003;0;0,00;18;21,00;0,000059;...((((((....)))...))).((((((......((.....))((((......))))..))))))..
1333;7;0;-4,994;0;0,00;12;34,00;0,000058;..........((((.(...(((.........)))..........((((......))))...).)))).
1348;7;0;-4,987;0;0,00;17;13,00;0,000058;...((((..((....)).)))).((((((.((.............(((......))))).))))))..
1477;7;0;-4,918;0;0,00;16;20,00;0,000051;...((((..((....)).))))...((.....)).....(((.(((((......)))))....)))..
1508;7;0;-4,903;0;0,00;16;15,00;0,000050;...((((..((....)).)))).((((.((....))........((((......))))....))))..
1576;7;0;-4,883;0;0,00;18;8,00;0,000048;....(((..((....)).)))..((((((...(((...)))...((((......))))..))))))..
1582;7;0;-4,872;0;0,00;18;11,00;0,000048;...((((..(....)...)))).((((((...(((...)))...((((......))))..))))))..
1612;7;0;-4,856;0;0,00;18;12,00;0,000046;...((((..((....)).)))).((((((((.....))......((((......))))..))))))..
1639;7;0;-4,851;0;0,00;19;6,00;0,000046;...((((..((....)).)))).((((((...((.....)).(.((((......))))).))))))..
1663;7;0;-4,838;0;0,00;17;10,00;0,000045;...((((..((....)).)))).((((((...(((...)))...((..........))..))))))..
1698;7;0;-4,828;0;0,00;17;10,00;0,000044;...((((..((....)).)))).((((((.......(.....).((((......))))..))))))..
1725;7;0;-4,819;0;0,00;17;10,00;0,000043;...((((..((....)).)))).((((((..............(((((......))))).))))))..
1747;7;0;-4,812;0;0,00;19;9,00;0,000043;...((((..((....)).)))).((((((...(((...)))...(((.(.....))))..))))))..
1765;7;0;-4,801;0;0,00;20;8,00;0,000042;...((((..((....)).)))).((((((.(.(((...)))...((((......))))).))))))..
1776;7;0;-4,797;0;0,00;17;14,00;0,000042;...((((..((....)).)))).((((((......((.....)).(((......)))...))))))..
1779;7;0;-4,798;0;0,00;16;14,00;0,000042;...((.((......))....)).((((((...((.....))...((((......))))..))))))..
1794;7;0;-4,797;0;0,00;13;29,00;0,000042;..........((((.(..((.......))...((.....))...((((......))))...).)))).
1848;7;0;-4,770;0;0,00;19;19,00;0,000040;...((((..((....)).)))).((((....((..(((...)))((((......))))..))))))..
1884;7;0;-4,765;0;0,00;19;23,00;0,000040;...((((((....)))...))).((((((......(((...)))((((......))))..))))))..
1898;7;0;-4,761;0;0,00;16;8,00;0,000039;...((((..((....)).)))).((((((...............((((......))))..))))))..
1992;7;0;-4,726;0;0,00;18;8,00;0,000037;...((((..((....)).)))).((((((...((.....))...(((..(...).)))..))))))..
2062;7;0;-4,700;0;0,00;19;6,00;0,000036;...((((..((....)).)))).((((((..(((.....))..)((((......))))..))))))..
2071;7;0;-4,703;0;0,00;18;6,00;0,000036;...((((.(.(....)).)))).((((((...((.....))...((((......))))..))))))..
2077;7;0;-4,698;0;0,00;16;8,00;0,000035;...((((..(......).)))).((((((...((.....))...(((........)))..))))))..
2116;7;0;-4,680;0;0,00;19;18,00;0,000034;...((((..((....)).)))).((((....(((.........(((((.(...)))))))))))))..
2117;7;0;-4,680;0;0,00;19;21,00;0,000034;...((((..((....)).)))).((((....(((.........((((.((...)))))))))))))..
2120;7;0;-4,683;0;0,00;18;13,00;0,000035;...((((..((....)).)))).(((((....((.........(((((......))))))))))))..
2123;7;0;-4,677;0;0,00;13;35,00;0,000034;.........(((((.(...(((.........)))..........((((......))))...).)))))
2131;7;0;-4,673;0;0,00;17;14,00;0,000034;...((((..((....)).)))).((((....(((..........((((......)))).)))))))..
2160;7;0;-4,665;0;0,00;17;26,00;0,000033;...(((((......)))...)).((((....(((.........(((((......))))))))))))..
2208;7;0;-4,651;0;0,00;17;24,00;0,000033;...(((((......))...))).((((....(((.........(((((......))))))))))))..
2348;7;0;-4,612;0;0,00;20;8,00;0,000031;...((((..((....)).)))).((((((...(((...))).(.((((......))))).))))))..
2350;7;0;-4,612;0;0,00;17;14,00;0,000031;...((((..(......).)))).((((((......((.....))((((......))))..))))))..
2364;7;0;-4,607;0;0,00;14;18,00;0,000030;...((((..((....)).))))...((.....))..........((((......)))).((...))..
2432;7;0;-4,589;0;0,00;18;12,00;0,000029;...((((..((....)).)))).((((((.......((...)).((((......))))..))))))..
2525;7;0;-4,559;0;0,00;17;16,00;0,000028;...((.((......))....)).((((((...(((...)))...((((......))))..))))))..
2547;7;0;-4,558;0;0,00;14;31,00;0,000028;..........((((.(..((.......))...(((...)))...((((......))))...).)))).
2550;7;0;-4,558;0;0,00;18;16,00;0,000028;...((((..((....)).)))).((((((......(((...))).(((......)))...))))))..
2566;7;0;-4,553;0;0,00;18;11,00;0,000028;...((((..((....)).)))).((((((....((......)).((((......))))..))))))..
2624;7;0;-4,539;0;0,00;17;14,00;0,000027;...((((..((....)).)))).((((((......((.....))(((........)))..))))))..
2693;7;0;-4,520;0;0,00;18;20,00;0,000026;...((((..((....)).)))).((((....(((.((.....)).(((......)))..)))))))..
2753;7;0;-4,509;0;0,00;16;14,00;0,000026;...((((..((....)).)))).((((.............(..(((((......)))))..)))))..
2778;7;0;-4,507;0;0,00;15;14,00;0,000026;...((((..((....)).))))..(...)...((.....))...((((......)))).((...))..
2855;7;0;-4,488;0;0,00;19;10,00;0,000025;...((((..((....)).)))).((((((...(((...)))...(((..(...).)))..))))))..
2892;7;0;-4,480;0;0,00;14;30,00;0,000025;.........(((((.(..((.......))...((.....))...((((......))))...).)))))
2952;7;0;-4,463;0;0,00;17;8,00;0,000024;...((((..(.......))))).((((((...((.....))...((((......))))..))))))..
2959;7;0;-4,464;0;0,00;19;8,00;0,000024;...((((.(.(....)).)))).((((((...(((...)))...((((......))))..))))))..
2974;7;0;-4,459;0;0,00;17;10,00;0,000024;...((((..(......).)))).((((((...(((...)))...(((........)))..))))))..
2978;7;0;-4,461;0;0,00;20;8,00;0,000024;...((((..((....)).)))).((((((..((((...)))..)((((......))))..))))))..
2987;7;0;-4,456;0;0,00;17;20,00;0,000024;...((((.(.......).)))).((((....(((.........(((((......))))))))))))..
3017;7;0;-4,442;0;0,00;15;18,00;0,000023;...((((..((....)).))))...((.....)).....(((..((((......)))).....)))..
3047;7;0;-4,441;0;0,00;15;10,00;0,000023;...((((..((....)).)))).(((((................((((......))))...)))))..
3066;7;0;-4,432;0;0,00;19;6,00;0,000023;.(.((((..((....)).)))).((((((...((.....))...((((......))))..))))))).
3243;7;0;-4,392;0;0,00;16;32,00;0,000021;..((((.....)).)).......((((....(((.........(((((......))))))))))))..
3245;7;0;-4,393;0;0,00;17;9,00;0,000021;...((((..((....)).)))).((((((...((.....))...((..(.....).))..))))))..
3328;7;0;-4,377;0;0,00;11;34,00;0,000021;..........((((.(....((.........))...........((((......))))...).)))).
3339;7;0;-4,373;0;0,00;18;16,00;0,000020;...((((..(......).)))).((((((......(((...)))((((......))))..))))))..
3395;7;0;-4,363;0;0,00;15;10,00;0,000020;...((((..(......).)))).((((.....((.....))...((((......))))....))))..
3406;7;0;-4,358;0;0,00;16;16,00;0,000020;...((((..((....)).)))).((((..((.....))......((((......))))....))))..
3414;7;0;-4,352;0;0,00;18;11,00;0,000020;...((((..((....)).)))).((((((..(.(.......).)((((......))))..))))))..
3424;7;0;-4,354;0;0,00;15;39,00;0,000020;.........(((((.(...(.((((.......)))).)......((((......))))...).)))))
3683;7;0;-4,300;0;0,00;18;16,00;0,000018;...((((..((....)).)))).((((((......(((...)))(((........)))..))))))..
3710;7;0;-4,289;0;0,00;15;10,00;0,000018;...((((..((....)).)))).((((.....((.....))...(((........)))....))))..
3735;7;0;-4,293;0;0,00;17;21,00;0,000018;..((((.....)).)).....(.((((((...((.....))...((((......))))..))))))).
3742;7;0;-4,286;0;0,00;16;40,00;0,000018;..((((.....)).)).....((((.......))))...(((.(((((......)))))....)))..
3804;7;0;-4,281;0;0,00;19;22,00;0,000018;...((((..((....)).)))).((((....(((.(((...))).(((......)))..)))))))..
3870;7;0;-4,268;0;0,00;16;16,00;0,000017;...((((..((....)).))))..(...)...(((...)))...((((......)))).((...))..
3881;7;0;-4,269;0;0,00;17;6,00;0,000017;...(((...((....))..))).((((((...((.....))...((((......))))..))))))..
3923;7;0;-4,260;0;0,00;17;10,00;0,000017;...((((..((....)).)))).((((((......(.......)((((......))))..))))))..
3943;7;0;-4,256;0;0,00;15;20,00;0,000017;...((((..((....)).))))..(...)..........(((.(((((......)))))....)))..
3973;7;0;-4,247;0;0,00;13;36,00;0,000017;.(.....)..((((.(...(((.........)))..........((((......))))...).)))).
3978;7;0;-4,248;0;0,00;18;8,00;0,000017;...((((..(......).)))).((((((...((.....))...((((.(...)))))..))))))..
3979;7;0;-4,248;0;0,00;18;11,00;0,000017;...((((..(......).)))).((((((...((.....))...(((.((...)))))..))))))..
3991;7;0;-4,250;0;0,00;16;20,00;0,000017;...((((..((....)).)))).((((((.((........((....)).........)).))))))..
3999;7;0;-4,243;0;0,00;16;8,00;0,000016;...((((..(......).)))).((((((...(.......)...((((......))))..))))))..
4026;7;0;-4,239;0;0,00;18;16,00;0,000016;...((((..((....)).)))).((((((...((.....))..((((...)).)).....))))))..
4031;7;0;-4,241;0;0,00;15;32,00;0,000016;.........(((((.(..((.......))...(((...)))...((((......))))...).)))))
4036;7;0;-4,242;0;0,00;13;29,00;0,000016;..........((((.(....((.....))...((.....))...((((......))))...).)))).
4105;7;0;-4,224;0;0,00;18;10,00;0,000016;...((((..(.......))))).((((((...(((...)))...((((......))))..))))))..
4110;7;0;-4,224;0;0,00;15;14,00;0,000016;...((((..((....)).)))).((((................(((((......)))))...))))..
4116;7;0;-4,225;0;0,00;17;9,00;0,000016;...((((..(...)....)))).((((((...((.....))...((((......))))..))))))..
4123;7;0;-4,226;0;0,00;16;8,00;0,000016;...((((..((....)).)))).(((..(...((.....))...((((......))))..)..)))..
4131;7;0;-4,219;0;0,00;19;27,00;0,000016;...((((((....)))...))).((((....(((.((.....))((((......)))).)))))))..
4218;7;0;-4,210;0;0,00;16;12,00;0,000016;...((((..((....)).)))).(((((...............(((((......)))))..)))))..
4221;7;0;-4,210;0;0,00;18;16,00;0,000016;...((((..((....)).)))).((((....(((..(.....).((((......)))).)))))))..
4222;7;0;-4,203;0;0,00;16;16,00;0,000015;...((((..((....)).)))).((((........((.....))((((......))))....))))..
4265;7;0;-4,198;0;0,00;16;13,00;0,000015;...((((..((....)).)))).((((((...........))..((((......))))....))))..
4268;7;0;-4,199;0;0,00;18;8,00;0,000015;...((((..((....)).)))).((((((...(.(...).)...((((......))))..))))))..
4290;7;0;-4,193;0;0,00;20;8,00;0,000015;.(.((((..((....)).)))).((((((...(((...)))...((((......))))..))))))).
4417;7;0;-4,169;0;0,00;16;8,00;0,000015;...((((..((....)).)))).((((((...(.......)...(((........)))..))))))..
4508;7;0;-4,159;0;0,00;17;6,00;0,000014;...((((..((....)).)))).((((((...((.....))...((.(......).))..))))))..
4509;7;0;-4,159;0;0,00;16;16,00;0,000014;...(((((......)))...)).((((((...((.....))...(((........)))..))))))..
4532;7;0;-4,154;0;0,00;18;11,00;0,000014;...((((..((....)).)))).((((((...(((...)))...((..(.....).))..))))))..
4563;7;0;-4,152;0;0,00;18;17,00;0,000014;...((((..((....)).)))).((((.((....))....(..(((((......)))))..)))))..
4581;7;0;-4,145;0;0,00;16;14,00;0,000014;...(((((......))...))).((((((...((.....))...(((........)))..))))))..
4703;7;0;-4,126;0;0,00;17;20,00;0,000013;...((((..((....)).)))).((((((.((.(......((....)).......).)).))))))..
4728;7;0;-4,124;0;0,00;16;12,00;0,000013;...((((..(......).)))).((((.....(((...)))...((((......))))....))))..
12;8;1;-8,130;1;0,00;13;17,00;0,011621;...((((.(((....)))))))......((....))........((((......))))..........
26;8;0;-7,466;0;0,00;12;19,00;0,003791;...((((..((....)).))))......((....))........((((......))))..........
33;8;0;-7,234;0;0,00;10;23,00;0,002560;...((((...........))))......((....))........((((......))))..........
47;8;0;-7,102;0;0,00;14;18,00;0,002049;.(.((((.(((....)))))))..)...((....))........((((......))))..........
48;8;0;-7,104;0;0,00;15;19,00;0,002058;...((((.(((....)))))))......((....))....(..(((((......)))))..)......
57;8;0;-6,958;0;0,00;14;18,00;0,001607;...((((.(((....)))))))......((....))........((((......))))...(....).
70;8;0;-6,874;0;0,00;16;20,00;0,001395;...((((.(((....)))))))......((....))..(.(..(((((......)))))..).)....
83;8;0;-6,747;0;0,00;16;19,00;0,001126;...((((.(((....)))))))......((....))...((..(((((......)))))...))....
93;8;0;-6,692;0;0,00;13;18,00;0,001026;...((((.(((....))))))).......((.....))......((((......))))..........
95;8;0;-6,672;0;0,00;17;21,00;0,000992;...((((.(((....)))))))......((....))...(((.(((((......)))))....)))..
119;8;0;-6,537;0;0,00;13;18,00;0,000790;...((((.(((....))))))).............((.....))((((......))))..........
126;8;0;-6,492;0;0,00;16;20,00;0,000733;...((((.(((....)))))))......((....))....((.(((((......)))))....))...
133;8;0;-6,476;0;0,00;12;19,00;0,000712;...(((..(((....))).)))......((....))........((((......))))..........
144;8;0;-6,438;0;0,00;13;20,00;0,000668;.(.((((..((....)).))))..)...((....))........((((......))))..........
145;8;0;-6,441;0;0,00;14;21,00;0,000671;...((((..((....)).))))......((....))....(..(((((......)))))..)......
146;8;0;-6,435;0;0,00;12;15,00;0,000665;...((((.(((....)))))))......(......)........((((......))))..........
147;8;0;-6,437;0;0,00;12;19,00;0,000668;...((((.((......))))))......((....))........((((......))))..........
161;8;0;-6,377;0;0,00;12;14,00;0,000603;...((((.(((....)))))))..(...)...............((((......))))..........
165;8;0;-6,364;0;0,00;12;19,00;0,000590;...((((.(((....)))))))......((....))........(((........)))..........
169;8;0;-6,361;0;0,00;15;19,00;0,000587;...((((.(((....)))))))......((....))........((((......)))).((...))..
180;8;0;-6,306;0;0,00;15;17,00;0,000534;...((((.(((....)))))))......((....))...((...((((......))))....))....
182;8;0;-6,298;0;0,00;14;20,00;0,000528;...((((.(((....))))))).............(((...)))((((......))))..........
183;8;0;-6,294;0;0,00;13;20,00;0,000524;...((((..((....)).))))......((....))........((((......))))...(....).
192;8;0;-6,255;0;0,00;14;19,00;0,000491;...((((.(((....)))))))......((....))........((((......)))).(.....)..
196;8;0;-6,253;0;0,00;14;18,00;0,000489;...((((.(((....)))))))......((....))........((((......))))....(...).
206;8;0;-6,230;0;0,00;15;19,00;0,000470;((.((((.(((....)))))))..))..((....))........((((......))))..........
209;8;0;-6,221;0;0,00;14;17,00;0,000463;...((((.(((....)))))))......((....))........((((......))))..(...)...
213;8;0;-6,208;0;0,00;12;25,00;0,000453;...((((...........))))......((....))....(..(((((......)))))..)......
215;8;0;-6,210;0;0,00;15;22,00;0,000455;...((((..((....)).))))......((....))..(.(..(((((......)))))..).)....
216;8;0;-6,205;0;0,00;11;24,00;0,000451;.(.((((...........))))..)...((....))........((((......))))..........
217;8;0;-6,196;0;0,00;16;19,00;0,000444;...((((.(((....)))))))......((....))...(((..((((......)))).....)))..
226;8;0;-6,178;0;0,00;12;30,00;0,000431;...((((((....))))...))......((....))........((((......))))..........
232;8;0;-6,165;0;0,00;12;28,00;0,000421;...((((((....)))...)))......((....))........((((......))))..........
248;8;0;-6,117;0;0,00;12;19,00;0,000389;...((((.(((....)))))))......((....)).........(((......)))...........
257;8;0;-6,083;0;0,00;15;21,00;0,000367;...((((..((....)).))))......((....))...((..(((((......)))))...))....
259;8;0;-6,076;0;0,00;16;20,00;0,000363;.(.((((.(((....)))))))..)...((....))....(..(((((......)))))..)......
268;8;0;-6,062;0;0,00;11;24,00;0,000354;...((((...........))))......((....))........((((......))))...(....).
274;8;0;-6,037;0;0,00;15;19,00;0,000340;...((((.(((....)))))))......((....))....(..(((((......)))))...).....
280;8;0;-6,016;0;0,00;15;18,00;0,000328;...((((.(((....)))))))......((....))....((..((((......)))).....))...
287;8;0;-6,009;0;0,00;16;23,00;0,000324;...((((..((....)).))))......((....))...(((.(((((......)))))....)))..
305;8;0;-5,978;0;0,00;13;26,00;0,000307;...((((...........))))......((....))..(.(..(((((......)))))..).)....
328;8;0;-5,930;0;0,00;15;19,00;0,000283;.(.((((.(((....)))))))..)...((....))........((((......))))...(....).
338;8;0;-5,912;0;0,00;14;17,00;0,000275;...((((.(((....)))))))......((....))....(...((((......))))...)......
339;8;0;-5,914;0;0,00;14;19,00;0,000276;...((((.(((....)))))))......((....))........((((.(...)))))..........
340;8;0;-5,914;0;0,00;14;22,00;0,000276;...((((.(((....)))))))......((....))........(((.((...)))))..........
360;8;0;-5,869;0;0,00;16;11,00;0,000256;...((((.(((....)))))))..(((.((....))........((((......))))....)))...
365;8;0;-5,851;0;0,00;13;25,00;0,000248;...((((...........))))......((....))...((..(((((......)))))...))....
369;8;0;-5,846;0;0,00;17;21,00;0,000246;.(.((((.(((....)))))))..)...((....))..(.(..(((((......)))))..).)....
375;8;0;-5,829;0;0,00;15;22,00;0,000239;...((((..((....)).))))......((....))....((.(((((......)))))....))...
378;8;0;-5,822;0;0,00;12;16,00;0,000236;...((((.(((....))))))).......(....).........((((......))))..........
413;8;0;-5,774;0;0,00;11;21,00;0,000218;...((((..(......).))))......((....))........((((......))))..........
415;8;0;-5,776;0;0,00;14;27,00;0,000219;...((((...........))))......((....))...(((.(((((......)))))....)))..
446;8;0;-5,719;0;0,00;17;20,00;0,000199;.(.((((.(((....)))))))..)...((....))...((..(((((......)))))...))....
468;8;0;-5,700;0;0,00;11;21,00;0,000192;...((((..((....)).))))......((....))........(((........)))..........
475;8;0;-5,697;0;0,00;14;21,00;0,000191;...((((..((....)).))))......((....))........((((......)))).((...))..
484;8;0;-5,682;0;0,00;15;18,00;0,000187;...((((.(((....)))))))......((....))..(.(...((((......))))...).)....
489;8;0;-5,673;0;0,00;14;18,00;0,000184;...((((.(((....)))))))...(..((....)).)......((((......))))..........
496;8;0;-5,660;0;0,00;9;25,00;0,000180;...(((.............)))......((....))........((((......))))..........
498;8;0;-5,664;0;0,00;14;19,00;0,000181;.(.((((.(((....)))))))..)....((.....))......((((......))))..........
514;8;0;-5,642;0;0,00;14;19,00;0,000174;...((((..((....)).))))......((....))...((...((((......))))....))....
515;8;0;-5,644;0;0,00;18;22,00;0,000175;.(.((((.(((....)))))))..)...((....))...(((.(((((......)))))....)))..
537;8;0;-5,596;0;0,00;14;17,00;0,000161;...((((.(((....)))))))......((....))....(...((((......))))....).....
538;8;0;-5,596;0;0,00;13;26,00;0,000161;...((((...........))))......((....))....((.(((((......)))))....))...
542;8;0;-5,592;0;0,00;13;21,00;0,000160;...((((..((....)).))))......((....))........((((......)))).(.....)..
547;8;0;-5,590;0;0,00;13;20,00;0,000160;...((((..((....)).))))......((....))........((((......))))....(...).
563;8;0;-5,563;0;0,00;17;20,00;0,000152;...((((.(((....)))))))......((....))...(((.(((((......))))..)..)))..
567;8;0;-5,566;0;0,00;14;21,00;0,000153;((.((((..((....)).))))..))..((....))........((((......))))..........
568;8;0;-5,566;0;0,00;17;13,00;0,000153;...((((.(((....))))))).((((.((....))........((((......))))....))))..
576;8;0;-5,557;0;0,00;13;19,00;0,000151;...((((..((....)).))))......((....))........((((......))))..(...)...
590;8;0;-5,532;0;0,00;15;21,00;0,000145;...((((..((....)).))))......((....))...(((..((((......)))).....)))..
593;8;0;-5,529;0;0,00;12;16,00;0,000144;...((((.(((....))))))).......(.......)......((((......))))..........
600;8;0;-5,520;0;0,00;14;19,00;0,000142;...((((.(((....))))))).......((.....))......((((......))))...(....).
612;8;0;-5,509;0;0,00;14;19,00;0,000139;.(.((((.(((....)))))))..)..........((.....))((((......))))..........
626;8;0;-5,493;0;0,00;11;27,00;0,000136;...((((.(((....)))))))......((....)).......((........)).............
637;8;0;-5,488;0;0,00;12;26,00;0,000135;...((((((....))...))))......((....))........((((......))))..........
669;8;0;-5,467;0;0,00;9;25,00;0,000130;...((((...........))))......((....))........(((........)))..........
674;8;0;-5,464;0;0,00;17;21,00;0,000129;.(.((((.(((....)))))))..)...((....))....((.(((((......)))))....))...
676;8;0;-5,465;0;0,00;12;25,00;0,000129;...((((...........))))......((....))........((((......)))).((...))..
678;8;0;-5,454;0;0,00;11;21,00;0,000127;...((((..((....)).))))......((....)).........(((......)))...........
682;8;0;-5,450;0;0,00;14;21,00;0,000126;...(((..(((....))).)))......((....))....(..(((((......)))))..)......
687;8;0;-5,447;0;0,00;13;20,00;0,000126;.(.(((..(((....))).)))..)...((....))........((((......))))..........
713;8;0;-5,412;0;0,00;14;21,00;0,000118;...((((.((......))))))......((....))....(..(((((......)))))..)......
714;8;0;-5,412;0;0,00;15;22,00;0,000118;.(.((((..((....)).))))..)...((....))....(..(((((......)))))..)......
717;8;0;-5,414;0;0,00;12;20,00;0,000119;...((((.(((....))))))).............((.....)).(((......)))...........
718;8;0;-5,407;0;0,00;13;16,00;0,000117;.(.((((.(((....)))))))..)...(......)........((((......))))..........
721;8;0;-5,409;0;0,00;13;20,00;0,000118;.(.((((.((......))))))..)...((....))........((((......))))..........
722;8;0;-5,409;0;0,00;12;23,00;0,000118;...((((...........))))......((....))...((...((((......))))....))....
723;8;0;-5,409;0;0,00;14;17,00;0,000118;...((((.(((....)))))))......(......)....(..(((((......)))))..)......
731;8;0;-5,400;0;0,00;11;28,00;0,000116;...((((.(((....)))))))......((....)).......((...))..................
746;8;0;-5,389;0;0,00;11;28,00;0,000114;...((((.(((....)))))))......((....))............((...)).............
754;8;0;-5,383;0;0,00;16;19,00;0,000113;...((((.(((....)))))))......((....))....((.(((((......))))..)..))...
758;8;0;-5,373;0;0,00;14;21,00;0,000111;...((((..((....)).))))......((....))....(..(((((......)))))...).....
763;8;0;-5,365;0;0,00;14;19,00;0,000109;...((((.(((....))))))).............((.....))((((......))))...(....).
770;8;0;-5,357;0;0,00;11;24,00;0,000108;...((((...........))))......((....))........((((......))))....(...).
773;8;0;-5,359;0;0,00;11;25,00;0,000108;...((((...........))))......((....))........((((......)))).(.....)..
777;8;0;-5,352;0;0,00;14;20,00;0,000107;...((((..((....)).))))......((....))....((..((((......)))).....))...
806;8;0;-5,338;0;0,00;14;21,00;0,000104;...((((.(((....)))))))......((....))....(..((((........))))..)......
811;8;0;-5,333;0;0,00;16;20,00;0,000103;.(.((((.(((....)))))))..)...((....))........((((......)))).((...))..
812;8;0;-5,333;0;0,00;12;25,00;0,000104;((.((((...........))))..))..((....))........((((......))))..........
813;8;0;-5,335;0;0,00;13;20,00;0,000104;.(.((((.(((....)))))))..)...((....))........(((........)))..........
821;8;0;-5,324;0;0,00;11;23,00;0,000102;...((((...........))))......((....))........((((......))))..(...)...
842;8;0;-5,304;0;0,00;13;20,00;0,000098;...(((..(((....))).)))......((....))........((((......))))...(....).
844;8;0;-5,299;0;0,00;13;25,00;0,000098;...((((...........))))......((....))...(((..((((......)))).....)))..
882;8;0;-5,277;0;0,00;16;18,00;0,000094;.(.((((.(((....)))))))..)...((....))...((...((((......))))....))....
883;8;0;-5,270;0;0,00;15;21,00;0,000093;.(.((((.(((....)))))))..)..........(((...)))((((......))))..........
893;8;0;-5,266;0;0,00;14;21,00;0,000092;.(.((((..((....)).))))..)...((....))........((((......))))...(....).
895;8;0;-5,267;0;0,00;14;18,00;0,000093;...((((.(((....)))))))......((....))........((((......)))).(...)....
897;8;0;-5,263;0;0,00;13;16,00;0,000092;...((((.(((....)))))))......(......)........((((......))))...(....).
900;8;0;-5,265;0;0,00;13;20,00;0,000092;...((((.((......))))))......((....))........((((......))))...(....).
907;8;0;-5,256;0;0,00;13;24,00;0,000091;...((((.(((....)))))))......((....))........((..((...)).))..........
923;8;0;-5,249;0;0,00;13;19,00;0,000090;...((((..((....)).))))......((....))....(...((((......))))...)......
924;8;0;-5,250;0;0,00;13;21,00;0,000090;...((((..((....)).))))......((....))........((((.(...)))))..........
925;8;0;-5,250;0;0,00;13;24,00;0,000090;...((((..((....)).))))......((....))........(((.((...)))))..........
941;8;0;-5,234;0;0,00;11;29,00;0,000088;...(((((......)))...))......((....))........((((......))))..........
942;8;0;-5,227;0;0,00;15;20,00;0,000087;.(.((((.(((....)))))))..)...((....))........((((......)))).(.....)..
949;8;0;-5,225;0;0,00;15;19,00;0,000086;.(.((((.(((....)))))))..)...((....))........((((......))))....(...).
951;8;0;-5,220;0;0,00;15;22,00;0,000085;...(((..(((....))).)))......((....))..(.(..(((((......)))))..).)....
954;8;0;-5,221;0;0,00;11;27,00;0,000086;...(((((......))...)))......((....))........((((......))))..........
955;8;0;-5,221;0;0,00;9;25,00;0,000086;...((((...........))))......((....)).........(((......)))...........
963;8;0;-5,218;0;0,00;14;19,00;0,000085;...((((.(((....)))))))......((....))......(.((((......))))).........
977;8;0;-5,204;0;0,00;17;21,00;0,000083;((.((((.(((....)))))))..))..((....))....(..(((((......)))))..)......
980;8;0;-5,205;0;0,00;15;13,00;0,000083;...((((..((....)).))))..(((.((....))........((((......))))....)))...
981;8;0;-5,205;0;0,00;13;15,00;0,000083;...((((.(((....)))))))..(...)...............((((......))))...(....).
993;8;0;-5,192;0;0,00;13;20,00;0,000082;...((((.(((....)))))))......((....))........(((........)))...(....).
995;8;0;-5,193;0;0,00;15;18,00;0,000082;.(.((((.(((....)))))))..)...((....))........((((......))))..(...)...
1007;8;0;-5,181;0;0,00;15;22,00;0,000080;...((((.((......))))))......((....))..(.(..(((((......)))))..).)....
1010;8;0;-5,182;0;0,00;16;23,00;0,000080;.(.((((..((....)).))))..)...((....))..(.(..(((((......)))))..).)....
1015;8;0;-5,179;0;0,00;15;18,00;0,000080;...((((.(((....)))))))......(......)..(.(..(((((......)))))..).)....
1016;8;0;-5,180;0;0,00;13;26,00;0,000080;.(.((((...........))))..)...((....))....(..(((((......)))))..)......
1021;8;0;-5,175;0;0,00;13;22,00;0,000079;...((((.(((....))))))).............(((...))).(((......)))...........
1036;8;0;-5,168;0;0,00;17;20,00;0,000078;.(.((((.(((....)))))))..)...((....))...(((..((((......)))).....)))..
1053;8;0;-5,153;0;0,00;14;32,00;0,000076;...((((((....))))...))......((....))....(..(((((......)))))..)......
1060;8;0;-5,150;0;0,00;13;31,00;0,000076;.(.((((((....))))...))..)...((....))........((((......))))..........
1071;8;0;-5,141;0;0,00;12;25,00;0,000075;...((((...........))))......((....))....(..(((((......)))))...).....
1076;8;0;-5,139;0;0,00;14;30,00;0,000075;...((((((....)))...)))......((....))....(..(((((......)))))..)......
1084;8;0;-5,136;0;0,00;13;29,00;0,000074;.(.((((((....)))...)))..)...((....))........((((......))))..........
1092;8;0;-5,126;0;0,00;15;21,00;0,000073;...((((.(((....))))))).............(((...)))((((......))))...(....).
1108;8;0;-5,120;0;0,00;12;24,00;0,000072;...((((...........))))......((....))....((..((((......)))).....))...
1128;8;0;-5,108;0;0,00;15;22,00;0,000071;...((((.(((....)))))))......((....))..(.(..((((........))))..).)....
1148;8;0;-5,093;0;0,00;15;21,00;0,000069;...(((..(((....))).)))......((....))...((..(((((......)))))...))....
1151;8;0;-5,087;0;0,00;14;18,00;0,000068;...((((.(((....)))))))..(...)......((.....))((((......))))..........
1158;8;0;-5,089;0;0,00;13;20,00;0,000069;.(.((((.(((....)))))))..)...((....)).........(((......)))...........
1207;8;0;-5,055;0;0,00;16;22,00;0,000065;.(.((((..((....)).))))..)...((....))...((..(((((......)))))...))....
1214;8;0;-5,058;0;0,00;16;20,00;0,000065;((.((((.(((....)))))))..))..((....))........((((......))))...(....).
1221;8;0;-5,054;0;0,00;15;21,00;0,000065;...((((.((......))))))......((....))...((..(((((......)))))...))....
1225;8;0;-5,049;0;0,00;11;21,00;0,000064;...((((.(((....)))))))......((....))........((..........))..........
1232;8;0;-5,043;0;0,00;13;28,00;0,000063;...((((.(((....)))))))......((....))...((..((........))..)).........
1233;8;0;-5,043;0;0,00;13;28,00;0,000063;...((((.(((....)))))))......((....)).......((...))....(.(...).).....
1245;8;0;-5,041;0;0,00;11;24,00;0,000063;...((((.(.....)...))))......((....))........((((......))))..........
1255;8;0;-5,038;0;0,00;12;20,00;0,000063;...(((..(((....))).))).......((.....))......((((......))))..........
1264;8;0;-5,033;0;0,00;12;25,00;0,000062;.(.((((...........))))..)...((....))........((((......))))...(....).
1272;8;0;-5,023;0;0,00;13;20,00;0,000061;...((((.(((....)))))))......((....))........(((.(.....))))..........
1274;8;0;-5,025;0;0,00;11;23,00;0,000062;...((((.(.......).))))......((....))........((((......))))..........
1285;8;0;-5,016;0;0,00;11;23,00;0,000061;...((((...........))))......((....))....(...((((......))))...)......
1291;8;0;-5,017;0;0,00;11;25,00;0,000061;...((((...........))))......((....))........((((.(...)))))..........
1292;8;0;-5,017;0;0,00;11;28,00;0,000061;...((((...........))))......((....))........(((.((...)))))..........
1293;8;0;-5,018;0;0,00;16;23,00;0,000061;...(((..(((....))).)))......((....))...(((.(((((......)))))....)))..
1294;8;0;-5,018;0;0,00;14;20,00;0,000061;...((((..((....)).))))......((....))..(.(...((((......))))...).)....
1304;8;0;-5,009;0;0,00;16;20,00;0,000060;.(.((((.(((....)))))))..)...((....))....(..(((((......)))))...).....
1306;8;0;-5,009;0;0,00;13;20,00;0,000060;...((((..((....)).))))...(..((....)).)......((((......))))..........
1314;8;0;-5,006;0;0,00;13;31,00;0,000060;...((((((....))))...))......((....))........((((......))))...(....).
1328;8;0;-4,999;0;0,00;12;20,00;0,000059;...((((.((......)))))).......((.....))......((((......))))..........
1330;8;0;-4,993;0;0,00;13;29,00;0,000058;...((((((....)))...)))......((....))........((((......))))...(....).
1350;8;0;-4,988;0;0,00;16;19,00;0,000058;.(.((((.(((....)))))))..)...((....))....((..((((......)))).....))...
1352;8;0;-4,981;0;0,00;15;21,00;0,000057;...((((.(((....)))))))......((....))...((..((((........))))...))....
1363;8;0;-4,980;0;0,00;16;23,00;0,000057;...((((.((......))))))......((....))...(((.(((((......)))))....)))..
1364;8;0;-4,980;0;0,00;17;24,00;0,000057;.(.((((..((....)).))))..)...((....))...(((.(((((......)))))....)))..
1365;8;0;-4,974;0;0,00;18;22,00;0,000056;((.((((.(((....)))))))..))..((....))..(.(..(((((......)))))..).)....
1368;8;0;-4,975;0;0,00;14;18,00;0,000057;..(((((.(((....)))))))..)...((....))........((((......))))..........
1384;8;0;-4,965;0;0,00;14;19,00;0,000056;...((((.(((....)))))))......((.............(((((......)))))......)).
1405;8;0;-4,954;0;0,00;16;18,00;0,000055;...((((.(((....)))))))......((....))...((..(((((......))))..).))....
1415;8;0;-4,949;0;0,00;14;27,00;0,000054;.(.((((...........))))..)...((....))..(.(..(((((......)))))..).)....
1421;8;0;-4,951;0;0,00;9;25,00;0,000054;...((((.(((....)))))))......((....))................................
1440;8;0;-4,945;0;0,00;13;20,00;0,000054;...((((.(((....)))))))......((....)).........(((......)))....(....).
1447;8;0;-4,937;0;0,00;11;26,00;0,000053;...((((.(((....)))))))......((....))....((....))....................
1456;8;0;-4,932;0;0,00;13;19,00;0,000053;...((((..((....)).))))......((....))....(...((((......))))....).....
1459;8;0;-4,926;0;0,00;12;20,00;0,000052;...((((.(((....))))))).......((.....))......(((........)))..........
1466;8;0;-4,922;0;0,00;15;33,00;0,000052;...((((((....))))...))......((....))..(.(..(((((......)))))..).)....
1468;8;0;-4,923;0;0,00;15;20,00;0,000052;...((((.(((....))))))).......((.....))......((((......)))).((...))..
1487;8;0;-4,914;0;0,00;11;29,00;0,000051;...((((.(((....))))))).............((.....))....((...)).............
1504;8;0;-4,908;0;0,00;13;17,00;0,000051;...((((.(((....)))))))......((..............((((......)))).......)).
1505;8;0;-4,909;0;0,00;15;31,00;0,000051;...((((((....)))...)))......((....))..(.(..(((((......)))))..).)....
1512;8;0;-4,906;0;0,00;16;23,00;0,000050;...((((.(((....)))))))......((....))...(((.((((........))))....)))..
1516;8;0;-4,899;0;0,00;16;22,00;0,000050;...((((..((....)).))))......((....))...(((.(((((......))))..)..)))..
1546;8;0;-4,888;0;0,00;16;21,00;0,000049;...((((.(((....)))))))......((....))....(..(((((.(...))))))..)......
1547;8;0;-4,888;0;0,00;16;24,00;0,000049;...((((.(((....)))))))......((....))....(..((((.((...))))))..)......
1560;8;0;-4,883;0;0,00;12;20,00;0,000048;...(((..(((....))).))).............((.....))((((......))))..........
1562;8;0;-4,884;0;0,00;15;18,00;0,000049;.(.((((.(((....)))))))..)...((....))....(...((((......))))...)......
1564;8;0;-4,885;0;0,00;15;20,00;0,000049;.(.((((.(((....)))))))..)...((....))........((((.(...)))))..........
1565;8;0;-4,885;0;0,00;15;23,00;0,000049;.(.((((.(((....)))))))..)...((....))........(((.((...)))))..........
1587;8;0;-4,868;0;0,00;14;19,00;0,000047;...((((.(((....)))))))......((....))(.....).((((......))))..........
1588;8;0;-4,869;0;0,00;11;21,00;0,000047;...((((.(........)))))......((....))........((((......))))..........
1630;8;0;-4,855;0;0,00;14;21,00;0,000046;...((((.(((....)))))))......((....)).........(((......)))..((...))..
1632;8;0;-4,848;0;0,00;15;20,00;0,000046;...((((.(((....)))))))..(...)......(((...)))((((......))))..........
1634;8;0;-4,849;0;0,00;12;29,00;0,000046;...((((.(((....)))))))......((....))....(..((...)).)................
1642;8;0;-4,844;0;0,00;12;20,00;0,000045;...((((.((......)))))).............((.....))((((......))))..........
1649;8;0;-4,847;0;0,00;18;21,00;0,000046;((.((((.(((....)))))))..))..((....))...((..(((((......)))))...))....
1664;8;0;-4,838;0;0,00;15;22,00;0,000045;...(((..(((....))).)))......((....))....((.(((((......)))))....))...
1682;8;0;-4,829;0;0,00;10;29,00;0,000044;...((((..((....)).))))......((....)).......((........)).............
1684;8;0;-4,830;0;0,00;15;20,00;0,000044;...((((.(((....)))))))......((....))..(....(((((......)))))....)....
1720;8;0;-4,817;0;0,00;14;20,00;0,000043;...((((.(((....))))))).......((.....))......((((......)))).(.....)..
1731;8;0;-4,815;0;0,00;14;19,00;0,000043;...((((.(((....))))))).......((.....))......((((......))))....(...).
1766;8;0;-4,801;0;0,00;12;28,00;0,000042;...((((.(((....)))))))......((....)).......(((.....).)).............
1777;8;0;-4,797;0;0,00;15;18,00;0,000042;...((((.(((....)))))))......(......)....((.(((((......)))))....))...
1782;8;0;-4,800;0;0,00;15;22,00;0,000042;...((((.((......))))))......((....))....((.(((((......)))))....))...
1784;8;0;-4,800;0;0,00;16;23,00;0,000042;.(.((((..((....)).))))..)...((....))....((.(((((......)))))....))...
1786;8;0;-4,793;0;0,00;13;17,00;0,000042;.(.((((.(((....)))))))..)....(....).........((((......))))..........
1791;8;0;-4,795;0;0,00;15;32,00;0,000042;...((((((....))))...))......((....))...((..(((((......)))))...))....
1792;8;0;-4,796;0;0,00;14;18,00;0,000042;...((((.(((....))))))).......(....).....(..(((((......)))))..)......
1802;8;0;-4,792;0;0,00;15;20,00;0,000042;((.((((.(((....)))))))..))...((.....))......((((......))))..........
1805;8;0;-4,786;0;0,00;12;24,00;0,000041;...((((...........))))......((....))..(.(...((((......))))...).)....
1816;8;0;-4,782;0;0,00;15;30,00;0,000041;...((((((....)))...)))......((....))...((..(((((......)))))...))....
1819;8;0;-4,783;0;0,00;11;21,00;0,000041;...(((..((......)).)))......((....))........((((......))))..........
1821;8;0;-4,783;0;0,00;14;18,00;0,000041;...((((.(((....))))))).......((.....))......((((......))))..(...)...
1832;8;0;-4,781;0;0,00;11;17,00;0,000041;...(((..(((....))).)))......(......)........((((......))))..........
1841;8;0;-4,776;0;0,00;11;24,00;0,000040;...((((...........))))...(..((....)).)......((((......))))..........
1854;8;0;-4,771;0;0,00;12;20,00;0,000040;...((((.(((....))))))).............((.....))(((........)))..........
1856;8;0;-4,772;0;0,00;19;23,00;0,000040;((.((((.(((....)))))))..))..((....))...(((.(((((......)))))....)))..
1858;8;0;-4,773;0;0,00;14;18,00;0,000040;...((((.(((....)))))))......((....))..(.....((((......)))).....)....
1892;8;0;-4,760;0;0,00;12;16,00;0,000039;...((((.(((....))))))).......(......).......((((......))))..........
1926;8;0;-4,748;0;0,00;13;23,00;0,000039;...((((..(......).))))......((....))....(..(((((......)))))..)......
1932;8;0;-4,749;0;0,00;13;21,00;0,000039;...((((.(((....)))))))......((....)).........(((......)))..(.....)..
1936;8;0;-4,742;0;0,00;11;17,00;0,000038;...((((.((......))))))......(......)........((((......))))..........
1940;8;0;-4,745;0;0,00;12;22,00;0,000038;.(.((((..(......).))))..)...((....))........((((......))))..........
1956;8;0;-4,742;0;0,00;15;20,00;0,000038;...((((.(((....)))))))......((....))........((((.(...)))))...(....).
1957;8;0;-4,742;0;0,00;15;23,00;0,000038;...((((.(((....)))))))......((....))........(((.((...)))))...(....).
1963;8;0;-4,736;0;0,00;10;30,00;0,000038;...((((..((....)).))))......((....)).......((...))..................
1985;8;0;-4,723;0;0,00;11;16,00;0,000037;...(((..(((....))).)))..(...)...............((((......))))..........
1990;8;0;-4,725;0;0,00;10;30,00;0,000037;...((((..((....)).))))......((....))............((...)).............
1991;8;0;-4,726;0;0,00;15;22,00;0,000037;...((((.(((....)))))))......((....))....((.((((........))))....))...
1993;8;0;-4,719;0;0,00;15;21,00;0,000037;...((((..((....)).))))......((....))....((.(((((......))))..)..))...
2000;8;0;-4,721;0;0,00;16;34,00;0,000037;...((((((....))))...))......((....))...(((.(((((......)))))....)))..
2006;8;0;-4,722;0;0,00;15;20,00;0,000037;...((((.(((....))))))).....(((.............(((((......)))))......)))
2037;8;0;-4,707;0;0,00;16;32,00;0,000036;...((((((....)))...)))......((....))...(((.(((((......)))))....)))..
2042;8;0;-4,709;0;0,00;11;21,00;0,000036;...(((..(((....))).)))......((....))........(((........)))..........
2061;8;0;-4,707;0;0,00;14;21,00;0,000036;...(((..(((....))).)))......((....))........((((......)))).((...))..
2081;8;0;-4,699;0;0,00;11;23,00;0,000036;...((((...........))))......((....))....(...((((......))))....).....
2082;8;0;-4,699;0;0,00;13;21,00;0,000036;...((((.(((....)))))))......((....))........(((..(...).)))..........
2103;8;0;-4,685;0;0,00;11;16,00;0,000035;...((((.((......))))))..(...)...............((((......))))..........
2128;8;0;-4,679;0;0,00;12;20,00;0,000034;...((((.(((....))))))).......((.....)).......(((......)))...........
2137;8;0;-4,674;0;0,00;13;23,00;0,000034;...((((..((....)).))))......((....))....(..((((........))))..)......
2140;8;0;-4,675;0;0,00;12;31,00;0,000034;...((((.(((....))))))).............(((...)))....((...)).............
2141;8;0;-4,668;0;0,00;14;21,00;0,000034;...((((.((......))))))......((....))........((((......)))).((...))..
2144;8;0;-4,669;0;0,00;11;17,00;0,000034;...((((.(((....)))))))......(......)........(((........)))..........
2146;8;0;-4,669;0;0,00;15;22,00;0,000034;.(.((((..((....)).))))..)...((....))........((((......)))).((...))..
2151;8;0;-4,671;0;0,00;11;21,00;0,000034;...((((.((......))))))......((....))........(((........)))..........
2155;8;0;-4,672;0;0,00;12;22,00;0,000034;.(.((((..((....)).))))..)...((....))........(((........)))..........
2162;8;0;-4,665;0;0,00;14;18,00;0,000034;...((((.(((....))))))).....(((..............((((......)))).......)))
2165;8;0;-4,666;0;0,00;14;17,00;0,000034;...((((.(((....)))))))......(......)........((((......)))).((...))..
2168;8;0;-4,661;0;0,00;14;19,00;0,000033;...((((.(((....))))))).............((.....))((((......))))....(...).
2172;8;0;-4,663;0;0,00;14;20,00;0,000033;...((((.(((....))))))).............((.....))((((......)))).(.....)..
2180;8;0;-4,658;0;0,00;17;22,00;0,000033;...((((.(((....)))))))......((....))..(.(..(((((.(...))))))..).)....
2181;8;0;-4,658;0;0,00;17;25,00;0,000033;...((((.(((....)))))))......((....))..(.(..((((.((...))))))..).)....
2194;8;0;-4,654;0;0,00;16;19,00;0,000033;.(.((((.(((....)))))))..)...((....))..(.(...((((......))))...).)....
2202;8;0;-4,650;0;0,00;13;17,00;0,000033;...((((.(((....))))))).......(....).........((((......))))...(....).
2210;8;0;-4,651;0;0,00;14;19,00;0,000033;...(((..(((....))).)))......((....))...((...((((......))))....))....
2212;8;0;-4,652;0;0,00;12;28,00;0,000033;...((((.(((....)))))))......((....)).......((...))......(...).......
2222;8;0;-4,647;0;0,00;16;22,00;0,000033;...((((.(((....)))))))......((....))...(((.(.(((......)))...)..)))..
2224;8;0;-4,647;0;0,00;16;20,00;0,000033;...((((.(((....)))))))...(..((....)).)..(..(((((......)))))..)......
2227;8;0;-4,648;0;0,00;11;21,00;0,000033;...((((...(....)..))))......((....))........((((......))))..........
2230;8;0;-4,648;0;0,00;14;29,00;0,000033;...((((.(((....)))))))......((....)).......((...))..(.(.(...)).)....
2237;8;0;-4,644;0;0,00;13;22,00;0,000032;...(((..(((....))).))).............(((...)))((((......))))..........
2240;8;0;-4,637;0;0,00;15;20,00;0,000032;((.((((.(((....)))))))..)).........((.....))((((......))))..........
2255;8;0;-4,635;0;0,00;11;27,00;0,000032;...(((.............)))......((....))....(..(((((......)))))..)......
2263;8;0;-4,629;0;0,00;15;21,00;0,000032;...((((.(((....)))))))......((....))((...)).((((......))))..........
2274;8;0;-4,632;0;0,00;10;26,00;0,000032;.(.(((.............)))..)...((....))........((((......))))..........
2291;8;0;-4,628;0;0,00;14;18,00;0,000032;...((((.(((....))))))).............((.....))((((......))))..(...)...
2327;8;0;-4,613;0;0,00;15;20,00;0,000031;.(.((((..((....)).))))..)...((....))...((...((((......))))....))....
2345;8;0;-4,611;0;0,00;11;16,00;0,000031;...((((.(((....)))))))..(...)...............(((........)))..........
2346;8;0;-4,612;0;0,00;12;19,00;0,000031;....(((.(((....)))))).......((....))........((((......))))..........
2355;8;0;-4,613;0;0,00;14;19,00;0,000031;...((((.((......))))))......((....))...((...((((......))))....))....
2359;8;0;-4,606;0;0,00;13;22,00;0,000030;...((((.((......)))))).............(((...)))((((......))))..........
2369;8;0;-4,608;0;0,00;14;16,00;0,000030;...((((.(((....)))))))..(...)...............((((......)))).((...))..
2375;8;0;-4,603;0;0,00;13;20,00;0,000030;...((((..((....)).))))......((....))........((((......)))).(...)....
2384;8;0;-4,599;0;0,00;13;20,00;0,000030;...(((..(((....))).)))......((....))........((((......))))....(...).
2394;8;0;-4,601;0;0,00;13;21,00;0,000030;...(((..(((....))).)))......((....))........((((......)))).(.....)..
2396;8;0;-4,601;0;0,00;12;22,00;0,000030;...((((..(......).))))......((....))........((((......))))...(....).
2398;8;0;-4,594;0;0,00;11;25,00;0,000030;...((((.(((....)))))))......((....))..................(.(...).).....
2402;8;0;-4,595;0;0,00;14;21,00;0,000030;...((((.(((....)))))))......((....))........(((........))).((...))..
2407;8;0;-4,597;0;0,00;8;33,00;0,000030;...((((...........))))......((....)).......((........)).............
2408;8;0;-4,597;0;0,00;13;29,00;0,000030;...((((.(((....)))))))......((....)).......((((...)).)).............
2420;8;0;-4,592;0;0,00;12;26,00;0,000030;...((((..((....)).))))......((....))........((..((...)).))..........
2421;8;0;-4,592;0;0,00;18;22,00;0,000030;((.((((.(((....)))))))..))..((....))....((.(((((......)))))....))...
2448;8;0;-4,585;0;0,00;15;20,00;0,000029;...((((.(((....)))))))......((....))......((((((......)))))....)....
2459;8;0;-4,580;0;0,00;13;26,00;0,000029;...((((.(((....)))))))......((....))....((....))......(.(...).).....
2461;8;0;-4,580;0;0,00;14;19,00;0,000029;...((((.(((....)))))))......((....)).......(((((......))))........).
2464;8;0;-4,581;0;0,00;13;29,00;0,000029;...((((.(((....)))))))......((....)).......((...))..(.(......).)....
2471;8;0;-4,575;0;0,00;14;21,00;0,000029;((.(((..(((....))).)))..))..((....))........((((......))))..........
2493;8;0;-4,566;0;0,00;13;19,00;0,000028;...(((..(((....))).)))......((....))........((((......))))..(...)...
2498;8;0;-4,567;0;0,00;15;18,00;0,000028;.(.((((.(((....)))))))..)...((....))....(...((((......))))....).....
2499;8;0;-4,568;0;0,00;14;27,00;0,000028;.(.((((...........))))..)...((....))....((.(((((......)))))....))...
2508;8;0;-4,563;0;0,00;13;21,00;0,000028;...((((.((......))))))......((....))........((((......)))).(.....)..
2512;8;0;-4,563;0;0,00;14;22,00;0,000028;.(.((((..((....)).))))..)...((....))........((((......)))).(.....)..
2520;8;0;-4,566;0;0,00;15;19,00;0,000028;...((((.(((....))))))).......(....)...(.(..(((((......)))))..).)....
2527;8;0;-4,560;0;0,00;13;17,00;0,000028;...((((.(((....)))))))......(......)........((((......)))).(.....)..
2530;8;0;-4,561;0;0,00;13;20,00;0,000028;...((((.((......))))))......((....))........((((......))))....(...).
2532;8;0;-4,561;0;0,00;14;21,00;0,000028;.(.((((..((....)).))))..)...((....))........((((......))))....(...).
2537;8;0;-4,562;0;0,00;14;18,00;0,000028;...((((.(((....)))))))......((....)).......(((((......))))..).......
2551;8;0;-4,558;0;0,00;13;16,00;0,000028;...((((.(((....)))))))......(......)........((((......))))....(...).
2568;8;0;-4,554;0;0,00;13;21,00;0,000028;...((((..((....)).))))......((....))......(.((((......))))).........
2583;8;0;-4,551;0;0,00;12;27,00;0,000028;...((((.(((....)))))))......((....))....(..((........)).)...........
2586;8;0;-4,544;0;0,00;11;25,00;0,000027;...(((((......)...))))......((....))........((((......))))..........
2597;8;0;-4,539;0;0,00;14;19,00;0,000027;...((((.(((....)))))))......((....))...((...(((........)))....))....
2601;8;0;-4,540;0;0,00;16;23,00;0,000027;((.((((..((....)).))))..))..((....))....(..(((((......)))))..)......
2602;8;0;-4,541;0;0,00;15;33,00;0,000027;...((((((....))))...))......((....))....((.(((((......)))))....))...
2608;8;0;-4,541;0;0,00;15;21,00;0,000027;...(((..(((....))).)))......((....))...(((..((((......)))).....)))..
2619;8;0;-4,537;0;0,00;14;21,00;0,000027;((.((((.((......))))))..))..((....))........((((......))))..........
2629;8;0;-4,532;0;0,00;13;22,00;0,000027;...((((.(((....))))))).............(((...)))(((........)))..........
2636;8;0;-4,534;0;0,00;18;21,00;0,000027;.(.((((.(((....)))))))..)...((....))...(((.(((((......))))..)..)))..
2642;8;0;-4,535;0;0,00;14;17,00;0,000027;((.((((.(((....)))))))..))..(......)........((((......))))..........
2644;8;0;-4,528;0;0,00;12;22,00;0,000027;...((((..((....)).))))......((....))........(((........)))...(....).
2648;8;0;-4,528;0;0,00;13;19,00;0,000027;...((((.((......))))))......((....))........((((......))))..(...)...
2654;8;0;-4,529;0;0,00;14;20,00;0,000027;.(.((((..((....)).))))..)...((....))........((((......))))..(...)...
2657;8;0;-4,529;0;0,00;15;19,00;0,000027;...((((.(((....)))))))....((((....))......))((((......))))..........
2670;8;0;-4,531;0;0,00;17;21,00;0,000027;...((((.(((....)))))))......((....))...((..(((((.(...))))))...))....
2671;8;0;-4,531;0;0,00;17;24,00;0,000027;...((((.(((....)))))))......((....))...((..((((.((...))))))...))....
2684;8;0;-4,526;0;0,00;13;15,00;0,000027;...((((.(((....)))))))......(......)........((((......))))..(...)...
2691;8;0;-4,527;0;0,00;15;31,00;0,000027;...((((((....)))...)))......((....))....((.(((((......)))))....))...
2712;8;0;-4,518;0;0,00;14;24,00;0,000026;...((((..(......).))))......((....))..(.(..(((((......)))))..).)....
2743;8;0;-4,515;0;0,00;14;19,00;0,000026;...((((.(((....)))))))......((....))..(.....((((......))))).........
2756;8;0;-4,510;0;0,00;10;27,00;0,000026;...((((.(((....)))))))......((....)).......(.....)..................
2770;8;0;-4,504;0;0,00;13;17,00;0,000026;...((((.(((....))))))).............(.......(((((......))))).....)...
2782;8;0;-4,500;0;0,00;13;17,00;0,000025;.(.((((.(((....)))))))..)....(.......)......((((......))))..........
2783;8;0;-4,501;0;0,00;15;19,00;0,000025;...((((.(((....)))))))...(..((....)).)......((((......))))...(....).
2784;8;0;-4,501;0;0,00;13;15,00;0,000025;...((((.(((....)))))))..(...)...............((((......))))....(...).
2791;8;0;-4,503;0;0,00;13;16,00;0,000025;...((((.(((....)))))))..(...)...............((((......)))).(.....)..
2796;8;0;-4,503;0;0,00;15;21,00;0,000026;...((((.((......))))))......((....))...(((..((((......)))).....)))..
2800;8;0;-4,504;0;0,00;16;22,00;0,000026;.(.((((..((....)).))))..)...((....))...(((..((((......)))).....)))..
2801;8;0;-4,504;0;0,00;8;34,00;0,000026;...((((...........))))......((....)).......((...))..................
2811;8;0;-4,498;0;0,00;10;26,00;0,000025;...((((.(((....)))))))......((....))............(.....).............
2822;8;0;-4,492;0;0,00;8;34,00;0,000025;...((((...........))))......((....))............((...)).............
2823;8;0;-4,492;0;0,00;12;16,00;0,000025;...((((.(((....))))))).............(.......)((((......))))..........
2824;8;0;-4,493;0;0,00;14;29,00;0,000025;...((((.(((....)))))))......((....))....(..((...)).)..(.(...).).....
2840;8;0;-4,489;0;0,00;13;21,00;0,000025;...((((.(((....)))))))......((....))........(((........))).(.....)..
2847;8;0;-4,492;0;0,00;15;20,00;0,000025;.(.((((.(((....)))))))..)....((.....))......((((......))))...(....).
2852;8;0;-4,486;0;0,00;13;25,00;0,000025;...((((...........))))......((....))....((.(((((......))))..)..))...
2854;8;0;-4,487;0;0,00;13;20,00;0,000025;...((((.(((....)))))))......((....))........(((........)))....(...).
2858;8;0;-4,488;0;0,00;10;26,00;0,000025;...(((.............)))......((....))........((((......))))...(....).
2888;8;0;-4,479;0;0,00;10;35,00;0,000024;..((((.....)).))............((....))........((((......))))..........
2896;8;0;-4,473;0;0,00;11;24,00;0,000024;...((((.(((....)))))))....(((..(...................)..)))...........
2900;8;0;-4,474;0;0,00;12;16,00;0,000024;...((((.(((....)))))))........(...).........((((......))))..........
2909;8;0;-4,476;0;0,00;14;20,00;0,000024;...((((.(((....))))))).......((.....))......((((.(...)))))..........
2910;8;0;-4,476;0;0,00;14;23,00;0,000024;...((((.(((....))))))).......((.....))......(((.((...)))))..........
2915;8;0;-4,476;0;0,00;9;26,00;0,000024;...((((.(((....))))))).............((.....))........................
2940;8;0;-4,467;0;0,00;15;21,00;0,000024;...((((.(((....)))))))......((....))....((.(.(((......)))...)..))...
2944;8;0;-4,468;0;0,00;13;14,00;0,000024;...((((.(((....)))))))..(...)...............((((......))))..(...)...
2951;8;0;-4,463;0;0,00;14;28,00;0,000024;...((((((....))...))))......((....))....(..(((((......)))))..)......
2955;8;0;-4,463;0;0,00;11;21,00;0,000024;...(((..(((....))).)))......((....)).........(((......)))...........
2958;8;0;-4,464;0;0,00;14;21,00;0,000024;((.((((.(((....)))))))..))..((....))........(((........)))..........
2962;8;0;-4,465;0;0,00;12;28,00;0,000024;.(.((((.(((....)))))))..)...((....)).......((........)).............
2977;8;0;-4,460;0;0,00;13;27,00;0,000024;.(.((((((....))...))))..)...((....))........((((......))))..........
2980;8;0;-4,461;0;0,00;17;21,00;0,000024;((.((((.(((....)))))))..))..((....))........((((......)))).((...))..
2984;8;0;-4,455;0;0,00;13;19,00;0,000024;...((((.(((....)))))))......((....))........(((........)))..(...)...
2988;8;0;-4,456;0;0,00;18;23,00;0,000024;...((((.(((....)))))))......((....))...(((.(((((.(...))))))....)))..
2989;8;0;-4,456;0;0,00;18;26,00;0,000024;...((((.(((....)))))))......((....))...(((.((((.((...))))))....)))..
3018;8;0;-4,442;0;0,00;11;27,00;0,000023;...((((...........))))......((....))....(..((((........))))..)......
3028;8;0;-4,444;0;0,00;14;24,00;0,000023;...((((..((....)).))))......((....))..(.(..((((........))))..).)....
3035;8;0;-4,439;0;0,00;10;26,00;0,000023;.(.((((...........))))..)...((....))........(((........)))..........
3057;8;0;-4,436;0;0,00;13;26,00;0,000023;.(.((((...........))))..)...((....))........((((......)))).((...))..
3081;8;0;-4,430;0;0,00;15;21,00;0,000023;...((((.(((....)))))))......((....))...(((..(((........))).....)))..
3086;8;0;-4,422;0;0,00;11;17,00;0,000022;...((((.(((....)))))))......(......).........(((......)))...........
3092;8;0;-4,424;0;0,00;15;22,00;0,000022;...((((.(((....))))))).............(((...)))((((......)))).(.....)..
3096;8;0;-4,425;0;0,00;11;21,00;0,000022;...((((.((......))))))......((....)).........(((......)))...........
3098;8;0;-4,425;0;0,00;12;22,00;0,000022;.(.((((..((....)).))))..)...((....)).........(((......)))...........
3113;8;0;-4,420;0;0,00;11;24,00;0,000022;...((((..(....)...))))......((....))........((((......))))..........
3118;8;0;-4,422;0;0,00;15;22,00;0,000022;.(.(((..(((....))).)))..)...((....))....(..(((((......)))))..)......
3119;8;0;-4,422;0;0,00;15;21,00;0,000022;...((((.(((....))))))).............(((...)))((((......))))....(...).
3128;8;0;-4,416;0;0,00;14;19,00;0,000022;...((((.(((....)))))))......((....)).(...)..((((......))))..........
3145;8;0;-4,411;0;0,00;10;22,00;0,000022;...((((.(((....)))))))....(((.........................)))...........
3149;8;0;-4,412;0;0,00;11;32,00;0,000022;...((((((....))))...))......((....))........(((........)))..........
3175;8;0;-4,409;0;0,00;14;32,00;0,000022;...((((((....))))...))......((....))........((((......)))).((...))..
3186;8;0;-4,404;0;0,00;12;28,00;0,000022;...(((.............)))......((....))..(.(..(((((......)))))..).)....
3189;8;0;-4,404;0;0,00;15;19,00;0,000022;...((((.(((....)))))))......((....))....(.(.((((......)))))..)......
3193;8;0;-4,405;0;0,00;17;19,00;0,000022;((.((((.(((....)))))))..))..((....))...((...((((......))))....))....
3195;8;0;-4,399;0;0,00;11;30,00;0,000021;...((((((....)))...)))......((....))........(((........)))..........
3214;8;0;-4,396;0;0,00;14;30,00;0,000021;...((((((....)))...)))......((....))........((((......)))).((...))..
3218;8;0;-4,397;0;0,00;12;19,00;0,000021;...((((.(.(....).)))))......((....))........((((......))))..........
3230;8;0;-4,398;0;0,00;16;22,00;0,000021;((.((((.(((....)))))))..)).........(((...)))((((......))))..........
3234;8;0;-4,391;0;0,00;14;23,00;0,000021;...((((..(......).))))......((....))...((..(((((......)))))...))....
3251;8;0;-4,394;0;0,00;15;22,00;0,000021;((.((((..((....)).))))..))..((....))........((((......))))...(....).
3254;8;0;-4,387;0;0,00;12;27,00;0,000021;...((((.(((....)))))))......((....))....(..((........))..)..........
3263;8;0;-4,389;0;0,00;15;20,00;0,000021;...((((.(((....))))))).............(((...)))((((......))))..(...)...
3265;8;0;-4,390;0;0,00;10;26,00;0,000021;...((((.(((....)))))))......((....)).........(.....)................
3274;8;0;-4,383;0;0,00;15;22,00;0,000021;.(.((((.((......))))))..)...((....))....(..(((((......)))))..)......
3277;8;0;-4,385;0;0,00;13;28,00;0,000021;...((((.(((....)))))))......((....)).......((...))....((.......))...
3283;8;0;-4,386;0;0,00;10;23,00;0,000021;...((((..((....)).))))......((....))........((..........))..........
3284;8;0;-4,386;0;0,00;13;21,00;0,000021;.(.((((.(((....)))))))..)..........((.....)).(((......)))...........
3297;8;0;-4,379;0;0,00;12;30,00;0,000021;...((((..((....)).))))......((....))...((..((........))..)).........
3298;8;0;-4,380;0;0,00;12;30,00;0,000021;...((((..((....)).))))......((....)).......((...))....(.(...).).....
3306;8;0;-4,381;0;0,00;15;18,00;0,000021;.(.((((.(((....)))))))..)...(......)....(..(((((......)))))..)......
3317;8;0;-4,383;0;0,00;14;21,00;0,000021;...(((..(((....))).)))......((....))....(..(((((......)))))...).....
3336;8;0;-4,372;0;0,00;12;29,00;0,000020;.(.((((.(((....)))))))..)...((....)).......((...))..................
3345;8;0;-4,374;0;0,00;12;15,00;0,000021;...((((.(((....))))))).............(........((((......))))....).....
3358;8;0;-4,370;0;0,00;11;24,00;0,000020;...((((...........))))......((....))........((((......)))).(...)....
3363;8;0;-4,365;0;0,00;11;16,00;0,000020;...((((.(((....)))))))..(...)................(((......)))...........
3366;8;0;-4,365;0;0,00;12;22,00;0,000020;...((((.(((....)))))))......((....))........((..(.....).))..........
3377;8;0;-4,360;0;0,00;12;22,00;0,000020;...((((..((....)).))))......((....))........(((.(.....))))..........
3379;8;0;-4,360;0;0,00;12;29,00;0,000020;.(.((((.(((....)))))))..)...((....))............((...)).............
3385;8;0;-4,362;0;0,00;14;20,00;0,000020;...(((..(((....))).)))......((....))....((..((((......)))).....))...
3403;8;0;-4,357;0;0,00;13;17,00;0,000020;...((((.(((....))))))).......(.......)......((((......))))...(....).
3410;8;0;-4,359;0;0,00;10;30,00;0,000020;...((((...........))))......((....))........((..((...)).))..........
3412;8;0;-4,352;0;0,00;14;18,00;0,000020;...((((.(((....)))))))......(((.....))..)...((((......))))..........
3417;8;0;-4,353;0;0,00;16;20,00;0,000020;((.((((.(((....)))))))..))..((....))........((((......))))....(...).
3422;8;0;-4,354;0;0,00;14;30,00;0,000020;...((((((....))))...))......((....))...((...((((......))))....))....
3423;8;0;-4,354;0;0,00;17;20,00;0,000020;.(.((((.(((....)))))))..)...((....))....((.(((((......))))..)..))...
3427;8;0;-4,355;0;0,00;16;21,00;0,000020;((.((((.(((....)))))))..))..((....))........((((......)))).(.....)..
3442;8;0;-4,351;0;0,00;12;15,00;0,000020;...((((.(((....))))))).............(........((((......))))......)...
3443;8;0;-4,351;0;0,00;11;21,00;0,000020;...((((.(((....)))))))......((....)).........((........))...........
3446;8;0;-4,351;0;0,00;14;29,00;0,000020;...((((.(((....)))))))......((....))...((..(((.....).))..)).........
3451;8;0;-4,344;0;0,00;14;21,00;0,000020;...((((.((......))))))......((....))....(..(((((......)))))...).....
3456;8;0;-4,345;0;0,00;15;22,00;0,000020;.(.((((..((....)).))))..)...((....))....(..(((((......)))))...).....
3469;8;0;-4,340;0;0,00;14;28,00;0,000019;...((((((....)))...)))......((....))...((...((((......))))....))....
3475;8;0;-4,342;0;0,00;14;17,00;0,000019;...((((.(((....)))))))......(......)....(..(((((......)))))...).....
3479;8;0;-4,337;0;0,00;15;20,00;0,000019;.(.((((.(((....)))))))..)..........((.....))((((......))))...(....).
3511;8;0;-4,329;0;0,00;12;25,00;0,000019;.(.((((...........))))..)...((....))........((((......))))....(...).
3520;8;0;-4,331;0;0,00;12;26,00;0,000019;.(.((((...........))))..)...((....))........((((......)))).(.....)..
3526;8;0;-4,331;0;0,00;14;19,00;0,000019;...((((.(((....)))))))......((....)).....(..((((......))))).........
3553;8;0;-4,321;0;0,00;16;19,00;0,000019;((.((((.(((....)))))))..))..((....))........((((......))))..(...)...
3554;8;0;-4,321;0;0,00;14;20,00;0,000019;...((((.(((....))))))).............((.....))((((.(...)))))..........
3555;8;0;-4,321;0;0,00;14;23,00;0,000019;...((((.(((....))))))).............((.....))(((.((...)))))..........
3556;8;0;-4,321;0;0,00;12;28,00;0,000019;...((((.(((....)))))))......((....)).......((........))......(....).
3557;8;0;-4,321;0;0,00;14;16,00;0,000019;...((((.(((....)))))))......(......)....((..((((......)))).....))...
3561;8;0;-4,321;0;0,00;11;25,00;0,000019;...((((...........))))......((....))......(.((((......))))).........
3566;8;0;-4,323;0;0,00;14;20,00;0,000019;...((((.((......))))))......((....))....((..((((......)))).....))...
3572;8;0;-4,324;0;0,00;15;21,00;0,000019;.(.((((..((....)).))))..)...((....))....((..((((......)))).....))...
3580;8;0;-4,317;0;0,00;14;23,00;0,000019;...((((..((....)).))))......((....))...((..((((........))))...))....
3604;8;0;-4,316;0;0,00;15;25,00;0,000019;...((((..(......).))))......((....))...(((.(((((......)))))....)))..
3606;8;0;-4,316;0;0,00;13;27,00;0,000019;...((((((....))...))))......((....))........((((......))))...(....).
3614;8;0;-4,310;0;0,00;15;22,00;0,000018;.(.((((.(((....)))))))..)...((....))....(..((((........))))..)......
3616;8;0;-4,310;0;0,00;17;24,00;0,000018;((.((((..((....)).))))..))..((....))..(.(..(((((......)))))..).)....
3623;8;0;-4,311;0;0,00;13;20,00;0,000018;..(((((..((....)).))))..)...((....))........((((......))))..........
3644;8;0;-4,308;0;0,00;14;27,00;0,000018;((.((((...........))))..))..((....))....(..(((((......)))))..)......
3652;8;0;-4,302;0;0,00;13;31,00;0,000018;...((((((....))))...))......((....))........((((......))))....(...).
3663;8;0;-4,304;0;0,00;13;32,00;0,000018;...((((((....))))...))......((....))........((((......)))).(.....)..
3697;8;0;-4,295;0;0,00;10;26,00;0,000018;...((((...........))))......((....))........(((........)))...(....).
3699;8;0;-4,296;0;0,00;18;21,00;0,000018;((.((((.(((....)))))))..))..((....))...(((..((((......)))).....)))..
3703;8;0;-4,296;0;0,00;12;24,00;0,000018;.(.((((...........))))..)...((....))........((((......))))..(...)...
3714;8;0;-4,290;0;0,00;15;20,00;0,000018;...((((..((....)).))))......((....))...((..(((((......))))..).))....
3718;8;0;-4,290;0;0,00;13;30,00;0,000018;...((((((....)))...)))......((....))........((((......)))).(.....)..
3745;8;0;-4,287;0;0,00;8;27,00;0,000018;...((((..((....)).))))......((....))................................
3749;8;0;-4,288;0;0,00;13;29,00;0,000018;...((((((....)))...)))......((....))........((((......))))....(...).
3757;8;0;-4,282;0;0,00;12;22,00;0,000018;...((((..((....)).))))......((....)).........(((......)))....(....).
3779;8;0;-4,277;0;0,00;12;27,00;0,000017;...(((.............)))......((....))...((..(((((......)))))...))....
3784;8;0;-4,278;0;0,00;14;32,00;0,000017;((.((((((....))))...))..))..((....))........((((......))))..........
3814;8;0;-4,275;0;0,00;16;12,00;0,000017;...((((.(((....)))))))....(((......((.....))((((......))))..))).....
3817;8;0;-4,275;0;0,00;13;29,00;0,000017;...((((.(((....)))))))......((....))...............((.(.(...).)..)).
3818;8;0;-4,275;0;0,00;14;21,00;0,000017;.(.(((..(((....))).)))..)...((....))........((((......))))...(....).
3823;8;0;-4,276;0;0,00;17;22,00;0,000017;...((((.(((....)))))))......((....))....((.(((((.(...))))))....))...
3824;8;0;-4,276;0;0,00;17;25,00;0,000017;...((((.(((....)))))))......((....))....((.((((.((...))))))....))...
3838;8;0;-4,271;0;0,00;14;21,00;0,000017;...((((.(((....)))))))......((....))....(..((((........))))...).....
3852;8;0;-4,273;0;0,00;10;28,00;0,000017;...((((..((....)).))))......((....))....((....))....................
3860;8;0;-4,266;0;0,00;13;29,00;0,000017;...((((.(((....)))))))......((....))..(.(..((........)).).).........
3880;8;0;-4,269;0;0,00;13;30,00;0,000017;...((((((....))))...))......((....))........((((......))))..(...)...
3889;8;0;-4,263;0;0,00;14;19,00;0,000017;(..((((.(((....))))))).)....((....))........((((......))))..........
3900;8;0;-4,265;0;0,00;14;30,00;0,000017;((.((((((....)))...)))..))..((....))........((((......))))..........
3908;8;0;-4,258;0;0,00;13;19,00;0,000017;...(((..(((....))).)))......((....))....(...((((......))))...)......
3914;8;0;-4,259;0;0,00;13;21,00;0,000017;...(((..(((....))).)))......((....))........((((.(...)))))..........
3915;8;0;-4,259;0;0,00;13;24,00;0,000017;...(((..(((....))).)))......((....))........(((.((...)))))..........
3931;8;0;-4,261;0;0,00;15;30,00;0,000017;...((((.(((....)))))))......((....))....((....))...((.(.(...).)..)).
3941;8;0;-4,256;0;0,00;13;28,00;0,000017;...((((((....)))...)))......((....))........((((......))))..(...)...
3990;8;0;-4,250;0;0,00;14;20,00;0,000017;...((((.(((....)))))))......((....))....((..(((........))).....))...
3994;8;0;-4,242;0;0,00;15;25,00;0,000016;...((((..((....)).))))......((....))...(((.((((........))))....)))..
4003;8;0;-4,243;0;0,00;15;18,00;0,000016;...((((.(((....)))))))......((....))....(..(((((......))))..).).....
4005;8;0;-4,244;0;0,00;15;19,00;0,000016;...((((.(((....))))))).....((((.....))..))..((((......))))..........
4008;8;0;-4,244;0;0,00;15;32,00;0,000016;...((((((....))))...))......((....))...(((..((((......)))).....)))..
4017;8;0;-4,246;0;0,00;13;21,00;0,000017;...((((.(((....)))))))......((....))......(..(((......))).).........
4029;8;0;-4,241;0;0,00;13;20,00;0,000016;...((((.(((....)))))))......((....)).........(((......))).....(...).
4038;8;0;-4,242;0;0,00;13;21,00;0,000016;...((((.(((....))))))).............((.....)).(((......)))....(....).
4041;8;0;-4,235;0;0,00;14;17,00;0,000016;.(.((((.(((....)))))))..)...(......)........((((......))))...(....).
4047;8;0;-4,236;0;0,00;13;30,00;0,000016;...((((.(((....)))))))......((....))...........((((............)))).
4049;8;0;-4,237;0;0,00;14;21,00;0,000016;.(.((((.((......))))))..)...((....))........((((......))))...(....).
4055;8;0;-4,237;0;0,00;10;28,00;0,000016;...((((.(((....))))))).............(((...)))........................
4062;8;0;-4,238;0;0,00;15;19,00;0,000016;.(.((((.(((....)))))))..)...((....))........((((......)))).(...)....
4064;8;0;-4,231;0;0,00;15;30,00;0,000016;...((((((....)))...)))......((....))...(((..((((......)))).....)))..
4067;8;0;-4,231;0;0,00;13;29,00;0,000016;...((((.(((....)))))))......((....)).......((........))....((...))..
4074;8;0;-4,232;0;0,00;15;29,00;0,000016;...((((((....))...))))......((....))..(.(..(((((......)))))..).)....
4085;8;0;-4,227;0;0,00;14;25,00;0,000016;.(.((((.(((....)))))))..)...((....))........((..((...)).))..........
4088;8;0;-4,228;0;0,00;12;29,00;0,000016;...((((.(((....)))))))......((....)).......((...))...........(....).
4101;8;0;-4,230;0;0,00;15;26,00;0,000016;...((((.(((....)))))))......((....))....(..(((..((...)).)))..)......
4111;8;0;-4,224;0;0,00;15;23,00;0,000016;...((((..((....)).))))......((....))....(..(((((.(...))))))..)......
4112;8;0;-4,224;0;0,00;15;26,00;0,000016;...((((..((....)).))))......((....))....(..((((.((...))))))..)......
4127;8;0;-4,219;0;0,00;13;17,00;0,000016;...((((.(((....)))))))......(......)........((((.(...)))))..........
4128;8;0;-4,219;0;0,00;13;20,00;0,000016;...((((.(((....)))))))......(......)........(((.((...)))))..........
4133;8;0;-4,220;0;0,00;13;19,00;0,000016;...((((.((......))))))......((....))....(...((((......))))...)......
4137;8;0;-4,220;0;0,00;14;20,00;0,000016;.(.((((..((....)).))))..)...((....))....(...((((......))))...)......
4141;8;0;-4,221;0;0,00;13;21,00;0,000016;...((((.((......))))))......((....))........((((.(...)))))..........
4142;8;0;-4,221;0;0,00;13;24,00;0,000016;...((((.((......))))))......((....))........(((.((...)))))..........
4145;8;0;-4,221;0;0,00;14;18,00;0,000016;.(.((((.(((....)))))))....).((....))........((((......))))..........
4148;8;0;-4,222;0;0,00;14;22,00;0,000016;.(.((((..((....)).))))..)...((....))........((((.(...)))))..........
4149;8;0;-4,222;0;0,00;14;25,00;0,000016;.(.((((..((....)).))))..)...((....))........(((.((...)))))..........
4161;8;0;-4,216;0;0,00;11;27,00;0,000016;...((((.(((....)))))))......((....)).........((.....))..............
4162;8;0;-4,217;0;0,00;12;29,00;0,000016;...((((.(((....)))))))......((....))............((...))......(....).
4166;8;0;-4,217;0;0,00;14;21,00;0,000016;((.((((.(((....)))))))..))..((....)).........(((......)))...........
4168;8;0;-4,217;0;0,00;12;16,00;0,000016;...((((.(((....)))))))............(...).....((((......))))..........
4169;8;0;-4,217;0;0,00;13;15,00;0,000016;...((((.(((....)))))))......(......)....(...((((......))))...)......
4177;8;0;-4,211;0;0,00;12;28,00;0,000016;...((((...........))))......((....))..(.(..((((........))))..).)....
4192;8;0;-4,215;0;0,00;15;13,00;0,000016;...(((..(((....))).)))..(((.((....))........((((......))))....)))...
4204;8;0;-4,208;0;0,00;13;19,00;0,000016;...((((.(((....)))))))......((....)).........(((......)))...(...)...
4206;8;0;-4,208;0;0,00;13;31,00;0,000016;...(((((......)))...))......((....))....(..(((((......)))))..)......
4223;8;0;-4,203;0;0,00;15;19,00;0,000015;...((((.(((....)))))))......((((............((((......))))....)).)).
4225;8;0;-4,204;0;0,00;13;21,00;0,000015;...((((..((....)).))))......((....))(.....).((((......))))..........
4231;8;0;-4,206;0;0,00;12;30,00;0,000015;.(.(((((......)))...))..)...((....))........((((......))))..........
4252;8;0;-4,202;0;0,00;10;25,00;0,000015;...((((.(((....)))))))......((....))....................(...).......
4253;8;0;-4,202;0;0,00;13;29,00;0,000015;...(((.............)))......((....))...(((.(((((......)))))....)))..
4271;8;0;-4,199;0;0,00;12;26,00;0,000015;...((((.(((....)))))))......((....))................(.(.(...)).)....
4280;8;0;-4,192;0;0,00;12;28,00;0,000015;.(.(((((......))...)))..)...((....))........((((......))))..........
4284;8;0;-4,193;0;0,00;10;26,00;0,000015;.(.((((...........))))..)...((....)).........(((......)))...........
4296;8;0;-4,195;0;0,00;13;29,00;0,000015;...(((((......))...)))......((....))....(..(((((......)))))..)......
4301;8;0;-4,189;0;0,00;12;26,00;0,000015;...((((.(((....)))))))......((....))....((....))........(...).......
4308;8;0;-4,190;0;0,00;15;20,00;0,000015;.(.((((.(((....)))))))..)...((....))......(.((((......))))).........
4314;8;0;-4,191;0;0,00;14;19,00;0,000015;...((((.(((....)))))))......((....))(....)..((((......))))..........
4319;8;0;-4,191;0;0,00;13;23,00;0,000015;...((((..((....)).))))......((....)).........(((......)))..((...))..
4320;8;0;-4,191;0;0,00;16;23,00;0,000015;.(.(((..(((....))).)))..)...((....))..(.(..(((((......)))))..).)....
4324;8;0;-4,184;0;0,00;15;19,00;0,000015;...((((.(((....))))))).......(....).....((.(((((......)))))....))...
4330;8;0;-4,185;0;0,00;14;27,00;0,000015;...((((.(((....)))))))......((....))....((....))....(.(.(...)).)....
4331;8;0;-4,185;0;0,00;11;27,00;0,000015;...((((.(((....)))))))......((....)).........((...))................
4332;8;0;-4,186;0;0,00;11;31,00;0,000015;...((((..((....)).))))......((....))....(..((...)).)................
4370;8;0;-4,183;0;0,00;17;23,00;0,000015;((.((((..((....)).))))..))..((....))...((..(((((......)))))...))....
4376;8;0;-4,176;0;0,00;15;13,00;0,000015;...((((.((......))))))..(((.((....))........((((......))))....)))...
4388;8;0;-4,178;0;0,00;17;21,00;0,000015;...((((.(((....)))))))......((....))...((((.((((......)))))....)))..
4403;8;0;-4,174;0;0,00;16;20,00;0,000015;...((((.(((....)))))))......((....))..(.(.(.((((......)))))..).)....
4411;8;0;-4,168;0;0,00;11;25,00;0,000014;...((((.(((....)))))))......((....))........((...............)).....
4441;8;0;-4,166;0;0,00;11;32,00;0,000014;...((((((....))))...))......((....)).........(((......)))...........
4450;8;0;-4,167;0;0,00;14;22,00;0,000014;...((((..((....)).))))......((....))..(....(((((......)))))....)....
4454;8;0;-4,167;0;0,00;11;18,00;0,000014;...(((..(((....))).))).......(....).........((((......))))..........
4466;8;0;-4,161;0;0,00;13;16,00;0,000014;...((((.(((....)))))))..(...)...............((((.(...)))))..........
4467;8;0;-4,161;0;0,00;13;19,00;0,000014;...((((.(((....)))))))..(...)...............(((.((...)))))..........
4470;8;0;-4,161;0;0,00;13;26,00;0,000014;((.((((...........))))..))..((....))........((((......))))...(....).
4480;8;0;-4,163;0;0,00;14;21,00;0,000014;.(.((((.(((....)))))))..)...((....))........(((........)))...(....).
4523;8;0;-4,153;0;0,00;8;27,00;0,000014;...((((...........))))......((....))........((..........))..........
4524;8;0;-4,153;0;0,00;16;23,00;0,000014;.(.((((.((......))))))..)...((....))..(.(..(((((......)))))..).)....
4525;8;0;-4,153;0;0,00;12;27,00;0,000014;...((((.(((....)))))))......((....)).......(.....)....(.(...).).....
4552;8;0;-4,151;0;0,00;16;19,00;0,000014;.(.((((.(((....)))))))..)...(......)..(.(..(((((......)))))..).)....
4566;8;0;-4,152;0;0,00;11;30,00;0,000014;...((((((....)))...)))......((....)).........(((......)))...........
4572;8;0;-4,145;0;0,00;16;21,00;0,000014;...((((.(((....)))))))......((....))........((((.(...))))).((...))..
4573;8;0;-4,145;0;0,00;16;24,00;0,000014;...((((.(((....)))))))......((....))........(((.((...))))).((...))..
4580;8;0;-4,145;0;0,00;11;24,00;0,000014;...((((.(....)....))))......((....))........((((......))))..........
4585;8;0;-4,146;0;0,00;13;19,00;0,000014;...((((.(((....)))))))......((....))....(...(((........)))...)......
4590;8;0;-4,147;0;0,00;10;34,00;0,000014;...((((...........))))......((....))...((..((........))..)).........
4591;8;0;-4,147;0;0,00;15;30,00;0,000014;...((((.(((....)))))))......((....))...((..((((...)).))..)).........
4592;8;0;-4,147;0;0,00;14;23,00;0,000014;.(.((((.(((....)))))))..)..........(((...))).(((......)))...........
4593;8;0;-4,147;0;0,00;10;34,00;0,000014;...((((...........))))......((....)).......((...))....(.(...).).....
4625;8;0;-4,144;0;0,00;14;18,00;0,000014;...((((.(((....)))))))......((....))...(....((((......))))).........
4628;8;0;-4,137;0;0,00;17;21,00;0,000014;((.((((.(((....)))))))..))..((....))....(..(((((......)))))...).....
4629;8;0;-4,137;0;0,00;11;30,00;0,000014;...((((..((....)).))))......((....)).......(((.....).)).............
4632;8;0;-4,138;0;0,00;13;30,00;0,000014;...((((.(((....)))))))......((....)).......((...)).........((...))..
4664;8;0;-4,136;0;0,00;14;24,00;0,000014;...((((..(......).))))......((....))....((.(((((......)))))....))...
4695;8;0;-4,131;0;0,00;11;26,00;0,000014;...((((.(((....)))))))......((....))................(.(......).)....
4696;8;0;-4,131;0;0,00;12;19,00;0,000014;...((((.(((....)))))))......((....))........((.(......).))..........
4701;8;0;-4,125;0;0,00;12;29,00;0,000013;...((((.(((....)))))))......((....)).......((........))....(.....)..
4706;8;0;-4,126;0;0,00;13;30,00;0,000014;...((((.(((....)))))))......((....))............((...))....((...))..
4709;8;0;-4,127;0;0,00;10;26,00;0,000014;...((((...........))))......((....))........(((.(.....))))..........
4725;8;0;-4,129;0;0,00;11;18,00;0,000014;...((((.((......)))))).......(....).........((((......))))..........
4730;8;0;-4,124;0;0,00;15;33,00;0,000013;.(.((((((....))))...))..)...((....))....(..(((((......)))))..)......
252;9;1;-6,102;1;0,00;16;10,00;0,000379;...((((.(((....)))))))..(((((...((.....))..((........)).....)))))...
361;9;0;-5,863;0;0,00;17;12,00;0,000253;...((((.(((....)))))))..(((((...(((...)))..((........)).....)))))...
394;9;0;-5,800;0;0,00;17;12,00;0,000227;...((((.(((....))))))).((((((...((.....))..((........)).....))))))..
463;9;0;-5,708;0;0,00;18;13,00;0,000195;...((((.(((....)))))))..(((((.((((.....))..((........))..)).)))))...
572;9;0;-5,561;0;0,00;18;14,00;0,000152;...((((.(((....))))))).((((((...(((...)))..((........)).....))))))..
660;9;0;-5,469;0;0,00;19;15,00;0,000130;...((((.(((....)))))))..(((((.(((((...)))..((........))..)).)))))...
691;9;0;-5,438;0;0,00;15;12,00;0,000124;...((((..((....)).))))..(((((...((.....))..((........)).....)))))...
712;9;0;-5,410;0;0,00;17;11,00;0,000118;...((((.(((....)))))))..(((((...((.....))..(((.....).)).....)))))...
729;9;0;-5,406;0;0,00;19;15,00;0,000117;...((((.(((....))))))).((((((.((((.....))..((........))..)).))))))..
743;9;0;-5,392;0;0,00;17;21,00;0,000114;...((((.(((....)))))))..(((....(((.....((..((........))..))))))))...
816;9;0;-5,329;0;0,00;17;17,00;0,000103;...((((.(((....)))))))..(((((.((.(.........((........))).)).)))))...
982;9;0;-5,206;0;0,00;13;16,00;0,000084;...((((...........))))..(((((...((.....))..((........)).....)))))...
983;9;0;-5,206;0;0,00;18;12,00;0,000084;...((((.(((....)))))))..(((((...((.....))..((((...)).)).....)))))...
986;9;0;-5,200;0;0,00;16;14,00;0,000083;...((((..((....)).))))..(((((...(((...)))..((........)).....)))))...
1028;9;0;-5,171;0;0,00;18;13,00;0,000079;...((((.(((....)))))))..(((((...(((...)))..(((.....).)).....)))))...
1035;9;0;-5,167;0;0,00;20;17,00;0,000078;...((((.(((....))))))).((((((.(((((...)))..((........))..)).))))))..
1083;9;0;-5,136;0;0,00;16;14,00;0,000074;...((((..((....)).)))).((((((...((.....))..((........)).....))))))..
1127;9;0;-5,108;0;0,00;18;13,00;0,000071;...((((.(((....))))))).((((((...((.....))..(((.....).)).....))))))..
1160;9;0;-5,089;0;0,00;18;23,00;0,000069;...((((.(((....))))))).((((....(((.....((..((........))..)))))))))..
1223;9;0;-5,048;0;0,00;16;11,00;0,000064;...((((.(((....)))))))..(((((...((.....))..((...))..........)))))...
1237;9;0;-5,045;0;0,00;17;15,00;0,000064;...((((..((....)).))))..(((((.((((.....))..((........))..)).)))))...
1251;9;0;-5,036;0;0,00;16;11,00;0,000063;...((((.(((....)))))))..(((((...((.....)).......((...)).....)))))...
1278;9;0;-5,027;0;0,00;18;19,00;0,000062;...((((.(((....))))))).((((((.((.(.........((........))).)).))))))..
1287;9;0;-5,016;0;0,00;19;14,00;0,000061;...((((.(((....)))))))..(((((.((((.....))..(((.....).))..)).)))))...
1340;9;0;-4,989;0;0,00;18;19,00;0,000058;...((((.(((....)))))))..(((....(((.........(((..((...)).)))))))))...
1389;9;0;-4,967;0;0,00;14;18,00;0,000056;...((((...........))))..(((((...(((...)))..((........)).....)))))...
1390;9;0;-4,967;0;0,00;19;14,00;0,000056;...((((.(((....)))))))..(((((...(((...)))..((((...)).)).....)))))...
1503;9;0;-4,908;0;0,00;14;22,00;0,000051;...((((.(((....)))))))..........((.....))..((...))..(.(.(...)).)....
1509;9;0;-4,903;0;0,00;14;18,00;0,000050;...((((...........)))).((((((...((.....))..((........)).....))))))..
1510;9;0;-4,903;0;0,00;19;14,00;0,000050;...((((.(((....))))))).((((((...((.....))..((((...)).)).....))))))..
1528;9;0;-4,897;0;0,00;17;16,00;0,000050;...((((..((....)).)))).((((((...(((...)))..((........)).....))))))..
1558;9;0;-4,890;0;0,00;12;12,00;0,000049;...((((.(((....)))))))..(((((...............................)))))...
1589;9;0;-4,869;0;0,00;19;15,00;0,000047;...((((.(((....))))))).((((((...(((...)))..(((.....).)).....))))))..
1651;9;0;-4,841;0;0,00;13;22,00;0,000045;...((((.(((....)))))))..........((.....))..((...))..(.(......).)....
1705;9;0;-4,822;0;0,00;14;15,00;0,000044;...((((.(((....)))))))..(((((..............((...))..........)))))...
1741;9;0;-4,809;0;0,00;17;13,00;0,000043;...((((.(((....)))))))..(((((...(((...)))..((...))..........)))))...
1748;9;0;-4,812;0;0,00;15;19,00;0,000043;...((((...........))))..(((((.((((.....))..((........))..)).)))))...
1749;9;0;-4,812;0;0,00;20;15,00;0,000043;...((((.(((....)))))))..(((((.((((.....))..((((...)).))..)).)))))...
1757;9;0;-4,806;0;0,00;18;17,00;0,000043;...((((..((....)).))))..(((((.(((((...)))..((........))..)).)))))...
1780;9;0;-4,798;0;0,00;17;13,00;0,000042;...((((.(((....)))))))..(((((...(((...))).......((...)).....)))))...
1827;9;0;-4,778;0;0,00;20;16,00;0,000041;...((((.(((....)))))))..(((((.(((((...)))..(((.....).))..)).)))))...
1920;9;0;-4,747;0;0,00;16;13,00;0,000038;...((((..((....)).))))..(((((...((.....))..(((.....).)).....)))))...
1941;9;0;-4,745;0;0,00;17;13,00;0,000038;...((((.(((....))))))).((((((...((.....))..((...))..........))))))..
1959;9;0;-4,742;0;0,00;18;17,00;0,000038;...((((..((....)).)))).((((((.((((.....))..((........))..)).))))))..
1972;9;0;-4,734;0;0,00;17;13,00;0,000038;...((((.(((....))))))).((((((...((.....)).......((...)).....))))))..
1975;9;0;-4,728;0;0,00;16;23,00;0,000037;...((((..((....)).))))..(((....(((.....((..((........))..))))))))...
1989;9;0;-4,724;0;0,00;12;21,00;0,000037;.(.((((.(((....)))))))..).......((.....))..((........)).............
2032;9;0;-4,714;0;0,00;20;16,00;0,000036;...((((.(((....))))))).((((((.((((.....))..(((.....).))..)).))))))..
2064;9;0;-4,700;0;0,00;18;22,00;0,000036;...((((.(((....)))))))..(((....(((.....((..(((.....).))..))))))))...
2112;9;0;-4,686;0;0,00;19;21,00;0,000035;...((((.(((....))))))).((((....(((.........(((..((...)).))))))))))..
2147;9;0;-4,669;0;0,00;15;24,00;0,000034;...((((.(((....)))))))..........(((...)))..((...))..(.(.(...)).)....
2157;9;0;-4,664;0;0,00;15;20,00;0,000033;...((((...........)))).((((((...(((...)))..((........)).....))))))..
2158;9;0;-4,664;0;0,00;20;16,00;0,000033;...((((.(((....))))))).((((((...(((...)))..((((...)).)).....))))))..
2164;9;0;-4,666;0;0,00;16;19,00;0,000034;...((((..((....)).))))..(((((.((.(.........((........))).)).)))))...
2195;9;0;-4,654;0;0,00;18;14,00;0,000033;...((((.(((....)))))))..(((((.((((.....))..((...)).......)).)))))...
2234;9;0;-4,643;0;0,00;18;14,00;0,000032;...((((.(((....)))))))..(((((.((((.....)).......((...))..)).)))))...
2287;9;0;-4,627;0;0,00;14;14,00;0,000031;...((((.(((....)))))))..(((((..............((........)).....)))))...
2308;9;0;-4,617;0;0,00;9;28,00;0,000031;...((((...........))))..........(((...)))..((........)).............
2372;9;0;-4,602;0;0,00;14;24,00;0,000030;...((((.(((....)))))))..........(((...)))..((...))..(.(......).)....
2429;9;0;-4,588;0;0,00;13;14,00;0,000029;...((((.(((....))))))).((((((...............................))))))..
2463;9;0;-4,581;0;0,00;12;21,00;0,000029;...((((.(((....)))))))..........((.....))..((........))......(....).
2486;9;0;-4,573;0;0,00;16;21,00;0,000029;...((((...........))))..(((((.(((((...)))..((........))..)).)))))...
2487;9;0;-4,573;0;0,00;21;17,00;0,000029;...((((.(((....)))))))..(((((.(((((...)))..((((...)).))..)).)))))...
2516;9;0;-4,564;0;0,00;15;21,00;0,000028;...((((.(((....)))))))..(((....(((.........((...)).........))))))...
2611;9;0;-4,542;0;0,00;17;14,00;0,000027;...((((..((....)).))))..(((((...((.....))..((((...)).)).....)))))...
2634;9;0;-4,534;0;0,00;17;18,00;0,000027;...((((.(((....)))))))..(((((........((.(..((........)).).)))))))...
2638;9;0;-4,535;0;0,00;10;44,00;0,000027;......(((((........(((.........)))......)))))...((...)).............
2683;9;0;-4,525;0;0,00;17;15,00;0,000026;...((((.(((....)))))))..((((..((((.....))..((........))..))..))))...
2692;9;0;-4,520;0;0,00;15;17,00;0,000026;...((((.(((....))))))).((((((..............((...))..........))))))..
2699;9;0;-4,521;0;0,00;12;21,00;0,000026;...((((.(((....)))))))....(((...((.....))........)))................
2739;9;0;-4,514;0;0,00;14;17,00;0,000026;...((((...........))))..(((((...((.....))..(((.....).)).....)))))...
2751;9;0;-4,509;0;0,00;21;17,00;0,000026;...((((.(((....))))))).((((((.((((.....))..((((...)).))..)).))))))..
2777;9;0;-4,507;0;0,00;18;15,00;0,000026;...((((.(((....))))))).((((((...(((...)))..((...))..........))))))..
2779;9;0;-4,508;0;0,00;17;15,00;0,000026;...((((..((....)).))))..(((((...(((...)))..(((.....).)).....)))))...
2795;9;0;-4,503;0;0,00;19;19,00;0,000026;...((((..((....)).)))).((((((.(((((...)))..((........))..)).))))))..
2831;9;0;-4,495;0;0,00;18;15,00;0,000025;...((((.(((....))))))).((((((...(((...))).......((...)).....))))))..
2832;9;0;-4,495;0;0,00;14;27,00;0,000025;...((((...........))))..(((....(((.....((..((........))..))))))))...
2833;9;0;-4,496;0;0,00;19;23,00;0,000025;...((((.(((....)))))))..(((....(((.....((..((((...)).))..))))))))...
2843;9;0;-4,490;0;0,00;13;22,00;0,000025;...((((.(((....)))))))..........((.....))..((........))....((...))..
2850;9;0;-4,485;0;0,00;13;23,00;0,000025;.(.((((.(((....)))))))..).......(((...)))..((........)).............
2901;9;0;-4,474;0;0,00;13;18,00;0,000024;...((((.(((....)))))))..(((....(((.........................))))))...
2903;9;0;-4,475;0;0,00;21;18,00;0,000024;...((((.(((....))))))).((((((.(((((...)))..(((.....).))..)).))))))..
2961;9;0;-4,465;0;0,00;15;20,00;0,000024;...((((.(((....)))))))..(((....(((.........((........))....))))))...
2965;9;0;-4,458;0;0,00;17;31,00;0,000024;...((((.(((....))))))).....(((.(((.....((..((........))..)))))...)))
3011;9;0;-4,448;0;0,00;15;12,00;0,000023;...(((..(((....))).)))..(((((...((.....))..((........)).....)))))...
3027;9;0;-4,444;0;0,00;17;15,00;0,000023;...((((..((....)).)))).((((((...((.....))..(((.....).)).....))))))..
3053;9;0;-4,435;0;0,00;16;10,00;0,000023;...((((.(((....)))))))..(((((...((.....))..(.(.....)..).....)))))...
3099;9;0;-4,425;0;0,00;17;25,00;0,000022;...((((..((....)).)))).((((....(((.....((..((........))..)))))))))..
3127;9;0;-4,415;0;0,00;19;16,00;0,000022;...((((.(((....)))))))..(((((.(((((...)))..((...)).......)).)))))...
3176;9;0;-4,409;0;0,00;15;12,00;0,000022;...((((.((......))))))..(((((...((.....))..((........)).....)))))...
3181;9;0;-4,403;0;0,00;11;24,00;0,000022;...((((.(((....)))))))...((.....)).........((........)).............
3183;9;0;-4,404;0;0,00;19;16,00;0,000022;...((((.(((....)))))))..(((((.(((((...))).......((...))..)).)))))...
3223;9;0;-4,397;0;0,00;18;15,00;0,000021;...((((.(((....)))))))..(((((......((.....))((..((...)).))..)))))...
3226;9;0;-4,397;0;0,00;19;24,00;0,000021;...((((.(((....))))))).((((....(((.....((..(((.....).))..)))))))))..
3227;9;0;-4,397;0;0,00;13;23,00;0,000021;...((((.(((....)))))))..........((.....))..((...)).........((...))..
3275;9;0;-4,384;0;0,00;15;13,00;0,000021;...((((..((....)).))))..(((((...((.....))..((...))..........)))))...
3289;9;0;-4,386;0;0,00;13;23,00;0,000021;...((((.(((....)))))))..........((.....)).......((...))....((...))..
3314;9;0;-4,382;0;0,00;14;47,00;0,000021;.(.(..(((((..........((((.......))))....)))))..).)..(.(.(...)).)....
3338;9;0;-4,373;0;0,00;15;13,00;0,000020;...((((..((....)).))))..(((((...((.....)).......((...)).....)))))...
3415;9;0;-4,353;0;0,00;18;16,00;0,000020;...((((..((....)).))))..(((((.((((.....))..(((.....).))..)).)))))...
3448;9;0;-4,352;0;0,00;19;16,00;0,000020;...((((.(((....))))))).((((((.((((.....))..((...)).......)).))))))..
3468;9;0;-4,340;0;0,00;19;16,00;0,000019;...((((.(((....))))))).((((((.((((.....)).......((...))..)).))))))..
3474;9;0;-4,342;0;0,00;13;23,00;0,000019;...((((.(((....)))))))..........(((...)))..((........))......(....).
3512;9;0;-4,329;0;0,00;19;20,00;0,000019;...((((.(((....)))))))..(((((...(((((...((....))..))))).....)))))...
3538;9;0;-4,325;0;0,00;17;21,00;0,000019;...((((..((....)).))))..(((....(((.........(((..((...)).)))))))))...
3573;9;0;-4,324;0;0,00;15;16,00;0,000019;...((((.(((....))))))).((((((..............((........)).....))))))..
3593;9;0;-4,313;0;0,00;11;14,00;0,000019;...((((.(((....)))))))..((((.................................))))...
3602;9;0;-4,315;0;0,00;13;47,00;0,000019;.(.(..(((((..........((((.......))))....)))))..).)..(.(......).)....
3613;9;0;-4,310;0;0,00;11;25,00;0,000018;...((((.(((....)))))))...((.....)).........((...))..................
3639;9;0;-4,307;0;0,00;15;27,00;0,000018;...((((.(((....)))))))..(...)..(((.....((..((........))..)))))......
3658;9;0;-4,302;0;0,00;12;20,00;0,000018;...((((.(((....)))))))..(...)...((.....))..((........)).............
3659;9;0;-4,302;0;0,00;16;19,00;0,000018;...((((.(((....)))))))..(((((......((.....))....((...)).....)))))...
3662;9;0;-4,303;0;0,00;18;16,00;0,000018;...((((..((....)).))))..(((((...(((...)))..((((...)).)).....)))))...
3674;9;0;-4,298;0;0,00;11;25,00;0,000018;...((((.(((....)))))))...((.....))..............((...)).............
3744;9;0;-4,287;0;0,00;18;17,00;0,000018;...((((.(((....)))))))..((((..(((((...)))..((........))..))..))))...
3761;9;0;-4,282;0;0,00;13;23,00;0,000018;...((((.(((....)))))))....(((...(((...)))........)))................
3788;9;0;-4,279;0;0,00;11;26,00;0,000017;...((((.(((....))))))).....................((...))..(.(......).)....
3811;9;0;-4,274;0;0,00;17;17,00;0,000017;...((((.(((....)))))))..(((((.((........(..((........)).))).)))))...
3812;9;0;-4,275;0;0,00;14;22,00;0,000017;.(.((((.(((....)))))))..).......((.....))..((...))....(.(...).).....
3815;9;0;-4,275;0;0,00;15;19,00;0,000017;...((((...........))))..(((((...(((...)))..(((.....).)).....)))))...
3833;9;0;-4,277;0;0,00;11;47,00;0,000017;......(((((..........((((.......))))....)))))...((...)).............
3835;9;0;-4,271;0;0,00;22;19,00;0,000017;...((((.(((....))))))).((((((.(((((...)))..((((...)).))..)).))))))..
3876;9;0;-4,269;0;0,00;15;16,00;0,000017;...((((.(((....)))))))..(((((...........(..((...)).)........)))))...
3933;9;0;-4,261;0;0,00;16;23,00;0,000017;...((((.(((....))))))).((((....(((.........((...)).........)))))))..
3960;9;0;-4,252;0;0,00;14;24,00;0,000017;...((((.(((....)))))))..........(((...)))..((........))....((...))..
3987;9;0;-4,249;0;0,00;16;10,00;0,000017;...((((.(((....)))))))..(((((...((.....))....((.....))......)))))...
4006;9;0;-4,244;0;0,00;17;22,00;0,000016;...((((.(((....)))))))..(((....(((....(.(..((........)).).)))))))...
4007;9;0;-4,244;0;0,00;13;24,00;0,000016;...((((..((....)).))))..........((.....))..((...))..(.(.(...)).)....
4015;9;0;-4,246;0;0,00;16;22,00;0,000017;...((((.(((....)))))))..(((....(((.(.......((...)).......).))))))...
4065;9;0;-4,231;0;0,00;17;11,00;0,000016;...((((.(((....)))))))..(((((...((.....))..(.((...))..).....)))))...
4068;9;0;-4,231;0;0,00;18;20,00;0,000016;...((((.(((....))))))).((((((........((.(..((........)).).))))))))..
4102;9;0;-4,223;0;0,00;18;17,00;0,000016;...((((.(((....))))))).(((((..((((.....))..((........))..))..)))))..
4125;9;0;-4,226;0;0,00;11;14,00;0,000016;...((((..((....)).))))..(((((...............................)))))...
4176;9;0;-4,211;0;0,00;15;19,00;0,000016;...((((...........)))).((((((...((.....))..(((.....).)).....))))))..
4190;9;0;-4,214;0;0,00;13;17,00;0,000016;...((((.(((....)))))))..((((...............((...))...........))))...
4209;9;0;-4,209;0;0,00;16;14,00;0,000016;...(((..(((....))).)))..(((((...(((...)))..((........)).....)))))...
4215;9;0;-4,210;0;0,00;12;21,00;0,000016;...((((.(((....)))))))..(...)...((.....))..((...))..................
4229;9;0;-4,205;0;0,00;18;17,00;0,000015;...((((..((....)).)))).((((((...(((...)))..(((.....).)).....))))))..
4260;9;0;-4,196;0;0,00;17;12,00;0,000015;...((((.(((....)))))))..(((((...(((...)))..(.(.....)..).....)))))...
4264;9;0;-4,198;0;0,00;12;21,00;0,000015;...((((.(((....)))))))..(...)...((.....)).......((...)).............
4285;9;0;-4,193;0;0,00;15;29,00;0,000015;...((((...........)))).((((....(((.....((..((........))..)))))))))..
4286;9;0;-4,193;0;0,00;20;25,00;0,000015;...((((.(((....))))))).((((....(((.....((..((((...)).))..)))))))))..
4289;9;0;-4,193;0;0,00;11;43,00;0,000015;.(.(..(((((........(((..(...)..)))......)))))..).)..................
4345;9;0;-4,187;0;0,00;16;29,00;0,000015;.(.((((.(((....)))))))..)....(.(((.....((..((........))..))))).)....
4384;9;0;-4,177;0;0,00;12;24,00;0,000015;...((((..((....)).))))..........((.....))..((...))..(.(......).)....
4423;9;0;-4,171;0;0,00;10;24,00;0,000015;...((((.(((....)))))))....(.....)..........((........)).............
4425;9;0;-4,171;0;0,00;16;14,00;0,000015;...((((.((......))))))..(((((...(((...)))..((........)).....)))))...
4427;9;0;-4,171;0;0,00;14;20,00;0,000015;...((((.(((....))))))).((((....(((.........................)))))))..
4433;9;0;-4,164;0;0,00;14;21,00;0,000014;...((((.(((....)))))))....(((...((.....))........)))..(.(...).).....
4469;9;0;-4,161;0;0,00;18;13,00;0,000014;...((((.(((....)))))))..(((((...((.....)).(.(...((...)).).).)))))...
4472;9;0;-4,162;0;0,00;16;22,00;0,000014;...((((.(((....))))))).((((....(((.........((........))....)))))))..
4475;9;0;-4,162;0;0,00;10;25,00;0,000014;.(.((((.(((....)))))))..)..................((........)).............
4489;9;0;-4,158;0;0,00;15;9,00;0,000014;...((((.(((....)))))))..(((((...((.....))..(..........).....)))))...
4490;9;0;-4,158;0;0,00;15;10,00;0,000014;...((((.(((....)))))))..(((((...((.....))..(.....)..........)))))...
4496;9;0;-4,158;0;0,00;19;17,00;0,000014;...((((.(((....)))))))..(((((......(((...)))((..((...)).))..)))))...
4502;9;0;-4,158;0;0,00;13;17,00;0,000014;...((((..((....)).))))..(((((..............((...))..........)))))...
4507;9;0;-4,159;0;0,00;14;25,00;0,000014;...((((.(((....)))))))..........(((...)))..((...)).........((...))..
4549;9;0;-4,150;0;0,00;15;23,00;0,000014;...((((((....))))...))..(((((...((.....))..((........)).....)))))...
4558;9;0;-4,152;0;0,00;13;17,00;0,000014;...((((...........))))..(((((...((.....))..((...))..........)))))...
4561;9;0;-4,152;0;0,00;16;10,00;0,000014;...((((.(((....)))))))..(((((...((.....)).(.(...........).).)))))...
4578;9;0;-4,145;0;0,00;16;14,00;0,000014;...(((..(((....))).))).((((((...((.....))..((........)).....))))))..
4582;9;0;-4,145;0;0,00;16;15,00;0,000014;...((((..((....)).))))..(((((...(((...)))..((...))..........)))))...
4586;9;0;-4,146;0;0,00;15;9,00;0,000014;...((((.(((....)))))))..(((((...((.....)).......(.....).....)))))...
4588;9;0;-4,147;0;0,00;16;19,00;0,000014;...((((.(((....)))))))..((((..((.(.........((........))).))..))))...
4594;9;0;-4,147;0;0,00;14;25,00;0,000014;...((((.(((....)))))))..........(((...))).......((...))....((...))..
4603;9;0;-4,148;0;0,00;19;17,00;0,000014;...((((..((....)).))))..(((((.((((.....))..((((...)).))..)).)))))...
4627;9;0;-4,137;0;0,00;15;21,00;0,000014;...((((((....)))...)))..(((((...((.....))..((........)).....)))))...
4646;9;0;-4,140;0;0,00;13;17,00;0,000014;...((((...........))))..(((((...((.....)).......((...)).....)))))...
4654;9;0;-4,134;0;0,00;16;15,00;0,000014;...((((..((....)).))))..(((((...(((...))).......((...)).....)))))...
4700;9;0;-4,132;0;0,00;17;12,00;0,000014;...((((.(((....))))))).((((((...((.....))..(.(.....)..).....))))))..
17;10;0;-7,828;1;0,00;11;14,00;0,006976;...((((.(((....)))))))......................((((......))))..........
42;10;1;-7,164;0;0,00;10;16,00;0,002275;...((((..((....)).))))......................((((......))))..........
59;10;0;-6,931;0;0,00;8;20,00;0,001536;...((((...........))))......................((((......))))..........
78;10;0;-6,799;0;0,00;12;15,00;0,001230;.(.((((.(((....)))))))..)...................((((......))))..........
102;10;0;-6,656;0;0,00;12;15,00;0,000965;...((((.(((....)))))))......................((((......))))...(....).
159;10;0;-6,376;0;0,00;12;16,00;0,000602;...((((..((....)).))))...((.....))..........((((......))))..........
228;10;0;-6,173;0;0,00;10;16,00;0,000427;...(((..(((....))).)))......................((((......))))..........
240;10;0;-6,144;0;0,00;11;16,00;0,000407;...((((..((....)).))))....(.....)...........((((......))))..........
242;10;0;-6,138;0;0,00;12;18,00;0,000403;...((((..((....)).))))..................(..(((((......)))))..)......
243;10;0;-6,135;0;0,00;10;16,00;0,000401;...((((.((......))))))......................((((......))))..........
244;10;0;-6,135;0;0,00;11;17,00;0,000401;.(.((((..((....)).))))..)...................((((......))))..........
266;10;0;-6,059;0;0,00;13;16,00;0,000352;...((((.(((....)))))))......................((((......)))).((...))..
267;10;0;-6,061;0;0,00;10;16,00;0,000354;...((((.(((....)))))))......................(((........)))..........
279;10;0;-6,028;0;0,00;12;20,00;0,000335;...((((..((....)).)))).......((.....))......((((......))))..........
303;10;0;-5,992;0;0,00;11;17,00;0,000315;...((((..((....)).))))......................((((......))))...(....).
315;10;0;-5,951;0;0,00;12;15,00;0,000294;...((((.(((....)))))))......................((((......))))....(...).
317;10;0;-5,953;0;0,00;12;16,00;0,000295;...((((.(((....)))))))......................((((......)))).(.....)..
327;10;0;-5,927;0;0,00;13;16,00;0,000282;((.((((.(((....)))))))..))..................((((......))))..........
331;10;0;-5,918;0;0,00;12;14,00;0,000278;...((((.(((....)))))))......................((((......))))..(...)...
335;10;0;-5,911;0;0,00;9;20,00;0,000275;...((((...........))))....(.....)...........((((......))))..........
341;10;0;-5,908;0;0,00;13;19,00;0,000273;...((((..((....)).))))................(.(..(((((......)))))..).)....
343;10;0;-5,903;0;0,00;9;21,00;0,000271;.(.((((...........))))..)...................((((......))))..........
344;10;0;-5,906;0;0,00;10;22,00;0,000272;...((((...........))))..................(..(((((......)))))..)......
357;10;0;-5,873;0;0,00;12;20,00;0,000258;...((((..((....)).)))).............((.....))((((......))))..........
387;10;0;-5,815;0;0,00;10;16,00;0,000233;...((((.(((....))))))).......................(((......)))...........
399;10;0;-5,796;0;0,00;10;24,00;0,000226;...((((...........)))).......((.....))......((((......))))..........
412;10;0;-5,781;0;0,00;13;18,00;0,000221;...((((..((....)).)))).................((..(((((......)))))...))....
418;10;0;-5,771;0;0,00;11;17,00;0,000217;...((((..((....)).))))......(......)........((((......))))..........
426;10;0;-5,759;0;0,00;9;21,00;0,000213;...((((...........))))......................((((......))))...(....).
447;10;0;-5,719;0;0,00;13;10,00;0,000199;...((((..((....)).))))..(((.................((((......))))....)))...
458;10;0;-5,714;0;0,00;11;16,00;0,000197;...((((..((....)).))))..(...)...............((((......))))..........
466;10;0;-5,706;0;0,00;14;20,00;0,000194;...((((..((....)).)))).................(((.(((((......)))))....)))..
472;10;0;-5,702;0;0,00;11;16,00;0,000193;...((((..((....)).))))......(...........)...((((......))))..........
490;10;0;-5,675;0;0,00;11;23,00;0,000184;...((((...........))))................(.(..(((((......)))))..).)....
512;10;0;-5,641;0;0,00;10;24,00;0,000174;...((((...........)))).............((.....))((((......))))..........
517;10;0;-5,635;0;0,00;13;22,00;0,000172;...((((..((....)).)))).............(((...)))((((......))))..........
519;10;0;-5,627;0;0,00;13;16,00;0,000170;.(.((((.(((....)))))))..)...................((((......))))...(....).
526;10;0;-5,611;0;0,00;12;16,00;0,000166;...((((.(((....)))))))......................((((.(...)))))..........
527;10;0;-5,611;0;0,00;12;19,00;0,000166;...((((.(((....)))))))......................(((.((...)))))..........
534;10;0;-5,594;0;0,00;12;17,00;0,000161;...((((..((....)).)))).....((...........))..((((......))))..........
589;10;0;-5,539;0;0,00;9;21,00;0,000146;...((((...........))))......(......)........((((......))))..........
599;10;0;-5,526;0;0,00;13;19,00;0,000143;...((((..((....)).))))..................((.(((((......)))))....))...
617;10;0;-5,504;0;0,00;11;14,00;0,000138;...((((..((....)).))))..........(.......)...((((......))))..........
639;10;0;-5,481;0;0,00;9;20,00;0,000133;...((((...........))))..(...)...............((((......))))..........
661;10;0;-5,470;0;0,00;9;20,00;0,000130;...((((...........))))......(...........)...((((......))))..........
666;10;0;-5,471;0;0,00;9;18,00;0,000131;...((((..(......).))))......................((((......))))..........
690;10;0;-5,445;0;0,00;12;16,00;0,000125;...((((.(((....)))))))..............(.....).((((......))))..........
701;10;0;-5,430;0;0,00;13;16,00;0,000122;...((((.(((....)))))))....((..............))((((......))))..........
736;10;0;-5,402;0;0,00;11;26,00;0,000116;...((((...........)))).............(((...)))((((......))))..........
737;10;0;-5,395;0;0,00;12;18,00;0,000115;...((((..((....)).))))......................((((......)))).((...))..
741;10;0;-5,398;0;0,00;9;18,00;0,000115;...((((..((....)).))))......................(((........)))..........
767;10;0;-5,361;0;0,00;10;21,00;0,000109;...((((...........)))).....((...........))..((((......))))..........
771;10;0;-5,358;0;0,00;7;22,00;0,000108;...(((.............)))......................((((......))))..........
808;10;0;-5,339;0;0,00;12;16,00;0,000105;...((((..((....)).)))).................((...((((......))))....))....
810;10;0;-5,332;0;0,00;11;16,00;0,000103;...((((..((....)).))))..(.......)...........((((......))))..........
848;10;0;-5,294;0;0,00;11;23,00;0,000097;...((((...........))))..................((.(((((......)))))....))...
850;10;0;-5,289;0;0,00;11;18,00;0,000096;...((((..((....)).))))......................((((......)))).(.....)..
858;10;0;-5,287;0;0,00;11;17,00;0,000096;...((((..((....)).))))......................((((......))))....(...).
887;10;0;-5,271;0;0,00;9;18,00;0,000093;...((((...........))))..........(.......)...((((......))))..........
899;10;0;-5,264;0;0,00;12;18,00;0,000092;((.((((..((....)).))))..))..................((((......))))..........
904;10;0;-5,255;0;0,00;11;16,00;0,000091;...((((..((....)).))))......................((((......))))..(...)...
945;10;0;-5,230;0;0,00;13;18,00;0,000087;...((((..((....)).)))).................(((..((((......)))).....)))..
975;10;0;-5,204;0;0,00;13;17,00;0,000083;...((((..((....)).))))...((.....))..........((((......))))...(....).
984;10;0;-5,206;0;0,00;13;18,00;0,000084;...((((.(((....)))))))..............((...)).((((......))))..........
988;10;0;-5,202;0;0,00;11;33,00;0,000083;..((((.....)).))...(((.........)))..........((((......))))..........
1001;10;0;-5,191;0;0,00;9;24,00;0,000081;...((((.(((....))))))).....................((........)).............
1002;10;0;-5,184;0;0,00;12;17,00;0,000080;...((((..((....)).)))).((.......))..........((((......))))..........
1004;10;0;-5,186;0;0,00;10;23,00;0,000081;...((((((....))...))))......................((((......))))..........
1031;10;0;-5,165;0;0,00;7;22,00;0,000078;...((((...........))))......................(((........)))..........
1032;10;0;-5,165;0;0,00;12;16,00;0,000078;...((((.(((....)))))))........(.....).......((((......))))..........
1040;10;0;-5,162;0;0,00;10;22,00;0,000078;...((((...........))))......................((((......)))).((...))..
1047;10;0;-5,158;0;0,00;11;18,00;0,000077;...((((..((....)).)))).......(....).........((((......))))..........
1061;10;0;-5,151;0;0,00;9;18,00;0,000076;...((((..((....)).)))).......................(((......)))...........
1064;10;0;-5,145;0;0,00;11;17,00;0,000075;.(.(((..(((....))).)))..)...................((((......))))..........
1106;10;0;-5,118;0;0,00;13;18,00;0,000072;...((((..((....)).))))....(.....).......(..(((((......)))))..)......
1121;10;0;-5,110;0;0,00;13;19,00;0,000071;.(.((((..((....)).))))..)...............(..(((((......)))))..)......
1124;10;0;-5,113;0;0,00;13;19,00;0,000071;...((((..((....)).))))(((.......))).........((((......))))..........
1125;10;0;-5,107;0;0,00;11;17,00;0,000071;.(.((((.((......))))))..)...................((((......))))..........
1137;10;0;-5,098;0;0,00;9;25,00;0,000070;...((((.(((....))))))).....................((...))..................
1139;10;0;-5,099;0;0,00;9;20,00;0,000070;...((((...........))))..(.......)...........((((......))))..........
1150;10;0;-5,086;0;0,00;9;25,00;0,000068;...((((.(((....)))))))..........................((...)).............
1180;10;0;-5,071;0;0,00;12;18,00;0,000067;...((((..((....)).))))..................(..(((((......)))))...).....
1210;10;0;-5,057;0;0,00;9;22,00;0,000065;...((((...........))))......................((((......)))).(.....)..
1222;10;0;-5,055;0;0,00;9;21,00;0,000065;...((((...........))))......................((((......))))....(...).
1229;10;0;-5,050;0;0,00;12;17,00;0,000064;...((((..((....)).))))..................((..((((......)))).....))...
1263;10;0;-5,033;0;0,00;11;17,00;0,000062;.(.((((.(((....)))))))..)...................(((........)))..........
1270;10;0;-5,030;0;0,00;14;17,00;0,000062;.(.((((.(((....)))))))..)...................((((......)))).((...))..
1271;10;0;-5,031;0;0,00;10;22,00;0,000062;((.((((...........))))..))..................((((......))))..........
1283;10;0;-5,022;0;0,00;9;20,00;0,000061;...((((...........))))......................((((......))))..(...)...
1319;10;0;-5,001;0;0,00;11;17,00;0,000059;...(((..(((....))).)))......................((((......))))...(....).
1323;10;0;-5,003;0;0,00;14;22,00;0,000059;...((((..((....)).)))).......((.....))..(..(((((......)))))..)......
1329;10;0;-5,000;0;0,00;13;21,00;0,000059;.(.((((..((....)).))))..)....((.....))......((((......))))..........
1377;10;0;-4,970;0;0,00;10;33,00;0,000056;..((((.....)).))....((.........))...........((((......))))..........
1381;10;0;-4,972;0;0,00;12;17,00;0,000056;...((((..((....)).))))....(.....)...........((((......))))...(....).
1392;10;0;-4,963;0;0,00;11;17,00;0,000055;...((((.((......))))))......................((((......))))...(....).
1393;10;0;-4,963;0;0,00;12;18,00;0,000055;.(.((((..((....)).))))..)...................((((......))))...(....).
1396;10;0;-4,964;0;0,00;12;15,00;0,000056;...((((.(((....)))))))......................((((......)))).(...)....
1404;10;0;-4,953;0;0,00;11;21,00;0,000055;...((((.(((....)))))))......................((..((...)).))..........
1422;10;0;-4,951;0;0,00;10;21,00;0,000054;...((((...........)))).((.......))..........((((......))))..........
1425;10;0;-4,946;0;0,00;11;16,00;0,000054;...((((..((....)).))))..................(...((((......))))...)......
1428;10;0;-4,948;0;0,00;11;18,00;0,000054;...((((..((....)).))))......................((((.(...)))))..........
1429;10;0;-4,948;0;0,00;11;21,00;0,000054;...((((..((....)).))))......................(((.((...)))))..........
1448;10;0;-4,937;0;0,00;12;16,00;0,000053;...((((.(((....)))))))........(......)......((((......))))..........
1455;10;0;-4,932;0;0,00;9;26,00;0,000053;...(((((......)))...))......................((((......))))..........
1467;10;0;-4,923;0;0,00;13;16,00;0,000052;.(.((((.(((....)))))))..)...................((((......))))....(...).
1472;10;0;-4,925;0;0,00;13;17,00;0,000052;.(.((((.(((....)))))))..)...................((((......)))).(.....)..
1474;10;0;-4,925;0;0,00;9;22,00;0,000052;...((((...........)))).......(....).........((((......))))..........
1478;10;0;-4,918;0;0,00;9;24,00;0,000051;...(((((......))...)))......................((((......))))..........
1479;10;0;-4,919;0;0,00;7;22,00;0,000051;...((((...........)))).......................(((......)))...........
1481;10;0;-4,919;0;0,00;14;20,00;0,000051;...((((..((....)).))))...((.....)).((.....))((((......))))..........
1492;10;0;-4,916;0;0,00;12;16,00;0,000051;...((((.(((....)))))))....................(.((((......))))).........
1545;10;0;-4,888;0;0,00;14;19,00;0,000049;...((((..((....)).))))....(.....).....(.(..(((((......)))))..).)....
1552;10;0;-4,889;0;0,00;11;17,00;0,000049;...((((.(((....)))))))......................(((........)))...(....).
1556;10;0;-4,890;0;0,00;13;15,00;0,000049;.(.((((.(((....)))))))..)...................((((......))))..(...)...
1571;10;0;-4,880;0;0,00;14;20,00;0,000048;.(.((((..((....)).))))..).............(.(..(((((......)))))..).)....
1572;10;0;-4,880;0;0,00;11;23,00;0,000048;...((((...........))))(((.......))).........((((......))))..........
1578;10;0;-4,877;0;0,00;11;23,00;0,000048;.(.((((...........))))..)...............(..(((((......)))))..)......
1596;10;0;-4,865;0;0,00;11;18,00;0,000047;...((((..((....)).)))).......(.......)......((((......))))..........
1616;10;0;-4,856;0;0,00;13;21,00;0,000046;...((((..((....)).)))).......((.....))......((((......))))...(....).
1627;10;0;-4,853;0;0,00;13;20,00;0,000046;...((((..((....)).))))....(.....)..((.....))((((......))))..........
1646;10;0;-4,845;0;0,00;13;21,00;0,000045;.(.((((..((....)).))))..)..........((.....))((((......))))..........
1665;10;0;-4,838;0;0,00;10;22,00;0,000045;...((((...........))))..................(..(((((......)))))...).....
1718;10;0;-4,817;0;0,00;10;21,00;0,000043;...((((...........))))..................((..((((......)))).....))...
1733;10;0;-4,816;0;0,00;12;16,00;0,000043;...((((.(((....))))))).........(...........)((((......))))..........
1806;10;0;-4,787;0;0,00;11;17,00;0,000041;.(.((((.(((....)))))))..)....................(((......)))...........
1833;10;0;-4,781;0;0,00;11;18,00;0,000041;...((((..((....)).))))..............(.....).((((......))))..........
1849;10;0;-4,770;0;0,00;12;26,00;0,000040;...((((...........)))).......((.....))..(..(((((......)))))..)......
1859;10;0;-4,766;0;0,00;12;18,00;0,000040;...((((..((....)).))))....((..............))((((......))))..........
1864;10;0;-4,767;0;0,00;12;16,00;0,000040;...((((.(((....)))))))..............(....)..((((......))))..........
1865;10;0;-4,767;0;0,00;11;25,00;0,000040;.(.((((...........))))..)....((.....))......((((......))))..........
1902;10;0;-4,755;0;0,00;14;17,00;0,000039;((.((((.(((....)))))))..))..................((((......))))...(....).
1907;10;0;-4,750;0;0,00;11;22,00;0,000039;...((((..((....)).)))).............((.....)).(((......)))...........
1917;10;0;-4,753;0;0,00;14;19,00;0,000039;.(.((((..((....)).))))..)..............((..(((((......)))))...))....
1923;10;0;-4,747;0;0,00;9;18,00;0,000038;...((((.(((....)))))))......................((..........))..........
1935;10;0;-4,750;0;0,00;13;16,00;0,000039;...((((.(((....)))))))........((............((((......))))....))....
1937;10;0;-4,743;0;0,00;12;18,00;0,000038;.(.((((..((....)).))))..)...(......)........((((......))))..........
1942;10;0;-4,746;0;0,00;13;19,00;0,000038;...((((..((....)).))))......(......)....(..(((((......)))))..)......
1947;10;0;-4,738;0;0,00;9;21,00;0,000038;...((((.(.....)...))))......................((((......))))..........
1949;10;0;-4,739;0;0,00;10;21,00;0,000038;...((((...........))))....(.....)...........((((......))))...(....).
1968;10;0;-4,731;0;0,00;10;22,00;0,000037;.(.((((...........))))..)...................((((......))))...(....).
1984;10;0;-4,723;0;0,00;9;20,00;0,000037;...((((.(.......).))))......................((((......))))..........
2002;10;0;-4,721;0;0,00;11;17,00;0,000037;...((((.(((....)))))))......................(((.(.....))))..........
2008;10;0;-4,715;0;0,00;9;22,00;0,000036;...((((...........))))......................((((.(...)))))..........
2009;10;0;-4,715;0;0,00;9;25,00;0,000036;...((((...........))))......................(((.((...)))))..........
2014;10;0;-4,716;0;0,00;12;17,00;0,000037;...((((..((....)).))))................(.(...((((......))))...).)....
2031;10;0;-4,714;0;0,00;9;20,00;0,000036;...((((...........))))..................(...((((......))))...)......
2067;10;0;-4,701;0;0,00;13;21,00;0,000036;...((((..((....)).)))).............((.....))((((......))))...(....).
2092;10;0;-4,688;0;0,00;13;18,00;0,000035;...((((..((....)).))))..(...)...........(..(((((......)))))..)......
2115;10;0;-4,680;0;0,00;15;22,00;0,000034;...((((..((....)).))))...((.....)).(((...)))((((......))))..........
2119;10;0;-4,683;0;0,00;11;18,00;0,000035;...((((..(......).))))...((.....))..........((((......))))..........
2125;10;0;-4,678;0;0,00;15;21,00;0,000034;.(.((((..((....)).))))..)..............(((.(((((......)))))....)))..
2129;10;0;-4,673;0;0,00;12;15,00;0,000034;..(((((.(((....)))))))..)...................((((......))))..........
2136;10;0;-4,674;0;0,00;12;17,00;0,000034;.(.((((..((....)).))))..)...(...........)...((((......))))..........
2170;10;0;-4,661;0;0,00;15;14,00;0,000033;...((((..((....)).))))..(((..((.....))......((((......))))....)))...
2229;10;0;-4,648;0;0,00;7;22,00;0,000033;...((((.(((....)))))))..............................................
2235;10;0;-4,643;0;0,00;11;17,00;0,000032;...((((.(((....))))))).......................(((......)))....(....).
2264;10;0;-4,629;0;0,00;11;16,00;0,000032;...((((..((....)).))))..................(...((((......))))....).....
2276;10;0;-4,632;0;0,00;9;22,00;0,000032;...((((...........)))).......(.......)......((((......))))..........
2302;10;0;-4,624;0;0,00;11;25,00;0,000031;...((((...........)))).......((.....))......((((......))))...(....).
2320;10;0;-4,620;0;0,00;12;15,00;0,000031;.(.((((.(((....)))))))....).................((((......))))..........
2324;10;0;-4,621;0;0,00;11;24,00;0,000031;...((((...........))))....(.....)..((.....))((((......))))..........
2329;10;0;-4,615;0;0,00;14;22,00;0,000031;...((((..((....)).))))....(.....)..(((...)))((((......))))..........
2338;10;0;-4,610;0;0,00;11;18,00;0,000031;...((((..((....)).))))...((.....))..........(((........)))..........
2351;10;0;-4,612;0;0,00;11;25,00;0,000031;.(.((((...........))))..)..........((.....))((((......))))..........
2361;10;0;-4,606;0;0,00;14;23,00;0,000030;.(.((((..((....)).))))..)..........(((...)))((((......))))..........
2382;10;0;-4,598;0;0,00;13;22,00;0,000030;....(((..((....)).)))((((.......))))........((((......))))..........
2386;10;0;-4,599;0;0,00;12;18,00;0,000030;...((((..((....)).))))......(......)........((((......))))...(....).
2406;10;0;-4,596;0;0,00;14;19,00;0,000030;...((((..((....)).)))).................(((.(((((......))))..)..)))..
2438;10;0;-4,583;0;0,00;13;17,00;0,000029;.(.((((.(((....)))))))..)...................((((.(...)))))..........
2439;10;0;-4,583;0;0,00;13;20,00;0,000029;.(.((((.(((....)))))))..)...................(((.((...)))))..........
2521;10;0;-4,566;0;0,00;13;18,00;0,000028;.(.((((..((....)).))))..)..((...........))..((((......))))..........
2524;10;0;-4,566;0;0,00;9;18,00;0,000028;...((((.(........)))))......................((((......))))..........
2529;10;0;-4,561;0;0,00;12;15,00;0,000028;...((((.(((....))))))).....(.............)..((((......))))..........
2563;10;0;-4,553;0;0,00;12;18,00;0,000028;...((((.(((....))))))).......................(((......)))..((...))..
2575;10;0;-4,548;0;0,00;9;22,00;0,000028;...((((...........))))..............(.....).((((......))))..........
2609;10;0;-4,542;0;0,00;12;17,00;0,000027;...((((..((....)).))))..(...)...............((((......))))...(....).
2612;10;0;-4,542;0;0,00;12;20,00;0,000027;...((((..((....)).))))..............((...)).((((......))))..........
2632;10;0;-4,533;0;0,00;10;22,00;0,000027;...((((...........))))....((..............))((((......))))..........
2646;10;0;-4,528;0;0,00;13;17,00;0,000027;...((((.(((....)))))))................(....(((((......)))))....)....
2663;10;0;-4,530;0;0,00;12;17,00;0,000027;...((((..((....)).))))......(...........)...((((......))))...(....).
2688;10;0;-4,527;0;0,00;14;12,00;0,000027;...((((..((....)).))))..(((................(((((......)))))...)))...
2689;10;0;-4,527;0;0,00;8;26,00;0,000027;...((((..((....)).)))).....................((........)).............
2700;10;0;-4,521;0;0,00;12;15,00;0,000026;...((((.(((....))))))).(...)................((((......))))..........
2714;10;0;-4,518;0;0,00;9;26,00;0,000026;...((((...........)))).............((.....)).(((......)))...........
2731;10;0;-4,513;0;0,00;11;23,00;0,000026;...((((...........))))......(......)....(..(((((......)))))..)......
2744;10;0;-4,515;0;0,00;14;20,00;0,000026;...((((..((....)).))))......(......)..(.(..(((((......)))))..).)....
2761;10;0;-4,510;0;0,00;10;22,00;0,000026;.(.((((...........))))..)...(......)........((((......))))..........
2767;10;0;-4,511;0;0,00;12;24,00;0,000026;...((((..((....)).)))).............(((...))).(((......)))...........
2775;10;0;-4,506;0;0,00;15;14,00;0,000026;...((((..((....)).))))..(((........((.....))((((......))))....)))...
2776;10;0;-4,506;0;0,00;14;19,00;0,000026;...((((..((....)).))))....(.....).......((.(((((......)))))....))...
2788;10;0;-4,501;0;0,00;13;18,00;0,000025;...((((..((....)).))))...((.....))..........((((......)))).(.....)..
2789;10;0;-4,501;0;0,00;11;18,00;0,000025;...((((..((....)).))))........(.....).......((((......))))..........
2810;10;0;-4,498;0;0,00;14;20,00;0,000025;.(.((((..((....)).))))..)...............((.(((((......)))))....))...
2812;10;0;-4,499;0;0,00;10;25,00;0,000025;...((((.(((....))))))).....................(((.....).)).............
2815;10;0;-4,499;0;0,00;13;17,00;0,000025;...((((..((....)).))))...((.....))..........((((......))))....(...).
2859;10;0;-4,480;0;0,00;9;18,00;0,000025;...(((..((......)).)))......................((((......))))..........
2874;10;0;-4,483;0;0,00;10;21,00;0,000025;...((((...........))))................(.(...((((......))))...).)....
2908;10;0;-4,476;0;0,00;12;15,00;0,000024;.(.((((..((....)).))))..).......(.......)...((((......))))..........
2916;10;0;-4,469;0;0,00;11;25,00;0,000024;...((((...........)))).............((.....))((((......))))...(....).
2923;10;0;-4,471;0;0,00;12;15,00;0,000024;...((((.(((....)))))))................(.....((((......)))).....)....
2933;10;0;-4,466;0;0,00;12;15,00;0,000024;...((((.(((....)))))))....(................)((((......))))..........
2934;10;0;-4,467;0;0,00;13;16,00;0,000024;...((((..((....)).))))...((.....))..........((((......))))..(...)...
2953;10;0;-4,463;0;0,00;14;23,00;0,000024;...((((..((....)).)))).............(((...)))((((......))))...(....).
2967;10;0;-4,458;0;0,00;14;19,00;0,000024;...((((..((....)).))))..(...).........(.(..(((((......)))))..).)....
2995;10;0;-4,451;0;0,00;12;15,00;0,000023;...((((.(((....)))))))...(...........)......((((......))))..........
2998;10;0;-4,451;0;0,00;10;18,00;0,000023;...((((..(......).))))....(.....)...........((((......))))..........
3006;10;0;-4,445;0;0,00;11;20,00;0,000023;...((((..(......).))))..................(..(((((......)))))..)......
3009;10;0;-4,447;0;0,00;11;18,00;0,000023;...((((.(((....))))))).......................(((......)))..(.....)..
3024;10;0;-4,443;0;0,00;10;19,00;0,000023;.(.((((..(......).))))..)...................((((......))))..........
3036;10;0;-4,439;0;0,00;13;17,00;0,000023;...((((.(((....)))))))......................((((.(...)))))...(....).
3037;10;0;-4,439;0;0,00;13;20,00;0,000023;...((((.(((....)))))))......................(((.((...)))))...(....).
3048;10;0;-4,441;0;0,00;10;21,00;0,000023;.(.((((...........))))..)...(...........)...((((......))))..........
3049;10;0;-4,434;0;0,00;8;27,00;0,000023;...((((..((....)).)))).....................((...))..................
3082;10;0;-4,422;0;0,00;13;18,00;0,000022;...((((..((....)).)))).....((...........))..((((......))))...(....).
3088;10;0;-4,423;0;0,00;8;27,00;0,000022;...((((..((....)).))))..........................((...)).............
3091;10;0;-4,423;0;0,00;13;20,00;0,000022;...((((..((....)).))))..(...)......((.....))((((......))))..........
3111;10;0;-4,420;0;0,00;11;16,00;0,000022;...((((..((....)).))))...(.......)..........((((......))))..........
3129;10;0;-4,416;0;0,00;13;17,00;0,000022;.(.((((.(((....)))))))..)...........(.....).((((......))))..........
3131;10;0;-4,416;0;0,00;13;18,00;0,000022;...((((..((....)).))))..................((.(((((......))))..)..))...
3148;10;0;-4,412;0;0,00;13;17,00;0,000022;...((((.(((....)))))))........((............((((......))))......))..
3164;10;0;-4,407;0;0,00;9;18,00;0,000022;...(((..(((....))).)))......................(((........)))..........
3185;10;0;-4,404;0;0,00;12;18,00;0,000022;...(((..(((....))).)))......................((((......)))).((...))..
3217;10;0;-4,397;0;0,00;9;20,00;0,000021;...((((...........))))..................(...((((......))))....).....
3219;10;0;-4,397;0;0,00;11;18,00;0,000021;...((((.(((....)))))))......................(((..(...).)))..........
3232;10;0;-4,391;0;0,00;15;23,00;0,000021;...((((..((....)).)))).......((.....))..((.(((((......)))))....))...
3260;10;0;-4,388;0;0,00;14;19,00;0,000021;...((((..((....)).))))......(......)...((..(((((......)))))...))....
3311;10;0;-4,382;0;0,00;12;26,00;0,000021;...((((...........))))....(.....)..(((...)))((((......))))..........
3329;10;0;-4,377;0;0,00;10;18,00;0,000021;...((((..((....)).))))....(.....)...........(((........)))..........
3337;10;0;-4,372;0;0,00;11;20,00;0,000020;...((((..((....)).))))..................(..((((........))))..)......
3341;10;0;-4,374;0;0,00;12;27,00;0,000021;.(.((((...........))))..)..........(((...)))((((......))))..........
3348;10;0;-4,375;0;0,00;13;18,00;0,000021;...((((..((....)).))))....(.....)...........((((......)))).((...))..
3353;10;0;-4,369;0;0,00;9;18,00;0,000020;...((((.((......))))))......................(((........)))..........
3355;10;0;-4,369;0;0,00;10;19,00;0,000020;.(.((((..((....)).))))..)...................(((........)))..........
3367;10;0;-4,366;0;0,00;12;18,00;0,000020;...((((.((......))))))......................((((......)))).((...))..
3370;10;0;-4,367;0;0,00;13;19,00;0,000020;.(.((((..((....)).))))..)...................((((......)))).((...))..
3371;10;0;-4,367;0;0,00;10;22,00;0,000020;...((((...........))))......(......)........((((......))))...(....).
3397;10;0;-4,363;0;0,00;11;18,00;0,000020;...((((..((....)).))))...((.....))...........(((......)))...........
3458;10;0;-4,346;0;0,00;9;18,00;0,000020;...((((...(....)..))))......................((((......))))..........
3483;10;0;-4,338;0;0,00;8;22,00;0,000019;...(((.............)))....(.....)...........((((......))))..........
3488;10;0;-4,332;0;0,00;9;24,00;0,000019;...(((.............)))..................(..(((((......)))))..)......
3507;10;0;-4,336;0;0,00;11;22,00;0,000019;...((((..(......).)))).......((.....))......((((......))))..........
3515;10;0;-4,329;0;0,00;8;23,00;0,000019;.(.(((.............)))..)...................((((......))))..........
3525;10;0;-4,331;0;0,00;14;18,00;0,000019;...((((..((....)).))))..(...)..........((..(((((......)))))...))....
3530;10;0;-4,332;0;0,00;12;15,00;0,000019;...((((..((....)).))))..........(.......)...((((......))))...(....).
3596;10;0;-4,314;0;0,00;15;21,00;0,000019;...((((..((....)).))))......(......)...(((.(((((......)))))....)))..
3608;10;0;-4,309;0;0,00;10;21,00;0,000018;...((((...........))))..(...)...............((((......))))...(....).
3609;10;0;-4,309;0;0,00;10;16,00;0,000018;....(((.(((....)))))).......................((((......))))..........
3612;10;0;-4,309;0;0,00;10;24,00;0,000018;...((((...........))))..............((...)).((((......))))..........
3621;10;0;-4,311;0;0,00;13;17,00;0,000018;.(.((((..((....)).))))..)..............((...((((......))))....))....
3637;10;0;-4,306;0;0,00;12;18,00;0,000018;...((((.(((....)))))))....((..............)).(((......)))...........
3638;10;0;-4,306;0;0,00;13;18,00;0,000018;...((((..((....)).))))..(.......).......(..(((((......)))))..)......
3650;10;0;-4,301;0;0,00;13;21,00;0,000018;...((((..((....)).))))......((.............(((((......)))))......)).
3670;10;0;-4,298;0;0,00;10;21,00;0,000018;...((((...........))))......(...........)...((((......))))...(....).
3675;10;0;-4,299;0;0,00;11;18,00;0,000018;...(((..(((....))).)))......................((((......)))).(.....)..
3680;10;0;-4,299;0;0,00;10;19,00;0,000018;...((((..(......).))))......................((((......))))...(....).
3685;10;0;-4,300;0;0,00;11;17,00;0,000018;...((((..((....)).))))......................((((......)))).(...)....
3689;10;0;-4,294;0;0,00;6;30,00;0,000018;...((((...........)))).....................((........)).............
3692;10;0;-4,294;0;0,00;11;26,00;0,000018;...((((.(((....))))))).....................((((...)).)).............
3706;10;0;-4,297;0;0,00;11;17,00;0,000018;...(((..(((....))).)))......................((((......))))....(...).
3711;10;0;-4,290;0;0,00;10;23,00;0,000018;...((((..((....)).))))......................((..((...)).))..........
3725;10;0;-4,291;0;0,00;9;22,00;0,000018;...((((.(((....)))))))................................(.(...).).....
3732;10;0;-4,292;0;0,00;12;18,00;0,000018;...((((.(((....)))))))......................(((........))).((...))..
3762;10;0;-4,283;0;0,00;13;17,00;0,000018;...((((.(((....)))))))....................((((((......)))))....)....
3781;10;0;-4,278;0;0,00;12;16,00;0,000017;...((((.(((....))))))).....................(((((......))))........).
3789;10;0;-4,279;0;0,00;10;28,00;0,000017;...((((...........)))).............(((...))).(((......)))...........
3848;10;0;-4,273;0;0,00;13;17,00;0,000017;...((((.(((....)))))))..............(.....).((((......))))...(....).
3851;10;0;-4,273;0;0,00;12;18,00;0,000017;((.(((..(((....))).)))..))..................((((......))))..........
3856;10;0;-4,273;0;0,00;11;18,00;0,000017;...((((..((....)).))))........(......)......((((......))))..........
3864;10;0;-4,267;0;0,00;16;16,00;0,000017;...((((..((....)).))))..(((........(((...)))((((......))))....)))...
3865;10;0;-4,267;0;0,00;12;17,00;0,000017;...((((..((....)).))))....(.....)...........((((......))))....(...).
3874;10;0;-4,269;0;0,00;9;22,00;0,000017;...((((...........))))........(.....).......((((......))))..........
3878;10;0;-4,269;0;0,00;12;18,00;0,000017;...((((..((....)).))))....(.....)...........((((......)))).(.....)..
3884;10;0;-4,262;0;0,00;11;22,00;0,000017;...((((..((....)).)))).......((.....))......(((........)))..........
3892;10;0;-4,264;0;0,00;11;16,00;0,000017;...(((..(((....))).)))......................((((......))))..(...)...
3909;10;0;-4,258;0;0,00;11;17,00;0,000017;...((((.((......))))))......................((((......))))....(...).
3911;10;0;-4,259;0;0,00;12;18,00;0,000017;.(.((((..((....)).))))..)...................((((......))))....(...).
3916;10;0;-4,259;0;0,00;14;22,00;0,000017;...((((..((....)).)))).......((.....))......((((......)))).((...))..
3920;10;0;-4,260;0;0,00;12;15,00;0,000017;...((((.(((....))))))).....................(((((......))))..).......
3924;10;0;-4,260;0;0,00;11;18,00;0,000017;...((((.((......))))))......................((((......)))).(.....)..
3929;10;0;-4,261;0;0,00;12;19,00;0,000017;.(.((((..((....)).))))..)...................((((......)))).(.....)..
3951;10;0;-4,258;0;0,00;14;17,00;0,000017;...((((.(((....)))))))....((..............))((((......))))...(....).
3954;10;0;-4,250;0;0,00;10;31,00;0,000017;...((((..((....)).)))).............((.....))....((...)).............
3961;10;0;-4,252;0;0,00;11;18,00;0,000017;...((((..((....)).))))....................(.((((......))))).........
3972;10;0;-4,247;0;0,00;9;31,00;0,000017;....((.....))......(((.........)))..........((((......))))..........
4001;10;0;-4,243;0;0,00;10;19,00;0,000016;.(.((((...........))))..).......(.......)...((((......))))..........
4009;10;0;-4,244;0;0,00;12;19,00;0,000016;...((((..((....)).))))......((..............((((......)))).......)).
4033;10;0;-4,242;0;0,00;9;22,00;0,000016;...(((((......)...))))......................((((......))))..........
4040;10;0;-4,235;0;0,00;12;16,00;0,000016;...((((..((....)).))))....(.....)...........((((......))))..(...)...
4042;10;0;-4,235;0;0,00;12;18,00;0,000016;((.((((.((......))))))..))..................((((......))))..........
4060;10;0;-4,238;0;0,00;14;20,00;0,000016;((.((((..((....)).))))..))..............(..(((((......)))))..)......
4071;10;0;-4,232;0;0,00;12;15,00;0,000016;...((((.(((....))))))).........(............((((......))))......)...
4100;10;0;-4,230;0;0,00;12;27,00;0,000016;...((((...........)))).............(((...)))((((......))))...(....).
4118;10;0;-4,225;0;0,00;12;15,00;0,000016;...((((.(((....))))))).....(..........).....((((......))))..........
4119;10;0;-4,226;0;0,00;10;19,00;0,000016;...((((..((....)).))))......................(((........)))...(....).
4121;10;0;-4,226;0;0,00;11;16,00;0,000016;...((((.((......))))))......................((((......))))..(...)...
4124;10;0;-4,226;0;0,00;12;17,00;0,000016;.(.((((..((....)).))))..)...................((((......))))..(...)...
4151;10;0;-4,222;0;0,00;9;26,00;0,000016;...(((.............))).......((.....))......((((......))))..........
4156;10;0;-4,215;0;0,00;12;21,00;0,000016;...((((..(......).))))................(.(..(((((......)))))..).)....
4167;10;0;-4,217;0;0,00;12;16,00;0,000016;...((((.(((....)))))))...............(...)..((((......))))..........
4182;10;0;-4,213;0;0,00;12;16,00;0,000016;...((((.(((....)))))))................(.....((((......))))).........
4246;10;0;-4,201;0;0,00;14;19,00;0,000015;.(.((((..((....)).))))..)..............(((..((((......)))).....)))..
4247;10;0;-4,201;0;0,00;6;31,00;0,000015;...((((...........)))).....................((...))..................
4259;10;0;-4,196;0;0,00;8;23,00;0,000015;...((((.(((....)))))))..........................(.....).............
4272;10;0;-4,199;0;0,00;13;19,00;0,000015;...((((..((....)).)))).........((...(.....).((((......))))..))......
4310;10;0;-4,190;0;0,00;6;31,00;0,000015;...((((...........))))..........................((...)).............
4317;10;0;-4,191;0;0,00;11;24,00;0,000015;...((((...........))))..(...)......((.....))((((......))))..........
4327;10;0;-4,184;0;0,00;14;22,00;0,000015;...((((..((....)).))))..(...)......(((...)))((((......))))..........
4328;10;0;-4,185;0;0,00;11;17,00;0,000015;...((((.(((....)))))))......................(((........)))....(...).
4335;10;0;-4,186;0;0,00;8;23,00;0,000015;...(((.............)))......................((((......))))...(....).
4340;10;0;-4,187;0;0,00;11;18,00;0,000015;...((((.(((....)))))))......................(((........))).(.....)..
4344;10;0;-4,187;0;0,00;9;20,00;0,000015;...((((...........))))...(.......)..........((((......))))..........
4355;10;0;-4,181;0;0,00;11;22,00;0,000015;...((((..(......).)))).............((.....))((((......))))..........
4381;10;0;-4,177;0;0,00;8;32,00;0,000015;..((((.....)).))............................((((......))))..........
4386;10;0;-4,177;0;0,00;14;19,00;0,000015;.(.((((.(((....)))))))..)...........((...)).((((......))))..........
4410;10;0;-4,168;0;0,00;13;18,00;0,000014;...((((..((....)).))))..(..((...........)).)((((......))))..........
4460;10;0;-4,161;0;0,00;9;18,00;0,000014;...(((..(((....))).))).......................(((......)))...........
4468;10;0;-4,161;0;0,00;12;18,00;0,000014;((.((((.(((....)))))))..))..................(((........)))..........
4478;10;0;-4,163;0;0,00;15;22,00;0,000014;...((((..((....)).)))).......((.....)).((..(((((......)))))...))....
4487;10;0;-4,157;0;0,00;11;24,00;0,000014;.(.((((((....))...))))..)...................((((......))))..........
4493;10;0;-4,158;0;0,00;13;27,00;0,000014;...((((...........)))).......((.....))..((.(((((......)))))....))...
4512;10;0;-4,159;0;0,00;13;18,00;0,000014;...((((..((....)).))))...((.....))..........((((.(...)))))..........
4513;10;0;-4,159;0;0,00;13;21,00;0,000014;...((((..((....)).))))...((.....))..........(((.((...)))))..........
4519;10;0;-4,160;0;0,00;12;17,00;0,000014;...((((..((....)).))))..(.......)...........((((......))))...(....).
4531;10;0;-4,154;0;0,00;13;22,00;0,000014;...((((..((....)).)))).......((.....))......((((......)))).(.....)..
4547;10;0;-4,150;0;0,00;12;15,00;0,000014;...((((.(((....)))))))..(..................)((((......))))..........
4560;10;0;-4,152;0;0,00;13;21,00;0,000014;...((((..((....)).)))).......((.....))......((((......))))....(...).
4564;10;0;-4,152;0;0,00;11;18,00;0,000014;...((((..((....)).)))).........(...........)((((......))))..........
4570;10;0;-4,152;0;0,00;11;16,00;0,000014;...((((.(((....)))))))......................(((........)))..(...)...
4574;10;0;-4,145;0;0,00;8;22,00;0,000014;...((((...........))))....(.....)...........(((........)))..........
4576;10;0;-4,145;0;0,00;14;19,00;0,000014;((.((((..((....)).))))..)).((...........))..((((......))))..........
4608;10;0;-4,142;0;0,00;12;21,00;0,000014;...((((..((....)).))))................(.(..((((........))))..).)....
4639;10;0;-4,139;0;0,00;9;24,00;0,000014;...((((...........))))..................(..((((........))))..)......
4651;10;0;-4,134;0;0,00;14;20,00;0,000014;...((((..((....)).))))......(......)....((.(((((......)))))....))...
4655;10;0;-4,134;0;0,00;11;23,00;0,000014;.(.((((...........))))..)...................((((......)))).((...))..
4671;10;0;-4,137;0;0,00;8;23,00;0,000014;.(.((((...........))))..)...................(((........)))..........
4672;10;0;-4,137;0;0,00;13;17,00;0,000014;.(.((((.(((....)))))))..).....(.....).......((((......))))..........
4679;10;0;-4,129;0;0,00;12;19,00;0,000014;.(.((((..((....)).))))..)....(....).........((((......))))..........
4693;10;0;-4,131;0;0,00;10;18,00;0,000014;...((((..((....)).))))....(.....)............(((......)))...........
4698;10;0;-4,132;0;0,00;13;20,00;0,000014;...((((..((....)).)))).......(....).....(..(((((......)))))..)......
4719;10;0;-4,128;0;0,00;14;22,00;0,000014;((.((((..((....)).))))..))...((.....))......((((......))))..........
320;11;0;-5,938;1;0,00;18;21,00;0,000287;...((((.(((....))))))).((((((.((.(.((...............)).).)).))))))..
560;11;0;-5,577;0;0,00;16;21,00;0,000156;...((((..((....)).))))..(((((.((.(.((...............)).).)).)))))...
793;11;0;-5,344;0;0,00;14;25,00;0,000105;...((((...........))))..(((((.((.(.((...............)).).)).)))))...
871;11;0;-5,274;0;0,00;17;23,00;0,000094;...((((..((....)).)))).((((((.((.(.((...............)).).)).))))))..
974;11;0;-5,203;0;0,00;20;22,00;0,000083;...((((.(((....))))))).((((((.((.(.((...((....))....)).).)).))))))..
1247;11;1;-5,041;0;0,00;15;27,00;0,000063;...((((...........)))).((((((.((.(.((...............)).).)).))))))..
1656;11;0;-4,842;0;0,00;18;22,00;0,000045;...((((..((....)).))))..(((((.((.(.((...((....))....)).).)).)))))...
1678;11;0;-4,834;0;0,00;12;21,00;0,000045;...((((...........))))..(((((.((.(.....................).)).)))))...
1769;11;0;-4,802;0;0,00;15;27,00;0,000042;...((((...........))))..(((((.((.((((.............)))..).)).)))))...
1883;11;0;-4,764;0;0,00;15;19,00;0,000040;...((((..((....)).)))).((((((.((.(.....................).)).))))))..
1901;11;0;-4,755;0;0,00;17;23,00;0,000039;...((((.(((....))))))).(((((..((.(.((...............)).).))..)))))..
2058;11;0;-4,706;0;0,00;15;27,00;0,000036;...((((...........))))..(((((.((.(.(((.............))).).)).)))))...
2148;11;0;-4,670;0;0,00;11;21,00;0,000034;...((((...........))))..(((((.((.........................)).)))))...
2262;11;0;-4,636;0;0,00;18;25,00;0,000032;...((((..((....)).)))).((((((.((.(.(((.............))).).)).))))))..
2339;11;0;-4,610;0;0,00;16;26,00;0,000031;...((((...........))))..(((((.((.(.((...((....))....)).).)).)))))...
2572;11;0;-4,548;0;0,00;16;21,00;0,000027;...((((.((......))))))..(((((.((.(.((...............)).).)).)))))...
2598;11;0;-4,540;0;0,00;19;24,00;0,000027;...((((..((....)).)))).((((((.((.(.((...((....))....)).).)).))))))..
2626;11;0;-4,531;0;0,00;13;23,00;0,000027;...((((...........)))).((((((.((.(.....................).)).))))))..
2750;11;0;-4,509;0;0,00;16;21,00;0,000026;...((((...........)))).((((((.((((.....))..((........))..)).))))))..
2818;11;0;-4,500;0;0,00;16;29,00;0,000025;...((((...........)))).((((((.((.((((.............)))..).)).))))))..
2842;11;0;-4,490;0;0,00;20;24,00;0,000025;...((((.(((....))))))).((((((.((.(.((......((...))..)).).)).))))))..
3003;11;0;-4,453;0;0,00;17;28,00;0,000023;...((((...........))))..(((((.((.((((...((....))..)))..).)).)))))...
3069;11;0;-4,433;0;0,00;14;23,00;0,000023;...((((...........))))..(((((.((.(.........((........))).)).)))))...
3182;11;0;-4,404;0;0,00;16;29,00;0,000022;...((((...........)))).((((((.((.(.(((.............))).).)).))))))..
3246;11;0;-4,394;0;0,00;15;23,00;0,000021;...((((..((....)).))))..((((..((.(.((...............)).).))..))))...
3320;11;0;-4,375;0;0,00;13;24,00;0,000021;...((((...........))))..(((((.((...........((...)).......)).)))))...
3372;11;0;-4,367;0;0,00;12;23,00;0,000020;...((((...........)))).((((((.((.........................)).))))))..
3396;11;0;-4,363;0;0,00;17;21,00;0,000020;...((((..((....)).)))).((((((.((.(.........((........))).)).))))))..
3402;11;0;-4,357;0;0,00;17;28,00;0,000020;...((((...........))))..(((((.((.(.(((..((....))...))).).)).)))))...
3521;11;0;-4,331;0;0,00;16;28,00;0,000019;...((((...........))))..(((((.(((((((.............)))))..)).)))))...
3619;11;0;-4,311;0;0,00;13;23,00;0,000018;...((((...........))))..(((((.((.(.(.................).).)).)))))...
3642;11;0;-4,307;0;0,00;17;28,00;0,000018;...((((...........)))).((((((.((.(.((...((....))....)).).)).))))))..
3653;11;0;-4,302;0;0,00;14;27,00;0,000018;...((((...........))))..(((((.((..(((.............)))....)).)))))...
3743;11;0;-4,287;0;0,00;20;26,00;0,000018;...((((..((....)).)))).((((((.((.(.(((..((....))...))).).)).))))))..
3752;11;0;-4,289;0;0,00;16;32,00;0,000018;...((((((....))))...))..(((((.((.(.((...............)).).)).)))))...
3766;11;0;-4,283;0;0,00;17;23,00;0,000018;...(((..(((....))).))).((((((.((.(.((...............)).).)).))))))..
3773;11;0;-4,284;0;0,00;17;19,00;0,000018;...((((.(((....))))))).((((((..(.(.((...............)).).)..))))))..
3816;11;0;-4,275;0;0,00;16;30,00;0,000017;...((((((....)))...)))..(((((.((.(.((...............)).).)).)))))...
3834;11;0;-4,270;0;0,00;17;23,00;0,000017;...((((...........)))).((((((.(((((...)))..((........))..)).))))))..
3959;11;0;-4,251;0;0,00;14;24,00;0,000017;...((((...........))))..(((((.((.(.........((...)).....).)).)))))...
3998;11;0;-4,243;0;0,00;14;25,00;0,000016;...((((...........))))..(((((.((.(((...............))..).)).)))))...
4012;11;0;-4,245;0;0,00;17;23,00;0,000016;...((((.((......)))))).((((((.((.(.((...............)).).)).))))))..
4030;11;0;-4,241;0;0,00;16;21,00;0,000016;...((((..((....)).)))).((((((.((.(.(.................).).)).))))))..
4360;11;0;-4,181;0;0,00;17;22,00;0,000015;...((((..((....)).)))).((((((.((.(.........((...)).....).)).))))))..
4393;11;0;-4,173;0;0,00;17;23,00;0,000015;...((((..((....)).)))).((((((.((.(((...............))..).)).))))))..
4465;11;0;-4,161;0;0,00;13;27,00;0,000014;...((((...........))))..((((..((.(.((...............)).).))..))))...
4546;11;0;-4,150;0;0,00;18;30,00;0,000014;...((((...........)))).((((((.((.((((...((....))..)))..).)).))))))..
4571;11;0;-4,152;0;0,00;14;25,00;0,000014;...((((...........))))..(((((.((.(.((.............))...).)).)))))...
4684;11;0;-4,130;0;0,00;15;25,00;0,000014;...((((...........)))).((((((.((.(.........((........))).)).))))))..
4722;11;0;-4,129;0;0,00;18;24,00;0,000014;...((((..((....)).))))..(((((.((.(.((......((...))..)).).)).)))))...
202;12;0;-6,240;1;0,00;17;19,00;0,000479;...((((.(((....)))))))..(((((.((.(.((...............)).).)).)))))...
438;12;0;-5,736;0;0,00;14;30,00;0,000204;...((((.(((....)))))))....(((..((..((.....))..)).)))................
444;12;0;-5,730;0;0,00;15;15,00;0,000202;...((((.(((....)))))))..(((((.((.(.....................).)).)))))...
476;12;0;-5,699;0;0,00;18;21,00;0,000192;...((((.(((....)))))))..(((((.((.((((.............)))..).)).)))))...
531;12;0;-5,603;0;0,00;18;21,00;0,000163;...((((.(((....)))))))..(((((.((.(.(((.............))).).)).)))))...
566;12;0;-5,566;0;0,00;14;15,00;0,000153;...((((.(((....)))))))..(((((.((.........................)).)))))...
619;12;0;-5,506;0;0,00;19;20,00;0,000139;...((((.(((....)))))))..(((((.((.(.((...((....))....)).).)).)))))...
624;12;0;-5,497;0;0,00;15;32,00;0,000136;...((((.(((....)))))))....(((..((..(((...)))..)).)))................
700;12;0;-5,428;0;0,00;16;17,00;0,000121;...((((.(((....))))))).((((((.((.(.....................).)).))))))..
739;12;0;-5,396;0;0,00;19;23,00;0,000115;...((((.(((....))))))).((((((.((.((((.............)))..).)).))))))..
753;12;0;-5,380;0;0,00;10;25,00;0,000112;...((((.(((....)))))))....(((....................)))................
757;12;0;-5,379;0;0,00;16;30,00;0,000112;...((((.(((....)))))))....(((..((..((.....))..)).)))..(.(...).).....
788;12;0;-5,349;0;0,00;20;22,00;0,000106;...((((.(((....)))))))..(((((.((.((((...((....))..)))..).)).)))))...
845;12;0;-5,300;0;0,00;19;23,00;0,000098;...((((.(((....))))))).((((((.((.(.(((.............))).).)).))))))..
889;12;0;-5,272;0;0,00;16;18,00;0,000093;...((((.(((....)))))))..(((((.((...........((...)).......)).)))))...
898;12;0;-5,263;0;0,00;15;17,00;0,000092;...((((.(((....))))))).((((((.((.........................)).))))))..
916;12;0;-5,253;0;0,00;20;22,00;0,000090;...((((.(((....)))))))..(((((.((.(.(((..((....))...))).).)).)))))...
943;12;0;-5,227;0;0,00;19;22,00;0,000087;...((((.(((....)))))))..(((((.(((((((.............)))))..)).)))))...
960;12;0;-5,216;0;0,00;16;16,00;0,000085;...((((.(((....)))))))..(((((.((........((....)).........)).)))))...
970;12;0;-5,207;0;0,00;16;17,00;0,000084;...((((.(((....)))))))..(((((.((.(.(.................).).)).)))))...
991;12;0;-5,198;0;0,00;17;21,00;0,000082;...((((.(((....)))))))..(((((.((..(((.............)))....)).)))))...
1045;12;0;-5,163;0;0,00;12;29,00;0,000078;...((((.(((....)))))))....(((......((.....)).....)))................
1070;12;0;-5,148;0;0,00;17;18,00;0,000076;...((((.(((....)))))))..(((((.((.(.........((...)).....).)).)))))...
1075;12;0;-5,139;0;0,00;17;19,00;0,000075;...((((.(((....)))))))..(((((.((.(((...............))..).)).)))))...
1078;12;0;-5,140;0;0,00;17;32,00;0,000075;...((((.(((....)))))))....(((..((..(((...)))..)).)))..(.(...).).....
1147;12;0;-5,092;0;0,00;17;16,00;0,000069;...((((.(((....)))))))..(((((.((.(......((....)).......).)).)))))...
1183;12;0;-5,072;0;0,00;13;32,00;0,000067;...((((..((....)).))))....(((..((..((.....))..)).)))................
1188;12;0;-5,067;0;0,00;14;17,00;0,000066;...((((..((....)).))))..(((((.((.(.....................).)).)))))...
1213;12;0;-5,057;0;0,00;16;21,00;0,000065;...((((.(((....)))))))..((((..((.(.((...............)).).))..))))...
1224;12;1;-5,049;0;0,00;17;19,00;0,000064;...((((.(((....)))))))..(((((.((.(.((.............))...).)).)))))...
1242;12;0;-5,046;0;0,00;21;24,00;0,000064;...((((.(((....))))))).((((((.((.((((...((....))..)))..).)).))))))..
1267;12;0;-5,035;0;0,00;17;23,00;0,000063;...((((..((....)).))))..(((((.((.((((.............)))..).)).)))))...
1284;12;0;-5,023;0;0,00;12;25,00;0,000061;...((((.(((....)))))))....(((....................)))..(.(...).).....
1297;12;0;-5,013;0;0,00;20;24,00;0,000060;...((((.(((....)))))))..(((((.((.((((......((...)))))..).)).)))))...
1349;12;0;-4,987;0;0,00;15;30,00;0,000058;...((((.(((....)))))))....(((..((..((.....))..)).)))....(...).......
1375;12;0;-4,969;0;0,00;17;20,00;0,000056;...((((.(((....))))))).((((((.((...........((...)).......)).))))))..
1382;12;0;-4,972;0;0,00;11;26,00;0,000056;...((((.(((....)))))))....(((..(...............).)))................
1420;12;0;-4,950;0;0,00;21;24,00;0,000054;...((((.(((....))))))).((((((.((.(.(((..((....))...))).).)).))))))..
1427;12;0;-4,947;0;0,00;13;30,00;0,000054;...((((.(((....)))))))....(((..(...((.....))...).)))................
1442;12;0;-4,939;0;0,00;17;23,00;0,000053;...((((..((....)).))))..(((((.((.(.(((.............))).).)).)))))...
1471;12;0;-4,924;0;0,00;20;24,00;0,000052;...((((.(((....))))))).((((((.(((((((.............)))))..)).))))))..
1473;12;0;-4,925;0;0,00;13;31,00;0,000052;...((((.(((....)))))))....(((......(((...))).....)))................
1490;12;0;-4,915;0;0,00;16;19,00;0,000051;...((((.(((....)))))))..(((((.((...((...............))...)).)))))...
1499;12;0;-4,914;0;0,00;17;18,00;0,000051;...((((.(((....))))))).((((((.((........((....)).........)).))))))..
1511;12;0;-4,905;0;0,00;17;19,00;0,000050;...((((.(((....))))))).((((((.((.(.(.................).).)).))))))..
1521;12;0;-4,902;0;0,00;16;11,00;0,000050;...((((.(((....)))))))..(((((.((((.....))................)).)))))...
1523;12;0;-4,902;0;0,00;13;17,00;0,000050;...((((..((....)).))))..(((((.((.........................)).)))))...
1525;12;0;-4,895;0;0,00;18;23,00;0,000049;...((((.(((....))))))).((((((.((..(((.............)))....)).))))))..
1579;12;0;-4,877;0;0,00;21;23,00;0,000048;...((((.(((....)))))))..(((((.(((((((...((....))..)))))..)).)))))...
1626;12;0;-4,852;0;0,00;17;18,00;0,000046;...((((.(((....)))))))..(((((.((.(..............((...))).)).)))))...
1631;12;0;-4,848;0;0,00;19;22,00;0,000046;...((((.(((....)))))))..(((((.((..(((...((....))..)))....)).)))))...
1644;12;0;-4,845;0;0,00;15;18,00;0,000045;...((((.(((....)))))))..(((((.....(((.............))).......)))))...
1645;12;0;-4,845;0;0,00;18;20,00;0,000045;...((((.(((....))))))).((((((.((.(.........((...)).....).)).))))))..
1661;12;0;-4,836;0;0,00;18;21,00;0,000045;...((((.(((....))))))).((((((.((.(((...............))..).)).))))))..
1667;12;0;-4,839;0;0,00;11;36,00;0,000045;...((((...........))))....(((..((..((.....))..)).)))................
1676;12;0;-4,833;0;0,00;14;34,00;0,000045;...((((..((....)).))))....(((..((..(((...)))..)).)))................
1728;12;0;-4,814;0;0,00;17;19,00;0,000043;...((((.(((....)))))))..(((((.((........(..((...)).).....)).)))))...
1734;12;0;-4,816;0;0,00;18;22,00;0,000043;...((((.(((....)))))))..(((((.((.((((.............))))...)).)))))...
1759;12;0;-4,807;0;0,00;14;29,00;0,000043;...((((.(((....)))))))....(((......((.....)).....)))..(.(...).).....
1796;12;0;-4,790;0;0,00;18;18,00;0,000041;...((((.(((....))))))).((((((.((.(......((....)).......).)).))))))..
1803;12;0;-4,793;0;0,00;19;22,00;0,000042;...((((.(((....)))))))..(((((.((.(.((......((...))..)).).)).)))))...
1928;12;0;-4,748;0;0,00;16;32,00;0,000039;...((((.(((....)))))))....(((..((..(((...)))..)).)))....(...).......
1946;12;0;-4,746;0;0,00;18;21,00;0,000038;...((((.(((....))))))).((((((.((.(.((.............))...).)).))))))..
1971;12;0;-4,732;0;0,00;18;25,00;0,000038;...((((..((....)).)))).((((((.((.((((.............)))..).)).))))))..
1998;12;0;-4,720;0;0,00;16;30,00;0,000037;...((((.(((....)))))))....(((..((..((.....))..)).)))..((.......))...
2004;12;0;-4,722;0;0,00;19;13,00;0,000037;...((((.(((....)))))))..(((((.((...((.....)).(((......))))).)))))...
2010;12;0;-4,715;0;0,00;15;32,00;0,000036;...((((..((....)).))))....(((..((..((.....))..)).)))..(.(...).).....
2015;12;0;-4,716;0;0,00;9;27,00;0,000037;...((((..((....)).))))....(((....................)))................
2038;12;0;-4,709;0;0,00;14;32,00;0,000036;...((((.(((....)))))))....(((..(...(((...)))...).)))................
2045;12;0;-4,710;0;0,00;21;26,00;0,000036;...((((.(((....))))))).((((((.((.((((......((...)))))..).)).))))))..
2080;12;0;-4,699;0;0,00;19;20,00;0,000035;...((((.(((....)))))))..(((((.((.(.((...((....))..))...).)).)))))...
2084;12;0;-4,692;0;0,00;20;23,00;0,000035;...((((.(((....)))))))..(((((.((.(.((...(..((...)).))).).)).)))))...
2105;12;0;-4,685;0;0,00;19;24,00;0,000035;...((((..((....)).))))..(((((.((.((((...((....))..)))..).)).)))))...
2122;12;0;-4,676;0;0,00;13;30,00;0,000034;...((((.(((....))))))).........((((((.............)))......)))......
2127;12;0;-4,679;0;0,00;17;19,00;0,000034;...((((.(((....)))))))..(((((...(((((.............))))).....)))))...
2167;12;0;-4,667;0;0,00;18;20,00;0,000034;...((((.(((....)))))))..(((((.((((((...............))))..)).)))))...
2173;12;0;-4,663;0;0,00;17;13,00;0,000033;...((((.(((....)))))))..(((((.(((((...)))................)).)))))...
2241;12;0;-4,638;0;0,00;18;18,00;0,000032;...((((.(((....)))))))..(((((.((.(.........(((.....).))).)).)))))...
2245;12;0;-4,638;0;0,00;16;19,00;0,000032;...((((.(((....)))))))..(((((.((..((...............))....)).)))))...
2273;12;0;-4,632;0;0,00;11;25,00;0,000032;...((((.(((....)))))))....(((....................)))....(...).......
2332;12;0;-4,615;0;0,00;13;26,00;0,000031;...((((.(((....)))))))....(((..(...............).)))..(.(...).).....
2349;12;0;-4,612;0;0,00;17;21,00;0,000031;...((((.(((....))))))).((((((.((...((...............))...)).))))))..
2368;12;0;-4,608;0;0,00;15;20,00;0,000030;...((((..((....)).))))..(((((.((...........((...)).......)).)))))...
2383;12;0;-4,598;0;0,00;19;22,00;0,000030;...((((.(((....)))))))..(((((.((.(.(((..(.......)..))).).)).)))))...
2388;12;0;-4,600;0;0,00;17;13,00;0,000030;...((((.(((....))))))).((((((.((((.....))................)).))))))..
2389;12;0;-4,600;0;0,00;14;19,00;0,000030;...((((..((....)).)))).((((((.((.........................)).))))))..
2392;12;0;-4,600;0;0,00;12;38,00;0,000030;...((((...........))))....(((..((..(((...)))..)).)))................
2414;12;0;-4,591;0;0,00;15;30,00;0,000030;...((((.(((....)))))))....(((..(...((.....))...).)))..(.(...).).....
2425;12;0;-4,586;0;0,00;16;21,00;0,000029;...(((..(((....))).)))..(((((.((.(.((...............)).).)).)))))...
2426;12;0;-4,587;0;0,00;16;17,00;0,000029;...((((.(((....)))))))..(((((..(.(.((...............)).).)..)))))...
2433;12;0;-4,589;0;0,00;19;24,00;0,000029;...((((..((....)).))))..(((((.((.(.(((..((....))...))).).)).)))))...
2456;12;0;-4,579;0;0,00;12;26,00;0,000029;...((((.(((....)))))))....(((..((.............)).)))................
2470;12;0;-4,575;0;0,00;22;25,00;0,000029;...((((.(((....))))))).((((((.(((((((...((....))..)))))..)).))))))..
2500;12;0;-4,568;0;0,00;15;31,00;0,000028;...((((.(((....)))))))....(((......(((...))).....)))..(.(...).).....
2513;12;0;-4,563;0;0,00;18;24,00;0,000028;...((((..((....)).))))..(((((.(((((((.............)))))..)).)))))...
2514;12;0;-4,564;0;0,00;15;31,00;0,000028;...((((.(((....)))))))....(((..((..((.....))..)).))).........(....).
2561;12;0;-4,552;0;0,00;15;18,00;0,000028;...((((..((....)).))))..(((((.((........((....)).........)).)))))...
2571;12;0;-4,548;0;0,00;14;17,00;0,000027;...((((.(((....)))))))..((((..((.(.....................).))..))))...
2580;12;0;-4,549;0;0,00;18;20,00;0,000028;...((((.(((....))))))).((((((.((.(..............((...))).)).))))))..
2584;12;0;-4,543;0;0,00;15;19,00;0,000027;...((((..((....)).))))..(((((.((.(.(.................).).)).)))))...
2594;12;0;-4,546;0;0,00;20;24,00;0,000027;...((((.(((....))))))).((((((.((..(((...((....))..)))....)).))))))..
2605;12;0;-4,541;0;0,00;21;25,00;0,000027;...((((.(((....)))))))..(((((.(((((((......((...)))))))..)).)))))...
2610;12;0;-4,542;0;0,00;16;20,00;0,000027;...((((.(((....))))))).((((((.....(((.............))).......))))))..
2637;12;0;-4,534;0;0,00;16;23,00;0,000027;...((((..((....)).))))..(((((.((..(((.............)))....)).)))))...
2674;12;0;-4,524;0;0,00;18;22,00;0,000026;...((((.(((....)))))))..(((((.((...((.....))....((...))..)).)))))...
2706;12;0;-4,516;0;0,00;17;23,00;0,000026;...((((.(((....)))))))..((((..((.((((.............)))..).))..))))...
2725;12;0;-4,512;0;0,00;18;21,00;0,000026;...((((.(((....))))))).((((((.((........(..((...)).).....)).))))))..
2726;12;0;-4,512;0;0,00;19;24,00;0,000026;...((((.(((....)))))))..(((((.((..(((......((...)))))....)).)))))...
2734;12;0;-4,513;0;0,00;19;24,00;0,000026;...((((.(((....))))))).((((((.((.((((.............))))...)).))))))..
2819;12;0;-4,500;0;0,00;11;31,00;0,000025;...((((..((....)).))))....(((......((.....)).....)))................
2830;12;0;-4,495;0;0,00;17;19,00;0,000025;...((((.(((....)))))))..(((((.....(((...((....))..))).......)))))...
2839;12;0;-4,489;0;0,00;16;17,00;0,000025;...((((.(((....)))))))..(((((.((.(.(...............)...).)).)))))...
2866;12;0;-4,481;0;0,00;17;32,00;0,000025;...((((.(((....)))))))....(((..((..(((...)))..)).)))..((.......))...
2872;12;0;-4,483;0;0,00;20;15,00;0,000025;...((((.(((....)))))))..(((((.((...(((...))).(((......))))).)))))...
2876;12;0;-4,484;0;0,00;7;31,00;0,000025;...((((...........))))....(((....................)))................
2878;12;0;-4,484;0;0,00;16;20,00;0,000025;...((((..((....)).))))..(((((.((.(.........((...)).....).)).)))))...
2899;12;0;-4,473;0;0,00;16;32,00;0,000024;...((((.(((....)))))))....(((..((..((.....))..)).))).......((...))..
2905;12;0;-4,475;0;0,00;16;21,00;0,000024;...((((..((....)).))))..(((((.((.(((...............))..).)).)))))...
2912;12;0;-4,476;0;0,00;16;34,00;0,000024;...((((..((....)).))))....(((..((..(((...)))..)).)))..(.(...).).....
2932;12;0;-4,466;0;0,00;20;23,00;0,000024;...((((.(((....)))))))..(((((.((.((((...((....))..))))...)).)))))...
3015;12;0;-4,448;0;0,00;16;19,00;0,000023;...((((.(((....)))))))..(((((....((((.............))))......)))))...
3026;12;0;-4,444;0;0,00;14;19,00;0,000023;...((((.(((....)))))))..(((....(((.(.....................).))))))...
3070;12;0;-4,433;0;0,00;19;19,00;0,000023;...((((.(((....)))))))..(((((.((.(.........((((...)).))).)).)))))...
3080;12;0;-4,428;0;0,00;16;18,00;0,000022;...((((..((....)).))))..(((((.((.(......((....)).......).)).)))))...
3108;12;0;-4,419;0;0,00;20;15,00;0,000022;...((((.(((....))))))).((((((.((...((.....)).(((......))))).))))))..
3112;12;0;-4,420;0;0,00;17;23,00;0,000022;...((((.(((....)))))))..((((..((.(.(((.............))).).))..))))...
3125;12;0;-4,415;0;0,00;13;29,00;0,000022;...((((.(((....)))))))....(((......((.....)).....)))....(...).......
3146;12;0;-4,411;0;0,00;14;30,00;0,000022;...((((.(((....)))))))....(((..((..((.....)).).).)))................
3209;12;0;-4,402;0;0,00;18;19,00;0,000022;...((((.(((....)))))))..(((((.((.(......(..((...)).)...).)).)))))...
3216;12;0;-4,396;0;0,00;20;22,00;0,000021;...((((.(((....))))))).((((((.((.(.((...((....))..))...).)).))))))..
3231;12;0;-4,391;0;0,00;18;19,00;0,000021;...((((.(((....)))))))..(((((.((.(.((...(......)....)).).)).)))))...
3262;12;0;-4,389;0;0,00;21;25,00;0,000021;...((((.(((....))))))).((((((.((.(.((...(..((...)).))).).)).))))))..
3273;12;0;-4,383;0;0,00;13;17,00;0,000021;...((((.(((....)))))))..((((..((.........................))..))))...
3278;12;0;-4,385;0;0,00;16;21,00;0,000021;...((((..((....)).))))..(((((.((.(.((.............))...).)).)))))...
3310;12;0;-4,382;0;0,00;15;17,00;0,000021;...((((.(((....)))))))..(((((.((...........(.....).......)).)))))...
3316;12;0;-4,383;0;0,00;20;26,00;0,000021;...((((..((....)).)))).((((((.((.((((...((....))..)))..).)).))))))..
3324;12;0;-4,376;0;0,00;18;21,00;0,000021;...((((.(((....))))))).((((((...(((((.............))))).....))))))..
3349;12;0;-4,368;0;0,00;15;32,00;0,000020;...((((.(((....)))))))....(((..((..((.....))..)).))).......(.....)..
3362;12;0;-4,364;0;0,00;12;25,00;0,000020;...((((.(((....)))))))....(((....................)))..((.......))...
3364;12;0;-4,365;0;0,00;19;22,00;0,000020;...((((.(((....))))))).((((((.((((((...............))))..)).))))))..
3374;12;0;-4,359;0;0,00;11;27,00;0,000020;...((((..((....)).))))....(((....................)))..(.(...).).....
3380;12;0;-4,361;0;0,00;18;15,00;0,000020;...((((.(((....))))))).((((((.(((((...)))................)).))))))..
3393;12;0;-4,363;0;0,00;19;22,00;0,000020;...((((.(((....)))))))..(((((.((.(.((......((...))))...).)).)))))...
3411;12;0;-4,352;0;0,00;16;32,00;0,000020;...((((.(((....)))))))....(((..(...(((...)))...).)))..(.(...).).....
3433;12;0;-4,349;0;0,00;19;26,00;0,000020;...((((..((....)).))))..(((((.((.((((......((...)))))..).)).)))))...
3464;12;0;-4,346;0;0,00;16;17,00;0,000020;...((((.(((....)))))))..(((((.((.(..(...............)..).)).)))))...
3467;12;0;-4,347;0;0,00;15;31,00;0,000020;...((((.(((....)))))))..(.(((..((..((.....))..)).))).)..............
3495;12;0;-4,334;0;0,00;15;20,00;0,000019;...((((.(((....)))))))..(((....(((.((...................)).))))))...
3503;12;0;-4,335;0;0,00;19;20,00;0,000019;...((((.(((....))))))).((((((.((.(.........(((.....).))).)).))))))..
3508;12;0;-4,336;0;0,00;17;21,00;0,000019;...((((.(((....))))))).((((((.((..((...............))....)).))))))..
3534;12;0;-4,325;0;0,00;16;33,00;0,000019;...((((.(((....)))))))....(((..((..(((...)))..)).))).........(....).
3565;12;0;-4,323;0;0,00;18;22,00;0,000019;...((((.(((....)))))))..((((..((.(.((...((....))....)).).))..))))...
3569;12;0;-4,324;0;0,00;14;32,00;0,000019;...((((..((....)).))))....(((..((..((.....))..)).)))....(...).......
3622;12;0;-4,311;0;0,00;16;24,00;0,000018;...((((.(((....)))))))..(((....((((((.............)))......))))))...
3631;12;0;-4,305;0;0,00;16;22,00;0,000018;...((((..((....)).)))).((((((.((...........((...)).......)).))))))..
3645;12;0;-4,308;0;0,00;10;28,00;0,000018;...((((..((....)).))))....(((..(...............).)))................
3698;12;0;-4,296;0;0,00;20;24,00;0,000018;...((((.(((....))))))).((((((.((.(.(((..(.......)..))).).)).))))))..
3768;12;0;-4,284;0;0,00;12;32,00;0,000018;...((((..((....)).))))....(((..(...((.....))...).)))................
3777;12;0;-4,285;0;0,00;19;24,00;0,000018;...((((.(((....)))))))..(((((.((...(((...)))....((...))..)).)))))...
3778;12;0;-4,285;0;0,00;14;16,00;0,000018;...((((.(((....)))))))..(((((.....((...............)).......)))))...
3831;12;0;-4,277;0;0,00;17;21,00;0,000017;...((((.(((....)))))))..(((((.((...(((.............)))...)).)))))...
3866;12;0;-4,267;0;0,00;9;35,00;0,000017;...((((...........))))....(((......((.....)).....)))................
3886;12;0;-4,262;0;0,00;16;21,00;0,000017;...((((.(((....)))))))..((((....(((((.............)))))......))))...
3928;12;0;-4,261;0;0,00;19;26,00;0,000017;...((((..((....)).)))).((((((.(((((((.............)))))..)).))))))..
3930;12;0;-4,261;0;0,00;12;33,00;0,000017;...((((..((....)).))))....(((......(((...))).....)))................
3944;12;0;-4,256;0;0,00;17;20,00;0,000017;...((((.(((....)))))))..(((((.((.(((...............)))...)).)))))...
3950;12;0;-4,257;0;0,00;16;17,00;0,000017;...((((.(((....)))))))..(((((.((.(.........(.....).....).)).)))))...
3958;12;0;-4,251;0;0,00;15;21,00;0,000017;...((((..((....)).))))..(((((.((...((...............))...)).)))))...
3970;12;0;-4,247;0;0,00;18;20,00;0,000017;...((((.(((....)))))))..(((((..((((((.............))))).)...)))))...
4011;12;0;-4,245;0;0,00;15;19,00;0,000016;...((((.(((....))))))).(((((..((.(.....................).))..)))))..
4019;12;0;-4,238;0;0,00;15;13,00;0,000016;...((((..((....)).))))..(((((.((((.....))................)).)))))...
4020;12;0;-4,238;0;0,00;22;27,00;0,000016;...((((.(((....))))))).((((((.(((((((......((...)))))))..)).))))))..
4039;12;0;-4,235;0;0,00;17;34,00;0,000016;...((((.(((....)))))))....(((..((..(((...)))..)).))).......((...))..
4069;12;0;-4,232;0;0,00;17;25,00;0,000016;...((((..((....)).)))).((((((.((..(((.............)))....)).))))))..
4078;12;0;-4,234;0;0,00;19;21,00;0,000016;...((((.(((....)))))))..(((((.((.((((...(......)..)))..).)).)))))...
4083;12;0;-4,227;0;0,00;14;16,00;0,000016;...((((.(((....)))))))..(((((......((.....))................)))))...
4089;12;0;-4,228;0;0,00;18;20,00;0,000016;...((((.(((....)))))))..(((((.((.(.((...(.......)...)).).)).)))))...
4104;12;0;-4,223;0;0,00;12;26,00;0,000016;...((((.(((....)))))))....(((..(...............).)))....(...).......
4143;12;0;-4,221;0;0,00;19;24,00;0,000016;...((((.(((....))))))).((((((.((...((.....))....((...))..)).))))))..
4185;12;0;-4,213;0;0,00;18;25,00;0,000016;...((((.(((....))))))).(((((..((.((((.............)))..).))..)))))..
4189;12;0;-4,213;0;0,00;20;25,00;0,000016;...((((..((....)).))))..(((((.(((((((...((....))..)))))..)).)))))...
4198;12;0;-4,208;0;0,00;11;26,00;0,000015;...((((.(((....)))))))....(((....................))).........(....).
4212;12;0;-4,209;0;0,00;20;26,00;0,000016;...((((.(((....))))))).((((((.((..(((......((...)))))....)).))))))..
4273;12;0;-4,199;0;0,00;14;30,00;0,000015;...((((.(((....)))))))....(((..(...((.....))...).)))....(...).......
4279;12;0;-4,192;0;0,00;18;21,00;0,000015;...((((.(((....))))))).((((((.....(((...((....))..))).......))))))..
4299;12;0;-4,188;0;0,00;16;20,00;0,000015;...((((..((....)).))))..(((((.((.(..............((...))).)).)))))...
4316;12;0;-4,191;0;0,00;16;12,00;0,000015;...((((.(((....)))))))..(((((......((.....))((..........))..)))))...
4318;12;0;-4,191;0;0,00;15;31,00;0,000015;...((((.(((....)))))))....(((..((..((.....))..)).))).....(........).
4326;12;0;-4,184;0;0,00;18;24,00;0,000015;...((((..((....)).))))..(((((.((..(((...((....))..)))....)).)))))...
4338;12;0;-4,186;0;0,00;17;19,00;0,000015;...((((.(((....))))))).((((((.((.(.(...............)...).)).))))))..
4343;12;0;-4,187;0;0,00;16;11,00;0,000015;...((((.(((....)))))))..(((((.((.............((........)))).)))))...
4350;12;0;-4,180;0;0,00;21;17,00;0,000015;...((((.(((....))))))).((((((.((...(((...))).(((......))))).))))))..
4352;12;0;-4,180;0;0,00;18;20,00;0,000015;...((((.(((....)))))))..(((((.((...((...((....))....))...)).)))))...
4357;12;0;-4,181;0;0,00;14;20,00;0,000015;...((((..((....)).))))..(((((.....(((.............))).......)))))...
4365;12;0;-4,182;0;0,00;20;22,00;0,000015;...((((.(((....)))))))..(((((.((.(.(((..((....))..).)).).)).)))))...
4377;12;0;-4,176;0;0,00;14;31,00;0,000015;...((((.(((....)))))))....(((......(((...))).....)))....(...).......
4383;12;0;-4,177;0;0,00;14;16,00;0,000015;...((((.(((....)))))))..(((((......((...............))......)))))...
4394;12;0;-4,173;0;0,00;15;32,00;0,000015;...((((.(((....)))))))....(((..((..(((...))).).).)))................
4447;12;0;-4,166;0;0,00;19;24,00;0,000014;...((((.(((....)))))))..((((..((.((((...((....))..)))..).))..))))...
4481;12;0;-4,163;0;0,00;21;25,00;0,000014;...((((.(((....))))))).((((((.((.((((...((....))..))))...)).))))))..
4504;12;0;-4,159;0;0,00;17;21,00;0,000014;...((((.(((....)))))))..(((((.....(((......((...))))).......)))))...
4518;12;0;-4,160;0;0,00;18;21,00;0,000014;...((((.(((....)))))))..(((((.(.(((((.............)))))...).)))))...
4551;12;0;-4,151;0;0,00;16;21,00;0,000014;...((((..((....)).))))..(((((.((........(..((...)).).....)).)))))...
4565;12;0;-4,152;0;0,00;17;24,00;0,000014;...((((..((....)).))))..(((((.((.((((.............))))...)).)))))...
4583;12;0;-4,145;0;0,00;17;21,00;0,000014;...((((.(((....))))))).((((((....((((.............))))......))))))..
4602;12;0;-4,148;0;0,00;14;29,00;0,000014;...((((.(((....)))))))....(((......((.....)).....)))..((.......))...
4605;12;0;-4,141;0;0,00;15;21,00;0,000014;...((((.(((....))))))).((((....(((.(.....................).)))))))..
4615;12;0;-4,143;0;0,00;18;24,00;0,000014;...((((.(((....)))))))..((((.(.((((((.............))))).).)..))))...
4617;12;0;-4,143;0;0,00;13;31,00;0,000014;...((((..((....)).))))....(((......((.....)).....)))..(.(...).).....
4631;12;0;-4,138;0;0,00;19;21,00;0,000014;...((((.(((....)))))))..(((((.((.(.(((..(......)...))).).)).)))))...
4642;12;0;-4,140;0;0,00;14;20,00;0,000014;...((((.(((....)))))))..((((......(((.............)))........))))...
4658;12;0;-4,135;0;0,00;14;31,00;0,000014;...((((.(((....))))))).......(.((((((.............)))......))).)....
4661;12;0;-4,135;0;0,00;17;23,00;0,000014;...((((.(((....)))))))..(((....(((.((......((...))......)).))))))...
4681;12;0;-4,130;0;0,00;20;25,00;0,000014;...((((.(((....)))))))..(((((.((.((((......((...))))))...)).)))))...
4685;12;0;-4,130;0;0,00;20;21,00;0,000014;...((((.(((....))))))).((((((.((.(.........((((...)).))).)).))))))..
4724;12;0;-4,129;0;0,00;16;34,00;0,000014;...((((.(((....)))))))....(((..((..(((...)))..)).))).......(.....)..
