StructID;ClusterID;ClosestToCenter;Energy;LowEne;AptaMat;Bp;MfeDist;Probability;Structure
6;1;1;-8,054;1;0,00;12;37,00;0,013027;.......(((.(..(((((........(((.........)))......)))))..).))).......
13;1;0;-7,796;0;0,00;13;41,00;0,008436;.......(((.(..(((((..........((((.......))))....)))))..).))).......
24;1;0;-7,460;0;0,00;13;37,00;0,004782;.......(((.((.(((((........(((.........)))......))))).)).))).......
35;1;0;-7,203;0;0,00;14;41,00;0,003097;.......(((.((.(((((..........((((.......))))....))))).)).))).......
48;1;0;-7,084;0;0,00;14;41,00;0,002534;.......(((.(..(((((..((....(((.........))).))...)))))..).))).......
70;1;0;-6,856;0;0,00;13;39,00;0,001725;.......(((.(..(((((........(((..(...)..)))......)))))..).))).......
83;1;0;-6,779;0;0,00;14;39,00;0,001515;.......(((.(..(((((.....((.(((.........)))..))..)))))..).))).......
95;1;0;-6,663;0;0,00;14;39,00;0,001244;.....(((((.(..(((((........(((.........)))......)))))..).)))....)).
97;1;0;-6,652;0;0,00;12;40,00;0,001222;.......(((.(..(((((..........(((.........)))....)))))..).))).......
114;1;0;-6,573;0;0,00;14;40,00;0,001070;...((..(((.(..(((((........(((.........)))......)))))..).))).))....
121;1;0;-6,539;0;0,00;12;37,00;0,001010;.......(((.(..(((((.....(((.............))).....)))))..).))).......
130;1;0;-6,490;0;0,00;15;41,00;0,000930;.......(((.((.(((((..((....(((.........))).))...))))).)).))).......
132;1;0;-6,486;0;0,00;12;37,00;0,000924;.......(((.((..((((........(((.........)))......))))..)).))).......
141;1;0;-6,447;0;0,00;14;42,00;0,000865;.......(((.(..(((((...(.....)((((.......))))....)))))..).))).......
144;1;0;-6,427;0;0,00;9;36,00;0,000836;.......(((.(..(((((.............................)))))..).))).......
149;1;0;-6,405;0;0,00;15;43,00;0,000806;.....(((((.(..(((((..........((((.......))))....)))))..).)))....)).
169;1;0;-6,316;0;0,00;15;44,00;0,000693;...((..(((.(..(((((..........((((.......))))....)))))..).))).))....
173;1;0;-6,299;0;0,00;14;42,00;0,000673;.......(((.(..(((((...(...)..((((.......))))....)))))..).))).......
177;1;0;-6,262;0;0,00;14;39,00;0,000633;.......(((.((.(((((........(((..(...)..)))......))))).)).))).......
195;1;0;-6,233;0;0,00;13;37,00;0,000603;.......(((.((.(((((........(((.........)))......)))))).).))).......
196;1;0;-6,229;0;0,00;13;41,00;0,000598;.......(((.((..((((..........((((.......))))....))))..)).))).......
201;1;0;-6,218;0;0,00;13;39,00;0,000588;.......(((.(..(((((..(.....(((.........)))...)..)))))..).))).......
210;1;0;-6,186;0;0,00;15;39,00;0,000556;.......(((.((.(((((.....((.(((.........)))..))..))))).)).))).......
228;1;0;-6,124;0;0,00;11;37,00;0,000501;.......(((.(..(((((.........((.........)).......)))))..).))).......
246;1;0;-6,068;0;0,00;13;38,00;0,000456;.......(((.(..(((((.....(..(((.........)))..)...)))))..).))).......
247;1;0;-6,069;0;0,00;15;39,00;0,000457;.....(((((.((.(((((........(((.........)))......))))).)).)))....)).
250;1;0;-6,065;0;0,00;14;41,00;0,000454;.......(((.(..(((((..((.(((.............)))))...)))))..).))).......
254;1;0;-6,058;0;0,00;13;40,00;0,000449;.......(((.((.(((((..........(((.........)))....))))).)).))).......
286;1;0;-5,979;0;0,00;15;40,00;0,000393;...((..(((.((.(((((........(((.........)))......))))).)).))).))....
290;1;0;-5,976;0;0,00;14;41,00;0,000390;.......(((.((.(((((..........((((.......))))....)))))).).))).......
304;1;0;-5,945;0;0,00;13;37,00;0,000371;.......(((.((.(((((.....(((.............))).....))))).)).))).......
327;1;0;-5,902;0;0,00;15;41,00;0,000344;....((((((.(..(((((........(((.........)))......)))))..).)))....)))
333;1;0;-5,886;0;0,00;15;43,00;0,000335;.......(((.(..(((((..((....(((..(...)..))).))...)))))..).))).......
336;1;0;-5,881;0;0,00;13;38,00;0,000333;.......(((.(..(((((......(.(((.........)))).....)))))..).))).......
354;1;0;-5,853;0;0,00;15;42,00;0,000317;.......(((.((.(((((...(.....)((((.......))))....))))).)).))).......
358;1;0;-5,833;0;0,00;10;36,00;0,000307;.......(((.((.(((((.............................))))).)).))).......
367;1;0;-5,811;0;0,00;16;43,00;0,000296;.....(((((.((.(((((..........((((.......))))....))))).)).)))....)).
389;1;0;-5,764;0;0,00;13;39,00;0,000273;.......(((.(..(((((..(..(((.............)))..)..)))))..).))).......
427;1;0;-5,722;0;0,00;16;44,00;0,000254;...((..(((.((.(((((..........((((.......))))....))))).)).))).))....
429;1;0;-5,718;0;0,00;11;36,00;0,000253;.......(((.(..(((((........((...........))......)))))..).))).......
439;1;0;-5,705;0;0,00;15;42,00;0,000247;.......(((.((.(((((...(...)..((((.......))))....))))).)).))).......
444;1;0;-5,692;0;0,00;16;43,00;0,000242;.....(((((.(..(((((..((....(((.........))).))...)))))..).)))....)).
470;1;0;-5,654;0;0,00;12;40,00;0,000227;.......(((.(..(((((...........(((.......))).....)))))..).))).......
472;1;0;-5,650;0;0,00;14;38,00;0,000225;......((((((..(((((........(((.........)))......)))))...))....)))).
473;1;0;-5,651;0;0,00;13;38,00;0,000226;...(...(((.(..(((((........(((.........)))......)))))..).)))..)....
480;1;0;-5,644;0;0,00;16;45,00;0,000223;....((((((.(..(((((..........((((.......))))....)))))..).)))....)))
493;1;0;-5,624;0;0,00;14;39,00;0,000216;.......(((.((.(((((..(.....(((.........)))...)..))))).)).))).......
494;1;0;-5,617;0;0,00;15;45,00;0,000213;.......(((.(..(((((..((......((((.......))))))..)))))..).))).......
495;1;0;-5,618;0;0,00;14;46,00;0,000214;.......(((.(..(((((.(((...........)))((.....))..)))))..).))).......
505;1;0;-5,603;0;0,00;16;44,00;0,000208;...((..(((.(..(((((..((....(((.........))).))...)))))..).))).))....
513;1;0;-5,591;0;0,00;15;43,00;0,000204;.......(((.(..(((((.....((...((((.......))))))..)))))..).))).......
521;1;0;-5,581;0;0,00;15;41,00;0,000201;.......(((.(..(((((.....((.(((..(...)..)))..))..)))))..).))).......
526;1;0;-5,569;0;0,00;12;35,00;0,000196;......((((....(((((........(((.........)))......))))).........)))).
534;1;0;-5,553;0;0,00;11;40,00;0,000191;.......(((.(..(((((.................((....))....)))))..).))).......
549;1;0;-5,533;0;0,00;14;42,00;0,000185;.......(((.(..(((((........(.((((.......)))).)..)))))..).))).......
557;1;0;-5,530;0;0,00;12;37,00;0,000184;.......(((.((.(((((.........((.........)).......))))).)).))).......
560;1;0;-5,516;0;0,00;14;41,00;0,000180;.......(((.((..((((..((....(((.........))).))...))))..)).))).......
584;1;0;-5,494;0;0,00;11;40,00;0,000173;.......(((.(..(((((..((....................))...)))))..).))).......
600;1;0;-5,474;0;0,00;14;38,00;0,000168;.......(((.((.(((((.....(..(((.........)))..)...))))).)).))).......
607;1;0;-5,471;0;0,00;15;41,00;0,000167;.......(((.((.(((((..((.(((.............)))))...))))).)).))).......
617;1;0;-5,465;0;0,00;15;41,00;0,000165;.....(((((.(..(((((........(((..(...)..)))......)))))..).)))....)).
629;1;0;-5,447;0;0,00;13;40,00;0,000160;.......(((.(..(((((..((..((.............)).))...)))))..).))).......
680;1;0;-5,391;0;0,00;10;33,00;0,000146;.........(.(..(((((........(((.........)))......)))))..).).........
682;1;0;-5,393;0;0,00;15;42,00;0,000146;......((((((..(((((..........((((.......))))....)))))...))....)))).
685;1;0;-5,393;0;0,00;14;42,00;0,000146;...(...(((.(..(((((..........((((.......))))....)))))..).)))..)....
686;1;0;-5,388;0;0,00;16;41,00;0,000145;.....(((((.(..(((((.....((.(((.........)))..))..)))))..).)))....)).
694;1;0;-5,379;0;0,00;13;39,00;0,000143;.....(.(((.(..(((((........(((.........)))......)))))..).))).).....
696;1;0;-5,375;0;0,00;15;42,00;0,000142;...((..(((.(..(((((........(((..(...)..)))......)))))..).))).))....
700;1;0;-5,372;0;0,00;11;39,00;0,000141;.......(((.(..(((((..........((...........))....)))))..).))).......
702;1;0;-5,375;0;0,00;11;38,00;0,000142;.......(((.(..(((((..............((.....))......)))))..).))).......
728;1;0;-5,343;0;0,00;14;39,00;0,000134;.......(((.(..(((((.....(((.((.....))...))).....)))))..).))).......
732;1;0;-5,332;0;0,00;13;39,00;0,000132;......((((.(..(((((........(((.........)))......)))))..).))).).....
745;1;0;-5,323;0;0,00;14;43,00;0,000130;.......(((.(..(((((...(......((((.......)))))...)))))..).))).......
751;1;0;-5,317;0;0,00;11;35,00;0,000128;........((.(..(((((........(((.........)))......)))))..).))........
764;1;0;-5,311;0;0,00;13;39,00;0,000127;......((((....(((((..........((((.......))))....))))).........)))).
772;1;0;-5,308;0;0,00;16;41,00;0,000126;....((((((.((.(((((........(((.........)))......))))).)).)))....)))
775;1;0;-5,302;0;0,00;13;41,00;0,000125;.......(((.(..(((((...(.....)(((.........)))....)))))..).))).......
784;1;0;-5,298;0;0,00;11;37,00;0,000124;.......(((.(..(((((.....((...............)).....)))))..).))).......
785;1;0;-5,298;0;0,00;16;42,00;0,000124;...((..(((.(..(((((.....((.(((.........)))..))..)))))..).))).))....
796;1;0;-5,292;0;0,00;16;43,00;0,000123;.......(((.((.(((((..((....(((..(...)..))).))...))))).)).))).......
797;1;0;-5,287;0;0,00;14;38,00;0,000122;.......(((.((.(((((......(.(((.........)))).....))))).)).))).......
798;1;0;-5,288;0;0,00;13;39,00;0,000122;.......(((.((..((((........(((..(...)..)))......))))..)).))).......
804;1;0;-5,274;0;0,00;11;38,00;0,000119;.......(((.(..(((((.......((.......))...........)))))..).))).......
816;1;0;-5,263;0;0,00;15;41,00;0,000117;.......(((.((.(((((..((....(((.........))).))...)))))).).))).......
818;1;0;-5,259;0;0,00;11;37,00;0,000117;.......(((.(..((((.........(((.........))).......))))..).))).......
821;1;0;-5,261;0;0,00;14;42,00;0,000117;.....(((((.(..(((((..........(((.........)))....)))))..).)))....)).
827;1;0;-5,257;0;0,00;13;38,00;0,000116;.......(((.(..((((..(((...........)))...((.....))))))..).))).......
836;1;0;-5,249;0;0,00;12;40,00;0,000114;.......(((.(..(((((....(.....)......((....))....)))))..).))).......
839;1;0;-5,245;0;0,00;13;38,00;0,000114;.......(((.(..(((((......(.(((.........)))..)...)))))..).))).......
848;1;0;-5,235;0;0,00;12;42,00;0,000112;.......(((.(..(((((.(((...........)))...........)))))..).))).......
877;1;0;-5,211;0;0,00;14;39,00;0,000107;.......(((.((..((((.....((.(((.........)))..))..))))..)).))).......
899;1;0;-5,199;0;0,00;11;38,00;0,000105;.......(((.(..(((((.........((.....))...........)))))..).))).......
928;1;0;-5,182;0;0,00;11;36,00;0,000102;.......(((.(..(((((......((.............))......)))))..).))).......
943;1;0;-5,170;0;0,00;14;39,00;0,000100;.......(((.((.(((((..(..(((.............)))..)..))))).)).))).......
947;1;0;-5,171;0;0,00;14;43,00;0,000100;...((..(((.(..(((((..........(((.........)))....)))))..).))).))....
958;1;0;-5,162;0;0,00;12;37,00;0,000099;.......(((.((..((((........(((.........)))......)))).).).))).......
964;1;0;-5,159;0;0,00;12;38,00;0,000098;.......(((.(..(((((......(..((.........)).).....)))))..).))).......
969;1;0;-5,154;0;0,00;13;41,00;0,000098;.......(((.(..(((((...(...)..(((.........)))....)))))..).))).......
979;1;0;-5,148;0;0,00;14;39,00;0,000096;.....(((((.(..(((((.....(((.............))).....)))))..).)))....)).
980;1;0;-5,142;0;0,00;12;42,00;0,000096;.......(((.(..(((((...(.........)...((....))....)))))..).))).......
989;1;0;-5,134;0;0,00;11;37,00;0,000094;.........(.(..(((((..........((((.......))))....)))))..).).........
997;1;0;-5,132;0;0,00;13;38,00;0,000094;.......(((.(..(((((.....(..(((.........)))).....)))))..).))).......
1006;1;0;-5,121;0;0,00;14;43,00;0,000092;.....(.(((.(..(((((..........((((.......))))....)))))..).))).).....
1010;1;0;-5,124;0;0,00;12;36,00;0,000093;.......(((.((.(((((........((...........))......))))).)).))).......
1038;1;0;-5,099;0;0,00;17;43,00;0,000089;.....(((((.((.(((((..((....(((.........))).))...))))).)).)))....)).
1043;1;0;-5,095;0;0,00;14;39,00;0,000088;.....(((((.((..((((........(((.........)))......))))..)).)))....)).
1064;1;0;-5,084;0;0,00;12;40,00;0,000087;.......(((.((..((((..........(((.........)))....))))..)).))).......
1078;1;0;-5,075;0;0,00;14;43,00;0,000085;......((((.(..(((((..........((((.......))))....)))))..).))).).....
1080;1;0;-5,077;0;0,00;13;37,00;0,000086;......((((.(..(((((........(((.........)))......)))))..).)).....)).
1082;1;0;-5,070;0;0,00;14;41,00;0,000085;.......(((.(..(((((..((....(((.........)))..))..)))))..).))).......
1084;1;0;-5,071;0;0,00;10;38,00;0,000085;.......(((.(..(((((..(.......................)..)))))..).))).......
1108;1;0;-5,059;0;0,00;12;39,00;0,000083;........((.(..(((((..........((((.......))))....)))))..).))........
1112;1;0;-5,061;0;0,00;13;40,00;0,000083;.......(((.((.(((((...........(((.......))).....))))).)).))).......
1115;1;0;-5,056;0;0,00;16;44,00;0,000083;.....(((((.(..(((((...(.....)((((.......))))....)))))..).)))....)).
1117;1;0;-5,057;0;0,00;14;38,00;0,000083;...(...(((.((.(((((........(((.........)))......))))).)).)))..)....
1118;1;0;-5,058;0;0,00;14;40,00;0,000083;...((..(((.(..(((((.....(((.............))).....)))))..).))).))....
1124;1;0;-5,049;0;0,00;14;40,00;0,000082;.......(((.(..(((((..(..(..(((.........)))..))..)))))..).))).......
1127;1;0;-5,050;0;0,00;17;45,00;0,000082;....((((((.((.(((((..........((((.......))))....))))).)).)))....)))
1139;1;0;-5,035;0;0,00;14;39,00;0,000080;.......(((.((.(((((........(((..(...)..)))......)))))).).))).......
1140;1;0;-5,035;0;0,00;11;38,00;0,000080;.....(((((.(..(((((.............................)))))..).)))....)).
1156;1;0;-5,024;0;0,00;16;45,00;0,000078;.......(((.((.(((((..((......((((.......))))))..))))).)).))).......
1160;1;0;-5,025;0;0,00;15;46,00;0,000078;.......(((.((.(((((.(((...........)))((.....))..))))).)).))).......
1166;1;0;-5,020;0;0,00;14;41,00;0,000078;.......(((.(..(((((..(.....(((..(...)..)))...)..)))))..).))).......
1173;1;0;-5,018;0;0,00;14;40,00;0,000078;.......(((.(..((((..(((...........)))...(((...)))))))..).))).......
1183;1;0;-5,009;0;0,00;17;44,00;0,000076;...((..(((.((.(((((..((....(((.........))).))...))))).)).))).))....
1185;1;0;-5,005;0;0,00;14;40,00;0,000076;...((..(((.((..((((........(((.........)))......))))..)).))).))....
1189;1;0;-5,007;0;0,00;14;42,00;0,000076;.......(((.(..(((((......(...((((.......)))).)..)))))..).))).......
1192;1;0;-5,002;0;0,00;12;41,00;0,000075;.......(((.(..((((...........((((.......)))).....))))..).))).......
1195;1;0;-4,996;0;0,00;11;38,00;0,000075;.......(((.(..(((((....((..........))...........)))))..).))).......
1198;1;0;-4,998;0;0,00;16;43,00;0,000075;.......(((.((.(((((.....((...((((.......))))))..))))).)).))).......
1202;1;0;-4,999;0;0,00;14;43,00;0,000075;.......(((.(..(((((..(.......((((.......)))).)..)))))..).))).......
1217;1;0;-4,988;0;0,00;16;41,00;0,000074;.......(((.((.(((((.....((.(((..(...)..)))..))..))))).)).))).......
1240;1;0;-4,976;0;0,00;14;43,00;0,000072;.......(((.(..(((((..(.......((((.......)))))...)))))..).))).......
1247;1;0;-4,971;0;0,00;12;37,00;0,000072;.......(((.((..((((.....(((.............))).....))))..)).))).......
1255;1;0;-4,966;0;0,00;16;45,00;0,000071;...((..(((.(..(((((...(.....)((((.......))))....)))))..).))).))....
1261;1;0;-4,958;0;0,00;15;39,00;0,000070;.......(((.((.(((((.....((.(((.........)))..))..)))))).).))).......
1265;1;0;-4,959;0;0,00;12;40,00;0,000070;.......(((.((.(((((.................((....))....))))).)).))).......
1275;1;0;-4,952;0;0,00;13;39,00;0,000069;.......(((.(..(((((...(....(((.........)))...)..)))))..).))).......
1279;1;0;-4,946;0;0,00;11;39,00;0,000069;...((..(((.(..(((((.............................)))))..).))).))....
1280;1;0;-4,946;0;0,00;13;39,00;0,000069;.......(((.(..(((((...(....(((.........))).)....)))))..).))).......
1287;1;0;-4,942;0;0,00;14;44,00;0,000068;.......(((.(..(((((..((.......(((.......)))))...)))))..).))).......
1295;1;0;-4,939;0;0,00;15;42,00;0,000068;.......(((.((.(((((........(.((((.......)))).)..))))).)).))).......
1313;1;0;-4,932;0;0,00;17;45,00;0,000067;....((((((.(..(((((..((....(((.........))).))...)))))..).)))....)))
1320;1;0;-4,926;0;0,00;12;39,00;0,000066;.......(((.(..(((((.........((..(...)..)).......)))))..).))).......
1329;1;0;-4,923;0;0,00;13;39,00;0,000066;.......(((.(..(((((........(((.(...)...)))......)))))..).))).......
1355;1;0;-4,913;0;0,00;11;38,00;0,000065;.......(((.(..(((((((...................))......)))))..).))).......
1359;1;0;-4,907;0;0,00;16;44,00;0,000064;.....(((((.(..(((((...(...)..((((.......))))....)))))..).)))....)).
1362;1;0;-4,909;0;0,00;13;39,00;0,000064;.......(((.(..(((((..(..(((.............))).)...)))))..).))).......
1373;1;0;-4,904;0;0,00;13;41,00;0,000064;.......(((.((..((((..........((((.......))))....)))).).).))).......
1382;1;0;-4,900;0;0,00;12;40,00;0,000064;.......(((.((.(((((..((....................))...))))).)).))).......
1404;1;0;-4,883;0;0,00;13;44,00;0,000062;.......(((.(..(((((..((...........))((....))....)))))..).))).......
1410;1;0;-4,886;0;0,00;13;36,00;0,000062;......((((.(..(((((........(((.........)))......)))))..).).....))).
1411;1;0;-4,879;0;0,00;14;42,00;0,000061;.......(((.((..((((...(.....)((((.......))))....))))..)).))).......
1439;1;0;-4,869;0;0,00;16;43,00;0,000060;.......(((.(..(((((..((.(((.((.....))...)))))...)))))..).))).......
1440;1;0;-4,870;0;0,00;13;38,00;0,000060;.......(((.(..(((((.....(((.(.......)...))).....)))))..).))).......
1441;1;0;-4,870;0;0,00;14;40,00;0,000060;.......(((.(..(((((.....(..(((..(...)..)))..)...)))))..).))).......
1443;1;0;-4,871;0;0,00;16;41,00;0,000060;.....(((((.((.(((((........(((..(...)..)))......))))).)).)))....)).
1466;1;0;-4,859;0;0,00;9;36,00;0,000059;.......(((.((..((((.............................))))..)).))).......
1469;1;0;-4,854;0;0,00;14;40,00;0,000059;.......(((.((.(((((..((..((.............)).))...))))).)).))).......
1486;1;0;-4,846;0;0,00;13;38,00;0,000058;.......(((.(..(((((......(.(((.........)))...)..)))))..).))).......
1493;1;0;-4,842;0;0,00;15;39,00;0,000058;.....(((((.((.(((((........(((.........)))......)))))).).)))....)).
1499;1;0;-4,837;0;0,00;15;43,00;0,000057;.....(((((.((..((((..........((((.......))))....))))..)).)))....)).
1516;1;0;-4,828;0;0,00;13;44,00;0,000056;.......(((.(..(((((.(((...........))).(.....)...)))))..).))).......
1526;1;0;-4,831;0;0,00;13;40,00;0,000057;.......(((.((.(((((..........(((.........)))....)))))).).))).......
1529;1;0;-4,824;0;0,00;13;41,00;0,000056;.......(((.(..(((((..((.((...............))))...)))))..).))).......
1535;1;0;-4,827;0;0,00;15;41,00;0,000056;.....(((((.(..(((((..(.....(((.........)))...)..)))))..).)))....)).
1547;1;0;-4,822;0;0,00;13;38,00;0,000056;.......(((.(..(((((.....((..((.........)))).....)))))..).))).......
1552;1;0;-4,818;0;0,00;16;45,00;0,000055;...((..(((.(..(((((...(...)..((((.......))))....)))))..).))).))....
1555;1;0;-4,819;0;0,00;14;41,00;0,000055;......((((.(..(((((..........((((.......))))....)))))..).)).....)).
1564;1;0;-4,815;0;0,00;14;42,00;0,000055;.......(((.(..(((((........(.((((.......)))))...)))))..).))).......
1592;1;0;-4,798;0;0,00;11;33,00;0,000053;.........(.((.(((((........(((.........)))......))))).)).).........
1594;1;0;-4,800;0;0,00;15;42,00;0,000054;...(...(((.((.(((((..........((((.......))))....))))).)).)))..)....
1604;1;0;-4,794;0;0,00;17;41,00;0,000053;.....(((((.((.(((((.....((.(((.........)))..))..))))).)).)))....)).
1620;1;0;-4,792;0;0,00;8;36,00;0,000053;.......(((.(..((((...............................))))..).))).......
1624;1;0;-4,793;0;0,00;13;44,00;0,000053;.......(((.(..(((((.(((...........))).(......)..)))))..).))).......
1625;1;0;-4,785;0;0,00;14;39,00;0,000052;.....(.(((.((.(((((........(((.........)))......))))).)).))).).....
1636;1;0;-4,782;0;0,00;16;42,00;0,000052;...((..(((.((.(((((........(((..(...)..)))......))))).)).))).))....
1646;1;0;-4,778;0;0,00;12;39,00;0,000052;.......(((.((.(((((..........((...........))....))))).)).))).......
1650;1;0;-4,781;0;0,00;12;38,00;0,000052;.......(((.((.(((((..............((.....))......))))).)).))).......
1656;1;0;-4,776;0;0,00;13;39,00;0,000052;.......(((.(..(((((...(....(((.........)))..)...)))))..).))).......
1690;1;0;-4,750;0;0,00;10;37,00;0,000049;.......(((.(..(((((.......(.........)...........)))))..).))).......
1692;1;0;-4,751;0;0,00;13;38,00;0,000049;.....(.(((.(..(((((........(((.........)))......)))))..).)))....)..
1699;1;0;-4,752;0;0,00;15;40,00;0,000050;...((..(((.((.(((((........(((.........)))......)))))).).))).))....
1702;1;0;-4,747;0;0,00;14;41,00;0,000049;.......(((.(..(((((..((.(((.............))).))..)))))..).))).......
1704;1;0;-4,748;0;0,00;15;44,00;0,000049;...((..(((.((..((((..........((((.......))))....))))..)).))).))....
1705;1;0;-4,748;0;0,00;13;40,00;0,000049;.......(((.(..(((((..((....((...........)).))...)))))..).))).......
1708;1;0;-4,749;0;0,00;15;39,00;0,000049;.......(((.((.(((((.....(((.((.....))...))).....))))).)).))).......
1713;1;0;-4,745;0;0,00;13;39,00;0,000049;.......(((.(..(((((...(.(((.............)))..)..)))))..).))).......
1715;1;0;-4,739;0;0,00;14;39,00;0,000048;......((((.((.(((((........(((.........)))......))))).)).))).).....
1740;1;0;-4,737;0;0,00;15;42,00;0,000048;...((..(((.(..(((((..(.....(((.........)))...)..)))))..).))).))....
1744;1;0;-4,731;0;0,00;14;42,00;0,000048;.......(((.((..((((...(...)..((((.......))))....))))..)).))).......
1748;1;0;-4,732;0;0,00;13;39,00;0,000048;.....(((((.(..(((((.........((.........)).......)))))..).)))....)).
1754;1;0;-4,727;0;0,00;10;37,00;0,000047;.......(((.(..(((((.........(.......)...........)))))..).))).......
1758;1;0;-4,729;0;0,00;15;43,00;0,000048;.......(((.((.(((((...(......((((.......)))))...))))).)).))).......
1763;1;0;-4,723;0;0,00;12;35,00;0,000047;........((.((.(((((........(((.........)))......))))).)).))........
1780;1;0;-4,718;0;0,00;13;37,00;0,000047;.......(((.((.(((((.....(((.............))).....)))))).).))).......
1802;1;0;-4,709;0;0,00;14;41,00;0,000046;.......(((.((.(((((...(.....)(((.........)))....))))).)).))).......
1808;1;0;-4,704;0;0,00;16;43,00;0,000046;....((((((.(..(((((........(((..(...)..)))......)))))..).)))....)))
1813;1;0;-4,705;0;0,00;12;37,00;0,000046;.......(((.((.(((((.....((...............)).....))))).)).))).......
1814;1;0;-4,705;0;0,00;17;42,00;0,000046;...((..(((.((.(((((.....((.(((.........)))..))..))))).)).))).))....
1860;1;0;-4,680;0;0,00;12;38,00;0,000044;.......(((.((.(((((.......((.......))...........))))).)).))).......
1861;1;0;-4,680;0;0,00;16;42,00;0,000044;......((((((..(((((..((....(((.........))).))...)))))...))....)))).
1869;1;0;-4,681;0;0,00;15;42,00;0,000044;...(...(((.(..(((((..((....(((.........))).))...)))))..).)))..)....
1872;1;0;-4,683;0;0,00;14;40,00;0,000044;.......(((.(..(((((......(.(((..(...)..)))).....)))))..).))).......
1879;1;0;-4,677;0;0,00;15;40,00;0,000044;.....(((((.(..(((((.....(..(((.........)))..)...)))))..).)))....)).
1891;1;0;-4,674;0;0,00;16;43,00;0,000043;.....(((((.(..(((((..((.(((.............)))))...)))))..).)))....)).
1908;1;0;-4,665;0;0,00;14;40,00;0,000043;.......(((.(..(((((..(...(.(((.........)))..))..)))))..).))).......
1912;1;0;-4,666;0;0,00;12;37,00;0,000043;.......(((.((.((((.........(((.........))).......)))).)).))).......
1915;1;0;-4,667;0;0,00;15;42,00;0,000043;.....(((((.((.(((((..........(((.........)))....))))).)).)))....)).
1929;1;0;-4,663;0;0,00;14;38,00;0,000043;.......(((.((.((((..(((...........)))...((.....)))))).)).))).......
1932;1;0;-4,664;0;0,00;13;38,00;0,000043;......((((.(..(((((........(((.........)))......)))))..).))).....).
1935;1;0;-4,658;0;0,00;15;42,00;0,000042;.......(((.(..(((((..((.(..(((.........))))))...)))))..).))).......
1944;1;0;-4,655;0;0,00;13;40,00;0,000042;.......(((.((.(((((....(.....)......((....))....))))).)).))).......
1957;1;0;-4,650;0;0,00;13;39,00;0,000042;.......(((.((..((((..(.....(((.........)))...)..))))..)).))).......
1962;1;0;-4,651;0;0,00;14;38,00;0,000042;.......(((.((.(((((......(.(((.........)))..)...))))).)).))).......
1976;1;0;-4,641;0;0,00;13;42,00;0,000041;.......(((.((.(((((.(((...........)))...........))))).)).))).......
1979;1;0;-4,643;0;0,00;13;40,00;0,000041;...((..(((.(..(((((.........((.........)).......)))))..).))).))....
2013;1;0;-4,626;0;0,00;15;42,00;0,000040;.......(((.((.(((((...(.....)((((.......))))....)))))).).))).......
2015;1;0;-4,626;0;0,00;14;41,00;0,000040;.......(((.(..(((((..((....(((.........))).).)..)))))..).))).......
2017;1;0;-4,627;0;0,00;17;43,00;0,000040;....((((((.(..(((((.....((.(((.........)))..))..)))))..).)))....)))
2023;1;0;-4,629;0;0,00;14;40,00;0,000040;......((((.(..(((((..........((((.......))))....)))))..).).....))).
2025;1;0;-4,622;0;0,00;13;39,00;0,000040;.......(((.(..(((((........((((....)...)))......)))))..).))).......
2033;1;0;-4,624;0;0,00;14;40,00;0,000040;...(.(.(((.(..(((((........(((.........)))......)))))..).))).))....
2071;1;0;-4,606;0;0,00;12;38,00;0,000039;.......(((.((.(((((.........((.....))...........))))).)).))).......
2072;1;0;-4,606;0;0,00;10;36,00;0,000039;.......(((.((.(((((.............................)))))).).))).......
2088;1;0;-4,599;0;0,00;14;39,00;0,000038;......((((....(((((..((....(((.........))).))...))))).........)))).
2113;1;0;-4,591;0;0,00;10;37,00;0,000038;.......(((.(..(((((..........(.....)............)))))..).))).......
2118;1;0;-4,592;0;0,00;14;42,00;0,000038;.......(((.(..(((((.....(....((((.......)))))...)))))..).))).......
2129;1;0;-4,587;0;0,00;15;41,00;0,000037;...((..(((.(..(((((.....(..(((.........)))..)...)))))..).))).))....
2136;1;0;-4,588;0;0,00;12;36,00;0,000038;.......(((.((.(((((......((.............))......))))).)).))).......
2142;1;0;-4,584;0;0,00;16;44,00;0,000037;...((..(((.(..(((((..((.(((.............)))))...)))))..).))).))....
2143;1;0;-4,584;0;0,00;16;43,00;0,000037;.....(((((.((.(((((..........((((.......))))....)))))).).)))....)).
2165;1;0;-4,578;0;0,00;15;43,00;0,000037;...((..(((.((.(((((..........(((.........)))....))))).)).))).))....
2177;1;0;-4,567;0;0,00;15;41,00;0,000036;.......(((.(..(((((..(..(((.((.....))...)))..)..)))))..).))).......
2188;1;0;-4,565;0;0,00;13;38,00;0,000036;.......(((.((.(((((......(..((.........)).).....))))).)).))).......
2194;1;0;-4,560;0;0,00;14;41,00;0,000036;.......(((.((.(((((...(...)..(((.........)))....))))).)).))).......
2210;1;0;-4,556;0;0,00;11;37,00;0,000036;.......(((.((..((((.........((.........)).......))))..)).))).......
2228;1;0;-4,554;0;0,00;15;39,00;0,000035;.....(((((.((.(((((.....(((.............))).....))))).)).)))....)).
2233;1;0;-4,548;0;0,00;13;42,00;0,000035;.......(((.((.(((((...(.........)...((....))....))))).)).))).......
2265;1;0;-4,540;0;0,00;12;37,00;0,000035;.........(.((.(((((..........((((.......))))....))))).)).).........
2274;1;0;-4,535;0;0,00;13;39,00;0,000034;.......(((.(..(((((...(....(((.........)))).....)))))..).))).......
2283;1;0;-4,538;0;0,00;14;38,00;0,000034;.......(((.((.(((((.....(..(((.........)))).....))))).)).))).......
2292;1;0;-4,535;0;0,00;10;34,00;0,000034;..............(((((........(((.........)))......)))))...((...))....
2294;1;0;-4,528;0;0,00;15;43,00;0,000034;.....(.(((.((.(((((..........((((.......))))....))))).)).))).).....
2302;1;0;-4,530;0;0,00;13;41,00;0,000034;.......(((.(..(((((...(.....).(((.......))).....)))))..).))).......
2314;1;0;-4,526;0;0,00;14;40,00;0,000034;.......(((.(..(((((..(...(.(((.........))))..)..)))))..).))).......
2329;1;0;-4,523;0;0,00;13;37,00;0,000034;.....((.((.(..(((((........(((.........)))......)))))..).)).....)).
2330;1;0;-4,523;0;0,00;14;42,00;0,000034;.......(((.(..(((((.....(....((((.......)))).)..)))))..).))).......
2331;1;0;-4,523;0;0,00;12;39,00;0,000034;.......(((.(..(((((..(..((...............))..)..)))))..).))).......
2361;1;0;-4,509;0;0,00;11;38,00;0,000033;.......(((.(..(((((............((.......))......)))))..).))).......
2365;1;0;-4,510;0;0,00;11;39,00;0,000033;.......(((.(..(((((...........((.........)).....)))))..).))).......
2370;1;0;-4,511;0;0,00;11;36,00;0,000033;.......(((.(..((.((........(((.........)))......)).))..).))).......
2382;1;0;-4,500;0;0,00;13;38,00;0,000032;.......(((.((..((((.....(..(((.........)))..)...))))..)).))).......
2404;1;0;-4,497;0;0,00;14;41,00;0,000032;.......(((.((..((((..((.(((.............)))))...))))..)).))).......
2416;1;0;-4,500;0;0,00;15;44,00;0,000032;....((((((.(..(((((..........(((.........)))....)))))..).)))....)))
2423;1;0;-4,493;0;0,00;14;42,00;0,000032;.....(.(((.(..(((((..........((((.......))))....)))))..).)))....)..
2427;1;0;-4,495;0;0,00;17;45,00;0,000032;.....(((((.(..(((((..((....(((..(...)..))).))...)))))..).)))....)).
2428;1;0;-4,495;0;0,00;16;44,00;0,000032;...((..(((.((.(((((..........((((.......))))....)))))).).))).))....
2438;1;0;-4,490;0;0,00;15;40,00;0,000032;.....(((((.(..(((((......(.(((.........)))).....)))))..).)))....)).
2444;1;0;-4,491;0;0,00;15;42,00;0,000032;.......(((.(..(((((..((..(.(((.........))))))...)))))..).))).......
2461;1;0;-4,481;0;0,00;15;43,00;0,000031;......((((.((.(((((..........((((.......))))....))))).)).))).).....
2466;1;0;-4,483;0;0,00;14;37,00;0,000031;......((((.((.(((((........(((.........)))......))))).)).)).....)).
2472;1;0;-4,477;0;0,00;15;41,00;0,000031;.......(((.((.(((((..((....(((.........)))..))..))))).)).))).......
2475;1;0;-4,477;0;0,00;11;37,00;0,000031;.......(((....(((((........(((.........)))......)))))....))).......
2479;1;0;-4,478;0;0,00;11;38,00;0,000031;.......(((.((.(((((..(.......................)..))))).)).))).......
2480;1;0;-4,478;0;0,00;15;42,00;0,000031;.......(((.((.(((((...(...)..((((.......))))....)))))).).))).......
2489;1;0;-4,480;0;0,00;12;39,00;0,000031;.......(((.(..(((((..(......((.........))....)..)))))..).))).......
2493;1;0;-4,473;0;0,00;14;44,00;0,000031;.......(((.(..(((((..((......(((.........)))))..)))))..).))).......
2521;1;0;-4,465;0;0,00;13;39,00;0,000031;........((.((.(((((..........((((.......))))....))))).)).))........
2537;1;0;-4,462;0;0,00;17;44,00;0,000030;.....(((((.((.(((((...(.....)((((.......))))....))))).)).)))....)).
2546;1;0;-4,464;0;0,00;12;37,00;0,000030;.......(((.(..(((...(((...........)))...((.....)).)))..).))).......
2552;1;0;-4,464;0;0,00;15;40,00;0,000030;...((..(((.((.(((((.....(((.............))).....))))).)).))).))....
2568;1;0;-4,455;0;0,00;12;38,00;0,000030;.......(((.(..(((((.....(...((.........)).).....)))))..).))).......
2570;1;0;-4,455;0;0,00;13;44,00;0,000030;.......(((.(..(((((.(((...........)))(.......)..)))))..).))).......
2572;1;0;-4,455;0;0,00;15;40,00;0,000030;.......(((.((.(((((..(..(..(((.........)))..))..))))).)).))).......
2582;1;0;-4,451;0;0,00;12;41,00;0,000030;.......(((.(..(((((...(.....).......((....))....)))))..).))).......
2589;1;0;-4,452;0;0,00;15;40,00;0,000030;......((((((..(((((........(((..(...)..)))......)))))...))....)))).
2593;1;0;-4,453;0;0,00;13;39,00;0,000030;.......(((.(..(((((...(.(((.............))).)...)))))..).))).......
2594;1;0;-4,453;0;0,00;14;40,00;0,000030;...(...(((.(..(((((........(((..(...)..)))......)))))..).)))..)....
2599;1;0;-4,447;0;0,00;14;42,00;0,000030;.......(((.(..(((((.....((...(((.........)))))..)))))..).))).......
2610;1;0;-4,442;0;0,00;12;38,00;0,000029;.....(((((.((.(((((.............................))))).)).)))....)).
2614;1;0;-4,443;0;0,00;13;38,00;0,000029;.......(((.(..(((((.....((.((...........))..))..)))))..).))).......
2661;1;0;-4,426;0;0,00;15;41,00;0,000029;.......(((.((.(((((..(.....(((..(...)..)))...)..))))).)).))).......
2680;1;0;-4,424;0;0,00;15;40,00;0,000028;.......(((.((.((((..(((...........)))...(((...))))))).)).))).......
2698;1;0;-4,421;0;0,00;12;37,00;0,000028;.........(.(..(((((..((....(((.........))).))...)))))..).).........
2730;1;0;-4,414;0;0,00;13;44,00;0,000028;.......(((.(..(((((..((...........)).((.....))..)))))..).))).......
2731;1;0;-4,414;0;0,00;15;42,00;0,000028;.......(((.((.(((((......(...((((.......)))).)..))))).)).))).......
2732;1;0;-4,414;0;0,00;12;42,00;0,000028;.......(((.(..(((((...(...........).((....))....)))))..).))).......
2734;1;0;-4,406;0;0,00;14;42,00;0,000028;......((((.(..(((((..........((((.......))))....)))))..).))).....).
2745;1;0;-4,408;0;0,00;13;41,00;0,000028;.......(((.((.((((...........((((.......)))).....)))).)).))).......
2749;1;0;-4,409;0;0,00;15;43,00;0,000028;.....(.(((.(..(((((..((....(((.........))).))...)))))..).))).).....
2756;1;0;-4,402;0;0,00;12;38,00;0,000027;.......(((.((.(((((....((..........))...........))))).)).))).......
2764;1;0;-4,405;0;0,00;17;46,00;0,000028;...((..(((.(..(((((..((....(((..(...)..))).))...)))))..).))).))....
2765;1;0;-4,405;0;0,00;15;43,00;0,000028;.......(((.((.(((((..(.......((((.......)))).)..))))).)).))).......
2774;1;0;-4,400;0;0,00;15;41,00;0,000027;...((..(((.(..(((((......(.(((.........)))).....)))))..).))).))....
2778;1;0;-4,401;0;0,00;12;37,00;0,000027;.......(((.(..(((((........(((.........)))......)))).).).))).......
2786;1;0;-4,396;0;0,00;15;42,00;0,000027;.......(((.(..(((((..((.(((.(.......)...)))))...)))))..).))).......
2790;1;0;-4,397;0;0,00;14;39,00;0,000027;.......(((.((.(((((..(.....(((.........)))...)..)))))).).))).......
2824;1;0;-4,389;0;0,00;13;41,00;0,000027;.......(((.(..(((((........(.(((.........))).)..)))))..).))).......
2845;1;0;-4,387;0;0,00;15;41,00;0,000027;....((((((.(..(((((.....(((.............))).....)))))..).)))....)))
2849;1;0;-4,380;0;0,00;10;38,00;0,000026;.......(((.(..(((((..(......................)...)))))..).))).......
2855;1;0;-4,383;0;0,00;15;43,00;0,000027;.......(((.((.(((((..(.......((((.......)))))...))))).)).))).......
2857;1;0;-4,375;0;0,00;16;40,00;0,000026;......((((((..(((((.....((.(((.........)))..))..)))))...))....)))).
2859;1;0;-4,376;0;0,00;15;40,00;0,000026;...(...(((.(..(((((.....((.(((.........)))..))..)))))..).)))..)....
2865;1;0;-4,378;0;0,00;12;43,00;0,000026;.......(((.(..(((((.(((...........)))..).........))))..).))).......
2876;1;0;-4,372;0;0,00;15;41,00;0,000026;.....(((((.(..(((((..(..(((.............)))..)..)))))..).)))....)).
2877;1;0;-4,372;0;0,00;17;45,00;0,000026;...((..(((.((.(((((...(.....)((((.......))))....))))).)).))).))....
2882;1;0;-4,373;0;0,00;13;38,00;0,000026;.....(.(((.(..(((((........(((.........)))......)))))..).))).....).
2885;1;0;-4,374;0;0,00;10;39,00;0,000026;......((.(((.((.....(((...........)))...........)).))).))..........
2894;1;0;-4,368;0;0,00;13;38,00;0,000026;......((((.(..(((((........(((.........)))......)))))..).)))....)..
2902;1;0;-4,371;0;0,00;13;37,00;0,000026;......((((....(((((........(((..(...)..)))......))))).........)))).
2916;1;0;-4,367;0;0,00;15;44,00;0,000026;...(.(.(((.(..(((((..........((((.......))))....)))))..).))).))....
2918;1;0;-4,360;0;0,00;13;38,00;0,000026;.......(((.(..(((((...(...)(((.........)))......)))))..).))).......
2928;1;0;-4,362;0;0,00;15;43,00;0,000026;......((((.(..(((((..((....(((.........))).))...)))))..).))).).....
2930;1;0;-4,362;0;0,00;13;39,00;0,000026;.......(((.(..((((((.......(((.........)))).....)))))..).))).......
2938;1;0;-4,356;0;0,00;14;40,00;0,000025;.......(((.(..(((((..(..(..(((.........))))..)..)))))..).))).......
2946;1;0;-4,358;0;0,00;14;39,00;0,000025;.......(((.((.(((((...(....(((.........)))...)..))))).)).))).......
2951;1;0;-4,352;0;0,00;12;39,00;0,000025;...((..(((.((.(((((.............................))))).)).))).))....
2952;1;0;-4,352;0;0,00;14;39,00;0,000025;.......(((.((.(((((...(....(((.........))).)....))))).)).))).......
2963;1;0;-4,348;0;0,00;15;44,00;0,000025;.......(((.((.(((((..((.......(((.......)))))...))))).)).))).......
2968;1;0;-4,348;0;0,00;15;42,00;0,000025;.......(((.(..(((((..((.((..((.........))))))...)))))..).))).......
2973;1;0;-4,351;0;0,00;12;38,00;0,000025;.......(((.(..(((((....(.....)...((.....))......)))))..).))).......
2982;1;0;-4,345;0;0,00;10;36,00;0,000025;.......(((.(..(((((....(................).......)))))..).))).......
2986;1;0;-4,347;0;0,00;13;39,00;0,000025;........((.(..(((((..((....(((.........))).))...)))))..).))........
3004;1;0;-4,338;0;0,00;18;45,00;0,000025;....((((((.((.(((((..((....(((.........))).))...))))).)).)))....)))
3010;1;0;-4,332;0;0,00;13;39,00;0,000024;.......(((.((.(((((.........((..(...)..)).......))))).)).))).......
3019;1;0;-4,334;0;0,00;15;41,00;0,000024;....((((((.((..((((........(((.........)))......))))..)).)))....)))
3021;1;0;-4,334;0;0,00;10;34,00;0,000024;..........((..(((((........(((.........)))......)))))...)).........
3030;1;0;-4,330;0;0,00;14;39,00;0,000024;.......(((.((.(((((........(((.(...)...)))......))))).)).))).......
3047;1;0;-4,327;0;0,00;13;38,00;0,000024;.....(((((.(..(((((........((...........))......)))))..).)))....)).
3055;1;0;-4,321;0;0,00;11;36,00;0,000024;.......(((.(..(((.(........(((.........)))......).)))..).))).......
3074;1;0;-4,318;0;0,00;15;43,00;0,000024;.......(((.((..((((..((....(((..(...)..))).))...))))..)).))).......
3078;1;0;-4,319;0;0,00;12;38,00;0,000024;.......(((.((.(((((((...................))......))))).)).))).......
3085;1;0;-4,313;0;0,00;13;38,00;0,000024;.......(((.((..((((......(.(((.........)))).....))))..)).))).......
3089;1;0;-4,314;0;0,00;17;44,00;0,000024;.....(((((.((.(((((...(...)..((((.......))))....))))).)).)))....)).
3094;1;0;-4,315;0;0,00;14;39,00;0,000024;.......(((.((.(((((..(..(((.............))).)...))))).)).))).......
3102;1;0;-4,316;0;0,00;15;42,00;0,000024;.......(((.(..(((((..((..(.(((.........)))).))..)))))..).))).......
3147;1;0;-4,303;0;0,00;12;37,00;0,000023;.......(((.((.(((((.........((.........)).......)))))).).))).......
3165;1;0;-4,294;0;0,00;14;37,00;0,000023;......((((....(((((.....((.(((.........)))..))..))))).........)))).
3169;1;0;-4,295;0;0,00;17;46,00;0,000023;....((((((.(..(((((...(.....)((((.......))))....)))))..).)))....)))
3185;1;0;-4,290;0;0,00;14;44,00;0,000023;.......(((.((.(((((..((...........))((....))....))))).)).))).......
3203;1;0;-4,292;0;0,00;14;36,00;0,000023;......((((.((.(((((........(((.........)))......))))).)).).....))).
3216;1;0;-4,287;0;0,00;13;41,00;0,000023;.......(((.(..(((((..........((..((.....))))....)))))..).))).......
3232;1;0;-4,283;0;0,00;15;42,00;0,000022;...((..(((.(..(((((..(..(((.............)))..)..)))))..).))).))....
3262;1;0;-4,274;0;0,00;12;40,00;0,000022;....((((((.(..(((((.............................)))))..).)))....)))
3267;1;0;-4,275;0;0,00;17;43,00;0,000022;.......(((.((.(((((..((.(((.((.....))...)))))...))))).)).))).......
3275;1;0;-4,276;0;0,00;14;38,00;0,000022;.......(((.((.(((((.....(((.(.......)...))).....))))).)).))).......
3276;1;0;-4,277;0;0,00;15;40,00;0,000022;.......(((.((.(((((.....(..(((..(...)..)))..)...))))).)).))).......
3279;1;0;-4,277;0;0,00;11;38,00;0,000022;..............(((((..........((((.......))))....)))))...((...))....
3305;1;0;-4,268;0;0,00;14;43,00;0,000022;.......(((.(..((((((.........((((.......)))))...)))))..).))).......
3321;1;0;-4,263;0;0,00;14;42,00;0,000022;.....(((((.(..(((((...........(((.......))).....)))))..).)))....)).
3332;1;0;-4,265;0;0,00;14;41,00;0,000022;.....((.((.(..(((((..........((((.......))))....)))))..).)).....)).
3363;1;0;-4,251;0;0,00;15;42,00;0,000021;.......(((.(..(((((..((..((.((.....))...)).))...)))))..).))).......
3374;1;0;-4,252;0;0,00;14;38,00;0,000021;.......(((.((.(((((......(.(((.........)))...)..))))).)).))).......
3380;1;0;-4,254;0;0,00;12;40,00;0,000021;.......(((.(..((.((..........((((.......))))....)).))..).))).......
3396;1;0;-4,247;0;0,00;14;38,00;0,000021;.......(((.((.(((((.....(..(((.........)))..)...)))))).).))).......
3400;1;0;-4,248;0;0,00;14;41,00;0,000021;......((((((..(((((..........(((.........)))....)))))...))....)))).
3404;1;0;-4,249;0;0,00;13;41,00;0,000021;...(...(((.(..(((((..........(((.........)))....)))))..).)))..)....
3413;1;0;-4,244;0;0,00;15;41,00;0,000021;.......(((.((.(((((..((.(((.............)))))...)))))).).))).......
3441;1;0;-4,235;0;0,00;14;44,00;0,000021;.......(((.((.(((((.(((...........))).(.....)...))))).)).))).......
3444;1;0;-4,235;0;0,00;13;44,00;0,000021;.......(((.(..(((((.((.............))((.....))..)))))..).))).......
3452;1;0;-4,237;0;0,00;13;39,00;0,000021;...((..(((.(..(((((........((...........))......)))))..).))).))....
3463;1;0;-4,231;0;0,00;14;41,00;0,000021;.......(((.((.(((((..((.((...............))))...))))).)).))).......
3472;1;0;-4,233;0;0,00;16;41,00;0,000021;.....(((((.((.(((((..(.....(((.........)))...)..))))).)).)))....)).
3482;1;0;-4,227;0;0,00;16;48,00;0,000020;.....(((((.(..(((((.(((...........)))((.....))..)))))..).)))....)).
3487;1;0;-4,229;0;0,00;14;38,00;0,000020;.......(((.((.(((((.....((..((.........)))).....))))).)).))).......
3493;1;0;-4,230;0;0,00;13;41,00;0,000021;.......(((.(..(((((..((.....((.........))..))...)))))..).))).......
3495;1;0;-4,230;0;0,00;10;38,00;0,000021;.......(((.(..(((((.............(...)...........)))))..).))).......
3505;1;0;-4,224;0;0,00;17;45,00;0,000020;...((..(((.((.(((((...(...)..((((.......))))....))))).)).))).))....
3510;1;0;-4,225;0;0,00;13;39,00;0,000020;.......(((.(..(((...(((...........)))...(((...))).)))..).))).......
3514;1;0;-4,225;0;0,00;15;41,00;0,000020;......((((.((.(((((..........((((.......))))....))))).)).)).....)).
3518;1;0;-4,226;0;0,00;17;47,00;0,000020;.....(((((.(..(((((..((......((((.......))))))..)))))..).)))....)).
3522;1;0;-4,219;0;0,00;12;39,00;0,000020;.......(((.(..(((((..........(.((.......)).)....)))))..).))).......
3527;1;0;-4,220;0;0,00;12;41,00;0,000020;.......(((....(((((..........((((.......))))....)))))....))).......
3537;1;0;-4,222;0;0,00;15;42,00;0,000020;.......(((.((.(((((........(.((((.......)))))...))))).)).))).......
3548;1;0;-4,217;0;0,00;13;39,00;0,000020;(...)..(((.(..(((((........(((.........)))......)))))..).))).......
3580;1;0;-4,209;0;0,00;12;37,00;0,000020;......(.((.(..(((((........(((.........)))......)))))..).))).......
3587;1;0;-4,211;0;0,00;13;36,00;0,000020;......((((.(..(((((........(((.........)))......)))))......)..)))).
3603;1;0;-4,207;0;0,00;13;40,00;0,000020;.......(((.(..((((((.......(((.........))))).....))))..).))).......
3605;1;0;-4,207;0;0,00;12;40,00;0,000020;.......(((.(..(((((..((..(...............).))...)))))..).))).......
3606;1;0;-4,200;0;0,00;17;45,00;0,000019;.....(((((.(..(((((.....((...((((.......))))))..)))))..).)))....)).
3618;1;0;-4,196;0;0,00;13;39,00;0,000019;.......(((.((..((((..(..(((.............)))..)..))))..)).))).......
3628;1;0;-4,198;0;0,00;9;36,00;0,000019;.......(((.((.((((...............................)))).)).))).......
3636;1;0;-4,199;0;0,00;14;44,00;0,000019;.......(((.((.(((((.(((...........))).(......)..))))).)).))).......
3637;1;0;-4,192;0;0,00;14;41,00;0,000019;.......(((.((..((((..((....(((.........))).))...)))).).).))).......
3651;1;0;-4,193;0;0,00;11;35,00;0,000019;.........(.(..(((((........(((..(...)..)))......)))))..).).........
3673;1;0;-4,190;0;0,00;17;43,00;0,000019;.....(((((.(..(((((.....((.(((..(...)..)))..))..)))))..).)))....)).
3697;1;0;-4,181;0;0,00;14;41,00;0,000019;.....(.(((.(..(((((........(((..(...)..)))......)))))..).))).).....
3706;1;0;-4,182;0;0,00;14;39,00;0,000019;.......(((.((.(((((...(....(((.........)))..)...))))).)).))).......
3712;1;0;-4,176;0;0,00;12;41,00;0,000019;.......(((.(..(((((.(........)......((....))....)))))..).))).......
3723;1;0;-4,178;0;0,00;13;42,00;0,000019;.......(((.(..(((((...(......(((.........))))...)))))..).))).......
3738;1;0;-4,174;0;0,00;14;43,00;0,000019;...((..(((.(..(((((...........(((.......))).....)))))..).))).))....
3752;1;0;-4,169;0;0,00;12;37,00;0,000018;.....(..((.(..(((((........(((.........)))......)))))..).))..).....
3754;1;0;-4,169;0;0,00;13;38,00;0,000018;.......(((.(..(((((.....(((..(.........)))).....)))))..).))).......
3759;1;0;-4,169;0;0,00;10;37,00;0,000019;.......(((.(..(((((....(............)...........)))))..).))).......
3764;1;0;-4,170;0;0,00;13;39,00;0,000019;.......(((.(..(((((..(.....(((.........)))).....)))))..).))).......
3770;1;0;-4,171;0;0,00;13;44,00;0,000019;.......(((.(..(((((.(((...........)))(....).....)))))..).))).......
3785;1;0;-4,167;0;0,00;12;38,00;0,000018;......((((....(((((..........(((.........)))....))))).........)))).
3800;1;0;-4,162;0;0,00;13;42,00;0,000018;.....(((((.(..(((((.................((....))....)))))..).)))....)).
3814;1;0;-4,157;0;0,00;11;37,00;0,000018;.......(((.((.(((((.......(.........)...........))))).)).))).......
3816;1;0;-4,157;0;0,00;14;38,00;0,000018;.....(.(((.((.(((((........(((.........)))......))))).)).)))....)..
3833;1;0;-4,154;0;0,00;15;41,00;0,000018;.......(((.((.(((((..((.(((.............))).))..))))).)).))).......
3837;1;0;-4,154;0;0,00;14;40,00;0,000018;.......(((.((.(((((..((....((...........)).))...))))).)).))).......
3855;1;0;-4,150;0;0,00;11;36,00;0,000018;.......(((.((..((((........((...........))......))))..)).))).......
3858;1;0;-4,151;0;0,00;14;39,00;0,000018;.......(((.((.(((((...(.(((.............)))..)..))))).)).))).......
3870;1;0;-4,146;0;0,00;17;46,00;0,000018;....((((((.(..(((((...(...)..((((.......))))....)))))..).)))....)))
3885;1;0;-4,142;0;0,00;16;44,00;0,000018;.....(((((.(..(((((........(.((((.......)))).)..)))))..).)))....)).
3892;1;0;-4,143;0;0,00;16;42,00;0,000018;...((..(((.((.(((((..(.....(((.........)))...)..))))).)).))).))....
3893;1;0;-4,143;0;0,00;13;41,00;0,000018;.......(((.(..(((((..........((((.......))))....)))).).).))).......
3894;1;0;-4,144;0;0,00;13;43,00;0,000018;.......(((.(..(((((.(((...........)))....(....).)))))..).))).......
3900;1;0;-4,137;0;0,00;16;49,00;0,000018;...((..(((.(..(((((.(((...........)))((.....))..)))))..).))).))....
3903;1;0;-4,139;0;0,00;14;39,00;0,000018;.....(((((.((.(((((.........((.........)).......))))).)).)))....)).
3910;1;0;-4,133;0;0,00;11;37,00;0,000017;.......(((.((.(((((.........(.......)...........))))).)).))).......
3912;1;0;-4,133;0;0,00;11;36,00;0,000017;.......(((.(..((....(((...........)))...((.....))..))..).))).......
3919;1;0;-4,134;0;0,00;14;41,00;0,000017;......((((.(..(((((........(((..(...)..)))......)))))..).))).).....
3921;1;0;-4,135;0;0,00;14;38,00;0,000017;......((((((..(((((.....(((.............))).....)))))...))....)))).
3925;1;0;-4,136;0;0,00;13;38,00;0,000017;...(...(((.(..(((((.....(((.............))).....)))))..).)))..)....
3928;1;0;-4,137;0;0,00;17;48,00;0,000018;...((..(((.(..(((((..((......((((.......))))))..)))))..).))).))....
3934;1;0;-4,130;0;0,00;11;37,00;0,000017;.......(((.(..(((((...((................))......)))))..).))).......
3955;1;0;-4,126;0;0,00;12;37,00;0,000017;......(.((.(..(((((........(((.........)))......)))))..).))..).....
3974;1;0;-4,124;0;0,00;12;38,00;0,000017;.......(((.(..(((((...(...).((.........)).......)))))..).))).......
3976;1;0;-4,125;0;0,00;16;43,00;0,000017;.....(((((.((..((((..((....(((.........))).))...))))..)).)))....)).
3986;1;0;-4,119;0;0,00;12;37,00;0,000017;........((.(..(((((........(((..(...)..)))......)))))..).))........
3995;1;0;-4,114;0;0,00;10;36,00;0,000017;.......(((.(..(((..........(((.........)))........)))..).))).......
4005;1;0;-4,116;0;0,00;14;42,00;0,000017;.....(.(((.(..(((((..........((((.......))))....)))))..).))).....).
4009;1;0;-4,117;0;0,00;12;35,00;0,000017;.........(.(..(((((.....((.(((.........)))..))..)))))..).).........
4018;1;0;-4,110;0;0,00;17;43,00;0,000017;....((((((.((.(((((........(((..(...)..)))......))))).)).)))....)))
4025;1;0;-4,110;0;0,00;17;46,00;0,000017;...((..(((.(..(((((.....((...((((.......))))))..)))))..).))).))....
4026;1;0;-4,111;0;0,00;14;42,00;0,000017;......((((.(..(((((..........((((.......))))....)))))..).)))....)..
4040;1;0;-4,107;0;0,00;15;41,00;0,000017;......((((.(..(((((..((....(((.........))).))...)))))..).)).....)).
4055;1;0;-4,103;0;0,00;13;42,00;0,000017;.....(((((.(..(((((..((....................))...)))))..).)))....)).
4060;1;0;-4,104;0;0,00;15;41,00;0,000017;.....(.(((.(..(((((.....((.(((.........)))..))..)))))..).))).).....
4088;1;0;-4,101;0;0,00;17;44,00;0,000016;...((..(((.(..(((((.....((.(((..(...)..)))..))..)))))..).))).))....
4098;1;0;-4,095;0;0,00;14;40,00;0,000016;.......(((.(..(((((..(..(((.(.......)...)))..)..)))))..).))).......
4106;1;0;-4,096;0;0,00;11;37,00;0,000016;.......(((.(...((((........(((.........)))......))))...).))).......
4111;1;0;-4,097;0;0,00;8;31,00;0,000016;..............(((((........(((.........)))......)))))..............
4125;1;0;-4,091;0;0,00;13;38,00;0,000016;.......(((.(..(((((.....(..(((.........)))...)..)))))..).))).......
4136;1;0;-4,087;0;0,00;12;40,00;0,000016;.......(((.((..((((...........(((.......))).....))))..)).))).......
4141;1;0;-4,087;0;0,00;16;42,00;0,000016;...(...(((.((.(((((..((....(((.........))).))...))))).)).)))..)....
4162;1;0;-4,089;0;0,00;15;40,00;0,000016;.......(((.((.(((((......(.(((..(...)..)))).....))))).)).))).......
4172;1;0;-4,083;0;0,00;13;38,00;0,000016;...(...(((.((..((((........(((.........)))......))))..)).)))..)....
4174;1;0;-4,083;0;0,00;16;40,00;0,000016;.....(((((.((.(((((.....(..(((.........)))..)...))))).)).)))....)).
4180;1;0;-4,085;0;0,00;15;44,00;0,000016;.......(((.(..(((((..(.....(.((((.......))))))..)))))..).))).......
4197;1;0;-4,080;0;0,00;17;43,00;0,000016;.....(((((.((.(((((..((.(((.............)))))...))))).)).)))....)).
4202;1;0;-4,081;0;0,00;13;39,00;0,000016;.......(((.(..((((......((.(((.........)))..))...))))..).))).......
4203;1;0;-4,081;0;0,00;16;41,00;0,000016;....((((((.((.(((((........(((.........)))......)))))).).)))....)))
4226;1;0;-4,076;0;0,00;16;45,00;0,000016;....((((((.((..((((..........((((.......))))....))))..)).)))....)))
4230;1;0;-4,077;0;0,00;12;40,00;0,000016;.......(((.(..(((((..........((.(.......).))....)))))..).))).......
4231;1;0;-4,077;0;0,00;11;38,00;0,000016;..........((..(((((..........((((.......))))....)))))...)).........
4234;1;0;-4,078;0;0,00;12;38,00;0,000016;.......(((.(..(((((........(((.........)).).....)))))..).))).......
4241;1;0;-4,071;0;0,00;15;40,00;0,000016;.......(((.((.(((((..(...(.(((.........)))..))..))))).)).))).......
4250;1;0;-4,072;0;0,00;13;43,00;0,000016;...((..(((.(..(((((.................((....))....)))))..).))).))....
4272;1;0;-4,070;0;0,00;14;38,00;0,000016;......((((.((.(((((........(((.........)))......))))).)).))).....).
4282;1;0;-4,063;0;0,00;12;40,00;0,000015;.......(((.(..(((.(..........((((.......))))....).)))..).))).......
4287;1;0;-4,064;0;0,00;16;42,00;0,000015;.......(((.((.(((((..((.(..(((.........))))))...))))).)).))).......
4295;1;0;-4,065;0;0,00;16;43,00;0,000016;.......(((.((.(((((..((....(((..(...)..))).))...)))))).).))).......
4296;1;0;-4,066;0;0,00;16;43,00;0,000016;....((((((.(..(((((..(.....(((.........)))...)..)))))..).)))....)))
4307;1;0;-4,060;0;0,00;14;38,00;0,000015;.......(((.((.(((((......(.(((.........)))).....)))))).).))).......
4315;1;0;-4,061;0;0,00;12;39,00;0,000015;.......(((.(..((((.........(((..(...)..))).......))))..).))).......
4328;1;0;-4,055;0;0,00;11;35,00;0,000015;.......(.(.(..(((((........(((.........)))......)))))..).).).......
4334;1;0;-4,056;0;0,00;15;42,00;0,000015;.....(((((.(..(((((..((..((.............)).))...)))))..).)))....)).
4338;1;0;-4,057;0;0,00;14;42,00;0,000015;.......(((.(..(((((......(...((((.......)))))...)))))..).))).......
4340;1;0;-4,058;0;0,00;15;41,00;0,000015;......((((.(..(((((.....((.(((.........)))..))..)))))..).))).).....
4353;1;0;-4,052;0;0,00;16;45,00;0,000015;...((..(((.(..(((((........(.((((.......)))).)..)))))..).))).))....
4361;1;0;-4,054;0;0,00;12;35,00;0,000015;......((((....(((((.....(((.............))).....))))).........)))).
4370;1;0;-4,047;0;0,00;14;40,00;0,000015;.......(((.(..(((((......(.(((..(...)..)))..)...)))))..).))).......
4372;1;0;-4,047;0;0,00;14;40,00;0,000015;.......(((.(..(((((..(..((..((.........))))..)..)))))..).))).......
4380;1;0;-4,049;0;0,00;14;40,00;0,000015;...((..(((.((.(((((.........((.........)).......))))).)).))).))....
4382;1;0;-4,049;0;0,00;15;45,00;0,000015;.......(((.((..((((..((......((((.......))))))..))))..)).))).......
4385;1;0;-4,050;0;0,00;14;46,00;0,000015;.......(((.((..((((.(((...........)))((.....))..))))..)).))).......
4390;1;0;-4,043;0;0,00;16;43,00;0,000015;......((((((..(((((...(.....)((((.......))))....)))))...))....)))).
4392;1;0;-4,044;0;0,00;15;43,00;0,000015;...(...(((.(..(((((...(.....)((((.......))))....)))))..).)))..)....
4426;1;0;-4,042;0;0,00;13;37,00;0,000015;........((.(..(((((.....((.(((.........)))..))..)))))..).))........
4445;1;0;-4,037;0;0,00;15;43,00;0,000015;.......(((.(..(((((...(...)(.((((.......)))).)..)))))..).))).......
4463;1;0;-4,033;0;0,00;15;41,00;0,000015;.......(((.((.(((((..((....(((.........))).).)..))))).)).))).......
4466;1;0;-4,033;0;0,00;18;43,00;0,000015;....((((((.((.(((((.....((.(((.........)))..))..))))).)).)))....)))
4474;1;0;-4,035;0;0,00;15;40,00;0,000015;......((((.((.(((((..........((((.......))))....))))).)).).....))).
4477;1;0;-4,035;0;0,00;16;44,00;0,000015;...((..(((.((..((((..((....(((.........))).))...))))..)).))).))....
4487;1;0;-4,028;0;0,00;14;39,00;0,000015;.......(((.((.(((((........((((....)...)))......))))).)).))).......
4497;1;0;-4,030;0;0,00;13;38,00;0,000015;.......(((.(..(((((.....(((..(.....)....))).....)))))..).))).......
4505;1;0;-4,031;0;0,00;15;40,00;0,000015;...(.(.(((.((.(((((........(((.........)))......))))).)).))).))....
4508;1;0;-4,024;0;0,00;10;37,00;0,000014;...(...(((.(..(((((.............................)))))..).)))..)....
4516;1;0;-4,024;0;0,00;14;43,00;0,000014;.......(((.(..(((((...(.....).((.((.....))..))..)))))..).))).......
4544;1;0;-4,022;0;0,00;14;40,00;0,000014;.......(((.(..(((((...(..(.(((.........)))).)...)))))..).))).......
4548;1;0;-4,022;0;0,00;12;40,00;0,000014;.......(((.(..(((((...(.....)((...........))....)))))..).))).......
4555;1;0;-4,023;0;0,00;11;37,00;0,000014;......((((((..(((((.............................)))))...))....)))).
4558;1;0;-4,023;0;0,00;15;43,00;0,000014;.......(((.((..((((.....((...((((.......))))))..))))..)).))).......
4577;1;0;-4,018;0;0,00;10;34,00;0,000014;.......(((.(..(((((......................(.....))))))..).))).......
4597;1;0;-4,013;0;0,00;13;43,00;0,000014;...((..(((.(..(((((..((....................))...)))))..).))).))....
4598;1;0;-4,013;0;0,00;15;41,00;0,000014;.......(((.((..((((.....((.(((..(...)..)))..))..))))..)).))).......
4611;1;0;-4,015;0;0,00;10;38,00;0,000014;.......(((.(..(((((...(................)........)))))..).))).......
4626;1;0;-4,010;0;0,00;14;43,00;0,000014;.......(((.(..(((((...(......((((.......)))).)..)))))..).))).......
4637;1;0;-4,005;0;0,00;10;32,00;0,000014;.......(((.(..((((......................((.....))))))..).))).......
4644;1;0;-4,006;0;0,00;14;40,00;0,000014;.......(((.(..(((((...(..(.(((.........))))..)..)))))..).))).......
4675;1;0;-4,003;0;0,00;12;40,00;0,000014;.......(((.(..(((((....(.....).......((.....))..)))))..).))).......
4679;1;0;-3,998;0;0,00;15;42,00;0,000014;.......(((.((.(((((.....(....((((.......)))))...))))).)).))).......
4687;1;0;-3,997;0;0,00;11;37,00;0,000014;.......(((.((.(((((..........(.....)............))))).)).))).......
4698;1;0;-3,996;0;0,00;10;36,00;0,000014;.......(((.(..(((((........(.............)......)))))..).))).......
4709;1;0;-3,994;0;0,00;16;41,00;0,000014;...((..(((.((.(((((.....(..(((.........)))..)...))))).)).))).))....
4713;1;0;-3,991;0;0,00;17;44,00;0,000014;...((..(((.((.(((((..((.(((.............)))))...))))).)).))).))....
4727;1;0;-3,989;0;0,00;10;36,00;0,000014;.........(.(..(((((..........(((.........)))....)))))..).).........
4752;1;0;-3,985;0;0,00;11;40,00;0,000014;.......(((.((..((((.................((....))....))))..)).))).......
4756;1;0;-3,986;0;0,00;13;38,00;0,000014;.......(((.(..(((((......((.((.....))...))......)))))..).))).......
4771;1;0;-3,984;0;0,00;13;40,00;0,000014;.....(((((.(..(((((..............((.....))......)))))..).)))....)).
4775;1;0;-3,981;0;0,00;13;41,00;0,000013;.....(((((.(..(((((..........((...........))....)))))..).)))....)).
4776;1;0;-3,981;0;0,00;14;42,00;0,000013;.......(((.(..(((((..((.(...((.........)).)))...)))))..).))).......
4798;1;0;-3,977;0;0,00;13;42,00;0,000013;.....(.(((.(..(((((..........(((.........)))....)))))..).))).).....
4803;1;0;-3,978;0;0,00;13;41,00;0,000013;.......(((.(..(((((..........(((..(.....))))....)))))..).))).......
4806;1;0;-3,978;0;0,00;13;42,00;0,000013;.......(((.(..(((((..((.....((.....))......))...)))))..).))).......
4820;1;0;-3,974;0;0,00;16;41,00;0,000013;.......(((.((.(((((..(..(((.((.....))...)))..)..))))).)).))).......
4833;1;0;-3,971;0;0,00;14;41,00;0,000013;....((((((.(..(((((.........((.........)).......)))))..).)))....)))
4836;1;0;-3,972;0;0,00;13;36,00;0,000013;......((((....(((((........(((.........)))......)))))(.....)..)))).
4860;1;0;-3,965;0;0,00;14;42,00;0,000013;.......(((.((..((((........(.((((.......)))).)..))))..)).))).......
4863;1;0;-3,965;0;0,00;10;37,00;0,000013;.......(((.(..(((((..........(.............)....)))))..).))).......
4873;1;0;-3,967;0;0,00;15;43,00;0,000013;...((..(((.(..(((((..((..((.............)).))...)))))..).))).))....
4876;1;0;-3,963;0;0,00;13;40,00;0,000013;.......(((.(..(((((((..((..........))...))......)))))..).))).......
4885;1;0;-3,964;0;0,00;13;39,00;0,000013;.......(((.((..((((........(((..(...)..)))......)))).).).))).......
4890;1;0;-3,964;0;0,00;15;43,00;0,000013;.......(((.(..((((((.((....(((.........))).)))..)))))..).))).......
4895;1;0;-3,961;0;0,00;13;40,00;0,000013;.......(((.(..(((((......(..((..(...)..)).).....)))))..).))).......
4914;1;0;-3,963;0;0,00;13;41,00;0,000013;.......(((.(..(((((........(..(((.......))).)...)))))..).))).......
4924;1;0;-3,960;0;0,00;14;43,00;0,000013;(...)..(((.(..(((((..........((((.......))))....)))))..).))).......
4930;1;0;-3,957;0;0,00;14;40,00;0,000013;.......(((.(..((((....(.((.(((.........)))..))..)))))..).))).......
4952;1;0;-3,953;0;0,00;14;40,00;0,000013;......((((.(..(((((..........((((.......))))....)))))......)..)))).
4954;1;0;-3,953;0;0,00;15;43,00;0,000013;.......(((.(..(((((..((....(((.(...)...))).))...)))))..).))).......
4965;1;0;-3,951;0;0,00;13;41,00;0,000013;......(.((.(..(((((..........((((.......))))....)))))..).))).......
4967;1;0;-3,951;0;0,00;16;41,00;0,000013;.....(((((.(..(((((.....(((.((.....))...))).....)))))..).)))....)).
4999;1;0;-3,949;0;0,00;13;39,00;0,000013;.......(((.(..(((((..(.....(((.........)))..)...)))))..).))).......
5002;1;0;-3,946;0;0,00;13;40,00;0,000013;.......(((.(..(((((..((..((.............))..))..)))))..).))).......
5009;1;0;-3,947;0;0,00;13;40,00;0,000013;.......(((.(..(((((.(((...........)))....(.....))))))..).))).......
5024;1;0;-3,942;0;0,00;10;36,00;0,000013;.......(((.(..(((((......(...............)......)))))..).))).......
5027;1;0;-3,942;0;0,00;14;39,00;0,000013;.......(((.((.(((((...(....(((.........)))).....))))).)).))).......
5033;1;0;-3,943;0;0,00;14;39,00;0,000013;.......(((.((.(((((..(..(((.............)))..)..)))))).).))).......
5042;1;0;-3,941;0;0,00;14;41,00;0,000013;.......(((.(..(((((..((.(...((.........))).))...)))))..).))).......
5046;1;0;-3,941;0;0,00;9;34,00;0,000013;......((((....(((((.............................))))).........)))).
5061;1;0;-3,936;0;0,00;14;41,00;0,000012;.......(((.((.(((((...(.....).(((.......))).....))))).)).))).......
5074;1;0;-3,934;0;0,00;14;40,00;0,000012;.......(((.(..(((((.....(..(((..(...)..)))).....)))))..).))).......
5081;1;0;-3,932;0;0,00;15;40,00;0,000012;.......(((.((.(((((..(...(.(((.........))))..)..))))).)).))).......
5097;1;0;-3,930;0;0,00;13;42,00;0,000012;......((((.(..(((((..........(((.........)))....)))))..).))).).....
5103;1;0;-3,931;0;0,00;16;45,00;0,000012;.....(((((.(..(((((...(......((((.......)))))...)))))..).)))....)).
5111;1;0;-3,929;0;0,00;14;37,00;0,000012;.....((.((.((.(((((........(((.........)))......))))).)).)).....)).
5112;1;0;-3,929;0;0,00;15;42,00;0,000012;.......(((.((.(((((.....(....((((.......)))).)..))))).)).))).......
5114;1;0;-3,929;0;0,00;13;39,00;0,000012;.......(((.((.(((((..(..((...............))..)..))))).)).))).......
5117;1;0;-3,926;0;0,00;11;40,00;0,000012;.......(((.((..((((..((....................))...))))..)).))).......
5128;1;0;-3,927;0;0,00;13;39,00;0,000012;.......(((.(..(((((...(.(((.............))))....)))))..).))).......
5132;1;0;-3,924;0;0,00;11;40,00;0,000012;.......(((.(..(((((..((.....................))..)))))..).))).......
5139;1;0;-3,922;0;0,00;10;37,00;0,000012;.......(((.(..(((((.....(.................).....)))))..).))).......
5160;1;0;-3,918;0;0,00;10;36,00;0,000012;.......(((.(..(((((....(.....)..................)))))..).))).......
5167;1;0;-3,916;0;0,00;15;40,00;0,000012;......((((.(..(((((..((....(((.........))).))...)))))..).).....))).
5171;1;0;-3,916;0;0,00;12;39,00;0,000012;.......(((.((.(((((...........((.........)).....))))).)).))).......
5177;1;0;-3,917;0;0,00;12;36,00;0,000012;.......(((.((.((.((........(((.........)))......)).)).)).))).......
5181;1;0;-3,915;0;0,00;11;38,00;0,000012;........((.(..(((((..........(((.........)))....)))))..).))........
5187;1;0;-3,915;0;0,00;12;38,00;0,000012;.......(((.((.(((((............((.......))......))))).)).))).......
5191;1;0;-3,916;0;0,00;16;42,00;0,000012;....((((((.(..(((((.....(..(((.........)))..)...)))))..).)))....)))
5196;1;0;-3,913;0;0,00;17;45,00;0,000012;....((((((.(..(((((..((.(((.............)))))...)))))..).)))....)))
5210;1;0;-3,911;0;0,00;15;43,00;0,000012;.....(((((.(..(((((...(.....)(((.........)))....)))))..).)))....)).
5213;1;0;-3,911;0;0,00;13;41,00;0,000012;.....(..((.(..(((((..........((((.......))))....)))))..).))..).....
5228;1;0;-3,907;0;0,00;13;39,00;0,000012;.....(((((.(..(((((.....((...............)).....)))))..).)))....)).
5237;1;0;-3,905;0;0,00;13;41,00;0,000012;.......(((.(..((((...((....(((.........))).))....))))..).))).......
5240;1;0;-3,906;0;0,00;16;44,00;0,000012;....((((((.((.(((((..........(((.........)))....))))).)).)))....)))
5255;1;0;-3,901;0;0,00;18;45,00;0,000012;.....(((((.((.(((((..((....(((..(...)..))).))...))))).)).)))....)).
5272;1;0;-3,900;0;0,00;15;42,00;0,000012;.....(.(((.((.(((((..........((((.......))))....))))).)).)))....)..
5274;1;0;-3,900;0;0,00;13;41,00;0,000012;.......(((.(..(((((...(...)...(((.......))).....)))))..).))).......
5279;1;0;-3,897;0;0,00;15;41,00;0,000012;.....(((((.((..((((........(((..(...)..)))......))))..)).)))....)).
5281;1;0;-3,897;0;0,00;16;42,00;0,000012;.......(((.((.(((((..((..(.(((.........))))))...))))).)).))).......
5282;1;0;-3,897;0;0,00;12;36,00;0,000012;.......(((.((.(((((........((...........))......)))))).).))).......
5289;1;0;-3,898;0;0,00;10;38,00;0,000012;.......(((.(..(((((...........(....)............)))))..).))).......
5294;1;0;-3,895;0;0,00;16;43,00;0,000012;......((((((..(((((...(...)..((((.......))))....)))))...))....)))).
5298;1;0;-3,896;0;0,00;15;43,00;0,000012;...(...(((.(..(((((...(...)..((((.......))))....)))))..).)))..)....
5300;1;0;-3,896;0;0,00;16;40,00;0,000012;.....(((((.((.(((((......(.(((.........)))).....))))).)).)))....)).
5301;1;0;-3,896;0;0,00;12;42,00;0,000012;.......(((.(..(((((...(.........)....((.....))..)))))..).))).......
5305;1;0;-3,893;0;0,00;15;38,00;0,000012;......((((.((((((((........(((.........)))......)))))...)).)..)))).
5311;1;0;-3,894;0;0,00;13;41,00;0,000012;...((..(((.(..(((((..............((.....))......)))))..).))).))....
5312;1;0;-3,894;0;0,00;12;38,00;0,000012;.......(((.(..((....(((...........)))...(((...)))..))..).))).......
5320;1;0;-3,891;0;0,00;13;42,00;0,000012;...((..(((.(..(((((..........((...........))....)))))..).))).))....
5330;1;0;-3,889;0;0,00;12;40,00;0,000012;.......(((.(..(((((..((.(................).))...)))))..).))).......
5341;1;0;-3,887;0;0,00;14;39,00;0,000011;.......(((.((..((((.....((.(((.........)))..))..)))).).).))).......
5362;1;0;-3,886;0;0,00;13;39,00;0,000011;.......(((.((.(((((..(......((.........))....)..))))).)).))).......
5385;1;0;-3,882;0;0,00;12;38,00;0,000011;.......(((.(..(((((..(.....((...........))...)..)))))..).))).......
5387;1;0;-3,882;0;0,00;13;40,00;0,000011;.....(((((.(..(((((.......((.......))...........)))))..).)))....)).
5395;1;0;-3,879;0;0,00;15;44,00;0,000011;.......(((.((.(((((..((......(((.........)))))..))))).)).))).......
5397;1;0;-3,880;0;0,00;13;40,00;0,000011;.......(((.((..((((..((..((.............)).))...))))..)).))).......
5420;1;0;-3,879;0;0,00;14;39,00;0,000011;......((((.(..(((((........(((..(...)..)))......)))))..).)).....)).
5429;1;0;-3,876;0;0,00;10;33,00;0,000011;.........(.(..(((((.....(((.............))).....)))))..).).........
5439;1;0;-3,874;0;0,00;12;36,00;0,000011;.......(((.(..((((..((.............))...((.....))))))..).))).......
5440;1;0;-3,874;0;0,00;12;40,00;0,000011;.......(((.(..(((((...(...)..((...........))....)))))..).))).......
5453;1;0;-3,872;0;0,00;17;43,00;0,000011;.....(((((.((.(((((..((....(((.........))).))...)))))).).)))....)).
5455;1;0;-3,873;0;0,00;15;43,00;0,000011;.......(((.(..(((((..((....(((..(...)..)))..))..)))))..).))).......
5457;1;0;-3,869;0;0,00;12;42,00;0,000011;.......(((.(..(((((...(...........)..((.....))..)))))..).))).......
5466;1;0;-3,870;0;0,00;13;37,00;0,000011;.......(((.((.(((...(((...........)))...((.....)).))).)).))).......
5474;1;0;-3,868;0;0,00;13;39,00;0,000011;.....(((((.(..((((.........(((.........))).......))))..).)))....)).
5476;1;0;-3,869;0;0,00;13;41,00;0,000011;......(.((.(..(((((..........((((.......))))....)))))..).))..).....
5477;1;0;-3,865;0;0,00;15;40,00;0,000011;.....(((((.(..((((..(((...........)))...((.....))))))..).)))....)).
5496;1;0;-3,864;0;0,00;13;39,00;0,000011;.....(.(((.(..(((((.....(((.............))).....)))))..).))).).....
5509;1;0;-3,862;0;0,00;16;42,00;0,000011;...((..(((.(..(((((.....(((.((.....))...))).....)))))..).))).))....
5516;1;0;-3,863;0;0,00;13;41,00;0,000011;.......(((.(..(((((......(...(((.........))).)..)))))..).))).......
5531;1;0;-3,861;0;0,00;13;38,00;0,000011;.......(((.((.(((((.....(...((.........)).).....))))).)).))).......
5532;1;0;-3,861;0;0,00;14;44,00;0,000011;.......(((.((.(((((.(((...........)))(.......)..))))).)).))).......
5535;1;0;-3,857;0;0,00;11;40,00;0,000011;.......(((.(..((((...........(((.........))).....))))..).))).......
5536;1;0;-3,858;0;0,00;14;42,00;0,000011;.....(((((.(..(((((....(.....)......((....))....)))))..).)))....)).
5539;1;0;-3,858;0;0,00;10;38,00;0,000011;.......(((.(..(((((.................(......)....)))))..).))).......
5545;1;0;-3,859;0;0,00;14;39,00;0,000011;.......(((.((.(((((...(.(((.............))).)...))))).)).))).......
5547;1;0;-3,859;0;0,00;15;40,00;0,000011;...(...(((.((.(((((........(((..(...)..)))......))))).)).)))..)....
5559;1;0;-3,857;0;0,00;11;40,00;0,000011;.......(((.(..(((............((((.......))))......)))..).))).......
5561;1;0;-3,857;0;0,00;13;40,00;0,000011;.......(((.(..(((((....(.....)(((.......))).....)))))..).))).......
5564;1;0;-3,857;0;0,00;13;41,00;0,000011;.......(((.((.(((((...(.....).......((....))....))))).)).))).......
5565;1;0;-3,854;0;0,00;15;40,00;0,000011;.....(((((.(..(((((......(.(((.........)))..)...)))))..).)))....)).
5571;1;0;-3,855;0;0,00;13;42,00;0,000011;.......(((.(..(((((..(.......(((.........))).)..)))))..).))).......
5579;1;0;-3,852;0;0,00;11;40,00;0,000011;.......(((.(..(((((.((.............))...........)))))..).))).......
5585;1;0;-3,853;0;0,00;15;42,00;0,000011;.......(((.((.(((((.....((...(((.........)))))..))))).)).))).......
5591;1;0;-3,850;0;0,00;14;38,00;0,000011;.......(((.((.(((((.....((.((...........))..))..))))).)).))).......
5600;1;0;-3,851;0;0,00;15;42,00;0,000011;.......(((.(..(((((..(..(..(((..(...)..)))..))..)))))..).))).......
4;2;0;-8,287;1;0,00;11;4,00;0,019293;...........((((.(((....)))))))......................((((......)))).
32;2;0;-7,266;0;0,00;12;5,00;0,003449;...........((((.(((....)))))))....(.....)...........((((......)))).
77;2;0;-6,823;0;0,00;12;10,00;0,001631;...........((((.(((....)))))))......((....))........(((........))).
101;2;0;-6,632;0;0,00;10;6,00;0,001182;...........(((..(((....))).)))......................((((......)))).
110;2;0;-6,594;0;0,00;10;6,00;0,001108;...........((((.((......))))))......................((((......)))).
124;2;1;-6,520;0;0,00;10;6,00;0,000979;...........((((.(((....)))))))......................(((........))).
175;2;0;-6,281;0;0,00;12;6,00;0,000653;...........((((.(((....))))))).......(....).........((((......)))).
277;2;0;-5,985;0;0,00;13;12,00;0,000396;..(.....)..((((.(((....)))))))......((....))........(((........))).
281;2;0;-5,988;0;0,00;12;6,00;0,000398;...........((((.(((....))))))).......(.......)......((((......)))).
350;2;0;-5,857;0;0,00;9;8,00;0,000319;...........((((..((....)).))))......................(((........))).
364;2;0;-5,815;0;0,00;10;6,00;0,000298;...........((((.(((....))))))).......................(((......)))..
376;2;0;-5,794;0;0,00;13;12,00;0,000287;.........(.((((.(((....)))))))..)...((....))........(((........))).
393;2;0;-5,759;0;0,00;12;6,00;0,000271;.....(....)((((.(((....)))))))......................((((......)))).
411;2;0;-5,732;0;0,00;12;8,00;0,000259;...........((((.(((....)))))))...((.....))..........(((........))).
454;2;0;-5,682;0;0,00;11;8,00;0,000238;..(.....)..((((.(((....)))))))......................(((........))).
491;2;0;-5,624;0;0,00;7;12,00;0,000216;...........((((...........))))......................(((........))).
492;2;0;-5,624;0;0,00;12;6,00;0,000216;...........((((.(((....)))))))........(.....).......((((......)))).
502;2;0;-5,612;0;0,00;11;7,00;0,000211;...........(((..(((....))).)))....(.....)...........((((......)))).
525;2;0;-5,574;0;0,00;11;7,00;0,000198;...........((((.((......))))))....(.....)...........((((......)))).
543;2;0;-5,542;0;0,00;12;5,00;0,000188;...........((((.(((....)))))))...(.......)..........((((......)))).
565;2;0;-5,508;0;0,00;11;12,00;0,000177;...........((((.(((....)))))))......((....))........((..........)).
572;2;0;-5,500;0;0,00;11;7,00;0,000175;...........((((.(((....)))))))....(.....)...........(((........))).
591;2;0;-5,492;0;0,00;11;8,00;0,000173;.........(.((((.(((....)))))))..)...................(((........))).
657;2;0;-5,416;0;0,00;12;6,00;0,000152;.....(...).((((.(((....)))))))......................((((......)))).
675;2;0;-5,396;0;0,00;12;6,00;0,000147;...........((((.(((....)))))))........(......)......((((......)))).
693;2;0;-5,385;0;0,00;12;10,00;0,000144;...........((((.(((....))))))).......((.....))......(((........))).
695;2;0;-5,380;0;0,00;10;18,00;0,000143;...........((((.(((....)))))))....(((....................))).......
807;2;0;-5,275;0;0,00;12;6,00;0,000120;...........((((.(((....))))))).........(...........)((((......)))).
838;2;0;-5,243;0;0,00;12;5,00;0,000113;...........((((.(((....))))))).......(...)..........((((......)))).
867;2;0;-5,226;0;0,00;12;6,00;0,000110;...........((((.(((....)))))))..............(....)..((((......)))).
876;2;0;-5,219;0;0,00;12;6,00;0,000109;...........((((.(((....))))))).......(......).......((((......)))).
896;2;0;-5,206;0;0,00;9;8,00;0,000106;...........((((.(((....)))))))......................((..........)).
940;2;0;-5,168;0;0,00;11;12,00;0,000100;...........(((..(((....))).)))......((....))........(((........))).
959;2;0;-5,162;0;0,00;12;5,00;0,000099;...........((((.(((....))))))).(.........)..........((((......)))).
991;2;0;-5,130;0;0,00;11;12,00;0,000094;...........((((.((......))))))......((....))........(((........))).
998;2;0;-5,132;0;0,00;12;6,00;0,000094;..........(((((.(((....)))))))..)...................((((......)))).
1004;2;0;-5,128;0;0,00;11;8,00;0,000093;...........((((.(((....)))))))......(......)........(((........))).
1041;2;0;-5,100;0;0,00;14;14,00;0,000089;........((.((((.(((....)))))))..))..((....))........(((........))).
1052;2;0;-5,091;0;0,00;13;7,00;0,000088;...........((((.(((....)))))))((.........)).........((((......)))).
1072;2;0;-5,079;0;0,00;12;6,00;0,000086;.........(.((((.(((....)))))))....).................((((......)))).
1096;2;0;-5,068;0;0,00;11;10,00;0,000084;...........((((..((....)).))))...((.....))..........(((........))).
1097;2;0;-5,070;0;0,00;11;8,00;0,000085;...........((((.(((....)))))))..(...)...............(((........))).
1106;2;0;-5,059;0;0,00;11;7,00;0,000083;...........((((.(((....)))))))......(...........)...(((........))).
1121;2;0;-5,052;0;0,00;13;7,00;0,000082;...........((((.(((....)))))))...........((......)).((((......)))).
1162;2;0;-5,025;0;0,00;9;8,00;0,000079;...........((((.(........)))))......................((((......)))).
1174;2;0;-5,019;0;0,00;10;10,00;0,000078;..(.....)..((((..((....)).))))......................(((........))).
1178;2;0;-5,020;0;0,00;12;6,00;0,000078;...........((((.(((....))))))).....(.............)..((((......)))).
1234;2;0;-4,980;0;0,00;12;6,00;0,000073;...........((((.(((....))))))).(...)................((((......)))).
1251;2;0;-4,972;0;0,00;11;19,00;0,000072;...........((((.(((....)))))))....(((..(...............).))).......
1270;2;0;-4,950;0;0,00;12;9,00;0,000069;...........((((.(((....))))))).....((...........))..(((........))).
1271;2;0;-4,951;0;0,00;9;16,00;0,000069;...........((((.(((....)))))))......((....)).......................
1296;2;0;-4,939;0;0,00;9;8,00;0,000068;...........(((..((......)).)))......................((((......)))).
1311;2;0;-4,937;0;0,00;11;17,00;0,000068;...........((((.(((....)))))))......((....))....((....))...........
1318;2;0;-4,933;0;0,00;12;6,00;0,000067;...........((((.(((....)))))))........(...).........((((......)))).
1365;2;0;-4,910;0;0,00;12;6,00;0,000065;...........((((.(((....)))))))...(...........)......((((......)))).
1399;2;0;-4,894;0;0,00;13;10,00;0,000063;..(.....)..((((.(((....)))))))...((.....))..........(((........))).
1423;2;0;-4,878;0;0,00;13;12,00;0,000061;.....(..((.((((.(((....)))))))..))..)...............(((........))).
1450;2;0;-4,866;0;0,00;9;8,00;0,000060;...........(((..(((....))).)))......................(((........))).
1453;2;0;-4,860;0;0,00;11;4,00;0,000059;...........((((.(((....)))))))..........(.......)...(((........))).
1497;2;0;-4,836;0;0,00;10;9,00;0,000057;...........((((..((....)).))))....(.....)...........(((........))).
1513;2;0;-4,836;0;0,00;13;12,00;0,000057;......(.((.((((.(((....)))))))..))..)...............(((........))).
1515;2;0;-4,828;0;0,00;10;10,00;0,000056;.........(.((((..((....)).))))..)...................(((........))).
1540;2;0;-4,828;0;0,00;9;8,00;0,000056;...........((((.((......))))))......................(((........))).
1575;2;0;-4,805;0;0,00;12;5,00;0,000054;...........((((.(((....)))))))............(....)....((((......)))).
1593;2;0;-4,798;0;0,00;12;10,00;0,000053;........((.((((.(((....)))))))..))..................(((........))).
1609;2;0;-4,795;0;0,00;11;7,00;0,000053;...........((((.(((....)))))))....(.....)............(((......)))..
1627;2;0;-4,786;0;0,00;8;14,00;0,000052;..(.....)..((((...........))))......................(((........))).
1645;2;0;-4,784;0;0,00;12;5,00;0,000052;...........((((.(((....)))))))...........(....).....((((......)))).
1666;2;0;-4,768;0;0,00;10;6,00;0,000051;............(((.(((....)))))).......................((((......)))).
1719;2;0;-4,739;0;0,00;13;7,00;0,000048;.....(....)((((.(((....)))))))....(.....)...........((((......)))).
1772;2;0;-4,721;0;0,00;11;12,00;0,000047;...........((((..((....)).)))).......((.....))......(((........))).
1845;2;0;-4,689;0;0,00;11;7,00;0,000044;...........((((.(((....)))))))..(.......)...........(((........))).
1851;2;0;-4,684;0;0,00;12;6,00;0,000044;...........((((.(((....))))))).....(..........).....((((......)))).
1875;2;0;-4,676;0;0,00;12;6,00;0,000044;...........((((.(((....)))))))...............(...)..((((......)))).
1876;2;0;-4,676;0;0,00;12;6,00;0,000044;...........((((.(((....)))))))............(...).....((((......)))).
1903;2;0;-4,670;0;0,00;12;14,00;0,000043;..(.....)..((((.(((....)))))))......((....))........((..........)).
1925;2;0;-4,662;0;0,00;12;9,00;0,000043;..(.....)..((((.(((....)))))))....(.....)...........(((........))).
1974;2;0;-4,648;0;0,00;7;12,00;0,000042;...........((((.(((....))))))).....................................
1977;2;0;-4,642;0;0,00;13;12,00;0,000041;...(...)...((((.(((....)))))))......((....))........(((........))).
1993;2;0;-4,634;0;0,00;9;13,00;0,000041;...........((((.(((....)))))))..................((....))...........
2014;2;0;-4,626;0;0,00;11;8,00;0,000040;...........(((..(((....))).))).......(....).........((((......)))).
2079;2;0;-4,609;0;0,00;12;6,00;0,000039;...........((((.(((....)))))))..(..................)((((......)))).
2099;2;0;-4,596;0;0,00;8;14,00;0,000038;.........(.((((...........))))..)...................(((........))).
2132;2;0;-4,588;0;0,00;11;8,00;0,000038;...........((((.((......)))))).......(....).........((((......)))).
2146;2;0;-4,579;0;0,00;12;19,00;0,000037;...........((((.(((....)))))))....(((..((.............)).))).......
2161;2;0;-4,576;0;0,00;13;10,00;0,000037;............(((.(((....))))))(((.........)))........((((......)))).
2195;2;0;-4,561;0;0,00;12;6,00;0,000036;...........((((.(((....)))))))...(..........).......((((......)))).
2227;2;0;-4,553;0;0,00;10;6,00;0,000035;...........((((.(.(....).)))))......................((((......)))).
2231;2;0;-4,547;0;0,00;13;12,00;0,000035;..(.....)..((((.(((....))))))).......((.....))......(((........))).
2264;2;0;-4,540;0;0,00;12;8,00;0,000035;...........((((.(((....))))))).((.......))..........(((........))).
2267;2;0;-4,540;0;0,00;12;6,00;0,000035;...........((((.(((....)))))))............(......)..((((......)))).
2270;2;0;-4,542;0;0,00;8;10,00;0,000035;...........((((..((....)).))))......................((..........)).
2271;2;0;-4,542;0;0,00;11;20,00;0,000035;..(.....)..((((.(((....)))))))....(((....................))).......
2293;2;0;-4,528;0;0,00;12;6,00;0,000034;..........(((((.(((....)))))))....).................((((......)))).
2301;2;0;-4,530;0;0,00;12;6,00;0,000034;...........((((.(((....)))))))...(........).........((((......)))).
2354;2;0;-4,514;0;0,00;11;8,00;0,000033;...........((((.(((....))))))).......(....).........(((........))).
2363;2;0;-4,510;0;0,00;10;18,00;0,000033;...........((((.(((....)))))))......((....)).......(.....).........
2432;2;0;-4,488;0;0,00;9;16,00;0,000032;...........((((...........)))).......((.....))......(((........))).
2451;2;0;-4,485;0;0,00;12;6,00;0,000032;......(...)((((.(((....)))))))......................((((......)))).
2459;2;0;-4,487;0;0,00;12;6,00;0,000032;...........((((.(((....)))))))............(.......).((((......)))).
2488;2;0;-4,480;0;0,00;12;14,00;0,000031;.........(.((((.(((....)))))))..)...((....))........((..........)).
2492;2;0;-4,473;0;0,00;11;17,00;0,000031;...........((((.(((....)))))))....(((..(...................)..)))..
2508;2;0;-4,469;0;0,00;13;10,00;0,000031;...........((((.(((....)))))))(((.......))).........(((........))).
2515;2;0;-4,471;0;0,00;12;6,00;0,000031;...........((((.(((....)))))))(....)................((((......)))).
2522;2;0;-4,465;0;0,00;12;5,00;0,000031;...........((((.(((....)))))))...........(........).((((......)))).
2579;2;0;-4,450;0;0,00;12;6,00;0,000030;(...)......((((.(((....)))))))......................((((......)))).
2641;2;0;-4,437;0;0,00;14;14,00;0,000029;..(((....(.((((.(((....)))))))..))))................(((........))).
2642;2;0;-4,437;0;0,00;13;12,00;0,000029;..(((......((((.(((....)))))))...)))................(((........))).
2712;2;0;-4,418;0;0,00;11;10,00;0,000028;...........((((.(((....)))))))...((.....))..........((..........)).
2723;2;0;-4,411;0;0,00;10;15,00;0,000028;...........((((.(((....)))))))....(((.........................)))..
2829;2;0;-4,390;0;0,00;10;17,00;0,000027;...........((((.(((....)))))))......((....)).........(.....).......
2893;2;0;-4,368;0;0,00;10;10,00;0,000026;..(.....)..((((.(((....)))))))......................((..........)).
2911;2;0;-4,365;0;0,00;13;12,00;0,000026;...........((((.(((....)))))))...(..((....)).)......(((........))).
2939;2;0;-4,356;0;0,00;13;12,00;0,000025;.........(.((((.(((....)))))))..)....((.....))......(((........))).
2974;2;0;-4,351;0;0,00;11;12,00;0,000025;...........((((.(((....)))))))......((....)).........((........))..
2996;2;0;-4,342;0;0,00;12;6,00;0,000025;...........((((.(((....))))))).....(..............).((((......)))).
3002;2;0;-4,337;0;0,00;12;6,00;0,000025;...........((((.(((....))))))).(.............)......((((......)))).
3008;2;0;-4,340;0;0,00;11;8,00;0,000025;...(...)...((((.(((....)))))))......................(((........))).
3014;2;0;-4,333;0;0,00;11;8,00;0,000024;...........(((..(((....))).))).......(.......)......((((......)))).
3032;2;0;-4,330;0;0,00;12;14,00;0,000024;..(.....)..(((..(((....))).)))......((....))........(((........))).
3107;2;0;-4,309;0;0,00;6;14,00;0,000023;...........((((...........))))......................((..........)).
3172;2;0;-4,295;0;0,00;11;8,00;0,000023;...........((((.((......)))))).......(.......)......((((......)))).
3173;2;0;-4,295;0;0,00;13;12,00;0,000023;.....(....)((((.(((....)))))))......((....))........(((........))).
3188;2;0;-4,290;0;0,00;12;10,00;0,000023;..(.....)..((((.(((....)))))))......(......)........(((........))).
3202;2;0;-4,292;0;0,00;12;14,00;0,000023;..(.....)..((((.((......))))))......((....))........(((........))).
3222;2;0;-4,288;0;0,00;10;6,00;0,000023;...........((((.(((....)))))))......................((.(......).)).
3264;2;0;-4,275;0;0,00;13;7,00;0,000022;...........((((.(((....))))))).........(.(.......).)((((......)))).
3369;2;0;-4,252;0;0,00;14;14,00;0,000021;....((..((.((((.(((....)))))))..))..))..............(((........))).
3461;2;0;-4,231;0;0,00;12;12,00;0,000021;..(.....)..((((..((....)).))))...((.....))..........(((........))).
3468;2;0;-4,232;0;0,00;12;10,00;0,000021;..(.....)..((((.(((....)))))))..(...)...............(((........))).
3532;2;0;-4,221;0;0,00;12;9,00;0,000020;..(.....)..((((.(((....)))))))......(...........)...(((........))).
3534;2;0;-4,221;0;0,00;11;8,00;0,000020;...........((((.(((....))))))).......(.......)......(((........))).
3545;2;0;-4,216;0;0,00;11;18,00;0,000020;...........((((.(((....)))))))......((....)).........((.....)).....
3576;2;0;-4,208;0;0,00;8;14,00;0,000020;...........((((.(((....))))))).....................(.....).........
3622;2;0;-4,197;0;0,00;10;6,00;0,000019;...........((((..((....)).))))..........(.......)...(((........))).
3680;2;0;-4,185;0;0,00;11;18,00;0,000019;...........((((.(((....)))))))......((....)).........((...)).......
3683;2;0;-4,186;0;0,00;10;9,00;0,000019;...........((((.(((....)))))))....(.....)...........((..........)).
3721;2;0;-4,178;0;0,00;10;10,00;0,000019;.........(.((((.(((....)))))))..)...................((..........)).
3791;2;0;-4,161;0;0,00;9;8,00;0,000018;...........(((..(((....))).))).......................(((......)))..
3812;2;0;-4,164;0;0,00;8;10,00;0,000018;...........((((..(......).))))......................(((........))).
3849;2;0;-4,149;0;0,00;12;6,00;0,000018;...........((((.(((....))))))).(..........).........((((......)))).
3898;2;0;-4,137;0;0,00;11;8,00;0,000018;...........((((.(((....)))))))..............(.....).(((........))).
3905;2;0;-4,140;0;0,00;12;14,00;0,000018;.........(.(((..(((....))).)))..)...((....))........(((........))).
3918;2;0;-4,134;0;0,00;11;12,00;0,000017;........((.((((..((....)).))))..))..................(((........))).
3932;2;0;-4,130;0;0,00;13;21,00;0,000017;......(((..((((.(((....)))))))....(((....................)))...))).
3962;2;0;-4,122;0;0,00;9;8,00;0,000017;...........((((.((......)))))).......................(((......)))..
3964;2;0;-4,122;0;0,00;12;10,00;0,000017;...........((((.(((....)))))))....((..............))(((........))).
4028;2;0;-4,111;0;0,00;10;6,00;0,000017;...........((.(.(((....)))).))......................((((......)))).
4033;2;0;-4,113;0;0,00;13;11,00;0,000017;..(.....)..((((.(((....))))))).....((...........))..(((........))).
4034;2;0;-4,113;0;0,00;10;18,00;0,000017;..(.....)..((((.(((....)))))))......((....)).......................
4048;2;0;-4,102;0;0,00;12;14,00;0,000017;.........(.((((.((......))))))..)...((....))........(((........))).
4063;2;0;-4,105;0;0,00;11;8,00;0,000017;.....(....)(((..(((....))).)))......................((((......)))).
4081;2;0;-4,099;0;0,00;12;10,00;0,000016;.........(.((((.(((....)))))))..)...(......)........(((........))).
4103;2;0;-4,095;0;0,00;12;6,00;0,000016;...........((((.(((....)))))))(..............)......((((......)))).
4145;2;0;-4,087;0;0,00;8;13,00;0,000016;...........((((.(((....))))))).......................(.....).......
4170;2;0;-4,083;0;0,00;12;5,00;0,000016;...........((((.(((....))))))).....(...........)....((((......)))).
4237;2;0;-4,078;0;0,00;11;10,00;0,000016;...........(((..(((....))).)))...((.....))..........(((........))).
4239;2;0;-4,070;0;0,00;11;12,00;0,000016;...........((((.(((....))))))).......((.....))......((..........)).
4258;2;0;-4,066;0;0,00;11;8,00;0,000016;.....(....)((((.((......))))))......................((((......)))).
4375;2;0;-4,049;0;0,00;9;8,00;0,000015;...........((((.(((....))))))).......................((........))..
4387;2;0;-4,051;0;0,00;6;14,00;0,000015;...........(((.............)))......................(((........))).
4415;2;0;-4,040;0;0,00;11;10,00;0,000015;...........((((.((......))))))...((.....))..........(((........))).
4488;2;0;-4,028;0;0,00;10;10,00;0,000015;..(.....)..(((..(((....))).)))......................(((........))).
4501;2;0;-4,030;0;0,00;12;9,00;0,000015;.........(.((((.(((....)))))))..)...(...........)...(((........))).
4520;2;0;-4,025;0;0,00;10;9,00;0,000015;...........((((..((....)).))))..(.......)...........(((........))).
4553;2;0;-4,023;0;0,00;12;6,00;0,000014;..(.....)..((((.(((....)))))))..........(.......)...(((........))).
4680;2;0;-3,999;0;0,00;11;11,00;0,000014;..(.....)..((((..((....)).))))....(.....)...........(((........))).
4702;2;0;-3,993;0;0,00;11;8,00;0,000014;.....(....)((((.(((....)))))))......................(((........))).
4728;2;0;-3,990;0;0,00;10;10,00;0,000014;..(.....)..((((.((......))))))......................(((........))).
4744;2;0;-3,988;0;0,00;12;6,00;0,000014;...........((((.(((....))))))).(............).......((((......)))).
4746;2;0;-3,985;0;0,00;6;14,00;0,000014;...........((((..((....)).)))).....................................
4792;2;0;-3,980;0;0,00;12;5,00;0,000013;...........((((.(((....)))))))...........(.......)..((((......)))).
4812;2;0;-3,976;0;0,00;9;16,00;0,000013;...........((((.(((....)))))))....((......................)).......
4846;2;0;-3,970;0;0,00;11;8,00;0,000013;...........(((..(((....))).)))........(.....).......((((......)))).
4915;2;0;-3,959;0;0,00;11;19,00;0,000013;...........((((.(((....)))))))......((....))....(..(.....).).......
4957;2;0;-3,954;0;0,00;13;13,00;0,000013;............(((.(((....))))))((((.......))))........(((........))).
4972;2;0;-3,953;0;0,00;13;12,00;0,000013;.....(...).((((.(((....)))))))......((....))........(((........))).
5083;2;0;-3,932;0;0,00;10;6,00;0,000012;...........((((.(((....)))))))......................(.((......)).).
5100;2;0;-3,931;0;0,00;11;8,00;0,000012;...........((((.((......))))))........(.....).......((((......)))).
5138;2;0;-3,922;0;0,00;13;11,00;0,000012;.........(.((((.(((....)))))))..)..((...........))..(((........))).
5142;2;0;-3,922;0;0,00;10;18,00;0,000012;.........(.((((.(((....)))))))..)...((....)).......................
5165;2;0;-3,919;0;0,00;10;9,00;0,000012;...........(((..((......)).)))....(.....)...........((((......)))).
5178;2;0;-3,914;0;0,00;9;14,00;0,000012;...........((((.(((....))))))).......................((.....)).....
5260;2;0;-3,902;0;0,00;9;16,00;0,000012;........((.((((...........))))..))..................(((........))).
5264;2;0;-3,899;0;0,00;12;10,00;0,000012;...........((((.(((....)))))))..............((...)).(((........))).
5347;2;0;-3,888;0;0,00;11;7,00;0,000012;...........(((..(((....))).)))...(.......)..........((((......)))).
5369;2;0;-3,883;0;0,00;9;14,00;0,000011;...........((((.(((....))))))).......................((...)).......
5372;2;0;-3,883;0;0,00;12;14,00;0,000011;..(.....)..((((..((....)).)))).......((.....))......(((........))).
5428;2;0;-3,876;0;0,00;11;10,00;0,000011;...........((((..((....)).)))).((.......))..........(((........))).
5471;2;0;-3,871;0;0,00;12;10,00;0,000011;.......(.(.((((.(((....)))))))....).)...............(((........))).
5524;2;0;-3,860;0;0,00;9;14,00;0,000011;...........((((.(((....)))))))...((.....)).........................
5537;2;0;-3,858;0;0,00;11;8,00;0,000011;...........((((.(((....)))))))........(.....).......(((........))).
5566;2;0;-3,854;0;0,00;10;14,00;0,000011;...........(((..(((....))).)))......((....))........((..........)).
5590;2;0;-3,850;0;0,00;11;7,00;0,000011;...........((((.((......))))))...(.......)..........((((......)))).
5595;2;0;-3,851;0;0,00;10;10,00;0,000011;...........((((..((....)).)))).......(....).........(((........))).
5596;2;0;-3,851;0;0,00;12;9,00;0,000011;..(.....)..((((.(((....)))))))..(.......)...........(((........))).
8;3;1;-7,952;1;0,00;10;6,00;0,010971;...........((((...........))))..........((.....))...((((......)))).
16;3;0;-7,713;0;0,00;11;8,00;0,007331;...........((((...........))))..........(((...)))...((((......)))).
28;3;0;-7,390;0;0,00;8;10,00;0,004249;...........((((...........))))......................((((......)))).
44;3;0;-7,114;0;0,00;11;8,00;0,002667;..(.....)..((((...........))))..........((.....))...((((......)))).
49;3;0;-7,043;0;0,00;12;10,00;0,002365;..((...))..((((...........))))..........((.....))...((((......)))).
56;3;0;-6,924;0;0,00;11;8,00;0,001934;.........(.((((...........))))..).......((.....))...((((......)))).
66;3;0;-6,875;0;0,00;12;10,00;0,001783;..(.....)..((((...........))))..........(((...)))...((((......)))).
79;3;0;-6,804;0;0,00;13;12,00;0,001580;..((...))..((((...........))))..........(((...)))...((((......)))).
91;3;0;-6,685;0;0,00;12;10,00;0,001292;.........(.((((...........))))..).......(((...)))...((((......)))).
108;3;0;-6,602;0;0,00;10;12,00;0,001124;...........((((...........))))...((.....))..........((((......)))).
117;3;0;-6,552;0;0,00;9;12,00;0,001033;..(.....)..((((...........))))......................((((......)))).
127;3;0;-6,502;0;0,00;11;8,00;0,000949;...........((((...........))))..(...)...((.....))...((((......)))).
131;3;0;-6,492;0;0,00;11;4,00;0,000933;...........((((..(......).))))..........((.....))...((((......)))).
154;3;0;-6,379;0;0,00;9;8,00;0,000771;...........(((.............)))..........((.....))...((((......)))).
157;3;0;-6,370;0;0,00;9;11,00;0,000760;...........((((...........))))....(.....)...........((((......)))).
158;3;0;-6,362;0;0,00;9;12,00;0,000749;.........(.((((...........))))..)...................((((......)))).
170;3;0;-6,310;0;0,00;13;12,00;0,000686;.....(..((.((((...........))))..))..)...((.....))...((((......)))).
176;3;0;-6,267;0;0,00;13;12,00;0,000639;......(.((.((((...........))))..))..)...((.....))...((((......)))).
178;3;0;-6,263;0;0,00;12;10,00;0,000634;...........((((...........))))..(...)...(((...)))...((((......)))).
182;3;0;-6,255;0;0,00;10;14,00;0,000625;...........((((...........)))).......((.....))......((((......)))).
184;3;0;-6,253;0;0,00;12;6,00;0,000624;...........((((..(......).))))..........(((...)))...((((......)))).
197;3;0;-6,230;0;0,00;12;10,00;0,000599;........((.((((...........))))..))......((.....))...((((......)))).
204;3;0;-6,207;0;0,00;12;9,00;0,000577;...........((((((....))...))))..........((.....))...((((......)))).
211;3;0;-6,186;0;0,00;9;8,00;0,000557;...........((((...........))))..........((.....))...(((........))).
223;3;0;-6,140;0;0,00;10;10,00;0,000515;...........(((.............)))..........(((...)))...((((......)))).
245;3;0;-6,071;0;0,00;14;14,00;0,000458;.....(..((.((((...........))))..))..)...(((...)))...((((......)))).
264;3;0;-6,029;0;0,00;14;14,00;0,000427;......(.((.((((...........))))..))..)...(((...)))...((((......)))).
275;3;0;-5,991;0;0,00;13;12,00;0,000401;........((.((((...........))))..))......(((...)))...((((......)))).
294;3;0;-5,968;0;0,00;13;11,00;0,000385;...........((((((....))...))))..........(((...)))...((((......)))).
300;3;0;-5,953;0;0,00;11;12,00;0,000375;...........(((((......)))...))..........((.....))...((((......)))).
301;3;0;-5,947;0;0,00;10;10,00;0,000372;...........((((...........))))..........(((...)))...(((........))).
306;3;0;-5,939;0;0,00;11;10,00;0,000367;...........(((((......))...)))..........((.....))...((((......)))).
314;3;0;-5,929;0;0,00;9;11,00;0,000361;...........((((...........))))......(...........)...((((......)))).
337;3;0;-5,882;0;0,00;14;14,00;0,000333;..((....((.((((...........))))..))))....((.....))...((((......)))).
342;3;0;-5,869;0;0,00;14;14,00;0,000326;..(((....(.((((...........))))..))))....((.....))...((((......)))).
343;3;0;-5,869;0;0,00;13;12,00;0,000326;..(((......((((...........))))...)))....((.....))...((((......)))).
344;3;0;-5,864;0;0,00;14;14,00;0,000324;..(((...(..((((...........)))).).)))....((.....))...((((......)))).
360;3;0;-5,820;0;0,00;10;13,00;0,000300;...........((((...........)))).....((...........))..((((......)))).
361;3;0;-5,817;0;0,00;7;12,00;0,000299;...........(((.............)))......................((((......)))).
386;3;0;-5,771;0;0,00;11;8,00;0,000277;...(...)...((((...........))))..........((.....))...((((......)))).
390;3;0;-5,764;0;0,00;11;14,00;0,000273;..(.....)..((((...........))))...((.....))..........((((......)))).
394;3;0;-5,759;0;0,00;11;7,00;0,000271;...........((((.(.....)...))))..........((.....))...((((......)))).
400;3;0;-5,744;0;0,00;11;6,00;0,000264;...........((((.(.......).))))..........((.....))...((((......)))).
408;3;0;-5,736;0;0,00;11;8,00;0,000260;...........((((...........))))..........((.....))...((((.(...))))).
409;3;0;-5,736;0;0,00;11;11,00;0,000260;...........((((...........))))..........((.....))...(((.((...))))).
419;3;0;-5,730;0;0,00;9;8,00;0,000258;...........((((...........))))..........(.......)...((((......)))).
431;3;0;-5,714;0;0,00;12;14,00;0,000251;...........(((((......)))...))..........(((...)))...((((......)))).
442;3;0;-5,700;0;0,00;12;12,00;0,000245;...........(((((......))...)))..........(((...)))...((((......)))).
445;3;0;-5,693;0;0,00;12;16,00;0,000242;..((...))..((((...........))))...((.....))..........((((......)))).
455;3;0;-5,683;0;0,00;14;14,00;0,000238;....((..((.((((...........))))..))..))..((.....))...((((......)))).
459;3;0;-5,664;0;0,00;12;10,00;0,000231;..(.....)..((((...........))))..(...)...((.....))...((((......)))).
461;3;0;-5,668;0;0,00;10;14,00;0,000232;........((.((((...........))))..))..................((((......)))).
469;3;0;-5,654;0;0,00;12;6,00;0,000227;..(.....)..((((..(......).))))..........((.....))...((((......)))).
479;3;0;-5,643;0;0,00;15;16,00;0,000223;..((....((.((((...........))))..))))....(((...)))...((((......)))).
484;3;0;-5,630;0;0,00;15;16,00;0,000218;..(((....(.((((...........))))..))))....(((...)))...((((......)))).
485;3;0;-5,630;0;0,00;14;14,00;0,000218;..(((......((((...........))))...)))....(((...)))...((((......)))).
487;3;0;-5,626;0;0,00;15;16,00;0,000216;..(((...(..((((...........)))).).)))....(((...)))...((((......)))).
515;3;0;-5,593;0;0,00;13;12,00;0,000205;..((...))..((((...........))))..(...)...((.....))...((((......)))).
517;3;0;-5,587;0;0,00;11;4,00;0,000203;...........((((.(........)))))..........((.....))...((((......)))).
518;3;0;-5,583;0;0,00;13;8,00;0,000201;..((...))..((((..(......).))))..........((.....))...((((......)))).
531;3;0;-5,558;0;0,00;9;11,00;0,000193;...........((((...........))))..(.......)...........((((......)))).
541;3;0;-5,541;0;0,00;10;10,00;0,000187;..(.....)..(((.............)))..........((.....))...((((......)))).
547;3;0;-5,532;0;0,00;10;13,00;0,000185;..(.....)..((((...........))))....(.....)...........((((......)))).
548;3;0;-5,533;0;0,00;12;10,00;0,000185;...(...)...((((...........))))..........(((...)))...((((......)))).
559;3;0;-5,520;0;0,00;12;9,00;0,000181;...........((((.(.....)...))))..........(((...)))...((((......)))).
569;3;0;-5,505;0;0,00;12;8,00;0,000176;...........((((.(.......).))))..........(((...)))...((((......)))).
578;3;0;-5,497;0;0,00;12;10,00;0,000174;...........((((...........))))..........(((...)))...((((.(...))))).
579;3;0;-5,497;0;0,00;12;13,00;0,000174;...........((((...........))))..........(((...)))...(((.((...))))).
592;3;0;-5,480;0;0,00;9;8,00;0,000169;...........((((...........))))..........((.....))....(((......)))..
604;3;0;-5,470;0;0,00;11;12,00;0,000166;..((...))..(((.............)))..........((.....))...((((......)))).
632;3;0;-5,444;0;0,00;10;24,00;0,000159;...(((............)))......(((.........)))..........((((......)))).
633;3;0;-5,445;0;0,00;15;16,00;0,000159;....((..((.((((...........))))..))..))..(((...)))...((((......)))).
648;3;0;-5,425;0;0,00;11;8,00;0,000154;.....(....)((((...........))))..........((.....))...((((......)))).
650;3;0;-5,425;0;0,00;13;12,00;0,000154;..(.....)..((((...........))))..(...)...(((...)))...((((......)))).
658;3;0;-5,417;0;0,00;11;16,00;0,000152;..(.....)..((((...........)))).......((.....))......((((......)))).
668;3;0;-5,410;0;0,00;10;12,00;0,000150;...........((((...........)))).((.......))..........((((......)))).
692;3;0;-5,384;0;0,00;9;12,00;0,000144;...........((((...........)))).......(....).........((((......)))).
703;3;0;-5,369;0;0,00;13;11,00;0,000140;..(.....)..((((((....))...))))..........((.....))...((((......)))).
707;3;0;-5,366;0;0,00;11;4,00;0,000140;...........((((...(....)..))))..........((.....))...((((......)))).
713;3;0;-5,354;0;0,00;14;14,00;0,000137;..((...))..((((...........))))..(...)...(((...)))...((((......)))).
717;3;0;-5,348;0;0,00;10;10,00;0,000135;..(.....)..((((...........))))..........((.....))...(((........))).
718;3;0;-5,348;0;0,00;12;6,00;0,000135;...........((((.(........)))))..........(((...)))...((((......)))).
720;3;0;-5,350;0;0,00;10;10,00;0,000136;.........(.(((.............)))..).......((.....))...((((......)))).
731;3;0;-5,339;0;0,00;11;14,00;0,000133;...........((((...........))))(((.......))).........((((......)))).
769;3;0;-5,307;0;0,00;12;18,00;0,000126;..(((....(.((((...........))))..))))................((((......)))).
770;3;0;-5,307;0;0,00;11;16,00;0,000126;..(((......((((...........))))...)))................((((......)))).
774;3;0;-5,302;0;0,00;11;12,00;0,000125;..(.....)..(((.............)))..........(((...)))...((((......)))).
777;3;0;-5,303;0;0,00;12;10,00;0,000125;.......(.(.((((...........))))....).)...((.....))...((((......)))).
783;3;0;-5,298;0;0,00;14;13,00;0,000124;..((...))..((((((....))...))))..........((.....))...((((......)))).
809;3;0;-5,277;0;0,00;11;12,00;0,000120;..((...))..((((...........))))..........((.....))...(((........))).
814;3;0;-5,263;0;0,00;11;8,00;0,000117;...........(((((......)...))))..........((.....))...((((......)))).
846;3;0;-5,242;0;0,00;10;10,00;0,000113;...........((((...........))))..........(((...)))....(((......)))..
854;3;0;-5,231;0;0,00;12;14,00;0,000111;..((...))..(((.............)))..........(((...)))...((((......)))).
868;3;0;-5,226;0;0,00;11;16,00;0,000110;.........(.((((...........))))..)....((.....))......((((......)))).
878;3;0;-5,212;0;0,00;9;24,00;0,000108;...(((............))).......((.........))...........((((......)))).
886;3;0;-5,210;0;0,00;9;12,00;0,000107;...(...)...((((...........))))......................((((......)))).
907;3;0;-5,198;0;0,00;10;18,00;0,000105;..........((((.....)).))................((.....))...((((......)))).
919;3;0;-5,186;0;0,00;12;10,00;0,000103;.....(....)((((...........))))..........(((...)))...((((......)))).
932;3;0;-5,178;0;0,00;13;11,00;0,000102;.........(.((((((....))...))))..).......((.....))...((((......)))).
934;3;0;-5,174;0;0,00;9;12,00;0,000101;...........((((...........))))......................((((.(...))))).
961;3;0;-5,158;0;0,00;10;10,00;0,000098;.........(.((((...........))))..).......((.....))...(((........))).
976;3;0;-5,145;0;0,00;12;16,00;0,000096;...........((((...........))))...((.....)).((.....))((((......)))).
981;3;0;-5,142;0;0,00;11;10,00;0,000096;...........((((..(......).))))...((.....))..........((((......)))).
985;3;0;-5,139;0;0,00;11;7,00;0,000095;...........((((..(....)...))))..........((.....))...((((......)))).
988;3;0;-5,133;0;0,00;13;12,00;0,000094;.......(((.((((...........))))..))..)...((.....))...((((......)))).
992;3;0;-5,130;0;0,00;14;13,00;0,000094;..(.....)..((((((....))...))))..........(((...)))...((((......)))).
1003;3;0;-5,128;0;0,00;12;6,00;0,000093;...........((((...(....)..))))..........(((...)))...((((......)))).
1014;3;0;-5,115;0;0,00;12;14,00;0,000091;..(.....)..(((((......)))...))..........((.....))...((((......)))).
1024;3;0;-5,112;0;0,00;11;12,00;0,000091;.........(.(((.............)))..).......(((...)))...((((......)))).
1029;3;0;-5,109;0;0,00;11;12,00;0,000090;..(.....)..((((...........))))..........(((...)))...(((........))).
1042;3;0;-5,101;0;0,00;12;12,00;0,000089;..(.....)..(((((......))...)))..........((.....))...((((......)))).
1048;3;0;-5,091;0;0,00;10;13,00;0,000088;..(.....)..((((...........))))......(...........)...((((......)))).
1051;3;0;-5,091;0;0,00;9;12,00;0,000088;...........((((...........)))).......(.......)......((((......)))).
1076;3;0;-5,082;0;0,00;11;8,00;0,000086;.....(...).((((...........))))..........((.....))...((((......)))).
1081;3;0;-5,078;0;0,00;10;13,00;0,000086;...........((((...........))))..........((.....))...((..((...)).)).
1100;3;0;-5,064;0;0,00;13;12,00;0,000084;.......(.(.((((...........))))....).)...(((...)))...((((......)))).
1107;3;0;-5,059;0;0,00;15;15,00;0,000083;..((...))..((((((....))...))))..........(((...)))...((((......)))).
1129;3;0;-5,043;0;0,00;13;16,00;0,000081;..((...))..(((((......)))...))..........((.....))...((((......)))).
1136;3;0;-5,042;0;0,00;12;6,00;0,000081;...........((((..(......).))))..(...)...((.....))...((((......)))).
1142;3;0;-5,038;0;0,00;12;14,00;0,000080;..((...))..((((...........))))..........(((...)))...(((........))).
1150;3;0;-5,029;0;0,00;9;14,00;0,000079;...........(((.............)))...((.....))..........((((......)))).
1152;3;0;-5,030;0;0,00;13;14,00;0,000079;..((...))..(((((......))...)))..........((.....))...((((......)))).
1157;3;0;-5,024;0;0,00;12;10,00;0,000078;...........(((((......)...))))..........(((...)))...((((......)))).
1188;3;0;-5,007;0;0,00;9;12,00;0,000076;...........((((...........))))..............(.....).((((......)))).
1214;3;0;-4,992;0;0,00;10;14,00;0,000074;...........((((...........))))....((..............))((((......)))).
1220;3;0;-4,982;0;0,00;11;15,00;0,000073;..(.....)..((((...........)))).....((...........))..((((......)))).
1228;3;0;-4,979;0;0,00;8;14,00;0,000073;..(.....)..(((.............)))......................((((......)))).
1262;3;0;-4,959;0;0,00;11;20,00;0,000070;..........((((.....)).))................(((...)))...((((......)))).
1299;3;0;-4,940;0;0,00;14;13,00;0,000068;.........(.((((((....))...))))..).......(((...)))...((((......)))).
1325;3;0;-4,929;0;0,00;10;10,00;0,000067;...........(((.............)))..(...)...((.....))...((((......)))).
1336;3;0;-4,919;0;0,00;7;12,00;0,000066;...........((((...........)))).......................(((......)))..
1337;3;0;-4,919;0;0,00;11;12,00;0,000066;.........(.((((...........))))..).......(((...)))...(((........))).
1341;3;0;-4,921;0;0,00;12;9,00;0,000066;..(.....)..((((.(.....)...))))..........((.....))...((((......)))).
1349;3;0;-4,911;0;0,00;12;12,00;0,000065;.........(.(((((......))...)))..).......((.....))...((((......)))).
1375;3;0;-4,906;0;0,00;12;8,00;0,000064;..(.....)..((((.(.......).))))..........((.....))...((((......)))).
1380;3;0;-4,900;0;0,00;12;9,00;0,000064;...........((((..(....)...))))..........(((...)))...((((......)))).
1381;3;0;-4,900;0;0,00;10;13,00;0,000064;.........(.((((...........))))..)...(...........)...((((......)))).
1391;3;0;-4,898;0;0,00;12;10,00;0,000063;..(.....)..((((...........))))..........((.....))...((((.(...))))).
1392;3;0;-4,898;0;0,00;12;13,00;0,000063;..(.....)..((((...........))))..........((.....))...(((.((...))))).
1396;3;0;-4,892;0;0,00;10;10,00;0,000063;..(.....)..((((...........))))..........(.......)...((((......)))).
1398;3;0;-4,894;0;0,00;14;14,00;0,000063;.......(((.((((...........))))..))..)...(((...)))...((((......)))).
1429;3;0;-4,871;0;0,00;8;10,00;0,000061;...........((((...........))))..........((.....))...((..........)).
1447;3;0;-4,864;0;0,00;11;7,00;0,000060;...........((((.(....)....))))..........((.....))...((((......)))).
1455;3;0;-4,862;0;0,00;13;14,00;0,000060;..(.....)..(((((......))...)))..........(((...)))...((((......)))).
1456;3;0;-4,863;0;0,00;9;12,00;0,000060;.....(....)((((...........))))......................((((......)))).
1460;3;0;-4,856;0;0,00;8;16,00;0,000059;...........((((...........))))..........((.....))..((........))....
1478;3;0;-4,850;0;0,00;13;11,00;0,000058;..((...))..((((.(.....)...))))..........((.....))...((((......)))).
1484;3;0;-4,846;0;0,00;10;9,00;0,000058;...........((((...........))))..........((.....))...(((.(.....)))).
1494;3;0;-4,843;0;0,00;12;10,00;0,000058;.....(...).((((...........))))..........(((...)))...((((......)))).
1500;3;0;-4,839;0;0,00;11;15,00;0,000057;...........((((...........))))..........(((...)))...((..((...)).)).
1511;3;0;-4,835;0;0,00;13;10,00;0,000057;..((...))..((((.(.......).))))..........((.....))...((((......)))).
1514;3;0;-4,836;0;0,00;9;14,00;0,000057;...........((((...........))))...((.....))..........(((........))).
1531;3;0;-4,825;0;0,00;10;12,00;0,000056;...........((.((......))....))..........((.....))...((((......)))).
1536;3;0;-4,827;0;0,00;13;12,00;0,000056;..((...))..((((...........))))..........((.....))...((((.(...))))).
1537;3;0;-4,827;0;0,00;13;15,00;0,000056;..((...))..((((...........))))..........((.....))...(((.((...))))).
1544;3;0;-4,821;0;0,00;11;12,00;0,000056;..((...))..((((...........))))..........(.......)...((((......)))).
1551;3;0;-4,824;0;0,00;11;17,00;0,000056;............(((...........)))((((.......))))........((((......)))).
1585;3;0;-4,803;0;0,00;13;8,00;0,000054;...........((((..(......).))))..(...)...(((...)))...((((......)))).
1591;3;0;-4,797;0;0,00;11;8,00;0,000053;..........(((((...........))))..).......((.....))...((((......)))).
1614;3;0;-4,797;0;0,00;8;13,00;0,000053;...........(((.............)))....(.....)...........((((......)))).
1618;3;0;-4,791;0;0,00;8;10,00;0,000053;...........((...............))..........((.....))...((((......)))).
1619;3;0;-4,791;0;0,00;14;16,00;0,000053;..((...))..(((((......))...)))..........(((...)))...((((......)))).
1622;3;0;-4,792;0;0,00;11;15,00;0,000053;.........(.((((...........))))..)..((...........))..((((......)))).
1633;3;0;-4,788;0;0,00;8;14,00;0,000053;.........(.(((.............)))..)...................((((......)))).
1665;3;0;-4,767;0;0,00;12;10,00;0,000051;..(.....)(.((((...........))))..).......((.....))...((((......)))).
1668;3;0;-4,768;0;0,00;10;14,00;0,000051;...........((((...........))))..............((...)).((((......)))).
1671;3;0;-4,763;0;0,00;8;17,00;0,000050;...........((((...........))))..........((.....))..((...)).........
1687;3;0;-4,757;0;0,00;13;11,00;0,000050;...........((((((....))...))))..(...)...((.....))...((((......)))).
1698;3;0;-4,752;0;0,00;8;17,00;0,000049;...........((((...........))))..........((.....)).......((...))....
1709;3;0;-4,749;0;0,00;12;6,00;0,000049;..(.....)..((((.(........)))))..........((.....))...((((......)))).
1712;3;0;-4,744;0;0,00;11;8,00;0,000049;.........(.((((...........))))....).....((.....))...((((......)))).
1732;3;0;-4,736;0;0,00;10;10,00;0,000048;...........((((...........))))..(...)...((.....))...(((........))).
1735;3;0;-4,736;0;0,00;12;14,00;0,000048;.....(..((.(((.............)))..))..)...((.....))...((((......)))).
1745;3;0;-4,731;0;0,00;12;9,00;0,000048;.........(.((((.(.....)...))))..).......((.....))...((((......)))).
1755;3;0;-4,728;0;0,00;9;12,00;0,000047;...........((((...........))))........(.....).......((((......)))).
1768;3;0;-4,726;0;0,00;10;6,00;0,000047;...........((((..(......).))))..........((.....))...(((........))).
1771;3;0;-4,721;0;0,00;10;13,00;0,000047;..(.....)..((((...........))))..(.......)...........((((......)))).
1797;3;0;-4,707;0;0,00;12;10,00;0,000046;.........(.((((...........))))..).......((.....))...((((.(...))))).
1798;3;0;-4,707;0;0,00;12;13,00;0,000046;.........(.((((...........))))..).......((.....))...(((.((...))))).
1815;3;0;-4,706;0;0,00;9;21,00;0,000046;............((.....))......(((.........)))..........((((......)))).
1824;3;0;-4,702;0;0,00;10;10,00;0,000045;.........(.((((...........))))..).......(.......)...((((......)))).
1832;3;0;-4,696;0;0,00;13;12,00;0,000045;..((...))(.((((...........))))..).......((.....))...((((......)))).
1841;3;0;-4,694;0;0,00;12;14,00;0,000045;......(.((.(((.............)))..))..)...((.....))...((((......)))).
1842;3;0;-4,695;0;0,00;12;20,00;0,000045;..........((((.....)).))..((.......))...((.....))...((((......)))).
1846;3;0;-4,690;0;0,00;11;12,00;0,000045;...........(((.............)))..(...)...(((...)))...((((......)))).
1870;3;0;-4,681;0;0,00;9;16,00;0,000044;...........(((.............))).......((.....))......((((......)))).
1871;3;0;-4,683;0;0,00;13;11,00;0,000044;..(.....)..((((.(.....)...))))..........(((...)))...((((......)))).
1884;3;0;-4,678;0;0,00;13;8,00;0,000044;..((...))..((((.(........)))))..........((.....))...((((......)))).
1888;3;0;-4,672;0;0,00;13;14,00;0,000043;.........(.(((((......))...)))..).......(((...)))...((((......)))).
1933;3;0;-4,664;0;0,00;7;19,00;0,000043;...........................(((.........)))..........((((......)))).
1934;3;0;-4,656;0;0,00;11;12,00;0,000042;........((.(((.............)))..))......((.....))...((((......)))).
1938;3;0;-4,659;0;0,00;13;12,00;0,000042;..(.....)..((((...........))))..........(((...)))...((((.(...))))).
1939;3;0;-4,659;0;0,00;13;15,00;0,000042;..(.....)..((((...........))))..........(((...)))...(((.((...))))).
1968;3;0;-4,646;0;0,00;11;8,00;0,000041;...........((((...........)))).(...)....((.....))...((((......)))).
1969;3;0;-4,646;0;0,00;9;11,00;0,000041;...........((((...........))))...(.......)..........((((......)))).
1978;3;0;-4,643;0;0,00;10;10,00;0,000041;..(.....)..((((...........))))..........((.....))....(((......)))..
2011;3;0;-4,633;0;0,00;9;12,00;0,000040;...........((((...........))))..........(((...)))...((..........)).
2035;3;0;-4,625;0;0,00;12;9,00;0,000040;...........((((.(....)....))))..........(((...)))...((((......)))).
2036;3;0;-4,617;0;0,00;9;18,00;0,000039;...........((((...........))))..........(((...)))..((........))....
2038;3;0;-4,618;0;0,00;12;10,00;0,000039;...((......((((...........)))).)).......((.....))...((((......)))).
2060;3;0;-4,611;0;0,00;13;12,00;0,000039;...(....((.((((...........))))..))).....((.....))...((((......)))).
2065;3;0;-4,611;0;0,00;14;13,00;0,000039;..((...))..((((.(.....)...))))..........(((...)))...((((......)))).
2068;3;0;-4,612;0;0,00;8;10,00;0,000039;...........(((.............)))..........((.....))...(((........))).
2075;3;0;-4,607;0;0,00;11;11,00;0,000039;...........((((...........))))..........(((...)))...(((.(.....)))).
2081;3;0;-4,604;0;0,00;8;13,00;0,000039;...........((((...........))))....(.....)...........(((........))).
2106;3;0;-4,597;0;0,00;13;12,00;0,000038;...((....(.((((...........))))..))).....((.....))...((((......)))).
2107;3;0;-4,597;0;0,00;12;10,00;0,000038;...((......((((...........))))...)).....((.....))...((((......)))).
2108;3;0;-4,597;0;0,00;10;34,00;0,000038;......((.(((.((............(((.........)))......)).))).))..........
2120;3;0;-4,593;0;0,00;13;12,00;0,000038;...((...(..((((...........)))).).)).....((.....))...((((......)))).
2127;3;0;-4,586;0;0,00;11;14,00;0,000037;...........((.((......))....))..........(((...)))...((((......)))).
2133;3;0;-4,588;0;0,00;14;14,00;0,000038;..((...))..((((...........))))..........(((...)))...((((.(...))))).
2134;3;0;-4,588;0;0,00;14;17,00;0,000038;..((...))..((((...........))))..........(((...)))...(((.((...))))).
2147;3;0;-4,580;0;0,00;12;10,00;0,000037;...........((((...........))))....((....((.....)).))((((......)))).
2168;3;0;-4,571;0;0,00;11;12,00;0,000036;..((...))..((((...........))))..........((.....))....(((......)))..
2171;3;0;-4,572;0;0,00;11;14,00;0,000037;..(.....)..((((...........)))).((.......))..........((((......)))).
2185;3;0;-4,564;0;0,00;15;15,00;0,000036;.....(..((.((((((....))...))))..))..)...((.....))...((((......)))).
2218;3;0;-4,558;0;0,00;12;10,00;0,000036;..........(((((...........))))..).......(((...)))...((((......)))).
2224;3;0;-4,552;0;0,00;9;12,00;0,000035;...........((...............))..........(((...)))...((((......)))).
2240;3;0;-4,549;0;0,00;12;17,00;0,000035;........((.((((...........))))..)).((...........))..((((......)))).
2245;3;0;-4,543;0;0,00;12;14,00;0,000035;.....(..((.((((...........))))..))..)...((.....))...(((........))).
2258;3;0;-4,546;0;0,00;10;14,00;0,000035;..(.....)..((((...........)))).......(....).........((((......)))).
2288;3;0;-4,532;0;0,00;12;18,00;0,000034;........((.((((...........))))..))...((.....))......((((......)))).
2296;3;0;-4,529;0;0,00;13;12,00;0,000034;..(.....)(.((((...........))))..).......(((...)))...((((......)))).
2297;3;0;-4,529;0;0,00;12;6,00;0,000034;..(.....)..((((...(....)..))))..........((.....))...((((......)))).
2309;3;0;-4,525;0;0,00;9;19,00;0,000034;...........((((...........))))..........(((...)))..((...)).........
2310;3;0;-4,525;0;0,00;12;20,00;0,000034;..........((((.....)).))....((.....))...((.....))...((((......)))).
2318;3;0;-4,520;0;0,00;9;12,00;0,000033;.....(...).((((...........))))......................((((......)))).
2319;3;0;-4,521;0;0,00;9;17,00;0,000033;............(((.................))).....((.....))...((((......)))).
2323;3;0;-4,521;0;0,00;10;10,00;0,000034;...........((((...........))))..........((.....))...(((..(...).))).
2326;3;0;-4,522;0;0,00;15;15,00;0,000034;......(.((.((((((....))...))))..))..)...((.....))...((((......)))).
2341;3;0;-4,518;0;0,00;14;13,00;0,000033;...........((((((....))...))))..(...)...(((...)))...((((......)))).
2351;3;0;-4,513;0;0,00;9;19,00;0,000033;...........((((...........))))..........(((...))).......((...))....
2377;3;0;-4,505;0;0,00;12;10,00;0,000033;.........(.((((...........))))....).....(((...)))...((((......)))).
2389;3;0;-4,501;0;0,00;12;16,00;0,000032;..((...))..((((...........)))).((.......))..........((((......)))).
2391;3;0;-4,501;0;0,00;12;14,00;0,000032;......(.((.((((...........))))..))..)...((.....))...(((........))).
2392;3;0;-4,501;0;0,00;12;16,00;0,000032;..(.....)..((((...........))))(((.......))).........((((......)))).
2394;3;0;-4,502;0;0,00;12;14,00;0,000032;...........(((((......)))...))..(...)...((.....))...((((......)))).
2402;3;0;-4,497;0;0,00;11;12,00;0,000032;...........((((...........))))..(...)...(((...)))...(((........))).
2407;3;0;-4,497;0;0,00;13;16,00;0,000032;.....(..((.(((.............)))..))..)...(((...)))...((((......)))).
2418;3;0;-4,500;0;0,00;9;12,00;0,000032;...........((((...........))))........(......)......((((......)))).
2434;3;0;-4,489;0;0,00;12;12,00;0,000032;...........(((((......))...)))..(...)...((.....))...((((......)))).
2441;3;0;-4,490;0;0,00;11;6,00;0,000032;...........((((..(.......)))))..........((.....))...((((......)))).
2449;3;0;-4,492;0;0,00;13;11,00;0,000032;.........(.((((.(.....)...))))..).......(((...)))...((((......)))).
2450;3;0;-4,484;0;0,00;14;13,00;0,000032;........((.((((((....))...))))..))......((.....))...((((......)))).
2464;3;0;-4,483;0;0,00;11;26,00;0,000031;...(((...(.....)..)))......(((.........)))..........((((......)))).
2478;3;0;-4,477;0;0,00;11;21,00;0,000031;...(((............))).....((.......))...((.....))...((((......)))).
2495;3;0;-4,474;0;0,00;8;21,00;0,000031;............((.....)).......((.........))...........((((......)))).
2532;3;0;-4,469;0;0,00;13;12,00;0,000031;.........(.((((...........))))..).......(((...)))...((((.(...))))).
2533;3;0;-4,469;0;0,00;13;15,00;0,000031;.........(.((((...........))))..).......(((...)))...(((.((...))))).
2545;3;0;-4,464;0;0,00;11;12,00;0,000030;........((.((((...........))))..))......((.....))...(((........))).
2555;3;0;-4,457;0;0,00;14;14,00;0,000030;..((...))(.((((...........))))..).......(((...)))...((((......)))).
2556;3;0;-4,457;0;0,00;13;8,00;0,000030;..((...))..((((...(....)..))))..........((.....))...((((......)))).
2559;3;0;-4,459;0;0,00;12;10,00;0,000030;.......(.(.((((...........))))..)...)...((.....))...((((......)))).
2567;3;0;-4,454;0;0,00;12;10,00;0,000030;..((.......((((...........))))....))....((.....))...((((......)))).
2571;3;0;-4,455;0;0,00;13;16,00;0,000030;......(.((.(((.............)))..))..)...(((...)))...((((......)))).
2575;3;0;-4,456;0;0,00;13;22,00;0,000030;..........((((.....)).))..((.......))...(((...)))...((((......)))).
2590;3;0;-4,452;0;0,00;10;10,00;0,000030;.........(.((((...........))))..).......((.....))....(((......)))..
2629;3;0;-4,440;0;0,00;11;11,00;0,000029;...........((((((....))...))))..........((.....))...(((........))).
2631;3;0;-4,434;0;0,00;9;8,00;0,000029;............(((...........)))...........((.....))...((((......)))).
2645;3;0;-4,430;0;0,00;13;18,00;0,000029;..((...))..((((...........))))(((.......))).........((((......)))).
2653;3;0;-4,432;0;0,00;6;19,00;0,000029;............................((.........))...........((((......)))).
2660;3;0;-4,426;0;0,00;9;23,00;0,000029;...((..............))......(((.........)))..........((((......)))).
2684;3;0;-4,425;0;0,00;12;10,00;0,000028;..(.....)..(((((......)...))))..........((.....))...((((......)))).
2699;3;0;-4,421;0;0,00;11;14,00;0,000028;...(...)...((((...........))))...((.....))..........((((......)))).
2700;3;0;-4,422;0;0,00;13;29,00;0,000028;......((((.((((...........))))....(((..((.............)).)))..)))).
2710;3;0;-4,417;0;0,00;11;8,00;0,000028;.....(.....((((...........))))......)...((.....))...((((......)))).
2711;3;0;-4,418;0;0,00;12;14,00;0,000028;........((.(((.............)))..))......(((...)))...((((......)))).
2736;3;0;-4,407;0;0,00;11;8,00;0,000028;(.......)..((((...........))))..........((.....))...((((......)))).
2738;3;0;-4,407;0;0,00;12;10,00;0,000028;...........((((...........)))).(...)....(((...)))...((((......)))).
2748;3;0;-4,409;0;0,00;14;10,00;0,000028;..(((......((((..(......).))))...)))....((.....))...((((......)))).
2752;3;0;-4,409;0;0,00;11;13,00;0,000028;...........((((.(.....)...))))...((.....))..........((((......)))).
2759;3;0;-4,404;0;0,00;11;12,00;0,000027;..(.....)..((((...........))))..........(((...)))....(((......)))..
2761;3;0;-4,404;0;0,00;15;12,00;0,000028;..(((...(..((((..(......).)))).).)))....((.....))...((((......)))).
2811;3;0;-4,394;0;0,00;11;12,00;0,000027;...........((((.(.......).))))...((.....))..........((((......)))).
2813;3;0;-4,394;0;0,00;11;15,00;0,000027;...........((((...........))))..(..((...........)).)((((......)))).
2839;3;0;-4,386;0;0,00;11;14,00;0,000027;...........((((...........))))...((.....))..........((((.(...))))).
2840;3;0;-4,386;0;0,00;11;17,00;0,000027;...........((((...........))))...((.....))..........(((.((...))))).
2847;3;0;-4,379;0;0,00;13;12,00;0,000026;...((......((((...........)))).)).......(((...)))...((((......)))).
2870;3;0;-4,378;0;0,00;9;12,00;0,000026;...........((((...........)))).........(...........)((((......)))).
2875;3;0;-4,372;0;0,00;14;14,00;0,000026;...(....((.((((...........))))..))).....(((...)))...((((......)))).
2883;3;0;-4,374;0;0,00;9;12,00;0,000026;...........(((.............)))..........(((...)))...(((........))).
2905;3;0;-4,364;0;0,00;13;24,00;0,000026;......((((.((((...........))))....(((...((.....))........)))..)))).
2922;3;0;-4,361;0;0,00;12;18,00;0,000026;...((...((.((((...........))))..))....))............((((......)))).
2934;3;0;-4,356;0;0,00;10;14,00;0,000025;.........(.((((...........))))..)....(....).........((((......)))).
2948;3;0;-4,358;0;0,00;14;14,00;0,000025;...((....(.((((...........))))..))).....(((...)))...((((......)))).
2949;3;0;-4,359;0;0,00;13;12,00;0,000025;...((......((((...........))))...)).....(((...)))...((((......)))).
2956;3;0;-4,353;0;0,00;13;12,00;0,000025;..((...))..(((((......)...))))..........((.....))...((((......)))).
2958;3;0;-4,354;0;0,00;14;14,00;0,000025;...((...(..((((...........)))).).)).....(((...)))...((((......)))).
2962;3;0;-4,355;0;0,00;8;13,00;0,000025;...........(((.............)))......(...........)...((((......)))).
2985;3;0;-4,347;0;0,00;9;11,00;0,000025;...........((((...........)))).......(...)..........((((......)))).
2993;3;0;-4,341;0;0,00;13;12,00;0,000025;...........((((...........))))....((....(((...))).))((((......)))).
2999;3;0;-4,336;0;0,00;10;14,00;0,000025;..(.....)..((((...........))))......................((((.(...))))).
3011;3;0;-4,333;0;0,00;12;14,00;0,000024;..((...))..((((...........))))..........(((...)))....(((......)))..
3029;3;0;-4,330;0;0,00;9;12,00;0,000024;...........((((...........))))..............(....)..((((......)))).
3038;3;0;-4,325;0;0,00;10;13,00;0,000024;.........(.((((...........))))..).(.....)...........((((......)))).
3040;3;0;-4,326;0;0,00;16;17,00;0,000024;.....(..((.((((((....))...))))..))..)...(((...)))...((((......)))).
3050;3;0;-4,327;0;0,00;11;20,00;0,000024;...........((((...........))))....(((...((.....))..((...))....)))..
3058;3;0;-4,321;0;0,00;12;10,00;0,000024;...(...)...((((...........))))..(...)...((.....))...((((......)))).
3061;3;0;-4,322;0;0,00;9;12,00;0,000024;...........((((...........)))).......(......).......((((......)))).
3091;3;0;-4,314;0;0,00;6;14,00;0,000024;...........((((...........))))..........((.....))..................
3103;3;0;-4,309;0;0,00;13;16,00;0,000023;..((....((.(((.............)))..))))....((.....))...((((......)))).
3105;3;0;-4,309;0;0,00;12;9,00;0,000023;...........((((.(.....)...))))..(...)...((.....))...((((......)))).
3117;3;0;-4,311;0;0,00;12;6,00;0,000024;...(...)...((((..(......).))))..........((.....))...((((......)))).
3133;3;0;-4,307;0;0,00;11;21,00;0,000023;...(((............))).......((.....))...((.....))...((((......)))).
3135;3;0;-4,307;0;0,00;13;18,00;0,000023;..(.....)..((((...........))))...((.....)).((.....))((((......)))).
3136;3;0;-4,307;0;0,00;14;14,00;0,000023;...((...((.((((...........))))..))....))((.....))...((((......)))).
3139;3;0;-4,301;0;0,00;12;9,00;0,000023;..(.....)..((((..(....)...))))..........((.....))...((((......)))).
3149;3;0;-4,304;0;0,00;12;12,00;0,000023;..(.....)..((((..(......).))))...((.....))..........((((......)))).
3150;3;0;-4,305;0;0,00;13;16,00;0,000023;.....(..((.((((...........))))..))..)...(((...)))...(((........))).
3161;3;0;-4,293;0;0,00;12;8,00;0,000023;...........((((.(.......).))))..(...)...((.....))...((((......)))).
3166;3;0;-4,294;0;0,00;6;20,00;0,000023;...........((((...........)))).....................((........))....
3174;3;0;-4,295;0;0,00;13;16,00;0,000023;..(((....(.(((.............)))..))))....((.....))...((((......)))).
3175;3;0;-4,296;0;0,00;12;14,00;0,000023;..(((......(((.............)))...)))....((.....))...((((......)))).
3179;3;0;-4,297;0;0,00;14;16,00;0,000023;.....(..((.(((((......))...)))..))..)...((.....))...((((......)))).
3195;3;0;-4,291;0;0,00;13;16,00;0,000023;..(((...(..(((.............))).).)))....((.....))...((((......)))).
3208;3;0;-4,286;0;0,00;12;10,00;0,000023;...........((((...........))))..(...)...((.....))...((((.(...))))).
3209;3;0;-4,286;0;0,00;12;13,00;0,000023;...........((((...........))))..(...)...((.....))...(((.((...))))).
3211;3;0;-4,286;0;0,00;13;22,00;0,000023;..........((((.....)).))....((.....))...(((...)))...((((......)))).
3228;3;0;-4,282;0;0,00;10;19,00;0,000022;............(((.................))).....(((...)))...((((......)))).
3231;3;0;-4,282;0;0,00;11;12,00;0,000022;...........((((...........))))..........(((...)))...(((..(...).))).
3233;3;0;-4,283;0;0,00;16;17,00;0,000022;......(.((.((((((....))...))))..))..)...(((...)))...((((......)))).
3235;3;0;-4,284;0;0,00;8;13,00;0,000022;...........((((...........))))......................(((.(.....)))).
3250;3;0;-4,279;0;0,00;11;8,00;0,000022;......(....((((...........))))......)...((.....))...((((......)))).
3257;3;0;-4,280;0;0,00;10;10,00;0,000022;...........((((...........))))..(...)...(.......)...((((......)))).
3272;3;0;-4,276;0;0,00;12;6,00;0,000022;...........((((..(......).))))..........((.....))...((((.(...))))).
3273;3;0;-4,276;0;0,00;12;9,00;0,000022;...........((((..(......).))))..........((.....))...(((.((...))))).
3281;3;0;-4,270;0;0,00;10;6,00;0,000022;...........((((..(......).))))..........(.......)...((((......)))).
3302;3;0;-4,268;0;0,00;11;15,00;0,000022;...........((((...........))))..(.......)..((.....))((((......)))).
3316;3;0;-4,262;0;0,00;13;16,00;0,000022;......(.((.((((...........))))..))..)...(((...)))...(((........))).
3320;3;0;-4,263;0;0,00;11;8,00;0,000022;........(..((((...........)))).)........((.....))...((((......)))).
3324;3;0;-4,264;0;0,00;13;16,00;0,000022;...........(((((......)))...))..(...)...(((...)))...((((......)))).
3334;3;0;-4,266;0;0,00;9;11,00;0,000022;...........((((...........)))).(.........)..........((((......)))).
3350;3;0;-4,254;0;0,00;14;16,00;0,000021;......(.((.(((((......))...)))..))..)...((.....))...((((......)))).
3354;3;0;-4,257;0;0,00;12;16,00;0,000021;...........((((...........))))((.((.....))..))......((((......)))).
3356;3;0;-4,250;0;0,00;13;14,00;0,000021;...........(((((......))...)))..(...)...(((...)))...((((......)))).
3364;3;0;-4,251;0;0,00;12;8,00;0,000021;...........((((..(.......)))))..........(((...)))...((((......)))).
3375;3;0;-4,253;0;0,00;11;7,00;0,000021;...........((((..(...)....))))..........((.....))...((((......)))).
3377;3;0;-4,253;0;0,00;10;14,00;0,000021;..(.....)..((((...........)))).......(.......)......((((......)))).
3392;3;0;-4,247;0;0,00;9;15,00;0,000021;...........(((.............))).....((...........))..((((......)))).
3410;3;0;-4,242;0;0,00;8;16,00;0,000021;............((.....))...................((.....))...((((......)))).
3417;3;0;-4,246;0;0,00;15;15,00;0,000021;........((.((((((....))...))))..))......(((...)))...((((......)))).
3422;3;0;-4,246;0;0,00;11;26,00;0,000021;...(((............)))......(((..(...)..)))..........((((......)))).
3427;3;0;-4,239;0;0,00;12;23,00;0,000021;...(((............))).....((.......))...(((...)))...((((......)))).
3429;3;0;-4,240;0;0,00;11;15,00;0,000021;..(.....)..((((...........))))..........((.....))...((..((...)).)).
3443;3;0;-4,235;0;0,00;9;12,00;0,000021;..........(((((...........))))..)...................((((......)))).
3447;3;0;-4,236;0;0,00;14;20,00;0,000021;..((...))..((((...........))))...((.....)).((.....))((((......)))).
3451;3;0;-4,237;0;0,00;11;10,00;0,000021;...........((((.(........)))))...((.....))..........((((......)))).
3479;3;0;-4,234;0;0,00;12;10,00;0,000021;.........(.(((((......)...))))..).......((.....))...((((......)))).
3489;3;0;-4,229;0;0,00;6;14,00;0,000020;...........((...............))......................((((......)))).
3491;3;0;-4,230;0;0,00;13;11,00;0,000020;..((...))..((((..(....)...))))..........((.....))...((((......)))).
3509;3;0;-4,225;0;0,00;12;14,00;0,000020;........((.((((...........))))..))......(((...)))...(((........))).
3523;3;0;-4,219;0;0,00;11;14,00;0,000020;...........((((...........))))...((.....))..(.....).((((......)))).
3528;3;0;-4,220;0;0,00;13;12,00;0,000020;.......(.(.((((...........))))..)...)...(((...)))...((((......)))).
3542;3;0;-4,215;0;0,00;13;12,00;0,000020;..((.......((((...........))))....))....(((...)))...((((......)))).
3546;3;0;-4,217;0;0,00;13;14,00;0,000020;........((.(((((......))...)))..))......((.....))...((((......)))).
3565;3;0;-4,213;0;0,00;11;12,00;0,000020;.........(.((((...........))))..).......(((...)))....(((......)))..
3591;3;0;-4,204;0;0,00;13;8,00;0,000020;..(.....)..((((..(......).))))..(...)...((.....))...((((......)))).
3596;3;0;-4,205;0;0,00;10;14,00;0,000020;..(.....)(.((((...........))))..)...................((((......)))).
3601;3;0;-4,206;0;0,00;11;15,00;0,000020;........((.((((...........))))..))..(...........)...((((......)))).
3614;3;0;-4,202;0;0,00;12;13,00;0,000020;...........((((((....))...))))..........(((...)))...(((........))).
3630;3;0;-4,198;0;0,00;10;10,00;0,000019;...(...)...(((.............)))..........((.....))...((((......)))).
3633;3;0;-4,199;0;0,00;11;8,00;0,000019;.......(...((((...........))))......)...((.....))...((((......)))).
3650;3;0;-4,193;0;0,00;11;8,00;0,000019;..........(((((...........))))....).....((.....))...((((......)))).
3656;3;0;-4,194;0;0,00;8;23,00;0,000019;...((..............)).......((.........))...........((((......)))).
3660;3;0;-4,195;0;0,00;10;13,00;0,000019;...........((((...........))))((.........)).........((((......)))).
3661;3;0;-4,195;0;0,00;10;10,00;0,000019;............(((...........)))...........(((...)))...((((......)))).
3665;3;0;-4,188;0;0,00;9;11,00;0,000019;...........((((...........))))..........((.....))...((..(.....).)).
3671;3;0;-4,189;0;0,00;10;13,00;0,000019;...(...)...((((...........))))....(.....)...........((((......)))).
3678;3;0;-4,191;0;0,00;10;16,00;0,000019;..(.....)..(((.............)))...((.....))..........((((......)))).
3684;3;0;-4,186;0;0,00;13;12,00;0,000019;..(.....)..(((((......)...))))..........(((...)))...((((......)))).
3688;3;0;-4,186;0;0,00;10;14,00;0,000019;...........(((((......)))...))..........((.....))...(((........))).
3707;3;0;-4,182;0;0,00;9;12,00;0,000019;.........(.((((...........))))....).................((((......)))).
3715;3;0;-4,177;0;0,00;11;14,00;0,000019;.........(.((((...........))))..)((.....))..........((((......)))).
3722;3;0;-4,178;0;0,00;12;10,00;0,000019;.....(.....((((...........))))......)...(((...)))...((((......)))).
3728;3;0;-4,172;0;0,00;10;22,00;0,000019;..........(.((.....))..)...(((.........)))..........((((......)))).
3733;3;0;-4,173;0;0,00;10;12,00;0,000019;...........(((((......))...)))..........((.....))...(((........))).
3751;3;0;-4,169;0;0,00;12;17,00;0,000018;..((...))..((((...........))))..........((.....))...((..((...)).)).
3761;3;0;-4,169;0;0,00;10;14,00;0,000019;..(.....)..((((...........))))..............(.....).((((......)))).
3763;3;0;-4,170;0;0,00;15;12,00;0,000019;..(((......((((..(......).))))...)))....(((...)))...((((......)))).
3771;3;0;-4,172;0;0,00;11;19,00;0,000019;..........((((.....)).))..(.........)...((.....))...((((......)))).
3772;3;0;-4,164;0;0,00;9;17,00;0,000018;...........((((...........))))..........((.....))..(((.....).))....
3789;3;0;-4,168;0;0,00;12;10,00;0,000018;(.......)..((((...........))))..........(((...)))...((((......)))).
3799;3;0;-4,162;0;0,00;10;11,00;0,000018;...........((((.(.......).))))....(.....)...........((((......)))).
3804;3;0;-4,162;0;0,00;8;13,00;0,000018;...........((((...........))))......(...........)...(((........))).
3807;3;0;-4,162;0;0,00;10;10,00;0,000018;...........(((.............)))..........((.....))...((((.(...))))).
3808;3;0;-4,162;0;0,00;10;13,00;0,000018;...........(((.............)))..........((.....))...(((.((...))))).
3815;3;0;-4,157;0;0,00;8;10,00;0,000018;...........(((.............)))..........(.......)...((((......)))).
3831;3;0;-4,154;0;0,00;10;13,00;0,000018;...........((((...........))))....(.....)...........((((.(...))))).
3836;3;0;-4,154;0;0,00;11;16,00;0,000018;..(.....)..((((...........))))....((..............))((((......)))).
3847;3;0;-4,156;0;0,00;10;13,00;0,000018;...........((((...........))))...........((......)).((((......)))).
3856;3;0;-4,150;0;0,00;11;8,00;0,000018;......(...)((((...........))))..........((.....))...((((......)))).
3868;3;0;-4,146;0;0,00;10;14,00;0,000018;.........(.((((...........))))..)...................((((.(...))))).
3896;3;0;-4,137;0;0,00;16;17,00;0,000018;..((....((.((((((....))...))))..))))....((.....))...((((......)))).
3897;3;0;-4,137;0;0,00;12;6,00;0,000018;...........((((.(........)))))..(...)...((.....))...((((......)))).
3926;3;0;-4,136;0;0,00;8;20,00;0,000017;..............(.....)......(((.........)))..........((((......)))).
3929;3;0;-4,137;0;0,00;11;8,00;0,000018;...........((((...........))))(....)....((.....))...((((......)))).
3937;3;0;-4,130;0;0,00;9;14,00;0,000017;...........((((...........))))...((.....))...........(((......)))..
3944;3;0;-4,133;0;0,00;14;10,00;0,000017;..((...))..((((..(......).))))..(...)...((.....))...((((......)))).
3968;3;0;-4,123;0;0,00;10;13,00;0,000017;...........((((...........))))......(.(......)..)...((((......)))).
3969;3;0;-4,123;0;0,00;9;12,00;0,000017;...........((((...........)))).....(.............)..((((......)))).
3970;3;0;-4,123;0;0,00;16;17,00;0,000017;..(((....(.((((((....))...))))..))))....((.....))...((((......)))).
3973;3;0;-4,124;0;0,00;15;15,00;0,000017;..(((......((((((....))...))))...)))....((.....))...((((......)))).
3988;3;0;-4,119;0;0,00;16;17,00;0,000017;..(((...(..((((((....))...)))).).)))....((.....))...((((......)))).
3989;3;0;-4,120;0;0,00;11;18,00;0,000017;..((...))..(((.............)))...((.....))..........((((......)))).
3996;3;0;-4,115;0;0,00;14;14,00;0,000017;..((...))..(((((......)...))))..........(((...)))...((((......)))).
4001;3;0;-4,116;0;0,00;11;8,00;0,000017;(...)......((((...........))))..........((.....))...((((......)))).
4004;3;0;-4,116;0;0,00;13;16,00;0,000017;..((....((.((((...........))))..))))....((.....))...(((........))).
4010;3;0;-4,117;0;0,00;14;13,00;0,000017;.....(..((.((((.(.....)...))))..))..)...((.....))...((((......)))).
4020;3;0;-4,110;0;0,00;13;16,00;0,000017;....((..((.(((.............)))..))..))..((.....))...((((......)))).
4023;3;0;-4,110;0;0,00;12;9,00;0,000017;.........(.((((..(....)...))))..).......((.....))...((((......)))).
4053;3;0;-4,103;0;0,00;13;16,00;0,000017;..(((....(.((((...........))))..))))....((.....))...(((........))).
4054;3;0;-4,103;0;0,00;12;14,00;0,000017;..(((......((((...........))))...)))....((.....))...(((........))).
4075;3;0;-4,098;0;0,00;13;16,00;0,000016;..(((...(..((((...........)))).).)))....((.....))...(((........))).
4096;3;0;-4,094;0;0,00;9;16,00;0,000016;........((.(((.............)))..))..................((((......)))).
4120;3;0;-4,091;0;0,00;11;12,00;0,000016;..(.....)..(((.............)))..(...)...((.....))...((((......)))).
4134;3;0;-4,093;0;0,00;14;14,00;0,000016;.....(..((.((((...........))))..))..)...((.....))...((((.(...))))).
4135;3;0;-4,093;0;0,00;14;17,00;0,000016;.....(..((.((((...........))))..))..)...((.....))...(((.((...))))).
4152;3;0;-4,088;0;0,00;12;14,00;0,000016;.....(..((.((((...........))))..))..)...(.......)...((((......)))).
4155;3;0;-4,089;0;0,00;12;22,00;0,000016;...........((((...........))))....(((...(((...)))..((...))....)))..
4165;3;0;-4,082;0;0,00;13;12,00;0,000016;...(...)...((((...........))))..(...)...(((...)))...((((......)))).
4177;3;0;-4,084;0;0,00;9;12,00;0,000016;...........((((...........)))).(...)................((((......)))).
4195;3;0;-4,079;0;0,00;9;8,00;0,000016;...........((((...........))))...........(.....)....((((......)))).
4201;3;0;-4,081;0;0,00;8;14,00;0,000016;..(.....)..((((...........)))).......................(((......)))..
4208;3;0;-4,082;0;0,00;13;12,00;0,000016;..((.....(.((((...........))))..).))....((.....))...((((......)))).
4213;3;0;-4,075;0;0,00;14;13,00;0,000016;......(.((.((((.(.....)...))))..))..)...((.....))...((((......)))).
4214;3;0;-4,075;0;0,00;11;14,00;0,000016;.....(....)((((...........))))...((.....))..........((((......)))).
4217;3;0;-4,075;0;0,00;7;16,00;0,000016;...........((((...........))))..........(((...)))..................
4251;3;0;-4,073;0;0,00;13;8,00;0,000016;...(...)...((((..(......).))))..........(((...)))...((((......)))).
4257;3;0;-4,074;0;0,00;11;16,00;0,000016;...(...)...((((...........)))).......((.....))......((((......)))).
4265;3;0;-4,068;0;0,00;12;23,00;0,000016;...(((............))).......((.....))...(((...)))...((((......)))).
4267;3;0;-4,069;0;0,00;15;16,00;0,000016;...((...((.((((...........))))..))....))(((...)))...((((......)))).
4273;3;0;-4,070;0;0,00;14;18,00;0,000016;..((....((.(((.............)))..))))....(((...)))...((((......)))).
4276;3;0;-4,070;0;0,00;13;11,00;0,000016;...........((((.(.....)...))))..(...)...(((...)))...((((......)))).
4278;3;0;-4,063;0;0,00;10;14,00;0,000015;.........(.((((...........))))..)....(.......)......((((......)))).
4318;3;0;-4,062;0;0,00;13;11,00;0,000015;..(.....)..((((..(....)...))))..........(((...)))...((((......)))).
4324;3;0;-4,055;0;0,00;9;12,00;0,000015;...........((((...........)))).............(.......)((((......)))).
4332;3;0;-4,056;0;0,00;10;14,00;0,000015;...((......((((...........)))).))...................((((......)))).
4335;3;0;-4,057;0;0,00;14;18,00;0,000015;..(((....(.(((.............)))..))))....(((...)))...((((......)))).
4336;3;0;-4,057;0;0,00;13;16,00;0,000015;..(((......(((.............)))...)))....(((...)))...((((......)))).
4342;3;0;-4,058;0;0,00;15;18,00;0,000015;.....(..((.(((((......))...)))..))..)...(((...)))...((((......)))).
4347;3;0;-4,051;0;0,00;14;14,00;0,000015;......(.((.((((...........))))..))..)...((.....))...((((.(...))))).
4348;3;0;-4,051;0;0,00;14;17,00;0,000015;......(.((.((((...........))))..))..)...((.....))...(((.((...))))).
4351;3;0;-4,052;0;0,00;11;19,00;0,000015;..........((((.....)).))....(.......)...((.....))...((((......)))).
4354;3;0;-4,052;0;0,00;14;18,00;0,000015;..(((...(..(((.............))).).)))....(((...)))...((((......)))).
4366;3;0;-4,054;0;0,00;9;15,00;0,000015;...........((((...........)))).....((...........))..(((........))).
4369;3;0;-4,055;0;0,00;13;10,00;0,000015;...........((((.(.......).))))..(...)...(((...)))...((((......)))).
4376;3;0;-4,049;0;0,00;11;16,00;0,000015;...(....((.((((...........))))..))).................((((......)))).
4381;3;0;-4,049;0;0,00;11;15,00;0,000015;.........(.((((...........))))..).......((.....))...((..((...)).)).
4396;3;0;-4,044;0;0,00;11;25,00;0,000015;...(((.(......)...)))......(((.........)))..........((((......)))).
4405;3;0;-4,046;0;0,00;12;14,00;0,000015;......(.((.((((...........))))..))..)...(.......)...((((......)))).
4409;3;0;-4,047;0;0,00;13;12,00;0,000015;...........((((...........))))..(...)...(((...)))...((((.(...))))).
4410;3;0;-4,047;0;0,00;13;15,00;0,000015;...........((((...........))))..(...)...(((...)))...(((.((...))))).
4416;3;0;-4,040;0;0,00;12;10,00;0,000015;......(....((((...........))))......)...(((...)))...((((......)))).
4420;3;0;-4,040;0;0,00;8;23,00;0,000015;...........((((...........))))......((....))....((....))...........
4427;3;0;-4,042;0;0,00;12;10,00;0,000015;...(...).(.((((...........))))..).......((.....))...((((......)))).
4431;3;0;-4,035;0;0,00;11;16,00;0,000015;...((....(.((((...........))))..))).................((((......)))).
4433;3;0;-4,035;0;0,00;10;14,00;0,000015;...((......((((...........))))...)).................((((......)))).
4437;3;0;-4,036;0;0,00;9;12,00;0,000015;...........((((...........))))........(...).........((((......)))).
4441;3;0;-4,037;0;0,00;13;8,00;0,000015;...........((((..(......).))))..........(((...)))...((((.(...))))).
4443;3;0;-4,037;0;0,00;13;11,00;0,000015;........((.((((.(.....)...))))..))......((.....))...((((......)))).
4451;3;0;-4,038;0;0,00;11;16,00;0,000015;...........((((...........)))).......((.....))......((((.(...))))).
4468;3;0;-4,034;0;0,00;9;12,00;0,000015;..(.....)..((((...........))))..........((.....))...((..........)).
4491;3;0;-4,029;0;0,00;9;12,00;0,000015;...........((((...........))))....(................)((((......)))).
4499;3;0;-4,030;0;0,00;10;10,00;0,000015;...........((((...........))))..(...)...((.....))....(((......)))..
4506;3;0;-4,031;0;0,00;11;16,00;0,000015;...((...(..((((...........)))).).)).................((((......)))).
4515;3;0;-4,024;0;0,00;12;10,00;0,000014;........(..((((...........)))).)........(((...)))...((((......)))).
4527;3;0;-4,026;0;0,00;12;9,00;0,000015;..(.....)..((((.(....)....))))..........((.....))...((((......)))).
4529;3;0;-4,026;0;0,00;13;11,00;0,000015;...(...)...((((((....))...))))..........((.....))...((((......)))).
4542;3;0;-4,020;0;0,00;10;6,00;0,000014;...........((((..(......).))))..........((.....))....(((......)))..
4560;3;0;-4,016;0;0,00;15;18,00;0,000014;......(.((.(((((......))...)))..))..)...(((...)))...((((......)))).
4566;3;0;-4,016;0;0,00;11;10,00;0,000014;...........((((...(....)..))))...((.....))..........((((......)))).
4578;3;0;-4,018;0;0,00;9;18,00;0,000014;..(.....)..((((...........))))..........((.....))..((........))....
4587;3;0;-4,019;0;0,00;12;14,00;0,000014;..((...))..(((.............)))..(...)...((.....))...((((......)))).
4596;3;0;-4,013;0;0,00;9;12,00;0,000014;...........((((...........))))...(...........)......((((......)))).
4599;3;0;-4,014;0;0,00;13;12,00;0,000014;........((.((((...........))))..))......((.....))...((((.(...))))).
4600;3;0;-4,014;0;0,00;13;15,00;0,000014;........((.((((...........))))..))......((.....))...(((.((...))))).
4601;3;0;-4,014;0;0,00;12;9,00;0,000014;...........((((..(...)....))))..........(((...)))...((((......)))).
4606;3;0;-4,015;0;0,00;11;15,00;0,000014;...........((((...........)))).....((.(......)..))..((((......)))).
4614;3;0;-4,008;0;0,00;11;12,00;0,000014;........((.((((...........))))..))......(.......)...((((......)))).
4640;3;0;-4,005;0;0,00;10;9,00;0,000014;...........((((.(........)))))....(.....)...........((((......)))).
4641;3;0;-4,005;0;0,00;10;10,00;0,000014;...(...)...((((...........))))..........((.....))...(((........))).
4657;3;0;-4,008;0;0,00;11;11,00;0,000014;..(.....)..((((...........))))..........((.....))...(((.(.....)))).
4663;3;0;-4,001;0;0,00;12;17,00;0,000014;..(.....)..((((...........))))..........(((...)))...((..((...)).)).
4670;3;0;-4,003;0;0,00;9;21,00;0,000014;.........(.(......).)......(((.........)))..........((((......)))).
4676;3;0;-4,003;0;0,00;9;18,00;0,000014;............((.....))...................(((...)))...((((......)))).
4692;3;0;-3,998;0;0,00;10;16,00;0,000014;..(.....)..((((...........))))...((.....))..........(((........))).
4693;3;0;-3,995;0;0,00;10;21,00;0,000014;.........(.((....)).)......(((.........)))..........((((......)))).
4696;3;0;-3,995;0;0,00;13;12,00;0,000014;.........(.(((((......)...))))..).......(((...)))...((((......)))).
4705;3;0;-3,993;0;0,00;10;9,00;0,000014;...........((((.(.....)...))))..........((.....))...(((........))).
4708;3;0;-3,994;0;0,00;10;10,00;0,000014;...........((((...........))))..........(.(...).)...((((......)))).
4711;3;0;-3,990;0;0,00;13;11,00;0,000014;...........((((((....))...))))..........((.....))...((((.(...))))).
4712;3;0;-3,990;0;0,00;13;14,00;0,000014;...........((((((....))...))))..........((.....))...(((.((...))))).
4715;3;0;-3,991;0;0,00;14;13,00;0,000014;..((...))..((((..(....)...))))..........(((...)))...((((......)))).
4737;3;0;-3,987;0;0,00;10;13,00;0,000014;...........((((...........))))....(.....)...(.....).((((......)))).
4741;3;0;-3,987;0;0,00;11;14,00;0,000014;..(.....)..((.((......))....))..........((.....))...((((......)))).
4751;3;0;-3,985;0;0,00;8;13,00;0,000014;...........(((.............)))..(.......)...........((((......)))).
4758;3;0;-3,986;0;0,00;12;19,00;0,000014;..(.....)...(((...........)))((((.......))))........((((......)))).
4787;3;0;-3,979;0;0,00;10;14,00;0,000013;.........(.((((...........))))..)...........(.....).((((......)))).
4793;3;0;-3,980;0;0,00;12;16,00;0,000013;...........((((...........))))...((.....))..((...)).((((......)))).
4799;3;0;-3,977;0;0,00;10;8,00;0,000013;...........((((.(.......).))))..........((.....))...(((........))).
4804;3;0;-3,978;0;0,00;14;16,00;0,000013;........((.(((((......))...)))..))......(((...)))...((((......)))).
4824;3;0;-3,975;0;0,00;12;10,00;0,000013;.....(....)((((...........))))..(...)...((.....))...((((......)))).
4886;3;0;-3,964;0;0,00;8;10,00;0,000013;...........((((...........))))..........(.......)...(((........))).
4892;3;0;-3,965;0;0,00;12;6,00;0,000013;.....(....)((((..(......).))))..........((.....))...((((......)))).
4906;3;0;-3,962;0;0,00;10;14,00;0,000013;..((...))..((((...........))))..........((.....))...((..........)).
4916;3;0;-3,959;0;0,00;11;12,00;0,000013;...(...)...(((.............)))..........(((...)))...((((......)))).
4921;3;0;-3,960;0;0,00;12;10,00;0,000013;.......(...((((...........))))......)...(((...)))...((((......)))).
4922;3;0;-3,960;0;0,00;10;18,00;0,000013;...........((((...........))))..........((.....))..((((...)).))....
4932;3;0;-3,958;0;0,00;14;25,00;0,000013;......((((.((((...........))))....(((..(((.....))......).)))..)))).
4936;3;0;-3,959;0;0,00;7;21,00;0,000013;............(((.................))).................((((......)))).
4937;3;0;-3,959;0;0,00;9;15,00;0,000013;..(.....)..(((.............)))....(.....)...........((((......)))).
4953;3;0;-3,953;0;0,00;9;12,00;0,000013;..(.....)..((...............))..........((.....))...((((......)))).
4955;3;0;-3,954;0;0,00;9;8,00;0,000013;...........((((...........))))..........((.....))...((.(......).)).
4960;3;0;-3,954;0;0,00;12;10,00;0,000013;..........(((((...........))))....).....(((...)))...((((......)))).
4961;3;0;-3,955;0;0,00;13;11,00;0,000013;..((...))..((((.(....)....))))..........((.....))...((((......)))).
4973;3;0;-3,953;0;0,00;12;16,00;0,000013;...........((((...........)))).((.......)).((.....))((((......)))).
4975;3;0;-3,953;0;0,00;9;26,00;0,000013;...........((((...........))))......((....))....(..((...)).).......
4979;3;0;-3,950;0;0,00;9;24,00;0,000013;...........((((...........))))......((....))....(..((........))..).
4981;3;0;-3,950;0;0,00;11;10,00;0,000013;...........((((..(......).)))).((.......))..........((((......)))).
4998;3;0;-3,949;0;0,00;10;13,00;0,000013;...........((((...........))))..........(((...)))...((..(.....).)).
5008;3;0;-3,947;0;0,00;10;20,00;0,000013;..((...))..((((...........))))..........((.....))..((........))....
5050;3;0;-3,938;0;0,00;16;17,00;0,000013;....((..((.((((((....))...))))..))..))..((.....))...((((......)))).
5062;3;0;-3,936;0;0,00;12;13,00;0,000012;..((...))..((((...........))))..........((.....))...(((.(.....)))).
5075;3;0;-3,934;0;0,00;11;14,00;0,000012;...........(((((......))...)))..........(((...)))...(((........))).
5082;3;0;-3,932;0;0,00;11;15,00;0,000012;........((.((((...........))))..))(.....)...........((((......)))).
5084;3;0;-3,933;0;0,00;10;6,00;0,000012;...........(((..(........).)))..........((.....))...((((......)))).
5087;3;0;-3,933;0;0,00;12;21,00;0,000012;..........((((.....)).))..(.........)...(((...)))...((((......)))).
5088;3;0;-3,934;0;0,00;10;14,00;0,000012;...((......((((...........))))........))............((((......)))).
5098;3;0;-3,931;0;0,00;11;16,00;0,000012;..(.....)..((((...........))))..............((...)).((((......)))).
5106;3;0;-3,928;0;0,00;10;23,00;0,000012;........((.(......).)).....(((.........)))..........((((......)))).
5119;3;0;-3,927;0;0,00;11;18,00;0,000012;..((...))..((((...........))))...((.....))..........(((........))).
5136;3;0;-3,925;0;0,00;10;19,00;0,000012;...........((((...........))))..........(((...)))..(((.....).))....
5137;3;0;-3,926;0;0,00;9;19,00;0,000012;..(.....)..((((...........))))..........((.....))..((...)).........
5148;3;0;-3,924;0;0,00;11;12,00;0,000012;...........(((.............)))..........(((...)))...((((.(...))))).
5149;3;0;-3,924;0;0,00;11;15,00;0,000012;...........(((.............)))..........(((...)))...(((.((...))))).
5162;3;0;-3,919;0;0,00;14;13,00;0,000012;..(.....)..((((((....))...))))..(...)...((.....))...((((......)))).
5168;3;0;-3,916;0;0,00;12;16,00;0,000012;..((...))..((.((......))....))..........((.....))...((((......)))).
5170;3;0;-3,916;0;0,00;12;6,00;0,000012;...........((((...(....)..))))..(...)...((.....))...((((......)))).
5175;3;0;-3,917;0;0,00;13;16,00;0,000012;....((..((.((((...........))))..))..))..((.....))...(((........))).
5176;3;0;-3,917;0;0,00;8;21,00;0,000012;.........(.....)...........(((.........)))..........((((......)))).
5180;3;0;-3,914;0;0,00;11;15,00;0,000012;...........((((...........))))......(((.....))..)...((((......)))).
5182;3;0;-3,915;0;0,00;13;21,00;0,000012;..((...))...(((...........)))((((.......))))........((((......)))).
5195;3;0;-3,913;0;0,00;11;14,00;0,000012;...........(((((......)...))))...((.....))..........((((......)))).
5204;3;0;-3,914;0;0,00;9;19,00;0,000012;..(.....)..((((...........))))..........((.....)).......((...))....
5214;3;0;-3,912;0;0,00;12;10,00;0,000012;......(...)((((...........))))..........(((...)))...((((......)))).
5220;3;0;-3,909;0;0,00;9;11,00;0,000012;...........((((...........))))............(....)....((((......)))).
5229;3;0;-3,907;0;0,00;8;10,00;0,000012;...........(((.............)))..........((.....))....(((......)))..
5249;3;0;-3,904;0;0,00;7;20,00;0,000012;..............(.....).......((.........))...........((((......)))).
5263;3;0;-3,902;0;0,00;12;8,00;0,000012;...........((((.((...))...))))..........((.....))...((((......)))).
5285;3;0;-3,898;0;0,00;12;10,00;0,000012;...........((((...........))))(....)....(((...)))...((((......)))).
5286;3;0;-3,898;0;0,00;11;12,00;0,000012;..(.....)..((((...........))))..(...)...((.....))...(((........))).
5288;3;0;-3,898;0;0,00;13;8,00;0,000012;...........((((.(........)))))..(...)...(((...)))...((((......)))).
5290;3;0;-3,898;0;0,00;8;13,00;0,000012;...........((((...........))))....(.....)............(((......)))..
5327;3;0;-3,892;0;0,00;10;14,00;0,000012;..((.......((((...........))))....))................((((......)))).
5335;3;0;-3,890;0;0,00;10;14,00;0,000012;..(.....)..((((...........))))........(.....).......((((......)))).
5337;3;0;-3,890;0;0,00;8;14,00;0,000012;.........(.((((...........))))..)....................(((......)))..
5344;3;0;-3,888;0;0,00;9;11,00;0,000012;...........((((...........))))...........(....).....((((......)))).
5346;3;0;-3,888;0;0,00;11;8,00;0,000012;..(.....)..((((..(......).))))..........((.....))...(((........))).
5380;3;0;-3,885;0;0,00;16;17,00;0,000011;..(((......((((((....))...))))...)))....(((...)))...((((......)))).
5384;3;0;-3,882;0;0,00;10;14,00;0,000011;..((...))..((...............))..........((.....))...((((......)))).
5394;3;0;-3,879;0;0,00;12;12,00;0,000011;...........((((..(......).))))(((.......))).........((((......)))).
5407;3;0;-3,880;0;0,00;12;10,00;0,000011;...((......((((...........))))........))((.....))...((((......)))).
5412;3;0;-3,877;0;0,00;14;18,00;0,000011;..((....((.((((...........))))..))))....(((...)))...(((........))).
5417;3;0;-3,878;0;0,00;15;15,00;0,000011;.....(..((.((((.(.....)...))))..))..)...(((...)))...((((......)))).
5433;3;0;-3,877;0;0,00;12;10,00;0,000011;(...)......((((...........))))..........(((...)))...((((......)))).
5434;3;0;-3,873;0;0,00;7;16,00;0,000011;...........((((...........))))..........((.....))..(.....).........
5449;3;0;-3,871;0;0,00;14;18,00;0,000011;....((..((.(((.............)))..))..))..(((...)))...((((......)))).
5451;3;0;-3,872;0;0,00;13;11,00;0,000011;.........(.((((..(....)...))))..).......(((...)))...((((......)))).
5452;3;0;-3,872;0;0,00;7;12,00;0,000011;............(((...........))).......................((((......)))).
5458;3;0;-3,869;0;0,00;15;18,00;0,000011;..((....((.(((((......))...)))..))))....((.....))...((((......)))).
5462;3;0;-3,869;0;0,00;14;18,00;0,000011;..(((......(((((......)))...))...)))....((.....))...((((......)))).
5475;3;0;-3,868;0;0,00;10;23,00;0,000011;..(.....)...((.....))......(((.........)))..........((((......)))).
5493;3;0;-3,864;0;0,00;14;18,00;0,000011;..(((....(.((((...........))))..))))....(((...)))...(((........))).
5494;3;0;-3,864;0;0,00;13;16,00;0,000011;..(((......((((...........))))...)))....(((...)))...(((........))).
5500;3;0;-3,865;0;0,00;15;20,00;0,000011;..(((...(..(((((......)))...)).).)))....((.....))...((((......)))).
5507;3;0;-3,862;0;0,00;7;15,00;0,000011;...........((((...........))))..........((.....)).......(.....)....
5519;3;0;-3,859;0;0,00;14;18,00;0,000011;..(((...(..((((...........)))).).)))....(((...)))...(((........))).
5552;3;0;-3,856;0;0,00;15;18,00;0,000011;..(((....(.(((((......))...)))..))))....((.....))...((((......)))).
5555;3;0;-3,856;0;0,00;14;16,00;0,000011;..(((......(((((......))...)))...)))....((.....))...((((......)))).
5568;3;0;-3,854;0;0,00;10;21,00;0,000011;..((...))..((((...........))))..........((.....))..((...)).........
5569;3;0;-3,855;0;0,00;15;16,00;0,000011;.....(..((.((((...........))))..))..)...(((...)))...((((.(...))))).
5570;3;0;-3,855;0;0,00;15;19,00;0,000011;.....(..((.((((...........))))..))..)...(((...)))...(((.((...))))).
5577;3;0;-3,852;0;0,00;12;14,00;0,000011;..(.....)..(((.............)))..(...)...(((...)))...((((......)))).
5588;3;0;-3,853;0;0,00;7;20,00;0,000011;...........(((........................)))...........((((......)))).
5601;3;0;-3,851;0;0,00;10;10,00;0,000011;.....(....)(((.............)))..........((.....))...((((......)))).
5602;3;0;-3,851;0;0,00;11;14,00;0,000011;...........((((...........)))).(.((.....))..).......((((......)))).
5603;3;0;-3,851;0;0,00;15;18,00;0,000011;..(((...(..(((((......))...))).).)))....((.....))...((((......)))).
2;4;0;-8,610;1;0,00;14;2,00;0,033286;...........((((.(((....)))))))..........(((...)))...((((......)))).
7;4;0;-8,011;0;0,00;14;2,00;0,012111;..(.....)..((((.(((....)))))))..........((.....))...((((......)))).
9;4;0;-7,946;0;0,00;13;4,00;0,010857;...........((((..((....)).))))..........(((...)))...((((......)))).
14;4;1;-7,772;0;0,00;15;4,00;0,008093;..(.....)..((((.(((....)))))))..........(((...)))...((((......)))).
17;4;0;-7,701;0;0,00;16;6,00;0,007176;..((...))..((((.(((....)))))))..........(((...)))...((((......)))).
30;4;0;-7,347;0;0,00;13;4,00;0,003950;..(.....)..((((..((....)).))))..........((.....))...((((......)))).
40;4;0;-7,160;0;0,00;15;4,00;0,002879;...........((((.(((....)))))))..(...)...(((...)))...((((......)))).
45;4;0;-7,108;0;0,00;14;6,00;0,002640;..(.....)..((((..((....)).))))..........(((...)))...((((......)))).
47;4;0;-7,082;0;0,00;12;2,00;0,002527;...........((((.(((....)))))))..........((.....))...(((........))).
50;4;0;-7,037;0;0,00;15;8,00;0,002340;..((...))..((((..((....)).))))..........(((...)))...((((......)))).
53;4;0;-6,967;0;0,00;17;8,00;0,002081;.....(..((.((((.(((....)))))))..))..)...(((...)))...((((......)))).
54;4;0;-6,955;0;0,00;13;4,00;0,002040;...........(((..(((....))).)))..........(((...)))...((((......)))).
57;4;0;-6,925;0;0,00;17;8,00;0,001938;......(.((.((((.(((....)))))))..))..)...(((...)))...((((......)))).
58;4;0;-6,917;0;0,00;13;4,00;0,001912;...........((((.((......))))))..........(((...)))...((((......)))).
64;4;0;-6,887;0;0,00;16;6,00;0,001819;........((.((((.(((....)))))))..))......(((...)))...((((......)))).
73;4;0;-6,843;0;0,00;13;4,00;0,001689;...........((((.(((....)))))))..........(((...)))...(((........))).
86;4;0;-6,761;0;0,00;17;8,00;0,001469;..(((...(..((((.(((....))))))).).)))....((.....))...((((......)))).
119;4;0;-6,540;0;0,00;18;10,00;0,001012;..((....((.((((.(((....)))))))..))))....(((...)))...((((......)))).
123;4;0;-6,526;0;0,00;17;8,00;0,000989;..(((......((((.(((....)))))))...)))....(((...)))...((((......)))).
125;4;0;-6,522;0;0,00;18;10,00;0,000982;..(((...(..((((.(((....))))))).).)))....(((...)))...((((......)))).
128;4;0;-6,496;0;0,00;14;6,00;0,000939;...........((((..((....)).))))..(...)...(((...)))...((((......)))).
146;4;0;-6,429;0;0,00;15;4,00;0,000839;...(...)...((((.(((....)))))))..........(((...)))...((((......)))).
147;4;0;-6,418;0;0,00;11;4,00;0,000824;...........((((..((....)).))))..........((.....))...(((........))).
150;4;0;-6,393;0;0,00;15;4,00;0,000790;...........((((.(((....)))))))..........(((...)))...((((.(...))))).
151;4;0;-6,393;0;0,00;15;7,00;0,000790;...........((((.(((....)))))))..........(((...)))...(((.((...))))).
159;4;0;-6,356;0;0,00;13;4,00;0,000742;..(.....)..(((..(((....))).)))..........((.....))...((((......)))).
161;4;0;-6,341;0;0,00;18;10,00;0,000723;....((..((.((((.(((....)))))))..))..))..(((...)))...((((......)))).
166;4;0;-6,322;0;0,00;16;6,00;0,000700;..(.....)..((((.(((....)))))))..(...)...(((...)))...((((......)))).
167;4;0;-6,318;0;0,00;13;4,00;0,000696;..(.....)..((((.((......))))))..........((.....))...((((......)))).
172;4;0;-6,304;0;0,00;16;10,00;0,000679;.....(..((.((((..((....)).))))..))..)...(((...)))...((((......)))).
181;4;0;-6,261;0;0,00;16;10,00;0,000632;......(.((.((((..((....)).))))..))..)...(((...)))...((((......)))).
183;4;0;-6,250;0;0,00;17;8,00;0,000621;..((...))..((((.(((....)))))))..(...)...(((...)))...((((......)))).
189;4;0;-6,244;0;0,00;13;4,00;0,000614;..(.....)..((((.(((....)))))))..........((.....))...(((........))).
199;4;0;-6,224;0;0,00;15;8,00;0,000593;........((.((((..((....)).))))..))......(((...)))...((((......)))).
213;4;0;-6,180;0;0,00;12;6,00;0,000551;...........((((..((....)).))))..........(((...)))...(((........))).
215;4;0;-6,173;0;0,00;14;6,00;0,000545;..((...))..((((.(((....)))))))..........((.....))...(((........))).
222;4;0;-6,138;0;0,00;13;4,00;0,000513;...........((((.(((....)))))))..........(((...)))....(((......)))..
230;4;0;-6,117;0;0,00;14;6,00;0,000496;..(.....)..(((..(((....))).)))..........(((...)))...((((......)))).
239;4;0;-6,097;0;0,00;16;10,00;0,000479;..(((...(..((((..((....)).)))).).)))....((.....))...((((......)))).
243;4;0;-6,082;0;0,00;15;4,00;0,000467;.....(....)((((.(((....)))))))..........(((...)))...((((......)))).
244;4;0;-6,079;0;0,00;14;6,00;0,000465;..(.....)..((((.((......))))))..........(((...)))...((((......)))).
259;4;0;-6,046;0;0,00;15;8,00;0,000440;..((...))..(((..(((....))).)))..........(((...)))...((((......)))).
268;4;0;-6,008;0;0,00;15;8,00;0,000412;..((...))..((((.((......))))))..........(((...)))...((((......)))).
271;4;0;-6,006;0;0,00;14;6,00;0,000411;..(.....)..((((.(((....)))))))..........(((...)))...(((........))).
299;4;0;-5,960;0;0,00;16;6,00;0,000380;.......(.(.((((.(((....)))))))....).)...(((...)))...((((......)))).
308;4;0;-5,934;0;0,00;15;8,00;0,000364;..((...))..((((.(((....)))))))..........(((...)))...(((........))).
338;4;0;-5,876;0;0,00;17;12,00;0,000330;..((....((.((((..((....)).))))..))))....(((...)))...((((......)))).
349;4;0;-5,863;0;0,00;16;10,00;0,000323;..(((......((((..((....)).))))...)))....(((...)))...((((......)))).
352;4;0;-5,858;0;0,00;17;12,00;0,000320;..(((...(..((((..((....)).)))).).)))....(((...)))...((((......)))).
363;4;0;-5,820;0;0,00;14;17,00;0,000300;..(.....)..((((((....))))...))..........(((...)))...((((......)))).
365;4;0;-5,815;0;0,00;14;6,00;0,000298;.........(.((((.(((....)))))))..).......(((...)))...(((........))).
377;4;0;-5,794;0;0,00;15;4,00;0,000287;..(.....)..((((.(((....)))))))..........((.....))...((((.(...))))).
378;4;0;-5,794;0;0,00;15;7,00;0,000287;..(.....)..((((.(((....)))))))..........((.....))...(((.((...))))).
380;4;0;-5,791;0;0,00;17;8,00;0,000286;.......(((.((((.(((....)))))))..))..)...(((...)))...((((......)))).
387;4;0;-5,768;0;0,00;11;4,00;0,000275;...........((((.(((....)))))))..........((.....))...((..........)).
392;4;0;-5,765;0;0,00;14;6,00;0,000274;...(...)...((((..((....)).))))..........(((...)))...((((......)))).
397;4;0;-5,753;0;0,00;11;10,00;0,000268;...........((((.(((....)))))))..........((.....))..((........))....
399;4;0;-5,749;0;0,00;15;19,00;0,000266;..((...))..((((((....))))...))..........(((...)))...((((......)))).
403;4;0;-5,740;0;0,00;15;4,00;0,000262;.....(...).((((.(((....)))))))..........(((...)))...((((......)))).
404;4;0;-5,742;0;0,00;13;3,00;0,000263;...........((((.(((....)))))))..........((.....))...(((.(.....)))).
406;4;0;-5,735;0;0,00;14;9,00;0,000260;...........((((.(((....)))))))..........(((...)))...((..((...)).)).
417;4;0;-5,730;0;0,00;14;6,00;0,000258;...........((((..((....)).))))..........(((...)))...((((.(...))))).
418;4;0;-5,730;0;0,00;14;9,00;0,000258;...........((((..((....)).))))..........(((...)))...(((.((...))))).
422;4;0;-5,723;0;0,00;16;9,00;0,000255;..((...))..((((.(((....)))))))..........((.....))...(((.((...))))).
456;4;0;-5,677;0;0,00;17;12,00;0,000236;....((..((.((((..((....)).))))..))..))..(((...)))...((((......)))).
466;4;0;-5,658;0;0,00;15;8,00;0,000228;..(.....)..((((..((....)).))))..(...)...(((...)))...((((......)))).
468;4;0;-5,660;0;0,00;11;11,00;0,000229;...........((((.(((....)))))))..........((.....))..((...)).........
488;4;0;-5,627;0;0,00;13;24,00;0,000217;...((..(((.(......).)))..)).............(((...)))...((((......)))).
497;4;0;-5,619;0;0,00;14;24,00;0,000214;...((..(((.((....)).)))..)).............(((...)))...((((......)))).
516;4;0;-5,587;0;0,00;16;10,00;0,000202;..((...))..((((..((....)).))))..(...)...(((...)))...((((......)))).
520;4;0;-5,581;0;0,00;12;6,00;0,000200;..(.....)..((((..((....)).))))..........((.....))...(((........))).
528;4;0;-5,556;0;0,00;16;6,00;0,000192;..(.....)..((((.(((....)))))))..........(((...)))...((((.(...))))).
529;4;0;-5,556;0;0,00;16;9,00;0,000192;..(.....)..((((.(((....)))))))..........(((...)))...(((.((...))))).
546;4;0;-5,539;0;0,00;13;4,00;0,000187;..(.....)..((((.(((....)))))))..........((.....))....(((......)))..
556;4;0;-5,529;0;0,00;12;6,00;0,000184;...........((((.(((....)))))))..........(((...)))...((..........)).
563;4;0;-5,514;0;0,00;12;12,00;0,000179;...........((((.(((....)))))))..........(((...)))..((........))....
566;4;0;-5,509;0;0,00;13;8,00;0,000178;..((...))..((((..((....)).))))..........((.....))...(((........))).
570;4;0;-5,505;0;0,00;14;6,00;0,000176;...........(((..(((....))).)))..(...)...(((...)))...((((......)))).
574;4;0;-5,503;0;0,00;14;5,00;0,000176;...........((((.(((....)))))))..........(((...)))...(((.(.....)))).
587;4;0;-5,489;0;0,00;16;6,00;0,000172;...((...(..((((.(((....))))))).).)).....((.....))...((((......)))).
596;4;0;-5,484;0;0,00;17;8,00;0,000170;..((...))..((((.(((....)))))))..........(((...)))...((((.(...))))).
597;4;0;-5,484;0;0,00;17;11,00;0,000170;..((...))..((((.(((....)))))))..........(((...)))...(((.((...))))).
599;4;0;-5,474;0;0,00;12;6,00;0,000167;...........((((..((....)).))))..........(((...)))....(((......)))..
609;4;0;-5,467;0;0,00;14;6,00;0,000165;...........((((.((......))))))..(...)...(((...)))...((((......)))).
623;4;0;-5,455;0;0,00;15;4,00;0,000162;..........(((((.(((....)))))))..).......(((...)))...((((......)))).
642;4;0;-5,428;0;0,00;11;4,00;0,000155;...........(((..(((....))).)))..........((.....))...(((........))).
649;4;0;-5,425;0;0,00;16;6,00;0,000154;..(.....)(.((((.(((....)))))))..).......(((...)))...((((......)))).
652;4;0;-5,419;0;0,00;14;6,00;0,000152;.....(....)((((..((....)).))))..........(((...)))...((((......)))).
654;4;0;-5,421;0;0,00;12;13,00;0,000153;...........((((.(((....)))))))..........(((...)))..((...)).........
655;4;0;-5,415;0;0,00;13;8,00;0,000152;..(.....)..((((..(......).))))..........(((...)))...((((......)))).
659;4;0;-5,418;0;0,00;13;4,00;0,000152;...........((((.(((....)))))))..........((.....))...(((..(...).))).
667;4;0;-5,409;0;0,00;12;13,00;0,000150;...........((((.(((....)))))))..........(((...))).......((...))....
672;4;0;-5,402;0;0,00;15;4,00;0,000148;.........(.((((.(((....)))))))....).....(((...)))...((((......)))).
679;4;0;-5,398;0;0,00;15;10,00;0,000147;..(.....)..((((.(((....)))))))(((.......))).........((((......)))).
684;4;0;-5,393;0;0,00;14;6,00;0,000146;...........((((.(((....)))))))..(...)...(((...)))...(((........))).
689;4;0;-5,390;0;0,00;11;4,00;0,000145;...........((((.((......))))))..........((.....))...(((........))).
705;4;0;-5,365;0;0,00;16;9,00;0,000139;.........(.((((.(((....)))))))..).......(((...)))...(((.((...))))).
711;4;0;-5,354;0;0,00;17;8,00;0,000137;..((...))(.((((.(((....)))))))..).......(((...)))...((((......)))).
722;4;0;-5,344;0;0,00;14;10,00;0,000134;..((...))..((((..(......).))))..........(((...)))...((((......)))).
727;4;0;-5,342;0;0,00;13;8,00;0,000134;..(.....)..((((..((....)).))))..........(((...)))...(((........))).
759;4;0;-5,313;0;0,00;16;10,00;0,000128;.....(..((.(((..(((....))).)))..))..)...(((...)))...((((......)))).
778;4;0;-5,303;0;0,00;14;2,00;0,000125;(.......)..((((.(((....)))))))..........((.....))...((((......)))).
780;4;0;-5,303;0;0,00;15;4,00;0,000126;...........((((.(((....))))))).(...)....(((...)))...((((......)))).
789;4;0;-5,300;0;0,00;14;6,00;0,000125;..(.....)..((((.(((....)))))))..........(((...)))....(((......)))..
793;4;0;-5,297;0;0,00;15;8,00;0,000124;.......(.(.((((..((....)).))))....).)...(((...)))...((((......)))).
806;4;0;-5,275;0;0,00;16;10,00;0,000120;.....(..((.((((.((......))))))..))..)...(((...)))...((((......)))).
808;4;0;-5,276;0;0,00;16;6,00;0,000120;...((......((((.(((....))))))).)).......(((...)))...((((......)))).
810;4;0;-5,271;0;0,00;14;10,00;0,000119;..((...))..((((..((....)).))))..........(((...)))...(((........))).
811;4;0;-5,271;0;0,00;16;10,00;0,000119;......(.((.(((..(((....))).)))..))..)...(((...)))...((((......)))).
812;4;0;-5,268;0;0,00;17;8,00;0,000118;...(....((.((((.(((....)))))))..))).....(((...)))...((((......)))).
815;4;0;-5,263;0;0,00;12;6,00;0,000117;...........(((..((......)).)))..........(((...)))...((((......)))).
820;4;0;-5,260;0;0,00;16;18,00;0,000117;......((((.((((.(((....)))))))....(((...((.....))........)))..)))).
825;4;0;-5,255;0;0,00;16;6,00;0,000116;...((......((((.(((....)))))))...)).....(((...)))...((((......)))).
830;4;0;-5,251;0;0,00;17;8,00;0,000115;...((...(..((((.(((....))))))).).)).....(((...)))...((((......)))).
853;4;0;-5,237;0;0,00;16;6,00;0,000112;...........((((.(((....)))))))....((....(((...))).))((((......)))).
855;4;0;-5,232;0;0,00;16;10,00;0,000111;......(.((.((((.((......))))))..))..)...(((...)))...((((......)))).
858;4;0;-5,233;0;0,00;15;8,00;0,000111;........((.(((..(((....))).)))..))......(((...)))...((((......)))).
861;4;0;-5,229;0;0,00;15;8,00;0,000111;..((...))..((((.(((....)))))))..........(((...)))....(((......)))..
863;4;0;-5,224;0;0,00;14;14,00;0,000110;...........((((.(((....)))))))....(((...((.....))..((...))....)))..
875;4;0;-5,218;0;0,00;12;22,00;0,000109;.......(((.((....)).))).................(((...)))...((((......)))).
888;4;0;-5,210;0;0,00;9;8,00;0,000107;...........((((.(((....)))))))..........((.....))..................
901;4;0;-5,201;0;0,00;16;10,00;0,000106;.....(..((.((((.(((....)))))))..))..)...(((...)))...(((........))).
911;4;0;-5,195;0;0,00;15;8,00;0,000104;........((.((((.((......))))))..))......(((...)))...((((......)))).
912;4;0;-5,189;0;0,00;12;6,00;0,000103;...........(((..(((....))).)))..........(((...)))...(((........))).
933;4;0;-5,179;0;0,00;14;6,00;0,000102;...........((((.(((....)))))))..........(((...)))...(((..(...).))).
963;4;0;-5,159;0;0,00;16;10,00;0,000098;......(.((.((((.(((....)))))))..))..)...(((...)))...(((........))).
965;4;0;-5,159;0;0,00;14;2,00;0,000098;........(..((((.(((....))))))).)........((.....))...((((......)))).
973;4;0;-5,151;0;0,00;12;6,00;0,000097;...........((((.((......))))))..........(((...)))...(((........))).
975;4;0;-5,151;0;0,00;13;8,00;0,000097;.........(.((((..((....)).))))..).......(((...)))...(((........))).
990;4;0;-5,136;0;0,00;14;9,00;0,000095;..(.....)..((((.(((....)))))))..........((.....))...((..((...)).)).
995;4;0;-5,131;0;0,00;14;6,00;0,000094;..(.....)..((((..((....)).))))..........((.....))...((((.(...))))).
996;4;0;-5,131;0;0,00;14;9,00;0,000094;..(.....)..((((..((....)).))))..........((.....))...(((.((...))))).
1002;4;0;-5,127;0;0,00;16;10,00;0,000093;.......(((.((((..((....)).))))..))..)...(((...)))...((((......)))).
1005;4;0;-5,121;0;0,00;15;8,00;0,000092;........((.((((.(((....)))))))..))......(((...)))...(((........))).
1025;4;0;-5,112;0;0,00;16;6,00;0,000091;..((.......((((.(((....)))))))....))....(((...)))...((((......)))).
1027;4;0;-5,106;0;0,00;16;10,00;0,000090;..(((...(..(((..(((....))).))).).)))....((.....))...((((......)))).
1035;4;0;-5,104;0;0,00;10;6,00;0,000090;...........((((..((....)).))))..........((.....))...((..........)).
1053;4;0;-5,091;0;0,00;13;4,00;0,000088;............(((.(((....))))))...........(((...)))...((((......)))).
1059;4;0;-5,089;0;0,00;10;12,00;0,000087;...........((((..((....)).))))..........((.....))..((........))....
1063;4;0;-5,084;0;0,00;12;5,00;0,000087;...........((((.(((....)))))))..........((.....))...((..(.....).)).
1070;4;0;-5,078;0;0,00;12;5,00;0,000086;...........((((..((....)).))))..........((.....))...(((.(.....)))).
1077;4;0;-5,075;0;0,00;15;4,00;0,000085;.....(.....((((.(((....)))))))......)...(((...)))...((((......)))).
1079;4;0;-5,076;0;0,00;14;6,00;0,000085;.....(...).((((..((....)).))))..........(((...)))...((((......)))).
1086;4;0;-5,072;0;0,00;13;11,00;0,000085;...........((((..((....)).))))..........(((...)))...((..((...)).)).
1095;4;0;-5,068;0;0,00;16;10,00;0,000084;..(((...(..((((.((......)))))).).)))....((.....))...((((......)))).
1101;4;0;-5,064;0;0,00;15;4,00;0,000084;(.......)..((((.(((....)))))))..........(((...)))...((((......)))).
1103;4;0;-5,065;0;0,00;15;11,00;0,000084;..((...))..((((.(((....)))))))..........((.....))...((..((...)).)).
1110;4;0;-5,059;0;0,00;15;11,00;0,000083;..((...))..((((..((....)).))))..........((.....))...(((.((...))))).
1111;4;0;-5,061;0;0,00;12;11,00;0,000083;...........((((.(((....)))))))..........((.....))..(((.....).))....
1169;4;0;-5,021;0;0,00;17;20,00;0,000078;......((((.((((.(((....)))))))....(((...(((...)))........)))..)))).
1182;4;0;-5,016;0;0,00;16;21,00;0,000077;.....(..((.((((((....))))...))..))..)...(((...)))...((((......)))).
1201;4;0;-4,999;0;0,00;15;8,00;0,000075;..(((......((((.(((....)))))))...)))....((.....))...(((........))).
1208;4;0;-4,995;0;0,00;16;10,00;0,000075;..(((...(..((((.(((....))))))).).)))....((.....))...(((........))).
1209;4;0;-4,996;0;0,00;10;13,00;0,000075;...........((((..((....)).))))..........((.....))..((...)).........
1216;4;0;-4,985;0;0,00;15;16,00;0,000073;...........((((.(((....)))))))....(((...(((...)))..((...))....)))..
1227;4;0;-4,979;0;0,00;16;6,00;0,000073;...(...)...((((.(((....)))))))..(...)...(((...)))...((((......)))).
1236;4;0;-4,973;0;0,00;16;21,00;0,000072;......(.((.((((((....))))...))..))..)...(((...)))...((((......)))).
1249;4;0;-4,971;0;0,00;10;10,00;0,000072;...........((((.(((....)))))))..........(((...)))..................
1254;4;0;-4,965;0;0,00;18;10,00;0,000071;...((...((.((((.(((....)))))))..))....))(((...)))...((((......)))).
1290;4;0;-4,943;0;0,00;16;6,00;0,000068;...........((((.(((....)))))))..(...)...(((...)))...((((.(...))))).
1291;4;0;-4,943;0;0,00;16;9,00;0,000068;...........((((.(((....)))))))..(...)...(((...)))...(((.((...))))).
1308;4;0;-4,936;0;0,00;15;19,00;0,000067;........((.((((((....))))...))..))......(((...)))...((((......)))).
1310;4;0;-4,936;0;0,00;15;4,00;0,000068;......(....((((.(((....)))))))......)...(((...)))...((((......)))).
1312;4;0;-4,930;0;0,00;12;6,00;0,000067;..(.....)..((((.(((....)))))))..........((.....))...((..........)).
1339;4;0;-4,921;0;0,00;15;4,00;0,000066;........(..((((.(((....))))))).)........(((...)))...((((......)))).
1343;4;0;-4,915;0;0,00;12;12,00;0,000065;..(.....)..((((.(((....)))))))..........((.....))..((........))....
1371;4;0;-4,904;0;0,00;14;5,00;0,000064;..(.....)..((((.(((....)))))))..........((.....))...(((.(.....)))).
1384;4;0;-4,902;0;0,00;13;4,00;0,000064;...(...)...((((.(((....)))))))..........((.....))...(((........))).
1388;4;0;-4,898;0;0,00;15;11,00;0,000063;..(.....)..((((.(((....)))))))..........(((...)))...((..((...)).)).
1393;4;0;-4,892;0;0,00;12;17,00;0,000063;...........((((((....))))...))..........(((...)))...(((........))).
1394;4;0;-4,892;0;0,00;15;8,00;0,000063;..(.....)..((((..((....)).))))..........(((...)))...((((.(...))))).
1395;4;0;-4,892;0;0,00;15;11,00;0,000063;..(.....)..((((..((....)).))))..........(((...)))...(((.((...))))).
1403;4;0;-4,890;0;0,00;13;4,00;0,000062;...........((((.(((....)))))))..........(.(...).)...((((......)))).
1408;4;0;-4,885;0;0,00;17;12,00;0,000062;..((....((.(((..(((....))).)))..))))....(((...)))...((((......)))).
1415;4;0;-4,883;0;0,00;15;13,00;0,000062;..(.....)...(((.(((....))))))((((.......))))........((((......)))).
1417;4;0;-4,875;0;0,00;12;6,00;0,000061;..(.....)..((((..((....)).))))..........((.....))....(((......)))..
1419;4;0;-4,876;0;0,00;13;16,00;0,000061;..(.....)..(((((......)))...))..........(((...)))...((((......)))).
1420;4;0;-4,876;0;0,00;13;4,00;0,000061;...........((((.(.(....).)))))..........(((...)))...((((......)))).
1432;4;0;-4,872;0;0,00;16;10,00;0,000061;..(((......(((..(((....))).)))...)))....(((...)))...((((......)))).
1437;4;0;-4,868;0;0,00;17;12,00;0,000060;..(((...(..(((..(((....))).))).).)))....(((...)))...((((......)))).
1449;4;0;-4,865;0;0,00;11;8,00;0,000060;...........((((..((....)).))))..........(((...)))...((..........)).
1459;4;0;-4,856;0;0,00;15;4,00;0,000059;.......(...((((.(((....)))))))......)...(((...)))...((((......)))).
1461;4;0;-4,856;0;0,00;13;12,00;0,000059;...........((((.(((....)))))))..........((.....))..((((...)).))....
1465;4;0;-4,859;0;0,00;13;8,00;0,000059;..((...))..((((.(((....)))))))..........((.....))...((..........)).
1477;4;0;-4,850;0;0,00;11;14,00;0,000058;...........((((..((....)).))))..........(((...)))..((........))....
1480;4;0;-4,851;0;0,00;15;4,00;0,000058;..........(((((.(((....)))))))....).....(((...)))...((((......)))).
1483;4;0;-4,845;0;0,00;13;7,00;0,000058;...........((((.(((....)))))))..........(((...)))...((..(.....).)).
1488;4;0;-4,847;0;0,00;17;12,00;0,000058;..((....((.((((.((......))))))..))))....(((...)))...((((......)))).
1496;4;0;-4,843;0;0,00;13;14,00;0,000058;..((...))..((((.(((....)))))))..........((.....))..((........))....
1502;4;0;-4,839;0;0,00;13;7,00;0,000057;...........((((..((....)).))))..........(((...)))...(((.(.....)))).
1506;4;0;-4,833;0;0,00;15;7,00;0,000057;..((...))..((((.(((....)))))))..........((.....))...(((.(.....)))).
1509;4;0;-4,834;0;0,00;16;10,00;0,000057;..(((......((((.((......))))))...)))....(((...)))...((((......)))).
1520;4;0;-4,829;0;0,00;17;12,00;0,000056;..(((...(..((((.((......)))))).).)))....(((...)))...((((......)))).
1532;4;0;-4,826;0;0,00;15;8,00;0,000056;...((...(..((((..((....)).)))).).)).....((.....))...((((......)))).
1533;4;0;-4,826;0;0,00;16;13,00;0,000056;..((...))..((((.(((....)))))))..........(((...)))...((..((...)).)).
1542;4;0;-4,821;0;0,00;16;10,00;0,000056;..((...))..((((..((....)).))))..........(((...)))...((((.(...))))).
1543;4;0;-4,821;0;0,00;16;13,00;0,000056;..((...))..((((..((....)).))))..........(((...)))...(((.((...))))).
1545;4;0;-4,822;0;0,00;13;13,00;0,000056;...........((((.(((....)))))))..........(((...)))..(((.....).))....
1546;4;0;-4,822;0;0,00;12;13,00;0,000056;..(.....)..((((.(((....)))))))..........((.....))..((...)).........
1570;4;0;-4,810;0;0,00;12;13,00;0,000055;..(.....)..((((.(((....)))))))..........((.....)).......((...))....
1582;4;0;-4,808;0;0,00;15;4,00;0,000054;......(...)((((.(((....)))))))..........(((...)))...((((......)))).
1590;4;0;-4,805;0;0,00;14;18,00;0,000054;..((...))..(((((......)))...))..........(((...)))...((((......)))).
1605;4;0;-4,794;0;0,00;15;4,00;0,000053;...........((((.(((....)))))))(....)....(((...)))...((((......)))).
1606;4;0;-4,794;0;0,00;14;6,00;0,000053;..(.....)..((((.(((....)))))))..(...)...((.....))...(((........))).
1617;4;0;-4,791;0;0,00;14;6,00;0,000053;..........(((((..((....)).))))..).......(((...)))...((((......)))).
1651;4;0;-4,774;0;0,00;17;12,00;0,000051;..((....((.((((.(((....)))))))..))))....(((...)))...(((........))).
1653;4;0;-4,775;0;0,00;14;6,00;0,000051;...(...)...(((..(((....))).)))..........(((...)))...((((......)))).
1663;4;0;-4,773;0;0,00;15;4,00;0,000051;(...)......((((.(((....)))))))..........(((...)))...((((......)))).
1669;4;0;-4,769;0;0,00;10;10,00;0,000051;...........((((.(((....)))))))..........((.....))..(.....).........
1675;4;0;-4,758;0;0,00;10;9,00;0,000050;...........((((.(((....)))))))..........((.....)).......(.....)....
1677;4;0;-4,760;0;0,00;17;12,00;0,000050;..(((....(.((((.(((....)))))))..))))....(((...)))...(((........))).
1678;4;0;-4,760;0;0,00;16;10,00;0,000050;..(((......((((.(((....)))))))...)))....(((...)))...(((........))).
1681;4;0;-4,761;0;0,00;15;8,00;0,000050;..(.....)(.((((..((....)).))))..).......(((...)))...((((......)))).
1683;4;0;-4,754;0;0,00;12;6,00;0,000050;...........((((..((....)).))))..........((.....))...(((..(...).))).
1686;4;0;-4,756;0;0,00;17;12,00;0,000050;..(((...(..((((.(((....))))))).).)))....(((...)))...(((........))).
1688;4;0;-4,757;0;0,00;11;15,00;0,000050;...........((((..((....)).))))..........(((...)))..((...)).........
1691;4;0;-4,751;0;0,00;13;15,00;0,000049;..((...))..((((.(((....)))))))..........((.....))..((...)).........
1693;4;0;-4,751;0;0,00;18;10,00;0,000049;.....(..((.((((.(((....)))))))..))..)...(((...)))...((((.(...))))).
1694;4;0;-4,751;0;0,00;18;13,00;0,000049;.....(..((.((((.(((....)))))))..))..)...(((...)))...(((.((...))))).
1714;4;0;-4,746;0;0,00;11;15,00;0,000049;...........((((..((....)).))))..........(((...))).......((...))....
1717;4;0;-4,739;0;0,00;14;6,00;0,000048;...........(((..(((....))).)))..........(((...)))...((((.(...))))).
1718;4;0;-4,739;0;0,00;14;9,00;0,000048;...........(((..(((....))).)))..........(((...)))...(((.((...))))).
1720;4;0;-4,739;0;0,00;13;15,00;0,000048;..((...))..((((.(((....)))))))..........((.....)).......((...))....
1736;4;0;-4,736;0;0,00;14;6,00;0,000048;...(...)...((((.((......))))))..........(((...)))...((((......)))).
1739;4;0;-4,737;0;0,00;13;4,00;0,000048;...........((((.(((....)))))))...........((...))....((((......)))).
1741;4;0;-4,738;0;0,00;14;6,00;0,000048;.........(.((((..((....)).))))....).....(((...)))...((((......)))).
1753;4;0;-4,734;0;0,00;14;12,00;0,000048;..(.....)..((((..((....)).))))(((.......))).........((((......)))).
1759;4;0;-4,730;0;0,00;13;8,00;0,000048;...........((((..((....)).))))..(...)...(((...)))...(((........))).
1764;4;0;-4,723;0;0,00;15;8,00;0,000047;..((...))..((((.(((....)))))))..(...)...((.....))...(((........))).
1765;4;0;-4,723;0;0,00;13;24,00;0,000047;.......(((.(......).)))...((.......))...(((...)))...((((......)))).
1776;4;0;-4,715;0;0,00;14;24,00;0,000047;.......(((.((....)).)))...((.......))...(((...)))...((((......)))).
1796;4;0;-4,707;0;0,00;15;11,00;0,000046;.........(.((((.(((....)))))))..).......(((...)))...((..((...)).)).
1804;4;0;-4,709;0;0,00;18;10,00;0,000046;......(.((.((((.(((....)))))))..))..)...(((...)))...((((.(...))))).
1805;4;0;-4,709;0;0,00;18;13,00;0,000046;......(.((.((((.(((....)))))))..))..)...(((...)))...(((.((...))))).
1811;4;0;-4,704;0;0,00;15;4,00;0,000046;..(.....)..((((.(((....))))))).(...)....((.....))...((((......)))).
1820;4;0;-4,701;0;0,00;14;6,00;0,000045;...........((((.((......))))))..........(((...)))...((((.(...))))).
1821;4;0;-4,701;0;0,00;14;9,00;0,000045;...........((((.((......))))))..........(((...)))...(((.((...))))).
1823;4;0;-4,701;0;0,00;15;11,00;0,000045;.........(.((((..((....)).))))..).......(((...)))...(((.((...))))).
1844;4;0;-4,688;0;0,00;14;6,00;0,000044;...........((((.(((....)))))))..(...)...(((...)))....(((......)))..
1847;4;0;-4,690;0;0,00;16;10,00;0,000045;..((...))(.((((..((....)).))))..).......(((...)))...((((......)))).
1849;4;0;-4,691;0;0,00;13;8,00;0,000045;..(.....)..((((.(((....)))))))..........(((...)))...((..........)).
1857;4;0;-4,687;0;0,00;17;12,00;0,000044;....((..((.(((..(((....))).)))..))..))..(((...)))...((((......)))).
1874;4;0;-4,676;0;0,00;13;14,00;0,000044;..(.....)..((((.(((....)))))))..........(((...)))..((........))....
1904;4;0;-4,671;0;0,00;17;8,00;0,000043;........((.((((.(((....)))))))..))......(((...)))...((((.(...))))).
1905;4;0;-4,671;0;0,00;17;11,00;0,000043;........((.((((.(((....)))))))..))......(((...)))...(((.((...))))).
1911;4;0;-4,665;0;0,00;15;7,00;0,000043;..(.....)..((((.(((....)))))))..........(((...)))...(((.(.....)))).
1916;4;0;-4,667;0;0,00;13;10,00;0,000043;..(.....)..((((.(.......).))))..........(((...)))...((((......)))).
1920;4;0;-4,667;0;0,00;15;8,00;0,000043;..(.....)..(((..(((....))).)))..(...)...(((...)))...((((......)))).
1927;4;0;-4,663;0;0,00;14;6,00;0,000043;...(...)...((((.(((....)))))))..........(((...)))...(((........))).
1931;4;0;-4,664;0;0,00;12;6,00;0,000043;..(.....)..(((..((......)).)))..........((.....))...((((......)))).
1952;4;0;-4,649;0;0,00;10;9,00;0,000042;...........((((.(((....)))))))..........((.....))....(.....).......
1975;4;0;-4,648;0;0,00;17;12,00;0,000042;....((..((.((((.((......))))))..))..))..(((...)))...((((......)))).
1984;4;0;-4,638;0;0,00;16;6,00;0,000041;..(.....)..((((.(((....)))))))....((....((.....)).))((((......)))).
1988;4;0;-4,639;0;0,00;13;4,00;0,000041;(.......)..((((..((....)).))))..........((.....))...((((......)))).
1990;4;0;-4,640;0;0,00;14;6,00;0,000041;...........((((..((....)).)))).(...)....(((...)))...((((......)))).
1997;4;0;-4,636;0;0,00;13;8,00;0,000041;..(.....)..((((..((....)).))))..........(((...)))....(((......)))..
2000;4;0;-4,629;0;0,00;15;8,00;0,000040;..(.....)..((((.((......))))))..(...)...(((...)))...((((......)))).
2008;4;0;-4,632;0;0,00;16;6,00;0,000040;.....(....)((((.(((....)))))))..(...)...(((...)))...((((......)))).
2037;4;0;-4,617;0;0,00;14;14,00;0,000039;...........((((.(((....)))))))..........(((...)))..((((...)).))....
2042;4;0;-4,620;0;0,00;14;10,00;0,000040;..((...))..((((.(((....)))))))..........(((...)))...((..........)).
2051;4;0;-4,615;0;0,00;18;21,00;0,000039;......((((.((((.(((....)))))))....(((..((((...)))......).)))..)))).
2059;4;0;-4,611;0;0,00;11;4,00;0,000039;...........((((.(((....)))))))..........((.....))....((........))..
2061;4;0;-4,611;0;0,00;15;12,00;0,000039;.....(..((.((((..(......).))))..))..)...(((...)))...((((......)))).
2064;4;0;-4,611;0;0,00;13;4,00;0,000039;...........((((.(((....)))))))..........(((...)))...((.(......).)).
2066;4;0;-4,612;0;0,00;15;8,00;0,000039;...((......((((..((....)).)))).)).......(((...)))...((((......)))).
2084;4;0;-4,605;0;0,00;16;10,00;0,000039;...(....((.((((..((....)).))))..))).....(((...)))...((((......)))).
2085;4;0;-4,605;0;0,00;14;16,00;0,000039;..((...))..((((.(((....)))))))..........(((...)))..((........))....
2096;4;0;-4,594;0;0,00;16;9,00;0,000038;..((...))..((((.(((....)))))))..........(((...)))...(((.(.....)))).
2101;4;0;-4,596;0;0,00;14;12,00;0,000038;..((...))..((((.(.......).))))..........(((...)))...((((......)))).
2102;4;0;-4,596;0;0,00;16;10,00;0,000038;..((...))..(((..(((....))).)))..(...)...(((...)))...((((......)))).
2103;4;0;-4,596;0;0,00;15;20,00;0,000038;......((((.((((..((....)).))))....(((...((.....))........)))..)))).
2110;4;0;-4,590;0;0,00;12;6,00;0,000038;..(.....)..(((..(((....))).)))..........((.....))...(((........))).
2117;4;0;-4,591;0;0,00;15;8,00;0,000038;...((......((((..((....)).))))...)).....(((...)))...((((......)))).
2128;4;0;-4,587;0;0,00;16;10,00;0,000037;...((...(..((((..((....)).)))).).)).....(((...)))...((((......)))).
2135;4;0;-4,588;0;0,00;17;23,00;0,000038;..((....((.((((((....))))...))..))))....(((...)))...((((......)))).
2140;4;0;-4,583;0;0,00;13;15,00;0,000037;..(.....)..((((.(((....)))))))..........(((...)))..((...)).........
2148;4;0;-4,580;0;0,00;14;6,00;0,000037;..(.....)..((((.(((....)))))))..........((.....))...(((..(...).))).
2158;4;0;-4,575;0;0,00;17;12,00;0,000037;....((..((.((((.(((....)))))))..))..))..(((...)))...(((........))).
2170;4;0;-4,572;0;0,00;13;15,00;0,000036;..(.....)..((((.(((....)))))))..........(((...))).......((...))....
2173;4;0;-4,574;0;0,00;15;8,00;0,000037;...........((((..((....)).))))....((....(((...))).))((((......)))).
2179;4;0;-4,569;0;0,00;15;12,00;0,000036;......(.((.((((..(......).))))..))..)...(((...)))...((((......)))).
2184;4;0;-4,570;0;0,00;17;23,00;0,000036;..(((...(..((((((....))))...)).).)))....(((...)))...((((......)))).
2187;4;0;-4,565;0;0,00;14;10,00;0,000036;..((...))..((((..((....)).))))..........(((...)))....(((......)))..
2193;4;0;-4,560;0;0,00;13;16,00;0,000036;...........((((..((....)).))))....(((...((.....))..((...))....)))..
2206;4;0;-4,555;0;0,00;13;4,00;0,000035;.....(....)((((.(((....)))))))..........((.....))...(((........))).
2209;4;0;-4,555;0;0,00;15;8,00;0,000036;..(.....)..((((.(((....)))))))..(...)...(((...)))...(((........))).
2213;4;0;-4,558;0;0,00;16;10,00;0,000036;..((...))..((((.((......))))))..(...)...(((...)))...((((......)))).
2223;4;0;-4,552;0;0,00;12;6,00;0,000035;..(.....)..((((.((......))))))..........((.....))...(((........))).
2226;4;0;-4,553;0;0,00;13;24,00;0,000035;.......(((.(......).))).....((.....))...(((...)))...((((......)))).
2252;4;0;-4,545;0;0,00;18;10,00;0,000035;..(((...(..((((.(((....))))))).).)))....((.....))...((((.(...))))).
2253;4;0;-4,545;0;0,00;18;13,00;0,000035;..(((...(..((((.(((....))))))).).)))....((.....))...(((.((...))))).
2256;4;0;-4,545;0;0,00;14;24,00;0,000035;.......(((.((....)).))).....((.....))...(((...)))...((((......)))).
2259;4;0;-4,546;0;0,00;8;10,00;0,000035;...........((((..((....)).))))..........((.....))..................
2279;4;0;-4,537;0;0,00;15;12,00;0,000034;.....(..((.((((..((....)).))))..))..)...(((...)))...(((........))).
2284;4;0;-4,538;0;0,00;16;6,00;0,000034;...((......((((.(((....)))))))........))(((...)))...((((......)))).
2303;4;0;-4,531;0;0,00;11;12,00;0,000034;...........((((.(((....)))))))..........(((...)))..(.....).........
2304;4;0;-4,531;0;0,00;14;10,00;0,000034;........((.((((..(......).))))..))......(((...)))...((((......)))).
2322;4;0;-4,521;0;0,00;12;14,00;0,000034;...........((((.(((....)))))))....(((...((.....))........))).......
2345;4;0;-4,519;0;0,00;13;8,00;0,000033;..((...))..(((..(((....))).)))..........((.....))...(((........))).
2347;4;0;-4,519;0;0,00;11;11,00;0,000033;...........((((.(((....)))))))..........(((...))).......(.....)....
2349;4;0;-4,512;0;0,00;14;17,00;0,000033;..((...))..((((.(((....)))))))..........(((...)))..((...)).........
2355;4;0;-4,515;0;0,00;13;8,00;0,000033;...........((((..((....)).))))..........(((...)))...(((..(...).))).
2359;4;0;-4,509;0;0,00;15;8,00;0,000033;..((...))..((((.(((....)))))))..........((.....))...(((..(...).))).
2369;4;0;-4,511;0;0,00;13;8,00;0,000033;..(.....)..((((.(........)))))..........(((...)))...((((......)))).
2383;4;0;-4,500;0;0,00;14;17,00;0,000032;..((...))..((((.(((....)))))))..........(((...))).......((...))....
2387;4;0;-4,501;0;0,00;13;8,00;0,000032;.........(.((((.(((....)))))))..).......(((...)))...((..........)).
2397;4;0;-4,504;0;0,00;19;12,00;0,000033;...(((..((.((((.(((....)))))))..))..)).)(((...)))...((((......)))).
2398;4;0;-4,504;0;0,00;19;12,00;0,000033;...(((..((.((((.(((....)))))))..))..).))(((...)))...((((......)))).
2419;4;0;-4,492;0;0,00;13;4,00;0,000032;..(.....)...(((.(((....))))))...........((.....))...((((......)))).
2429;4;0;-4,495;0;0,00;15;12,00;0,000032;......(.((.((((..((....)).))))..))..)...(((...)))...(((........))).
2430;4;0;-4,496;0;0,00;13;4,00;0,000032;........(..((((..((....)).)))).)........((.....))...((((......)))).
2431;4;0;-4,496;0;0,00;16;10,00;0,000032;.....(..((.((((.(((....)))))))..))..)...(((...)))....(((......)))..
2448;4;0;-4,492;0;0,00;13;6,00;0,000032;...........((((.(.(....)).))))..........(((...)))...((((......)))).
2454;4;0;-4,485;0;0,00;13;14,00;0,000032;.........(.((((.(((....)))))))..).......(((...)))..((........))....
2458;4;0;-4,487;0;0,00;11;8,00;0,000032;...........((((..(......).))))..........(((...)))...(((........))).
2469;4;0;-4,484;0;0,00;12;6,00;0,000031;...........(((..(((....))).)))..........(((...)))....(((......)))..
2470;4;0;-4,484;0;0,00;16;10,00;0,000031;..((...))..((((.(((....)))))))..(...)...(((...)))...(((........))).
2491;4;0;-4,480;0;0,00;13;8,00;0,000031;..((...))..((((.((......))))))..........((.....))...(((........))).
2497;4;0;-4,475;0;0,00;15;7,00;0,000031;.........(.((((.(((....)))))))..).......(((...)))...(((.(.....)))).
2502;4;0;-4,476;0;0,00;11;10,00;0,000031;...........((((.(((....)))))))..........((.....))....((.....)).....
2519;4;0;-4,473;0;0,00;13;11,00;0,000031;..(.....)..((((..((....)).))))..........((.....))...((..((...)).)).
2524;4;0;-4,466;0;0,00;16;6,00;0,000031;..(.....)..((((.(((....))))))).(...)....(((...)))...((((......)))).
2558;4;0;-4,457;0;0,00;14;10,00;0,000030;........((.((((..((....)).))))..))......(((...)))...(((........))).
2563;4;0;-4,453;0;0,00;16;10,00;0,000030;......(.((.((((.(((....)))))))..))..)...(((...)))....(((......)))..
2595;4;0;-4,445;0;0,00;12;6,00;0,000029;...........((((.((......))))))..........(((...)))....(((......)))..
2605;4;0;-4,448;0;0,00;15;8,00;0,000030;..((.......((((..((....)).))))....))....(((...)))...((((......)))).
2607;4;0;-4,448;0;0,00;16;6,00;0,000030;....((.....((((.(((....)))))))......))..(((...)))...((((......)))).
2612;4;0;-4,442;0;0,00;14;20,00;0,000029;...........((((((....))))...))..........(((...)))...(((.((...))))).
2621;4;0;-4,445;0;0,00;11;10,00;0,000029;...........((((.(((....)))))))..........((.....))....((...)).......
2628;4;0;-4,439;0;0,00;14;10,00;0,000029;..((...))..((((.(........)))))..........(((...)))...((((......)))).
2633;4;0;-4,434;0;0,00;13;4,00;0,000029;...........((.(.(((....)))).))..........(((...)))...((((......)))).
2643;4;0;-4,430;0;0,00;13;3,00;0,000029;...........((((.(((....)))))))..........(.(....))...((((......)))).
2650;4;0;-4,431;0;0,00;14;22,00;0,000029;......(.((...((((....)))).)).)..........(((...)))...((((......)))).
2664;4;0;-4,428;0;0,00;12;6,00;0,000029;............(((..((....)).)))...........(((...)))...((((......)))).
2667;4;0;-4,428;0;0,00;14;6,00;0,000029;.....(....)(((..(((....))).)))..........(((...)))...((((......)))).
2685;4;0;-4,425;0;0,00;13;8,00;0,000028;..(.....)..(((..((......)).)))..........(((...)))...((((......)))).
2693;4;0;-4,420;0;0,00;11;7,00;0,000028;...........((((..((....)).))))..........((.....))...((..(.....).)).
2705;4;0;-4,416;0;0,00;15;8,00;0,000028;........((.((((.(((....)))))))..))......(((...)))....(((......)))..
2716;4;0;-4,410;0;0,00;11;11,00;0,000028;...........((((.(((....)))))))..........(((...)))....(.....).......
2719;4;0;-4,411;0;0,00;14;6,00;0,000028;.....(.....((((..((....)).))))......)...(((...)))...((((......)))).
2770;4;0;-4,400;0;0,00;17;8,00;0,000027;..(.....)..((((.(((....)))))))....((....(((...))).))((((......)))).
2776;4;0;-4,401;0;0,00;14;6,00;0,000027;(.......)..((((..((....)).))))..........(((...)))...((((......)))).
2781;4;0;-4,401;0;0,00;14;13,00;0,000027;..((...))..((((..((....)).))))..........((.....))...((..((...)).)).
2789;4;0;-4,397;0;0,00;11;13,00;0,000027;...........((((..((....)).))))..........((.....))..(((.....).))....
2809;4;0;-4,393;0;0,00;13;15,00;0,000027;.........(.((((.(((....)))))))..).......(((...)))..((...)).........
2815;4;0;-4,394;0;0,00;17;8,00;0,000027;..((...))..((((.(((....))))))).(...)....(((...)))...((((......)))).
2819;4;0;-4,388;0;0,00;17;28,00;0,000027;..(((.(.((...((((....)))).)).)...)))....(((...)))...((((......)))).
2825;4;0;-4,389;0;0,00;17;23,00;0,000027;....((..((.((((((....))))...))..))..))..(((...)))...((((......)))).
2827;4;0;-4,390;0;0,00;14;6,00;0,000027;.....(....)((((.((......))))))..........(((...)))...((((......)))).
2830;4;0;-4,390;0;0,00;18;10,00;0,000027;..(((.....(((((.(((....)))))))..))))....(((...)))...((((......)))).
2832;4;0;-4,383;0;0,00;15;4,00;0,000027;...........((((.(((....))))))).........((((...)))..)((((......)))).
2835;4;0;-4,384;0;0,00;14;22,00;0,000027;.....(..((...((((....)))).)).)..........(((...)))...((((......)))).
2841;4;0;-4,386;0;0,00;15;16,00;0,000027;..(.....)..((((.(((....)))))))....(((...((.....))..((...))....)))..
2852;4;0;-4,381;0;0,00;13;15,00;0,000026;.........(.((((.(((....)))))))..).......(((...))).......((...))....
2873;4;0;-4,372;0;0,00;12;6,00;0,000026;...........((((.(((....)))))))..........(((...)))....((........))..
2878;4;0;-4,372;0;0,00;10;10,00;0,000026;..(.....)..((((.(((....)))))))..........((.....))..................
2900;4;0;-4,370;0;0,00;15;19,00;0,000026;..(.....)..((((((....))))...))..(...)...(((...)))...((((......)))).
2943;4;0;-4,357;0;0,00;16;22,00;0,000025;......((((.((((..((....)).))))....(((...(((...)))........)))..)))).
2957;4;0;-4,353;0;0,00;14;10,00;0,000025;..((...))..(((..((......)).)))..........(((...)))...((((......)))).
2975;4;0;-4,351;0;0,00;13;8,00;0,000025;..(.....)..(((..(((....))).)))..........(((...)))...(((........))).
2980;4;0;-4,344;0;0,00;16;9,00;0,000025;..(.....)..((((.(((....)))))))..(...)...((.....))...(((.((...))))).
2994;4;0;-4,341;0;0,00;15;8,00;0,000025;..(.....)..((((.(((....)))))))..........(((...)))...(((..(...).))).
3018;4;0;-4,334;0;0,00;13;13,00;0,000024;...........((((.(((....)))))))....(((...((.....))..(.....)....)))..
3024;4;0;-4,335;0;0,00;14;10,00;0,000024;..(((......((((..((....)).))))...)))....((.....))...(((........))).
3025;4;0;-4,328;0;0,00;18;10,00;0,000024;..((...))..((((.(((....)))))))....((....(((...))).))((((......)))).
3035;4;0;-4,331;0;0,00;15;12,00;0,000024;..(((...(..((((..((....)).)))).).)))....((.....))...(((........))).
3057;4;0;-4,321;0;0,00;14;18,00;0,000024;...........((((..((....)).))))....(((...(((...)))..((...))....)))..
3063;4;0;-4,324;0;0,00;19;12,00;0,000024;..((....((.((((.(((....)))))))..))))....(((...)))...((((.(...))))).
3064;4;0;-4,324;0;0,00;19;15,00;0,000024;..((....((.((((.(((....)))))))..))))....(((...)))...(((.((...))))).
3076;4;0;-4,319;0;0,00;18;10,00;0,000024;...((..(.(.((((.(((....)))))))....).).))(((...)))...((((......)))).
3084;4;0;-4,313;0;0,00;13;8,00;0,000024;..(.....)..((((.((......))))))..........(((...)))...(((........))).
3093;4;0;-4,315;0;0,00;16;18,00;0,000024;..((...))..((((.(((....)))))))....(((...((.....))..((...))....)))..
3095;4;0;-4,315;0;0,00;15;8,00;0,000024;...(...)...((((..((....)).))))..(...)...(((...)))...((((......)))).
3100;4;0;-4,316;0;0,00;14;6,00;0,000024;.....(....)((((.(((....)))))))..........(((...)))...(((........))).
3111;4;0;-4,310;0;0,00;19;15,00;0,000023;..(((....(.((((.(((....)))))))..))))....(((...)))...(((.((...))))).
3113;4;0;-4,310;0;0,00;18;10,00;0,000023;..(((......((((.(((....)))))))...)))....(((...)))...((((.(...))))).
3114;4;0;-4,310;0;0,00;18;13,00;0,000023;..(((......((((.(((....)))))))...)))....(((...)))...(((.((...))))).
3125;4;0;-4,306;0;0,00;19;12,00;0,000023;..(((...(..((((.(((....))))))).).)))....(((...)))...((((.(...))))).
3126;4;0;-4,306;0;0,00;19;15,00;0,000023;..(((...(..((((.(((....))))))).).)))....(((...)))...(((.((...))))).
3128;4;0;-4,306;0;0,00;15;8,00;0,000023;.......(.(.(((..(((....))).)))....).)...(((...)))...((((......)))).
3137;4;0;-4,308;0;0,00;9;12,00;0,000023;...........((((..((....)).))))..........(((...)))..................
3140;4;0;-4,301;0;0,00;11;12,00;0,000023;..((...))..((((.(((....)))))))..........((.....))..................
3142;4;0;-4,301;0;0,00;17;12,00;0,000023;...((...((.((((..((....)).))))..))....))(((...)))...((((......)))).
3156;4;0;-4,299;0;0,00;16;21,00;0,000023;..((...))..((((((....))))...))..(...)...(((...)))...((((......)))).
3182;4;0;-4,289;0;0,00;16;10,00;0,000023;..(((...(..((((.(((....))))))).).)))....((.....))....(((......)))..
3186;4;0;-4,290;0;0,00;13;8,00;0,000023;..(.....)..((((...(....)..))))..........(((...)))...((((......)))).
3206;4;0;-4,285;0;0,00;15;11,00;0,000023;...........((((.(((....)))))))..(...)...(((...)))...((..((...)).)).
3230;4;0;-4,282;0;0,00;13;16,00;0,000022;...........((((.(((....)))))))....(((...(((...)))........))).......
3236;4;0;-4,284;0;0,00;15;15,00;0,000022;......((((.((((.(((....)))))))..........((.....))..((...))....)))).
3245;4;0;-4,277;0;0,00;13;4,00;0,000022;..(.....)..((((.(.(....).)))))..........((.....))...((((......)))).
3253;4;0;-4,279;0;0,00;15;8,00;0,000022;...........((((..((....)).))))..(...)...(((...)))...((((.(...))))).
3254;4;0;-4,279;0;0,00;15;11,00;0,000022;...........((((..((....)).))))..(...)...(((...)))...(((.((...))))).
3256;4;0;-4,280;0;0,00;14;10,00;0,000022;..((...))..(((..(((....))).)))..........(((...)))...(((........))).
3280;4;0;-4,270;0;0,00;16;10,00;0,000022;..((...))..((((.(((....)))))))..........(((...)))...(((..(...).))).
3288;4;0;-4,272;0;0,00;14;6,00;0,000022;......(....((((..((....)).))))......)...(((...)))...((((......)))).
3292;4;0;-4,273;0;0,00;17;11,00;0,000022;..((...))..((((.(((....)))))))..(...)...((.....))...(((.((...))))).
3295;4;0;-4,266;0;0,00;11;8,00;0,000022;..(.....)..((((..((....)).))))..........((.....))...((..........)).
3299;4;0;-4,268;0;0,00;15;8,00;0,000022;.......(.(.((((.((......))))))....).)...(((...)))...((((......)))).
3341;4;0;-4,260;0;0,00;17;8,00;0,000022;..(.....((.((((.(((....)))))))..)).)....(((...)))...((((......)))).
3342;4;0;-4,260;0;0,00;14;8,00;0,000022;........(..((((.(((....))))))).).((.....))..........((((......)))).
3353;4;0;-4,256;0;0,00;13;4,00;0,000021;...........((((.(((....)))))))..........(((...)))...(.((......)).).
3355;4;0;-4,257;0;0,00;14;6,00;0,000021;........(..((((..((....)).)))).)........(((...)))...((((......)))).
3362;4;0;-4,251;0;0,00;11;14,00;0,000021;..(.....)..((((..((....)).))))..........((.....))..((........))....
3379;4;0;-4,253;0;0,00;14;6,00;0,000021;..(.....)...(((.(((....))))))...........(((...)))...((((......)))).
3382;4;0;-4,246;0;0,00;13;7,00;0,000021;..(.....)..((((.(((....)))))))..........((.....))...((..(.....).)).
3430;4;0;-4,240;0;0,00;13;7,00;0,000021;..(.....)..((((..((....)).))))..........((.....))...(((.(.....)))).
3433;4;0;-4,242;0;0,00;14;10,00;0,000021;..((...))..((((.((......))))))..........(((...)))...(((........))).
3450;4;0;-4,237;0;0,00;12;12,00;0,000021;...........((((.(((....)))))))..........(((...)))....((.....)).....
3455;4;0;-4,238;0;0,00;12;6,00;0,000021;...(...)...((((..((....)).))))..........((.....))...(((........))).
3475;4;0;-4,234;0;0,00;14;13,00;0,000021;..(.....)..((((..((....)).))))..........(((...)))...((..((...)).)).
3490;4;0;-4,230;0;0,00;19;12,00;0,000020;...((.(.((.((((.(((....)))))))..))..).))(((...)))...((((......)))).
3500;4;0;-4,223;0;0,00;13;13,00;0,000020;..(.....)..((((.(((....)))))))..........((.....))..(((.....).))....
3503;4;0;-4,224;0;0,00;14;13,00;0,000020;...........((((.(((....)))))))..........(((...)))....((.((...)).)).
3517;4;0;-4,226;0;0,00;13;3,00;0,000020;...........((((.(((....)))))))..........((....).)...((((......)))).
3520;4;0;-4,219;0;0,00;14;15,00;0,000020;..(.....)...(((..((....)).)))((((.......))))........((((......)))).
3549;4;0;-4,218;0;0,00;14;10,00;0,000020;..((...))..((((...(....)..))))..........(((...)))...((((......)))).
3561;4;0;-4,213;0;0,00;16;6,00;0,000020;...(...)...((((.(((....)))))))..........(((...)))...((((.(...))))).
3562;4;0;-4,213;0;0,00;16;9,00;0,000020;...(...)...((((.(((....)))))))..........(((...)))...(((.((...))))).
3566;4;0;-4,213;0;0,00;13;12,00;0,000020;...........((((.(((....)))))))....(((...((.....))....(.....)..)))..
3585;4;0;-4,210;0;0,00;16;6,00;0,000020;......(..(.((((.(((....)))))))....).)...(((...)))...((((......)))).
3594;4;0;-4,204;0;0,00;15;11,00;0,000020;........((.((((.(((....)))))))......((....))....))..((((......)))).
3599;4;0;-4,206;0;0,00;12;12,00;0,000020;...........((((.(((....)))))))..........(((...)))....((...)).......
3615;4;0;-4,203;0;0,00;17;8,00;0,000020;..(((...(..((((.(((....))))))))..)))....((.....))...((((......)))).
3642;4;0;-4,192;0;0,00;13;23,00;0,000019;.......(((.((....)).)))...(.........)...(((...)))...((((......)))).
3643;4;0;-4,192;0;0,00;14;6,00;0,000019;.......(...((((..((....)).))))......)...(((...)))...((((......)))).
3644;4;0;-4,192;0;0,00;12;14,00;0,000019;...........((((..((....)).))))..........((.....))..((((...)).))....
3654;4;0;-4,194;0;0,00;15;8,00;0,000019;.......(.(.((((.(((....)))))))....).)...(((...)))...(((........))).
3662;4;0;-4,195;0;0,00;12;10,00;0,000019;..((...))..((((..((....)).))))..........((.....))...((..........)).
3663;4;0;-4,195;0;0,00;15;4,00;0,000019;..(.....)..((((.(((....)))))))(....)....((.....))...((((......)))).
3689;4;0;-4,187;0;0,00;14;6,00;0,000019;..........(((((..((....)).))))....).....(((...)))...((((......)))).
3692;4;0;-4,180;0;0,00;12;16,00;0,000019;..((...))..((((..((....)).))))..........((.....))..((........))....
3699;4;0;-4,181;0;0,00;12;9,00;0,000019;...........((((..((....)).))))..........(((...)))...((..(.....).)).
3705;4;0;-4,182;0;0,00;15;8,00;0,000019;..((...))...(((.(((....))))))...........(((...)))...((((......)))).
3711;4;0;-4,183;0;0,00;16;14,00;0,000019;..((....((.((((..(......).))))..))))....(((...)))...((((......)))).
3720;4;0;-4,177;0;0,00;14;26,00;0,000019;...((..(((.(......).)))..)).....(...)...(((...)))...((((......)))).
3743;4;0;-4,175;0;0,00;14;9,00;0,000019;..((...))..((((.(((....)))))))..........((.....))...((..(.....).)).
3758;4;0;-4,169;0;0,00;14;9,00;0,000019;..((...))..((((..((....)).))))..........((.....))...(((.(.....)))).
3760;4;0;-4,169;0;0,00;15;26,00;0,000019;...((..(((.((....)).)))..)).....(...)...(((...)))...((((......)))).
3777;4;0;-4,166;0;0,00;16;14,00;0,000018;..(((...(..((((..(......).)))).).)))....(((...)))...((((......)))).
3788;4;0;-4,168;0;0,00;14;8,00;0,000018;...........((((.(((....))))))).(.((.....))).........((((......)))).
3795;4;0;-4,161;0;0,00;13;8,00;0,000018;.........(.(((..(((....))).)))..).......(((...)))...(((........))).
3809;4;0;-4,162;0;0,00;15;15,00;0,000018;..((...))..((((..((....)).))))..........(((...)))...((..((...)).)).
3819;4;0;-4,158;0;0,00;12;15,00;0,000018;...........((((..((....)).))))..........(((...)))..(((.....).))....
3820;4;0;-4,158;0;0,00;11;15,00;0,000018;..(.....)..((((..((....)).))))..........((.....))..((...)).........
3840;4;0;-4,155;0;0,00;15;10,00;0,000018;...((......((((.(((....)))))))......((....))...))...((((......)))).
3850;4;0;-4,149;0;0,00;19;12,00;0,000018;...((..(((.((((.(((....)))))))..))..).))(((...)))...((((......)))).
3857;4;0;-4,151;0;0,00;15;8,00;0,000018;.........(.((((.(((....)))))))..).......(((...)))...(((..(...).))).
3862;4;0;-4,152;0;0,00;14;15,00;0,000018;..((...))..((((.(((....)))))))..........((.....))..(((.....).))....
3871;4;0;-4,147;0;0,00;11;15,00;0,000018;..(.....)..((((..((....)).))))..........((.....)).......((...))....
3875;4;0;-4,147;0;0,00;16;18,00;0,000018;..(.....)..((((.(((....)))))))....(((...(((...)))..((...))....)))..
3895;4;0;-4,144;0;0,00;14;6,00;0,000018;......(...)((((..((....)).))))..........(((...)))...((((......)))).
3906;4;0;-4,140;0;0,00;14;6,00;0,000018;..(.....)..(((..(((....))).)))..........((.....))...((((.(...))))).
3907;4;0;-4,140;0;0,00;14;9,00;0,000018;..(.....)..(((..(((....))).)))..........((.....))...(((.((...))))).
3913;4;0;-4,134;0;0,00;11;12,00;0,000017;..(.....)..((((.(((....)))))))..........(((...)))..................
3927;4;0;-4,136;0;0,00;16;10,00;0,000018;.......(((.(((..(((....))).)))..))..)...(((...)))...((((......)))).
3936;4;0;-4,130;0;0,00;14;6,00;0,000017;...........((((..((....)).))))(....)....(((...)))...((((......)))).
3938;4;0;-4,131;0;0,00;13;8,00;0,000017;..(.....)..((((..((....)).))))..(...)...((.....))...(((........))).
3965;4;0;-4,122;0;0,00;13;8,00;0,000017;.........(.((((.((......))))))..).......(((...)))...(((........))).
3977;4;0;-4,125;0;0,00;14;26,00;0,000017;......((((.((((...........))))....(((...(((...)))........)))..)))).
3978;4;0;-4,125;0;0,00;19;12,00;0,000017;....((..((.((((.(((....)))))))..))..))..(((...)))...((((.(...))))).
3979;4;0;-4,125;0;0,00;19;15,00;0,000017;....((..((.((((.(((....)))))))..))..))..(((...)))...(((.((...))))).
3993;4;0;-4,113;0;0,00;10;6,00;0,000017;...........(((..(((....))).)))..........((.....))...((..........)).
4013;4;0;-4,110;0;0,00;14;6,00;0,000017;(...)......((((..((....)).))))..........(((...)))...((((......)))).
4016;4;0;-4,110;0;0,00;16;14,00;0,000017;..((....((.((((..((....)).))))..))))....(((...)))...(((........))).
4038;4;0;-4,106;0;0,00;9;12,00;0,000017;...........((((..((....)).))))..........((.....))..(.....).........
4049;4;0;-4,102;0;0,00;14;6,00;0,000017;..(.....)..((((.((......))))))..........((.....))...((((.(...))))).
4050;4;0;-4,102;0;0,00;14;9,00;0,000017;..(.....)..((((.((......))))))..........((.....))...(((.((...))))).
4070;4;0;-4,105;0;0,00;17;8,00;0,000017;..(.....)..((((.(((....)))))))..(...)...(((...)))...((((.(...))))).
4071;4;0;-4,105;0;0,00;17;11,00;0,000017;..(.....)..((((.(((....)))))))..(...)...(((...)))...(((.((...))))).
4072;4;0;-4,098;0;0,00;16;10,00;0,000016;.......(((.((((.((......))))))..))..)...(((...)))...((((......)))).
4074;4;0;-4,098;0;0,00;10;12,00;0,000016;...........(((..(((....))).)))..........((.....))..((........))....
4086;4;0;-4,100;0;0,00;11;24,00;0,000016;...((..(((.(......).)))..)).............((.....))...(((........))).
4095;4;0;-4,094;0;0,00;9;11,00;0,000016;...........((((..((....)).))))..........((.....)).......(.....)....
4100;4;0;-4,095;0;0,00;14;15,00;0,000016;...........((((.(((....)))))))....(((...(((...)))..(.....)....)))..
4109;4;0;-4,096;0;0,00;16;14,00;0,000016;..(((....(.((((..((....)).))))..))))....(((...)))...(((........))).
4110;4;0;-4,096;0;0,00;15;12,00;0,000016;..(((......((((..((....)).))))...)))....(((...)))...(((........))).
4129;4;0;-4,092;0;0,00;16;14,00;0,000016;..(((...(..((((..((....)).)))).).)))....(((...)))...(((........))).
4130;4;0;-4,092;0;0,00;12;24,00;0,000016;...((..(((.((....)).)))..)).............((.....))...(((........))).
4132;4;0;-4,093;0;0,00;17;15,00;0,000016;.....(..((.((((.(((....)))))))..))..)...(((...)))...((..((...)).)).
4133;4;0;-4,093;0;0,00;12;19,00;0,000016;...........((((.(((....)))))))..........(((((.............)))))....
4139;4;0;-4,087;0;0,00;12;17,00;0,000016;..((...))..((((..((....)).))))..........((.....))..((...)).........
4143;4;0;-4,087;0;0,00;17;12,00;0,000016;.....(..((.((((..((....)).))))..))..)...(((...)))...((((.(...))))).
4144;4;0;-4,087;0;0,00;17;15,00;0,000016;.....(..((.((((..((....)).))))..))..)...(((...)))...(((.((...))))).
4146;4;0;-4,088;0;0,00;12;5,00;0,000016;...........(((..(((....))).)))..........((.....))...(((.(.....)))).
4181;4;0;-4,085;0;0,00;18;10,00;0,000016;..((((....)((((.(((....)))))))...)))....(((...)))...((((......)))).
4183;4;0;-4,085;0;0,00;14;6,00;0,000016;.....(...).(((..(((....))).)))..........(((...)))...((((......)))).
4185;4;0;-4,086;0;0,00;11;10,00;0,000016;...........((((.(((....)))))))..........((.....))..(.(.....)..)....
4191;4;0;-4,079;0;0,00;13;8,00;0,000016;...........((((.(((....)))))))..(...)...(((...)))...((..........)).
4204;4;0;-4,081;0;0,00;13;11,00;0,000016;...........(((..(((....))).)))..........(((...)))...((..((...)).)).
4210;4;0;-4,074;0;0,00;16;6,00;0,000016;..(.....).(((((.(((....)))))))..).......(((...)))...((((......)))).
4218;4;0;-4,075;0;0,00;10;6,00;0,000016;...........((((.((......))))))..........((.....))...((..........)).
4221;4;0;-4,075;0;0,00;12;17,00;0,000016;..((...))..((((..((....)).))))..........((.....)).......((...))....
4224;4;0;-4,076;0;0,00;17;20,00;0,000016;..((...))..((((.(((....)))))))....(((...(((...)))..((...))....)))..
4244;4;0;-4,071;0;0,00;15;20,00;0,000016;.....(..((.(((((......)))...))..))..)...(((...)))...((((......)))).
4249;4;0;-4,072;0;0,00;13;23,00;0,000016;.......(((.((....)).))).....(.......)...(((...)))...((((......)))).
4264;4;0;-4,068;0;0,00;17;12,00;0,000016;..((....((.((((.(((....)))))))..))))....(((...)))....(((......)))..
4269;4;0;-4,069;0;0,00;15;11,00;0,000016;..((...))..(((..(((....))).)))..........((.....))...(((.((...))))).
4285;4;0;-4,064;0;0,00;13;14,00;0,000015;...........((((.(((....)))))))..(...)...(((...)))..((........))....
4302;4;0;-4,059;0;0,00;14;10,00;0,000015;..((...))..((((..((....)).))))..(...)...((.....))...(((........))).
4304;4;0;-4,060;0;0,00;10;12,00;0,000015;...........((((.((......))))))..........((.....))..((........))....
4319;4;0;-4,062;0;0,00;12;14,00;0,000015;..((...))..((((.(((....)))))))..........(((...)))..................
4322;4;0;-4,055;0;0,00;16;10,00;0,000015;..(((......((((.(((....)))))))...)))....(((...)))....(((......)))..
4343;4;0;-4,058;0;0,00;12;6,00;0,000015;...........(((...((....))..)))..........(((...)))...((((......)))).
4352;4;0;-4,052;0;0,00;14;6,00;0,000015;..(.....)..((((.(((....)))))))..........(.(...).)...((((......)))).
4356;4;0;-4,053;0;0,00;11;21,00;0,000015;...(((............)))..(.....)..........(((...)))...((((......)))).
4357;4;0;-4,053;0;0,00;15;7,00;0,000015;...........((((.(((....)))))))..(...)...(((...)))...(((.(.....)))).
4364;4;0;-4,054;0;0,00;13;19,00;0,000015;..(.....)..((((((....))))...))..........(((...)))...(((........))).
4379;4;0;-4,049;0;0,00;12;5,00;0,000015;...........((((.((......))))))..........((.....))...(((.(.....)))).
4386;4;0;-4,050;0;0,00;17;12,00;0,000015;..(((...(..((((.(((....))))))).).)))....(((...)))....(((......)))..
4389;4;0;-4,051;0;0,00;17;15,00;0,000015;......(.((.((((.(((....)))))))..))..)...(((...)))...((..((...)).)).
4391;4;0;-4,043;0;0,00;14;13,00;0,000015;.........(.((((..((....)).))))..).......(((...)))...((..((...)).)).
4399;4;0;-4,045;0;0,00;16;17,00;0,000015;......((((.((((.(((....)))))))..........(((...)))..((...))....)))).
4401;4;0;-4,045;0;0,00;17;12,00;0,000015;......(.((.((((..((....)).))))..))..)...(((...)))...((((.(...))))).
4402;4;0;-4,045;0;0,00;17;15,00;0,000015;......(.((.((((..((....)).))))..))..)...(((...)))...(((.((...))))).
4411;4;0;-4,047;0;0,00;14;6,00;0,000015;.....(...).((((.((......))))))..........(((...)))...((((......)))).
4418;4;0;-4,040;0;0,00;13;17,00;0,000015;..(.....)..((((((....)))...)))..........(((...)))...(((........))).
4421;4;0;-4,041;0;0,00;14;6,00;0,000015;..(.....)..((((..((....)).)))).(...)....((.....))...((((......)))).
4429;4;0;-4,043;0;0,00;13;11,00;0,000015;...........((((.((......))))))..........(((...)))...((..((...)).)).
4442;4;0;-4,037;0;0,00;13;11,00;0,000015;...........((((..(......).))))..........(((...)))...(((.((...))))).
4454;4;0;-4,039;0;0,00;14;6,00;0,000015;..(.....)..((((.(.(....).)))))..........(((...)))...((((......)))).
4469;4;0;-4,034;0;0,00;14;2,00;0,000015;........(..((((.(((....)))))))).........((.....))...((((......)))).
4471;4;0;-4,034;0;0,00;18;10,00;0,000015;..((...))..((((.(((....)))))))..(...)...(((...)))...((((.(...))))).
4472;4;0;-4,034;0;0,00;18;13,00;0,000015;..((...))..((((.(((....)))))))..(...)...(((...)))...(((.((...))))).
4479;4;0;-4,027;0;0,00;12;10,00;0,000015;..(.....)..((((..((....)).))))..........(((...)))...((..........)).
4493;4;0;-4,029;0;0,00;15;20,00;0,000015;......(.((.(((((......)))...))..))..)...(((...)))...((((......)))).
4503;4;0;-4,030;0;0,00;15;11,00;0,000015;..((...))..((((.((......))))))..........((.....))...(((.((...))))).
4514;4;0;-4,024;0;0,00;13;8,00;0,000014;...........((((..((....)).))))..(...)...(((...)))....(((......)))..
4518;4;0;-4,024;0;0,00;16;10,00;0,000014;.......(((.((((.(((....)))))))..))..)...(((...)))...(((........))).
4579;4;0;-4,018;0;0,00;14;14,00;0,000014;..(.....)..((((.(((....)))))))..........((.....))..((((...)).))....
4589;4;0;-4,012;0;0,00;13;4,00;0,000014;..(.....)..((((.(((....)))))))..........((.....))...((.(......).)).
4590;4;0;-4,012;0;0,00;12;16,00;0,000014;..(.....)..((((..((....)).))))..........(((...)))..((........))....
4594;4;0;-4,013;0;0,00;16;13,00;0,000014;........((.((((.(((....)))))))..))......(((...)))...((..((...)).)).
4615;4;0;-4,008;0;0,00;14;22,00;0,000014;.......(((...((((....)))).)).)..........(((...)))...((((......)))).
4616;4;0;-4,008;0;0,00;13;20,00;0,000014;..(.....)..((((.(((....)))))))......((....))....(..((........))..).
4618;4;0;-4,009;0;0,00;14;13,00;0,000014;...........((((.(((....)))))))....(((...((.....))....((...))..)))..
4642;4;0;-4,005;0;0,00;10;13,00;0,000014;...........(((..(((....))).)))..........((.....))..((...)).........
4653;4;0;-4,007;0;0,00;14;9,00;0,000014;..(.....)..((((.(((....)))))))..........(((...)))...((..(.....).)).
4654;4;0;-4,007;0;0,00;16;10,00;0,000014;........((.((((..((....)).))))..))......(((...)))...((((.(...))))).
4655;4;0;-4,007;0;0,00;16;13,00;0,000014;........((.((((..((....)).))))..))......(((...)))...(((.((...))))).
4665;4;0;-4,002;0;0,00;14;9,00;0,000014;..(.....)..((((..((....)).))))..........(((...)))...(((.(.....)))).
4672;4;0;-4,003;0;0,00;17;8,00;0,000014;..((...)).(((((.(((....)))))))..).......(((...)))...((((......)))).
4682;4;0;-3,999;0;0,00;13;8,00;0,000014;...(...)...((((..((....)).))))..........(((...)))...(((........))).
4691;4;0;-3,998;0;0,00;14;6,00;0,000014;..........(.(((.(((....))))))...).......(((...)))...((((......)))).
4720;4;0;-3,991;0;0,00;14;18,00;0,000014;........((.(((((......)))...))..))......(((...)))...((((......)))).
4747;4;0;-3,985;0;0,00;16;14,00;0,000014;....((..((.((((..(......).))))..))..))..(((...)))...((((......)))).
4754;4;0;-3,985;0;0,00;14;5,00;0,000014;...........((((.(((....)))))))......(....((...)))...((((......)))).
4755;4;0;-3,986;0;0,00;9;11,00;0,000014;...........((((..((....)).))))..........((.....))....(.....).......
4761;4;0;-3,983;0;0,00;14;21,00;0,000014;..((...))..((((((....))))...))..........(((...)))...(((........))).
4773;4;0;-3,984;0;0,00;14;15,00;0,000014;..(.....)..((((.(((....)))))))..........(((...)))..(((.....).))....
4819;4;0;-3,973;0;0,00;14;6,00;0,000013;.....(...).((((.(((....)))))))..........(((...)))...(((........))).
4825;4;0;-3,975;0;0,00;15;8,00;0,000013;..(.....)..((((..((....)).))))....((....((.....)).))((((......)))).
4826;4;0;-3,975;0;0,00;14;14,00;0,000013;...........((((.(((....)))))))....(((...(((...)))....(.....)..)))..
4829;4;0;-3,971;0;0,00;13;15,00;0,000013;...........((((.(((....)))))))..(...)...(((...)))..((...)).........
4843;4;0;-3,969;0;0,00;14;19,00;0,000013;..((...))..((((((....)))...)))..........(((...)))...(((........))).
4850;4;0;-3,967;0;0,00;10;13,00;0,000013;...........((((.((......))))))..........((.....))..((...)).........
4852;4;0;-3,967;0;0,00;15;8,00;0,000013;..((...))..((((.(.(....).)))))..........(((...)))...((((......)))).
4859;4;0;-3,968;0;0,00;15;8,00;0,000013;.....(....)((((..((....)).))))..(...)...(((...)))...((((......)))).
4862;4;0;-3,965;0;0,00;14;10,00;0,000013;..(.....)..((((..(......).))))..(...)...(((...)))...((((......)))).
4881;4;0;-3,964;0;0,00;18;10,00;0,000013;..(((...(..((((.(((....))))))))..)))....(((...)))...((((......)))).
4917;4;0;-3,959;0;0,00;13;15,00;0,000013;...........((((.(((....)))))))..(...)...(((...))).......((...))....
4929;4;0;-3,957;0;0,00;14;6,00;0,000013;...(...)...((((.(((....)))))))..........(((...)))....(((......)))..
4941;4;0;-3,956;0;0,00;13;12,00;0,000013;..((...))..((((..((....)).))))..........(((...)))...((..........)).
4945;4;0;-3,956;0;0,00;16;6,00;0,000013;..(.....)..((((.(((....)))))))(....)....(((...)))...((((......)))).
4951;4;0;-3,953;0;0,00;14;8,00;0,000013;(.......)..((((.(((....)))))))...((.....))..........((((......)))).
4956;4;0;-3,954;0;0,00;13;16,00;0,000013;...........((((..((....)).))))..........(((...)))..((((...)).))....
4969;4;0;-3,952;0;0,00;17;23,00;0,000013;......((((.((((..((....)).))))....(((..((((...)))......).)))..)))).
4989;4;0;-3,947;0;0,00;12;6,00;0,000013;...........((((..((....)).))))..........(((...)))...((.(......).)).
4991;4;0;-3,948;0;0,00;11;16,00;0,000013;...........(((((......)))...))..........(((...)))...(((........))).
5007;4;0;-3,947;0;0,00;10;6,00;0,000013;...........((((..((....)).))))..........((.....))....((........))..
5010;4;0;-3,947;0;0,00;15;16,00;0,000013;..((...))..((((.(((....)))))))..........((.....))..((((...)).))....
5015;4;0;-3,944;0;0,00;18;10,00;0,000013;...(..(.((.((((.(((....)))))))..))..)..)(((...)))...((((......)))).
5034;4;0;-3,943;0;0,00;11;12,00;0,000013;.........(.((((.(((....)))))))..).......(((...)))..................
5044;4;0;-3,941;0;0,00;13;18,00;0,000013;..((...))..((((..((....)).))))..........(((...)))..((........))....
5049;4;0;-3,938;0;0,00;15;26,00;0,000013;...((..(((.(......).)))..)).((.....))...(((...)))...((((......)))).
5059;4;0;-3,936;0;0,00;15;11,00;0,000012;..((...))..((((.(((....)))))))..........(((...)))...((..(.....).)).
5077;4;0;-3,932;0;0,00;11;12,00;0,000012;..(.....)..((((.(((....)))))))..........((.....))..(.....).........
5089;4;0;-3,930;0;0,00;13;19,00;0,000012;..((...))..((((...........))))..........(((...)))...((..((...)).)).
5090;4;0;-3,930;0;0,00;16;26,00;0,000012;...((..(((.((....)).)))..)).((.....))...(((...)))...((((......)))).
5094;4;0;-3,930;0;0,00;15;11,00;0,000012;..((...))..((((..((....)).))))..........(((...)))...(((.(.....)))).
5154;4;0;-3,920;0;0,00;11;11,00;0,000012;..(.....)..((((.(((....)))))))..........((.....)).......(.....)....
5158;4;0;-3,922;0;0,00;14;6,00;0,000012;...........((((.(((....)))))))..........(((...)))....(((.(...))))..
5159;4;0;-3,922;0;0,00;14;9,00;0,000012;...........((((.(((....)))))))..........(((...)))....((.((...))))..
5166;4;0;-3,919;0;0,00;12;17,00;0,000012;..(.....)..((((..((....)).))))..........(((...)))..((...)).........
5169;4;0;-3,916;0;0,00;13;8,00;0,000012;..(.....)..((((..((....)).))))..........((.....))...(((..(...).))).
5197;4;0;-3,913;0;0,00;15;17,00;0,000012;..((...))..((((.(((....)))))))..........(((...)))..(((.....).))....
5208;4;0;-3,911;0;0,00;16;14,00;0,000012;....((..((.((((..((....)).))))..))..))..(((...)))...(((........))).
5232;4;0;-3,908;0;0,00;12;17,00;0,000012;..(.....)..((((..((....)).))))..........(((...))).......((...))....
5258;4;0;-3,901;0;0,00;15;8,00;0,000012;..(.....)..(((..(((....))).)))..........(((...)))...((((.(...))))).
5259;4;0;-3,901;0;0,00;15;11,00;0,000012;..(.....)..(((..(((....))).)))..........(((...)))...(((.((...))))).
5268;4;0;-3,899;0;0,00;14;6,00;0,000012;..(.....)..((((.(((....)))))))...........((...))....((((......)))).
5287;4;0;-3,898;0;0,00;17;19,00;0,000012;..((....((.((((((....))...))))..))))....(((...)))...((((......)))).
5302;4;0;-3,893;0;0,00;13;6,00;0,000012;..(.....)..((((.(.(....)).))))..........((.....))...((((......)))).
5306;4;0;-3,894;0;0,00;15;12,00;0,000012;..((...))..((((..(......).))))..(...)...(((...)))...((((......)))).
5319;4;0;-3,891;0;0,00;12;6,00;0,000012;.....(....)((((..((....)).))))..........((.....))...(((........))).
5324;4;0;-3,892;0;0,00;14;10,00;0,000012;..(.....)..((((..((....)).))))..(...)...(((...)))...(((........))).
5351;4;0;-3,885;0;0,00;17;8,00;0,000011;..((...))..((((.(((....)))))))(....)....(((...)))...((((......)))).
5364;4;0;-3,887;0;0,00;17;15,00;0,000011;..(((...(..((((.(((....))))))).).)))....((.....))...((..((...)).)).
5367;4;0;-3,887;0;0,00;15;12,00;0,000011;.....(..((.((((.(((....)))))))..))..)...(((...)))...((..........)).
5379;4;0;-3,885;0;0,00;12;6,00;0,000011;..(.....)..(((..(((....))).)))..........((.....))....(((......)))..
5382;4;0;-3,881;0;0,00;12;11,00;0,000011;...........((((.(((....)))))))..........((.....))..(.((...))..)....
5403;4;0;-3,880;0;0,00;17;19,00;0,000011;..(((...(..((((((....))...)))).).)))....(((...)))...((((......)))).
5408;4;0;-3,881;0;0,00;17;12,00;0,000011;..(((...(..((((..((....)).)))).).)))....((.....))...((((.(...))))).
5409;4;0;-3,881;0;0,00;17;15,00;0,000011;..(((...(..((((..((....)).)))).).)))....((.....))...(((.((...))))).
5411;4;0;-3,877;0;0,00;15;7,00;0,000011;...........((((.(((....))))))).....((....((...))))..((((......)))).
5431;4;0;-3,877;0;0,00;14;17,00;0,000011;...........((((.(((....)))))))....(((..((((...)))......).))).......
5442;4;0;-3,874;0;0,00;15;8,00;0,000011;...((......((((..((....)).))))........))(((...)))...((((......)))).
5444;4;0;-3,875;0;0,00;11;8,00;0,000011;...........(((..(((....))).)))..........(((...)))...((..........)).
5450;4;0;-3,871;0;0,00;15;18,00;0,000011;.....(..((.((((.(((....)))))))..))..)...(((...)))..((........))....
5464;4;0;-3,869;0;0,00;17;12,00;0,000011;....((..((.((((.(((....)))))))..))..))..(((...)))....(((......)))..
5472;4;0;-3,867;0;0,00;11;8,00;0,000011;...........((((.(((....)))))))..........(((...)))......(......)....
5481;4;0;-3,866;0;0,00;16;6,00;0,000011;.....(....)((((.(((....)))))))..........(((...)))...((((.(...))))).
5482;4;0;-3,866;0;0,00;16;9,00;0,000011;.....(....)((((.(((....)))))))..........(((...)))...(((.((...))))).
5488;4;0;-3,867;0;0,00;10;14,00;0,000011;...........((((..((....)).))))..........(((...)))..(.....).........
5490;4;0;-3,863;0;0,00;13;19,00;0,000011;.........(.((((((....))))...))..).......(((...)))...(((........))).
5492;4;0;-3,864;0;0,00;15;4,00;0,000011;...........((((.(((....))))))).....(....(((...))))..((((......)))).
5497;4;0;-3,864;0;0,00;10;9,00;0,000011;...........((((.(((....)))))))..........((.....))...(......).......
5512;4;0;-3,862;0;0,00;15;14,00;0,000011;.....(..((.((((.(.......).))))..))..)...(((...)))...((((......)))).
5514;4;0;-3,863;0;0,00;15;8,00;0,000011;..(.....)..((((.((......))))))..........(((...)))...((((.(...))))).
5515;4;0;-3,863;0;0,00;15;11,00;0,000011;..(.....)..((((.((......))))))..........(((...)))...(((.((...))))).
5518;4;0;-3,859;0;0,00;11;14,00;0,000011;...........(((..(((....))).)))..........(((...)))..((........))....
5526;4;0;-3,860;0;0,00;12;14,00;0,000011;..((...))..((((.(((....)))))))..........((.....))..(.....).........
5529;4;0;-3,861;0;0,00;17;11,00;0,000011;.....(..((.((((.(((....)))))))..))..)...(((...)))...(((.(.....)))).
5533;4;0;-3,861;0;0,00;12;26,00;0,000011;...((..(((.(......).)))..)).............(((...)))...(((........))).
5548;4;0;-3,855;0;0,00;17;19,00;0,000011;......((((.((((.(((....)))))))....(((.(.((.....)).....)..)))..)))).
5563;4;0;-3,857;0;0,00;11;16,00;0,000011;...........((((..((....)).))))....(((...((.....))........))).......
5575;4;0;-3,855;0;0,00;10;13,00;0,000011;...........((((..((....)).))))..........(((...))).......(.....)....
5586;4;0;-3,853;0;0,00;13;26,00;0,000011;...((..(((.((....)).)))..)).............(((...)))...(((........))).
5593;4;0;-3,850;0;0,00;15;8,00;0,000011;..(.....)..((((.(((....)))))))..(...)...(((...)))....(((......)))..
5599;4;0;-3,851;0;0,00;15;4,00;0,000011;......(.(..((((.(((....))))))).)....)...((.....))...((((......)))).
5605;4;0;-3,849;0;0,00;13;7,00;0,000011;...........(((..(((....))).)))..........(((...)))...(((.(.....)))).
5606;4;0;-3,849;0;0,00;12;13,00;0,000011;..((...))..((((.(((....)))))))..........((.....)).......(.....)....
3;5;0;-8,589;1;0,00;13;8,00;0,032142;...........((((.(((....)))))))......((....))........((((......)))).
11;5;0;-7,925;0;0,00;12;10,00;0,010484;...........((((..((....)).))))......((....))........((((......)))).
18;5;0;-7,693;0;0,00;10;14,00;0,007079;...........((((...........))))......((....))........((((......)))).
20;5;0;-7,623;0;0,00;10;6,00;0,006293;...........((((..((....)).))))......................((((......)))).
22;5;0;-7,561;0;0,00;14;10,00;0,005666;.........(.((((.(((....)))))))..)...((....))........((((......)))).
46;5;0;-7,087;0;0,00;13;12,00;0,002549;..(.....)..((((..((....)).))))......((....))........((((......)))).
55;5;0;-6,935;0;0,00;12;10,00;0,001970;...........(((..(((....))).)))......((....))........((((......)))).
60;5;0;-6,896;0;0,00;12;10,00;0,001846;...........((((.((......))))))......((....))........((((......)))).
62;5;0;-6,897;0;0,00;13;12,00;0,001848;.........(.((((..((....)).))))..)...((....))........((((......)))).
63;5;0;-6,894;0;0,00;12;6,00;0,001839;...........((((.(((....)))))))......(......)........((((......)))).
71;5;0;-6,855;0;0,00;11;16,00;0,001721;..(.....)..((((...........))))......((....))........((((......)))).
74;5;0;-6,836;0;0,00;12;6,00;0,001669;...........((((.(((....)))))))..(...)...............((((......)))).
75;5;0;-6,835;0;0,00;12;8,00;0,001664;...........((((..((....)).))))...((.....))..........((((......)))).
76;5;0;-6,825;0;0,00;12;5,00;0,001637;...........((((.(((....)))))))......(...........)...((((......)))).
81;5;0;-6,785;0;0,00;11;8,00;0,001530;..(.....)..((((..((....)).))))......................((((......)))).
89;5;0;-6,717;0;0,00;13;7,00;0,001364;...........((((.(((....))))))).....((...........))..((((......)))).
92;5;0;-6,664;0;0,00;11;16,00;0,001248;.........(.((((...........))))..)...((....))........((((......)))).
98;5;0;-6,644;0;0,00;14;10,00;0,001206;.....(..((.((((.(((....)))))))..))..)...............((((......)))).
107;5;0;-6,602;0;0,00;14;10,00;0,001123;......(.((.((((.(((....)))))))..))..)...............((((......)))).
109;5;0;-6,603;0;0,00;11;7,00;0,001125;...........((((..((....)).))))....(.....)...........((((......)))).
111;5;0;-6,594;0;0,00;11;8,00;0,001109;.........(.((((..((....)).))))..)...................((((......)))).
133;5;0;-6,487;0;0,00;12;10,00;0,000926;...........((((..((....)).)))).......((.....))......((((......)))).
194;5;0;-6,232;0;0,00;11;12,00;0,000602;...........((((..(......).))))......((....))........((((......)))).
198;5;1;-6,230;0;0,00;11;8,00;0,000600;...........((((..((....)).))))......(......)........((((......)))).
205;5;0;-6,203;0;0,00;14;14,00;0,000573;........((.((((..((....)).))))..))..((....))........((((......)))).
214;5;0;-6,173;0;0,00;11;8,00;0,000544;...........((((..((....)).))))..(...)...............((((......)))).
218;5;0;-6,161;0;0,00;11;7,00;0,000534;...........((((..((....)).))))......(...........)...((((......)))).
220;5;0;-6,159;0;0,00;11;12,00;0,000532;...........((((..((....)).))))......((....))........(((........))).
224;5;0;-6,132;0;0,00;14;10,00;0,000508;...........((((.(((....)))))))...(..((....)).)......((((......)))).
229;5;0;-6,117;0;0,00;12;10,00;0,000496;...........((((.(((....)))))))......((....)).........(((......)))..
232;5;0;-6,119;0;0,00;9;16,00;0,000497;...........(((.............)))......((....))........((((......)))).
252;5;0;-6,062;0;0,00;14;10,00;0,000451;.....(....)((((.(((....)))))))......((....))........((((......)))).
256;5;0;-6,053;0;0,00;12;9,00;0,000445;...........((((..((....)).)))).....((...........))..((((......)))).
272;5;0;-5,997;0;0,00;13;10,00;0,000405;..(.....)..((((..((....)).))))...((.....))..........((((......)))).
273;5;0;-5,998;0;0,00;9;12,00;0,000405;...........((((...........))))......(......)........((((......)))).
287;5;0;-5,980;0;0,00;13;12,00;0,000393;.....(..((.((((..((....)).))))..))..)...............((((......)))).
292;5;0;-5,970;0;0,00;12;18,00;0,000387;........((.((((...........))))..))..((....))........((((......)))).
297;5;0;-5,963;0;0,00;11;4,00;0,000382;...........((((..((....)).))))..........(.......)...((((......)))).
305;5;0;-5,938;0;0,00;13;12,00;0,000366;......(.((.((((..((....)).))))..))..)...............((((......)))).
307;5;0;-5,940;0;0,00;9;12,00;0,000368;...........((((...........))))..(...)...............((((......)))).
310;5;0;-5,930;0;0,00;9;8,00;0,000361;...........((((..(......).))))......................((((......)))).
311;5;0;-5,926;0;0,00;9;16,00;0,000359;...........((((...........))))......((....))........(((........))).
325;5;0;-5,901;0;0,00;12;10,00;0,000344;........((.((((..((....)).))))..))..................((((......)))).
345;5;0;-5,866;0;0,00;13;8,00;0,000324;.........(.((((.(((....)))))))..)...(......)........((((......)))).
381;5;0;-5,791;0;0,00;11;7,00;0,000286;...........((((..((....)).))))..(.......)...........((((......)))).
391;5;0;-5,765;0;0,00;12;9,00;0,000273;..(.....)..((((..((....)).))))....(.....)...........((((......)))).
398;5;0;-5,748;0;0,00;11;16,00;0,000266;.....(..((.((((...........))))..))..)...............((((......)))).
402;5;0;-5,745;0;0,00;13;12,00;0,000264;...(...)...((((..((....)).))))......((....))........((((......)))).
423;5;0;-5,719;0;0,00;14;10,00;0,000253;.....(...).((((.(((....)))))))......((....))........((((......)))).
434;5;0;-5,709;0;0,00;13;12,00;0,000249;...........((((..((....)).))))......((....))........((((.(...))))).
440;5;0;-5,706;0;0,00;11;16,00;0,000247;......(.((.((((...........))))..))..)...............((((......)))).
446;5;0;-5,693;0;0,00;11;20,00;0,000242;...........(((((......)))...))......((....))........((((......)))).
471;5;0;-5,649;0;0,00;13;12,00;0,000225;..(.....)..((((..((....)).)))).......((.....))......((((......)))).
478;5;0;-5,643;0;0,00;12;8,00;0,000222;...........((((..((....)).)))).((.......))..........((((......)))).
481;5;0;-5,637;0;0,00;13;8,00;0,000221;.......(.(.((((.(((....)))))))....).)...............((((......)))).
499;5;0;-5,617;0;0,00;11;8,00;0,000213;...........((((..((....)).)))).......(....).........((((......)))).
539;5;0;-5,539;0;0,00;14;14,00;0,000187;..(((....(.((((..((....)).))))..))))................((((......)))).
540;5;0;-5,540;0;0,00;13;12,00;0,000187;..(((......((((..((....)).))))...)))................((((......)))).
561;5;0;-5,512;0;0,00;11;16,00;0,000178;...(...)...((((...........))))......((....))........((((......)))).
580;5;0;-5,500;0;0,00;11;15,00;0,000175;...........((((.(.....)...))))......((....))........((((......)))).
595;5;0;-5,484;0;0,00;11;14,00;0,000170;...........((((.(.......).))))......((....))........((((......)))).
602;5;0;-5,476;0;0,00;11;16,00;0,000168;...........((((...........))))......((....))........((((.(...))))).
612;5;0;-5,468;0;0,00;13;12,00;0,000166;...........((((..((....)).))))...(..((....)).)......((((......)))).
620;5;0;-5,459;0;0,00;13;12,00;0,000163;.........(.((((..((....)).))))..)....((.....))......((((......)))).
622;5;0;-5,454;0;0,00;11;12,00;0,000162;...........((((..((....)).))))......((....)).........(((......)))..
624;5;0;-5,455;0;0,00;13;24,00;0,000162;......((((.((((..((....)).))))....(((....................)))..)))).
630;5;0;-5,442;0;0,00;11;8,00;0,000159;...(...)...((((..((....)).))))......................((((......)))).
637;5;0;-5,434;0;0,00;14;10,00;0,000156;..........(((((.(((....)))))))..)...((....))........((((......)))).
665;5;0;-5,406;0;0,00;11;8,00;0,000149;...........((((..((....)).))))......................((((.(...))))).
673;5;0;-5,395;0;0,00;12;14,00;0,000146;..(.....)..((((..(......).))))......((....))........((((......)))).
678;5;0;-5,398;0;0,00;13;12,00;0,000147;.....(....)((((..((....)).))))......((....))........((((......)))).
681;5;0;-5,392;0;0,00;12;10,00;0,000146;..(.....)..((((..((....)).))))......(......)........((((......)))).
714;5;0;-5,354;0;0,00;14;14,00;0,000137;....((..((.((((..((....)).))))..))..))..............((((......)))).
735;5;0;-5,335;0;0,00;12;10,00;0,000132;..(.....)..((((..((....)).))))..(...)...............((((......)))).
742;5;0;-5,328;0;0,00;11;12,00;0,000131;...........((((.(........)))))......((....))........((((......)))).
744;5;0;-5,321;0;0,00;12;14,00;0,000129;..(.....)..((((..((....)).))))......((....))........(((........))).
748;5;0;-5,323;0;0,00;12;9,00;0,000130;..(.....)..((((..((....)).))))......(...........)...((((......)))).
749;5;0;-5,324;0;0,00;11;8,00;0,000130;...........((((..((....)).)))).......(.......)......((((......)))).
795;5;0;-5,291;0;0,00;14;9,00;0,000123;...........((((.(((....)))))))..(..((...........)).)((((......)))).
799;5;0;-5,281;0;0,00;10;18,00;0,000121;..(.....)..(((.............)))......((....))........((((......)))).
823;5;0;-5,255;0;0,00;15;12,00;0,000116;...((......((((.(((....))))))).))...((....))........((((......)))).
843;5;0;-5,240;0;0,00;11;8,00;0,000113;...........(((..(((....))).)))......(......)........((((......)))).
844;5;0;-5,240;0;0,00;11;8,00;0,000113;...........((((..((....)).))))..............(.....).((((......)))).
847;5;0;-5,242;0;0,00;11;12,00;0,000113;...........(((..((......)).)))......((....))........((((......)))).
850;5;0;-5,235;0;0,00;11;16,00;0,000112;...........((((...........))))...(..((....)).)......((((......)))).
864;5;0;-5,225;0;0,00;12;10,00;0,000110;...........((((..((....)).))))....((..............))((((......)))).
869;5;0;-5,221;0;0,00;9;16,00;0,000109;...........((((...........))))......((....)).........(((......)))..
871;5;0;-5,222;0;0,00;11;28,00;0,000109;......((((.((((...........))))....(((....................)))..)))).
873;5;0;-5,215;0;0,00;13;11,00;0,000108;..(.....)..((((..((....)).)))).....((...........))..((((......)))).
892;5;0;-5,204;0;0,00;12;14,00;0,000106;.........(.((((..(......).))))..)...((....))........((((......)))).
902;5;0;-5,201;0;0,00;11;8,00;0,000106;...........((((.((......))))))......(......)........((((......)))).
903;5;0;-5,202;0;0,00;12;10,00;0,000106;.........(.((((..((....)).))))..)...(......)........((((......)))).
905;5;0;-5,197;0;0,00;11;28,00;0,000105;.......(((.((....)).))).............((....))........((((......)))).
924;5;0;-5,182;0;0,00;9;10,00;0,000102;...........((((.(.......).))))......................((((......)))).
925;5;0;-5,182;0;0,00;11;8,00;0,000102;...........(((..(((....))).)))..(...)...............((((......)))).
944;5;0;-5,171;0;0,00;11;7,00;0,000100;...........(((..(((....))).)))......(...........)...((((......)))).
949;5;0;-5,172;0;0,00;14;10,00;0,000101;........((.((((.(((....)))))))..))..(......)........((((......)))).
952;5;0;-5,165;0;0,00;11;16,00;0,000099;.....(....)((((...........))))......((....))........((((......)))).
967;5;0;-5,160;0;0,00;10;14,00;0,000098;..(.....)..((((...........))))......(......)........((((......)))).
974;5;0;-5,151;0;0,00;9;8,00;0,000097;...........((((..((....)).)))).......................(((......)))..
982;5;0;-5,144;0;0,00;11;8,00;0,000096;...........((((.((......))))))..(...)...............((((......)))).
987;5;0;-5,133;0;0,00;12;9,00;0,000094;.........(.((((..((....)).))))..)...(...........)...((((......)))).
994;5;0;-5,131;0;0,00;12;14,00;0,000094;.........(.((((..((....)).))))..)...((....))........(((........))).
999;5;0;-5,132;0;0,00;11;7,00;0,000094;...........((((.((......))))))......(...........)...((((......)))).
1001;5;0;-5,125;0;0,00;12;6,00;0,000093;..(.....)..((((..((....)).))))..........(.......)...((((......)))).
1007;5;0;-5,121;0;0,00;12;18,00;0,000092;....((..((.((((...........))))..))..))..............((((......)))).
1028;5;0;-5,107;0;0,00;11;12,00;0,000090;...........((((...(....)..))))......((....))........((((......)))).
1032;5;0;-5,102;0;0,00;10;14,00;0,000089;..(.....)..((((...........))))..(...)...............((((......)))).
1045;5;0;-5,095;0;0,00;11;8,00;0,000088;.....(....)((((..((....)).))))......................((((......)))).
1049;5;0;-5,091;0;0,00;10;18,00;0,000088;.........(.(((.............)))..)...((....))........((((......)))).
1054;5;0;-5,092;0;0,00;10;10,00;0,000088;..(.....)..((((..(......).))))......................((((......)))).
1058;5;0;-5,088;0;0,00;10;18,00;0,000087;..(.....)..((((...........))))......((....))........(((........))).
1083;5;0;-5,071;0;0,00;12;10,00;0,000085;............(((.(((....)))))).......((....))........((((......)))).
1113;5;0;-5,062;0;0,00;12;9,00;0,000084;...........(((..(((....))).))).....((...........))..((((......)))).
1114;5;0;-5,055;0;0,00;13;12,00;0,000083;.....(...).((((..((....)).))))......((....))........((((......)))).
1130;5;0;-5,044;0;0,00;14;10,00;0,000081;(.......)..((((.(((....)))))))......((....))........((((......)))).
1133;5;0;-5,047;0;0,00;14;25,00;0,000081;......((((.((((..((....)).))))....(((..(...............).)))..)))).
1158;5;0;-5,024;0;0,00;12;9,00;0,000078;...........((((.((......)))))).....((...........))..((((......)))).
1161;5;0;-5,025;0;0,00;13;11,00;0,000078;.........(.((((..((....)).))))..)..((...........))..((((......)))).
1176;5;0;-5,019;0;0,00;13;7,00;0,000078;...........((((.(((....)))))))......(.(......)..)...((((......)))).
1191;5;0;-5,001;0;0,00;12;10,00;0,000075;...........((((..((....)).))))..............((...)).((((......)))).
1194;5;0;-5,003;0;0,00;11;16,00;0,000076;...........(((((......)...))))......((....))........((((......)))).
1237;5;0;-4,973;0;0,00;12;10,00;0,000072;.......(.(.((((..((....)).))))....).)...............((((......)))).
1242;5;0;-4,969;0;0,00;10;14,00;0,000071;.........(.((((...........))))..)...(......)........((((......)))).
1267;5;0;-4,960;0;0,00;11;8,00;0,000070;...........((((..((....)).))))........(.....).......((((......)))).
1268;5;0;-4,953;0;0,00;12;9,00;0,000070;..(.....)..((((..((....)).))))..(.......)...........((((......)))).
1293;5;0;-4,938;0;0,00;10;26,00;0,000068;..........((((.....)).))............((....))........((((......)))).
1351;5;0;-4,911;0;0,00;14;9,00;0,000065;...........((((.(((....))))))).....((.(......)..))..((((......)))).
1367;5;0;-4,910;0;0,00;10;9,00;0,000065;...........((((..(......).))))....(.....)...........((((......)))).
1379;5;0;-4,900;0;0,00;14;10,00;0,000064;........(..((((.(((....))))))).)....((....))........((((......)))).
1385;5;0;-4,902;0;0,00;10;10,00;0,000064;.........(.((((..(......).))))..)...................((((......)))).
1390;5;0;-4,898;0;0,00;10;18,00;0,000063;.........(.((((...........))))..)...((....))........(((........))).
1412;5;0;-4,879;0;0,00;11;15,00;0,000061;...........((((..(....)...))))......((....))........((((......)))).
1414;5;0;-4,882;0;0,00;13;12,00;0,000062;...........((((..((....)).))))..(...)......((.....))((((......)))).
1426;5;0;-4,879;0;0,00;11;7,00;0,000061;...........((((..((....)).))))...(.......)..........((((......)))).
1435;5;0;-4,875;0;0,00;14;10,00;0,000061;...........((((.(((....)))))))......((....)).(...)..((((......)))).
1445;5;0;-4,871;0;0,00;14;14,00;0,000061;..(.....)..((((..((....)).))))......((....))........((((.(...))))).
1457;5;0;-4,856;0;0,00;12;10,00;0,000059;...........((((.(.(....).)))))......((....))........((((......)))).
1471;5;0;-4,855;0;0,00;12;22,00;0,000059;..(.....)..(((((......)))...))......((....))........((((......)))).
1481;5;0;-4,845;0;0,00;10;14,00;0,000058;...........((((..((....)).))))......((....))........((..........)).
1519;5;0;-4,829;0;0,00;10;20,00;0,000056;...........((((..((....)).))))......((....)).......((........))....
1548;5;0;-4,822;0;0,00;11;16,00;0,000056;.....(...).((((...........))))......((....))........((((......)))).
1554;5;0;-4,819;0;0,00;12;13,00;0,000055;...........((((..((....)).))))......((....))........(((.(.....)))).
1563;5;0;-4,814;0;0,00;12;29,00;0,000055;......((((.((((...........))))....(((..(...............).)))..)))).
1571;5;0;-4,811;0;0,00;14;9,00;0,000055;...........((((.(((....)))))))......(((.....))..)...((((......)))).
1587;5;0;-4,804;0;0,00;13;12,00;0,000054;.......(((.((((..((....)).))))..))..)...............((((......)))).
1589;5;0;-4,804;0;0,00;9;8,00;0,000054;...........((((...(....)..))))......................((((......)))).
1603;5;0;-4,793;0;0,00;13;8,00;0,000053;.......(.(.((((.(((....)))))))..)...)...............((((......)))).
1608;5;0;-4,795;0;0,00;11;12,00;0,000053;...........((((..(......).)))).......((.....))......((((......)))).
1630;5;0;-4,787;0;0,00;14;10,00;0,000053;......(...)((((.(((....)))))))......((....))........((((......)))).
1638;5;0;-4,782;0;0,00;14;13,00;0,000052;........((.((((..((....)).))))..)).((...........))..((((......)))).
1647;5;0;-4,779;0;0,00;12;10,00;0,000052;..(.....)..((((..((....)).)))).......(....).........((((......)))).
1661;5;0;-4,770;0;0,00;13;12,00;0,000051;..........(((((..((....)).))))..)...((....))........((((......)))).
1674;5;0;-4,765;0;0,00;14;14,00;0,000051;........((.((((..((....)).))))..))...((.....))......((((......)))).
1696;5;0;-4,751;0;0,00;12;6,00;0,000049;.....(.....((((.(((....)))))))......)...............((((......)))).
1700;5;0;-4,753;0;0,00;14;10,00;0,000050;(...)......((((.(((....)))))))......((....))........((((......)))).
1701;5;0;-4,753;0;0,00;11;8,00;0,000050;.....(...).((((..((....)).))))......................((((......)))).
1723;5;0;-4,740;0;0,00;14;14,00;0,000049;..(.....)(.((((..((....)).))))..)...((....))........((((......)))).
1724;5;0;-4,741;0;0,00;10;14,00;0,000049;.......(.(.((((...........))))....).)...............((((......)))).
1737;5;0;-4,736;0;0,00;10;21,00;0,000048;...........((((..((....)).))))......((....)).......((...)).........
1747;5;0;-4,732;0;0,00;11;8,00;0,000048;...........((((..((....)).))))........(......)......((((......)))).
1770;5;0;-4,721;0;0,00;9;27,00;0,000047;...(((............)))...............((....))........((((......)))).
1779;5;0;-4,716;0;0,00;9;20,00;0,000047;...........((((..((....)).))))....(((....................))).......
1864;5;0;-4,680;0;0,00;14;10,00;0,000044;.........(.((((.(((....)))))))....).((....))........((((......)))).
1867;5;0;-4,681;0;0,00;14;14,00;0,000044;.........(.((((..((....)).))))..)...((....))........((((.(...))))).
1893;5;0;-4,674;0;0,00;8;21,00;0,000043;..........(..(((......))).).........................((((......)))).
1909;5;0;-4,665;0;0,00;12;22,00;0,000043;.........(.(((((......)))...))..)...((....))........((((......)))).
1930;5;0;-4,663;0;0,00;13;12,00;0,000043;...........((((..((....)).))))......((....))(.....).((((......)))).
1941;5;0;-4,654;0;0,00;13;10,00;0,000042;...(...)...((((..((....)).))))...((.....))..........((((......)))).
1942;5;0;-4,654;0;0,00;15;25,00;0,000042;......((((.((((..((....)).))))....(((..((.............)).)))..)))).
1953;5;0;-4,650;0;0,00;14;10,00;0,000042;...........((((.(((....)))))))......((....))(....)..((((......)))).
1954;5;0;-4,650;0;0,00;13;4,00;0,000042;.....(.....((((..((....)).))))......)...((.....))...((((......)))).
1970;5;0;-4,646;0;0,00;12;16,00;0,000041;..(.....)..((((.(.......).))))......((....))........((((......)))).
1985;5;0;-4,638;0;0,00;12;18,00;0,000041;..(.....)..((((...........))))......((....))........((((.(...))))).
2005;5;0;-4,630;0;0,00;14;14,00;0,000040;..(.....)..((((..((....)).))))...(..((....)).)......((((......)))).
2018;5;0;-4,627;0;0,00;13;11,00;0,000040;...........((((..((....)).))))..(..((...........)).)((((......)))).
2039;5;0;-4,618;0;0,00;13;10,00;0,000040;...........((((..((....)).))))...((.....))..........((((.(...))))).
2052;5;0;-4,616;0;0,00;12;14,00;0,000039;..(.....)..((((..((....)).))))......((....)).........(((......)))..
2062;5;0;-4,611;0;0,00;11;8,00;0,000039;...........((((..((....)).)))).........(...........)((((......)))).
2067;5;0;-4,612;0;0,00;8;18,00;0,000039;...........((((...........))))......((....))........((..........)).
2070;5;0;-4,613;0;0,00;12;6,00;0,000039;......(....((((.(((....)))))))......)...............((((......)))).
2083;5;0;-4,604;0;0,00;11;15,00;0,000039;...........((((.(....)....))))......((....))........((((......)))).
2104;5;0;-4,597;0;0,00;8;24,00;0,000038;...........((((...........))))......((....)).......((........))....
2111;5;0;-4,590;0;0,00;12;10,00;0,000038;...........((((.(((....)))))))......((....))........((.(......).)).
2114;5;0;-4,591;0;0,00;14;14,00;0,000038;...((......((((..((....)).)))).))...((....))........((((......)))).
2121;5;0;-4,593;0;0,00;14;14,00;0,000038;...((...((.((((..((....)).))))..))....))............((((......)))).
2123;5;0;-4,586;0;0,00;10;17,00;0,000037;...........((((...........))))......((....))........(((.(.....)))).
2137;5;0;-4,588;0;0,00;12;10,00;0,000038;.........(.((((..((....)).))))..)....(....).........((((......)))).
2145;5;0;-4,579;0;0,00;11;7,00;0,000037;...........((((..((....)).)))).......(...)..........((((......)))).
2164;5;0;-4,577;0;0,00;9;11,00;0,000037;...........((((..(....)...))))......................((((......)))).
2167;5;0;-4,571;0;0,00;11;16,00;0,000036;.......(((.((((...........))))..))..)...............((((......)))).
2180;5;0;-4,569;0;0,00;12;10,00;0,000036;..(.....)..((((..((....)).))))......................((((.(...))))).
2201;5;0;-4,562;0;0,00;11;8,00;0,000036;...........((((..((....)).))))..............(....)..((((......)))).
2207;5;0;-4,555;0;0,00;11;8,00;0,000035;...........((((..((....)).)))).......(......).......((((......)))).
2215;5;0;-4,558;0;0,00;12;9,00;0,000036;.........(.((((..((....)).))))..).(.....)...........((((......)))).
2281;5;0;-4,537;0;0,00;10;10,00;0,000034;...........((((..(......).))))......(......)........((((......)))).
2282;5;0;-4,538;0;0,00;11;16,00;0,000034;..........(((((...........))))..)...((....))........((((......)))).
2287;5;0;-4,532;0;0,00;8;18,00;0,000034;...........((...............))......((....))........((((......)))).
2289;5;0;-4,533;0;0,00;12;6,00;0,000034;.......(...((((.(((....)))))))......)...............((((......)))).
2317;5;0;-4,527;0;0,00;8;16,00;0,000034;...........((((..((....)).)))).....................((........))....
2332;5;0;-4,523;0;0,00;16;18,00;0,000034;..(((....(.((((..((....)).))))..))))((....))........((((......)))).
2333;5;0;-4,523;0;0,00;15;16,00;0,000034;..(((......((((..((....)).))))...)))((....))........((((......)))).
2335;5;0;-4,516;0;0,00;10;9,00;0,000033;...........((((..((....)).))))......................(((.(.....)))).
2350;5;0;-4,513;0;0,00;12;6,00;0,000033;...........((((..((....)).))))..(...)...(.......)...((((......)))).
2356;5;0;-4,508;0;0,00;12;18,00;0,000033;..(.....)(.((((...........))))..)...((....))........((((......)))).
2357;5;0;-4,508;0;0,00;13;12,00;0,000033;........((.((((..((....)).))))..))..(......)........((((......)))).
2366;5;0;-4,510;0;0,00;13;16,00;0,000033;........((.((((..(......).))))..))..((....))........((((......)))).
2371;5;0;-4,511;0;0,00;13;4,00;0,000033;......(....((((..((....)).))))......)...((.....))...((((......)))).
2409;5;0;-4,498;0;0,00;11;7,00;0,000032;...........((((..((....)).)))).(.........)..........((((......)))).
2424;5;0;-4,494;0;0,00;12;14,00;0,000032;...........((((..((....)).))))......((....))........(((..(...).))).
2442;5;0;-4,491;0;0,00;12;27,00;0,000032;.......(((.((....)).))).....((..(...)..))...........((((......)))).
2456;5;0;-4,486;0;0,00;12;10,00;0,000032;..(.....)..((((..((....)).)))).......(.......)......((((......)))).
2468;5;0;-4,484;0;0,00;7;24,00;0,000031;...........((((...........))))....(((....................))).......
2487;5;0;-4,480;0;0,00;10;10,00;0,000031;...........((((..(......).))))..(...)...............((((......)))).
2514;5;0;-4,471;0;0,00;12;12,00;0,000031;...........((((.(.(....)).))))......((....))........((((......)))).
2516;5;0;-4,471;0;0,00;12;17,00;0,000031;.........(.((((.(.....)...))))..)...((....))........((((......)))).
2526;5;0;-4,466;0;0,00;10;14,00;0,000031;...........((((..(......).))))......((....))........(((........))).
2527;5;0;-4,468;0;0,00;11;8,00;0,000031;..........(((((..((....)).))))..)...................((((......)))).
2531;5;0;-4,468;0;0,00;10;9,00;0,000031;...........((((..(......).))))......(...........)...((((......)))).
2542;5;0;-4,463;0;0,00;11;12,00;0,000030;...........(((..(((....))).)))......((....)).........(((......)))..
2549;5;0;-4,464;0;0,00;10;10,00;0,000030;...........((((..((....)).))))......(......)........(((........))).
2562;5;0;-4,453;0;0,00;13;8,00;0,000030;...........((((.(((....)))))))..(...).......(.....).((((......)))).
2573;5;0;-4,456;0;0,00;12;16,00;0,000030;.........(.((((.(.......).))))..)...((....))........((((......)))).
2603;5;0;-4,448;0;0,00;12;18,00;0,000030;.........(.((((...........))))..)...((....))........((((.(...))))).
2623;5;0;-4,438;0;0,00;12;10,00;0,000029;..(.....)(.((((..((....)).))))..)...................((((......)))).
2624;5;0;-4,439;0;0,00;13;11,00;0,000029;........((.((((..((....)).))))..))..(...........)...((((......)))).
2637;5;0;-4,437;0;0,00;13;16,00;0,000029;........((.((((..((....)).))))..))..((....))........(((........))).
2638;5;0;-4,437;0;0,00;13;8,00;0,000029;...........((((.(((....)))))))...(..(......).)......((((......)))).
2646;5;0;-4,431;0;0,00;11;16,00;0,000029;...........((((...........))))......((....))(.....).((((......)))).
2648;5;0;-4,431;0;0,00;13;4,00;0,000029;.......(...((((..((....)).))))......)...((.....))...((((......)))).
2662;5;0;-4,427;0;0,00;12;9,00;0,000029;...........((((..((....)).))))((.........)).........((((......)))).
2674;5;0;-4,422;0;0,00;12;9,00;0,000028;...(...)...((((..((....)).))))....(.....)...........((((......)))).
2676;5;0;-4,422;0;0,00;11;8,00;0,000028;...........((((.(((....)))))))......(......).........(((......)))..
2681;5;0;-4,424;0;0,00;8;14,00;0,000028;...........(((.............)))......(......)........((((......)))).
2682;5;0;-4,424;0;0,00;14;14,00;0,000028;...........((((..((....)).))))......((....))((...)).((((......)))).
2683;5;0;-4,425;0;0,00;11;12,00;0,000028;...........((((.((......))))))......((....)).........(((......)))..
2687;5;0;-4,425;0;0,00;12;14,00;0,000029;.........(.((((..((....)).))))..)...((....)).........(((......)))..
2690;5;0;-4,418;0;0,00;7;23,00;0,000028;...(((............)))...............................((((......)))).
2703;5;0;-4,415;0;0,00;11;8,00;0,000028;.........(.((((..((....)).))))....).................((((......)))).
2729;5;0;-4,413;0;0,00;12;10,00;0,000028;...........((.(.(((....)))).))......((....))........((((......)))).
2735;5;0;-4,406;0;0,00;10;10,00;0,000028;...........((((..((....)).))))..(...)...............(((........))).
2737;5;0;-4,407;0;0,00;11;12,00;0,000028;............(((..((....)).))).......((....))........((((......)))).
2739;5;0;-4,407;0;0,00;13;12,00;0,000028;.....(....)(((..(((....))).)))......((....))........((((......)))).
2775;5;0;-4,400;0;0,00;10;26,00;0,000027;.......(((.(......).)))...((.......))...............((((......)))).
2783;5;0;-4,402;0;0,00;12;10,00;0,000027;..(.....)..((((..((....)).))))..............(.....).((((......)))).
2784;5;0;-4,395;0;0,00;10;9,00;0,000027;...........((((..((....)).))))......(...........)...(((........))).
2788;5;0;-4,397;0;0,00;11;20,00;0,000027;........((.(((.............)))..))..((....))........((((......)))).
2794;5;0;-4,397;0;0,00;12;18,00;0,000027;..(.....)..((((...........))))...(..((....)).)......((((......)))).
2808;5;0;-4,392;0;0,00;11;26,00;0,000027;.......(((.((....)).)))...((.......))...............((((......)))).
2817;5;0;-4,387;0;0,00;14;10,00;0,000027;...........((((.(((....)))))))...(..((....))).......((((......)))).
2823;5;0;-4,388;0;0,00;12;9,00;0,000027;...........((((..((....)).))))...........((......)).((((......)))).
2833;5;0;-4,383;0;0,00;10;18,00;0,000027;..(.....)..((((...........))))......((....)).........(((......)))..
2842;5;0;-4,386;0;0,00;12;9,00;0,000027;...........((((..((....)).))))....(.....)...........((((.(...))))).
2848;5;0;-4,380;0;0,00;13;12,00;0,000026;(.......)..((((..((....)).))))......((....))........((((......)))).
2868;5;0;-4,378;0;0,00;12;10,00;0,000026;.........(.((((..((....)).))))..)...................((((.(...))))).
2895;5;0;-4,369;0;0,00;13;12,00;0,000026;.....(....)((((.((......))))))......((....))........((((......)))).
2909;5;0;-4,365;0;0,00;11;8,00;0,000026;...........((((.(((....)))))))..(...)................(((......)))..
2913;5;0;-4,367;0;0,00;13;8,00;0,000026;.....(....)((((.(((....)))))))......(......)........((((......)))).
2914;5;0;-4,367;0;0,00;8;14,00;0,000026;...........(((.............)))..(...)...............((((......)))).
2919;5;0;-4,360;0;0,00;11;11,00;0,000026;...........((((..(......).)))).....((...........))..((((......)))).
2924;5;0;-4,361;0;0,00;10;24,00;0,000026;...........(((.(.((.............))..).)))...........((((......)))).
2931;5;0;-4,363;0;0,00;11;10,00;0,000026;...........((((..((....)).))))...((.....))...........(((......)))..
2932;5;0;-4,356;0;0,00;12;9,00;0,000025;...........((((..((....)).))))......(.(......)..)...((((......)))).
2933;5;0;-4,356;0;0,00;11;8,00;0,000025;...........((((..((....)).)))).....(.............)..((((......)))).
2945;5;0;-4,358;0;0,00;12;18,00;0,000025;...((......((((...........)))).))...((....))........((((......)))).
2954;5;0;-4,353;0;0,00;8;18,00;0,000025;...........(((.............)))......((....))........(((........))).
2955;5;0;-4,353;0;0,00;11;7,00;0,000025;...........((((.(((....)))))))......(...........)....(((......)))..
3051;5;0;-4,328;0;0,00;13;7,00;0,000024;...........((((.(((....)))))))......(.(.....)...)...((((......)))).
3054;5;0;-4,321;0;0,00;14;10,00;0,000024;.....(..((.((((..((....)).))))..))..)...(.......)...((((......)))).
3068;5;0;-4,324;0;0,00;14;14,00;0,000024;...........((((..((....)).))))....((((....))......))((((......)))).
3070;5;0;-4,317;0;0,00;11;8,00;0,000024;...........((((..((....)).)))).(...)................((((......)))).
3083;5;0;-4,313;0;0,00;14;9,00;0,000024;.........(.((((.(((....)))))))......((....))....)...((((......)))).
3087;5;0;-4,313;0;0,00;10;10,00;0,000024;..(.....)..((((..((....)).)))).......................(((......)))..
3104;5;0;-4,309;0;0,00;13;8,00;0,000023;.....(....)((((.(((....)))))))..(...)...............((((......)))).
3120;5;0;-4,312;0;0,00;11;4,00;0,000024;...........((((..((....)).))))...........(.....)....((((......)))).
3130;5;0;-4,307;0;0,00;13;12,00;0,000023;...(...)...((((..((....)).)))).......((.....))......((((......)))).
3134;5;0;-4,307;0;0,00;13;10,00;0,000023;.....(....)((((..((....)).))))...((.....))..........((((......)))).
3138;5;0;-4,308;0;0,00;10;21,00;0,000023;...........((((..((....)).))))....(((..(...............).))).......
3151;5;0;-4,298;0;0,00;13;7,00;0,000023;.....(....)((((.(((....)))))))......(...........)...((((......)))).
3176;5;0;-4,296;0;0,00;12;10,00;0,000023;.........(.((((..((....)).))))..)....(.......)......((((......)))).
3190;5;0;-4,291;0;0,00;14;22,00;0,000023;..(((....(.((((...........))))..))))((....))........((((......)))).
3191;5;0;-4,291;0;0,00;13;20,00;0,000023;..(((......((((...........))))...)))((....))........((((......)))).
3215;5;0;-4,287;0;0,00;11;11,00;0,000023;...........((((..((....)).)))).....((...........))..(((........))).
3217;5;0;-4,287;0;0,00;8;18,00;0,000023;...........((((..((....)).))))......((....)).......................
3219;5;0;-4,288;0;0,00;11;8,00;0,000023;...........((((..((....)).)))).............(.......)((((......)))).
3220;5;0;-4,288;0;0,00;12;14,00;0,000023;.....(..((.((((..(......).))))..))..)...............((((......)))).
3224;5;0;-4,289;0;0,00;12;10,00;0,000023;...((......((((..((....)).)))).))...................((((......)))).
3225;5;0;-4,281;0;0,00;13;12,00;0,000022;...(....((.((((..((....)).))))..))).................((((......)))).
3238;5;0;-4,284;0;0,00;14;9,00;0,000022;...........((((.(((....)))))))....(((...........)).)((((......)))).
3248;5;0;-4,278;0;0,00;14;10,00;0,000022;......(.((.((((..((....)).))))..))..)...(.......)...((((......)))).
3270;5;0;-4,275;0;0,00;11;16,00;0,000022;........((.((((...........))))..))..(......)........((((......)))).
3285;5;0;-4,271;0;0,00;13;12,00;0,000022;...........((((..((....)).)))).......((.....))......((((.(...))))).
3293;5;0;-4,273;0;0,00;10;19,00;0,000022;...........((((..((....)).))))......((....))....((....))...........
3300;5;0;-4,268;0;0,00;13;12,00;0,000022;...((....(.((((..((....)).))))..))).................((((......)))).
3303;5;0;-4,268;0;0,00;12;10,00;0,000022;...((......((((..((....)).))))...)).................((((......)))).
3306;5;0;-4,269;0;0,00;11;8,00;0,000022;...........((((..((....)).))))........(...).........((((......)))).
3307;5;0;-4,269;0;0,00;12;14,00;0,000022;..(.....)..((((...(....)..))))......((....))........((((......)))).
3309;5;0;-4,262;0;0,00;10;18,00;0,000022;...........((((...........))))......((....))........(((..(...).))).
3325;5;0;-4,264;0;0,00;13;12,00;0,000022;...((...(..((((..((....)).)))).).)).................((((......)))).
3345;5;0;-4,261;0;0,00;11;8,00;0,000022;...........((((..((....)).))))....(................)((((......)))).
3394;5;0;-4,247;0;0,00;13;11,00;0,000021;...........((((..((....)).)))).....((.(......)..))..((((......)))).
3415;5;0;-4,245;0;0,00;12;9,00;0,000021;...........((((.(((....))))))).....((...........))...(((......)))..
3416;5;0;-4,245;0;0,00;12;14,00;0,000021;......(.((.((((..(......).))))..))..)...............((((......)))).
3421;5;0;-4,246;0;0,00;11;8,00;0,000021;...........((((..((....)).))))...(...........)......((((......)))).
3442;5;0;-4,235;0;0,00;12;10,00;0,000021;...........((((.(((....)))))))......((....))........(.((......)).).
3448;5;0;-4,236;0;0,00;13;12,00;0,000021;........(..((((..((....)).)))).)....((....))........((((......)))).
3460;5;0;-4,231;0;0,00;11;14,00;0,000021;...........((((..(.......)))))......((....))........((((......)))).
3464;5;0;-4,231;0;0,00;8;14,00;0,000021;...........((((...........))))......(......)........(((........))).
3494;5;0;-4,230;0;0,00;10;26,00;0,000021;.......(((.(......).))).....((.....))...............((((......)))).
3519;5;0;-4,226;0;0,00;12;6,00;0,000020;...........((((..((....)).))))..........(.(...).)...((((......)))).
3525;5;0;-4,219;0;0,00;14;9,00;0,000020;...........((((.(((....))))))).....((.(.....)...))..((((......)))).
3526;5;0;-4,220;0;0,00;12;9,00;0,000020;...........((((..((....)).))))....(.....)...(.....).((((......)))).
3539;5;0;-4,222;0;0,00;11;26,00;0,000020;.......(((.((....)).))).....((.....))...............((((......)))).
3554;5;0;-4,211;0;0,00;13;12,00;0,000020;...........((((..((....)).))))......((....)).(...)..((((......)))).
3556;5;0;-4,211;0;0,00;12;10,00;0,000020;.........(.((((..((....)).))))..)...........(.....).((((......)))).
3568;5;0;-4,214;0;0,00;12;14,00;0,000020;.....(..((.((((..((....)).))))..))..)...............(((........))).
3573;5;0;-4,207;0;0,00;13;8,00;0,000020;...........((((.(((....))))))).....((........)).....((((......)))).
3577;5;0;-4,208;0;0,00;11;12,00;0,000020;........((.((((..(......).))))..))..................((((......)))).
3592;5;0;-4,204;0;0,00;11;20,00;0,000020;........((.((((...........))))..))..((....))........(((........))).
3645;5;0;-4,193;0;0,00;10;18,00;0,000019;.........(.((((...........))))..)...((....)).........(((......)))..
3670;5;0;-4,189;0;0,00;14;9,00;0,000019;.....(....)((((.(((....))))))).....((...........))..((((......)))).
3708;5;0;-4,182;0;0,00;11;20,00;0,000019;...........((((..((....)).))))......((....))....(..((........))..).
3727;5;0;-4,172;0;0,00;12;14,00;0,000019;......(.((.((((..((....)).))))..))..)...............(((........))).
3739;5;0;-4,174;0;0,00;8;14,00;0,000019;...........((((...........))))..(...)...............(((........))).
3740;5;0;-4,174;0;0,00;9;16,00;0,000019;............(((...........))).......((....))........((((......)))).
3741;5;0;-4,174;0;0,00;10;18,00;0,000019;.....(..((.(((.............)))..))..)...............((((......)))).
3750;5;0;-4,168;0;0,00;10;8,00;0,000018;...........((((.(.(....)).))))......................((((......)))).
3776;5;0;-4,165;0;0,00;12;18,00;0,000018;..(.....)..(((((......)...))))......((....))........((((......)))).
3781;5;0;-4,166;0;0,00;12;10,00;0,000018;...((......((((..((....)).))))........))............((((......)))).
3794;5;0;-4,161;0;0,00;11;15,00;0,000018;...........((((..((....)).))))......((....))........((..(.....).)).
3825;5;0;-4,152;0;0,00;14;10,00;0,000018;...........((((.(((....))))))).....(((....))..).....((((......)))).
3874;5;0;-4,147;0;0,00;13;11,00;0,000018;...........((((..((....)).))))......(((.....))..)...((((......)))).
3876;5;0;-4,147;0;0,00;11;16,00;0,000018;(.......)..((((...........))))......((....))........((((......)))).
3882;5;0;-4,141;0;0,00;11;7,00;0,000018;...........((((..((....)).))))............(....)....((((......)))).
3899;5;0;-4,137;0;0,00;11;21,00;0,000018;...........((((..((....)).))))......((....)).......(((.....).))....
3911;5;0;-4,133;0;0,00;10;24,00;0,000017;..........((((.....)).))..((.......))...............((((......)))).
3930;5;0;-4,129;0;0,00;14;10,00;0,000017;..........(((((.(((....)))))))....).((....))........((((......)))).
3931;5;0;-4,129;0;0,00;12;10,00;0,000017;.......(.(.((((..((....)).))))..)...)...............((((......)))).
3940;5;0;-4,131;0;0,00;10;9,00;0,000017;...........((((..((....)).))))....(.....)............(((......)))..
3941;5;0;-4,132;0;0,00;15;16,00;0,000017;...(((..((.((((..((....)).))))..))..)).)............((((......)))).
3942;5;0;-4,132;0;0,00;15;16,00;0,000017;...(((..((.((((..((....)).))))..))..).))............((((......)))).
3943;5;0;-4,132;0;0,00;10;18,00;0,000017;......(.((.(((.............)))..))..)...............((((......)))).
3947;5;0;-4,125;0;0,00;13;8,00;0,000017;....((.....((((.(((....)))))))......))..............((((......)))).
3963;5;0;-4,122;0;0,00;12;10,00;0,000017;..(.....)..((((..((....)).))))........(.....).......((((......)))).
3966;5;0;-4,123;0;0,00;10;10,00;0,000017;.........(.((((..((....)).))))..)....................(((......)))..
3971;5;0;-4,123;0;0,00;13;12,00;0,000017;......(...)((((..((....)).))))......((....))........((((......)))).
3980;5;0;-4,125;0;0,00;12;10,00;0,000017;..((.......((((..((....)).))))....))................((((......)))).
3990;5;0;-4,120;0;0,00;11;7,00;0,000017;...........((((..((....)).))))...........(....).....((((......)))).
4011;5;0;-4,117;0;0,00;14;10,00;0,000017;...........((((.(((....))))))).(....((....)).)......((((......)))).
4061;5;0;-4,104;0;0,00;9;8,00;0,000017;............(((..((....)).))).......................((((......)))).
4076;5;0;-4,098;0;0,00;10;9,00;0,000016;...........((((..(......).))))..(.......)...........((((......)))).
4112;5;0;-4,097;0;0,00;14;10,00;0,000016;...........((((.(((....)))))))..(...)((.....))......((((......)))).
4147;5;0;-4,088;0;0,00;11;8,00;0,000016;.....(.....((((..((....)).))))......)...............((((......)))).
4157;5;0;-4,089;0;0,00;13;12,00;0,000016;(...)......((((..((....)).))))......((....))........((((......)))).
4178;5;0;-4,084;0;0,00;13;10,00;0,000016;...........((((..((....)).)))).(.((.....))..).......((((......)))).
4187;5;0;-4,079;0;0,00;12;14,00;0,000016;.........(.((((...(....)..))))..)...((....))........((((......)))).
4219;5;0;-4,075;0;0,00;12;9,00;0,000016;.....(....)((((..((....)).))))....(.....)...........((((......)))).
4220;5;0;-4,075;0;0,00;8;25,00;0,000016;...........((((...........))))....(((..(...............).))).......
4232;5;0;-4,077;0;0,00;11;8,00;0,000016;(.......)..((((..((....)).))))......................((((......)))).
4248;5;0;-4,072;0;0,00;11;11,00;0,000016;..(.....)..((((..(......).))))....(.....)...........((((......)))).
4254;5;0;-4,073;0;0,00;12;6,00;0,000016;...........((((..((....)).))))...........((...))....((((......)))).
4292;5;0;-4,064;0;0,00;13;12,00;0,000016;.....(...).(((..(((....))).)))......((....))........((((......)))).
4350;5;0;-4,052;0;0,00;12;14,00;0,000015;...(...)...((((..(......).))))......((....))........((((......)))).
4367;5;0;-4,054;0;0,00;6;22,00;0,000015;...........((((...........))))......((....)).......................
4383;5;0;-4,050;0;0,00;12;10,00;0,000015;...(...)...((((..((....)).))))......(......)........((((......)))).
4393;5;0;-4,044;0;0,00;14;14,00;0,000015;..(.....)..((((..((....)).))))..(...)......((.....))((((......)))).
4422;5;0;-4,041;0;0,00;12;9,00;0,000015;..(.....)..((((..((....)).))))...(.......)..........((((......)))).
4423;5;0;-4,041;0;0,00;12;17,00;0,000015;..(.....)..((((..(....)...))))......((....))........((((......)))).
4446;5;0;-4,037;0;0,00;11;12,00;0,000015;...........(((...((....))..)))......((....))........((((......)))).
4455;5;0;-4,039;0;0,00;14;13,00;0,000015;...........((((..((....)).)))).....((((.....))..))..((((......)))).
4460;5;0;-4,032;0;0,00;10;27,00;0,000015;...(((............)))..(.....)......((....))........((((......)))).
4461;5;0;-4,032;0;0,00;13;7,00;0,000015;...........((((.(((....)))))))......((....).....)...((((......)))).
4475;5;0;-4,035;0;0,00;10;24,00;0,000015;............((((......))).).........((....))........((((......)))).
4512;5;0;-4,024;0;0,00;13;8,00;0,000014;.....(...).((((.(((....)))))))......(......)........((((......)))).
4530;5;0;-4,026;0;0,00;13;12,00;0,000015;.....(...).((((.((......))))))......((....))........((((......)))).
4541;5;0;-4,020;0;0,00;11;8,00;0,000014;...........((((..((....)).)))).....(..........).....((((......)))).
4557;5;0;-4,023;0;0,00;14;6,00;0,000014;....((.....((((..((....)).))))......))..((.....))...((((......)))).
4559;5;0;-4,016;0;0,00;11;12,00;0,000014;...........((((..((....)).)))).......((.....)).......(((......)))..
4563;5;0;-4,016;0;0,00;12;14,00;0,000014;...........((((..(......).))))......((....))........((((.(...))))).
4565;5;0;-4,016;0;0,00;13;12,00;0,000014;.........(.((((..((....)).))))....).((....))........((((......)))).
4591;5;0;-4,013;0;0,00;11;8,00;0,000014;...........((((..((....)).))))............(...).....((((......)))).
4592;5;0;-4,013;0;0,00;11;8,00;0,000014;...........((((..((....)).))))...............(...)..((((......)))).
4602;5;0;-4,014;0;0,00;10;26,00;0,000014;...(((............))).......((..(...)..))...........((((......)))).
4603;5;0;-4,014;0;0,00;12;10,00;0,000014;...........((((..((....)).))))......(......)........((((.(...))))).
4612;5;0;-4,015;0;0,00;14;14,00;0,000014;...(...).(.((((..((....)).))))..)...((....))........((((......)))).
4651;5;0;-4,007;0;0,00;11;16,00;0,000014;..(.....)..((((..((....)).))))......((....))........((..........)).
4677;5;0;-4,003;0;0,00;11;16,00;0,000014;........(..((((...........)))).)....((....))........((((......)))).
4678;5;0;-3,998;0;0,00;10;18,00;0,000014;...........(((((......)))...))......(......)........((((......)))).
4704;5;0;-3,993;0;0,00;11;15,00;0,000014;...........((((..(...)....))))......((....))........((((......)))).
4719;5;0;-3,991;0;0,00;11;22,00;0,000014;..(.....)..((((..((....)).))))......((....)).......((........))....
4723;5;0;-3,992;0;0,00;12;10,00;0,000014;...(...)...((((..((....)).))))..(...)...............((((......)))).
4730;5;0;-3,987;0;0,00;15;16,00;0,000014;........((.((((..((....)).))))..))..((....))........((((.(...))))).
4750;5;0;-3,985;0;0,00;12;10,00;0,000014;..((.......((((..((....)).)))).............)).......((((......)))).
4757;5;0;-3,986;0;0,00;13;12,00;0,000014;...........((((..((....)).))))......((....))(....)..((((......)))).
4764;5;0;-3,983;0;0,00;8;24,00;0,000014;............((.....))...............((....))........((((......)))).
4765;5;0;-3,983;0;0,00;12;10,00;0,000014;.......(.(.(((..(((....))).)))....).)...............((((......)))).
4774;5;0;-3,981;0;0,00;12;9,00;0,000013;...(...)...((((..((....)).))))......(...........)...((((......)))).
4777;5;0;-3,981;0;0,00;13;15,00;0,000013;..(.....)..((((..((....)).))))......((....))........(((.(.....)))).
4781;5;0;-3,982;0;0,00;10;18,00;0,000013;.....(..((.((((...........))))..))..)...............(((........))).
4797;5;0;-3,977;0;0,00;13;12,00;0,000013;..........(.(((.(((....))))))...)...((....))........((((......)))).
4805;5;0;-3,978;0;0,00;12;14,00;0,000013;...(...)...((((..((....)).))))......((....))........(((........))).
4808;5;0;-3,978;0;0,00;11;16,00;0,000013;...........((((...........))))......((....)).(...)..((((......)))).
4809;5;0;-3,975;0;0,00;12;18,00;0,000013;.........(.(((((......)...))))..)...((....))........((((......)))).
4827;5;0;-3,971;0;0,00;8;15,00;0,000013;...........((((..((....)).))))..................((....))...........
4828;5;0;-3,971;0;0,00;13;24,00;0,000013;........((.(((((......)))...))..))..((....))........((((......)))).
4869;5;0;-3,966;0;0,00;13;8,00;0,000013;.....(...).((((.(((....)))))))..(...)...............((((......)))).
4872;5;0;-3,967;0;0,00;10;10,00;0,000013;..(.....)..((((...(....)..))))......................((((......)))).
4877;5;0;-3,963;0;0,00;8;22,00;0,000013;..........((..........))..((.......))...............((((......)))).
4888;5;0;-3,964;0;0,00;14;10,00;0,000013;...........((((.(((....))))))).(...)((....))........((((......)))).
4912;5;0;-3,963;0;0,00;10;24,00;0,000013;..........((((.....)).))....((.....))...............((((......)))).
4923;5;0;-3,960;0;0,00;13;12,00;0,000013;.....(....)((((..((....)).)))).......((.....))......((((......)))).
4943;5;0;-3,956;0;0,00;12;10,00;0,000013;...........((((..((....)).))))..(...)...............((((.(...))))).
4948;5;0;-3,957;0;0,00;12;14,00;0,000013;..(.....)..((((..(......).)))).......((.....))......((((......)))).
4962;5;0;-3,955;0;0,00;13;7,00;0,000013;.....(...).((((.(((....)))))))......(...........)...((((......)))).
4976;5;0;-3,949;0;0,00;11;8,00;0,000013;......(....((((..((....)).))))......)...............((((......)))).
5012;5;0;-3,947;0;0,00;14;14,00;0,000013;...((..(.(.((((..((....)).))))....).).))............((((......)))).
5017;5;0;-3,945;0;0,00;12;10,00;0,000013;.......(.(.((((.((......))))))....).)...............((((......)))).
5019;5;0;-3,945;0;0,00;12;9,00;0,000013;...........((((..((....)).))))......(...........)...((((.(...))))).
5022;5;0;-3,945;0;0,00;11;8,00;0,000013;...........((((..((....)).))))..(..................)((((......)))).
5040;5;0;-3,940;0;0,00;10;18,00;0,000013;...........(((((......)))...))..(...)...............((((......)))).
5055;5;0;-3,939;0;0,00;10;18,00;0,000013;...(...)...(((.............)))......((....))........((((......)))).
5056;5;0;-3,939;0;0,00;10;18,00;0,000013;......(.((.((((...........))))..))..)...............(((........))).
5073;5;0;-3,934;0;0,00;11;8,00;0,000012;........(..((((..((....)).)))).)....................((((......)))).
5079;5;0;-3,932;0;0,00;12;10,00;0,000012;.........(.((((..((....)).))))..).....(.....).......((((......)))).
5085;5;0;-3,933;0;0,00;12;22,00;0,000012;...........((((..((....)).))))......((....)).......((((...)).))....
5104;5;0;-3,928;0;0,00;9;19,00;0,000012;...........((((...........))))......((....))........((..(.....).)).
5107;5;0;-3,928;0;0,00;9;10,00;0,000012;...........((((..(.......)))))......................((((......)))).
5110;5;0;-3,929;0;0,00;10;17,00;0,000012;...........(((((......)))...))......(...........)...((((......)))).
5118;5;0;-3,927;0;0,00;11;12,00;0,000012;...........((((..((....)).))))......((....))........((.(......).)).
5120;5;0;-3,927;0;0,00;10;22,00;0,000012;...........(((((......)))...))......((....))........(((........))).
5133;5;0;-3,924;0;0,00;10;10,00;0,000012;...........((((..(......).)))).......(....).........((((......)))).
5146;5;0;-3,923;0;0,00;8;21,00;0,000012;.........(...(((......))).).........................((((......)))).
5150;5;0;-3,924;0;0,00;14;9,00;0,000012;...........((((.(((....))))))).....(((....).....))..((((......)))).
5184;5;0;-3,915;0;0,00;11;21,00;0,000012;...........((((..((....)).))))....(((..((.............)).))).......
5188;5;0;-3,916;0;0,00;9;25,00;0,000012;...(((............))).....((.......))...............((((......)))).
5193;5;0;-3,912;0;0,00;12;12,00;0,000012;............(((..((....)).)))(((.........)))........((((......)))).
5238;5;0;-3,905;0;0,00;9;25,00;0,000012;...........((((...........))))......((....)).......(((.....).))....
5244;5;0;-3,903;0;0,00;10;18,00;0,000012;...........(((.............)))......((....))........((((.(...))))).
5269;5;0;-3,899;0;0,00;13;20,00;0,000012;...(((..((.((((...........))))..))..)).)............((((......)))).
5270;5;0;-3,899;0;0,00;13;20,00;0,000012;...(((..((.((((...........))))..))..).))............((((......)))).
5278;5;0;-3,897;0;0,00;10;14,00;0,000012;.......(.(.((((...........))))..)...)...............((((......)))).
5280;5;0;-3,897;0;0,00;11;8,00;0,000012;...........((((..((....)).))))...(..........).......((((......)))).
5291;5;0;-3,895;0;0,00;12;10,00;0,000012;..(.....)..((((..((....)).))))........(......)......((((......)))).
5313;5;0;-3,895;0;0,00;13;12,00;0,000012;........((.((((..((....)).))))..))...(....).........((((......)))).
5314;5;0;-3,891;0;0,00;11;16,00;0,000012;......(...)((((...........))))......((....))........((((......)))).
5316;5;0;-3,891;0;0,00;13;12,00;0,000012;...........((((..((....)).))))......((....)).(....).((((......)))).
5338;5;0;-3,887;0;0,00;11;20,00;0,000011;...........((((..((....)).))))......((....))....(..((........)).)..
5340;5;0;-3,887;0;0,00;13;8,00;0,000011;......(..(.((((.(((....)))))))....).)...............((((......)))).
5390;5;0;-3,883;0;0,00;15;16,00;0,000011;...(....((.((((..((....)).))))..))).((....))........((((......)))).
5399;5;0;-3,880;0;0,00;14;10,00;0,000011;..(((......((((..((....)).))))...)))....(.......)...((((......)))).
5402;5;0;-3,880;0;0,00;9;16,00;0,000011;...........((((..((....)).))))..................(..((........))..).
5410;5;0;-3,877;0;0,00;9;25,00;0,000011;.......(((.(......).)))...(.........)...............((((......)))).
5418;5;0;-3,878;0;0,00;10;22,00;0,000011;..(.....)..((((..((....)).))))....(((....................))).......
5430;5;0;-3,877;0;0,00;11;8,00;0,000011;...........((((..((....)).))))............(......)..((((......)))).
5454;5;0;-3,872;0;0,00;13;11,00;0,000011;...(...)...((((..((....)).)))).....((...........))..((((......)))).
5456;5;0;-3,869;0;0,00;10;25,00;0,000011;.......(((.((....)).)))...(.........)...............((((......)))).
5460;5;0;-3,869;0;0,00;11;8,00;0,000011;.......(...((((..((....)).))))......)...............((((......)))).
5461;5;0;-3,869;0;0,00;15;16,00;0,000011;...((....(.((((..((....)).))))..))).((....))........((((......)))).
5463;5;0;-3,869;0;0,00;14;14,00;0,000011;...((......((((..((....)).))))...)).((....))........((((......)))).
5480;5;0;-3,866;0;0,00;11;8,00;0,000011;...........((((..((....)).))))...(........).........((((......)))).
5495;5;0;-3,864;0;0,00;11;8,00;0,000011;..........(((((..((....)).))))....).................((((......)))).
5502;5;0;-3,865;0;0,00;15;16,00;0,000011;...((...(..((((..((....)).)))).).)).((....))........((((......)))).
5538;5;0;-3,858;0;0,00;15;16,00;0,000011;...((.(.((.((((..((....)).))))..))..).))............((((......)))).
5540;5;0;-3,858;0;0,00;9;11,00;0,000011;...........((((..((....)).))))......................((..(.....).)).
5556;5;0;-3,856;0;0,00;11;16,00;0,000011;(...)......((((...........))))......((....))........((((......)))).
5572;5;0;-3,855;0;0,00;9;12,00;0,000011;.....(.....((((...........))))......)...............((((......)))).
5597;5;0;-3,851;0;0,00;12;17,00;0,000011;.........(.((((..(....)...))))..)...((....))........((((......)))).
152;6;0;-6,382;1;0,00;9;17,00;0,000775;..............(((....)))................((.....))...((((......)))).
212;6;0;-6,180;0;0,00;11;18,00;0,000551;..........(..((((....)))).).............((.....))...((((......)))).
221;6;0;-6,143;0;0,00;10;19,00;0,000518;..............(((....)))................(((...)))...((((......)))).
226;6;0;-6,122;0;0,00;9;25,00;0,000500;..............(((....)))............((....))........((((......)))).
303;6;0;-5,941;0;0,00;12;20,00;0,000368;..........(..((((....)))).).............(((...)))...((((......)))).
334;6;0;-5,879;0;0,00;11;19,00;0,000332;..............(((....)))..((.......))...((.....))...((((......)))).
362;6;0;-5,820;0;0,00;7;21,00;0,000300;..............(((....)))............................((((......)))).
373;6;0;-5,797;0;0,00;10;17,00;0,000289;.............((((....))))...............((.....))...((((......)))).
384;6;0;-5,774;0;0,00;9;20,00;0,000278;....................(((...........)))...((.....))...((((......)))).
414;6;0;-5,728;0;0,00;13;23,00;0,000257;..(((........((((....))))........)))....((.....))...((((......)))).
436;6;0;-5,709;0;0,00;11;19,00;0,000249;..............(((....)))....((.....))...((.....))...((((......)))).
482;6;0;-5,641;0;0,00;12;21,00;0,000222;..............(((....)))..((.......))...(((...)))...((((......)))).
530;6;0;-5,558;0;0,00;11;19,00;0,000193;.............((((....))))...............(((...)))...((((......)))).
535;6;0;-5,544;0;0,00;10;19,00;0,000188;..(.....).....(((....)))................((.....))...((((......)))).
554;6;0;-5,535;0;0,00;10;22,00;0,000186;....................(((...........)))...(((...)))...((((......)))).
586;6;0;-5,489;0;0,00;14;25,00;0,000172;..(((........((((....))))........)))....(((...)))...((((......)))).
598;6;0;-5,473;0;0,00;11;21,00;0,000167;..((...)).....(((....)))................((.....))...((((......)))).
605;6;0;-5,470;0;0,00;12;21,00;0,000166;..............(((....)))....((.....))...(((...)))...((((......)))).
618;6;0;-5,465;0;0,00;10;20,00;0,000165;.......(((.(......).))).................((.....))...((((......)))).
625;6;0;-5,457;0;0,00;11;20,00;0,000163;.......(((.((....)).))).................((.....))...((((......)))).
634;6;0;-5,438;0;0,00;8;16,00;0,000157;..............((......))................((.....))...((((......)))).
645;6;0;-5,430;0;0,00;11;18,00;0,000155;.........(...((((....)))).).............((.....))...((((......)))).
709;6;1;-5,356;0;0,00;10;18,00;0,000137;..............(((....)))..(.........)...((.....))...((((......)))).
752;6;0;-5,317;0;0,00;9;23,00;0,000129;..............(((....)))..((.......))...............((((......)))).
767;6;0;-5,305;0;0,00;11;21,00;0,000126;..(.....).....(((....)))................(((...)))...((((......)))).
802;6;0;-5,285;0;0,00;10;27,00;0,000122;..(.....).....(((....)))............((....))........((((......)))).
829;6;0;-5,258;0;0,00;11;20,00;0,000116;...((.....))..(((....)))................((.....))...((((......)))).
841;6;0;-5,239;0;0,00;11;17,00;0,000113;............(((((....))).)).............((.....))...((((......)))).
842;6;0;-5,239;0;0,00;11;17,00;0,000113;............(((((....)))).).............((.....))...((((......)))).
851;6;0;-5,236;0;0,00;10;17,00;0,000112;..........(..(((......))).).............((.....))...((((......)))).
852;6;0;-5,236;0;0,00;10;18,00;0,000112;..............(((....)))....(.......)...((.....))...((((......)))).
859;6;0;-5,234;0;0,00;12;23,00;0,000112;..((...)).....(((....)))................(((...)))...((((......)))).
866;6;0;-5,226;0;0,00;11;22,00;0,000110;.......(((.(......).))).................(((...)))...((((......)))).
879;6;0;-5,212;0;0,00;7;24,00;0,000108;....................(((...........)))...............((((......)))).
882;6;0;-5,213;0;0,00;11;29,00;0,000108;..((...)).....(((....)))............((....))........((((......)))).
894;6;0;-5,205;0;0,00;10;28,00;0,000106;.......(((.(......).))).............((....))........((((......)))).
909;6;0;-5,199;0;0,00;9;18,00;0,000105;..............((......))................(((...)))...((((......)))).
915;6;0;-5,191;0;0,00;12;20,00;0,000104;.........(...((((....)))).).............(((...)))...((((......)))).
931;6;0;-5,178;0;0,00;8;24,00;0,000102;..............((......))............((....))........((((......)))).
954;6;0;-5,166;0;0,00;12;19,00;0,000100;...((........((((....)))))).............((.....))...((((......)))).
966;6;0;-5,160;0;0,00;12;19,00;0,000098;.............((((....)))).((.......))...((.....))...((((......)))).
1008;6;0;-5,124;0;0,00;12;19,00;0,000093;.............((((....))))...((.....))...((.....))...((((......)))).
1011;6;0;-5,117;0;0,00;11;20,00;0,000092;..............(((....)))..(.........)...(((...)))...((((......)))).
1067;6;0;-5,085;0;0,00;11;22,00;0,000087;...((..(((..........)))..)).............((.....))...((((......)))).
1132;6;0;-5,045;0;0,00;12;21,00;0,000081;...((........((((....))))......)).......((.....))...((((......)))).
1135;6;0;-5,041;0;0,00;12;21,00;0,000081;..(.....).....(((....)))..((.......))...((.....))...((((......)))).
1144;6;0;-5,032;0;0,00;9;23,00;0,000079;..............(((....))).........((.....))..........((((......)))).
1149;6;0;-5,028;0;0,00;8;16,00;0,000079;..........((..........))................((.....))...((((......)))).
1165;6;0;-5,027;0;0,00;10;22,00;0,000079;.........(.....)....(((...........)))...((.....))...((((......)))).
1175;6;0;-5,019;0;0,00;12;22,00;0,000078;...((.....))..(((....)))................(((...)))...((((......)))).
1196;6;0;-4,997;0;0,00;11;19,00;0,000075;..........(..(((......))).).............(((...)))...((((......)))).
1197;6;0;-4,997;0;0,00;11;20,00;0,000075;..............(((....)))....(.......)...(((...)))...((((......)))).
1199;6;0;-4,998;0;0,00;11;28,00;0,000075;...((.....))..(((....)))............((....))........((((......)))).
1204;6;0;-5,000;0;0,00;12;19,00;0,000075;............(((((....))).)).............(((...)))...((((......)))).
1205;6;0;-5,000;0;0,00;12;19,00;0,000075;............(((((....)))).).............(((...)))...((((......)))).
1219;6;0;-4,982;0;0,00;8;23,00;0,000073;..(.....).....(((....)))............................((((......)))).
1233;6;0;-4,980;0;0,00;9;19,00;0,000073;...(((............)))...................((.....))...((((......)))).
1235;6;0;-4,973;0;0,00;10;19,00;0,000072;.....(....)...(((....)))................((.....))...((((......)))).
1245;6;0;-4,970;0;0,00;13;23,00;0,000072;..((...)).....(((....)))..((.......))...((.....))...((((......)))).
1250;6;0;-4,972;0;0,00;12;20,00;0,000072;...((.....)).((((....))))...............((.....))...((((......)))).
1259;6;0;-4,962;0;0,00;12;22,00;0,000071;.......(((.(......).)))...((.......))...((.....))...((((......)))).
1263;6;0;-4,959;0;0,00;11;19,00;0,000070;..(.....)....((((....))))...............((.....))...((((......)))).
1307;6;0;-4,935;0;0,00;10;18,00;0,000067;..............((......))..((.......))...((.....))...((((......)))).
1309;6;0;-4,936;0;0,00;10;22,00;0,000068;..(.....)...........(((...........)))...((.....))...((((......)))).
1316;6;0;-4,932;0;0,00;10;19,00;0,000067;..............(((....)))........(...)...((.....))...((((......)))).
1323;6;0;-4,927;0;0,00;13;21,00;0,000067;...((........((((....)))))).............(((...)))...((((......)))).
1340;6;0;-4,921;0;0,00;13;21,00;0,000066;.............((((....)))).((.......))...(((...)))...((((......)))).
1350;6;0;-4,911;0;0,00;9;25,00;0,000065;..((...)).....(((....)))............................((((......)))).
1401;6;0;-4,888;0;0,00;12;21,00;0,000062;..((...))....((((....))))...............((.....))...((((......)))).
1407;6;0;-4,885;0;0,00;13;21,00;0,000062;.............((((....))))...((.....))...(((...)))...((((......)))).
1418;6;0;-4,876;0;0,00;6;20,00;0,000061;..............((......))............................((((......)))).
1427;6;0;-4,871;0;0,00;12;21,00;0,000061;..(.....).....(((....)))....((.....))...((.....))...((((......)))).
1434;6;0;-4,874;0;0,00;10;18,00;0,000061;..........((.((.....))))................((.....))...((((......)))).
1448;6;0;-4,865;0;0,00;11;24,00;0,000060;..((...))...........(((...........)))...((.....))...((((......)))).
1468;6;0;-4,853;0;0,00;9;16,00;0,000059;.............(((......)))...............((.....))...((((......)))).
1485;6;0;-4,846;0;0,00;12;24,00;0,000058;...((..(((..........)))..)).............(((...)))...((((......)))).
1524;6;0;-4,830;0;0,00;11;24,00;0,000056;..........(..((((....)))).)......((.....))..........((((......)))).
1562;6;0;-4,814;0;0,00;10;22,00;0,000055;..........(....)....(((...........)))...((.....))...((((......)))).
1581;6;0;-4,808;0;0,00;14;24,00;0,000054;..(((.....(..((((....)))).)......)))....((.....))...((((......)))).
1584;6;0;-4,803;0;0,00;13;23,00;0,000054;..(.....).....(((....)))..((.......))...(((...)))...((((......)))).
1597;6;0;-4,800;0;0,00;13;23,00;0,000054;..((...)).....(((....)))....((.....))...((.....))...((((......)))).
1598;6;0;-4,800;0;0,00;12;20,00;0,000054;..(.....).(..((((....)))).).............((.....))...((((......)))).
1599;6;0;-4,800;0;0,00;8;22,00;0,000054;..............(((....)))..........(.....)...........((((......)))).
1607;6;0;-4,794;0;0,00;8;22,00;0,000053;..............(((....)))..(.........)...............((((......)))).
1621;6;0;-4,792;0;0,00;12;22,00;0,000053;.......(((.(......).))).....((.....))...((.....))...((((......)))).
1631;6;0;-4,788;0;0,00;11;24,00;0,000053;.........(.....)....(((...........)))...(((...)))...((((......)))).
1635;6;0;-4,789;0;0,00;9;18,00;0,000053;..........((..........))................(((...)))...((((......)))).
1640;6;0;-4,783;0;0,00;12;22,00;0,000052;..(((........(((......)))........)))....((.....))...((((......)))).
1667;6;0;-4,768;0;0,00;8;24,00;0,000051;..........((..........))............((....))........((((......)))).
1672;6;0;-4,765;0;0,00;10;18,00;0,000051;..............((......))....((.....))...((.....))...((((......)))).
1676;6;0;-4,760;0;0,00;12;19,00;0,000050;.......(..(..((((....)))).)..)..........((.....))...((((......)))).
1684;6;0;-4,755;0;0,00;13;22,00;0,000050;...((.....))..(((....)))..((.......))...((.....))...((((......)))).
1727;6;0;-4,741;0;0,00;10;21,00;0,000049;...(((............)))...................(((...)))...((((......)))).
1730;6;0;-4,736;0;0,00;12;19,00;0,000048;........((...((((....)))).))............((.....))...((((......)))).
1746;6;0;-4,731;0;0,00;14;25,00;0,000048;..((...)).....(((....)))..((.......))...(((...)))...((((......)))).
1749;6;0;-4,733;0;0,00;13;22,00;0,000048;...((.....)).((((....))))...............(((...)))...((((......)))).
1752;6;0;-4,734;0;0,00;11;21,00;0,000048;.....(....)...(((....)))................(((...)))...((((......)))).
1757;6;0;-4,729;0;0,00;13;22,00;0,000048;..((...)).(..((((....)))).).............((.....))...((((......)))).
1760;6;0;-4,730;0;0,00;12;20,00;0,000048;..........(..((((....)))).).....(...)...((.....))...((((......)))).
1769;6;0;-4,720;0;0,00;12;21,00;0,000047;..(.....)....((((....))))...............(((...)))...((((......)))).
1786;6;0;-4,713;0;0,00;10;27,00;0,000046;.....(....)...(((....)))............((....))........((((......)))).
1830;6;0;-4,696;0;0,00;14;23,00;0,000045;...((...((...((((....)))).))...)).......((.....))...((((......)))).
1834;6;0;-4,696;0;0,00;11;20,00;0,000045;..............((......))..((.......))...(((...)))...((((......)))).
1835;6;0;-4,697;0;0,00;11;24,00;0,000045;..(.....)...........(((...........)))...(((...)))...((((......)))).
1840;6;0;-4,693;0;0,00;11;21,00;0,000045;..............(((....)))........(...)...(((...)))...((((......)))).
1853;6;0;-4,685;0;0,00;9;25,00;0,000044;..............(((....))).............((.....))......((((......)))).
1873;6;0;-4,683;0;0,00;9;20,00;0,000044;.......(((..........))).................((.....))...((((......)))).
1895;6;0;-4,674;0;0,00;8;22,00;0,000043;..............(((....)))....(.......)...............((((......)))).
1902;6;0;-4,670;0;0,00;13;20,00;0,000043;......(.((...((((....)))).)).)..........((.....))...((((......)))).
1928;6;0;-4,663;0;0,00;11;23,00;0,000043;..((...........))...(((...........)))...((.....))...((((......)))).
1950;6;0;-4,649;0;0,00;13;23,00;0,000042;..((...))....((((....))))...............(((...)))...((((......)))).
1956;6;0;-4,650;0;0,00;11;23,00;0,000042;...((.....))........(((...........)))...((.....))...((((......)))).
1963;6;0;-4,651;0;0,00;11;18,00;0,000042;.............((((....))))...(.......)...((.....))...((((......)))).
1994;6;0;-4,635;0;0,00;11;20,00;0,000041;..........((.((.....))))................(((...)))...((((......)))).
1998;6;0;-4,637;0;0,00;11;18,00;0,000041;.............((((....)))).(.........)...((.....))...((((......)))).
2010;6;0;-4,632;0;0,00;13;23,00;0,000040;..(.....).....(((....)))....((.....))...(((...)))...((((......)))).
2012;6;0;-4,626;0;0,00;12;26,00;0,000040;..((...))...........(((...........)))...(((...)))...((((......)))).
2016;6;0;-4,626;0;0,00;16;26,00;0,000040;..(((.(.((...((((....)))).)).)...)))....((.....))...((((......)))).
2028;6;0;-4,623;0;0,00;13;20,00;0,000040;.....(..((...((((....)))).)).)..........((.....))...((((......)))).
2048;6;0;-4,614;0;0,00;10;18,00;0,000039;.............(((......)))...............(((...)))...((((......)))).
2053;6;0;-4,616;0;0,00;8;19,00;0,000039;..............(((....)))................((.....))...(((........))).
2091;6;0;-4,599;0;0,00;11;15,00;0,000038;...........(.((((....))))....)..........((.....))...((((......)))).
2092;6;0;-4,600;0;0,00;9;18,00;0,000038;..(.....).....((......))................((.....))...((((......)))).
2144;6;0;-4,585;0;0,00;13;22,00;0,000037;...((.....))..(((....)))....((.....))...((.....))...((((......)))).
2160;6;0;-4,575;0;0,00;11;24,00;0,000037;..........(....)....(((...........)))...(((...)))...((((......)))).
2182;6;0;-4,569;0;0,00;15;26,00;0,000036;..(((.....(..((((....)))).)......)))....(((...)))...((((......)))).
2196;6;0;-4,561;0;0,00;14;25,00;0,000036;..((...)).....(((....)))....((.....))...(((...)))...((((......)))).
2197;6;0;-4,561;0;0,00;13;22,00;0,000036;..(.....).(..((((....)))).).............(((...)))...((((......)))).
2254;6;0;-4,545;0;0,00;13;24,00;0,000035;..(((........(((......)))........)))....(((...)))...((((......)))).
2298;6;0;-4,529;0;0,00;10;20,00;0,000034;..((...)).....((......))................((.....))...((((......)))).
2300;6;0;-4,530;0;0,00;9;25,00;0,000034;..............(((....)))...................((.....))((((......)))).
2312;6;0;-4,525;0;0,00;10;18,00;0,000034;..........((..........))..((.......))...((.....))...((((......)))).
2315;6;0;-4,526;0;0,00;11;20,00;0,000034;..............((......))....((.....))...(((...)))...((((......)))).
2321;6;0;-4,521;0;0,00;13;21,00;0,000034;.......(..(..((((....)))).)..)..........(((...)))...((((......)))).
2336;6;0;-4,516;0;0,00;14;24,00;0,000033;...((.....))..(((....)))..((.......))...(((...)))...((((......)))).
2344;6;0;-4,518;0;0,00;11;20,00;0,000033;..(.....).....(((....)))..(.........)...((.....))...((((......)))).
2353;6;0;-4,513;0;0,00;15;25,00;0,000033;..(((...((...((((....)))).)).....)))....((.....))...((((......)))).
2401;6;0;-4,497;0;0,00;13;21,00;0,000032;........((...((((....)))).))............(((...)))...((((......)))).
2439;6;0;-4,490;0;0,00;14;24,00;0,000032;..((...)).(..((((....)))).).............(((...)))...((((......)))).
2443;6;0;-4,491;0;0,00;13;20,00;0,000032;..........(..((((....)))).).((.....))...((.....))...((((......)))).
2447;6;0;-4,491;0;0,00;13;22,00;0,000032;..........(..((((....)))).).....(...)...(((...)))...((((......)))).
2453;6;0;-4,485;0;0,00;10;17,00;0,000032;.........(...(((......))).).............((.....))...((((......)))).
2484;6;0;-4,480;0;0,00;10;25,00;0,000031;..(.....).....(((....)))..((.......))...............((((......)))).
2511;6;0;-4,470;0;0,00;12;21,00;0,000031;.....(....)...(((....)))..((.......))...((.....))...((((......)))).
2520;6;0;-4,465;0;0,00;8;26,00;0,000030;.........(.....)....(((...........)))...............((((......)))).
2574;6;0;-4,456;0;0,00;12;21,00;0,000030;...((........((((....))))........)).....((.....))...((((......)))).
2600;6;0;-4,447;0;0,00;10;23,00;0,000030;.............((((....))))........((.....))..........((((......)))).
2601;6;0;-4,447;0;0,00;12;22,00;0,000030;..((...)).....(((....)))..(.........)...((.....))...((((......)))).
2616;6;0;-4,444;0;0,00;10;22,00;0,000029;.......(((..........))).................(((...)))...((((......)))).
2626;6;0;-4,439;0;0,00;11;21,00;0,000029;.......(((.(......).)))...(.........)...((.....))...((((......)))).
2634;6;0;-4,436;0;0,00;9;17,00;0,000029;..........((..(.....).))................((.....))...((((......)))).
2647;6;0;-4,431;0;0,00;12;21,00;0,000029;.......(((.((....)).)))...(.........)...((.....))...((((......)))).
2651;6;0;-4,432;0;0,00;12;24,00;0,000029;..(((.........)))...(((...........)))...((.....))...((((......)))).
2663;6;0;-4,427;0;0,00;8;23,00;0,000029;..............(((....)))............(......)........((((......)))).
2678;6;0;-4,424;0;0,00;9;28,00;0,000028;.......(((..........))).............((....))........((((......)))).
2679;6;0;-4,424;0;0,00;12;25,00;0,000028;..((...........))...(((...........)))...(((...)))...((((......)))).
2708;6;0;-4,416;0;0,00;13;24,00;0,000028;...((..(((.(......).)))..)).....(...)...((.....))...((((......)))).
2721;6;0;-4,411;0;0,00;12;25,00;0,000028;...((.....))........(((...........)))...(((...)))...((((......)))).
2722;6;0;-4,411;0;0,00;8;23,00;0,000028;.....(....)...(((....)))............................((((......)))).
2726;6;0;-4,412;0;0,00;9;17,00;0,000028;..............((......))..(.........)...((.....))...((((......)))).
2727;6;0;-4,412;0;0,00;12;20,00;0,000028;.............((((....))))...(.......)...(((...)))...((((......)))).
2733;6;0;-4,414;0;0,00;10;20,00;0,000028;..........(..((((....)))).).............((.....))...(((........))).
2746;6;0;-4,408;0;0,00;11;27,00;0,000028;..((...)).....(((....)))..((.......))...............((((......)))).
2768;6;0;-4,398;0;0,00;11;20,00;0,000027;..(.....).....(((....)))....(.......)...((.....))...((((......)))).
2779;6;0;-4,401;0;0,00;12;19,00;0,000027;..(.....)...(((((....)))).).............((.....))...((((......)))).
2780;6;0;-4,401;0;0,00;12;19,00;0,000027;..(.....)...(((((....))).)).............((.....))...((((......)))).
2795;6;0;-4,398;0;0,00;12;20,00;0,000027;.............((((....)))).(.........)...(((...)))...((((......)))).
2802;6;0;-4,391;0;0,00;8;18,00;0,000027;....................((.............))...((.....))...((((......)))).
2820;6;0;-4,388;0;0,00;11;19,00;0,000027;.....(....)..((((....))))...............((.....))...((((......)))).
2861;6;0;-4,377;0;0,00;9;21,00;0,000026;..............(((....)))................(((...)))...(((........))).
2872;6;0;-4,372;0;0,00;12;20,00;0,000026;..........((.((.....))))..((.......))...((.....))...((((......)))).
2881;6;0;-4,373;0;0,00;8;22,00;0,000026;..............((......))..((.......))...............((((......)))).
2887;6;0;-4,374;0;0,00;8;26,00;0,000026;..(.....)...........(((...........)))...............((((......)))).
2899;6;0;-4,370;0;0,00;8;23,00;0,000026;..............(((....)))........(...)...............((((......)))).
2910;6;0;-4,365;0;0,00;10;22,00;0,000026;.....(....).........(((...........)))...((.....))...((((......)))).
2921;6;0;-4,360;0;0,00;12;17,00;0,000026;...........(.((((....))))....)..........(((...)))...((((......)))).
2925;6;0;-4,361;0;0,00;10;20,00;0,000026;..(.....).....((......))................(((...)))...((((......)))).
2937;6;0;-4,356;0;0,00;8;27,00;0,000025;..............(((....)))............((....))........(((........))).
2947;6;0;-4,358;0;0,00;8;22,00;0,000025;..............(((....)))............(...........)...((((......)))).
2961;6;0;-4,355;0;0,00;10;18,00;0,000025;..........((..........))....((.....))...((.....))...((((......)))).
2972;6;0;-4,350;0;0,00;10;17,00;0,000025;............((.((....))..)).............((.....))...((((......)))).
2983;6;0;-4,346;0;0,00;14;24,00;0,000025;...((.....))..(((....)))....((.....))...(((...)))...((((......)))).
2987;6;0;-4,347;0;0,00;11;19,00;0,000025;.............((((....)))).......(...)...((.....))...((((......)))).
2991;6;0;-4,340;0;0,00;9;26,00;0,000025;..(.....).....((......))............((....))........((((......)))).
3022;6;0;-4,334;0;0,00;14;22,00;0,000024;...((.....)).((((....)))).((.......))...((.....))...((((......)))).
3027;6;0;-4,330;0;0,00;13;21,00;0,000024;..((...))...(((((....)))).).............((.....))...((((......)))).
3028;6;0;-4,330;0;0,00;13;21,00;0,000024;..((...))...(((((....))).)).............((.....))...((((......)))).
3048;6;0;-4,327;0;0,00;12;22,00;0,000024;..((...)).....(((....)))....(.......)...((.....))...((((......)))).
3060;6;0;-4,322;0;0,00;13;21,00;0,000024;..(.....)....((((....)))).((.......))...((.....))...((((......)))).
3077;6;0;-4,319;0;0,00;11;21,00;0,000024;.......(((.(......).))).....(.......)...((.....))...((((......)))).
3079;6;0;-4,319;0;0,00;12;15,00;0,000024;...........((.(((....)))....))..(...)...((.....))...((((......)))).
3082;6;0;-4,313;0;0,00;10;17,00;0,000024;............(.(((....)))..).............((.....))...((((......)))).
3090;6;0;-4,314;0;0,00;10;19,00;0,000024;...((.....))..((......))................((.....))...((((......)))).
3115;6;0;-4,311;0;0,00;12;21,00;0,000024;.......(((.((....)).))).....(.......)...((.....))...((((......)))).
3119;6;0;-4,312;0;0,00;11;21,00;0,000024;...(((............)))..((..........))...((.....))...((((......)))).
3146;6;0;-4,303;0;0,00;9;28,00;0,000023;..((...))...........(((...........)))...............((((......)))).
3155;6;0;-4,299;0;0,00;14;22,00;0,000023;...((.....)).((((....))))...((.....))...((.....))...((((......)))).
3160;6;0;-4,300;0;0,00;12;21,00;0,000023;.....(....)...(((....)))....((.....))...((.....))...((((......)))).
3170;6;0;-4,295;0;0,00;10;16,00;0,000023;............((((......))).).............((.....))...((((......)))).
3171;6;0;-4,295;0;0,00;10;16,00;0,000023;............((((......)).)).............((.....))...((((......)))).
3187;6;0;-4,290;0;0,00;11;22,00;0,000023;..((...)).....((......))................(((...)))...((((......)))).
3193;6;0;-4,291;0;0,00;10;27,00;0,000023;..............(((....)))...................(((...)))((((......)))).
3197;6;0;-4,292;0;0,00;10;19,00;0,000023;...(((............)))..(.....)..........((.....))...((((......)))).
3200;6;0;-4,292;0;0,00;9;17,00;0,000023;..............((......))....(.......)...((.....))...((((......)))).
3212;6;0;-4,286;0;0,00;13;21,00;0,000023;..(.....)....((((....))))...((.....))...((.....))...((((......)))).
3213;6;0;-4,286;0;0,00;11;20,00;0,000023;..........((..........))..((.......))...(((...)))...((((......)))).
3255;6;0;-4,280;0;0,00;12;22,00;0,000022;..(.....).....(((....)))..(.........)...(((...)))...((((......)))).
3263;6;0;-4,274;0;0,00;16;27,00;0,000022;..(((...((...((((....)))).)).....)))....(((...)))...((((......)))).
3308;6;0;-4,269;0;0,00;10;28,00;0,000022;..((...)).....((......))............((....))........((((......)))).
3357;6;0;-4,250;0;0,00;9;24,00;0,000021;..............(((....)))...........((...........))..((((......)))).
3360;6;0;-4,250;0;0,00;14;23,00;0,000021;..((...))....((((....)))).((.......))...((.....))...((((......)))).
3370;6;0;-4,252;0;0,00;14;22,00;0,000021;..........(..((((....)))).).((.....))...(((...)))...((((......)))).
3372;6;0;-4,252;0;0,00;8;26,00;0,000021;..........(....)....(((...........)))...............((((......)))).
3388;6;0;-4,247;0;0,00;11;19,00;0,000021;.........(...(((......))).).............(((...)))...((((......)))).
3391;6;0;-4,247;0;0,00;13;20,00;0,000021;.......(((...((((....)))).)).)..........((.....))...((((......)))).
3438;6;0;-4,242;0;0,00;11;18,00;0,000021;.........(...((((....))))...)...........((.....))...((((......)))).
3466;6;0;-4,231;0;0,00;13;23,00;0,000021;.....(....)...(((....)))..((.......))...(((...)))...((((......)))).
3467;6;0;-4,232;0;0,00;12;21,00;0,000021;...((.....))..(((....)))..(.........)...((.....))...((((......)))).
3515;6;0;-4,226;0;0,00;10;24,00;0,000020;..........(..((((....)))).).........(......)........((((......)))).
3533;6;0;-4,221;0;0,00;13;22,00;0,000020;...((.....(..((((....)))).)....)).......((.....))...((((......)))).
3538;6;0;-4,222;0;0,00;11;18,00;0,000020;...((........(((......))))).............((.....))...((((......)))).
3543;6;0;-4,215;0;0,00;11;18,00;0,000020;.............(((......))).((.......))...((.....))...((((......)))).
3547;6;0;-4,217;0;0,00;13;23,00;0,000020;...((........((((....))))........)).....(((...)))...((((......)))).
3572;6;0;-4,215;0;0,00;14;23,00;0,000020;..((...))....((((....))))...((.....))...((.....))...((((......)))).
3579;6;0;-4,208;0;0,00;13;24,00;0,000020;..((...)).....(((....)))..(.........)...(((...)))...((((......)))).
3595;6;0;-4,205;0;0,00;11;18,00;0,000020;..........(..((((....))))...)...........((.....))...((((......)))).
3607;6;0;-4,200;0;0,00;6;14,00;0,000020;........................................((.....))...((((......)))).
3608;6;0;-4,200;0;0,00;12;23,00;0,000020;.......(((.(......).)))...(.........)...(((...)))...((((......)))).
3610;6;0;-4,201;0;0,00;12;20,00;0,000020;..........((.((.....))))....((.....))...((.....))...((((......)))).
3611;6;0;-4,201;0;0,00;10;19,00;0,000020;...(...)......(((....)))................((.....))...((((......)))).
3623;6;0;-4,197;0;0,00;10;19,00;0,000019;..........((..(.....).))................(((...)))...((((......)))).
3624;6;0;-4,197;0;0,00;10;18,00;0,000019;......(.....).(((....)))................((.....))...((((......)))).
3646;6;0;-4,193;0;0,00;13;26,00;0,000019;..(((.........)))...(((...........)))...(((...)))...((((......)))).
3655;6;0;-4,194;0;0,00;10;25,00;0,000019;..(.....).....(((....))).........((.....))..........((((......)))).
3693;6;0;-4,180;0;0,00;11;18,00;0,000019;.............(((......)))...((.....))...((.....))...((((......)))).
3695;6;0;-4,180;0;0,00;11;22,00;0,000019;.......(((..........)))...((.......))...((.....))...((((......)))).
3713;6;0;-4,176;0;0,00;9;25,00;0,000019;..........((..(.....).))............((....))........((((......)))).
3735;6;0;-4,173;0;0,00;10;19,00;0,000019;..............((......))..(.........)...(((...)))...((((......)))).
3744;6;0;-4,175;0;0,00;11;22,00;0,000019;..........(..((((....)))).).............(((...)))...(((........))).
3747;6;0;-4,176;0;0,00;9;17,00;0,000019;..........(..((.....)).)................((.....))...((((......)))).
3748;6;0;-4,176;0;0,00;10;18,00;0,000019;..............(((....))).....(....).....((.....))...((((......)))).
3749;6;0;-4,168;0;0,00;10;24,00;0,000018;..........(..((((....)))).).....(...)...............((((......)))).
3768;6;0;-4,171;0;0,00;10;19,00;0,000019;..............(((....)))......(....)....((.....))...((((......)))).
3779;6;0;-4,166;0;0,00;10;19,00;0,000018;..............(((....)))................((.....))...((((.(...))))).
3780;6;0;-4,166;0;0,00;10;22,00;0,000018;..............(((....)))................((.....))...(((.((...))))).
3782;6;0;-4,166;0;0,00;10;18,00;0,000018;.......(....).(((....)))................((.....))...((((......)))).
3790;6;0;-4,160;0;0,00;8;19,00;0,000018;..............(((....)))................(.......)...((((......)))).
3801;6;0;-4,162;0;0,00;13;21,00;0,000018;..(.....)...(((((....))).)).............(((...)))...((((......)))).
3802;6;0;-4,162;0;0,00;13;21,00;0,000018;..(.....)...(((((....)))).).............(((...)))...((((......)))).
3813;6;0;-4,157;0;0,00;10;23,00;0,000018;..........(..((((....)))).).........(...........)...((((......)))).
3823;6;0;-4,160;0;0,00;12;22,00;0,000018;..(.....).....(((....)))....(.......)...(((...)))...((((......)))).
3848;6;0;-4,149;0;0,00;12;21,00;0,000018;.....(....)..((((....))))...............(((...)))...((((......)))).
3866;6;0;-4,152;0;0,00;9;20,00;0,000018;....................((.............))...(((...)))...((((......)))).
3945;6;0;-4,133;0;0,00;13;22,00;0,000017;..........((.((.....))))..((.......))...(((...)))...((((......)))).
3952;6;0;-4,126;0;0,00;11;24,00;0,000017;.....(....).........(((...........)))...(((...)))...((((......)))).
3956;6;0;-4,127;0;0,00;14;19,00;0,000017;.....(..((.((.(((....)))....))..))..)...((.....))...((((......)))).
3959;6;0;-4,121;0;0,00;7;24,00;0,000017;.......(((..........))).............................((((......)))).
3967;6;0;-4,123;0;0,00;11;27,00;0,000017;..((...)).....(((....))).........((.....))..........((((......)))).
3997;6;0;-4,115;0;0,00;10;26,00;0,000017;.......(((.(......).)))..........((.....))..........((((......)))).
4002;6;0;-4,116;0;0,00;11;20,00;0,000017;..........((..........))....((.....))...(((...)))...((((......)))).
4027;6;0;-4,111;0;0,00;11;19,00;0,000017;............((.((....))..)).............(((...)))...((((......)))).
4032;6;0;-4,112;0;0,00;12;21,00;0,000017;...((.....))..(((....)))....(.......)...((.....))...((((......)))).
4035;6;0;-4,113;0;0,00;10;21,00;0,000017;..............(((....)))..((.......))...((.....))...(((........))).
4042;6;0;-4,108;0;0,00;12;21,00;0,000017;.............((((....)))).......(...)...(((...)))...((((......)))).
4082;6;0;-4,099;0;0,00;12;20,00;0,000016;..............(((....)))..((.(....)))...((.....))...((((......)))).
4089;6;0;-4,101;0;0,00;11;20,00;0,000016;...((........(((......)))......)).......((.....))...((((......)))).
4090;6;0;-4,101;0;0,00;9;27,00;0,000016;..((...........))...(((...........)))...............((((......)))).
4094;6;0;-4,094;0;0,00;11;21,00;0,000016;..(.....).....(((....)))........(...)...((.....))...((((......)))).
4104;6;0;-4,095;0;0,00;10;21,00;0,000016;......(.....).......(((...........)))...((.....))...((((......)))).
4105;6;0;-4,095;0;0,00;15;24,00;0,000016;...((.....)).((((....)))).((.......))...(((...)))...((((......)))).
4115;6;0;-4,097;0;0,00;11;20,00;0,000016;..(.....).....((......))..((.......))...((.....))...((((......)))).
4121;6;0;-4,091;0;0,00;14;23,00;0,000016;..((...))...(((((....))).)).............(((...)))...((((......)))).
4122;6;0;-4,091;0;0,00;14;23,00;0,000016;..((...))...(((((....)))).).............(((...)))...((((......)))).
4148;6;0;-4,088;0;0,00;9;27,00;0,000016;...((.....))........(((...........)))...............((((......)))).
4149;6;0;-4,088;0;0,00;8;22,00;0,000016;..............((......)).........((.....))..........((((......)))).
4154;6;0;-4,088;0;0,00;13;24,00;0,000016;..((...)).....(((....)))....(.......)...(((...)))...((((......)))).
4171;6;0;-4,083;0;0,00;14;23,00;0,000016;..(.....)....((((....)))).((.......))...(((...)))...((((......)))).
4182;6;0;-4,085;0;0,00;14;19,00;0,000016;......(.((.((.(((....)))....))..))..)...((.....))...((((......)))).
4186;6;0;-4,086;0;0,00;10;19,00;0,000016;.....(...)....(((....)))................((.....))...((((......)))).
4196;6;0;-4,080;0;0,00;11;24,00;0,000016;.........(...((((....)))).)......((.....))..........((((......)))).
4199;6;0;-4,080;0;0,00;12;23,00;0,000016;.......(((.(......).))).....(.......)...(((...)))...((((......)))).
4200;6;0;-4,080;0;0,00;13;17,00;0,000016;...........((.(((....)))....))..(...)...(((...)))...((((......)))).
4211;6;0;-4,075;0;0,00;9;22,00;0,000016;.............((((....)))).(.........)...............((((......)))).
4215;6;0;-4,075;0;0,00;11;21,00;0,000016;...((.....))..((......))................(((...)))...((((......)))).
4253;6;0;-4,073;0;0,00;12;23,00;0,000016;...(((............)))..((..........))...(((...)))...((((......)))).
4256;6;0;-4,074;0;0,00;11;19,00;0,000016;............(.(((....)))..).............(((...)))...((((......)))).
4294;6;0;-4,065;0;0,00;10;21,00;0,000016;.......(....).......(((...........)))...((.....))...((((......)))).
4303;6;0;-4,060;0;0,00;15;24,00;0,000015;...((.....)).((((....))))...((.....))...(((...)))...((((......)))).
4312;6;0;-4,061;0;0,00;13;23,00;0,000015;.....(....)...(((....)))....((.....))...(((...)))...((((......)))).
4330;6;0;-4,056;0;0,00;11;18,00;0,000015;............((((......))).).............(((...)))...((((......)))).
4331;6;0;-4,056;0;0,00;11;18,00;0,000015;............((((......)).)).............(((...)))...((((......)))).
4358;6;0;-4,053;0;0,00;10;25,00;0,000015;............(.(((....)))..).........((....))........((((......)))).
4359;6;0;-4,053;0;0,00;10;19,00;0,000015;..............((......))....(.......)...(((...)))...((((......)))).
4363;6;0;-4,054;0;0,00;6;23,00;0,000015;..............(((....)))............................(((........))).
4365;6;0;-4,054;0;0,00;10;27,00;0,000015;...((.....))..((......))............((....))........((((......)))).
4373;6;0;-4,047;0;0,00;14;23,00;0,000015;..(.....)....((((....))))...((.....))...(((...)))...((((......)))).
4374;6;0;-4,048;0;0,00;11;25,00;0,000015;..........(..((((....)))).)........((...........))..((((......)))).
4449;6;0;-4,038;0;0,00;7;22,00;0,000015;..(.....).....((......))............................((((......)))).
4480;6;0;-4,027;0;0,00;11;19,00;0,000015;...((.....)).(((......)))...............((.....))...((((......)))).
4492;6;0;-4,029;0;0,00;9;18,00;0,000015;.....(....)...((......))................((.....))...((((......)))).
4504;6;0;-4,031;0;0,00;9;19,00;0,000015;.............((((....))))...............((.....))...(((........))).
4528;6;0;-4,026;0;0,00;12;22,00;0,000015;..((...)).....((......))..((.......))...((.....))...((((......)))).
4535;6;0;-4,027;0;0,00;11;27,00;0,000015;..............(((....)))..((.......))......((.....))((((......)))).
4554;6;0;-4,023;0;0,00;12;23,00;0,000014;..((...)).....(((....)))........(...)...((.....))...((((......)))).
4576;6;0;-4,018;0;0,00;12;19,00;0,000014;..........(..((((....)))).).(.......)...((.....))...((((......)))).
4582;6;0;-4,019;0;0,00;10;21,00;0,000014;...(((...(.....)..)))...................((.....))...((((......)))).
4593;6;0;-4,013;0;0,00;12;19,00;0,000014;...........((((((....))))..........))...((.....))...((((......)))).
4607;6;0;-4,015;0;0,00;11;22,00;0,000014;.......(((.(......).))).........(...)...((.....))...((((......)))).
4608;6;0;-4,015;0;0,00;10;18,00;0,000014;..(.....)....(((......)))...............((.....))...((((......)))).
4625;6;0;-4,010;0;0,00;11;22,00;0,000014;.......(((..........))).....((.....))...((.....))...((((......)))).
4635;6;0;-4,012;0;0,00;15;25,00;0,000014;..((...))....((((....)))).((.......))...(((...)))...((((......)))).
4652;6;0;-4,007;0;0,00;12;22,00;0,000014;.......(((.((....)).))).........(...)...((.....))...((((......)))).
4656;6;0;-4,008;0;0,00;8;22,00;0,000014;....................(((...........)))...((.....))...(((........))).
4667;6;0;-4,002;0;0,00;9;17,00;0,000014;..........((..........))..(.........)...((.....))...((((......)))).
4673;6;0;-4,003;0;0,00;12;20,00;0,000014;.........(...((((....))))...)...........(((...)))...((((......)))).
4683;6;0;-4,000;0;0,00;12;20,00;0,000014;...(...)..(..((((....)))).).............((.....))...((((......)))).
4686;6;0;-3,997;0;0,00;14;22,00;0,000014;....((..((...((((....)))).)).)).........((.....))...((((......)))).
4706;6;0;-3,993;0;0,00;13;23,00;0,000014;...((.....))..(((....)))..(.........)...(((...)))...((((......)))).
4724;6;0;-3,988;0;0,00;8;22,00;0,000014;..............(((....)))........(.......)...........((((......)))).
4742;6;0;-3,988;0;0,00;9;18,00;0,000014;..............((......))........(...)...((.....))...((((......)))).
4766;6;0;-3,983;0;0,00;12;20,00;0,000014;...((........(((......))))).............(((...)))...((((......)))).
4788;6;0;-3,979;0;0,00;12;20,00;0,000013;.........(...((((....)))).).....(...)...((.....))...((((......)))).
4795;6;0;-3,977;0;0,00;12;20,00;0,000013;.............(((......))).((.......))...(((...)))...((((......)))).
4796;6;0;-3,977;0;0,00;15;25,00;0,000013;..(((..(..(..((((....)))).)..)...)))....((.....))...((((......)))).
4815;6;0;-3,976;0;0,00;15;25,00;0,000013;..((...))....((((....))))...((.....))...(((...)))...((((......)))).
4821;6;0;-3,974;0;0,00;12;19,00;0,000013;..........(..((((....)))).)..(....).....((.....))...((((......)))).
4840;6;0;-3,972;0;0,00;11;18,00;0,000013;.......(.....((((....))))....)..........((.....))...((((......)))).
4842;6;0;-3,969;0;0,00;12;20,00;0,000013;..........(..((((....)))).)...(....)....((.....))...((((......)))).
4868;6;0;-3,966;0;0,00;12;20,00;0,000013;..........(..((((....))))...)...........(((...)))...((((......)))).
4874;6;0;-3,967;0;0,00;8;24,00;0,000013;..((...)).....((......))............................((((......)))).
4883;6;0;-3,964;0;0,00;12;20,00;0,000013;..........(..((((....)))).).............((.....))...((((.(...))))).
4884;6;0;-3,964;0;0,00;12;23,00;0,000013;..........(..((((....)))).).............((.....))...(((.((...))))).
4896;6;0;-3,961;0;0,00;12;25,00;0,000013;..(((........((((....))))........)))....((.....))...(((........))).
4897;6;0;-3,961;0;0,00;7;16,00;0,000013;........................................(((...)))...((((......)))).
4902;6;0;-3,962;0;0,00;9;24,00;0,000013;..(.....).....(((....)))..........(.....)...........((((......)))).
4907;6;0;-3,962;0;0,00;13;22,00;0,000013;..........((.((.....))))....((.....))...(((...)))...((((......)))).
4909;6;0;-3,963;0;0,00;8;18,00;0,000013;...((..............))...................((.....))...((((......)))).
4910;6;0;-3,963;0;0,00;11;21,00;0,000013;...(...)......(((....)))................(((...)))...((((......)))).
4933;6;0;-3,958;0;0,00;11;20,00;0,000013;......(.....).(((....)))................(((...)))...((((......)))).
4935;6;0;-3,958;0;0,00;10;20,00;0,000013;..........(..((((....)))).).............(.......)...((((......)))).
4946;6;0;-3,956;0;0,00;9;24,00;0,000013;..(.....).....(((....)))..(.........)...............((((......)))).
4959;6;0;-3,954;0;0,00;10;20,00;0,000013;...(((............))).....(.........)...((.....))...((((......)))).
4982;6;0;-3,950;0;0,00;14;24,00;0,000013;..(((....(...((((....))))...)....)))....((.....))...((((......)))).
5011;6;0;-3,947;0;0,00;11;20,00;0,000013;.....(....)...(((....)))..(.........)...((.....))...((((......)))).
5013;6;0;-3,944;0;0,00;11;20,00;0,000013;..((...))....(((......)))...............((.....))...((((......)))).
5026;6;0;-3,942;0;0,00;12;24,00;0,000013;.......(((..........)))...((.......))...(((...)))...((((......)))).
5028;6;0;-3,942;0;0,00;10;27,00;0,000013;...(...)......(((....)))............((....))........((((......)))).
5032;6;0;-3,943;0;0,00;10;21,00;0,000013;..............(((....)))....((.....))...((.....))...(((........))).
5041;6;0;-3,941;0;0,00;6;22,00;0,000013;....................................((....))........((((......)))).
5045;6;0;-3,941;0;0,00;12;20,00;0,000013;.............(((......)))...((.....))...(((...)))...((((......)))).
5064;6;0;-3,937;0;0,00;10;19,00;0,000013;..........(..((.....)).)................(((...)))...((((......)))).
5066;6;0;-3,937;0;0,00;11;20,00;0,000013;..............(((....))).....(....).....(((...)))...((((......)))).
5070;6;0;-3,937;0;0,00;10;26,00;0,000013;......(.....).(((....)))............((....))........((((......)))).
5080;6;0;-3,932;0;0,00;11;21,00;0,000012;..............(((....)))......(....)....(((...)))...((((......)))).
5086;6;0;-3,933;0;0,00;11;19,00;0,000012;..........((..(.....).))..((.......))...((.....))...((((......)))).
5108;6;0;-3,928;0;0,00;12;21,00;0,000012;..((.........((((....)))).........))....((.....))...((((......)))).
5121;6;0;-3,927;0;0,00;11;21,00;0,000012;..............(((....)))................(((...)))...((((.(...))))).
5122;6;0;-3,927;0;0,00;11;24,00;0,000012;..............(((....)))................(((...)))...(((.((...))))).
5123;6;0;-3,927;0;0,00;11;20,00;0,000012;..(.....).....((......))....((.....))...((.....))...((((......)))).
5130;6;0;-3,928;0;0,00;11;20,00;0,000012;.......(....).(((....)))................(((...)))...((((......)))).
5156;6;0;-3,922;0;0,00;9;28,00;0,000012;....................(((...........)))......((.....))((((......)))).
5205;6;0;-3,910;0;0,00;8;19,00;0,000012;..............(((....)))................((.....))....(((......)))..
5207;6;0;-3,911;0;0,00;11;18,00;0,000012;......(.....)((((....))))...............((.....))...((((......)))).
5217;6;0;-3,908;0;0,00;10;25,00;0,000012;.....(....)...(((....)))..((.......))...............((((......)))).
5226;6;0;-3,907;0;0,00;10;26,00;0,000012;.......(....).(((....)))............((....))........((((......)))).
5231;6;0;-3,908;0;0,00;11;26,00;0,000012;...((.....))..(((....))).........((.....))..........((((......)))).
5241;6;0;-3,906;0;0,00;10;27,00;0,000012;..............(((....)))............((....))........((((.(...))))).
5242;6;0;-3,906;0;0,00;10;30,00;0,000012;..............(((....)))............((....))........(((.((...))))).
5250;6;0;-3,904;0;0,00;10;18,00;0,000012;...(.......)..(((....)))................((.....))...((((......)))).
5315;6;0;-3,891;0;0,00;10;26,00;0,000012;..((...)).....(((....)))..........(.....)...........((((......)))).
5348;6;0;-3,888;0;0,00;15;21,00;0,000012;.....(..((.((.(((....)))....))..))..)...(((...)))...((((......)))).
5354;6;0;-3,885;0;0,00;10;26,00;0,000011;..((...)).....(((....)))..(.........)...............((((......)))).
5361;6;0;-3,886;0;0,00;10;23,00;0,000011;..........(..(((......))).)......((.....))..........((((......)))).
5386;6;0;-3,882;0;0,00;9;17,00;0,000011;..........((..........))....(.......)...((.....))...((((......)))).
5404;6;0;-3,880;0;0,00;11;18,00;0,000011;.......(....)((((....))))...............((.....))...((((......)))).
5425;6;0;-3,875;0;0,00;11;19,00;0,000011;.........(...((((....)))).......).......((.....))...((((......)))).
5435;6;0;-3,873;0;0,00;13;23,00;0,000011;...((.....))..(((....)))....(.......)...(((...)))...((((......)))).
5441;6;0;-3,874;0;0,00;11;23,00;0,000011;..............(((....)))..((.......))...(((...)))...(((........))).
5465;6;0;-3,870;0;0,00;10;28,00;0,000011;..(((.........)))...(((...........)))...............((((......)))).
5491;6;0;-3,864;0;0,00;13;23,00;0,000011;..(((.....(..(((......))).)......)))....((.....))...((((......)))).
5528;6;0;-3,861;0;0,00;13;22,00;0,000011;..............(((....)))..((.(....)))...(((...)))...((((......)))).
5541;6;0;-3,858;0;0,00;12;22,00;0,000011;..(.....).....((......))..((.......))...(((...)))...((((......)))).
5549;6;0;-3,856;0;0,00;12;22,00;0,000011;..((...)).....((......))....((.....))...((.....))...((((......)))).
5550;6;0;-3,856;0;0,00;11;19,00;0,000011;..(.....).(..(((......))).).............((.....))...((((......)))).
5551;6;0;-3,856;0;0,00;7;21,00;0,000011;..............((......))..........(.....)...........((((......)))).
5557;6;0;-3,857;0;0,00;11;23,00;0,000011;......(.....).......(((...........)))...(((...)))...((((......)))).
5574;6;0;-3,855;0;0,00;12;23,00;0,000011;..(.....).....(((....)))........(...)...(((...)))...((((......)))).
5594;6;0;-3,850;0;0,00;7;21,00;0,000011;..............((......))..(.........)...............((((......)))).
5604;6;0;-3,849;0;0,00;11;19,00;0,000011;..........((.((.....))))..(.........)...((.....))...((((......)))).
61;7;0;-6,897;1;0,00;12;13,00;0,001848;...........((((((....))))...))..........((.....))...((((......)))).
65;7;0;-6,883;0;0,00;12;11,00;0,001806;...........((((((....)))...)))..........((.....))...((((......)))).
72;7;0;-6,846;0;0,00;10;22,00;0,001695;..............(((....)))...(((.........)))..........((((......)))).
96;7;0;-6,658;0;0,00;13;15,00;0,001235;...........((((((....))))...))..........(((...)))...((((......)))).
99;7;0;-6,644;0;0,00;13;13,00;0,001207;...........((((((....)))...)))..........(((...)))...((((......)))).
100;7;0;-6,637;0;0,00;12;21,00;0,001192;...........((((((....))))...))......((....))........((((......)))).
105;7;0;-6,624;0;0,00;12;19,00;0,001166;...........((((((....)))...)))......((....))........((((......)))).
106;7;0;-6,614;0;0,00;9;22,00;0,001146;..............(((....)))....((.........))...........((((......)))).
163;7;0;-6,335;0;0,00;10;17,00;0,000716;...........((((((....))))...))......................((((......)))).
165;7;0;-6,321;0;0,00;10;15,00;0,000700;...........((((((....)))...)))......................((((......)))).
180;7;0;-6,261;0;0,00;11;22,00;0,000632;.............((((....))))..(((.........)))..........((((......)))).
251;7;0;-6,059;0;0,00;13;15,00;0,000449;..(.....)..((((((....))))...))..........((.....))...((((......)))).
258;7;0;-6,045;0;0,00;13;13,00;0,000439;..(.....)..((((((....)))...)))..........((.....))...((((......)))).
263;7;0;-6,029;0;0,00;10;22,00;0,000427;.............((((....))))...((.........))...........((((......)))).
269;7;0;-6,008;0;0,00;11;24,00;0,000412;..(.....).....(((....)))...(((.........)))..........((((......)))).
282;7;0;-5,988;0;0,00;14;17,00;0,000398;..((...))..((((((....))))...))..........((.....))...((((......)))).
288;7;0;-5,974;0;0,00;14;15,00;0,000389;..((...))..((((((....)))...)))..........((.....))...((((......)))).
302;7;0;-5,947;0;0,00;12;17,00;0,000372;...........((((((....))...))))......((....))........((((......)))).
309;7;0;-5,937;0;0,00;12;26,00;0,000365;..((...)).....(((....)))...(((.........)))..........((((......)))).
315;7;0;-5,929;0;0,00;11;25,00;0,000361;.......(((.(......).)))....(((.........)))..........((((......)))).
318;7;0;-5,921;0;0,00;12;25,00;0,000356;.......(((.((....)).)))....(((.........)))..........((((......)))).
326;7;0;-5,902;0;0,00;9;21,00;0,000344;..............((......))...(((.........)))..........((((......)))).
355;7;0;-5,855;0;0,00;13;13,00;0,000318;.........(.((((((....)))...)))..).......((.....))...((((......)))).
370;7;0;-5,807;0;0,00;14;15,00;0,000293;..(.....)..((((((....)))...)))..........(((...)))...((((......)))).
374;7;0;-5,799;0;0,00;13;23,00;0,000290;..(.....)..((((((....))))...))......((....))........((((......)))).
382;7;0;-5,786;0;0,00;13;21,00;0,000283;..(.....)..((((((....)))...)))......((....))........((((......)))).
385;7;0;-5,776;0;0,00;10;24,00;0,000279;..(.....).....(((....)))....((.........))...........((((......)))).
388;7;0;-5,769;0;0,00;11;13,00;0,000276;...........((.(((....)))....))..........((.....))...((((......)))).
405;7;0;-5,735;0;0,00;15;17,00;0,000260;..((...))..((((((....)))...)))..........(((...)))...((((......)))).
426;7;0;-5,721;0;0,00;12;25,00;0,000254;...((.....))..(((....)))...(((.........)))..........((((......)))).
432;7;0;-5,715;0;0,00;14;23,00;0,000251;..((...))..((((((....)))...)))......((....))........((((......)))).
438;7;0;-5,705;0;0,00;11;26,00;0,000247;..((...)).....(((....)))....((.........))...........((((......)))).
443;7;0;-5,697;0;0,00;10;25,00;0,000244;.......(((.(......).))).....((.........))...........((((......)))).
450;7;0;-5,689;0;0,00;11;25,00;0,000240;.......(((.((....)).))).....((.........))...........((((......)))).
457;7;0;-5,680;0;0,00;11;18,00;0,000237;...........(((((......))...)))......((....))........((((......)))).
458;7;0;-5,669;0;0,00;8;21,00;0,000233;..............((......))....((.........))...........((((......)))).
462;7;0;-5,661;0;0,00;11;23,00;0,000230;..........((((.....)).))...(((.........)))..........((((......)))).
474;7;0;-5,645;0;0,00;10;13,00;0,000223;...........((((((....))...))))......................((((......)))).
475;7;0;-5,648;0;0,00;11;24,00;0,000224;..............(((....)))...(((..(...)..)))..........((((......)))).
496;7;0;-5,618;0;0,00;9;22,00;0,000214;..........(..((((....)))).).........................((((......)))).
498;7;0;-5,616;0;0,00;14;15,00;0,000213;.........(.((((((....)))...)))..).......(((...)))...((((......)))).
504;7;0;-5,609;0;0,00;13;23,00;0,000210;.........(.((((((....))))...))..)...((....))........((((......)))).
512;7;0;-5,595;0;0,00;13;21,00;0,000205;.........(.((((((....)))...)))..)...((....))........((((......)))).
538;7;0;-5,547;0;0,00;12;19,00;0,000189;...........((((((....))))...))...((.....))..........((((......)))).
550;7;0;-5,533;0;0,00;12;17,00;0,000185;...........((((((....)))...)))...((.....))..........((((......)))).
558;7;0;-5,531;0;0,00;12;15,00;0,000184;...........((.(((....)))....))..........(((...)))...((((......)))).
568;7;0;-5,510;0;0,00;11;21,00;0,000178;...........((.(((....)))....))......((....))........((((......)))).
577;7;0;-5,497;0;0,00;11;19,00;0,000174;..(.....)..((((((....))))...))......................((((......)))).
588;7;0;-5,489;0;0,00;11;25,00;0,000172;...((.....))..(((....)))....((.........))...........((((......)))).
590;7;0;-5,492;0;0,00;9;21,00;0,000172;..........((..........))...(((.........)))..........((((......)))).
594;7;0;-5,483;0;0,00;11;17,00;0,000170;..(.....)..((((((....)))...)))......................((((......)))).
627;7;0;-5,447;0;0,00;13;15,00;0,000160;...........((((((....))))...))..(...)...((.....))...((((......)))).
638;7;0;-5,435;0;0,00;13;25,00;0,000157;...((.....)).((((....))))..(((.........)))..........((((......)))).
639;7;0;-5,437;0;0,00;11;24,00;0,000157;.....(....)...(((....)))...(((.........)))..........((((......)))).
640;7;0;-5,433;0;0,00;13;13,00;0,000156;...........((((((....)))...)))..(...)...((.....))...((((......)))).
644;7;0;-5,429;0;0,00;10;23,00;0,000155;..........((((.....)).))....((.........))...........((((......)))).
646;7;0;-5,423;0;0,00;12;24,00;0,000154;..(.....)....((((....))))..(((.........)))..........((((......)))).
651;7;0;-5,426;0;0,00;12;21,00;0,000154;..((...))..((((((....))))...))......................((((......)))).
656;7;0;-5,416;0;0,00;10;24,00;0,000152;..............(((....)))....((..(...)..))...........((((......)))).
660;7;0;-5,412;0;0,00;12;19,00;0,000151;..((...))..((((((....)))...)))......................((((......)))).
674;7;0;-5,395;0;0,00;11;23,00;0,000147;..........(..((((....)))).).((.........))...........((((......)))).
688;7;0;-5,389;0;0,00;12;26,00;0,000145;..............(((....)))...(((.........))).((.....))((((......)))).
691;7;0;-5,391;0;0,00;9;16,00;0,000145;...........(((((......)))...))......................((((......)))).
697;7;0;-5,377;0;0,00;9;14,00;0,000142;...........(((((......))...)))......................((((......)))).
710;7;0;-5,352;0;0,00;13;26,00;0,000136;..((...))....((((....))))..(((.........)))..........((((......)))).
729;7;0;-5,338;0;0,00;11;23,00;0,000133;..........((.((.....))))...(((.........)))..........((((......)))).
746;7;0;-5,323;0;0,00;11;26,00;0,000130;..............(((....)))....((.........))..((.....))((((......)))).
750;7;0;-5,317;0;0,00;10;21,00;0,000128;.............(((......)))..(((.........)))..........((((......)))).
762;7;0;-5,315;0;0,00;11;18,00;0,000128;...........((((((....))))...))....(.....)...........((((......)))).
768;7;0;-5,306;0;0,00;11;19,00;0,000126;.........(.((((((....))))...))..)...................((((......)))).
773;7;1;-5,301;0;0,00;11;16,00;0,000125;...........((((((....)))...)))....(.....)...........((((......)))).
790;7;0;-5,293;0;0,00;11;17,00;0,000123;.........(.((((((....)))...)))..)...................((((......)))).
819;7;0;-5,260;0;0,00;8;21,00;0,000117;..........((..........))....((.........))...........((((......)))).
833;7;0;-5,247;0;0,00;12;23,00;0,000114;..........(..((((....)))).)(((.........)))..........((((......)))).
845;7;0;-5,241;0;0,00;15;17,00;0,000113;.....(..((.((((((....)))...)))..))..)...((.....))...((((......)))).
849;7;0;-5,235;0;0,00;8;21,00;0,000112;.............((((....))))...........................((((......)))).
883;7;0;-5,207;0;0,00;9;17,00;0,000107;...........((.(((....)))....))......................((((......)))).
884;7;0;-5,208;0;0,00;14;17,00;0,000107;...........((((((....))))...))..(...)...(((...)))...((((......)))).
889;7;0;-5,203;0;0,00;12;25,00;0,000106;...((.....)).((((....))))...((.........))...........((((......)))).
893;7;0;-5,205;0;0,00;10;24,00;0,000106;.....(....)...(((....)))....((.........))...........((((......)))).
898;7;0;-5,199;0;0,00;12;21,00;0,000105;...........((((((....))))...)).......((.....))......((((......)))).
906;7;0;-5,197;0;0,00;9;11,00;0,000105;...........((((.(.....)...))))......................((((......)))).
908;7;0;-5,199;0;0,00;15;17,00;0,000105;......(.((.((((((....)))...)))..))..)...((.....))...((((......)))).
910;7;0;-5,194;0;0,00;14;15,00;0,000104;...........((((((....)))...)))..(...)...(((...)))...((((......)))).
916;7;0;-5,191;0;0,00;11;24,00;0,000104;..(.....)....((((....))))...((.........))...........((((......)))).
918;7;0;-5,186;0;0,00;12;19,00;0,000103;...........((((((....)))...))).......((.....))......((((......)))).
953;7;0;-5,166;0;0,00;11;27,00;0,000099;..(((........((((....))))........)))................((((......)))).
955;7;0;-5,161;0;0,00;14;15,00;0,000099;........((.((((((....)))...)))..))......((.....))...((((......)))).
971;7;0;-5,150;0;0,00;13;28,00;0,000097;..............(((....)))...(((.........))).(((...)))((((......)))).
977;7;0;-5,147;0;0,00;10;25,00;0,000096;.......(((..........)))....(((.........)))..........((((......)))).
978;7;0;-5,147;0;0,00;9;23,00;0,000096;..............(((....)))....((.....))...............((((......)))).
993;7;0;-5,131;0;0,00;11;15,00;0,000094;...........((((((....))))...))..........((.....))...(((........))).
1013;7;0;-5,120;0;0,00;12;26,00;0,000092;..((...))....((((....))))...((.........))...........((((......)))).
1019;7;0;-5,117;0;0,00;11;13,00;0,000092;...........((((((....)))...)))..........((.....))...(((........))).
1021;7;0;-5,110;0;0,00;13;35,00;0,000091;...........(.((((((.(((....(((.........)))...........))).)).)))).).
1026;7;0;-5,106;0;0,00;10;23,00;0,000090;..........((.((.....))))....((.........))...........((((......)))).
1030;7;0;-5,109;0;0,00;13;19,00;0,000090;..(.....)..((((((....))...))))......((....))........((((......)))).
1065;7;0;-5,084;0;0,00;9;21,00;0,000087;.............(((......)))...((.........))...........((((......)))).
1066;7;0;-5,084;0;0,00;12;28,00;0,000087;..............(((....)))....((.........))..(((...)))((((......)))).
1073;7;0;-5,079;0;0,00;9;24,00;0,000086;..............(((....)))...(((.........)))..........(((........))).
1098;7;0;-5,063;0;0,00;12;24,00;0,000084;.............((((....))))..(((..(...)..)))..........((((......)))).
1099;7;0;-5,064;0;0,00;10;23,00;0,000084;..(.....).....((......))...(((.........)))..........((((......)))).
1131;7;0;-5,044;0;0,00;12;21,00;0,000081;...........((((((....))))...)).............((.....))((((......)))).
1155;7;0;-5,031;0;0,00;12;19,00;0,000079;...........((((((....)))...))).............((.....))((((......)))).
1193;7;0;-5,002;0;0,00;16;19,00;0,000075;.....(..((.((((((....)))...)))..))..)...(((...)))...((((......)))).
1206;7;0;-4,992;0;0,00;11;25,00;0,000074;..((...)).....((......))...(((.........)))..........((((......)))).
1266;7;0;-4,960;0;0,00;16;19,00;0,000070;......(.((.((((((....)))...)))..))..)...(((...)))...((((......)))).
1289;7;0;-4,942;0;0,00;11;19,00;0,000068;...........((((((....))))...))......(......)........((((......)))).
1314;7;0;-4,932;0;0,00;12;15,00;0,000067;..(.....)..((.(((....)))....))..........((.....))...((((......)))).
1327;7;0;-4,929;0;0,00;11;17,00;0,000067;...........((((((....)))...)))......(......)........((((......)))).
1328;7;0;-4,922;0;0,00;15;17,00;0,000066;........((.((((((....)))...)))..))......(((...)))...((((......)))).
1338;7;0;-4,919;0;0,00;13;19,00;0,000066;.........(.((((((....))...))))..)...((....))........((((......)))).
1344;7;0;-4,915;0;0,00;9;25,00;0,000065;.......(((..........))).....((.........))...........((((......)))).
1345;7;0;-4,915;0;0,00;14;25,00;0,000065;........((.((((((....))))...))..))..((....))........((((......)))).
1370;7;0;-4,903;0;0,00;8;24,00;0,000064;.......(((.(......).))).............................((((......)))).
1377;7;0;-4,899;0;0,00;10;22,00;0,000063;..........((..(.....).))...(((.........)))..........((((......)))).
1383;7;0;-4,901;0;0,00;14;23,00;0,000064;........((.((((((....)))...)))..))..((....))........((((......)))).
1406;7;0;-4,885;0;0,00;11;19,00;0,000062;...........((((((....))))...))..(...)...............((((......)))).
1424;7;0;-4,878;0;0,00;12;15,00;0,000061;...........((((((....)))...)))..........(((...)))...(((........))).
1428;7;0;-4,871;0;0,00;11;17,00;0,000061;...........((((((....)))...)))..(...)...............((((......)))).
1433;7;0;-4,873;0;0,00;11;18,00;0,000061;...........((((((....))))...))......(...........)...((((......)))).
1436;7;0;-4,868;0;0,00;9;22,00;0,000060;.........(...((((....)))).).........................((((......)))).
1444;7;0;-4,871;0;0,00;11;23,00;0,000060;...........((((((....))))...))......((....))........(((........))).
1451;7;0;-4,860;0;0,00;11;16,00;0,000059;...........((((((....)))...)))......(...........)...((((......)))).
1452;7;0;-4,860;0;0,00;13;17,00;0,000059;..((...))..((.(((....)))....))..........((.....))...((((......)))).
1462;7;0;-4,857;0;0,00;12;15,00;0,000059;...........((((((....))...))))...((.....))..........((((......)))).
1463;7;0;-4,857;0;0,00;11;21,00;0,000059;...........((((((....)))...)))......((....))........(((........))).
1467;7;0;-4,852;0;0,00;12;24,00;0,000059;.....(....)..((((....))))..(((.........)))..........((((......)))).
1489;7;0;-4,847;0;0,00;8;24,00;0,000058;..............(((....)))....((.........))...........(((........))).
1492;7;0;-4,842;0;0,00;12;20,00;0,000058;..(.....)..(((((......))...)))......((....))........((((......)))).
1525;7;0;-4,831;0;0,00;11;24,00;0,000057;.............((((....))))...((..(...)..))...........((((......)))).
1527;7;0;-4,832;0;0,00;9;23,00;0,000057;..(.....).....((......))....((.........))...........((((......)))).
1558;7;0;-4,813;0;0,00;16;19,00;0,000055;..((....((.((((((....)))...)))..))))....((.....))...((((......)))).
1560;7;0;-4,814;0;0,00;15;19,00;0,000055;..(((......((((((....))))...))...)))....((.....))...((((......)))).
1566;7;0;-4,809;0;0,00;16;21,00;0,000054;..(((...(..((((((....))))...)).).)))....((.....))...((((......)))).
1568;7;0;-4,810;0;0,00;12;26,00;0,000055;..(.....).....(((....)))...(((..(...)..)))..........((((......)))).
1579;7;0;-4,807;0;0,00;11;15,00;0,000054;..(.....)..((((((....))...))))......................((((......)))).
1586;7;0;-4,804;0;0,00;13;26,00;0,000054;.............((((....))))..(((.........))).((.....))((((......)))).
1600;7;0;-4,800;0;0,00;16;19,00;0,000054;..(((....(.((((((....)))...)))..))))....((.....))...((((......)))).
1601;7;0;-4,800;0;0,00;15;17,00;0,000054;..(((......((((((....)))...)))...)))....((.....))...((((......)))).
1610;7;0;-4,796;0;0,00;16;19,00;0,000053;..(((...(..((((((....)))...))).).)))....((.....))...((((......)))).
1623;7;0;-4,792;0;0,00;13;21,00;0,000053;...........((((((....)))...))).............(((...)))((((......)))).
1659;7;0;-4,777;0;0,00;11;24,00;0,000052;...((.....))..((......))...(((.........)))..........((((......)))).
1673;7;0;-4,765;0;0,00;12;20,00;0,000051;...........((((((....))))...)).....((...........))..((((......)))).
1679;7;0;-4,760;0;0,00;10;25,00;0,000050;..((...)).....((......))....((.........))...........((((......)))).
1697;7;0;-4,751;0;0,00;12;18,00;0,000049;...........((((((....)))...))).....((...........))..((((......)))).
1716;7;0;-4,739;0;0,00;13;28,00;0,000048;..((...)).....(((....)))...(((..(...)..)))..........((((......)))).
1725;7;0;-4,741;0;0,00;12;15,00;0,000049;.........(.((.(((....)))....))..).......((.....))...((((......)))).
1731;7;0;-4,736;0;0,00;12;17,00;0,000048;..((...))..((((((....))...))))......................((((......)))).
1742;7;0;-4,738;0;0,00;12;26,00;0,000048;.............((((....))))...((.........))..((.....))((((......)))).
1743;7;0;-4,731;0;0,00;12;27,00;0,000048;.......(((.(......).)))....(((..(...)..)))..........((((......)))).
1773;7;0;-4,722;0;0,00;10;22,00;0,000047;...........((((((....))))..............))...........((((......)))).
1778;7;0;-4,716;0;0,00;13;15,00;0,000047;...(...)...((((((....))))...))..........((.....))...((((......)))).
1803;7;0;-4,709;0;0,00;10;23,00;0,000046;...........((((((....)))..............)))...........((((......)))).
1806;7;0;-4,709;0;0,00;13;21,00;0,000046;..(.....)..((((((....))))...))...((.....))..........((((......)))).
1807;7;0;-4,704;0;0,00;10;23,00;0,000046;..............((......))...(((..(...)..)))..........((((......)))).
1819;7;0;-4,701;0;0,00;9;12,00;0,000045;...........(((((......)...))))......................((((......)))).
1826;7;0;-4,703;0;0,00;13;13,00;0,000046;...(...)...((((((....)))...)))..........((.....))...((((......)))).
1828;7;0;-4,695;0;0,00;13;19,00;0,000045;..(.....)..((((((....)))...)))...((.....))..........((((......)))).
1829;7;0;-4,696;0;0,00;9;24,00;0,000045;...((.....))..(((....)))............................((((......)))).
1837;7;0;-4,692;0;0,00;13;23,00;0,000045;.....(..((.((((((....))))...))..))..)...............((((......)))).
1839;7;0;-4,693;0;0,00;13;17,00;0,000045;..(.....)..((.(((....)))....))..........(((...)))...((((......)))).
1865;7;0;-4,680;0;0,00;13;15,00;0,000044;...........((((((....))))...))..........((.....))...((((.(...))))).
1866;7;0;-4,680;0;0,00;13;18,00;0,000044;...........((((((....))))...))..........((.....))...(((.((...))))).
1877;7;0;-4,677;0;0,00;9;21,00;0,000044;............(((((....))).)).........................((((......)))).
1878;7;0;-4,677;0;0,00;9;21,00;0,000044;............(((((....)))).).........................((((......)))).
1886;7;0;-4,679;0;0,00;13;21,00;0,000044;.....(..((.((((((....)))...)))..))..)...............((((......)))).
1889;7;0;-4,672;0;0,00;12;23,00;0,000043;..(.....)..((.(((....)))....))......((....))........((((......)))).
1896;7;0;-4,675;0;0,00;11;15,00;0,000043;...........((((((....))))...))..........(.......)...((((......)))).
1910;7;0;-4,665;0;0,00;11;24,00;0,000043;...(...)......(((....)))...(((.........)))..........((((......)))).
1917;7;0;-4,667;0;0,00;13;13,00;0,000043;...........((((((....)))...)))..........((.....))...((((.(...))))).
1918;7;0;-4,667;0;0,00;13;16,00;0,000043;...........((((((....)))...)))..........((.....))...(((.((...))))).
1919;7;0;-4,667;0;0,00;9;22,00;0,000043;..........((..(.....).))....((.........))...........((((......)))).
1921;7;0;-4,661;0;0,00;11;23,00;0,000042;......(.....).(((....)))...(((.........)))..........((((......)))).
1923;7;0;-4,661;0;0,00;11;13,00;0,000042;...........((((((....)))...)))..........(.......)...((((......)))).
1958;7;0;-4,650;0;0,00;13;23,00;0,000042;......(.((.((((((....))))...))..))..)...............((((......)))).
1961;7;0;-4,651;0;0,00;12;20,00;0,000042;.........(.(((((......))...)))..)...((....))........((((......)))).
1966;7;0;-4,645;0;0,00;11;23,00;0,000041;.........(...((((....)))).).((.........))...........((((......)))).
1983;7;0;-4,638;0;0,00;14;23,00;0,000041;..((...))..((((((....))))...))...((.....))..........((((......)))).
1987;7;0;-4,639;0;0,00;10;22,00;0,000041;..........(..((.....)).)...(((.........)))..........((((......)))).
1995;7;0;-4,636;0;0,00;8;22,00;0,000041;..........((((.....)).))............................((((......)))).
1999;7;0;-4,637;0;0,00;13;21,00;0,000041;......(.((.((((((....)))...)))..))..)...............((((......)))).
2002;7;0;-4,629;0;0,00;11;24,00;0,000040;..............(((....)))...(((.........)))..........((((.(...))))).
2003;7;0;-4,629;0;0,00;11;27,00;0,000040;..............(((....)))...(((.........)))..........(((.((...))))).
2006;7;0;-4,630;0;0,00;11;23,00;0,000040;.......(....).(((....)))...(((.........)))..........((((......)))).
2024;7;0;-4,621;0;0,00;14;19,00;0,000040;..((...))..((.(((....)))....))..........(((...)))...((((......)))).
2031;7;0;-4,624;0;0,00;14;21,00;0,000040;..((...))..((((((....)))...)))...((.....))..........((((......)))).
2034;7;0;-4,625;0;0,00;11;14,00;0,000040;...........((((((....))...))))....(.....)...........((((......)))).
2041;7;0;-4,620;0;0,00;11;24,00;0,000040;.....(....)..((((....))))...((.........))...........((((......)))).
2049;7;0;-4,615;0;0,00;16;19,00;0,000039;....((..((.((((((....)))...)))..))..))..((.....))...((((......)))).
2054;7;0;-4,616;0;0,00;11;15,00;0,000039;.........(.((((((....))...))))..)...................((((......)))).
2069;7;0;-4,613;0;0,00;12;21,00;0,000039;........((.((((((....))))...))..))..................((((......)))).
2078;7;0;-4,609;0;0,00;14;17,00;0,000039;..(.....)..((((((....))))...))..(...)...((.....))...((((......)))).
2080;7;0;-4,603;0;0,00;11;18,00;0,000038;...........(((((......)))...))...((.....))..........((((......)))).
2082;7;0;-4,604;0;0,00;10;23,00;0,000039;...((........((((....)))))).........................((((......)))).
2086;7;0;-4,598;0;0,00;10;23,00;0,000038;.............((((....)))).((.......))...............((((......)))).
2087;7;0;-4,598;0;0,00;10;23,00;0,000038;..........(..((((....)))).).......(.....)...........((((......)))).
2089;7;0;-4,599;0;0,00;12;19,00;0,000038;........((.((((((....)))...)))..))..................((((......)))).
2094;7;0;-4,601;0;0,00;13;25,00;0,000038;..((...))..((.(((....)))....))......((....))........((((......)))).
2098;7;0;-4,595;0;0,00;14;15,00;0,000038;..(.....)..((((((....)))...)))..(...)...((.....))...((((......)))).
2138;7;0;-4,589;0;0,00;11;16,00;0,000038;...........(((((......))...)))...((.....))..........((((......)))).
2154;7;0;-4,575;0;0,00;17;21,00;0,000037;..((....((.((((((....)))...)))..))))....(((...)))...((((......)))).
2157;7;0;-4,575;0;0,00;16;21,00;0,000037;..(((......((((((....))))...))...)))....(((...)))...((((......)))).
2166;7;0;-4,578;0;0,00;11;26,00;0,000037;..(.....).....(((....)))....((..(...)..))...........((((......)))).
2178;7;0;-4,569;0;0,00;9;19,00;0,000036;...........((((((....))))...))......................(((........))).
2186;7;0;-4,565;0;0,00;14;28,00;0,000036;.............((((....))))..(((.........))).(((...)))((((......)))).
2189;7;0;-4,566;0;0,00;10;20,00;0,000036;...........((.((......))....))......((....))........((((......)))).
2198;7;0;-4,561;0;0,00;17;21,00;0,000036;..(((....(.((((((....)))...)))..))))....(((...)))...((((......)))).
2199;7;0;-4,561;0;0,00;16;19,00;0,000036;..(((......((((((....)))...)))...)))....(((...)))...((((......)))).
2200;7;0;-4,562;0;0,00;10;23,00;0,000036;.............((((....))))...((.....))...............((((......)))).
2208;7;0;-4,555;0;0,00;9;17,00;0,000035;...........((((((....)))...)))......................(((........))).
2211;7;0;-4,557;0;0,00;17;21,00;0,000036;..(((...(..((((((....)))...))).).)))....(((...)))...((((......)))).
2214;7;0;-4,558;0;0,00;11;11,00;0,000036;...........(((.((....))....)))..........((.....))...((((......)))).
2221;7;0;-4,551;0;0,00;13;28,00;0,000035;..(.....).....(((....)))...(((.........))).((.....))((((......)))).
2225;7;0;-4,553;0;0,00;10;18,00;0,000035;..(.....)..(((((......)))...))......................((((......)))).
2242;7;0;-4,550;0;0,00;11;24,00;0,000035;.....(...)....(((....)))...(((.........)))..........((((......)))).
2257;7;0;-4,545;0;0,00;10;24,00;0,000035;...((.....))..((......))....((.........))...........((((......)))).
2261;7;0;-4,539;0;0,00;10;16,00;0,000035;..(.....)..(((((......))...)))......................((((......)))).
2280;7;0;-4,537;0;0,00;15;19,00;0,000034;..((...))..((((((....))))...))..(...)...((.....))...((((......)))).
2305;7;0;-4,524;0;0,00;13;27,00;0,000034;...((.....))..(((....)))...(((..(...)..)))..........((((......)))).
2307;7;0;-4,524;0;0,00;15;17,00;0,000034;..((...))..((((((....)))...)))..(...)...((.....))...((((......)))).
2327;7;0;-4,523;0;0,00;17;40,00;0,000034;......((((.((((((....))))...))....(((..((..((.....))..)).)))..)))).
2360;7;0;-4,509;0;0,00;17;38,00;0,000033;......((((.((((((....)))...)))....(((..((..((.....))..)).)))..)))).
2362;7;0;-4,509;0;0,00;12;17,00;0,000033;...........((((((....))...)))).......((.....))......((((......)))).
2364;7;0;-4,510;0;0,00;9;21,00;0,000033;..............(((....)))...((...........))..........((((......)))).
2381;7;0;-4,507;0;0,00;12;28,00;0,000033;..((...)).....(((....)))....((..(...)..))...........((((......)))).
2393;7;0;-4,502;0;0,00;13;17,00;0,000032;.........(.((.(((....)))....))..).......(((...)))...((((......)))).
2395;7;0;-4,503;0;0,00;11;18,00;0,000033;...........((((((....))))...))..(.......)...........((((......)))).
2400;7;0;-4,496;0;0,00;12;23,00;0,000032;.........(...((((....)))).)(((.........)))..........((((......)))).
2411;7;0;-4,499;0;0,00;11;27,00;0,000032;.......(((.(......).))).....((..(...)..))...........((((......)))).
2415;7;0;-4,499;0;0,00;13;28,00;0,000032;.............((((....))))...((.........))..(((...)))((((......)))).
2421;7;0;-4,492;0;0,00;10;23,00;0,000032;.....(....)...((......))...(((.........)))..........((((......)))).
2426;7;0;-4,494;0;0,00;10;24,00;0,000032;.............((((....))))..(((.........)))..........(((........))).
2437;7;0;-4,490;0;0,00;11;16,00;0,000032;...........((((((....)))...)))..(.......)...........((((......)))).
2446;7;0;-4,491;0;0,00;12;24,00;0,000032;...((.....)).(((......)))..(((.........)))..........((((......)))).
2455;7;0;-4,485;0;0,00;12;28,00;0,000032;..(.....).....(((....)))....((.........))..((.....))((((......)))).
2462;7;0;-4,481;0;0,00;12;23,00;0,000031;.........(.((.(((....)))....))..)...((....))........((((......)))).
2465;7;0;-4,483;0;0,00;11;26,00;0,000031;..........(..((((....)))).)..........((.....))......((((......)))).
2473;7;0;-4,477;0;0,00;12;20,00;0,000031;..(.....)..((((((....))))...))....(.....)...........((((......)))).
2476;7;0;-4,477;0;0,00;14;17,00;0,000031;...(...)...((((((....))))...))..........(((...)))...((((......)))).
2483;7;0;-4,479;0;0,00;11;23,00;0,000031;..(.....)....(((......)))..(((.........)))..........((((......)))).
2486;7;0;-4,480;0;0,00;14;30,00;0,000031;..((...)).....(((....)))...(((.........))).((.....))((((......)))).
2517;7;0;-4,472;0;0,00;9;23,00;0,000031;..............((......))....((..(...)..))...........((((......)))).
2518;7;0;-4,472;0;0,00;13;29,00;0,000031;.......(((.(......).)))....(((.........))).((.....))((((......)))).
2525;7;0;-4,466;0;0,00;6;20,00;0,000031;..........((..........))............................((((......)))).
2528;7;0;-4,468;0;0,00;11;18,00;0,000031;..((...))..(((((......))...)))......................((((......)))).
2541;7;0;-4,463;0;0,00;11;24,00;0,000030;..............(((....)))...(((.........)))..(.....).((((......)))).
2543;7;0;-4,463;0;0,00;12;18,00;0,000030;..(.....)..((((((....)))...)))....(.....)...........((((......)))).
2544;7;0;-4,463;0;0,00;12;25,00;0,000030;..........((((.....)).))...(((..(...)..)))..........((((......)))).
2548;7;0;-4,464;0;0,00;14;15,00;0,000030;...(...)...((((((....)))...)))..........(((...)))...((((......)))).
2564;7;0;-4,454;0;0,00;11;22,00;0,000030;............(((((....))).)).((.........))...........((((......)))).
2565;7;0;-4,454;0;0,00;11;22,00;0,000030;............(((((....)))).).((.........))...........((((......)))).
2569;7;0;-4,455;0;0,00;15;39,00;0,000030;...........(.((((((.(((....(((.........))).((.....)).))).)).)))).).
2577;7;0;-4,457;0;0,00;13;23,00;0,000030;...(...)...((((((....))))...))......((....))........((((......)))).
2578;7;0;-4,449;0;0,00;12;24,00;0,000030;..............(((....)))((.(((.........)))..))......((((......)))).
2583;7;0;-4,451;0;0,00;10;22,00;0,000030;..........(..(((......))).).((.........))...........((((......)))).
2611;7;0;-4,442;0;0,00;14;17,00;0,000029;...........((((((....))))...))..........(((...)))...((((.(...))))).
2613;7;0;-4,443;0;0,00;13;21,00;0,000029;...(...)...((((((....)))...)))......((....))........((((......)))).
2619;7;0;-4,445;0;0,00;11;25,00;0,000029;..............((......))...(((.........))).((.....))((((......)))).
2657;7;0;-4,433;0;0,00;10;24,00;0,000029;...(...)......(((....)))....((.........))...........((((......)))).
2669;7;0;-4,428;0;0,00;14;15,00;0,000029;...........((((((....)))...)))..........(((...)))...((((.(...))))).
2670;7;0;-4,428;0;0,00;14;18,00;0,000029;...........((((((....)))...)))..........(((...)))...(((.((...))))).
2671;7;0;-4,428;0;0,00;10;23,00;0,000029;......(.....).(((....)))....((.........))...........((((......)))).
2686;7;0;-4,425;0;0,00;11;15,00;0,000029;...........((((((....))))...))..........((.....))....(((......)))..
2692;7;0;-4,419;0;0,00;11;19,00;0,000028;...........((.(((....)))....))...((.....))..........((((......)))).
2695;7;0;-4,421;0;0,00;13;23,00;0,000028;...........((((((....))))...))......((....))........((((.(...))))).
2696;7;0;-4,421;0;0,00;13;26,00;0,000028;...........((((((....))))...))......((....))........(((.((...))))).
2701;7;0;-4,414;0;0,00;13;30,00;0,000028;..((...)).....(((....)))....((.........))..((.....))((((......)))).
2725;7;0;-4,412;0;0,00;11;13,00;0,000028;...........((((((....)))...)))..........((.....))....(((......)))..
2740;7;0;-4,407;0;0,00;9;22,00;0,000028;..........(..((.....)).)....((.........))...........((((......)))).
2742;7;0;-4,407;0;0,00;13;21,00;0,000028;...........((((((....)))...)))......((....))........((((.(...))))).
2743;7;0;-4,407;0;0,00;13;24,00;0,000028;...........((((((....)))...)))......((....))........(((.((...))))).
2754;7;0;-4,410;0;0,00;10;24,00;0,000028;...((.....)).((((....))))...........................((((......)))).
2766;7;0;-4,406;0;0,00;13;22,00;0,000028;..((...))..((((((....))))...))....(.....)...........((((......)))).
2767;7;0;-4,406;0;0,00;12;29,00;0,000028;.......(((.(......).))).....((.........))..((.....))((((......)))).
2791;7;0;-4,397;0;0,00;9;23,00;0,000027;..(.....)....((((....))))...........................((((......)))).
2792;7;0;-4,397;0;0,00;10;24,00;0,000027;..............(((....)))....((.........))...........((((.(...))))).
2793;7;0;-4,397;0;0,00;10;27,00;0,000027;..............(((....)))....((.........))...........(((.((...))))).
2798;7;0;-4,398;0;0,00;10;23,00;0,000027;.......(....).(((....)))....((.........))...........((((......)))).
2805;7;0;-4,392;0;0,00;13;20,00;0,000027;..((...))..((((((....)))...)))....(.....)...........((((......)))).
2846;7;0;-4,379;0;0,00;10;25,00;0,000026;..............((......))....((.........))..((.....))((((......)))).
2851;7;0;-4,381;0;0,00;12;24,00;0,000026;...((........((((....)))))).((.........))...........((((......)))).
2858;7;0;-4,376;0;0,00;17;21,00;0,000026;....((..((.((((((....)))...)))..))..))..(((...)))...((((......)))).
2886;7;0;-4,374;0;0,00;9;24,00;0,000026;..............(((....)))...(((.........)))...........(((......)))..
2888;7;0;-4,374;0;0,00;12;23,00;0,000026;......(.....)((((....))))..(((.........)))..........((((......)))).
2890;7;0;-4,368;0;0,00;11;23,00;0,000026;...(.......)..(((....)))...(((.........)))..........((((......)))).
2897;7;0;-4,369;0;0,00;13;15,00;0,000026;.....(....)((((((....))))...))..........((.....))...((((......)))).
2898;7;0;-4,370;0;0,00;10;19,00;0,000026;..(.....)..((.(((....)))....))......................((((......)))).
2901;7;0;-4,370;0;0,00;10;17,00;0,000026;...........(((((......)))...))....(.....)...........((((......)))).
2917;7;0;-4,359;0;0,00;10;13,00;0,000026;..(.....)..((((.(.....)...))))......................((((......)))).
2927;7;0;-4,361;0;0,00;13;23,00;0,000026;..(.....)..((((((....))))...)).......((.....))......((((......)))).
2929;7;0;-4,362;0;0,00;10;18,00;0,000026;.........(.(((((......)))...))..)...................((((......)))).
2935;7;0;-4,356;0;0,00;13;13,00;0,000025;.....(....)((((((....)))...)))..........((.....))...((((......)))).
2940;7;0;-4,356;0;0,00;15;17,00;0,000025;..(.....)..((((((....)))...)))..(...)...(((...)))...((((......)))).
2941;7;0;-4,357;0;0,00;10;15,00;0,000025;...........(((((......))...)))....(.....)...........((((......)))).
2959;7;0;-4,354;0;0,00;12;17,00;0,000025;...........((((((....))...)))).............((.....))((((......)))).
2960;7;0;-4,355;0;0,00;12;19,00;0,000025;...........((((((....))))...)).((.......))..........((((......)))).
2964;7;0;-4,348;0;0,00;13;21,00;0,000025;..(.....)..((((((....)))...))).......((.....))......((((......)))).
2970;7;0;-4,349;0;0,00;10;16,00;0,000025;.........(.(((((......))...)))..)...................((((......)))).
2977;7;0;-4,344;0;0,00;12;23,00;0,000025;.......(....)((((....))))..(((.........)))..........((((......)))).
2995;7;0;-4,341;0;0,00;12;17,00;0,000025;...........((((((....)))...))).((.......))..........((((......)))).
3026;7;0;-4,329;0;0,00;11;19,00;0,000024;...........((((((....))))...)).......(....).........((((......)))).
3072;7;0;-4,317;0;0,00;10;24,00;0,000024;.....(...)....(((....)))....((.........))...........((((......)))).
3075;7;0;-4,319;0;0,00;12;13,00;0,000024;...........(((.((....))....)))..........(((...)))...((((......)))).
3097;7;0;-4,315;0;0,00;11;17,00;0,000024;...........((((((....)))...))).......(....).........((((......)))).
3106;7;0;-4,309;0;0,00;10;25,00;0,000023;..(.....).....(((....)))....((.....))...............((((......)))).
3121;7;0;-4,312;0;0,00;14;30,00;0,000024;..(.....).....(((....)))...(((.........))).(((...)))((((......)))).
3122;7;0;-4,312;0;0,00;8;22,00;0,000024;..........((.((.....))))............................((((......)))).
3123;7;0;-4,305;0;0,00;12;22,00;0,000023;............(((((....)))).)(((.........)))..........((((......)))).
3124;7;0;-4,305;0;0,00;12;22,00;0,000023;............(((((....))).))(((.........)))..........((((......)))).
3143;7;0;-4,302;0;0,00;9;11,00;0,000023;...........((((.(....)....))))......................((((......)))).
3145;7;0;-4,303;0;0,00;11;22,00;0,000023;..........(..(((......))).)(((.........)))..........((((......)))).
3152;7;0;-4,298;0;0,00;11;19,00;0,000023;...........(((.((....))....)))......((....))........((((......)))).
3154;7;0;-4,298;0;0,00;11;21,00;0,000023;..((...))..((.(((....)))....))......................((((......)))).
3164;7;0;-4,294;0;0,00;10;23,00;0,000023;..........((..........))...(((..(...)..)))..........((((......)))).
3192;7;0;-4,291;0;0,00;7;20,00;0,000023;.............(((......)))...........................((((......)))).
3198;7;0;-4,292;0;0,00;12;27,00;0,000023;...((.....))..(((....)))....((..(...)..))...........((((......)))).
3204;7;0;-4,293;0;0,00;12;17,00;0,000023;..(.....)..((((((....))))...))..........((.....))...(((........))).
3205;7;0;-4,285;0;0,00;16;19,00;0,000023;..((...))..((((((....)))...)))..(...)...(((...)))...((((......)))).
3247;7;0;-4,278;0;0,00;8;21,00;0,000022;..............(((....)))....(...........)...........((((......)))).
3252;7;0;-4,279;0;0,00;12;15,00;0,000022;..(.....)..((((((....)))...)))..........((.....))...(((........))).
3260;7;0;-4,281;0;0,00;12;25,00;0,000022;..(.....).((((.....)).))...(((.........)))..........((((......)))).
3277;7;0;-4,277;0;0,00;14;23,00;0,000022;..((...))..((((((....)))...))).......((.....))......((((......)))).
3282;7;0;-4,270;0;0,00;18;40,00;0,000022;......((((.((((((....)))...)))....(((..((..(((...)))..)).)))..)))).
3287;7;0;-4,272;0;0,00;14;37,00;0,000022;..(.....)..(.((((((.(((....(((.........)))...........))).)).)))).).
3304;7;0;-4,268;0;0,00;10;22,00;0,000022;..........((.(.....)..))...(((.........)))..........((((......)))).
3315;7;0;-4,262;0;0,00;9;24,00;0,000022;.............((((....))))...((.........))...........(((........))).
3322;7;0;-4,263;0;0,00;8;16,00;0,000022;...........((.((......))....))......................((((......)))).
3326;7;0;-4,265;0;0,00;14;29,00;0,000022;...((.....))..(((....)))...(((.........))).((.....))((((......)))).
3329;7;0;-4,265;0;0,00;14;25,00;0,000022;..((....((.((((((....))))...))..))))................((((......)))).
3336;7;0;-4,259;0;0,00;11;24,00;0,000022;...((.....)).(((......)))...((.........))...........((((......)))).
3340;7;0;-4,260;0;0,00;9;23,00;0,000022;.....(....)...((......))....((.........))...........((((......)))).
3351;7;0;-4,255;0;0,00;11;20,00;0,000021;...........(((((......)))...)).......((.....))......((((......)))).
3361;7;0;-4,251;0;0,00;10;26,00;0,000021;...(((...(.....)..))).......((.........))...........((((......)))).
3365;7;0;-4,251;0;0,00;14;23,00;0,000021;..((....((.((((((....)))...)))..))))................((((......)))).
3366;7;0;-4,251;0;0,00;14;25,00;0,000021;..(((....(.((((((....))))...))..))))................((((......)))).
3367;7;0;-4,252;0;0,00;13;23,00;0,000021;..(((......((((((....))))...))...)))................((((......)))).
3368;7;0;-4,252;0;0,00;12;24,00;0,000021;........((...((((....)))).))((.........))...........((((......)))).
3373;7;0;-4,252;0;0,00;11;15,00;0,000021;...........((((((....))...))))......(......)........((((......)))).
3389;7;0;-4,247;0;0,00;10;23,00;0,000021;..(.....)....(((......)))...((.........))...........((((......)))).
3390;7;0;-4,247;0;0,00;13;30,00;0,000021;..(.....).....(((....)))....((.........))..(((...)))((((......)))).
3393;7;0;-4,247;0;0,00;14;25,00;0,000021;..(((...(..((((((....))))...)).).)))................((((......)))).
3395;7;0;-4,247;0;0,00;14;17,00;0,000021;.......(.(.((((((....))))...))....).)...((.....))...((((......)))).
3420;7;0;-4,246;0;0,00;12;28,00;0,000021;..(((.....(..((((....)))).)......)))................((((......)))).
3428;7;0;-4,239;0;0,00;12;26,00;0,000021;.....(....)...(((....)))...(((..(...)..)))..........((((......)))).
3432;7;0;-4,241;0;0,00;15;32,00;0,000021;..((...)).....(((....)))...(((.........))).(((...)))((((......)))).
3434;7;0;-4,242;0;0,00;11;18,00;0,000021;...........(((((......))...))).......((.....))......((((......)))).
3435;7;0;-4,242;0;0,00;10;26,00;0,000021;..(.....).....(((....)))...(((.........)))..........(((........))).
3454;7;0;-4,238;0;0,00;14;27,00;0,000021;...((.....)).((((....))))..(((..(...)..)))..........((((......)))).
3456;7;0;-4,238;0;0,00;11;27,00;0,000021;..((...)).....(((....)))....((.....))...............((((......)))).
3457;7;0;-4,238;0;0,00;10;24,00;0,000021;..(.....).(..((((....)))).).........................((((......)))).
3458;7;0;-4,238;0;0,00;14;23,00;0,000021;..(((....(.((((((....)))...)))..))))................((((......)))).
3459;7;0;-4,238;0;0,00;13;21,00;0,000021;..(((......((((((....)))...)))...)))................((((......)))).
3462;7;0;-4,231;0;0,00;10;24,00;0,000021;..............(((....)))....((.........))...(.....).((((......)))).
3465;7;0;-4,231;0;0,00;11;25,00;0,000021;..........((((.....)).))....((..(...)..))...........((((......)))).
3469;7;0;-4,233;0;0,00;13;24,00;0,000021;...((........((((....))))))(((.........)))..........((((......)))).
3474;7;0;-4,234;0;0,00;14;23,00;0,000021;..(((...(..((((((....)))...))).).)))................((((......)))).
3476;7;0;-4,234;0;0,00;14;15,00;0,000021;.......(.(.((((((....)))...)))....).)...((.....))...((((......)))).
3504;7;0;-4,224;0;0,00;12;26,00;0,000020;..............(((....)))...(((.........)))..((...)).((((......)))).
3512;7;0;-4,225;0;0,00;14;21,00;0,000020;........((.((((((....))...))))..))..((....))........((((......)))).
3513;7;0;-4,225;0;0,00;13;26,00;0,000020;..(.....)....((((....))))..(((..(...)..)))..........((((......)))).
3535;7;0;-4,221;0;0,00;13;19,00;0,000020;..((...))..((((((....))))...))..........((.....))...(((........))).
3536;7;0;-4,221;0;0,00;10;26,00;0,000020;..(((........(((......)))........)))................((((......)))).
3541;7;0;-4,215;0;0,00;9;22,00;0,000020;.............((((....)))).........(.....)...........((((......)))).
3578;7;0;-4,208;0;0,00;13;17,00;0,000020;..((...))..((((((....)))...)))..........((.....))...(((........))).
3593;7;0;-4,204;0;0,00;13;27,00;0,000020;..........((((.....)).))...(((.........))).((.....))((((......)))).
3597;7;0;-4,206;0;0,00;12;27,00;0,000020;..............((......))...(((.........))).(((...)))((((......)))).
3604;7;0;-4,207;0;0,00;13;23,00;0,000020;..(.....)..((((((....))))...)).............((.....))((((......)))).
3616;7;0;-4,203;0;0,00;8;22,00;0,000020;..............((......))....((.....))...............((((......)))).
3625;7;0;-4,197;0;0,00;12;25,00;0,000019;..........(..((((....)))).).((..(...)..))...........((((......)))).
3629;7;0;-4,198;0;0,00;10;23,00;0,000019;.......(..(..((((....)))).)..)......................((((......)))).
3635;7;0;-4,199;0;0,00;13;29,00;0,000019;...((.....))..(((....)))....((.........))..((.....))((((......)))).
3648;7;0;-4,193;0;0,00;13;21,00;0,000019;..(.....)..((((((....)))...))).............((.....))((((......)))).
3649;7;0;-4,193;0;0,00;11;26,00;0,000019;...((.....))..(((....)))..((.......))...............((((......)))).
3658;7;0;-4,195;0;0,00;13;27,00;0,000019;...(((...)))..(((....)))...(((.........)))..........((((......)))).
3659;7;0;-4,195;0;0,00;11;15,00;0,000019;...........((((((....))...))))..(...)...............((((......)))).
3687;7;0;-4,186;0;0,00;12;17,00;0,000019;...........((((((....))))...))..........(((...)))....(((......)))..
3691;7;0;-4,187;0;0,00;10;18,00;0,000019;...........((.(((....)))....))....(.....)...........((((......)))).
3694;7;0;-4,180;0;0,00;13;23,00;0,000019;...........((((((....))))...))...(..((....)).)......((((......)))).
3696;7;0;-4,181;0;0,00;11;19,00;0,000019;...........((((((....))...))))......((....))........(((........))).
3710;7;0;-4,183;0;0,00;11;14,00;0,000019;...........((((((....))...))))......(...........)...((((......)))).
3718;7;0;-4,177;0;0,00;10;12,00;0,000019;...........((((.(.....)...))))....(.....)...........((((......)))).
3724;7;0;-4,179;0;0,00;10;19,00;0,000019;.........(.((.(((....)))....))..)...................((((......)))).
3729;7;0;-4,172;0;0,00;12;27,00;0,000019;...(((...((....)).)))......(((.........)))..........((((......)))).
3732;7;0;-4,173;0;0,00;12;15,00;0,000019;...........((((((....)))...)))..........(((...)))....(((......)))..
3736;7;0;-4,174;0;0,00;10;23,00;0,000019;........((...((((....)))).))........................((((......)))).
3746;7;0;-4,175;0;0,00;14;32,00;0,000019;..((...)).....(((....)))....((.........))..(((...)))((((......)))).
3757;7;0;-4,169;0;0,00;10;13,00;0,000018;.........(.((((.(.....)...))))..)...................((((......)))).
3765;7;0;-4,170;0;0,00;11;28,00;0,000019;..((...)).....(((....)))...(((.........)))..........(((........))).
3769;7;0;-4,171;0;0,00;13;23,00;0,000019;.........(.((((((....))))...))..)....((.....))......((((......)))).
3778;7;0;-4,166;0;0,00;11;23,00;0,000018;...........((((((....))))...))......((....)).........(((......)))..
3783;7;0;-4,166;0;0,00;13;21,00;0,000018;...........((((((....)))...)))...(..((....)).)......((((......)))).
3786;7;0;-4,167;0;0,00;13;35,00;0,000018;......((((.((((((....))))...))....(((....................)))..)))).
3803;7;0;-4,162;0;0,00;11;24,00;0,000018;......(...)...(((....)))...(((.........)))..........((((......)))).
3806;7;0;-4,162;0;0,00;10;27,00;0,000018;.......(((.(......).)))....(((.........)))..........(((........))).
3818;7;0;-4,157;0;0,00;13;21,00;0,000018;.........(.((((((....)))...)))..)....((.....))......((((......)))).
3829;7;0;-4,154;0;0,00;13;33,00;0,000018;......((((.((((((....)))...)))....(((....................)))..)))).
3830;7;0;-4,154;0;0,00;14;28,00;0,000018;..((...))....((((....))))..(((..(...)..)))..........((((......)))).
3834;7;0;-4,154;0;0,00;11;19,00;0,000018;...(...)...((((((....))))...))......................((((......)))).
3838;7;0;-4,154;0;0,00;11;27,00;0,000018;.......(((.((....)).)))....(((.........)))..........(((........))).
3865;7;0;-4,152;0;0,00;11;21,00;0,000018;...........((((((....)))...)))......((....)).........(((......)))..
3879;7;0;-4,141;0;0,00;11;17,00;0,000018;...(...)...((((((....)))...)))......................((((......)))).
3887;7;0;-4,142;0;0,00;8;24,00;0,000018;..............(((....)))....((.........))............(((......)))..
3889;7;0;-4,142;0;0,00;11;23,00;0,000018;......(.....)((((....))))...((.........))...........((((......)))).
3904;7;0;-4,139;0;0,00;12;27,00;0,000018;..........((((.....)).))....((.........))..((.....))((((......)))).
3908;7;0;-4,140;0;0,00;12;25,00;0,000018;..........((.((.....))))...(((..(...)..)))..........((((......)))).
3909;7;0;-4,140;0;0,00;11;27,00;0,000018;..............((......))....((.........))..(((...)))((((......)))).
3922;7;0;-4,135;0;0,00;8;23,00;0,000017;..............((......))...(((.........)))..........(((........))).
3924;7;0;-4,136;0;0,00;10;23,00;0,000017;...(.......)..(((....)))....((.........))...........((((......)))).
3939;7;0;-4,131;0;0,00;14;17,00;0,000017;.....(....)((((((....))))...))..........(((...)))...((((......)))).
3960;7;0;-4,122;0;0,00;14;23,00;0,000017;..((...))..((((((....)))...))).............((.....))((((......)))).
3983;7;0;-4,119;0;0,00;11;19,00;0,000017;...........((((((....))))...))......................((((.(...))))).
3984;7;0;-4,119;0;0,00;11;22,00;0,000017;...........((((((....))))...))......................(((.((...))))).
3985;7;0;-4,119;0;0,00;11;23,00;0,000017;.............(((......)))..(((..(...)..)))..........((((......)))).
4012;7;0;-4,117;0;0,00;14;15,00;0,000017;.....(....)((((((....)))...)))..........(((...)))...((((......)))).
4015;7;0;-4,110;0;0,00;13;23,00;0,000017;.....(....)((((((....))))...))......((....))........((((......)))).
4029;7;0;-4,111;0;0,00;10;23,00;0,000017;..(.....).((..........))...(((.........)))..........((((......)))).
4031;7;0;-4,112;0;0,00;11;23,00;0,000017;.......(....)((((....))))...((.........))...........((((......)))).
4041;7;0;-4,107;0;0,00;11;26,00;0,000017;.......(((.((....)).)))..........((.....))..........((((......)))).
4045;7;0;-4,108;0;0,00;11;24,00;0,000017;......(.((...((((....)))).)).)......................((((......)))).
4062;7;0;-4,104;0;0,00;12;21,00;0,000017;..(.....)..((((((....))))...))......(......)........((((......)))).
4067;7;0;-4,105;0;0,00;13;27,00;0,000017;..........(..((((....)))).).((.........))..((.....))((((......)))).
4068;7;0;-4,105;0;0,00;11;17,00;0,000017;...........((((((....)))...)))......................((((.(...))))).
4069;7;0;-4,105;0;0,00;11;20,00;0,000017;...........((((((....)))...)))......................(((.((...))))).
4083;7;0;-4,100;0;0,00;10;25,00;0,000016;.............((((....))))............((.....))......((((......)))).
4102;7;0;-4,095;0;0,00;11;23,00;0,000016;..............(((....))).(.(((.........)))..).......((((......)))).
4108;7;0;-4,096;0;0,00;13;21,00;0,000016;.....(....)((((((....)))...)))......((....))........((((......)))).
4123;7;0;-4,091;0;0,00;12;19,00;0,000016;..(.....)..((((((....)))...)))......(......)........((((......)))).
4137;7;0;-4,087;0;0,00;11;18,00;0,000016;...........(((((......))...))).............((.....))((((......)))).
4156;7;0;-4,089;0;0,00;12;15,00;0,000016;.........(.((((((....)))...)))..).......((.....))...(((........))).
4161;7;0;-4,089;0;0,00;9;22,00;0,000016;.............((((....))))...(.......)...............((((......)))).
4164;7;0;-4,090;0;0,00;14;23,00;0,000016;...........((((((....))))...))...((.....)).((.....))((((......)))).
4198;7;0;-4,080;0;0,00;12;24,00;0,000016;...(...).....((((....))))..(((.........)))..........((((......)))).
4207;7;0;-4,082;0;0,00;12;23,00;0,000016;...(.......).((((....))))..(((.........)))..........((((......)))).
4216;7;0;-4,075;0;0,00;12;16,00;0,000016;...........((((((....))...)))).....((...........))..((((......)))).
4227;7;0;-4,076;0;0,00;14;21,00;0,000016;...........((((((....)))...)))...((.....)).((.....))((((......)))).
4229;7;0;-4,077;0;0,00;11;24,00;0,000016;...........((.(((....)))..((.......))..))...........((((......)))).
4247;7;0;-4,072;0;0,00;11;21,00;0,000016;...........((.(((....)))....)).......((.....))......((((......)))).
4279;7;0;-4,063;0;0,00;12;34,00;0,000015;...........(.((((.(.(((....(((.........)))...........))).)..)))).).
4290;7;0;-4,064;0;0,00;15;17,00;0,000016;.......(((.((((((....)))...)))..))..)...((.....))...((((......)))).
4299;7;0;-4,066;0;0,00;14;25,00;0,000016;....((..((.((((((....))))...))..))..))..............((((......)))).
4314;7;0;-4,061;0;0,00;11;24,00;0,000015;.....(..((...((((....)))).)).)......................((((......)))).
4316;7;0;-4,062;0;0,00;9;23,00;0,000015;..........((..........))....((..(...)..))...........((((......)))).
4317;7;0;-4,062;0;0,00;11;15,00;0,000015;...........((((.(.....)...)))).......((.....))......((((......)))).
4355;7;0;-4,053;0;0,00;14;23,00;0,000015;....((..((.((((((....)))...)))..))..))..............((((......)))).
4371;7;0;-4,047;0;0,00;13;17,00;0,000015;........((.((.(((....)))....))..))......((.....))...((((......)))).
4377;7;0;-4,049;0;0,00;11;25,00;0,000015;..(.....).((((.....)).))....((.........))...........((((......)))).
4378;7;0;-4,049;0;0,00;13;25,00;0,000015;..........(..((((....)))).)(((..(...)..)))..........((((......)))).
4394;7;0;-4,044;0;0,00;12;24,00;0,000015;.............((((....))))..(((.........)))..........((((.(...))))).
4395;7;0;-4,044;0;0,00;12;27,00;0,000015;.............((((....))))..(((.........)))..........(((.((...))))).
4408;7;0;-4,047;0;0,00;12;21,00;0,000015;..(.....)..((((((....))))...))..(...)...............((((......)))).
4419;7;0;-4,040;0;0,00;12;24,00;0,000015;...........((((((....)))).((.......))..))...........((((......)))).
4432;7;0;-4,035;0;0,00;12;20,00;0,000015;..(.....)..((((((....))))...))......(...........)...((((......)))).
4434;7;0;-4,036;0;0,00;11;19,00;0,000015;...........((((((....))))...)).......(.......)......((((......)))).
4438;7;0;-4,036;0;0,00;9;22,00;0,000015;..........((.(.....)..))....((.........))...........((((......)))).
4447;7;0;-4,037;0;0,00;9;19,00;0,000015;...........(.((((....))))....)......................((((......)))).
4464;7;0;-4,033;0;0,00;13;23,00;0,000015;..((...))..((((((....))))...))......(......)........((((......)))).
4465;7;0;-4,033;0;0,00;12;25,00;0,000015;..(.....)..((((((....))))...))......((....))........(((........))).
4467;7;0;-4,033;0;0,00;12;19,00;0,000015;..(.....)..((((((....)))...)))..(...)...............((((......)))).
4473;7;0;-4,035;0;0,00;11;25,00;0,000015;..........((..........))...(((.........))).((.....))((((......)))).
4495;7;0;-4,030;0;0,00;11;23,00;0,000015;.....(......).(((....)))...(((.........)))..........((((......)))).
4517;7;0;-4,024;0;0,00;13;22,00;0,000014;...........((((((....))))...))....(.....)..((.....))((((......)))).
4526;7;0;-4,026;0;0,00;15;31,00;0,000015;...((.....))..(((....)))...(((.........))).(((...)))((((......)))).
4532;7;0;-4,027;0;0,00;13;15,00;0,000015;.....(...).((((((....))))...))..........((.....))...((((......)))).
4537;7;0;-4,020;0;0,00;13;21,00;0,000014;..((...))..((((((....)))...)))......(......)........((((......)))).
4538;7;0;-4,020;0;0,00;12;23,00;0,000014;..(.....)..((((((....)))...)))......((....))........(((........))).
4545;7;0;-4,022;0;0,00;12;18,00;0,000014;..(.....)..((((((....)))...)))......(...........)...((((......)))).
4550;7;0;-4,022;0;0,00;11;17,00;0,000014;...........((((((....)))...))).......(.......)......((((......)))).
4551;7;0;-4,022;0;0,00;12;20,00;0,000014;...........((((((....))))...))..........((.....))...((..((...)).)).
4556;7;0;-4,023;0;0,00;11;26,00;0,000014;...((.....))..(((....)))....((.....))...............((((......)))).
4562;7;0;-4,016;0;0,00;13;23,00;0,000014;.........(.((((((....))))...))..)..........((.....))((((......)))).
4583;7;0;-4,019;0;0,00;13;17,00;0,000014;..(.....)..((((((....))...))))...((.....))..........((((......)))).
4595;7;0;-4,013;0;0,00;13;13,00;0,000014;.....(...).((((((....)))...)))..........((.....))...((((......)))).
4609;7;0;-4,015;0;0,00;12;25,00;0,000014;..(.....).(..((((....)))).).((.........))...........((((......)))).
4617;7;0;-4,009;0;0,00;15;19,00;0,000014;.......(.(.((((((....))))...))....).)...(((...)))...((((......)))).
4619;7;0;-4,009;0;0,00;12;18,00;0,000014;...........((((((....)))...)))..........((.....))...((..((...)).)).
4624;7;0;-4,010;0;0,00;9;26,00;0,000014;..(.....).....(((....)))....((.........))...........(((........))).
4631;7;0;-4,011;0;0,00;13;20,00;0,000014;...........((((((....)))...)))....(.....)..((.....))((((......)))).
4638;7;0;-4,005;0;0,00;14;39,00;0,000014;...........(.((((((.(((.....((.........))..((.....)).))).)).)))).).
4643;7;0;-4,005;0;0,00;13;27,00;0,000014;...((.....)).((((....))))...((..(...)..))...........((((......)))).
4650;7;0;-4,007;0;0,00;11;26,00;0,000014;.....(....)...(((....)))....((..(...)..))...........((((......)))).
4668;7;0;-4,002;0;0,00;13;19,00;0,000014;.....(..((.((((((....))...))))..))..)...............((((......)))).
4669;7;0;-4,003;0;0,00;13;21,00;0,000014;.........(.((((((....)))...)))..)..........((.....))((((......)))).
4674;7;0;-4,003;0;0,00;10;15,00;0,000014;...........((.(((....)))....))..........((.....))...(((........))).
4694;7;0;-3,995;0;0,00;15;17,00;0,000014;.......(.(.((((((....)))...)))....).)...(((...)))...((((......)))).
4699;7;0;-3,996;0;0,00;9;15,00;0,000014;...........(((.((....))....)))......................((((......)))).
4703;7;0;-3,993;0;0,00;12;26,00;0,000014;..(.....)....((((....))))...((..(...)..))...........((((......)))).
4722;7;0;-3,992;0;0,00;11;26,00;0,000014;..............(((....)))....((.........))...((...)).((((......)))).
4748;7;0;-3,985;0;0,00;10;16,00;0,000014;...........(((((......))...)))......(......)........((((......)))).
4749;7;0;-3,985;0;0,00;11;11,00;0,000014;...........((((((....))...))))..........(.......)...((((......)))).
4789;7;0;-3,980;0;0,00;13;28,00;0,000013;.....(....)...(((....)))...(((.........))).((.....))((((......)))).
4807;7;0;-3,978;0;0,00;15;29,00;0,000013;...((.....)).((((....))))..(((.........))).((.....))((((......)))).
4811;7;0;-3,976;0;0,00;13;23,00;0,000013;..((...))..((((((....))))...))..(...)...............((((......)))).
4832;7;0;-3,971;0;0,00;10;29,00;0,000013;..............(((....)))...(((.........)))..........((..((...)).)).
4844;7;0;-3,969;0;0,00;10;25,00;0,000013;..........((..........))....((.........))..((.....))((((......)))).
4858;7;0;-3,968;0;0,00;8;22,00;0,000013;...........(((.(....................).)))...........((((......)))).
4867;7;0;-3,966;0;0,00;14;28,00;0,000013;..(.....)....((((....))))..(((.........))).((.....))((((......)))).
4887;7;0;-3,964;0;0,00;13;22,00;0,000013;..((...))..((((((....))))...))......(...........)...((((......)))).
4891;7;0;-3,964;0;0,00;12;24,00;0,000013;.....(...)...((((....))))..(((.........)))..........((((......)))).
4901;7;0;-3,962;0;0,00;13;21,00;0,000013;..((...))..((((((....)))...)))..(...)...............((((......)))).
4908;7;0;-3,963;0;0,00;12;27,00;0,000013;...(((...)))..(((....)))....((.........))...........((((......)))).
4919;7;0;-3,959;0;0,00;10;22,00;0,000013;..........(((.......).))...(((.........)))..........((((......)))).
4925;7;0;-3,960;0;0,00;13;19,00;0,000013;......(.((.((((((....))...))))..))..)...............((((......)))).
4926;7;0;-3,960;0;0,00;14;31,00;0,000013;...((.....))..(((....)))....((.........))..(((...)))((((......)))).
4928;7;0;-3,957;0;0,00;13;22,00;0,000013;........((.(((((......))...)))..))..((....))........((((......)))).
4931;7;0;-3,958;0;0,00;12;25,00;0,000013;..(.....).((.((.....))))...(((.........)))..........((((......)))).
4939;7;0;-3,955;0;0,00;11;27,00;0,000013;...((.....))..(((....)))...(((.........)))..........(((........))).
4958;7;0;-3,954;0;0,00;14;23,00;0,000013;..(.....)..((((((....)))...))).............(((...)))((((......)))).
4970;7;0;-3,952;0;0,00;11;19,00;0,000013;...........((((((....))))...))..............(.....).((((......)))).
4985;7;0;-3,951;0;0,00;13;20,00;0,000013;..((...))..((((((....)))...)))......(...........)...((((......)))).
4992;7;0;-3,948;0;0,00;14;19,00;0,000013;..((...))..((((((....))...))))...((.....))..........((((......)))).
4996;7;0;-3,948;0;0,00;13;25,00;0,000013;..((...))..((((((....)))...)))......((....))........(((........))).
5000;7;0;-3,949;0;0,00;11;27,00;0,000013;.......(((..........)))....(((..(...)..)))..........((((......)))).
5036;7;0;-3,940;0;0,00;9;22,00;0,000013;..........(.((.....))..)....((.........))...........((((......)))).
5037;7;0;-3,940;0;0,00;11;27,00;0,000013;...(((...((....)).))).......((.........))...........((((......)))).
5052;7;0;-3,938;0;0,00;10;28,00;0,000013;..((...)).....(((....)))....((.........))...........(((........))).
5053;7;0;-3,938;0;0,00;11;17,00;0,000013;...........((((((....)))...)))..............(.....).((((......)))).
5065;7;0;-3,937;0;0,00;12;21,00;0,000013;...........((((((....))))...))....((..............))((((......)))).
5067;7;0;-3,937;0;0,00;15;37,00;0,000013;......((((.((((((....)))...)))....(((......((.....)).....)))..)))).
5093;7;0;-3,930;0;0,00;10;24,00;0,000012;......(...)...(((....)))....((.........))...........((((......)))).
5095;7;0;-3,930;0;0,00;9;27,00;0,000012;.......(((.(......).))).....((.........))...........(((........))).
5109;7;0;-3,929;0;0,00;11;24,00;0,000012;..........(..((((....)))).).((.....))...............((((......)))).
5124;7;0;-3,927;0;0,00;10;16,00;0,000012;...........(((((......))...)))..(...)...............((((......)))).
5125;7;0;-3,927;0;0,00;13;22,00;0,000012;..(.....)..((((((....))))...)).....((...........))..((((......)))).
5135;7;0;-3,925;0;0,00;10;21,00;0,000012;.............((((....))))..((...........))..........((((......)))).
5140;7;0;-3,922;0;0,00;10;27,00;0,000012;.......(((.((....)).))).....((.........))...........(((........))).
5143;7;0;-3,922;0;0,00;12;17,00;0,000012;........((.((((((....))...))))..))..................((((......)))).
5145;7;0;-3,923;0;0,00;12;19,00;0,000012;...........((((((....)))...)))....((..............))((((......)))).
5157;7;0;-3,922;0;0,00;13;28,00;0,000012;..((...))....((((....))))...((..(...)..))...........((((......)))).
5163;7;0;-3,919;0;0,00;12;27,00;0,000012;.......(((..........))).((.(((.........)))..))......((((......)))).
5174;7;0;-3,917;0;0,00;11;21,00;0,000012;...........((.(((....)))....)).............((.....))((((......)))).
5179;7;0;-3,914;0;0,00;12;28,00;0,000012;.....(....)...(((....)))....((.........))..((.....))((((......)))).
5190;7;0;-3,916;0;0,00;10;15,00;0,000012;...........(((((......))...)))......(...........)...((((......)))).
5199;7;0;-3,913;0;0,00;14;29,00;0,000012;...((.....)).((((....))))...((.........))..((.....))((((......)))).
5201;7;0;-3,913;0;0,00;10;20,00;0,000012;...........(((((......))...)))......((....))........(((........))).
5202;7;0;-3,914;0;0,00;13;20,00;0,000012;..(.....)..((((((....)))...))).....((...........))..((((......)))).
5203;7;0;-3,914;0;0,00;12;21,00;0,000012;.........(.((((((....))))...))..)...(......)........((((......)))).
5216;7;0;-3,912;0;0,00;14;37,00;0,000012;...........(.((((((.(((....(((..(...)..)))...........))).)).)))).).
5218;7;0;-3,909;0;0,00;14;27,00;0,000012;...(((...))).((((....))))..(((.........)))..........((((......)))).
5230;7;0;-3,907;0;0,00;11;23,00;0,000012;.....(....)..(((......)))..(((.........)))..........((((......)))).
5233;7;0;-3,908;0;0,00;11;25,00;0,000012;..........((.((.....))))....((..(...)..))...........((((......)))).
5246;7;0;-3,903;0;0,00;7;23,00;0,000012;..............((......))....((.........))...........(((........))).
5251;7;0;-3,900;0;0,00;12;19,00;0,000012;.........(.((((((....)))...)))..)...(......)........((((......)))).
5252;7;0;-3,900;0;0,00;13;28,00;0,000012;..(.....)....((((....))))...((.........))..((.....))((((......)))).
5293;7;0;-3,895;0;0,00;15;30,00;0,000012;..((...))....((((....))))..(((.........))).((.....))((((......)))).
5296;7;0;-3,895;0;0,00;10;25,00;0,000012;..........((((.....)).))...(((.........)))..........(((........))).
5309;7;0;-3,894;0;0,00;10;25,00;0,000012;...((........((((....))))........)).................((((......)))).
5328;7;0;-3,889;0;0,00;11;23,00;0,000012;............(((((....))).))......((.....))..........((((......)))).
5329;7;0;-3,889;0;0,00;11;23,00;0,000012;............(((((....)))).)......((.....))..........((((......)))).
5363;7;0;-3,886;0;0,00;13;27,00;0,000011;..((...)).((.((.....))))...(((.........)))..........((((......)))).
5365;7;0;-3,887;0;0,00;10;23,00;0,000011;.............(((......)))...((..(...)..))...........((((......)))).
5370;7;0;-3,883;0;0,00;15;25,00;0,000011;..((...))..((((((....)))...))).............(((...)))((((......)))).
5377;7;0;-3,884;0;0,00;11;24,00;0,000011;..(.....)..((((((....))))..............))...........((((......)))).
5381;7;0;-3,881;0;0,00;13;27,00;0,000011;..........((.((.....))))...(((.........))).((.....))((((......)))).
5383;7;0;-3,882;0;0,00;10;26,00;0,000011;..............(((....)))...(((..(...)..)))..........(((........))).
5391;7;0;-3,883;0;0,00;9;25,00;0,000011;.......(((.(......).)))...........(.....)...........((((......)))).
5393;7;0;-3,879;0;0,00;9;23,00;0,000011;..(.....).((..........))....((.........))...........((((......)))).
5415;7;0;-3,878;0;0,00;12;24,00;0,000011;.............((((....))))..(((.........)))..(.....).((((......)))).
5419;7;0;-3,879;0;0,00;9;15,00;0,000011;...........((((((....))...))))......................(((........))).
5432;7;0;-3,877;0;0,00;12;25,00;0,000011;...........((((((....)))..((.......)).)))...........((((......)))).
5436;7;0;-3,874;0;0,00;7;21,00;0,000011;..........((..(.....).))............................((((......)))).
5446;7;0;-3,875;0;0,00;10;25,00;0,000011;.......(((.((....)).)))...........(.....)...........((((......)))).
5470;7;0;-3,871;0;0,00;11;25,00;0,000011;..(.....)..((((((....)))..............)))...........((((......)))).
5473;7;0;-3,867;0;0,00;10;34,00;0,000011;...........(.((((((.(((..............................))).)).)))).).
5479;7;0;-3,866;0;0,00;11;25,00;0,000011;..(.....).....((......))...(((..(...)..)))..........((((......)))).
5487;7;0;-3,867;0;0,00;13;25,00;0,000011;..(.....).(..((((....)))).)(((.........)))..........((((......)))).
5513;7;0;-3,863;0;0,00;10;14,00;0,000011;..(.....)..(((((......)...))))......................((((......)))).
5517;7;0;-3,863;0;0,00;9;19,00;0,000011;...........((((((....))))...)).......................(((......)))..
5520;7;0;-3,860;0;0,00;12;25,00;0,000011;.............(((......)))..(((.........))).((.....))((((......)))).
5558;7;0;-3,857;0;0,00;11;27,00;0,000011;..............(((....)))....((.....))......((.....))((((......)))).
5560;7;0;-3,857;0;0,00;9;22,00;0,000011;...............((....))....(((.........)))..........((((......)))).
5578;7;0;-3,852;0;0,00;8;24,00;0,000011;..........(..((((....)))).).........................(((........))).
5589;7;0;-3,850;0;0,00;9;17,00;0,000011;...........((((((....)))...))).......................(((......)))..
5592;7;0;-3,850;0;0,00;13;17,00;0,000011;.........(.((((((....)))...)))..).......(((...)))...(((........))).
5607;7;0;-3,849;0;0,00;12;34,00;0,000011;...........(.(((.((.(((....(((.........)))...........))).))..))).).
5609;7;0;-3,850;0;0,00;11;23,00;0,000011;...(.......).((((....))))...((.........))...........((((......)))).
42;8;0;-7,151;1;0,00;13;8,00;0,002838;...........((((.(((....))))))).......((.....))......((((......)))).
52;8;0;-6,996;0;0,00;13;8,00;0,002185;...........((((.(((....))))))).............((.....))((((......)))).
87;8;0;-6,757;0;0,00;14;10,00;0,001460;...........((((.(((....))))))).............(((...)))((((......)))).
136;8;0;-6,474;0;0,00;18;27,00;0,000906;......((((.((((.(((....)))))))....(((..((..((.....))..)).)))..)))).
162;8;0;-6,332;0;0,00;12;10,00;0,000713;...........((((..((....)).)))).............((.....))((((......)))).
192;8;0;-6,236;0;0,00;19;29,00;0,000605;......((((.((((.(((....)))))))....(((..((..(((...)))..)).)))..)))).
219;8;0;-6,158;0;0,00;14;10,00;0,000531;..(.....)..((((.(((....))))))).............((.....))((((......)))).
227;8;0;-6,123;0;0,00;14;10,00;0,000500;.........(.((((.(((....)))))))..)....((.....))......((((......)))).
235;8;0;-6,100;0;0,00;10;14,00;0,000481;...........((((...........)))).............((.....))((((......)))).
241;8;0;-6,094;0;0,00;13;12,00;0,000476;...........((((..((....)).)))).............(((...)))((((......)))).
261;8;0;-6,042;0;0,00;15;10,00;0,000436;...........((((.(((....)))))))...((.....)).((.....))((((......)))).
291;8;0;-5,976;0;0,00;14;9,00;0,000391;...........((((.(((....)))))))....(.....)..((.....))((((......)))).
293;8;0;-5,968;0;0,00;14;10,00;0,000385;.........(.((((.(((....)))))))..)..........((.....))((((......)))).
317;8;0;-5,920;0;0,00;15;12,00;0,000355;..(.....)..((((.(((....))))))).............(((...)))((((......)))).
323;8;0;-5,904;0;0,00;12;6,00;0,000346;...........((((.(((....)))))))..............(.....).((((......)))).
328;8;0;-5,902;0;0,00;16;26,00;0,000345;......((((.((((.(((....)))))))....(((......((.....)).....)))..)))).
331;8;0;-5,889;0;0,00;13;8,00;0,000337;...........((((.(((....)))))))....((..............))((((......)))).
347;8;0;-5,861;0;0,00;11;16,00;0,000322;...........((((...........)))).............(((...)))((((......)))).
356;8;0;-5,848;0;0,00;16;14,00;0,000315;..((...))..((((.(((....))))))).............(((...)))((((......)))).
366;8;0;-5,811;0;0,00;17;29,00;0,000295;......((((.((((..((....)).))))....(((..((..((.....))..)).)))..)))).
372;8;0;-5,803;0;0,00;16;12,00;0,000292;...........((((.(((....)))))))...((.....)).(((...)))((((......)))).
407;8;0;-5,736;0;0,00;14;23,00;0,000260;...........((((.(((....)))))))....(((..((..((.....))..)).))).......
410;8;1;-5,737;0;0,00;15;11,00;0,000261;...........((((.(((....)))))))....(.....)..(((...)))((((......)))).
416;8;0;-5,729;0;0,00;15;12,00;0,000257;.........(.((((.(((....)))))))..)..........(((...)))((((......)))).
453;8;0;-5,686;0;0,00;17;27,00;0,000239;......((((.((((.(((....)))))))....(((..(...((.....))...).)))..)))).
460;8;0;-5,665;0;0,00;13;8,00;0,000231;...........((((.(((....)))))))..............((...)).((((......)))).
463;8;0;-5,663;0;0,00;17;28,00;0,000230;......((((.((((.(((....)))))))....(((......(((...))).....)))..)))).
522;8;0;-5,578;0;0,00;15;33,00;0,000199;......((((.((((...........))))....(((..((..((.....))..)).)))..)))).
523;8;0;-5,572;0;0,00;18;31,00;0,000197;......((((.((((..((....)).))))....(((..((..(((...)))..)).)))..)))).
537;8;0;-5,546;0;0,00;14;10,00;0,000189;...........((((.(((....)))))))..(...)......((.....))((((......)))).
575;8;0;-5,497;0;0,00;12;10,00;0,000174;...........(((..(((....))).))).......((.....))......((((......)))).
576;8;0;-5,497;0;0,00;15;25,00;0,000174;...........((((.(((....)))))))....(((..((..(((...)))..)).))).......
585;8;0;-5,495;0;0,00;13;12,00;0,000173;..(.....)..((((..((....)).)))).............((.....))((((......)))).
619;8;0;-5,458;0;0,00;12;10,00;0,000163;...........((((.((......)))))).......((.....))......((((......)))).
628;8;0;-5,447;0;0,00;18;29,00;0,000160;......((((.((((.(((....)))))))....(((..(...(((...)))...).)))..)))).
643;8;0;-5,429;0;0,00;15;12,00;0,000155;........((.((((.(((....)))))))..))...((.....))......((((......)))).
662;8;0;-5,414;0;0,00;12;10,00;0,000151;...........((((.(((....))))))).............((.....)).(((......)))..
698;8;0;-5,378;0;0,00;14;12,00;0,000142;...........((((..((....)).))))...((.....)).((.....))((((......)))).
712;8;0;-5,354;0;0,00;16;14,00;0,000137;.....(..((.((((.(((....)))))))..))..)......((.....))((((......)))).
726;8;0;-5,342;0;0,00;12;10,00;0,000134;...........(((..(((....))).))).............((.....))((((......)))).
730;8;0;-5,339;0;0,00;16;35,00;0,000133;......((((.((((...........))))....(((..((..(((...)))..)).)))..)))).
741;8;0;-5,327;0;0,00;14;10,00;0,000131;...........((((.(((....)))))))......((....))(.....).((((......)))).
765;8;0;-5,312;0;0,00;16;14,00;0,000127;......(.((.((((.(((....)))))))..))..)......((.....))((((......)))).
766;8;0;-5,312;0;0,00;13;11,00;0,000127;...........((((..((....)).))))....(.....)..((.....))((((......)))).
771;8;0;-5,307;0;0,00;15;12,00;0,000126;...........((((.(((....)))))))..(...)......(((...)))((((......)))).
779;8;0;-5,303;0;0,00;12;10,00;0,000126;...........((((.((......)))))).............((.....))((((......)))).
781;8;0;-5,304;0;0,00;13;12,00;0,000126;.........(.((((..((....)).))))..)..........((.....))((((......)))).
805;8;0;-5,274;0;0,00;15;12,00;0,000119;........((.((((.(((....)))))))..)).........((.....))((((......)))).
813;8;0;-5,262;0;0,00;11;16,00;0,000117;..(.....)..((((...........)))).............((.....))((((......)))).
826;8;0;-5,256;0;0,00;14;14,00;0,000116;..(.....)..((((..((....)).)))).............(((...)))((((......)))).
840;8;0;-5,238;0;0,00;15;28,00;0,000112;......((((.((((..((....)).))))....(((......((.....)).....)))..)))).
862;8;0;-5,230;0;0,00;12;10,00;0,000111;...........((((.(((....))))))).............((.....))(((........))).
890;8;0;-5,204;0;0,00;16;12,00;0,000106;..(.....)..((((.(((....)))))))...((.....)).((.....))((((......)))).
917;8;0;-5,184;0;0,00;15;16,00;0,000103;..((...))..((((..((....)).)))).............(((...)))((((......)))).
939;8;0;-5,175;0;0,00;13;12,00;0,000101;...........((((.(((....))))))).............(((...))).(((......)))..
951;8;0;-5,164;0;0,00;14;9,00;0,000099;...........((((.(((....)))))))..(.......)..((.....))((((......)))).
960;8;0;-5,163;0;0,00;12;22,00;0,000099;...........((((.(((....)))))))....(((......((.....)).....))).......
968;8;0;-5,153;0;0,00;15;10,00;0,000097;...........((((.(((....)))))))((.((.....))..))......((((......)))).
972;8;0;-5,150;0;0,00;18;27,00;0,000097;......((((.((((.(((....)))))))....(((..((..((.....)).).).)))..)))).
984;8;0;-5,138;0;0,00;15;11,00;0,000095;..(.....)..((((.(((....)))))))....(.....)..((.....))((((......)))).
986;8;0;-5,139;0;0,00;15;14,00;0,000095;...........((((..((....)).))))...((.....)).(((...)))((((......)))).
1000;8;0;-5,132;0;0,00;17;14,00;0,000094;..((...))..((((.(((....)))))))...((.....)).((.....))((((......)))).
1015;8;0;-5,115;0;0,00;17;16,00;0,000091;.....(..((.((((.(((....)))))))..))..)......(((...)))((((......)))).
1017;8;0;-5,116;0;0,00;14;8,00;0,000091;...........((((.(((....)))))))...((.....))..(.....).((((......)))).
1034;8;0;-5,103;0;0,00;13;12,00;0,000089;...........(((..(((....))).))).............(((...)))((((......)))).
1056;8;0;-5,088;0;0,00;15;12,00;0,000087;...........((((.(((....)))))))......((....))((...)).((((......)))).
1074;8;0;-5,080;0;0,00;11;15,00;0,000086;...........((((...........))))....(.....)..((.....))((((......)))).
1085;8;0;-5,071;0;0,00;11;16,00;0,000085;.........(.((((...........))))..)..........((.....))((((......)))).
1087;8;0;-5,072;0;0,00;13;25,00;0,000085;...........((((..((....)).))))....(((..((..((.....))..)).))).......
1090;8;0;-5,073;0;0,00;17;16,00;0,000085;......(.((.((((.(((....)))))))..))..)......(((...)))((((......)))).
1093;8;0;-5,073;0;0,00;14;13,00;0,000085;...........((((..((....)).))))....(.....)..(((...)))((((......)))).
1094;8;0;-5,067;0;0,00;16;13,00;0,000084;..((...))..((((.(((....)))))))....(.....)..((.....))((((......)))).
1102;8;0;-5,065;0;0,00;13;12,00;0,000084;...........((((.((......)))))).............(((...)))((((......)))).
1104;8;0;-5,065;0;0,00;14;14,00;0,000084;.........(.((((..((....)).))))..)..........(((...)))((((......)))).
1128;8;0;-5,051;0;0,00;14;10,00;0,000082;..(.....)..((((.(((....)))))))....((..............))((((......)))).
1148;8;0;-5,035;0;0,00;16;14,00;0,000080;........((.((((.(((....)))))))..)).........(((...)))((((......)))).
1170;8;0;-5,022;0;0,00;16;29,00;0,000078;......((((.((((..((....)).))))....(((..(...((.....))...).)))..)))).
1171;8;0;-5,023;0;0,00;12;18,00;0,000078;..(.....)..((((...........)))).............(((...)))((((......)))).
1186;8;0;-5,006;0;0,00;13;32,00;0,000076;......((((.((((...........))))....(((......((.....)).....)))..)))).
1203;8;0;-5,000;0;0,00;16;30,00;0,000075;......((((.((((..((....)).))))....(((......(((...))).....)))..)))).
1213;8;0;-4,991;0;0,00;13;12,00;0,000074;...........((((.(((....))))))).............(((...)))(((........))).
1218;8;0;-4,988;0;0,00;15;12,00;0,000074;...........((((.(((....)))))))....((((....))......))((((......)))).
1253;8;0;-4,965;0;0,00;17;14,00;0,000071;..(.....)..((((.(((....)))))))...((.....)).(((...)))((((......)))).
1272;8;0;-4,951;0;0,00;12;6,00;0,000069;...........((((.(((....))))))).............(.......)((((......)))).
1274;8;0;-4,952;0;0,00;13;20,00;0,000069;..((...))..((((...........)))).............(((...)))((((......)))).
1282;8;0;-4,947;0;0,00;13;23,00;0,000069;...........((((.(((....)))))))....(((..(...((.....))...).))).......
1321;8;0;-4,926;0;0,00;17;16,00;0,000066;..((....((.((((.(((....)))))))..)))).......((.....))((((......)))).
1331;8;0;-4,925;0;0,00;13;24,00;0,000066;...........((((.(((....)))))))....(((......(((...))).....))).......
1333;8;0;-4,925;0;0,00;12;6,00;0,000066;...........((((.(((....)))))))....(................)((((......)))).
1335;8;0;-4,926;0;0,00;15;11,00;0,000066;...........((((.(((....)))))))..(.......)..(((...)))((((......)))).
1353;8;0;-4,911;0;0,00;19;29,00;0,000065;......((((.((((.(((....)))))))....(((..((..(((...))).).).)))..)))).
1354;8;0;-4,913;0;0,00;17;16,00;0,000065;..(((....(.((((.(((....)))))))..)))).......((.....))((((......)))).
1356;8;0;-4,913;0;0,00;16;14,00;0,000065;..(((......((((.(((....)))))))...))).......((.....))((((......)))).
1357;8;0;-4,906;0;0,00;13;18,00;0,000064;...........((((...........))))...((.....)).(((...)))((((......)))).
1361;8;0;-4,909;0;0,00;17;16,00;0,000064;..(((...(..((((.(((....))))))).).))).......((.....))((((......)))).
1378;8;0;-4,899;0;0,00;16;13,00;0,000063;..(.....)..((((.(((....)))))))....(.....)..(((...)))((((......)))).
1389;8;0;-4,898;0;0,00;15;25,00;0,000063;..(.....)..((((.(((....)))))))....(((..((..((.....))..)).))).......
1397;8;0;-4,894;0;0,00;18;16,00;0,000063;..((...))..((((.(((....)))))))...((.....)).(((...)))((((......)))).
1405;8;0;-4,883;0;0,00;13;7,00;0,000062;...........((((.(((....)))))))....(.....)...(.....).((((......)))).
1416;8;0;-4,875;0;0,00;13;8,00;0,000061;.........(.((((.(((....)))))))..)...........(.....).((((......)))).
1421;8;0;-4,877;0;0,00;15;10,00;0,000061;...........((((.(((....)))))))...((.....))..((...)).((((......)))).
1472;8;0;-4,849;0;0,00;15;10,00;0,000058;...........((((.(((....))))))).((.......)).((.....))((((......)))).
1490;8;0;-4,841;0;0,00;12;17,00;0,000057;...........((((...........))))....(.....)..(((...)))((((......)))).
1501;8;0;-4,839;0;0,00;11;29,00;0,000057;...........((((...........))))....(((..((..((.....))..)).))).......
1503;8;0;-4,833;0;0,00;17;26,00;0,000057;......((((.((((.(((....)))))))....(((...(..((.....)).)...)))..)))).
1504;8;0;-4,833;0;0,00;12;18,00;0,000057;.........(.((((...........))))..)..........(((...)))((((......)))).
1507;8;0;-4,833;0;0,00;14;27,00;0,000057;...........((((..((....)).))))....(((..((..(((...)))..)).))).......
1534;8;0;-4,826;0;0,00;16;27,00;0,000056;..((...))..((((.(((....)))))))....(((..((..((.....))..)).))).......
1539;8;0;-4,827;0;0,00;14;10,00;0,000056;..(.....)..((((.(((....)))))))..............((...)).((((......)))).
1541;8;0;-4,828;0;0,00;17;15,00;0,000056;..((...))..((((.(((....)))))))....(.....)..(((...)))((((......)))).
1556;8;0;-4,820;0;0,00;17;29,00;0,000056;......((((.(((..(((....))).)))....(((..((..((.....))..)).)))..)))).
1565;8;0;-4,816;0;0,00;14;10,00;0,000055;...(...)...((((.(((....))))))).............((.....))((((......)))).
1577;8;0;-4,806;0;0,00;13;23,00;0,000054;...........((((((....))))...)).............(((...)))((((......)))).
1616;8;0;-4,790;0;0,00;14;33,00;0,000053;......((((.((((...........))))....(((..(...((.....))...).)))..)))).
1637;8;0;-4,782;0;0,00;17;29,00;0,000052;......((((.((((.((......))))))....(((..((..((.....))..)).)))..)))).
1641;8;0;-4,784;0;0,00;17;31,00;0,000052;......((((.((((..((....)).))))....(((..(...(((...)))...).)))..)))).
1648;8;0;-4,780;0;0,00;14;10,00;0,000052;...........((((.(((....))))))).............((.....))((((.(...))))).
1664;8;0;-4,767;0;0,00;14;34,00;0,000051;......((((.((((...........))))....(((......(((...))).....)))..)))).
1689;8;0;-4,750;0;0,00;11;12,00;0,000049;...........((((..((....)).)))).............((.....)).(((......)))..
1703;8;0;-4,748;0;0,00;14;8,00;0,000049;...........((((.(((....))))))).(.((.....))..).......((((......)))).
1738;8;0;-4,737;0;0,00;19;29,00;0,000048;......((((.((((.(((....)))))))..(.(((..((..((.....))..)).))).))))).
1756;8;0;-4,728;0;0,00;17;16,00;0,000047;....((..((.((((.(((....)))))))..))..)).....((.....))((((......)))).
1800;8;0;-4,708;0;0,00;15;12,00;0,000046;..(.....)..((((.(((....)))))))..(...)......((.....))((((......)))).
1801;8;0;-4,709;0;0,00;14;25,00;0,000046;...........((((.(((....)))))))....(((..(...(((...)))...).))).......
1825;8;0;-4,703;0;0,00;15;11,00;0,000046;...........((((.(((....))))))).....((((.....))..))..((((......)))).
1843;8;0;-4,688;0;0,00;18;18,00;0,000044;..((....((.((((.(((....)))))))..)))).......(((...)))((((......)))).
1848;8;0;-4,690;0;0,00;15;16,00;0,000045;.....(..((.((((..((....)).))))..))..)......((.....))((((......)))).
1887;8;0;-4,679;0;0,00;12;10,00;0,000044;...........((((.(((....))))))).......((.....)).......(((......)))..
1892;8;0;-4,674;0;0,00;18;18,00;0,000043;..(((....(.((((.(((....)))))))..)))).......(((...)))((((......)))).
1894;8;0;-4,674;0;0,00;17;16,00;0,000043;..(((......((((.(((....)))))))...))).......(((...)))((((......)))).
1897;8;0;-4,675;0;0,00;12;21,00;0,000043;...........((((.(((....))))))).............(((...)))....((...))....
1900;8;0;-4,670;0;0,00;18;18,00;0,000043;..(((...(..((((.(((....))))))).).))).......(((...)))((((......)))).
1901;8;0;-4,670;0;0,00;17;26,00;0,000043;......((((.((((.(((....)))))))....(((...(..((.....))..)..)))..)))).
1937;8;0;-4,659;0;0,00;16;27,00;0,000042;..(.....)..((((.(((....)))))))....(((..((..(((...)))..)).))).......
1955;8;0;-4,650;0;0,00;11;16,00;0,000042;...........((((...........))))..(...)......((.....))((((......)))).
1967;8;0;-4,645;0;0,00;14;9,00;0,000041;...........((((.(((....)))))))....(.....)...((...)).((((......)))).
1973;8;0;-4,648;0;0,00;15;16,00;0,000042;......(.((.((((..((....)).))))..))..)......((.....))((((......)))).
1980;8;0;-4,643;0;0,00;14;14,00;0,000041;...........((((..((....)).))))..(...)......(((...)))((((......)))).
1989;8;0;-4,640;0;0,00;11;12,00;0,000041;...........((((..(......).)))).............((.....))((((......)))).
1996;8;0;-4,636;0;0,00;14;10,00;0,000041;.........(.((((.(((....)))))))..)...........((...)).((((......)))).
2030;8;0;-4,624;0;0,00;14;10,00;0,000040;.....(....)((((.(((....))))))).......((.....))......((((......)))).
2057;8;0;-4,610;0;0,00;14;14,00;0,000039;........((.((((..((....)).))))..)).........((.....))((((......)))).
2058;8;0;-4,611;0;0,00;16;12,00;0,000039;...........((((.(((....))))))).((.......)).(((...)))((((......)))).
2093;8;0;-4,600;0;0,00;12;31,00;0,000038;...........((((...........))))....(((..((..(((...)))..)).))).......
2095;8;0;-4,594;0;0,00;18;28,00;0,000038;......((((.((((.(((....)))))))....(((...(..(((...))).)...)))..)))).
2131;8;0;-4,588;0;0,00;17;29,00;0,000037;..((...))..((((.(((....)))))))....(((..((..(((...)))..)).))).......
2150;8;0;-4,581;0;0,00;18;31,00;0,000037;......((((.(((..(((....))).)))....(((..((..(((...)))..)).)))..)))).
2162;8;0;-4,576;0;0,00;13;12,00;0,000037;..(.....)..((((.(((....))))))).............((.....)).(((......)))..
2163;8;0;-4,577;0;0,00;15;12,00;0,000037;...(...)...((((.(((....))))))).............(((...)))((((......)))).
2190;8;0;-4,566;0;0,00;11;12,00;0,000036;...........((((..((....)).)))).............((.....))(((........))).
2222;8;0;-4,551;0;0,00;15;35,00;0,000035;......((((.((((...........))))....(((..(...(((...)))...).)))..)))).
2230;8;0;-4,555;0;0,00;14;10,00;0,000035;...........((((.(((....)))))))......((....)).(....).((((......)))).
2262;8;0;-4,540;0;0,00;15;14,00;0,000035;..(.....)..((((..((....)).))))...((.....)).((.....))((((......)))).
2268;8;0;-4,541;0;0,00;15;12,00;0,000035;...........((((.(((....))))))).............(((...)))((((.(...))))).
2269;8;0;-4,541;0;0,00;15;15,00;0,000035;...........((((.(((....))))))).............(((...)))(((.((...))))).
2272;8;0;-4,543;0;0,00;18;31,00;0,000035;......((((.((((.((......))))))....(((..((..(((...)))..)).)))..)))).
2290;8;0;-4,533;0;0,00;16;14,00;0,000034;...((....(.((((.(((....)))))))..))).((....))........((((......)))).
2291;8;0;-4,533;0;0,00;15;12,00;0,000034;...((......((((.(((....)))))))...)).((....))........((((......)))).
2311;8;0;-4,525;0;0,00;17;16,00;0,000034;..(((....(.((((.(((....)))))))..)))).((.....))......((((......)))).
2313;8;0;-4,525;0;0,00;16;14,00;0,000034;..(((......((((.(((....)))))))...))).((.....))......((((......)))).
2316;8;0;-4,526;0;0,00;9;16,00;0,000034;...........(((.............))).............((.....))((((......)))).
2340;8;0;-4,518;0;0,00;9;16,00;0,000033;...........((((...........)))).............((.....)).(((......)))..
2372;8;0;-4,511;0;0,00;12;14,00;0,000033;...........((((..((....)).)))).............(((...))).(((......)))..
2373;8;0;-4,504;0;0,00;13;12,00;0,000033;..(.....)..(((..(((....))).))).............((.....))((((......)))).
2388;8;0;-4,501;0;0,00;13;11,00;0,000032;...........((((..((....)).))))..(.......)..((.....))((((......)))).
2408;8;0;-4,498;0;0,00;20;31,00;0,000032;......((((.((((.(((....)))))))..(.(((..((..(((...)))..)).))).))))).
2417;8;0;-4,500;0;0,00;11;24,00;0,000032;...........((((..((....)).))))....(((......((.....)).....))).......
2433;8;0;-4,489;0;0,00;18;18,00;0,000032;....((..((.((((.(((....)))))))..))..)).....(((...)))((((......)))).
2435;8;0;-4,489;0;0,00;15;12,00;0,000032;..(.....)..((((.(((....)))))))......((....))(.....).((((......)))).
2436;8;0;-4,489;0;0,00;14;12,00;0,000032;...........((((..((....)).))))((.((.....))..))......((((......)))).
2452;8;0;-4,485;0;0,00;17;26,00;0,000032;......(((..((((.(((....)))))))....(((..((..((.....))..)).)))...))).
2457;8;0;-4,486;0;0,00;17;29,00;0,000032;......((((.((((..((....)).))))....(((..((..((.....)).).).)))..)))).
2477;8;0;-4,477;0;0,00;13;12,00;0,000031;...........(((..(((....))).)))...(..((....)).)......((((......)))).
2496;8;0;-4,474;0;0,00;14;13,00;0,000031;..(.....)..((((..((....)).))))....(.....)..((.....))((((......)))).
2503;8;0;-4,476;0;0,00;9;16,00;0,000031;...........((((.(((....))))))).............((.....))...............
2505;8;0;-4,469;0;0,00;14;10,00;0,000031;.....(....)((((.(((....))))))).............((.....))((((......)))).
2507;8;0;-4,469;0;0,00;16;14,00;0,000031;..(.....)..((((.(((....)))))))..(...)......(((...)))((((......)))).
2512;8;0;-4,470;0;0,00;14;8,00;0,000031;...........((((.(((....))))))).(.((.....))...)......((((......)))).
2523;8;0;-4,466;0;0,00;13;12,00;0,000031;..(.....)..((((.((......)))))).............((.....))((((......)))).
2529;8;0;-4,468;0;0,00;13;12,00;0,000031;.........(.(((..(((....))).)))..)....((.....))......((((......)))).
2534;8;0;-4,469;0;0,00;16;16,00;0,000031;..((...))..((((..((....)).))))...((.....)).((.....))((((......)))).
2547;8;0;-4,464;0;0,00;14;29,00;0,000030;.......(((.((....)).)))....(((.........))).((.....))((((......)))).
2557;8;0;-4,457;0;0,00;13;20,00;0,000030;.....(..((.((((...........))))..))..)......((.....))((((......)))).
2561;8;0;-4,459;0;0,00;14;12,00;0,000030;...........((((.(((....)))))))...((.....)).((.....)).(((......)))..
2584;8;0;-4,451;0;0,00;16;18,00;0,000030;.....(..((.((((..((....)).))))..))..)......(((...)))((((......)))).
2588;8;0;-4,452;0;0,00;13;10,00;0,000030;...........((((..((....)).))))...((.....))..(.....).((((......)))).
2620;8;0;-4,445;0;0,00;12;26,00;0,000029;...(((............)))...((.(((.........)))..))......((((......)))).
2622;8;0;-4,438;0;0,00;14;8,00;0,000029;...........((((.(((....)))))))...((.....))..(....)..((((......)))).
2625;8;0;-4,439;0;0,00;13;12,00;0,000029;...........((((.((......))))))...(..((....)).)......((((......)))).
2644;8;0;-4,430;0;0,00;13;12,00;0,000029;.........(.((((.((......))))))..)....((.....))......((((......)))).
2649;8;0;-4,431;0;0,00;18;28,00;0,000029;......((((.((((.(((....)))))))....(((...(..(((...)))..)..)))..)))).
2673;8;0;-4,430;0;0,00;17;25,00;0,000029;......((((.((((.(((....)))))))....(((..((..(.......)..)).)))..)))).
2704;8;0;-4,415;0;0,00;13;20,00;0,000028;......(.((.((((...........))))..))..)......((.....))((((......)))).
2720;8;0;-4,411;0;0,00;12;18,00;0,000028;...........((((...........))))..(...)......(((...)))((((......)))).
2724;8;0;-4,411;0;0,00;14;23,00;0,000028;...........((((.(((....)))))))....(((..((..((.....)).).).))).......
2751;8;0;-4,409;0;0,00;16;18,00;0,000028;......(.((.((((..((....)).))))..))..)......(((...)))((((......)))).
2758;8;0;-4,403;0;0,00;15;15,00;0,000027;..((...))..((((..((....)).))))....(.....)..((.....))((((......)))).
2777;8;0;-4,401;0;0,00;12;14,00;0,000027;...........((((..(......).)))).............(((...)))((((......)))).
2797;8;0;-4,398;0;0,00;17;16,00;0,000027;..((...))..((((.(((....)))))))..(...)......(((...)))((((......)))).
2799;8;0;-4,398;0;0,00;13;29,00;0,000027;.......(((.((....)).))).....((.........))..((.....))((((......)))).
2806;8;0;-4,392;0;0,00;13;12,00;0,000027;..(.....)..((((.(((....))))))).............((.....))(((........))).
2810;8;0;-4,393;0;0,00;13;8,00;0,000027;...........((((.(((....)))))))((............))......((((......)))).
2812;8;0;-4,394;0;0,00;13;11,00;0,000027;...........((((.(((....)))))))....(.....)..((.....)).(((......)))..
2816;8;0;-4,387;0;0,00;13;12,00;0,000027;..(.....)..((((..((....)).))))....((..............))((((......)))).
2818;8;0;-4,387;0;0,00;14;12,00;0,000027;...........(((..(((....))).)))...((.....)).((.....))((((......)))).
2838;8;0;-4,386;0;0,00;13;12,00;0,000027;.........(.((((.(((....)))))))..)..........((.....)).(((......)))..
2862;8;0;-4,377;0;0,00;12;18,00;0,000026;........((.((((...........))))..)).........((.....))((((......)))).
2871;8;0;-4,371;0;0,00;15;16,00;0,000026;........((.((((..((....)).))))..)).........(((...)))((((......)))).
2936;8;0;-4,356;0;0,00;12;6,00;0,000025;...........((((.(((....)))))))...............(....).((((......)))).
2971;8;0;-4,349;0;0,00;14;12,00;0,000025;...........((((.((......))))))...((.....)).((.....))((((......)))).
2988;8;0;-4,347;0;0,00;15;12,00;0,000025;.......(.(.((((.(((....)))))))....).)......((.....))((((......)))).
2989;8;0;-4,347;0;0,00;15;25,00;0,000025;...........((((.(((....)))))))..(.(((..((..((.....))..)).))).).....
3003;8;0;-4,337;0;0,00;14;14,00;0,000025;..(.....)..((((.(((....))))))).............(((...))).(((......)))..
3017;8;0;-4,334;0;0,00;9;16,00;0,000024;...........((((...........)))).............((.....))(((........))).
3041;8;0;-4,326;0;0,00;13;24,00;0,000024;..(.....)..((((.(((....)))))))....(((......((.....)).....))).......
3046;8;0;-4,327;0;0,00;15;11,00;0,000024;..(.....)..((((.(((....)))))))..(.......)..((.....))((((......)))).
3049;8;0;-4,327;0;0,00;12;14,00;0,000024;...........((((..((....)).)))).............(((...)))(((........))).
3052;8;0;-4,328;0;0,00;11;26,00;0,000024;..........(..((((....)))).)................((.....))((((......)))).
3059;8;0;-4,322;0;0,00;13;11,00;0,000024;...........(((..(((....))).)))....(.....)..((.....))((((......)))).
3088;8;0;-4,313;0;0,00;13;12,00;0,000024;.........(.(((..(((....))).)))..)..........((.....))((((......)))).
3096;8;0;-4,315;0;0,00;16;12,00;0,000024;..(.....)..((((.(((....)))))))((.((.....))..))......((((......)))).
3129;8;0;-4,306;0;0,00;12;10,00;0,000023;...........((((.(((....)))))))....((..............)).(((......)))..
3141;8;0;-4,301;0;0,00;16;16,00;0,000023;..(.....)..((((..((....)).))))...((.....)).(((...)))((((......)))).
3157;8;0;-4,299;0;0,00;15;12,00;0,000023;.........(.((((.(((....)))))))..)...((....))(.....).((((......)))).
3218;8;0;-4,288;0;0,00;10;18,00;0,000023;...........(((.............))).............(((...)))((((......)))).
3234;8;0;-4,283;0;0,00;13;11,00;0,000022;...........((((.((......))))))....(.....)..((.....))((((......)))).
3237;8;0;-4,284;0;0,00;12;25,00;0,000022;...........((((..((....)).))))....(((..(...((.....))...).))).......
3239;8;0;-4,284;0;0,00;14;9,00;0,000022;...........((((.(((....)))))))....(((...........).))((((......)))).
3240;8;0;-4,284;0;0,00;18;42,00;0,000022;......((((.((((((....))))...))....(((..((..(((...)))..)).)))..)))).
3246;8;0;-4,278;0;0,00;15;10,00;0,000022;..(.....)..((((.(((....)))))))...((.....))..(.....).((((......)))).
3251;8;0;-4,279;0;0,00;10;18,00;0,000022;...........((((...........)))).............(((...))).(((......)))..
3259;8;0;-4,281;0;0,00;14;10,00;0,000022;.....(...).((((.(((....))))))).......((.....))......((((......)))).
3265;8;0;-4,275;0;0,00;14;9,00;0,000022;...........((((.(((....))))))).....(.((.....)).)....((((......)))).
3269;8;0;-4,275;0;0,00;13;12,00;0,000022;.........(.((((.((......))))))..)..........((.....))((((......)))).
3271;8;0;-4,275;0;0,00;14;12,00;0,000022;...........((((.(((....)))))))...((.....)).((.....))(((........))).
3294;8;0;-4,266;0;0,00;15;16,00;0,000022;..((...))..((((.(((....))))))).............(((...))).(((......)))..
3297;8;0;-4,267;0;0,00;9;28,00;0,000022;...........((((...........))))....(((......((.....)).....))).......
3310;8;0;-4,262;0;0,00;14;13,00;0,000022;...........((((..((....)).))))..(.......)..(((...)))((((......)))).
3317;8;0;-4,263;0;0,00;16;18,00;0,000022;..((....((.((((..((....)).))))..)))).......((.....))((((......)))).
3330;8;0;-4,265;0;0,00;14;14,00;0,000022;..(.....)..(((..(((....))).))).............(((...)))((((......)))).
3333;8;0;-4,265;0;0,00;14;10,00;0,000022;...........((((.(((....))))))).......(....)((.....))((((......)))).
3343;8;0;-4,261;0;0,00;12;26,00;0,000022;...........((((..((....)).))))....(((......(((...))).....))).......
3344;8;0;-4,261;0;0,00;15;12,00;0,000022;.....(..((.((((.(((....)))))))..))..).......(.....).((((......)))).
3349;8;0;-4,254;0;0,00;14;26,00;0,000021;..((...))..((((.(((....)))))))....(((......((.....)).....))).......
3358;8;0;-4,250;0;0,00;16;14,00;0,000021;..(.....)..((((.(((....)))))))......((....))((...)).((((......)))).
3381;8;0;-4,254;0;0,00;15;33,00;0,000021;......((((.((((...........))))....(((..((..((.....)).).).)))..)))).
3387;8;0;-4,246;0;0,00;18;28,00;0,000021;......(((..((((.(((....)))))))....(((..((..(((...)))..)).)))...))).
3397;8;0;-4,248;0;0,00;18;31,00;0,000021;......((((.((((..((....)).))))....(((..((..(((...))).).).)))..)))).
3398;8;0;-4,248;0;0,00;15;28,00;0,000021;......((((.(((..(((....))).)))....(((......((.....)).....)))..)))).
3406;8;0;-4,249;0;0,00;16;18,00;0,000021;..(((....(.((((..((....)).))))..)))).......((.....))((((......)))).
3408;8;0;-4,249;0;0,00;11;8,00;0,000021;...........(((..(((....))).)))..............(.....).((((......)))).
3409;8;0;-4,249;0;0,00;15;16,00;0,000021;..(((......((((..((....)).))))...))).......((.....))((((......)))).
3414;8;0;-4,245;0;0,00;16;18,00;0,000021;..(((...(..((((..((....)).)))).).))).......((.....))((((......)))).
3436;8;0;-4,242;0;0,00;12;17,00;0,000021;..(.....)..((((...........))))....(.....)..((.....))((((......)))).
3445;8;0;-4,236;0;0,00;15;15,00;0,000021;..(.....)..((((..((....)).))))....(.....)..(((...)))((((......)))).
3453;8;0;-4,237;0;0,00;10;18,00;0,000021;...........((((.(((....))))))).............(((...)))...............
3471;8;0;-4,233;0;0,00;14;31,00;0,000021;.......(((.(......).)))....(((.........))).(((...)))((((......)))).
3477;8;0;-4,234;0;0,00;14;27,00;0,000021;..(.....)..((((..((....)).))))....(((..((..((.....))..)).))).......
3478;8;0;-4,234;0;0,00;12;10,00;0,000021;...........(((..(((....))).)))....((..............))((((......)))).
3481;8;0;-4,227;0;0,00;14;14,00;0,000020;..(.....)..((((.((......)))))).............(((...)))((((......)))).
3492;8;0;-4,230;0;0,00;17;18,00;0,000021;..((...))..((((..((....)).))))...((.....)).(((...)))((((......)))).
3496;8;0;-4,230;0;0,00;15;12,00;0,000021;.....(....)((((.(((....))))))).............(((...)))((((......)))).
3511;8;0;-4,225;0;0,00;15;31,00;0,000020;.......(((.((....)).)))....(((.........))).(((...)))((((......)))).
3521;8;0;-4,219;0;0,00;15;12,00;0,000020;......(.((.((((.(((....)))))))..))..).......(.....).((((......)))).
3529;8;0;-4,221;0;0,00;16;12,00;0,000020;...........((((.(((....)))))))(((.......)))((.....))((((......)))).
3530;8;0;-4,221;0;0,00;15;14,00;0,000020;...........((((.(((....)))))))...((.....)).(((...))).(((......)))..
3540;8;0;-4,222;0;0,00;17;26,00;0,000020;.......(((.((((.(((....)))))))....(((..((..((.....))..)).)))..)))..
3544;8;0;-4,216;0;0,00;16;41,00;0,000020;...........(.((((((.(((....(((.........))).(((...))).))).)).)))).).
3550;8;0;-4,219;0;0,00;14;22,00;0,000020;.....(..((.((((...........))))..))..)......(((...)))((((......)))).
3563;8;0;-4,213;0;0,00;14;12,00;0,000020;...........((((..((....)).))))...((.....))..((...)).((((......)))).
3571;8;0;-4,215;0;0,00;14;10,00;0,000020;...........((((.(((....)))))))..(...).......((...)).((((......)))).
3581;8;0;-4,210;0;0,00;15;28,00;0,000020;......((((.((((.((......))))))....(((......((.....)).....)))..)))).
3584;8;0;-4,210;0;0,00;13;11,00;0,000020;...........((((.(((....)))))))....(.....)..((.....))(((........))).
3589;8;0;-4,211;0;0,00;11;8,00;0,000020;...........((((.((......))))))..............(.....).((((......)))).
3598;8;0;-4,206;0;0,00;13;7,00;0,000020;...........((((.(((....)))))))....(.....)...(....)..((((......)))).
3613;8;0;-4,202;0;0,00;13;12,00;0,000020;.........(.((((.(((....)))))))..)..........((.....))(((........))).
3619;8;0;-4,196;0;0,00;12;10,00;0,000019;...........((((.((......))))))....((..............))((((......)))).
3638;8;0;-4,192;0;0,00;12;18,00;0,000019;...........((((...........))))......((....))((...)).((((......)))).
3653;8;0;-4,194;0;0,00;15;16,00;0,000019;..((...))..(((..(((....))).))).............(((...)))((((......)))).
3681;8;0;-4,186;0;0,00;14;12,00;0,000019;...........((((..((....)).)))).((.......)).((.....))((((......)))).
3698;8;0;-4,181;0;0,00;14;10,00;0,000019;........((.((((.(((....)))))))..))..........(.....).((((......)))).
3714;8;0;-4,176;0;0,00;14;22,00;0,000019;......(.((.((((...........))))..))..)......(((...)))((((......)))).
3719;8;0;-4,177;0;0,00;16;14,00;0,000019;.......(((.((((.(((....)))))))..))..)......((.....))((((......)))).
3731;8;0;-4,173;0;0,00;15;25,00;0,000019;...........((((.(((....)))))))....(((..((..(((...))).).).))).......
3756;8;0;-4,169;0;0,00;16;28,00;0,000018;......((((.((((..((....)).))))....(((...(..((.....)).)...)))..)))).
3767;8;0;-4,171;0;0,00;13;19,00;0,000019;..((...))..((((...........))))....(.....)..((.....))((((......)))).
3773;8;0;-4,164;0;0,00;16;17,00;0,000018;..((...))..((((..((....)).))))....(.....)..(((...)))((((......)))).
3774;8;0;-4,165;0;0,00;17;28,00;0,000018;......((((.((((.(((....)))))))..(.(((......((.....)).....))).))))).
3787;8;0;-4,167;0;0,00;13;31,00;0,000018;.......(((.(......).))).....((.........))..(((...)))((((......)))).
3810;8;0;-4,163;0;0,00;15;29,00;0,000018;..((...))..((((..((....)).))))....(((..((..((.....))..)).))).......
3811;8;0;-4,163;0;0,00;13;12,00;0,000018;..(.....)..((((..((....)).))))..............((...)).((((......)))).
3821;8;0;-4,159;0;0,00;14;31,00;0,000018;.......(((.((....)).))).....((.........))..(((...)))((((......)))).
3827;8;0;-4,153;0;0,00;14;14,00;0,000018;..(.....)..((((.(((....))))))).............(((...)))(((........))).
3842;8;0;-4,155;0;0,00;14;13,00;0,000018;...........((((.(((....)))))))....(.....)..(((...))).(((......)))..
3844;8;0;-4,156;0;0,00;15;16,00;0,000018;..((...))..((((.((......)))))).............(((...)))((((......)))).
3854;8;0;-4,150;0;0,00;16;14,00;0,000018;..(.....)..((((.(((....)))))))....((((....))......))((((......)))).
3864;8;0;-4,152;0;0,00;13;12,00;0,000018;...(...)...((((..((....)).)))).............((.....))((((......)))).
3872;8;0;-4,147;0;0,00;14;14,00;0,000018;.........(.((((.(((....)))))))..)..........(((...))).(((......)))..
3878;8;0;-4,148;0;0,00;15;14,00;0,000018;...........(((..(((....))).)))...((.....)).(((...)))((((......)))).
3902;8;0;-4,139;0;0,00;13;20,00;0,000018;........((.((((...........))))..)).........(((...)))((((......)))).
3953;8;0;-4,126;0;0,00;14;10,00;0,000017;.....(...).((((.(((....))))))).............((.....))((((......)))).
3972;8;0;-4,123;0;0,00;15;12,00;0,000017;...........((((.(((....)))))))((....((....))))......((((......)))).
3982;8;0;-4,118;0;0,00;16;31,00;0,000017;......((((.((((..(......).))))....(((..((..((.....))..)).)))..)))).
4000;8;0;-4,116;0;0,00;13;19,00;0,000017;...........((((((....))...)))).............(((...)))((((......)))).
4006;8;0;-4,116;0;0,00;13;12,00;0,000017;...........((((..((....)).)))).............((.....))((((.(...))))).
4014;8;0;-4,110;0;0,00;14;25,00;0,000017;..(.....)..((((.(((....)))))))....(((..(...((.....))...).))).......
4019;8;0;-4,110;0;0,00;15;14,00;0,000017;...........((((.((......))))))...((.....)).(((...)))((((......)))).
4043;8;0;-4,108;0;0,00;16;14,00;0,000017;.......(.(.((((.(((....)))))))....).)......(((...)))((((......)))).
4046;8;0;-4,108;0;0,00;16;27,00;0,000017;...........((((.(((....)))))))..(.(((..((..(((...)))..)).))).).....
4077;8;0;-4,099;0;0,00;12;19,00;0,000016;...........((((.(((....)))))))....(((......((.....))..........)))..
4087;8;0;-4,100;0;0,00;11;20,00;0,000016;...........(((((......)))...)).............((.....))((((......)))).
4092;8;0;-4,094;0;0,00;13;22,00;0,000016;...........((((.(((....)))))))....(((...(..((.....)).)...))).......
4099;8;0;-4,095;0;0,00;10;18,00;0,000016;...........((((...........)))).............(((...)))(((........))).
4126;8;0;-4,091;0;0,00;12;18,00;0,000016;...........((((...........))))....((((....))......))((((......)))).
4138;8;0;-4,087;0;0,00;14;26,00;0,000016;..(.....)..((((.(((....)))))))....(((......(((...))).....))).......
4150;8;0;-4,088;0;0,00;16;13,00;0,000016;..(.....)..((((.(((....)))))))..(.......)..(((...)))((((......)))).
4159;8;0;-4,089;0;0,00;12;28,00;0,000016;..........(..((((....)))).)................(((...)))((((......)))).
4169;8;0;-4,083;0;0,00;14;13,00;0,000016;...........(((..(((....))).)))....(.....)..(((...)))((((......)))).
4184;8;0;-4,086;0;0,00;14;9,00;0,000016;...........((((.(((....)))))))...(.......).((.....))((((......)))).
4205;8;0;-4,081;0;0,00;13;25,00;0,000016;...........(((..(((....))).)))....(((..((..((.....))..)).))).......
4209;8;0;-4,082;0;0,00;15;16,00;0,000016;..((...))..((((.(((....))))))).............(((...)))(((........))).
4212;8;0;-4,075;0;0,00;14;14,00;0,000016;.........(.(((..(((....))).)))..)..........(((...)))((((......)))).
4246;8;0;-4,072;0;0,00;13;7,00;0,000016;...........((((.(((....)))))))..(.......)...(.....).((((......)))).
4252;8;0;-4,073;0;0,00;18;31,00;0,000016;......((((.((((..((....)).))))..(.(((..((..((.....))..)).))).))))).
4266;8;0;-4,068;0;0,00;14;20,00;0,000016;..(.....)..((((...........))))...((.....)).(((...)))((((......)))).
4286;8;0;-4,064;0;0,00;16;18,00;0,000015;....((..((.((((..((....)).))))..))..)).....((.....))((((......)))).
4305;8;0;-4,060;0;0,00;16;14,00;0,000015;.........(.((((.(((....)))))))..)...((....))((...)).((((......)))).
4327;8;0;-4,055;0;0,00;11;18,00;0,000015;...........((((.(((....))))))).......((.....)).....((........))....
4345;8;0;-4,051;0;0,00;10;29,00;0,000015;...........((((...........))))....(((..(...((.....))...).))).......
4398;8;0;-4,045;0;0,00;14;13,00;0,000015;...........((((.((......))))))....(.....)..(((...)))((((......)))).
4400;8;0;-4,045;0;0,00;13;27,00;0,000015;...........((((..((....)).))))....(((..(...(((...)))...).))).......
4404;8;0;-4,046;0;0,00;14;9,00;0,000015;..(.....)..((((.(((....)))))))....(.....)...(.....).((((......)))).
4407;8;0;-4,046;0;0,00;11;14,00;0,000015;...........((((.(.......).)))).......((.....))......((((......)))).
4430;8;0;-4,043;0;0,00;13;25,00;0,000015;...........((((.((......))))))....(((..((..((.....))..)).))).......
4436;8;0;-4,036;0;0,00;14;14,00;0,000015;.........(.((((.((......))))))..)..........(((...)))((((......)))).
4439;8;0;-4,036;0;0,00;15;14,00;0,000015;...........((((.(((....)))))))...((.....)).(((...)))(((........))).
4450;8;0;-4,038;0;0,00;15;27,00;0,000015;..((...))..((((.(((....)))))))....(((..(...((.....))...).))).......
4456;8;0;-4,039;0;0,00;16;12,00;0,000015;..(.....)..((((.(((....)))))))...((.....))..((...)).((((......)))).
4459;8;0;-4,032;0;0,00;16;29,00;0,000015;......((((.(((..(((....))).)))....(((..(...((.....))...).)))..)))).
4489;8;0;-4,028;0;0,00;10;30,00;0,000015;...........((((...........))))....(((......(((...))).....))).......
4494;8;0;-4,029;0;0,00;12;17,00;0,000015;...........((((...........))))..(.......)..(((...)))((((......)))).
4496;8;0;-4,030;0;0,00;14;22,00;0,000015;..((....((.((((...........))))..)))).......((.....))((((......)))).
4509;8;0;-4,024;0;0,00;17;20,00;0,000014;..((....((.((((..((....)).))))..)))).......(((...)))((((......)))).
4513;8;0;-4,024;0;0,00;10;17,00;0,000014;...........((((.(((....))))))).............((.....))....(.....)....
4531;8;0;-4,027;0;0,00;15;12,00;0,000015;...........((((.(((....))))))).......(....)(((...)))((((......)))).
4547;8;0;-4,022;0;0,00;16;14,00;0,000014;.....(..((.((((.(((....)))))))..))..).......((...)).((((......)))).
4567;8;0;-4,016;0;0,00;14;22,00;0,000014;..(((....(.((((...........))))..)))).......((.....))((((......)))).
4568;8;0;-4,017;0;0,00;17;15,00;0,000014;..((...))..((((.(((....)))))))..(.......)..(((...)))((((......)))).
4569;8;0;-4,017;0;0,00;13;20,00;0,000014;..(((......((((...........))))...))).......((.....))((((......)))).
4588;8;0;-4,012;0;0,00;14;22,00;0,000014;..(((...(..((((...........)))).).))).......((.....))((((......)))).
4605;8;0;-4,014;0;0,00;12;30,00;0,000014;...((..(((.(......).)))..))................((.....))((((......)))).
4610;8;0;-4,015;0;0,00;16;35,00;0,000014;......((((.((((...........))))....(((..((..(((...))).).).)))..)))).
4613;8;0;-4,016;0;0,00;15;28,00;0,000014;..((...))..((((.(((....)))))))....(((......(((...))).....))).......
4620;8;0;-4,009;0;0,00;16;30,00;0,000014;......((((.(((..(((....))).)))....(((......(((...))).....)))..)))).
4627;8;0;-4,010;0;0,00;17;20,00;0,000014;..(((....(.((((..((....)).))))..)))).......(((...)))((((......)))).
4628;8;0;-4,010;0;0,00;12;10,00;0,000014;...........(((..(((....))).)))..............((...)).((((......)))).
4629;8;0;-4,010;0;0,00;16;18,00;0,000014;..(((......((((..((....)).))))...))).......(((...)))((((......)))).
4632;8;0;-4,012;0;0,00;16;12,00;0,000014;..(.....)..((((.(((....))))))).((.......)).((.....))((((......)))).
4634;8;0;-4,012;0;0,00;11;23,00;0,000014;...........((((..((....)).)))).............(((...)))....((...))....
4636;8;0;-4,005;0;0,00;14;35,00;0,000014;......((((.(((.............)))....(((..((..((.....))..)).)))..)))).
4646;8;0;-4,006;0;0,00;17;20,00;0,000014;..(((...(..((((..((....)).)))).).))).......(((...)))((((......)))).
4647;8;0;-4,006;0;0,00;13;30,00;0,000014;...((..(((.((....)).)))..))................((.....))((((......)))).
4648;8;0;-4,006;0;0,00;16;28,00;0,000014;......((((.((((..((....)).))))....(((...(..((.....))..)..)))..)))).
4664;8;0;-4,001;0;0,00;12;31,00;0,000014;..(.....)..((((...........))))....(((..((..((.....))..)).))).......
4671;8;0;-4,003;0;0,00;13;19,00;0,000014;..(.....)..((((...........))))....(.....)..(((...)))((((......)))).
4684;8;0;-3,997;0;0,00;14;8,00;0,000014;...........((((.(((....)))))))...((.....)).(.......)((((......)))).
4689;8;0;-3,997;0;0,00;15;22,00;0,000014;..((...))..((((...........))))...((.....)).(((...)))((((......)))).
4695;8;0;-3,995;0;0,00;15;29,00;0,000014;..(.....)..((((..((....)).))))....(((..((..(((...)))..)).))).......
4700;8;0;-3,996;0;0,00;14;10,00;0,000014;..........(((((.(((....)))))))..)....((.....))......((((......)))).
4707;8;0;-3,993;0;0,00;16;29,00;0,000014;......((((.((((.((......))))))....(((..(...((.....))...).)))..)))).
4734;8;0;-3,987;0;0,00;12;28,00;0,000014;...(((............)))......(((.........))).((.....))((((......)))).
4770;8;0;-3,983;0;0,00;18;28,00;0,000014;.......(((.((((.(((....)))))))....(((..((..(((...)))..)).)))..)))..
4779;8;0;-3,981;0;0,00;13;11,00;0,000013;...........((((..((....)).))))....(.....)...((...)).((((......)))).
4782;8;0;-3,982;0;0,00;17;14,00;0,000013;...........((((.(((....)))))))(((.......)))(((...)))((((......)))).
4791;8;0;-3,980;0;0,00;16;14,00;0,000013;......(.((.((((.(((....)))))))..))..).......((...)).((((......)))).
4823;8;0;-3,974;0;0,00;14;8,00;0,000013;...........((((.(((....)))))))(..((.....))..).......((((......)))).
4830;8;0;-3,971;0;0,00;14;13,00;0,000013;...........((((.(((....)))))))....(.....)..(((...)))(((........))).
4839;8;0;-3,972;0;0,00;12;10,00;0,000013;...........((((.((......))))))..............((...)).((((......)))).
4841;8;0;-3,973;0;0,00;13;12,00;0,000013;.........(.((((..((....)).))))..)...........((...)).((((......)))).
4849;8;0;-3,971;0;0,00;16;30,00;0,000013;......((((.((((.((......))))))....(((......(((...))).....)))..)))).
4857;8;0;-3,968;0;0,00;14;25,00;0,000013;..(.....)..((((((....))))...)).............(((...)))((((......)))).
4865;8;0;-3,966;0;0,00;14;29,00;0,000013;..........((((.....)).))...(((.........))).(((...)))((((......)))).
4871;8;0;-3,967;0;0,00;17;16,00;0,000013;...((...((.((((.(((....)))))))..))....))...((.....))((((......)))).
4882;8;0;-3,964;0;0,00;13;12,00;0,000013;...........((((.(((....)))))))..(...)......((.....)).(((......)))..
4913;8;0;-3,963;0;0,00;14;14,00;0,000013;.........(.((((.(((....)))))))..)..........(((...)))(((........))).
4920;8;0;-3,960;0;0,00;13;21,00;0,000013;...........((((.(((....)))))))...((.....)).((.....))....((...))....
4983;8;0;-3,950;0;0,00;15;39,00;0,000013;......((((.((((((....))))...))....(((......((.....)).....)))..)))).
4997;8;0;-3,949;0;0,00;18;29,00;0,000013;......((((.((((.(((....)))))))..(.(((..(...((.....))...).))).))))).
5006;8;0;-3,947;0;0,00;15;14,00;0,000013;...........((((..((....)).)))).((.......)).(((...)))((((......)))).
5029;8;0;-3,942;0;0,00;15;12,00;0,000013;..(.....)..((((.(((....))))))).............((.....))((((.(...))))).
5031;8;0;-3,942;0;0,00;15;12,00;0,000013;........((.((((.(((....)))))))..))..........((...)).((((......)))).
5035;8;0;-3,943;0;0,00;14;10,00;0,000013;.........(.((((.(((....)))))))....)..((.....))......((((......)))).
5054;8;0;-3,938;0;0,00;17;16,00;0,000013;.......(((.((((.(((....)))))))..))..)......(((...)))((((......)))).
5060;8;0;-3,936;0;0,00;14;32,00;0,000012;......((((.((((...........))))....(((...(..((.....)).)...)))..)))).
5078;8;0;-3,932;0;0,00;14;21,00;0,000012;..((...))..((((...........))))....(.....)..(((...)))((((......)))).
5091;8;0;-3,930;0;0,00;17;30,00;0,000012;......((((.((((..((....)).))))....(((...(..(((...))).)...)))..)))).
5092;8;0;-3,930;0;0,00;13;33,00;0,000012;..((...))..((((...........))))....(((..((..((.....))..)).))).......
5099;8;0;-3,931;0;0,00;15;11,00;0,000012;.........(.((((.(((....)))))))..).(.....)..((.....))((((......)))).
5101;8;0;-3,931;0;0,00;13;7,00;0,000012;...........((((.(((....)))))))....(.....)..(.......)((((......)))).
5102;8;0;-3,931;0;0,00;13;22,00;0,000012;...........((((.(((....)))))))....(((...(..((.....))..)..))).......
5115;8;0;-3,926;0;0,00;18;30,00;0,000012;......((((.((((.(((....)))))))..(.(((......(((...))).....))).))))).
5131;8;0;-3,924;0;0,00;16;31,00;0,000012;..((...))..((((..((....)).))))....(((..((..(((...)))..)).))).......
5144;8;0;-3,923;0;0,00;13;8,00;0,000012;.........(.((((.(((....)))))))..)..........(.......)((((......)))).
5155;8;0;-3,921;0;0,00;11;28,00;0,000012;...(((............))).......((.........))..((.....))((((......)))).
5164;8;0;-3,919;0;0,00;11;16,00;0,000012;...(...)...((((...........)))).............((.....))((((......)))).
5173;8;0;-3,917;0;0,00;16;26,00;0,000012;......((((.((((.(((....)))))))....(((((.....))...........)))..)))).
5189;8;0;-3,916;0;0,00;11;12,00;0,000012;...........((((.(((....))))))).............((.....))((..........)).
5194;8;0;-3,912;0;0,00;12;14,00;0,000012;..(.....)..((((..((....)).)))).............((.....)).(((......)))..
5198;8;0;-3,913;0;0,00;14;14,00;0,000012;...(...)...((((..((....)).)))).............(((...)))((((......)))).
5200;8;0;-3,913;0;0,00;15;25,00;0,000012;......(((..((((.(((....)))))))....(((......((.....)).....)))...))).
5227;8;0;-3,907;0;0,00;11;15,00;0,000012;...........((((.(.....)...)))).............((.....))((((......)))).
5236;8;0;-3,904;0;0,00;16;14,00;0,000012;.....(..((.((((.(((....)))))))..))..)((.....))......((((......)))).
5275;8;0;-3,900;0;0,00;13;29,00;0,000012;..........((((.....)).))....((.........))..(((...)))((((......)))).
5276;8;0;-3,896;0;0,00;15;27,00;0,000012;..((...))..((((((....))))...)).............(((...)))((((......)))).
5292;8;0;-3,895;0;0,00;15;12,00;0,000012;...........((((.(((....)))))))....((.((.....))....))((((......)))).
5308;8;0;-3,894;0;0,00;12;20,00;0,000012;...........((((.(((....)))))))....(.....)..((.....))....((...))....
5322;8;0;-3,891;0;0,00;11;14,00;0,000012;...........((((.(.......).)))).............((.....))((((......)))).
5323;8;0;-3,892;0;0,00;13;12,00;0,000012;...........(((..(((....))).)))..(...)......((.....))((((......)))).
5333;8;0;-3,890;0;0,00;13;11,00;0,000012;...........((((.(((....))))))).............((.....))(((.(.....)))).
5336;8;0;-3,890;0;0,00;11;12,00;0,000012;...........((((.(........))))).......((.....))......((((......)))).
5342;8;0;-3,887;0;0,00;15;12,00;0,000011;.....(...).((((.(((....))))))).............(((...)))((((......)))).
5349;8;0;-3,888;0;0,00;14;8,00;0,000012;...........((((.(((....)))))))...((.....))...(...)..((((......)))).
5355;8;0;-3,885;0;0,00;13;8,00;0,000011;...........((((.(((....))))))).......(....).(.....).((((......)))).
5371;8;0;-3,883;0;0,00;14;17,00;0,000011;...........((((.(((....))))))).............(((...)))((..((...)).)).
5374;8;0;-3,883;0;0,00;11;16,00;0,000011;...........((((...........)))).............((.....))((((.(...))))).
5392;8;0;-3,879;0;0,00;17;33,00;0,000011;......((((.((((..(......).))))....(((..((..(((...)))..)).)))..)))).
5413;8;0;-3,877;0;0,00;14;14,00;0,000011;...........((((..((....)).)))).............(((...)))((((.(...))))).
5414;8;0;-3,877;0;0,00;14;17,00;0,000011;...........((((..((....)).)))).............(((...)))(((.((...))))).
5424;8;0;-3,875;0;0,00;13;31,00;0,000011;..(((........((((....))))........))).......((.....))((((......)))).
5469;8;0;-3,871;0;0,00;15;27,00;0,000011;..(.....)..((((.(((....)))))))....(((..(...(((...)))...).))).......
5483;8;0;-3,866;0;0,00;14;29,00;0,000011;..........(..((((....)))).).((.........))..(((...)))((((......)))).
5504;8;0;-3,861;0;0,00;16;18,00;0,000011;..(((....(.((((..((....)).))))..)))).((.....))......((((......)))).
5505;8;0;-3,861;0;0,00;12;22,00;0,000011;...........(((((......)))...)).............(((...)))((((......)))).
5506;8;0;-3,861;0;0,00;15;16,00;0,000011;..(((......((((..((....)).))))...))).((.....))......((((......)))).
5511;8;0;-3,862;0;0,00;16;14,00;0,000011;......(.((.((((.(((....)))))))..))..)((.....))......((((......)))).
5522;8;0;-3,860;0;0,00;13;21,00;0,000011;...........((((.(((....)))))))....(((......(((...)))..........)))..
5530;8;0;-3,861;0;0,00;16;12,00;0,000011;...(...)...((((.(((....)))))))...((.....)).((.....))((((......)))).
5534;8;0;-3,857;0;0,00;15;24,00;0,000011;......((((.((((.(((....)))))))....(((......(.......).....)))..)))).
5573;8;0;-3,855;0;0,00;14;24,00;0,000011;...........((((.(((....)))))))....(((...(..(((...))).)...))).......
5587;8;0;-3,853;0;0,00;13;12,00;0,000011;...........((((.((......))))))..(...)......((.....))((((......)))).
5598;8;0;-3,851;0;0,00;15;25,00;0,000011;...........((((((....))))...))...((.....)).(((...)))((((......)))).
103;9;0;-6,632;1;0,00;14;5,00;0,001182;...........((((.(((....)))))))..........((.....))...(((.((...))))).
155;9;0;-6,373;0;0,00;14;10,00;0,000763;...........((((.(((....)))))))......((....))........((((.(...))))).
156;9;0;-6,373;0;0,00;14;13,00;0,000763;...........((((.(((....)))))))......((....))........(((.((...))))).
248;9;0;-6,070;0;0,00;12;6,00;0,000458;...........((((.(((....)))))))......................((((.(...))))).
249;9;1;-6,070;0;0,00;12;9,00;0,000458;...........((((.(((....)))))))......................(((.((...))))).
289;9;0;-5,974;0;0,00;13;7,00;0,000389;...........((((.(((....)))))))..........((.....))...((..((...)).)).
296;9;0;-5,968;0;0,00;13;7,00;0,000386;...........((((..((....)).))))..........((.....))...(((.((...))))).
433;9;0;-5,715;0;0,00;13;15,00;0,000251;...........((((.(((....)))))))......((....))........((..((...)).)).
435;9;0;-5,709;0;0,00;13;15,00;0,000249;...........((((..((....)).))))......((....))........(((.((...))))).
476;9;0;-5,648;0;0,00;11;11,00;0,000225;...........((((.(((....)))))))..........((.....)).......((...))....
553;9;0;-5,535;0;0,00;15;15,00;0,000185;..(.....)..((((.(((....)))))))......((....))........(((.((...))))).
581;9;0;-5,493;0;0,00;11;18,00;0,000173;...........((((.(((....)))))))......((....)).......((........))....
593;9;0;-5,482;0;0,00;13;11,00;0,000170;...........((((.(((....)))))))......((....))........(((.(.....)))).
603;9;0;-5,476;0;0,00;11;19,00;0,000168;...........((((...........))))......((....))........(((.((...))))).
661;9;0;-5,412;0;0,00;11;11,00;0,000151;...........((((.(((....)))))))......................((..((...)).)).
666;9;0;-5,406;0;0,00;11;11,00;0,000149;...........((((..((....)).))))......................(((.((...))))).
671;9;0;-5,400;0;0,00;11;19,00;0,000148;...........((((.(((....)))))))......((....)).......((...)).........
687;9;0;-5,389;0;0,00;11;19,00;0,000145;...........((((.(((....)))))))......((....))............((...))....
723;9;0;-5,344;0;0,00;15;12,00;0,000134;.........(.((((.(((....)))))))..)...((....))........((((.(...))))).
724;9;0;-5,344;0;0,00;15;15,00;0,000134;.........(.((((.(((....)))))))..)...((....))........(((.((...))))).
763;9;0;-5,310;0;0,00;12;9,00;0,000127;...........((((..((....)).))))..........((.....))...((..((...)).)).
800;9;0;-5,282;0;0,00;14;8,00;0,000121;...........((((.(((....)))))))...((.....))..........((((.(...))))).
801;9;0;-5,282;0;0,00;14;11,00;0,000121;...........((((.(((....)))))))...((.....))..........(((.((...))))).
857;9;0;-5,232;0;0,00;13;11,00;0,000111;..(.....)..((((.(((....)))))))......................(((.((...))))).
913;9;0;-5,191;0;0,00;9;14,00;0,000104;...........((((.(((....))))))).....................((........))....
922;9;0;-5,180;0;0,00;11;7,00;0,000102;...........((((.(((....)))))))......................(((.(.....)))).
935;9;0;-5,174;0;0,00;9;15,00;0,000101;...........((((...........))))......................(((.((...))))).
962;9;0;-5,158;0;0,00;13;12,00;0,000098;...........((((.(((....)))))))......((....))........(((..(...).))).
1037;9;0;-5,098;0;0,00;9;15,00;0,000089;...........((((.(((....))))))).....................((...)).........
1055;9;0;-5,086;0;0,00;9;15,00;0,000087;...........((((.(((....)))))))..........................((...))....
1120;9;0;-5,051;0;0,00;12;17,00;0,000082;...........((((..((....)).))))......((....))........((..((...)).)).
1125;9;0;-5,050;0;0,00;13;7,00;0,000082;...........((((.(((....)))))))....(.....)...........((((.(...))))).
1126;9;0;-5,050;0;0,00;13;10,00;0,000082;...........((((.(((....)))))))....(.....)...........(((.((...))))).
1137;9;0;-5,042;0;0,00;13;8,00;0,000081;.........(.((((.(((....)))))))..)...................((((.(...))))).
1138;9;0;-5,042;0;0,00;13;11,00;0,000081;.........(.((((.(((....)))))))..)...................(((.((...))))).
1215;9;0;-4,984;0;0,00;10;13,00;0,000073;...........((((..((....)).))))..........((.....)).......((...))....
1225;9;0;-4,978;0;0,00;13;7,00;0,000072;...........(((..(((....))).)))..........((.....))...(((.((...))))).
1298;9;0;-4,939;0;0,00;13;7,00;0,000068;...........((((.((......))))))..........((.....))...(((.((...))))).
1304;9;0;-4,935;0;0,00;14;10,00;0,000067;...........((((.(((....))))))).......((.....))......((((.(...))))).
1305;9;0;-4,935;0;0,00;14;13,00;0,000067;...........((((.(((....))))))).......((.....))......(((.((...))))).
1342;9;0;-4,914;0;0,00;11;19,00;0,000065;...........((((.(((....))))))).............((.....))....((...))....
1422;9;0;-4,877;0;0,00;14;17,00;0,000061;..(.....)..((((.(((....)))))))......((....))........((..((...)).)).
1446;9;0;-4,871;0;0,00;14;17,00;0,000061;..(.....)..((((..((....)).))))......((....))........(((.((...))))).
1458;9;0;-4,856;0;0,00;11;8,00;0,000059;...........((((.(((....)))))))......................(((..(...).))).
1473;9;0;-4,849;0;0,00;12;20,00;0,000058;...........((((.(((....)))))))......((....))....(..((...)).).......
1487;9;0;-4,846;0;0,00;12;18,00;0,000058;...........((((.(((....)))))))......((....))....(..((........))..).
1528;9;0;-4,824;0;0,00;12;13,00;0,000056;...........((((.(((....)))))))......((....))........((..(.....).)).
1553;9;0;-4,818;0;0,00;10;21,00;0,000055;...........((((...........))))......((....))........((..((...)).)).
1583;9;0;-4,801;0;0,00;12;19,00;0,000054;...........((((.(((....)))))))......((....)).......(((.....).))....
1649;9;0;-4,780;0;0,00;14;13,00;0,000052;...........((((.(((....))))))).............((.....))(((.((...))))).
1706;9;0;-4,748;0;0,00;10;13,00;0,000049;...........((((..((....)).))))......................((..((...)).)).
1767;9;0;-4,725;0;0,00;10;21,00;0,000047;...........((((..((....)).))))......((....))............((...))....
1781;9;0;-4,718;0;0,00;13;12,00;0,000047;...........(((..(((....))).)))......((....))........((((.(...))))).
1782;9;0;-4,718;0;0,00;13;15,00;0,000047;...........(((..(((....))).)))......((....))........(((.((...))))).
1856;9;0;-4,686;0;0,00;14;17,00;0,000044;.........(.((((.(((....)))))))..)...((....))........((..((...)).)).
1862;9;0;-4,680;0;0,00;13;12,00;0,000044;...........((((.((......))))))......((....))........((((.(...))))).
1863;9;0;-4,680;0;0,00;13;15,00;0,000044;...........((((.((......))))))......((....))........(((.((...))))).
1868;9;0;-4,681;0;0,00;14;17,00;0,000044;.........(.((((..((....)).))))..)...((....))........(((.((...))))).
1882;9;0;-4,678;0;0,00;13;8,00;0,000044;...........((((.(((....)))))))......(......)........((((.(...))))).
1883;9;0;-4,678;0;0,00;13;11,00;0,000044;...........((((.(((....)))))))......(......)........(((.((...))))).
1959;9;0;-4,650;0;0,00;16;14,00;0,000042;........((.((((.(((....)))))))..))..((....))........((((.(...))))).
1960;9;0;-4,650;0;0,00;16;17,00;0,000042;........((.((((.(((....)))))))..))..((....))........(((.((...))))).
1986;9;0;-4,638;0;0,00;12;21,00;0,000041;..(.....)..((((...........))))......((....))........(((.((...))))).
2032;9;0;-4,624;0;0,00;13;13,00;0,000040;...........((((.(((....)))))))...((.....))..........((..((...)).)).
2040;9;0;-4,618;0;0,00;13;13,00;0,000040;...........((((..((....)).))))...((.....))..........(((.((...))))).
2044;9;0;-4,620;0;0,00;13;8,00;0,000040;...........((((.(((....)))))))..(...)...............((((.(...))))).
2045;9;0;-4,620;0;0,00;13;11,00;0,000040;...........((((.(((....)))))))..(...)...............(((.((...))))).
2076;9;0;-4,609;0;0,00;13;7,00;0,000039;...........((((.(((....)))))))......(...........)...((((.(...))))).
2077;9;0;-4,609;0;0,00;13;10,00;0,000039;...........((((.(((....)))))))......(...........)...(((.((...))))).
2105;9;0;-4,597;0;0,00;13;20,00;0,000038;...........((((.(((....)))))))......((....)).......((((...)).))....
2153;9;0;-4,574;0;0,00;12;13,00;0,000037;..(.....)..((((.(((....)))))))......................((..((...)).)).
2181;9;0;-4,569;0;0,00;12;13,00;0,000036;..(.....)..((((..((....)).))))......................(((.((...))))).
2203;9;0;-4,562;0;0,00;12;21,00;0,000036;..(.....)..((((.(((....)))))))......((....)).......((...)).........
2220;9;0;-4,551;0;0,00;12;21,00;0,000035;..(.....)..((((.(((....)))))))......((....))............((...))....
2232;9;0;-4,547;0;0,00;10;16,00;0,000035;...........((((.(((....)))))))..................(..((...)).).......
2239;9;0;-4,549;0;0,00;17;11,00;0,000035;..(((......((((.(((....)))))))...)))....((.....))...(((.((...))))).
2243;9;0;-4,551;0;0,00;12;18,00;0,000035;...........((((.(((....)))))))......((....))....(..((........)).)..
2247;9;0;-4,544;0;0,00;10;14,00;0,000035;...........((((.(((....)))))))..................(..((........))..).
2325;9;0;-4,522;0;0,00;10;9,00;0,000034;...........((((.(((....)))))))......................((..(.....).)).
2334;9;0;-4,516;0;0,00;8;17,00;0,000033;...........((((...........))))......................((..((...)).)).
2385;9;0;-4,500;0;0,00;14;9,00;0,000032;...........((((.(((....))))))).....((...........))..((((.(...))))).
2386;9;0;-4,500;0;0,00;14;12,00;0,000032;...........((((.(((....))))))).....((...........))..(((.((...))))).
2399;9;0;-4,504;0;0,00;8;25,00;0,000033;...........((((...........))))......((....)).......((...)).........
2410;9;0;-4,498;0;0,00;10;17,00;0,000032;...........((((.(((....)))))))......((....))............(.....)....
2412;9;0;-4,499;0;0,00;10;15,00;0,000032;...........((((.(((....))))))).....................(((.....).))....
2420;9;0;-4,492;0;0,00;8;25,00;0,000032;...........((((...........))))......((....))............((...))....
2540;9;0;-4,463;0;0,00;13;11,00;0,000030;...........((((.(((....)))))))..........((.....))....((.((...)).)).
2553;9;0;-4,465;0;0,00;12;20,00;0,000030;.........(.((((.(((....)))))))..)...((....)).......((........))....
2566;9;0;-4,454;0;0,00;14;13,00;0,000030;.........(.((((.(((....)))))))..)...((....))........(((.(.....)))).
2587;9;0;-4,452;0;0,00;15;7,00;0,000030;...(...)...((((.(((....)))))))..........((.....))...(((.((...))))).
2604;9;0;-4,448;0;0,00;12;21,00;0,000030;.........(.((((...........))))..)...((....))........(((.((...))))).
2618;9;0;-4,444;0;0,00;15;13,00;0,000029;..(.....)..((((.(((....)))))))...((.....))..........(((.((...))))).
2632;9;0;-4,434;0;0,00;8;17,00;0,000029;...........((((..((....)).)))).....................((...)).........
2665;9;0;-4,428;0;0,00;15;12,00;0,000029;.....(..((.((((.(((....)))))))..))..)...............((((.(...))))).
2666;9;0;-4,428;0;0,00;15;15,00;0,000029;.....(..((.((((.(((....)))))))..))..)...............(((.((...))))).
2677;9;0;-4,423;0;0,00;8;17,00;0,000028;...........((((..((....)).))))..........................((...))....
2706;9;0;-4,416;0;0,00;11;8,00;0,000028;...........(((..(((....))).)))......................((((.(...))))).
2707;9;0;-4,416;0;0,00;11;11,00;0,000028;...........(((..(((....))).)))......................(((.((...))))).
2714;9;0;-4,410;0;0,00;13;4,00;0,000028;...........((((.(((....)))))))..........(.......)...((((.(...))))).
2715;9;0;-4,410;0;0,00;13;7,00;0,000028;...........((((.(((....)))))))..........(.......)...(((.((...))))).
2757;9;0;-4,403;0;0,00;11;16,00;0,000027;...........((((.(((....)))))))...((.....)).........((........))....
2803;9;0;-4,392;0;0,00;13;9,00;0,000027;...........((((.(((....)))))))...((.....))..........(((.(.....)))).
2807;9;0;-4,392;0;0,00;12;12,00;0,000027;...........((((.(((....)))))))....(.....)...........((..((...)).)).
2834;9;0;-4,384;0;0,00;12;13,00;0,000027;.........(.((((.(((....)))))))..)...................((..((...)).)).
2836;9;0;-4,386;0;0,00;15;12,00;0,000027;......(.((.((((.(((....)))))))..))..)...............((((.(...))))).
2837;9;0;-4,386;0;0,00;15;15,00;0,000027;......(.((.((((.(((....)))))))..))..)...............(((.((...))))).
2843;9;0;-4,386;0;0,00;12;12,00;0,000027;...........((((..((....)).))))....(.....)...........(((.((...))))).
2853;9;0;-4,381;0;0,00;15;24,00;0,000026;......((((.((((.(((....)))))))..(.(((....................))).))))).
2863;9;0;-4,378;0;0,00;11;8,00;0,000026;...........((((.((......))))))......................((((.(...))))).
2864;9;0;-4,378;0;0,00;11;11,00;0,000026;...........((((.((......))))))......................(((.((...))))).
2869;9;0;-4,378;0;0,00;12;13,00;0,000026;.........(.((((..((....)).))))..)...................(((.((...))))).
2874;9;0;-4,372;0;0,00;12;21,00;0,000026;.........(.((((.(((....)))))))..)...((....)).......((...)).........
2920;9;0;-4,360;0;0,00;12;21,00;0,000026;.........(.((((.(((....)))))))..)...((....))............((...))....
2965;9;0;-4,348;0;0,00;14;10,00;0,000025;........((.((((.(((....)))))))..))..................((((.(...))))).
2966;9;0;-4,348;0;0,00;14;13,00;0,000025;........((.((((.(((....)))))))..))..................(((.((...))))).
3000;9;0;-4,336;0;0,00;10;17,00;0,000025;..(.....)..((((...........))))......................(((.((...))))).
3053;9;0;-4,320;0;0,00;14;14,00;0,000024;..(.....)..((((.(((....)))))))......((....))........(((..(...).))).
3080;9;0;-4,320;0;0,00;12;9,00;0,000024;...........(((..(((....))).)))..........((.....))...((..((...)).)).
3109;9;0;-4,310;0;0,00;11;17,00;0,000023;...........((((.(((....)))))))...((.....)).........((...)).........
3153;9;0;-4,298;0;0,00;11;17,00;0,000023;...........((((.(((....)))))))...((.....))..............((...))....
3167;9;0;-4,294;0;0,00;11;16,00;0,000023;...........((((.(((....))))))).....................((((...)).))....
3226;9;0;-4,281;0;0,00;12;9,00;0,000022;...........((((.((......))))))..........((.....))...((..((...)).)).
3278;9;0;-4,277;0;0,00;13;15,00;0,000022;...........((((.(((....))))))).......((.....))......((..((...)).)).
3286;9;0;-4,271;0;0,00;13;15,00;0,000022;...........((((..((....)).)))).......((.....))......(((.((...))))).
3339;9;0;-4,260;0;0,00;10;17,00;0,000022;..(.....)..((((.(((....))))))).....................((...)).........
3359;9;0;-4,250;0;0,00;10;21,00;0,000021;...........((((..((....)).)))).............((.....))....((...))....
3401;9;0;-4,248;0;0,00;10;14,00;0,000021;...........((((.(((....)))))))..................(..((........)).)..
3402;9;0;-4,248;0;0,00;10;17,00;0,000021;..(.....)..((((.(((....)))))))..........................((...))....
3411;9;0;-4,242;0;0,00;16;24,00;0,000021;......((((.((((.(((....)))))))......((....))....(..((...)).)..)))).
3425;9;0;-4,239;0;0,00;13;7,00;0,000021;...........((((.(((....)))))))..(.......)...........((((.(...))))).
3426;9;0;-4,239;0;0,00;13;10,00;0,000021;...........((((.(((....)))))))..(.......)...........(((.((...))))).
3560;9;0;-4,212;0;0,00;14;12,00;0,000020;..(.....)..((((.(((....)))))))....(.....)...........(((.((...))))).
3564;9;0;-4,213;0;0,00;13;19,00;0,000020;..(.....)..((((..((....)).))))......((....))........((..((...)).)).
3612;9;0;-4,201;0;0,00;6;21,00;0,000020;...........((((...........)))).....................((...)).........
3617;9;0;-4,203;0;0,00;13;19,00;0,000020;...........((((.(((....)))))))......((....)).........((.((...)).)).
3620;9;0;-4,196;0;0,00;8;13,00;0,000019;...........((((.(((....)))))))..........................(.....)....
3639;9;0;-4,192;0;0,00;10;10,00;0,000019;...........((((..((....)).))))......................(((..(...).))).
3641;9;0;-4,192;0;0,00;15;15,00;0,000019;...(...)...((((.(((....)))))))......((....))........(((.((...))))).
3672;9;0;-4,190;0;0,00;6;21,00;0,000019;...........((((...........))))..........................((...))....
3682;9;0;-4,186;0;0,00;11;22,00;0,000019;...........((((..((....)).))))......((....))....(..((...)).).......
3766;9;0;-4,171;0;0,00;10;15,00;0,000019;...........((((.(((....)))))))....(.....)..........((........))....
3793;9;0;-4,161;0;0,00;13;7,00;0,000018;...........((((.(((....)))))))..........((.....))....((.((...))))..
3805;9;0;-4,162;0;0,00;10;16,00;0,000018;.........(.((((.(((....)))))))..)..................((........))....
3824;9;0;-4,160;0;0,00;12;8,00;0,000018;...........((((.(((....)))))))....(.....)...........(((.(.....)))).
3832;9;0;-4,154;0;0,00;10;16,00;0,000018;...........((((...........))))....(.....)...........(((.((...))))).
3835;9;0;-4,154;0;0,00;13;19,00;0,000018;...........((((.(((....)))))))......((....))....(..(((.....).))..).
3863;9;0;-4,152;0;0,00;12;9,00;0,000018;.........(.((((.(((....)))))))..)...................(((.(.....)))).
3869;9;0;-4,146;0;0,00;10;17,00;0,000018;.........(.((((...........))))..)...................(((.((...))))).
3933;9;0;-4,130;0;0,00;14;14,00;0,000017;.........(.((((.(((....)))))))..)...((....))........(((..(...).))).
3961;9;0;-4,122;0;0,00;13;15,00;0,000017;...........((((.(((....))))))).............((.....))((..((...)).)).
4007;9;0;-4,116;0;0,00;13;15,00;0,000017;...........((((..((....)).)))).............((.....))(((.((...))))).
4030;9;0;-4,112;0;0,00;13;20,00;0,000017;...........((((.(((....)))))))......((....))....((....))((...))....
4065;9;0;-4,105;0;0,00;15;7,00;0,000017;.....(....)((((.(((....)))))))..........((.....))...(((.((...))))).
4114;9;0;-4,097;0;0,00;15;15,00;0,000016;..(.....)..((((.(((....))))))).......((.....))......(((.((...))))).
4118;9;0;-4,090;0;0,00;14;11,00;0,000016;...........((((.(((....))))))).((.......))..........(((.((...))))).
4228;9;0;-4,076;0;0,00;12;21,00;0,000016;..(.....)..((((.(((....))))))).............((.....))....((...))....
4233;9;0;-4,078;0;0,00;10;16,00;0,000016;...........((((.(((....)))))))....(.....)..........((...)).........
4262;9;0;-4,068;0;0,00;13;10,00;0,000016;...........((((.(((....)))))))...((.....))..........(((..(...).))).
4271;9;0;-4,069;0;0,00;10;17,00;0,000016;.........(.((((.(((....)))))))..)..................((...)).........
4288;9;0;-4,064;0;0,00;13;8,00;0,000016;...........((((.(((....))))))).......(....).........((((.(...))))).
4289;9;0;-4,064;0;0,00;13;11,00;0,000016;...........((((.(((....))))))).......(....).........(((.((...))))).
4300;9;0;-4,066;0;0,00;10;16,00;0,000016;...........((((.(((....)))))))....(.....)...............((...))....
4306;9;0;-4,060;0;0,00;12;17,00;0,000015;...........(((..(((....))).)))......((....))........((..((...)).)).
4344;9;0;-4,058;0;0,00;10;17,00;0,000015;.........(.((((.(((....)))))))..).......................((...))....
4397;9;0;-4,044;0;0,00;13;11,00;0,000015;...........((((.(((....))))))).......((.....))......(((.(.....)))).
4452;9;0;-4,038;0;0,00;11;19,00;0,000015;...........((((...........)))).......((.....))......(((.((...))))).
4539;9;0;-4,020;0;0,00;12;13,00;0,000014;...........((((.(((....)))))))......(......)........((..((...)).)).
4546;9;0;-4,022;0;0,00;12;17,00;0,000014;...........((((.((......))))))......((....))........((..((...)).)).
4552;9;0;-4,023;0;0,00;13;19,00;0,000014;.........(.((((..((....)).))))..)...((....))........((..((...)).)).
4564;9;0;-4,016;0;0,00;12;17,00;0,000014;...........((((..(......).))))......((....))........(((.((...))))).
4573;9;0;-4,018;0;0,00;8;25,00;0,000014;...........((((...........)))).............((.....))....((...))....
4575;9;0;-4,018;0;0,00;12;10,00;0,000014;..(.....)..((((.(((....)))))))......................(((..(...).))).
4586;9;0;-4,019;0;0,00;15;13,00;0,000014;...........((((.(((....)))))))(((.......))).........(((.((...))))).
4604;9;0;-4,014;0;0,00;12;13,00;0,000014;...........((((..((....)).))))......(......)........(((.((...))))).
4633;9;0;-4,012;0;0,00;13;22,00;0,000014;..(.....)..((((.(((....)))))))......((....))....(..((...)).).......
4659;9;0;-4,000;0;0,00;16;17,00;0,000014;..((....((.((((.(((....)))))))..))))................(((.((...))))).
4701;9;0;-3,992;0;0,00;15;19,00;0,000014;........((.((((.(((....)))))))..))..((....))........((..((...)).)).
4710;9;0;-3,994;0;0,00;10;13,00;0,000014;...........(((..(((....))).)))..........((.....)).......((...))....
4721;9;0;-3,992;0;0,00;11;20,00;0,000014;...........((((.(((....)))))))..(.(((....................))).).....
4731;9;0;-3,987;0;0,00;15;19,00;0,000014;........((.((((..((....)).))))..))..((....))........(((.((...))))).
4736;9;0;-3,987;0;0,00;16;17,00;0,000014;..(((....(.((((.(((....)))))))..))))................(((.((...))))).
4739;9;0;-3,987;0;0,00;15;15,00;0,000014;..(((......((((.(((....)))))))...)))................(((.((...))))).
4763;9;0;-3,983;0;0,00;16;17,00;0,000014;..(((...(..((((.(((....))))))).).)))................(((.((...))))).
4794;9;0;-3,980;0;0,00;11;23,00;0,000013;..(.....)..((((...........))))......((....))........((..((...)).)).
4903;9;0;-3,962;0;0,00;12;13,00;0,000013;...........((((.(((....)))))))..(...)...............((..((...)).)).
4905;9;0;-3,962;0;0,00;11;19,00;0,000013;...........((((.(((....))))))).......((.....)).....((...)).........
4918;9;0;-3,959;0;0,00;8;14,00;0,000013;...........((((...........))))......................(((..(...).))).
4927;9;0;-3,960;0;0,00;12;15,00;0,000013;...........((((..((....)).))))...((.....))..........((..((...)).)).
4940;9;0;-3,956;0;0,00;10;13,00;0,000013;...........((((.((......))))))..........((.....)).......((...))....
4944;9;0;-3,956;0;0,00;12;13,00;0,000013;...........((((..((....)).))))..(...)...............(((.((...))))).
4980;9;0;-3,950;0;0,00;14;20,00;0,000013;...........((((.(((....)))))))......((....))....(..((((...)).))..).
4986;9;0;-3,951;0;0,00;12;12,00;0,000013;...........((((.(((....)))))))......(...........)...((..((...)).)).
4987;9;0;-3,951;0;0,00;11;19,00;0,000013;...........((((.(((....))))))).......((.....))..........((...))....
5020;9;0;-3,945;0;0,00;12;12,00;0,000013;...........((((..((....)).))))......(...........)...(((.((...))))).
5030;9;0;-3,942;0;0,00;15;15,00;0,000013;..(.....)..((((.(((....))))))).............((.....))(((.((...))))).
5185;9;0;-3,915;0;0,00;15;12,00;0,000012;...........((((.(((....)))))))...(..((....)).)......((((.(...))))).
5186;9;0;-3,915;0;0,00;15;15,00;0,000012;...........((((.(((....)))))))...(..((....)).)......(((.((...))))).
5206;9;0;-3,911;0;0,00;11;15,00;0,000012;..(.....)..((((..((....)).))))......................((..((...)).)).
5224;9;0;-3,906;0;0,00;15;12,00;0,000012;.........(.((((.(((....)))))))..)....((.....))......((((.(...))))).
5225;9;0;-3,906;0;0,00;15;15,00;0,000012;.........(.((((.(((....)))))))..)....((.....))......(((.((...))))).
5245;9;0;-3,903;0;0,00;10;21,00;0,000012;...........(((.............)))......((....))........(((.((...))))).
5254;9;0;-3,901;0;0,00;11;15,00;0,000012;...........((((.(((....))))))).......................((.((...)).)).
5256;9;0;-3,901;0;0,00;13;12,00;0,000012;...........((((.(((....)))))))......((....)).........(((.(...))))..
5257;9;0;-3,901;0;0,00;13;15,00;0,000012;...........((((.(((....)))))))......((....)).........((.((...))))..
5265;9;0;-3,899;0;0,00;11;23,00;0,000012;..(.....)..((((..((....)).))))......((....)).......((...)).........
5304;9;0;-3,893;0;0,00;12;11,00;0,000012;...........((((.(((....)))))))..........((.....))....(..((...))..).
5318;9;0;-3,891;0;0,00;16;13,00;0,000012;..(((......((((.(((....)))))))...)))....((.....))...((..((...)).)).
5332;9;0;-3,890;0;0,00;13;11,00;0,000012;...(...)...((((.(((....)))))))......................(((.((...))))).
5339;9;0;-3,887;0;0,00;11;23,00;0,000011;..(.....)..((((..((....)).))))......((....))............((...))....
5357;9;0;-3,885;0;0,00;16;13,00;0,000011;..(((......((((..((....)).))))...)))....((.....))...(((.((...))))).
5360;9;0;-3,886;0;0,00;12;21,00;0,000011;.........(.((((.(((....)))))))..)..........((.....))....((...))....
5373;9;0;-3,883;0;0,00;9;18,00;0,000011;...........((((..((....)).))))..................(..((...)).).......
5375;9;0;-3,883;0;0,00;11;19,00;0,000011;...........((((...........)))).............((.....))(((.((...))))).
5406;9;0;-3,880;0;0,00;14;17,00;0,000011;..(.....)..(((..(((....))).)))......((....))........(((.((...))))).
5542;9;0;-3,859;0;0,00;13;19,00;0,000011;...........((((.(((....)))))))......((....))....(..(((.....).)).)..
5576;9;0;-3,852;0;0,00;11;15,00;0,000011;...........((((.(((....)))))))..................(..(((.....).))..).
1;10;0;-8,849;1;0,00;13;0,00;0,049811;...........((((.(((....)))))))..........((.....))...((((......)))).
5;10;0;-8,185;0;0,00;12;2,00;0,016247;...........((((..((....)).))))..........((.....))...((((......)))).
12;10;1;-7,820;0;0,00;14;2,00;0,008781;.........(.((((.(((....)))))))..).......((.....))...((((......)))).
21;10;0;-7,581;0;0,00;15;4,00;0,005868;.........(.((((.(((....)))))))..).......(((...)))...((((......)))).
23;10;0;-7,499;0;0,00;13;6,00;0,005102;...........((((.(((....)))))))...((.....))..........((((......)))).
26;10;0;-7,398;0;0,00;14;2,00;0,004309;...........((((.(((....)))))))..(...)...((.....))...((((......)))).
33;10;0;-7,258;0;0,00;12;6,00;0,003401;.........(.((((.(((....)))))))..)...................((((......)))).
34;10;0;-7,206;0;0,00;16;6,00;0,003115;.....(..((.((((.(((....)))))))..))..)...((.....))...((((......)))).
36;10;0;-7,194;0;0,00;12;2,00;0,003052;...........(((..(((....))).)))..........((.....))...((((......)))).
38;10;0;-7,164;0;0,00;16;6,00;0,002901;......(.((.((((.(((....)))))))..))..)...((.....))...((((......)))).
39;10;0;-7,156;0;0,00;13;4,00;0,002864;.........(.((((..((....)).))))..).......((.....))...((((......)))).
41;10;0;-7,156;0;0,00;12;2,00;0,002861;...........((((.((......))))))..........((.....))...((((......)))).
43;10;0;-7,126;0;0,00;15;4,00;0,002722;........((.((((.(((....)))))))..))......((.....))...((((......)))).
59;10;0;-6,918;0;0,00;14;6,00;0,001914;.........(.((((..((....)).))))..).......(((...)))...((((......)))).
69;10;0;-6,867;0;0,00;15;12,00;0,001756;........((.((((.(((....)))))))..))..((....))........((((......)))).
82;10;0;-6,779;0;0,00;17;8,00;0,001514;..((....((.((((.(((....)))))))..))))....((.....))...((((......)))).
84;10;0;-6,765;0;0,00;17;8,00;0,001480;..(((....(.((((.(((....)))))))..))))....((.....))...((((......)))).
85;10;0;-6,765;0;0,00;16;6,00;0,001480;..(((......((((.(((....)))))))...)))....((.....))...((((......)))).
88;10;0;-6,735;0;0,00;13;4,00;0,001405;...........((((..((....)).))))..(...)...((.....))...((((......)))).
93;10;0;-6,668;0;0,00;14;2,00;0,001256;...(...)...((((.(((....)))))))..........((.....))...((((......)))).
102;10;0;-6,632;0;0,00;14;2,00;0,001182;...........((((.(((....)))))))..........((.....))...((((.(...))))).
104;10;0;-6,627;0;0,00;12;2,00;0,001171;...........((((.(((....)))))))..........(.......)...((((......)))).
113;10;0;-6,580;0;0,00;17;8,00;0,001082;....((..((.((((.(((....)))))))..))..))..((.....))...((((......)))).
115;10;0;-6,564;0;0,00;13;8,00;0,001054;........((.((((.(((....)))))))..))..................((((......)))).
116;10;0;-6,561;0;0,00;15;4,00;0,001048;..(.....)..((((.(((....)))))))..(...)...((.....))...((((......)))).
120;10;0;-6,542;0;0,00;15;8,00;0,001016;.....(..((.((((..((....)).))))..))..)...((.....))...((((......)))).
122;10;0;-6,526;0;0,00;18;10,00;0,000989;..(((....(.((((.(((....)))))))..))))....(((...)))...((((......)))).
126;10;0;-6,500;0;0,00;15;8,00;0,000946;......(.((.((((..((....)).))))..))..)...((.....))...((((......)))).
129;10;0;-6,489;0;0,00;16;6,00;0,000929;..((...))..((((.(((....)))))))..(...)...((.....))...((((......)))).
139;10;0;-6,462;0;0,00;14;6,00;0,000888;........((.((((..((....)).))))..))......((.....))...((((......)))).
140;10;0;-6,455;0;0,00;12;5,00;0,000876;...........((((.(((....)))))))..(.......)...........((((......)))).
153;10;0;-6,377;0;0,00;12;2,00;0,000768;...........((((.(((....)))))))..........((.....))....(((......)))..
164;10;0;-6,321;0;0,00;14;2,00;0,000699;.....(....)((((.(((....)))))))..........((.....))...((((......)))).
171;10;0;-6,306;0;0,00;13;6,00;0,000682;...........((((.(((....))))))).((.......))..........((((......)))).
193;10;0;-6,236;0;0,00;14;8,00;0,000605;...........((((.(((....)))))))(((.......))).........((((......)))).
208;10;0;-6,199;0;0,00;15;4,00;0,000569;.......(.(.((((.(((....)))))))....).)...((.....))...((((......)))).
217;10;0;-6,166;0;0,00;13;4,00;0,000538;.........(.(((..(((....))).)))..).......((.....))...((((......)))).
225;10;0;-6,127;0;0,00;13;4,00;0,000504;.........(.((((.((......))))))..).......((.....))...((((......)))).
233;10;0;-6,115;0;0,00;16;10,00;0,000494;..((....((.((((..((....)).))))..))))....((.....))...((((......)))).
236;10;0;-6,101;0;0,00;16;10,00;0,000483;..(((....(.((((..((....)).))))..))))....((.....))...((((......)))).
237;10;0;-6,102;0;0,00;15;8,00;0,000483;..(((......((((..((....)).))))...)))....((.....))...((((......)))).
257;10;0;-6,054;0;0,00;13;4,00;0,000446;.........(.((((.(((....)))))))..).......((.....))...(((........))).
265;10;0;-6,030;0;0,00;16;6,00;0,000428;.......(((.((((.(((....)))))))..))..)...((.....))...((((......)))).
267;10;0;-6,018;0;0,00;15;12,00;0,000419;....((..((.((((.(((....)))))))..))..))..............((((......)))).
270;10;0;-6,004;0;0,00;13;4,00;0,000410;...(...)...((((..((....)).))))..........((.....))...((((......)))).
285;10;0;-5,978;0;0,00;14;2,00;0,000392;.....(...).((((.(((....)))))))..........((.....))...((((......)))).
295;10;0;-5,968;0;0,00;13;4,00;0,000386;...........((((..((....)).))))..........((.....))...((((.(...))))).
312;10;0;-5,927;0;0,00;14;6,00;0,000360;.........(.(((..(((....))).)))..).......(((...)))...((((......)))).
321;10;0;-5,916;0;0,00;16;10,00;0,000353;....((..((.((((..((....)).))))..))..))..((.....))...((((......)))).
324;10;0;-5,906;0;0,00;13;12,00;0,000347;.........(.(((..(((....))).)))..)...((....))........((((......)))).
329;10;0;-5,897;0;0,00;14;6,00;0,000342;..(.....)..((((..((....)).))))..(...)...((.....))...((((......)))).
332;10;0;-5,889;0;0,00;14;6,00;0,000337;.........(.((((.((......))))))..).......(((...)))...((((......)))).
340;10;0;-5,868;0;0,00;13;12,00;0,000325;.........(.((((.((......))))))..)...((....))........((((......)))).
341;10;0;-5,868;0;0,00;13;15,00;0,000326;.........(.((((((....))))...))..).......((.....))...((((......)))).
346;10;0;-5,866;0;0,00;12;22,00;0,000325;...((..(((.(......).)))..)).............((.....))...((((......)))).
348;10;0;-5,863;0;0,00;17;12,00;0,000323;..(((....(.((((..((....)).))))..))))....(((...)))...((((......)))).
353;10;0;-5,858;0;0,00;13;22,00;0,000320;...((..(((.((....)).)))..)).............((.....))...((((......)))).
357;10;0;-5,844;0;0,00;12;8,00;0,000313;...........(((..(((....))).)))...((.....))..........((((......)))).
359;10;0;-5,825;0;0,00;15;8,00;0,000303;..((...))..((((..((....)).))))..(...)...((.....))...((((......)))).
369;10;0;-5,806;0;0,00;12;8,00;0,000293;...........((((.((......))))))...((.....))..........((((......)))).
379;10;0;-5,797;0;0,00;13;7,00;0,000289;.........(.((((.(((....)))))))..)...(...........)...((((......)))).
401;10;0;-5,744;0;0,00;13;4,00;0,000264;...........(((..(((....))).)))..(...)...((.....))...((((......)))).
425;10;0;-5,720;0;0,00;14;11,00;0,000254;............(((.(((....))))))((((.......))))........((((......)))).
430;10;0;-5,713;0;0,00;11;4,00;0,000251;...........((((..((....)).))))..........((.....))....(((......)))..
441;10;0;-5,706;0;0,00;13;4,00;0,000247;...........((((.((......))))))..(...)...((.....))...((((......)))).
447;10;0;-5,694;0;0,00;14;2,00;0,000242;..........(((((.(((....)))))))..).......((.....))...((((......)))).
449;10;0;-5,688;0;0,00;14;9,00;0,000240;.........(.((((.(((....)))))))..)..((...........))..((((......)))).
464;10;0;-5,664;0;0,00;15;4,00;0,000231;..(.....)(.((((.(((....)))))))..).......((.....))...((((......)))).
465;10;0;-5,657;0;0,00;13;4,00;0,000228;.....(....)((((..((....)).))))..........((.....))...((((......)))).
477;10;0;-5,641;0;0,00;14;2,00;0,000222;.........(.((((.(((....)))))))....).....((.....))...((((......)))).
483;10;0;-5,630;0;0,00;14;17,00;0,000218;.........(.((((((....))))...))..).......(((...)))...((((......)))).
486;10;0;-5,632;0;0,00;13;4,00;0,000219;...........((((.(((....)))))))..(...)...((.....))...(((........))).
506;10;0;-5,604;0;0,00;11;8,00;0,000208;.........(.(((..(((....))).)))..)...................((((......)))).
507;10;0;-5,604;0;0,00;15;4,00;0,000208;.........(.((((.(((....)))))))..).......((.....))...((((.(...))))).
508;10;0;-5,604;0;0,00;15;7,00;0,000208;.........(.((((.(((....)))))))..).......((.....))...(((.((...))))).
510;10;0;-5,598;0;0,00;13;4,00;0,000206;.........(.((((.(((....)))))))..).......(.......)...((((......)))).
514;10;0;-5,593;0;0,00;16;6,00;0,000204;..((...))(.((((.(((....)))))))..).......((.....))...((((......)))).
524;10;0;-5,572;0;0,00;13;10,00;0,000197;...........((((..((....)).))))(((.......))).........((((......)))).
527;10;0;-5,565;0;0,00;11;8,00;0,000195;.........(.((((.((......))))))..)...................((((......)))).
532;10;0;-5,552;0;0,00;15;8,00;0,000191;.....(..((.(((..(((....))).)))..))..)...((.....))...((((......)))).
542;10;0;-5,542;0;0,00;14;2,00;0,000188;...........((((.(((....))))))).(...)....((.....))...((((......)))).
544;10;0;-5,535;0;0,00;14;6,00;0,000186;.......(.(.((((..((....)).))))....).)...((.....))...((((......)))).
562;10;0;-5,513;0;0,00;15;8,00;0,000179;.....(..((.((((.((......))))))..))..)...((.....))...((((......)))).
564;10;0;-5,514;0;0,00;15;4,00;0,000179;...((......((((.(((....))))))).)).......((.....))...((((......)))).
567;10;0;-5,510;0;0,00;15;8,00;0,000178;......(.((.(((..(((....))).)))..))..)...((.....))...((((......)))).
571;10;0;-5,507;0;0,00;16;6,00;0,000177;...(....((.((((.(((....)))))))..))).....((.....))...((((......)))).
573;10;0;-5,501;0;0,00;11;4,00;0,000175;...........(((..((......)).)))..........((.....))...((((......)))).
582;10;0;-5,494;0;0,00;16;6,00;0,000173;...((....(.((((.(((....)))))))..))).....((.....))...((((......)))).
583;10;0;-5,494;0;0,00;15;4,00;0,000173;...((......((((.(((....)))))))...)).....((.....))...((((......)))).
601;10;0;-5,476;0;0,00;15;4,00;0,000168;...........((((.(((....)))))))....((....((.....)).))((((......)))).
606;10;0;-5,471;0;0,00;15;8,00;0,000167;......(.((.((((.((......))))))..))..)...((.....))...((((......)))).
608;10;0;-5,472;0;0,00;14;6,00;0,000167;........((.(((..(((....))).)))..))......((.....))...((((......)))).
613;10;0;-5,469;0;0,00;14;8,00;0,000166;..(.....)..((((.(((....))))))).((.......))..........((((......)))).
616;10;0;-5,464;0;0,00;12;6,00;0,000165;.........(.((((..(......).))))..).......((.....))...((((......)))).
626;10;0;-5,445;0;0,00;15;11,00;0,000160;........((.((((.(((....)))))))..)).((...........))..((((......)))).
635;10;0;-5,440;0;0,00;15;8,00;0,000158;.....(..((.((((.(((....)))))))..))..)...((.....))...(((........))).
641;10;0;-5,433;0;0,00;14;6,00;0,000156;........((.((((.((......))))))..))......((.....))...((((......)))).
677;10;0;-5,398;0;0,00;15;8,00;0,000147;......(.((.((((.(((....)))))))..))..)...((.....))...(((........))).
690;10;0;-5,390;0;0,00;12;6,00;0,000145;.........(.((((..((....)).))))..).......((.....))...(((........))).
704;10;0;-5,365;0;0,00;16;6,00;0,000139;.........(.((((.(((....)))))))..).......(((...)))...((((.(...))))).
706;10;0;-5,366;0;0,00;15;8,00;0,000139;.......(((.((((..((....)).))))..))..)...((.....))...((((......)))).
708;10;0;-5,360;0;0,00;14;6,00;0,000138;........((.((((.(((....)))))))..))......((.....))...(((........))).
716;10;0;-5,355;0;0,00;15;4,00;0,000137;.......(.(.((((.(((....)))))))..)...)...((.....))...((((......)))).
719;10;0;-5,349;0;0,00;13;4,00;0,000135;.........(.((((.(((....)))))))..).......((.....))....(((......)))..
721;10;0;-5,351;0;0,00;15;4,00;0,000136;..((.......((((.(((....)))))))....))....((.....))...((((......)))).
738;10;0;-5,330;0;0,00;12;2,00;0,000131;............(((.(((....))))))...........((.....))...((((......)))).
760;10;0;-5,313;0;0,00;14;2,00;0,000128;.....(.....((((.(((....)))))))......)...((.....))...((((......)))).
761;10;0;-5,315;0;0,00;13;4,00;0,000128;.....(...).((((..((....)).))))..........((.....))...((((......)))).
822;10;0;-5,254;0;0,00;15;19,00;0,000116;.....(..((.((((((....))))...))..))..)...((.....))...((((......)))).
824;10;0;-5,255;0;0,00;17;8,00;0,000116;...((....(.((((.(((....)))))))..))).....(((...)))...((((......)))).
832;10;0;-5,252;0;0,00;13;8,00;0,000115;.........(.((((.(((....)))))))..)....(....).........((((......)))).
865;10;0;-5,225;0;0,00;13;8,00;0,000110;.........(.((((..(......).))))..).......(((...)))...((((......)))).
870;10;0;-5,222;0;0,00;13;7,00;0,000109;.........(.((((.(((....)))))))..).(.....)...........((((......)))).
874;10;0;-5,218;0;0,00;15;4,00;0,000109;...(...)...((((.(((....)))))))..(...)...((.....))...((((......)))).
880;10;0;-5,212;0;0,00;15;19,00;0,000108;......(.((.((((((....))))...))..))..)...((.....))...((((......)))).
881;10;0;-5,212;0;0,00;14;14,00;0,000108;........((.(((..(((....))).)))..))..((....))........((((......)))).
891;10;0;-5,204;0;0,00;17;8,00;0,000106;...((...((.((((.(((....)))))))..))....))((.....))...((((......)))).
926;10;0;-5,182;0;0,00;15;4,00;0,000102;...........((((.(((....)))))))..(...)...((.....))...((((.(...))))).
927;10;0;-5,182;0;0,00;15;7,00;0,000102;...........((((.(((....)))))))..(...)...((.....))...(((.((...))))).
930;10;0;-5,177;0;0,00;13;4,00;0,000101;...........((((.(((....)))))))..(...)...(.......)...((((......)))).
936;10;0;-5,174;0;0,00;14;14,00;0,000101;........((.((((.((......))))))..))..((....))........((((......)))).
937;10;0;-5,174;0;0,00;14;17,00;0,000101;........((.((((((....))))...))..))......((.....))...((((......)))).
938;10;0;-5,175;0;0,00;14;2,00;0,000101;......(....((((.(((....)))))))......)...((.....))...((((......)))).
1009;10;0;-5,124;0;0,00;16;10,00;0,000093;..((....((.(((..(((....))).)))..))))....((.....))...((((......)))).
1016;10;0;-5,115;0;0,00;12;2,00;0,000091;...........((((.(.(....).)))))..........((.....))...((((......)))).
1018;10;0;-5,116;0;0,00;16;6,00;0,000092;.......(.(.((((.(((....)))))))..)...)...(((...)))...((((......)))).
1020;10;0;-5,110;0;0,00;14;6,00;0,000091;.........(.((((.(((....)))))))..).......(((...)))....(((......)))..
1022;10;0;-5,111;0;0,00;16;10,00;0,000091;..(((....(.(((..(((....))).)))..))))....((.....))...((((......)))).
1023;10;0;-5,111;0;0,00;15;8,00;0,000091;..(((......(((..(((....))).)))...)))....((.....))...((((......)))).
1033;10;0;-5,103;0;0,00;14;9,00;0,000089;........((.((((.(((....)))))))..))..(...........)...((((......)))).
1044;10;0;-5,095;0;0,00;14;2,00;0,000088;.......(...((((.(((....)))))))......)...((.....))...((((......)))).
1060;10;0;-5,089;0;0,00;13;12,00;0,000087;.........(.((((.(((....)))))))..)...((....)).........(((......)))..
1062;10;0;-5,090;0;0,00;14;2,00;0,000088;..........(((((.(((....)))))))....).....((.....))...((((......)))).
1069;10;0;-5,086;0;0,00;16;10,00;0,000087;..((....((.((((.((......))))))..))))....((.....))...((((......)))).
1088;10;0;-5,072;0;0,00;16;10,00;0,000085;..(((....(.((((.((......))))))..))))....((.....))...((((......)))).
1089;10;0;-5,073;0;0,00;15;8,00;0,000085;..(((......((((.((......))))))...)))....((.....))...((((......)))).
1091;10;0;-5,073;0;0,00;14;8,00;0,000085;.........(.((((.(((....)))))))..)((.....))..........((((......)))).
1116;10;0;-5,057;0;0,00;13;13,00;0,000083;............(((..((....)).)))((((.......))))........((((......)))).
1134;10;0;-5,047;0;0,00;14;2,00;0,000081;......(...)((((.(((....)))))))..........((.....))...((((......)))).
1146;10;0;-5,033;0;0,00;14;2,00;0,000080;...........((((.(((....)))))))(....)....((.....))...((((......)))).
1151;10;0;-5,030;0;0,00;13;4,00;0,000079;..........(((((..((....)).))))..).......((.....))...((((......)))).
1163;10;0;-5,027;0;0,00;12;8,00;0,000079;...........((((.(((....)))))))...((.....))...........(((......)))..
1179;10;0;-5,012;0;0,00;14;2,00;0,000077;(...)......((((.(((....)))))))..........((.....))...((((......)))).
1180;10;0;-5,012;0;0,00;16;10,00;0,000077;..((....((.((((.(((....)))))))..))))....((.....))...(((........))).
1181;10;0;-5,013;0;0,00;13;4,00;0,000077;...(...)...(((..(((....))).)))..........((.....))...((((......)))).
1190;10;0;-5,000;0;0,00;14;6,00;0,000075;..(.....)(.((((..((....)).))))..).......((.....))...((((......)))).
1200;10;0;-4,999;0;0,00;16;10,00;0,000075;..(((....(.((((.(((....)))))))..))))....((.....))...(((........))).
1210;10;0;-4,990;0;0,00;13;12,00;0,000074;.....(..((.(((..(((....))).)))..))..)...............((((......)))).
1211;10;0;-4,990;0;0,00;17;8,00;0,000074;.....(..((.((((.(((....)))))))..))..)...((.....))...((((.(...))))).
1212;10;0;-4,990;0;0,00;17;11,00;0,000074;.....(..((.((((.(((....)))))))..))..)...((.....))...(((.((...))))).
1221;10;0;-4,984;0;0,00;15;8,00;0,000073;.....(..((.((((.(((....)))))))..))..)...(.......)...((((......)))).
1222;10;0;-4,977;0;0,00;13;4,00;0,000072;.........(.((((..((....)).))))....).....((.....))...((((......)))).
1224;10;0;-4,978;0;0,00;13;4,00;0,000072;...........(((..(((....))).)))..........((.....))...((((.(...))))).
1226;10;0;-4,978;0;0,00;16;6,00;0,000073;..((.....(.((((.(((....)))))))..).))....((.....))...((((......)))).
1238;10;0;-4,975;0;0,00;13;4,00;0,000072;...(...)...((((.((......))))))..........((.....))...((((......)))).
1239;10;0;-4,976;0;0,00;12;2,00;0,000072;...........((((.(((....)))))))...........(.....)....((((......)))).
1248;10;0;-4,971;0;0,00;14;8,00;0,000072;.....(....)((((.(((....)))))))...((.....))..........((((......)))).
1252;10;0;-4,972;0;0,00;11;4,00;0,000072;...........(((..(((....))).)))..........(.......)...((((......)))).
1258;10;0;-4,968;0;0,00;12;6,00;0,000071;...........((((..((....)).))))..(...)...((.....))...(((........))).
1264;10;0;-4,959;0;0,00;13;8,00;0,000070;.........(.((((.(((....)))))))..)....(.......)......((((......)))).
1269;10;0;-4,954;0;0,00;13;22,00;0,000070;.......(((.((....)).)))...((.......))...((.....))...((((......)))).
1273;10;0;-4,951;0;0,00;13;12,00;0,000069;.....(..((.((((.((......))))))..))..)...............((((......)))).
1278;10;0;-4,946;0;0,00;14;9,00;0,000069;.........(.((((.(((....)))))))..).......((.....))...((..((...)).)).
1283;10;0;-4,948;0;0,00;13;12,00;0,000069;......(.((.(((..(((....))).)))..))..)...............((((......)))).
1284;10;0;-4,948;0;0,00;17;8,00;0,000069;......(.((.((((.(((....)))))))..))..)...((.....))...((((.(...))))).
1285;10;0;-4,948;0;0,00;17;11,00;0,000069;......(.((.((((.(((....)))))))..))..)...((.....))...(((.((...))))).
1288;10;0;-4,942;0;0,00;15;8,00;0,000068;......(.((.((((.(((....)))))))..))..)...(.......)...((((......)))).
1294;10;0;-4,938;0;0,00;15;4,00;0,000068;...(...).(.((((.(((....)))))))..).......((.....))...((((......)))).
1297;10;0;-4,939;0;0,00;13;4,00;0,000068;...........((((.((......))))))..........((.....))...((((.(...))))).
1300;10;0;-4,940;0;0,00;14;6,00;0,000068;.........(.((((..((....)).))))..).......((.....))...((((.(...))))).
1301;10;0;-4,940;0;0,00;14;9,00;0,000068;.........(.((((..((....)).))))..).......((.....))...(((.((...))))).
1302;10;0;-4,934;0;0,00;11;4,00;0,000067;...........((((.((......))))))..........(.......)...((((......)))).
1303;10;0;-4,935;0;0,00;12;6,00;0,000067;.........(.((((..((....)).))))..).......(.......)...((((......)))).
1315;10;0;-4,932;0;0,00;14;10,00;0,000067;...((....(.((((.(((....)))))))..))).................((((......)))).
1322;10;0;-4,927;0;0,00;13;4,00;0,000066;...........((((.(((....)))))))..(...)...((.....))....(((......)))..
1326;10;0;-4,929;0;0,00;15;8,00;0,000067;..((...))(.((((..((....)).))))..).......((.....))...((((......)))).
1330;10;0;-4,924;0;0,00;12;14,00;0,000066;.........(.(((((......)))...))..).......((.....))...((((......)))).
1334;10;0;-4,925;0;0,00;16;10,00;0,000066;....((..((.(((..(((....))).)))..))..))..((.....))...((((......)))).
1363;10;0;-4,909;0;0,00;13;12,00;0,000065;......(.((.((((.((......))))))..))..)...............((((......)))).
1366;10;0;-4,910;0;0,00;12;10,00;0,000065;........((.(((..(((....))).)))..))..................((((......)))).
1368;10;0;-4,910;0;0,00;16;6,00;0,000065;........((.((((.(((....)))))))..))......((.....))...((((.(...))))).
1369;10;0;-4,910;0;0,00;16;9,00;0,000065;........((.((((.(((....)))))))..))......((.....))...(((.((...))))).
1372;10;0;-4,904;0;0,00;14;6,00;0,000064;........((.((((.(((....)))))))..))......(.......)...((((......)))).
1376;10;0;-4,906;0;0,00;14;6,00;0,000064;..(.....)..(((..(((....))).)))..(...)...((.....))...((((......)))).
1400;10;0;-4,887;0;0,00;16;10,00;0,000062;....((..((.((((.((......))))))..))..))..((.....))...((((......)))).
1425;10;0;-4,879;0;0,00;13;4,00;0,000061;...........((((..((....)).)))).(...)....((.....))...((((......)))).
1430;10;0;-4,872;0;0,00;12;10,00;0,000061;........((.((((.((......))))))..))..................((((......)))).
1431;10;0;-4,872;0;0,00;17;12,00;0,000061;..(((....(.(((..(((....))).)))..))))....(((...)))...((((......)))).
1438;10;0;-4,868;0;0,00;14;6,00;0,000060;..(.....)..((((.((......))))))..(...)...((.....))...((((......)))).
1442;10;0;-4,871;0;0,00;15;4,00;0,000060;.....(....)((((.(((....)))))))..(...)...((.....))...((((......)))).
1470;10;0;-4,854;0;0,00;17;19,00;0,000059;......((((.((((.(((....)))))))....(((..(((.....))......).)))..)))).
1474;10;0;-4,850;0;0,00;14;10,00;0,000058;.....(..((.((((..(......).))))..))..)...((.....))...((((......)))).
1475;10;0;-4,850;0;0,00;14;30,00;0,000058;...((..(((.((....)).)))..))...(((.......))).........((((......)))).
1476;10;0;-4,850;0;0,00;12;2,00;0,000058;...........((((.(((....)))))))..........((.....))...((.(......).)).
1479;10;0;-4,851;0;0,00;14;6,00;0,000058;...((......((((..((....)).)))).)).......((.....))...((((......)))).
1495;10;0;-4,843;0;0,00;15;8,00;0,000058;...(....((.((((..((....)).))))..))).....((.....))...((((......)))).
1508;10;0;-4,834;0;0,00;17;12,00;0,000057;..(((....(.((((.((......))))))..))))....(((...)))...((((......)))).
1512;10;0;-4,835;0;0,00;15;8,00;0,000057;..((...))..(((..(((....))).)))..(...)...((.....))...((((......)))).
1517;10;0;-4,829;0;0,00;14;9,00;0,000056;........((.((((.(((....)))))))..))(.....)...........((((......)))).
1521;10;0;-4,830;0;0,00;15;8,00;0,000056;...((....(.((((..((....)).))))..))).....((.....))...((((......)))).
1523;10;0;-4,830;0;0,00;14;6,00;0,000056;...((......((((..((....)).))))...)).....((.....))...((((......)))).
1538;10;0;-4,827;0;0,00;16;21,00;0,000056;..((....((.((((((....))))...))..))))....((.....))...((((......)))).
1559;10;0;-4,813;0;0,00;16;21,00;0,000055;..(((....(.((((((....))))...))..))))....((.....))...((((......)))).
1561;10;0;-4,814;0;0,00;16;10,00;0,000055;....((..((.((((.(((....)))))))..))..))..((.....))...(((........))).
1573;10;0;-4,812;0;0,00;14;6,00;0,000055;...........((((..((....)).))))....((....((.....)).))((((......)))).
1574;10;0;-4,805;0;0,00;13;10,00;0,000054;..(.....)..((((..((....)).)))).((.......))..........((((......)))).
1580;10;0;-4,807;0;0,00;14;10,00;0,000054;......(.((.((((..(......).))))..))..)...((.....))...((((......)))).
1602;10;0;-4,800;0;0,00;11;7,00;0,000054;...........(((..(((....))).)))..(.......)...........((((......)))).
1613;10;0;-4,797;0;0,00;15;8,00;0,000053;..((...))..((((.((......))))))..(...)...((.....))...((((......)))).
1629;10;0;-4,787;0;0,00;11;8,00;0,000052;.........(.((((.(((....)))))))..)....................(((......)))..
1643;10;0;-4,784;0;0,00;13;22,00;0,000052;.......(((.((....)).))).....((.....))...((.....))...((((......)))).
1657;10;0;-4,776;0;0,00;14;10,00;0,000052;.....(..((.((((..((....)).))))..))..)...((.....))...(((........))).
1658;10;0;-4,777;0;0,00;15;4,00;0,000052;...((......((((.(((....)))))))........))((.....))...((((......)))).
1660;10;0;-4,770;0;0,00;13;8,00;0,000051;........((.((((..(......).))))..))......((.....))...((((......)))).
1670;10;0;-4,762;0;0,00;11;7,00;0,000050;...........((((.((......))))))..(.......)...........((((......)))).
1710;10;0;-4,743;0;0,00;18;10,00;0,000049;...(((..((.((((.(((....)))))))..))..)).)((.....))...((((......)))).
1711;10;0;-4,743;0;0,00;18;10,00;0,000049;...(((..((.((((.(((....)))))))..))..).))((.....))...((((......)))).
1721;10;0;-4,740;0;0,00;12;6,00;0,000048;.........(.((((.(((....)))))))..).......((.....))...((..........)).
1722;10;0;-4,740;0;0,00;17;8,00;0,000048;..((.....(.((((.(((....)))))))..).))....(((...)))...((((......)))).
1728;10;0;-4,734;0;0,00;15;8,00;0,000048;.....(..((.((((.(((....)))))))..))..)...((.....))....(((......)))..
1751;10;0;-4,734;0;0,00;14;10,00;0,000048;......(.((.((((..((....)).))))..))..)...((.....))...(((........))).
1761;10;0;-4,730;0;0,00;12;4,00;0,000048;...........((((.(.(....)).))))..........((.....))...((((......)))).
1762;10;0;-4,723;0;0,00;13;27,00;0,000047;.......(((.((....)).)))....(((..(...)..)))..........((((......)))).
1766;10;0;-4,724;0;0,00;12;12,00;0,000047;.........(.((((.(((....)))))))..).......((.....))..((........))....
1774;10;0;-4,722;0;0,00;11;4,00;0,000047;...........(((..(((....))).)))..........((.....))....(((......)))..
1775;10;0;-4,715;0;0,00;12;8,00;0,000047;.........(.((((.(.......).))))..).......((.....))...((((......)))).
1788;10;0;-4,714;0;0,00;14;5,00;0,000046;.........(.((((.(((....)))))))..).......((.....))...(((.(.....)))).
1817;10;0;-4,700;0;0,00;16;6,00;0,000045;...(...).(.((((.(((....)))))))..).......(((...)))...((((......)))).
1818;10;0;-4,701;0;0,00;13;27,00;0,000045;.......(((.(......).))).((.(((.........)))..))......((((......)))).
1822;10;0;-4,701;0;0,00;15;8,00;0,000045;.........(.((((..((....)).))))..).......(((...)))...((((.(...))))).
1833;10;0;-4,696;0;0,00;13;8,00;0,000045;........((.((((..((....)).))))..))......((.....))...(((........))).
1836;10;0;-4,692;0;0,00;15;8,00;0,000045;......(.((.((((.(((....)))))))..))..)...((.....))....(((......)))..
1838;10;0;-4,693;0;0,00;14;27,00;0,000045;.......(((.((....)).))).((.(((.........)))..))......((((......)))).
1850;10;0;-4,691;0;0,00;14;6,00;0,000045;.......(.(.((((..((....)).))))..)...)...((.....))...((((......)))).
1852;10;0;-4,684;0;0,00;11;4,00;0,000044;...........((((.((......))))))..........((.....))....(((......)))..
1854;10;0;-4,685;0;0,00;12;6,00;0,000044;.........(.((((..((....)).))))..).......((.....))....(((......)))..
1855;10;0;-4,685;0;0,00;13;16,00;0,000044;.........(.(((((......)))...))..).......(((...)))...((((......)))).
1858;10;0;-4,687;0;0,00;14;6,00;0,000044;..((.......((((..((....)).))))....))....((.....))...((((......)))).
1859;10;0;-4,687;0;0,00;15;4,00;0,000044;....((.....((((.(((....)))))))......))..((.....))...((((......)))).
1890;10;0;-4,673;0;0,00;12;2,00;0,000043;...........((.(.(((....)))).))..........((.....))...((((......)))).
1913;10;0;-4,666;0;0,00;11;4,00;0,000043;............(((..((....)).)))...........((.....))...((((......)))).
1914;10;0;-4,667;0;0,00;13;4,00;0,000043;.....(....)(((..(((....))).)))..........((.....))...((((......)))).
1943;10;0;-4,655;0;0,00;14;6,00;0,000042;........((.((((.(((....)))))))..))......((.....))....(((......)))..
1964;10;0;-4,652;0;0,00;12;8,00;0,000042;...........(((..(((....))).))).((.......))..........((((......)))).
2001;10;0;-4,629;0;0,00;17;8,00;0,000040;..(((.....(((((.(((....)))))))..))))....((.....))...((((......)))).
2007;10;0;-4,631;0;0,00;12;13,00;0,000040;.........(.((((.(((....)))))))..).......((.....))..((...)).........
2019;10;0;-4,628;0;0,00;16;21,00;0,000040;....((..((.((((((....))))...))..))..))..((.....))...((((......)))).
2021;10;0;-4,628;0;0,00;13;4,00;0,000040;.....(....)((((.((......))))))..........((.....))...((((......)))).
2022;10;0;-4,628;0;0,00;14;8,00;0,000040;.....(...).((((.(((....)))))))...((.....))..........((((......)))).
2027;10;0;-4,622;0;0,00;14;2,00;0,000040;...........((((.(((....))))))).........(((.....))..)((((......)))).
2043;10;0;-4,620;0;0,00;12;13,00;0,000040;.........(.((((.(((....)))))))..).......((.....)).......((...))....
2047;10;0;-4,614;0;0,00;12;8,00;0,000039;...........((((.((......)))))).((.......))..........((((......)))).
2100;10;0;-4,596;0;0,00;13;8,00;0,000038;.........(.((((.(((....)))))))..).....(.....).......((((......)))).
2116;10;0;-4,591;0;0,00;16;10,00;0,000038;...((....(.((((..((....)).))))..))).....(((...)))...((((......)))).
2149;10;0;-4,581;0;0,00;10;13,00;0,000037;................(((....))).(((.........)))..........((((......)))).
2151;10;0;-4,581;0;0,00;13;10,00;0,000037;...........(((..(((....))).)))(((.......))).........((((......)))).
2155;10;0;-4,575;0;0,00;17;23,00;0,000037;..(((....(.((((((....))))...))..))))....(((...)))...((((......)))).
2192;10;0;-4,559;0;0,00;12;6,00;0,000036;.........(.((((.(........)))))..).......((.....))...((((......)))).
2204;10;0;-4,562;0;0,00;18;10,00;0,000036;..((....((.((((.(((....)))))))..))))....((.....))...((((.(...))))).
2205;10;0;-4,562;0;0,00;18;13,00;0,000036;..((....((.((((.(((....)))))))..))))....((.....))...(((.((...))))).
2212;10;0;-4,557;0;0,00;16;10,00;0,000036;..((....((.((((.(((....)))))))..))))....(.......)...((((......)))).
2216;10;0;-4,558;0;0,00;17;8,00;0,000036;...((..(.(.((((.(((....)))))))....).).))((.....))...((((......)))).
2217;10;0;-4,558;0;0,00;14;10,00;0,000036;........((.((((.(((....)))))))..))...(....).........((((......)))).
2229;10;0;-4,554;0;0,00;14;6,00;0,000035;...(...)...((((..((....)).))))..(...)...((.....))...((((......)))).
2235;10;0;-4,549;0;0,00;18;10,00;0,000035;..(((....(.((((.(((....)))))))..))))....((.....))...((((.(...))))).
2236;10;0;-4,549;0;0,00;18;13,00;0,000035;..(((....(.((((.(((....)))))))..))))....((.....))...(((.((...))))).
2238;10;0;-4,549;0;0,00;17;8,00;0,000035;..(((......((((.(((....)))))))...)))....((.....))...((((.(...))))).
2244;10;0;-4,543;0;0,00;16;10,00;0,000035;..(((....(.((((.(((....)))))))..))))....(.......)...((((......)))).
2255;10;0;-4,545;0;0,00;14;6,00;0,000035;.......(.(.(((..(((....))).)))....).)...((.....))...((((......)))).
2263;10;0;-4,540;0;0,00;16;10,00;0,000035;...((...((.((((..((....)).))))..))....))((.....))...((((......)))).
2273;10;0;-4,543;0;0,00;13;10,00;0,000035;...........((((.((......))))))(((.......))).........((((......)))).
2295;10;0;-4,528;0;0,00;15;4,00;0,000034;.....(...).((((.(((....)))))))..(...)...((.....))...((((......)))).
2308;10;0;-4,524;0;0,00;14;9,00;0,000034;...........((((.(((....)))))))..(...)...((.....))...((..((...)).)).
2342;10;0;-4,518;0;0,00;14;6,00;0,000033;...........((((..((....)).))))..(...)...((.....))...((((.(...))))).
2343;10;0;-4,518;0;0,00;14;9,00;0,000033;...........((((..((....)).))))..(...)...((.....))...(((.((...))))).
2380;10;0;-4,506;0;0,00;14;6,00;0,000033;.......(.(.((((.((......))))))....).)...((.....))...((((......)))).
2413;10;0;-4,499;0;0,00;16;6,00;0,000032;..(.....((.((((.(((....)))))))..)).)....((.....))...((((......)))).
2425;10;0;-4,494;0;0,00;12;2,00;0,000032;...........((((.(((....)))))))..........((.....))...(.((......)).).
2494;10;0;-4,473;0;0,00;12;6,00;0,000031;.........(.(((..((......)).)))..).......((.....))...((((......)))).
2504;10;0;-4,476;0;0,00;13;10,00;0,000031;.........(.((((.(.......).))))..).......(((...)))...((((......)))).
2530;10;0;-4,468;0;0,00;18;10,00;0,000031;...((.(.((.((((.(((....)))))))..))..).))((.....))...((((......)))).
2586;10;0;-4,452;0;0,00;15;4,00;0,000030;...(...)...((((.(((....)))))))..........((.....))...((((.(...))))).
2591;10;0;-4,453;0;0,00;15;8,00;0,000030;.......(.(.((((..((....)).))))..)...)...(((...)))...((((......)))).
2597;10;0;-4,446;0;0,00;13;8,00;0,000030;.........(.((((..((....)).))))..).......(((...)))....(((......)))..
2609;10;0;-4,449;0;0,00;15;4,00;0,000030;......(..(.((((.(((....)))))))....).)...((.....))...((((......)))).
2615;10;0;-4,444;0;0,00;16;13,00;0,000029;..(.((..((.((((.(((....)))))))..))..))...)..........((((......)))).
2652;10;0;-4,432;0;0,00;14;9,00;0,000029;.......(((.((((.(((....)))))))..))......)...........((((......)))).
2656;10;0;-4,433;0;0,00;14;6,00;0,000029;.......(.(.((((.(((....)))))))....).)...((.....))...(((........))).
2658;10;0;-4,426;0;0,00;13;4,00;0,000029;..........(((((..((....)).))))....).....((.....))...((((......)))).
2675;10;0;-4,422;0;0,00;15;12,00;0,000028;..((....((.((((..(......).))))..))))....((.....))...((((......)))).
2744;10;0;-4,408;0;0,00;14;24,00;0,000028;...((..(((.((....)).)))..)).....(...)...((.....))...((((......)))).
2747;10;0;-4,409;0;0,00;15;12,00;0,000028;..(((....(.((((..(......).))))..))))....((.....))...((((......)))).
2753;10;0;-4,409;0;0,00;13;10,00;0,000028;.........(.((((..((....)).))))..)((.....))..........((((......)))).
2771;10;0;-4,400;0;0,00;12;6,00;0,000027;.........(.(((..(((....))).)))..).......((.....))...(((........))).
2785;10;0;-4,395;0;0,00;14;14,00;0,000027;........((.((((.(((....)))))))..))..((....)).........(((......)))..
2787;10;0;-4,396;0;0,00;13;7,00;0,000027;.....(...).((((.(((....)))))))....(.....)...........((((......)))).
2822;10;0;-4,388;0;0,00;18;10,00;0,000027;...((..(((.((((.(((....)))))))..))..).))((.....))...((((......)))).
2826;10;0;-4,389;0;0,00;14;6,00;0,000027;.........(.((((.(((....)))))))..).......((.....))...(((..(...).))).
2831;10;0;-4,383;0;0,00;13;4,00;0,000027;......(...)((((..((....)).))))..........((.....))...((((......)))).
2856;10;0;-4,375;0;0,00;15;8,00;0,000026;.......(((.(((..(((....))).)))..))..)...((.....))...((((......)))).
2889;10;0;-4,367;0;0,00;13;6,00;0,000026;...((......((((.(((....))))))).................))...((((......)))).
2892;10;0;-4,368;0;0,00;13;8,00;0,000026;.........(.((((.(((....)))))))..).....(......)......((((......)))).
2896;10;0;-4,369;0;0,00;13;4,00;0,000026;...........((((..((....)).))))(....)....((.....))...((((......)))).
2904;10;0;-4,363;0;0,00;14;14,00;0,000026;....((..((.(((..(((....))).)))..))..))..............((((......)))).
2906;10;0;-4,364;0;0,00;18;10,00;0,000026;....((..((.((((.(((....)))))))..))..))..((.....))...((((.(...))))).
2907;10;0;-4,364;0;0,00;18;13,00;0,000026;....((..((.((((.(((....)))))))..))..))..((.....))...(((.((...))))).
2926;10;0;-4,361;0;0,00;12;6,00;0,000026;.........(.((((.((......))))))..).......((.....))...(((........))).
2944;10;0;-4,358;0;0,00;16;10,00;0,000025;....((..((.((((.(((....)))))))..))..))..(.......)...((((......)))).
2967;10;0;-4,348;0;0,00;13;4,00;0,000025;(...)......((((..((....)).))))..........((.....))...((((......)))).
2969;10;0;-4,349;0;0,00;15;12,00;0,000025;..((....((.((((..((....)).))))..))))....((.....))...(((........))).
2979;10;0;-4,344;0;0,00;16;6,00;0,000025;..(.....)..((((.(((....)))))))..(...)...((.....))...((((.(...))))).
3001;10;0;-4,337;0;0,00;15;8,00;0,000025;.......(((.((((.((......))))))..))..)...((.....))...((((......)))).
3005;10;0;-4,338;0;0,00;12;6,00;0,000025;.........(.((((...(....)..))))..).......((.....))...((((......)))).
3007;10;0;-4,339;0;0,00;14;6,00;0,000025;..(.....)..((((.(((....)))))))..(...)...(.......)...((((......)))).
3023;10;0;-4,335;0;0,00;15;12,00;0,000024;..(((....(.((((..((....)).))))..))))....((.....))...(((........))).
3037;10;0;-4,332;0;0,00;16;13,00;0,000024;.....(..((.((((.(((....)))))))..))..)...((.....))...((..((...)).)).
3039;10;0;-4,325;0;0,00;14;14,00;0,000024;....((..((.((((.((......))))))..))..))..............((((......)))).
3043;10;0;-4,326;0;0,00;16;10,00;0,000024;.....(..((.((((..((....)).))))..))..)...((.....))...((((.(...))))).
3044;10;0;-4,326;0;0,00;16;13,00;0,000024;.....(..((.((((..((....)).))))..))..)...((.....))...(((.((...))))).
3065;10;0;-4,324;0;0,00;17;8,00;0,000024;..((((....)((((.(((....)))))))...)))....((.....))...((((......)))).
3067;10;0;-4,324;0;0,00;13;4,00;0,000024;.....(...).(((..(((....))).)))..........((.....))...((((......)))).
3073;10;0;-4,318;0;0,00;12;6,00;0,000024;...........((((.(((....)))))))..(...)...((.....))...((..........)).
3081;10;0;-4,320;0;0,00;13;8,00;0,000024;.........(.((((.(........)))))..).......(((...)))...((((......)))).
3086;10;0;-4,313;0;0,00;15;4,00;0,000024;..(.....).(((((.(((....)))))))..).......((.....))...((((......)))).
3092;10;0;-4,315;0;0,00;15;8,00;0,000024;..((.....(.((((..((....)).))))..).))....((.....))...((((......)))).
3110;10;0;-4,310;0;0,00;19;12,00;0,000023;..(((....(.((((.(((....)))))))..))))....(((...)))...((((.(...))))).
3112;10;0;-4,310;0;0,00;14;18,00;0,000023;.....(..((.(((((......)))...))..))..)...((.....))...((((......)))).
3132;10;0;-4,307;0;0,00;16;10,00;0,000023;..((....((.((((.(((....)))))))..))))....((.....))....(((......)))..
3144;10;0;-4,302;0;0,00;12;12,00;0,000023;...........((((.(((....)))))))..(...)...((.....))..((........))....
3158;10;0;-4,299;0;0,00;12;14,00;0,000023;.........(.((((.(........)))))..)...((....))........((((......)))).
3162;10;0;-4,294;0;0,00;16;10,00;0,000023;..(((....(.((((.(((....)))))))..))))....((.....))....(((......)))..
3163;10;0;-4,294;0;0,00;15;8,00;0,000023;..(((......((((.(((....)))))))...)))....((.....))....(((......)))..
3181;10;0;-4,297;0;0,00;11;4,00;0,000023;...........(((...((....))..)))..........((.....))...((((......)))).
3183;10;0;-4,289;0;0,00;16;6,00;0,000023;.....(...).((((.(((....)))))))..(...)...(((...)))...((((......)))).
3184;10;0;-4,290;0;0,00;16;13,00;0,000023;......(.((.((((.(((....)))))))..))..)...((.....))...((..((...)).)).
3199;10;0;-4,292;0;0,00;14;5,00;0,000023;...........((((.(((....)))))))..(...)...((.....))...(((.(.....)))).
3210;10;0;-4,286;0;0,00;13;4,00;0,000023;.....(...).((((.((......))))))..........((.....))...((((......)))).
3229;10;0;-4,282;0;0,00;13;11,00;0,000022;.........(.((((..((....)).))))..).......((.....))...((..((...)).)).
3241;10;0;-4,284;0;0,00;16;10,00;0,000022;......(.((.((((..((....)).))))..))..)...((.....))...((((.(...))))).
3242;10;0;-4,284;0;0,00;16;13,00;0,000022;......(.((.((((..((....)).))))..))..)...((.....))...(((.((...))))).
3266;10;0;-4,275;0;0,00;14;6,00;0,000022;...(...).(.((((..((....)).))))..).......((.....))...((((......)))).
3291;10;0;-4,273;0;0,00;17;8,00;0,000022;..((...))..((((.(((....)))))))..(...)...((.....))...((((.(...))))).
3301;10;0;-4,268;0;0,00;14;18,00;0,000022;......(.((.(((((......)))...))..))..)...((.....))...((((......)))).
3319;10;0;-4,263;0;0,00;12;6,00;0,000022;...........((((..((....)).))))..(...)...((.....))....(((......)))..
3323;10;0;-4,263;0;0,00;15;8,00;0,000022;.......(((.((((.(((....)))))))..))..)...((.....))...(((........))).
3331;10;0;-4,265;0;0,00;14;10,00;0,000022;........((.((((.(((....)))))))..))...(.......)......((((......)))).
3371;10;0;-4,252;0;0,00;15;11,00;0,000021;........((.((((.(((....)))))))..))......((.....))...((..((...)).)).
3383;10;0;-4,246;0;0,00;15;8,00;0,000021;........((.((((..((....)).))))..))......((.....))...((((.(...))))).
3384;10;0;-4,246;0;0,00;15;11,00;0,000021;........((.((((..((....)).))))..))......((.....))...(((.((...))))).
3386;10;0;-4,246;0;0,00;13;8,00;0,000021;.........(.((((.(((....)))))))..)......(...........)((((......)))).
3418;10;0;-4,246;0;0,00;11;23,00;0,000021;...............((((........(((.........)))......))))((((......)))).
3431;10;0;-4,241;0;0,00;13;8,00;0,000021;........((.((((..((....)).))))..))......(.......)...((((......)))).
3437;10;0;-4,242;0;0,00;16;6,00;0,000021;..((...)).(((((.(((....)))))))..).......((.....))...((((......)))).
3449;10;0;-4,236;0;0,00;13;4,00;0,000021;..........(.(((.(((....))))))...).......((.....))...((((......)))).
3480;10;0;-4,234;0;0,00;13;8,00;0,000021;.........(.(((..((......)).)))..).......(((...)))...((((......)))).
3499;10;0;-4,230;0;0,00;13;16,00;0,000021;........((.(((((......)))...))..))......((.....))...((((......)))).
3502;10;0;-4,223;0;0,00;15;12,00;0,000020;....((..((.((((..(......).))))..))..))..((.....))...((((......)))).
3506;10;0;-4,224;0;0,00;13;3,00;0,000020;...........((((.(((....)))))))......(....(.....))...((((......)))).
3555;10;0;-4,211;0;0,00;12;10,00;0,000020;.........(.(((..(((....))).)))..)...(......)........((((......)))).
3558;10;0;-4,212;0;0,00;13;4,00;0,000020;.....(...).((((.(((....)))))))..........((.....))...(((........))).
3567;10;0;-4,213;0;0,00;12;14,00;0,000020;.........(.(((..((......)).)))..)...((....))........((((......)))).
3570;10;0;-4,215;0;0,00;13;7,00;0,000020;.........(.((((.(((....)))))))..)....(...)..........((((......)))).
3574;10;0;-4,207;0;0,00;14;6,00;0,000020;.....(....)((((..((....)).))))..(...)...((.....))...((((......)))).
3582;10;0;-4,210;0;0,00;12;13,00;0,000020;...........((((.(((....)))))))..(...)...((.....))..((...)).........
3621;10;0;-4,196;0;0,00;13;4,00;0,000019;...(...)...((((.(((....)))))))..........((.....))....(((......)))..
3626;10;0;-4,198;0;0,00;13;8,00;0,000019;.........(.((((.(((....)))))))..)...........(....)..((((......)))).
3631;10;0;-4,198;0;0,00;12;13,00;0,000019;...........((((.(((....)))))))..(...)...((.....)).......((...))....
3657;10;0;-4,195;0;0,00;11;25,00;0,000019;..............(((((........(((.........)))......)))))(((......)))..
3666;10;0;-4,188;0;0,00;13;10,00;0,000019;............(((.(((....)))))).(((.......))).........((((......)))).
3674;10;0;-4,190;0;0,00;13;8,00;0,000019;.........(.((((.(((....)))))))..)....(......).......((((......)))).
3675;10;0;-4,191;0;0,00;16;21,00;0,000019;......((((.((((..((....)).))))....(((..(((.....))......).)))..)))).
3686;10;0;-4,186;0;0,00;11;4,00;0,000019;...........((((..((....)).))))..........((.....))...((.(......).)).
3702;10;0;-4,182;0;0,00;10;10,00;0,000019;.........(.((((.(((....)))))))..).......((.....))..................
3709;10;0;-4,183;0;0,00;17;8,00;0,000019;...(..(.((.((((.(((....)))))))..))..)..)((.....))...((((......)))).
3716;10;0;-4,177;0;0,00;14;24,00;0,000019;...((..(((.(......).)))..)).((.....))...((.....))...((((......)))).
3730;10;0;-4,173;0;0,00;13;12,00;0,000019;.....(..((.((((.(((....)))))))..))..)................(((......)))..
3734;10;0;-4,173;0;0,00;12;10,00;0,000019;.........(.((((.((......))))))..)...(......)........((((......)))).
3753;10;0;-4,169;0;0,00;15;24,00;0,000018;...((..(((.((....)).)))..)).((.....))...((.....))...((((......)))).
3762;10;0;-4,170;0;0,00;16;14,00;0,000019;..(((....(.((((..(......).))))..))))....(((...)))...((((......)))).
3775;10;0;-4,165;0;0,00;13;11,00;0,000018;........((.((((..((....)).))))..))(.....)...........((((......)))).
3792;10;0;-4,161;0;0,00;13;4,00;0,000018;...........((((.(((....)))))))..........((.....))....(((.(...))))..
3828;10;0;-4,153;0;0,00;10;12,00;0,000018;.........(.((((.(.......).))))..)...................((((......)))).
3841;10;0;-4,155;0;0,00;11;4,00;0,000018;...........((((.(((....)))))))..........(.......)....(((......)))..
3853;10;0;-4,150;0;0,00;15;12,00;0,000018;....((..((.((((..((....)).))))..))..))..((.....))...(((........))).
3860;10;0;-4,151;0;0,00;11;10,00;0,000018;...........(((..((......)).)))...((.....))..........((((......)))).
3861;10;0;-4,151;0;0,00;14;32,00;0,000018;......((.(((.((.(((....)))...((((.......))))....)).))).))..........
3888;10;0;-4,142;0;0,00;12;9,00;0,000018;.........(.(((..(((....))).)))..)...(...........)...((((......)))).
3935;10;0;-4,130;0;0,00;13;12,00;0,000017;......(.((.((((.(((....)))))))..))..)................(((......)))..
3949;10;0;-4,125;0;0,00;14;10,00;0,000017;.....(..((.((((.(((....)))))))..))..)...((.....))...((..........)).
3951;10;0;-4,126;0;0,00;14;8,00;0,000017;...(...)...((((.(((....))))))).((.......))..........((((......)))).
3999;10;0;-4,116;0;0,00;13;15,00;0,000017;...........((((.(((....)))))))....(((..(((.....))......).))).......
4003;10;0;-4,116;0;0,00;14;5,00;0,000017;...........((((.(((....))))))).....((....(.....)))..((((......)))).
4022;10;0;-4,110;0;0,00;14;16,00;0,000017;.....(..((.((((.(((....)))))))..))..)...((.....))..((........))....
4036;10;0;-4,113;0;0,00;14;6,00;0,000017;...((......((((..((....)).))))........))((.....))...((((......)))).
4039;10;0;-4,106;0;0,00;10;6,00;0,000017;...........((((.(((....)))))))..........((.....))......(......)....
4044;10;0;-4,108;0;0,00;16;10,00;0,000017;....((..((.((((.(((....)))))))..))..))..((.....))....(((......)))..
4051;10;0;-4,102;0;0,00;12;17,00;0,000017;.........(.((((((....))))...))..).......((.....))...(((........))).
4052;10;0;-4,103;0;0,00;14;2,00;0,000017;...........((((.(((....))))))).....(....((.....)))..((((......)))).
4058;10;0;-4,104;0;0,00;15;24,00;0,000017;...((..(((...((((....)))).)).).)).......((.....))...((((......)))).
4059;10;0;-4,104;0;0,00;12;9,00;0,000017;.........(.((((.((......))))))..)...(...........)...((((......)))).
4064;10;0;-4,105;0;0,00;15;4,00;0,000017;.....(....)((((.(((....)))))))..........((.....))...((((.(...))))).
4079;10;0;-4,099;0;0,00;13;8,00;0,000016;.........(.((((...(....)..))))..).......(((...)))...((((......)))).
4080;10;0;-4,099;0;0,00;13;4,00;0,000016;.....(....)((((.(((....)))))))..........(.......)...((((......)))).
4084;10;0;-4,100;0;0,00;16;9,00;0,000016;.....(..((.((((.(((....)))))))..))..)...((.....))...(((.(.....)))).
4091;10;0;-4,101;0;0,00;14;12,00;0,000017;.....(..((.((((.(.......).))))..))..)...((.....))...((((......)))).
4117;10;0;-4,090;0;0,00;14;8,00;0,000016;...........((((.(((....))))))).((.......))..........((((.(...))))).
4131;10;0;-4,093;0;0,00;12;10,00;0,000016;........((.((((.(((....)))))))..))...................(((......)))..
4140;10;0;-4,087;0;0,00;13;4,00;0,000016;.........(.((((.(.(....).)))))..).......((.....))...((((......)))).
4153;10;0;-4,088;0;0,00;16;12,00;0,000016;...((....(.((((.(((....)))))))..)...((....))...))...((((......)))).
4158;10;0;-4,089;0;0,00;14;6,00;0,000016;..(.....)..((((.(((....)))))))..(...)...((.....))....(((......)))..
4166;10;0;-4,083;0;0,00;15;13,00;0,000016;.....(....).(((.(((....))))))((((.......))))........((((......)))).
4176;10;0;-4,083;0;0,00;14;10,00;0,000016;......(.((.((((.(((....)))))))..))..)...((.....))...((..........)).
4189;10;0;-4,079;0;0,00;17;12,00;0,000016;...(((..((.((((..((....)).))))..))..)).)((.....))...((((......)))).
4190;10;0;-4,079;0;0,00;17;12,00;0,000016;...(((..((.((((..((....)).))))..))..).))((.....))...((((......)))).
4193;10;0;-4,079;0;0,00;14;2,00;0,000016;...(.......((((.(((....)))))))....).....((.....))...((((......)))).
4194;10;0;-4,079;0;0,00;16;6,00;0,000016;..((.(....)((((.(((....)))))))....))....((.....))...((((......)))).
4222;10;0;-4,076;0;0,00;11;8,00;0,000016;.........(.((((..((....)).))))..).......((.....))...((..........)).
4223;10;0;-4,076;0;0,00;16;10,00;0,000016;..((.....(.((((..((....)).))))..).))....(((...)))...((((......)))).
4235;10;0;-4,078;0;0,00;15;4,00;0,000016;......(..(.((((.(((....)))))))..)...)...((.....))...((((......)))).
4236;10;0;-4,078;0;0,00;15;19,00;0,000016;.......(((.((((((....))))...))..))..)...((.....))...((((......)))).
4240;10;0;-4,071;0;0,00;14;10,00;0,000016;.....(..((.((((..((....)).))))..))..)...((.....))....(((......)))..
4260;10;0;-4,067;0;0,00;16;6,00;0,000016;...(...)((.((((.(((....)))))))..))......((.....))...((((......)))).
4263;10;0;-4,068;0;0,00;14;16,00;0,000016;......(.((.((((.(((....)))))))..))..)...((.....))..((........))....
4293;10;0;-4,065;0;0,00;18;10,00;0,000016;.(..((..((.((((.(((....)))))))..))..))).((.....))...((((......)))).
4297;10;0;-4,066;0;0,00;11;4,00;0,000016;...........((...(((....)))..))..........((.....))...((((......)))).
4298;10;0;-4,066;0;0,00;13;13,00;0,000016;............((..(((....))).))((((.......))))........((((......)))).
4301;10;0;-4,059;0;0,00;14;12,00;0,000015;......(.((.((((.(.......).))))..))..)...((.....))...((((......)))).
4308;10;0;-4,060;0;0,00;11;14,00;0,000015;.........(.((((..((....)).))))..).......((.....))..((........))....
4310;10;0;-4,061;0;0,00;13;28,00;0,000015;......((.(((.((.(((....))).(((.........)))......)).))).))..........
4321;10;0;-4,055;0;0,00;17;12,00;0,000015;..(((....(.((((.(((....)))))))..))))....(((...)))....(((......)))..
4325;10;0;-4,055;0;0,00;15;10,00;0,000015;...(...)...((((.(((....)))))))(((.......))).........((((......)))).
4329;10;0;-4,056;0;0,00;13;7,00;0,000015;.........(.((((.(((....)))))))..).......((.....))...((..(.....).)).
4337;10;0;-4,057;0;0,00;17;8,00;0,000015;...(.(..((.((((.(((....)))))))..))..)..)((.....))...((((......)))).
4339;10;0;-4,057;0;0,00;16;9,00;0,000015;......(.((.((((.(((....)))))))..))..)...((.....))...(((.(.....)))).
4349;10;0;-4,051;0;0,00;12;6,00;0,000015;...........(((..((......)).)))..(...)...((.....))...((((......)))).
4384;10;0;-4,050;0;0,00;13;7,00;0,000015;.........(.((((..((....)).))))..).......((.....))...(((.(.....)))).
4403;10;0;-4,046;0;0,00;13;8,00;0,000015;........((.((((.(((....)))))))..))......((.....))...((..........)).
4414;10;0;-4,039;0;0,00;13;4,00;0,000015;..........((((..(((....))).)))..).......((.....))...((((......)))).
4435;10;0;-4,036;0;0,00;15;8,00;0,000015;...(...).(.((((..((....)).))))..).......(((...)))...((((......)))).
4453;10;0;-4,039;0;0,00;16;6,00;0,000015;.......(.((((((.(((....)))))))..).).)...((.....))...((((......)))).
4458;10;0;-4,031;0;0,00;11;4,00;0,000015;...........((((.(((....)))))))..........((.....)).....((......))...
4462;10;0;-4,032;0;0,00;13;13,00;0,000015;.........(.((((.(((....)))))))..).......((.....))..(((.....).))....
4470;10;0;-4,034;0;0,00;13;11,00;0,000015;.........(.(((..(((....))).)))..)..((...........))..((((......)))).
4481;10;0;-4,028;0;0,00;13;13,00;0,000015;............(((.((......)))))((((.......))))........((((......)))).
4490;10;0;-4,029;0;0,00;14;10,00;0,000015;......(.((.((((..((....)).))))..))..)...((.....))....(((......)))..
4500;10;0;-4,030;0;0,00;13;14,00;0,000015;........((.((((.(((....)))))))..))......((.....))..((........))....
4510;10;0;-4,024;0;0,00;14;9,00;0,000014;.........(.((((.(((....)))))))..)........((......)).((((......)))).
4511;10;0;-4,024;0;0,00;15;4,00;0,000014;.....(...(.((((.(((....)))))))..)...)...((.....))...((((......)))).
4540;10;0;-4,020;0;0,00;15;7,00;0,000014;........((.((((.(((....)))))))..))......((.....))...(((.(.....)))).
4543;10;0;-4,021;0;0,00;13;10,00;0,000014;........((.((((.(.......).))))..))......((.....))...((((......)))).
4570;10;0;-4,017;0;0,00;14;17,00;0,000014;.....(..((.((((.(((....)))))))..))..)...((.....))..((...)).........
4571;10;0;-4,018;0;0,00;15;8,00;0,000014;..((...))..((((.(((....)))))))..(...)...((.....))....(((......)))..
4585;10;0;-4,019;0;0,00;15;10,00;0,000014;...........((((.(((....)))))))(((.......))).........((((.(...))))).
4621;10;0;-4,009;0;0,00;11;4,00;0,000014;...........((.(..((....)).).))..........((.....))...((((......)))).
4622;10;0;-4,009;0;0,00;14;6,00;0,000014;..(.....)(.(((..(((....))).)))..).......((.....))...((((......)))).
4645;10;0;-4,006;0;0,00;14;17,00;0,000014;.....(..((.((((.(((....)))))))..))..)...((.....)).......((...))....
4661;10;0;-4,001;0;0,00;13;4,00;0,000014;..........(((((.((......))))))..).......((.....))...((((......)))).
4688;10;0;-3,997;0;0,00;10;10,00;0,000014;.........(.((((.(........)))))..)...................((((......)))).
4697;10;0;-3,996;0;0,00;13;11,00;0,000014;.........(.((((.((......))))))..)..((...........))..((((......)))).
4716;10;0;-3,991;0;0,00;13;8,00;0,000014;........((.((((..((....)).))))..))......((.....))....(((......)))..
4717;10;0;-3,991;0;0,00;14;9,00;0,000014;.........(.((((.(((....)))))))..)...(.(......)..)...((((......)))).
4718;10;0;-3,991;0;0,00;13;8,00;0,000014;.........(.((((.(((....)))))))..)..(.............)..((((......)))).
4759;10;0;-3,986;0;0,00;13;4,00;0,000014;.........(.(((..(((....))).)))....).....((.....))...((((......)))).
4767;10;0;-3,983;0;0,00;16;6,00;0,000014;.......(.(.((((.(((....)))))))....).)...((.....))...((((.(...))))).
4768;10;0;-3,983;0;0,00;16;9,00;0,000014;.......(.(.((((.(((....)))))))....).)...((.....))...(((.((...))))).
4769;10;0;-3,983;0;0,00;11;7,00;0,000014;...........((((.(((....)))))))..(.......)............(((......)))..
4772;10;0;-3,984;0;0,00;15;4,00;0,000014;(...)....(.((((.(((....)))))))..).......((.....))...((((......)))).
4780;10;0;-3,981;0;0,00;16;14,00;0,000013;...((.....))(((.(((....))))))((((.......))))........((((......)))).
4785;10;0;-3,979;0;0,00;16;12,00;0,000013;...(((..((.((((.(((....)))))))..))..)..........))...((((......)))).
4790;10;0;-3,980;0;0,00;12;8,00;0,000013;............(((.(((....))))))....((.....))..........((((......)))).
4800;10;0;-3,977;0;0,00;14;6,00;0,000013;.......(.(.((((.(((....)))))))....).)...(.......)...((((......)))).
4802;10;0;-3,978;0;0,00;12;6,00;0,000013;...........(((..(((....))).)))..(...)...((.....))...(((........))).
4810;10;0;-3,975;0;0,00;14;17,00;0,000013;......(.((.((((.(((....)))))))..))..)...((.....))..((...)).........
4831;10;0;-3,971;0;0,00;14;6,00;0,000013;..(.....)(.((((.((......))))))..).......((.....))...((((......)))).
4853;10;0;-3,968;0;0,00;14;6,00;0,000013;...........((((.(((....)))))))..(...)...((.....))...(((..(...).))).
4855;10;0;-3,968;0;0,00;11;15,00;0,000013;.........(.((((..((....)).))))..).......((.....))..((...)).........
4864;10;0;-3,965;0;0,00;16;10,00;0,000013;..(((.....(((((..((....)).))))..))))....((.....))...((((......)))).
4880;10;0;-3,964;0;0,00;14;17,00;0,000013;......(.((.((((.(((....)))))))..))..)...((.....)).......((...))....
4893;10;0;-3,965;0;0,00;13;10,00;0,000013;.....(...).((((..((....)).))))...((.....))..........((((......)))).
4934;10;0;-3,958;0;0,00;13;4,00;0,000013;...........((((..((....)).)))).........(((.....))..)((((......)))).
4942;10;0;-3,956;0;0,00;11;15,00;0,000013;.........(.((((..((....)).))))..).......((.....)).......((...))....
4977;10;0;-3,949;0;0,00;14;6,00;0,000013;.........(.(((..(((....))).)))..).......((.....))...((((.(...))))).
4978;10;0;-3,949;0;0,00;14;9,00;0,000013;.........(.(((..(((....))).)))..).......((.....))...(((.((...))))).
4990;10;0;-3,947;0;0,00;13;4,00;0,000013;.........(.((((.(((....)))))))..)........(.....)....((((......)))).
4995;10;0;-3,948;0;0,00;13;4,00;0,000013;.........(.((((.((......))))))....).....((.....))...((((......)))).
5016;10;0;-3,944;0;0,00;12;6,00;0,000013;.........(.(((..(((....))).)))..).......(.......)...((((......)))).
5021;10;0;-3,945;0;0,00;14;10,00;0,000013;.....(..((.((((.(........)))))..))..)...((.....))...((((......)))).
5051;10;0;-3,938;0;0,00;15;8,00;0,000013;..((...))(.(((..(((....))).)))..).......((.....))...((((......)))).
5057;10;0;-3,939;0;0,00;12;6,00;0,000013;...........((((.((......))))))..(...)...((.....))...(((........))).
5072;10;0;-3,937;0;0,00;13;15,00;0,000013;........((.((((.(((....)))))))..))......((.....))..((...)).........
5113;10;0;-3,929;0;0,00;14;2,00;0,000012;...........((((.(((....))))))).....(....((.....)).).((((......)))).
5116;10;0;-3,926;0;0,00;13;15,00;0,000012;........((.((((.(((....)))))))..))......((.....)).......((...))....
5126;10;0;-3,927;0;0,00;13;4,00;0,000012;..........(((((.(((....)))))))..).......((.....))...(((........))).
5129;10;0;-3,927;0;0,00;13;7,00;0,000012;.....(....)((((.(((....)))))))..(.......)...........((((......)))).
5147;10;0;-3,923;0;0,00;14;8,00;0,000012;...........((((.(((....))))))).((.......))..(.....).((((......)))).
5152;10;0;-3,920;0;0,00;11;23,00;0,000012;........((.((....)).)).....(((.........)))..........((((......)))).
5209;10;0;-3,911;0;0,00;10;10,00;0,000012;.........(.(((..((......)).)))..)...................((((......)))).
5211;10;0;-3,911;0;0,00;14;6,00;0,000012;.........(.((((.((......))))))..).......((.....))...((((.(...))))).
5212;10;0;-3,911;0;0,00;14;9,00;0,000012;.........(.((((.((......))))))..).......((.....))...(((.((...))))).
5219;10;0;-3,909;0;0,00;12;19,00;0,000012;.........(.((((.(((....)))))))..)...((....))....((....))...........
5234;10;0;-3,904;0;0,00;17;15,00;0,000012;..((....((.((((.(((....)))))))..))))....((.....))...((..((...)).)).
5235;10;0;-3,904;0;0,00;13;8,00;0,000012;.........(.((((.(((....)))))))..).....(...).........((((......)))).
5239;10;0;-3,906;0;0,00;12;6,00;0,000012;.........(.((((.((......))))))..).......(.......)...((((......)))).
5243;10;0;-3,903;0;0,00;14;10,00;0,000012;......(.((.((((.(........)))))..))..)...((.....))...((((......)))).
5261;10;0;-3,902;0;0,00;14;10,00;0,000012;........((.((((.(((....)))))))..))....(.....).......((((......)))).
5266;10;0;-3,899;0;0,00;17;12,00;0,000012;..((....((.((((..((....)).))))..))))....((.....))...((((.(...))))).
5267;10;0;-3,899;0;0,00;17;15,00;0,000012;..((....((.((((..((....)).))))..))))....((.....))...(((.((...))))).
5271;10;0;-3,900;0;0,00;12;2,00;0,000012;...........(.((.(((....))))).)..........((.....))...((((......)))).
5273;10;0;-3,900;0;0,00;15;8,00;0,000012;..((...))(.((((.((......))))))..).......((.....))...((((......)))).
5283;10;0;-3,898;0;0,00;14;6,00;0,000012;..(.....)(.((((.(((....)))))))..).......((.....))...(((........))).
5284;10;0;-3,898;0;0,00;9;13,00;0,000012;................(((....)))..((.........))...........((((......)))).
5303;10;0;-3,893;0;0,00;15;12,00;0,000012;..((....((.((((..((....)).))))..))))....(.......)...((((......)))).
5307;10;0;-3,894;0;0,00;14;6,00;0,000012;...........((((.(((....)))))))....((....((.....)).)).(((......)))..
5310;10;0;-3,894;0;0,00;16;10,00;0,000012;...((..(.(.((((..((....)).))))....).).))((.....))...((((......)))).
5317;10;0;-3,891;0;0,00;17;15,00;0,000012;..(((....(.((((.(((....)))))))..))))....((.....))...((..((...)).)).
5345;10;0;-3,888;0;0,00;13;4,00;0,000012;...........(((..(((....))).))).(...)....((.....))...((((......)))).
5352;10;0;-3,885;0;0,00;17;12,00;0,000011;..(((....(.((((..((....)).))))..))))....((.....))...((((.(...))))).
5353;10;0;-3,885;0;0,00;17;15,00;0,000011;..(((....(.((((..((....)).))))..))))....((.....))...(((.((...))))).
5356;10;0;-3,885;0;0,00;16;10,00;0,000011;..(((......((((..((....)).))))...)))....((.....))...((((.(...))))).
5378;10;0;-3,885;0;0,00;17;19,00;0,000011;..(((....(.((((((....))...))))..))))....(((...)))...((((......)))).
5388;10;0;-3,883;0;0,00;15;20,00;0,000011;..((....((.(((((......)))...))..))))....((.....))...((((......)))).
5389;10;0;-3,883;0;0,00;15;11,00;0,000011;.........(.((((.(((....)))))))..)..((.(......)..))..((((......)))).
5398;10;0;-3,880;0;0,00;15;12,00;0,000011;..(((....(.((((..((....)).))))..))))....(.......)...((((......)))).
5401;10;0;-3,880;0;0,00;13;4,00;0,000011;............(((.(((....))))))...(...)...((.....))...((((......)))).
5443;10;0;-3,874;0;0,00;13;4,00;0,000011;.........(.((((.(((....)))))))....).....((.....))...(((........))).
5445;10;0;-3,875;0;0,00;15;8,00;0,000011;..(((.......(((.(((....))))))....)))....((.....))...((((......)))).
5459;10;0;-3,869;0;0,00;15;20,00;0,000011;..(((....(.(((((......)))...))..))))....((.....))...((((......)))).
5498;10;0;-3,864;0;0,00;14;6,00;0,000011;.....(...).((((..((....)).))))..(...)...((.....))...((((......)))).
5503;10;0;-3,865;0;0,00;13;8,00;0,000011;........((.((((.(........)))))..))......((.....))...((((......)))).
5508;10;0;-3,862;0;0,00;14;6,00;0,000011;.........(.((((.(((....)))))))..).......(.(...).)...((((......)))).
5521;10;0;-3,860;0;0,00;14;6,00;0,000011;...((......(((..(((....))).))).)).......((.....))...((((......)))).
5525;10;0;-3,860;0;0,00;13;11,00;0,000011;...........((((..((....)).))))..(...)...((.....))...((..((...)).)).
5543;10;0;-3,859;0;0,00;14;10,00;0,000011;.....(..((.(((..((......)).)))..))..)...((.....))...((((......)))).
5553;10;0;-3,856;0;0,00;15;4,00;0,000011;...(....(..((((.(((....))))))).)).......((.....))...((((......)))).
5581;10;0;-3,853;0;0,00;15;8,00;0,000011;...(....((.(((..(((....))).)))..))).....((.....))...((((......)))).
5584;10;0;-3,853;0;0,00;15;4,00;0,000011;(.......)..((((.(((....)))))))..(...)...((.....))...((((......)))).
5608;10;0;-3,849;0;0,00;13;4,00;0,000011;.....(....)((((.(((....)))))))..........((.....))....(((......)))..
5610;10;0;-3,850;0;0,00;13;4,00;0,000011;...........((((.((......)))))).(...)....((.....))...((((......)))).
10;11;0;-7,939;1;0,00;15;4,00;0,010738;..((...))..((((.(((....)))))))..........((.....))...((((......)))).
15;11;0;-7,751;0;0,00;14;10,00;0,007815;..(.....)..((((.(((....)))))))......((....))........((((......)))).
19;11;0;-7,680;0;0,00;15;12,00;0,006929;..((...))..((((.(((....)))))))......((....))........((((......)))).
25;11;0;-7,449;0;0,00;12;6,00;0,004691;..(.....)..((((.(((....)))))))......................((((......)))).
29;11;1;-7,377;0;0,00;13;8,00;0,004159;..((...))..((((.(((....)))))))......................((((......)))).
31;11;0;-7,276;0;0,00;14;6,00;0,003502;..((...))..((((..((....)).))))..........((.....))...((((......)))).
51;11;0;-7,016;0;0,00;14;14,00;0,002260;..((...))..((((..((....)).))))......((....))........((((......)))).
80;11;0;-6,783;0;0,00;12;18,00;0,001526;..((...))..((((...........))))......((....))........((((......)))).
90;11;0;-6,714;0;0,00;12;10,00;0,001357;..((...))..((((..((....)).))))......................((((......)))).
94;11;0;-6,661;0;0,00;14;8,00;0,001241;..(.....)..((((.(((....)))))))...((.....))..........((((......)))).
112;11;0;-6,589;0;0,00;15;10,00;0,001100;..((...))..((((.(((....)))))))...((.....))..........((((......)))).
134;11;0;-6,481;0;0,00;10;14,00;0,000916;..((...))..((((...........))))......................((((......)))).
145;11;0;-6,429;0;0,00;13;7,00;0,000838;..(.....)..((((.(((....)))))))....(.....)...........((((......)))).
148;11;0;-6,408;0;0,00;14;10,00;0,000810;...(...)...((((.(((....)))))))......((....))........((((......)))).
160;11;0;-6,357;0;0,00;14;9,00;0,000743;..((...))..((((.(((....)))))))....(.....)...........((((......)))).
168;11;0;-6,313;0;0,00;14;10,00;0,000690;..(.....)..((((.(((....))))))).......((.....))......((((......)))).
174;11;0;-6,285;0;0,00;14;6,00;0,000658;..((...))..(((..(((....))).)))..........((.....))...((((......)))).
185;11;0;-6,247;0;0,00;14;6,00;0,000617;..((...))..((((.((......))))))..........((.....))...((((......)))).
191;11;0;-6,242;0;0,00;15;12,00;0,000612;..((...))..((((.(((....))))))).......((.....))......((((......)))).
200;11;0;-6,217;0;0,00;15;12,00;0,000586;..((....((.((((.(((....)))))))..))))................((((......)))).
202;11;0;-6,203;0;0,00;15;12,00;0,000573;..(((....(.((((.(((....)))))))..))))................((((......)))).
203;11;0;-6,203;0;0,00;14;10,00;0,000573;..(((......((((.(((....)))))))...)))................((((......)))).
207;11;0;-6,199;0;0,00;15;12,00;0,000569;..(((...(..((((.(((....))))))).).)))................((((......)))).
231;11;0;-6,119;0;0,00;14;22,00;0,000497;......((((.((((.(((....)))))))....(((....................)))..)))).
234;11;0;-6,106;0;0,00;12;6,00;0,000486;...(...)...((((.(((....)))))))......................((((......)))).
238;11;0;-6,097;0;0,00;13;12,00;0,000479;..(.....)..(((..(((....))).)))......((....))........((((......)))).
242;11;0;-6,087;0;0,00;15;12,00;0,000471;..((...))..((((.(((....))))))).............((.....))((((......)))).
253;11;0;-6,056;0;0,00;13;8,00;0,000447;..(.....)..((((.(((....)))))))......(......)........((((......)))).
255;11;0;-6,058;0;0,00;13;12,00;0,000449;..(.....)..((((.((......))))))......((....))........((((......)))).
266;11;0;-6,025;0;0,00;14;14,00;0,000425;..((...))..(((..(((....))).)))......((....))........((((......)))).
274;11;0;-5,999;0;0,00;13;8,00;0,000406;..(.....)..((((.(((....)))))))..(...)...............((((......)))).
276;11;0;-5,985;0;0,00;14;10,00;0,000396;..((...))..((((.(((....)))))))......(......)........((((......)))).
279;11;0;-5,987;0;0,00;14;14,00;0,000398;..((...))..((((.((......))))))......((....))........((((......)))).
280;11;0;-5,987;0;0,00;13;7,00;0,000398;..(.....)..((((.(((....)))))))......(...........)...((((......)))).
313;11;0;-5,927;0;0,00;14;10,00;0,000360;..((...))..((((.(((....)))))))..(...)...............((((......)))).
316;11;0;-5,926;0;0,00;14;12,00;0,000359;..((...))..((((..((....)).))))...((.....))..........((((......)))).
320;11;0;-5,916;0;0,00;14;9,00;0,000353;..((...))..((((.(((....)))))))......(...........)...((((......)))).
322;11;0;-5,914;0;0,00;14;14,00;0,000352;..((...))..((((.(((....)))))))......((....))........(((........))).
339;11;0;-5,879;0;0,00;14;9,00;0,000332;..(.....)..((((.(((....))))))).....((...........))..((((......)))).
371;11;0;-5,808;0;0,00;15;11,00;0,000294;..((...))..((((.(((....))))))).....((...........))..((((......)))).
375;11;0;-5,794;0;0,00;11;8,00;0,000287;..(.....)..(((..(((....))).)))......................((((......)))).
383;11;0;-5,789;0;0,00;13;4,00;0,000285;..(.....)..((((.(((....)))))))..........(.......)...((((......)))).
396;11;0;-5,756;0;0,00;11;8,00;0,000269;..(.....)..((((.((......))))))......................((((......)))).
415;11;0;-5,728;0;0,00;14;25,00;0,000257;..((...))..((((((....))))...))......((....))........((((......)))).
420;11;0;-5,723;0;0,00;12;10,00;0,000255;..((...))..(((..(((....))).)))......................((((......)))).
421;11;0;-5,723;0;0,00;16;6,00;0,000255;..((...))..((((.(((....)))))))..........((.....))...((((.(...))))).
424;11;0;-5,719;0;0,00;14;30,00;0,000253;...((..(((.((....)).)))..))..(((.........)))........((((......)))).
428;11;0;-5,718;0;0,00;14;6,00;0,000253;..((...))..((((.(((....)))))))..........(.......)...((((......)))).
437;11;0;-5,710;0;0,00;15;23,00;0,000249;......((((.((((.(((....)))))))....(((..(...............).)))..)))).
448;11;0;-5,694;0;0,00;13;11,00;0,000242;..((...))..((((..((....)).))))....(.....)...........((((......)))).
452;11;0;-5,685;0;0,00;12;10,00;0,000239;..((...))..((((.((......))))))......................((((......)))).
500;11;0;-5,617;0;0,00;13;7,00;0,000213;..(.....)..((((.(((....)))))))..(.......)...........((((......)))).
501;11;0;-5,611;0;0,00;12;10,00;0,000211;..((...))..((((.(((....)))))))......................(((........))).
503;11;0;-5,607;0;0,00;12;30,00;0,000209;...((..(((.(......).)))..)).........((....))........((((......)))).
511;11;0;-5,599;0;0,00;13;30,00;0,000207;...((..(((.((....)).)))..)).........((....))........((((......)))).
519;11;0;-5,578;0;0,00;14;14,00;0,000200;..((...))..((((..((....)).)))).......((.....))......((((......)))).
533;11;0;-5,553;0;0,00;14;14,00;0,000191;..((....((.((((..((....)).))))..))))................((((......)))).
536;11;0;-5,546;0;0,00;14;9,00;0,000189;..((...))..((((.(((....)))))))..(.......)...........((((......)))).
552;11;0;-5,535;0;0,00;15;12,00;0,000185;..(.....)..((((.(((....)))))))......((....))........((((.(...))))).
555;11;0;-5,535;0;0,00;14;14,00;0,000186;..(((...(..((((..((....)).)))).).)))................((((......)))).
610;11;0;-5,468;0;0,00;14;10,00;0,000166;.......(((.((((.(((....)))))))..))..)...............((((......)))).
611;11;0;-5,468;0;0,00;14;6,00;0,000166;..((...))..((((.(((....)))))))..........((.....))....(((......)))..
614;11;0;-5,464;0;0,00;16;14,00;0,000164;..((...))..((((.(((....)))))))......((....))........((((.(...))))).
615;11;0;-5,464;0;0,00;16;17,00;0,000164;..((...))..((((.(((....)))))))......((....))........(((.((...))))).
621;11;0;-5,461;0;0,00;11;15,00;0,000164;..((...))..((((...........))))....(.....)...........((((......)))).
631;11;0;-5,443;0;0,00;13;8,00;0,000159;..(.....)..((((.(((....))))))).......(....).........((((......)))).
647;11;0;-5,423;0;0,00;14;14,00;0,000154;..((...))..((((..((....)).)))).............((.....))((((......)))).
669;11;0;-5,404;0;0,00;15;12,00;0,000149;..(.....)(.((((.(((....)))))))..)...((....))........((((......)))).
676;11;0;-5,397;0;0,00;15;10,00;0,000147;..((...))..((((.(((....))))))).((.......))..........((((......)))).
699;11;0;-5,371;0;0,00;14;10,00;0,000141;..((...))..((((.(((....))))))).......(....).........((((......)))).
725;11;0;-5,346;0;0,00;12;18,00;0,000135;..((...))..((((...........)))).......((.....))......((((......)))).
733;11;0;-5,333;0;0,00;16;14,00;0,000132;..((...))(.((((.(((....)))))))..)...((....))........((((......)))).
740;11;0;-5,327;0;0,00;16;12,00;0,000131;..((...))..((((.(((....)))))))(((.......))).........((((......)))).
743;11;0;-5,321;0;0,00;13;12,00;0,000129;..((...))..((((..((....)).))))......(......)........((((......)))).
747;11;0;-5,323;0;0,00;13;16,00;0,000130;..((...))..((((..(......).))))......((....))........((((......)))).
754;11;0;-5,318;0;0,00;14;8,00;0,000129;...(...)...((((.(((....)))))))...((.....))..........((((......)))).
755;11;0;-5,318;0;0,00;16;23,00;0,000129;......((((.((((.(((....)))))))....(((..((.............)).)))..)))).
758;11;0;-5,320;0;0,00;12;18,00;0,000129;..((....((.((((...........))))..))))................((((......)))).
776;11;0;-5,303;0;0,00;12;18,00;0,000125;..(((...(..((((...........)))).).)))................((((......)))).
782;11;0;-5,304;0;0,00;10;26,00;0,000126;...((..(((.(......).)))..)).........................((((......)))).
791;11;0;-5,294;0;0,00;15;12,00;0,000124;..(.....)..((((.(((....)))))))...(..((....)).)......((((......)))).
792;11;0;-5,296;0;0,00;11;26,00;0,000124;...((..(((.((....)).)))..)).........................((((......)))).
803;11;0;-5,279;0;0,00;13;12,00;0,000121;..(.....)..((((.(((....)))))))......((....)).........(((......)))..
817;11;0;-5,264;0;0,00;13;12,00;0,000117;..((...))..((((..((....)).))))..(...)...............((((......)))).
828;11;0;-5,257;0;0,00;15;12,00;0,000116;...((...((.((((.(((....)))))))..))....))............((((......)))).
831;11;0;-5,252;0;0,00;13;11,00;0,000115;..((...))..((((..((....)).))))......(...........)...((((......)))).
837;11;0;-5,250;0;0,00;13;16,00;0,000115;..((...))..((((..((....)).))))......((....))........(((........))).
856;11;0;-5,232;0;0,00;13;8,00;0,000111;..(.....)..((((.(((....)))))))......................((((.(...))))).
872;11;0;-5,223;0;0,00;16;14,00;0,000110;..((...))..((((.(((....)))))))...(..((....)).)......((((......)))).
885;11;0;-5,208;0;0,00;14;14,00;0,000107;..((...))..((((.(((....)))))))......((....)).........(((......)))..
887;11;0;-5,210;0;0,00;11;20,00;0,000107;..((...))..(((.............)))......((....))........((((......)))).
900;11;0;-5,201;0;0,00;17;16,00;0,000106;..((....((.((((.(((....)))))))..))))((....))........((((......)))).
914;11;0;-5,191;0;0,00;12;18,00;0,000104;..((...))..((((...........)))).............((.....))((((......)))).
920;11;0;-5,187;0;0,00;17;16,00;0,000103;..(((....(.((((.(((....)))))))..))))((....))........((((......)))).
921;11;0;-5,187;0;0,00;16;14,00;0,000103;..(((......((((.(((....)))))))...)))((....))........((((......)))).
929;11;0;-5,183;0;0,00;17;16,00;0,000102;..(((...(..((((.(((....))))))).).)))((....))........((((......)))).
956;11;0;-5,161;0;0,00;14;10,00;0,000099;..((...))..((((.(((....)))))))......................((((.(...))))).
957;11;0;-5,161;0;0,00;14;13,00;0,000099;..((...))..((((.(((....)))))))......................(((.((...))))).
970;11;0;-5,150;0;0,00;13;8,00;0,000097;..(.....)..((((.(((....))))))).......(.......)......((((......)))).
983;11;0;-5,144;0;0,00;14;13,00;0,000096;..((...))..((((..((....)).)))).....((...........))..((((......)))).
1031;11;0;-5,102;0;0,00;13;8,00;0,000089;..(.....)(.((((.(((....)))))))..)...................((((......)))).
1057;11;0;-5,088;0;0,00;11;16,00;0,000087;..((...))..((((...........))))......(......)........((((......)))).
1061;11;0;-5,089;0;0,00;17;16,00;0,000087;..((((..((.((((.(((....)))))))..))..)).....)).......((((......)))).
1068;11;0;-5,086;0;0,00;13;7,00;0,000087;...(...)...((((.(((....)))))))....(.....)...........((((......)))).
1071;11;0;-5,078;0;0,00;14;10,00;0,000086;..((...))..((((.(((....))))))).......(.......)......((((......)))).
1075;11;0;-5,081;0;0,00;12;27,00;0,000086;...((..(((.(......).)))..)).((.........))...........((((......)))).
1092;11;0;-5,073;0;0,00;13;27,00;0,000085;...((..(((.((....)).)))..)).((.........))...........((((......)))).
1105;11;0;-5,066;0;0,00;13;8,00;0,000084;..(.....)..((((.(((....)))))))..............(.....).((((......)))).
1109;11;0;-5,059;0;0,00;15;8,00;0,000083;..((...))..((((..((....)).))))..........((.....))...((((.(...))))).
1122;11;0;-5,054;0;0,00;13;8,00;0,000082;..((...))..((((..((....)).))))..........(.......)...((((......)))).
1143;11;0;-5,038;0;0,00;14;21,00;0,000080;..((...))..((((((....))...))))......((....))........((((......)))).
1153;11;0;-5,031;0;0,00;14;10,00;0,000079;..((...))(.((((.(((....)))))))..)...................((((......)))).
1154;11;0;-5,031;0;0,00;11;16,00;0,000079;..((...))..((((...........))))..(...)...............((((......)))).
1168;11;0;-5,021;0;0,00;11;12,00;0,000078;..((...))..((((..(......).))))......................((((......)))).
1172;11;0;-5,017;0;0,00;11;20,00;0,000077;..((...))..((((...........))))......((....))........(((........))).
1177;11;0;-5,019;0;0,00;11;15,00;0,000078;..((...))..((((...........))))......(...........)...((((......)))).
1187;11;0;-5,006;0;0,00;13;10,00;0,000076;..(.....)..(((..(((....))).)))...((.....))..........((((......)))).
1207;11;0;-4,994;0;0,00;14;10,00;0,000075;..((...))..((((.(((....)))))))..............(.....).((((......)))).
1223;11;0;-4,977;0;0,00;11;8,00;0,000072;..(.....)..((((.(((....))))))).......................(((......)))..
1231;11;0;-4,979;0;0,00;15;12,00;0,000073;..((...))..((((.(((....)))))))....((..............))((((......)))).
1232;11;0;-4,980;0;0,00;15;12,00;0,000073;..((....((.((((.(((....)))))))..)).........)).......((((......)))).
1246;11;0;-4,970;0;0,00;14;10,00;0,000072;...(...)...((((.(((....))))))).......((.....))......((((......)))).
1257;11;0;-4,968;0;0,00;13;10,00;0,000071;..(.....)..((((.((......))))))...((.....))..........((((......)))).
1276;11;0;-4,952;0;0,00;13;8,00;0,000069;...((......((((.(((....))))))).))...................((((......)))).
1281;11;0;-4,947;0;0,00;11;12,00;0,000069;..((...))..((((..((....)).))))......................(((........))).
1292;11;0;-4,945;0;0,00;14;10,00;0,000069;...(....((.((((.(((....)))))))..))).................((((......)))).
1306;11;0;-4,935;0;0,00;14;12,00;0,000067;..((...))..(((..(((....))).)))...((.....))..........((((......)))).
1317;11;0;-4,932;0;0,00;13;8,00;0,000067;...((......((((.(((....)))))))...)).................((((......)))).
1319;11;0;-4,933;0;0,00;13;27,00;0,000067;...((..(((.(......).)))..))(((.........)))..........((((......)))).
1324;11;0;-4,927;0;0,00;14;10,00;0,000067;...((...(..((((.(((....))))))).).)).................((((......)))).
1332;11;0;-4,925;0;0,00;14;27,00;0,000066;...((..(((.((....)).)))..))(((.........)))..........((((......)))).
1352;11;0;-4,911;0;0,00;12;17,00;0,000065;..((...))..((((...........)))).....((...........))..((((......)))).
1360;11;0;-4,908;0;0,00;9;16,00;0,000064;..((...))..(((.............)))......................((((......)))).
1374;11;0;-4,906;0;0,00;12;10,00;0,000064;..((...))..((((.(((....))))))).......................(((......)))..
1386;11;0;-4,895;0;0,00;9;24,00;0,000063;.......(((.((....)).))).............................((((......)))).
1387;11;0;-4,897;0;0,00;14;12,00;0,000063;..((...))..((((.((......))))))...((.....))..........((((......)))).
1413;11;0;-4,882;0;0,00;13;11,00;0,000062;..((...))..((((..((....)).))))..(.......)...........((((......)))).
1522;11;0;-4,830;0;0,00;13;8,00;0,000056;...((......((((.(((....)))))))........))............((((......)))).
1530;11;0;-4,825;0;0,00;11;30,00;0,000056;...((..(((..........)))..)).........((....))........((((......)))).
1550;11;0;-4,823;0;0,00;14;12,00;0,000056;..((...))..((((.(((....)))))))...((.....))..........(((........))).
1572;11;0;-4,811;0;0,00;16;15,00;0,000055;..((...))...(((.(((....))))))((((.......))))........((((......)))).
1576;11;0;-4,806;0;0,00;15;19,00;0,000054;..((...))..((((.(((....)))))))......((....))........((..((...)).)).
1588;11;0;-4,804;0;0,00;13;8,00;0,000054;..((...))..((((..((....)).))))..........((.....))....(((......)))..
1595;11;0;-4,800;0;0,00;15;16,00;0,000054;..((...))..((((..((....)).))))......((....))........((((.(...))))).
1596;11;0;-4,800;0;0,00;15;19,00;0,000054;..((...))..((((..((....)).))))......((....))........(((.((...))))).
1611;11;0;-4,796;0;0,00;16;14,00;0,000053;...(((..((.((((.(((....)))))))..))..)).)............((((......)))).
1612;11;0;-4,796;0;0,00;16;14,00;0,000053;...(((..((.((((.(((....)))))))..))..).))............((((......)))).
1628;11;0;-4,786;0;0,00;13;8,00;0,000052;..(.....)..((((.(((....)))))))........(.....).......((((......)))).
1634;11;0;-4,789;0;0,00;13;8,00;0,000053;..((.......((((.(((....)))))))....))................((((......)))).
1644;11;0;-4,784;0;0,00;13;24,00;0,000052;..((...))..(((((......)))...))......((....))........((((......)))).
1652;11;0;-4,774;0;0,00;12;9,00;0,000051;..(.....)..(((..(((....))).)))....(.....)...........((((......)))).
1662;11;0;-4,770;0;0,00;13;22,00;0,000051;..((...))..(((((......))...)))......((....))........((((......)))).
1682;11;0;-4,754;0;0,00;13;12,00;0,000050;...(...)...(((..(((....))).)))......((....))........((((......)))).
1685;11;0;-4,756;0;0,00;15;12,00;0,000050;..((...))..((((.(((....)))))))..............((...)).((((......)))).
1726;11;0;-4,741;0;0,00;12;6,00;0,000049;(.......)..((((.(((....)))))))......................((((......)))).
1733;11;0;-4,736;0;0,00;12;9,00;0,000048;..(.....)..((((.((......))))))....(.....)...........((((......)))).
1750;11;0;-4,733;0;0,00;14;12,00;0,000048;..((...))..((((..((....)).)))).((.......))..........((((......)))).
1777;11;0;-4,716;0;0,00;13;12,00;0,000047;...(...)...((((.((......))))))......((....))........((((......)))).
1787;11;0;-4,713;0;0,00;13;8,00;0,000046;...(...)...((((.(((....)))))))......(......)........((((......)))).
1793;11;0;-4,714;0;0,00;13;20,00;0,000046;......((((.((((.(((....)))))))....((......................))..)))).
1794;11;0;-4,715;0;0,00;9;16,00;0,000046;..((...))..((((...........))))......................(((........))).
1795;11;0;-4,715;0;0,00;14;10,00;0,000046;..((...))..((((.(((....)))))))........(.....).......((((......)))).
1799;11;0;-4,708;0;0,00;13;12,00;0,000046;..((...))..((((..((....)).)))).......(....).........((((......)))).
1812;11;0;-4,705;0;0,00;13;7,00;0,000046;..(.....)..((((.(((....)))))))...(.......)..........((((......)))).
1827;11;0;-4,703;0;0,00;13;11,00;0,000046;..((...))..(((..(((....))).)))....(.....)...........((((......)))).
1885;11;0;-4,679;0;0,00;15;12,00;0,000044;...(...).(.((((.(((....)))))))..)...((....))........((((......)))).
1899;11;0;-4,669;0;0,00;15;16,00;0,000043;..((...))(.((((..((....)).))))..)...((....))........((((......)))).
1907;11;0;-4,665;0;0,00;13;11,00;0,000043;..((...))..((((.((......))))))....(.....)...........((((......)))).
1924;11;0;-4,662;0;0,00;12;17,00;0,000043;..(.....)..((((.(.....)...))))......((....))........((((......)))).
1926;11;0;-4,663;0;0,00;15;14,00;0,000043;..((...))..((((..((....)).))))(((.......))).........((((......)))).
1936;11;0;-4,659;0;0,00;13;12,00;0,000042;..(.....)..(((..(((....))).))).......((.....))......((((......)))).
1945;11;0;-4,655;0;0,00;12;20,00;0,000042;..(.....)..((((.(((....)))))))......((....)).......((........))....
1948;11;0;-4,656;0;0,00;13;8,00;0,000042;...(...)...((((.(((....)))))))..(...)...............((((......)))).
1949;11;0;-4,649;0;0,00;13;8,00;0,000042;..((.......((((.(((....))))))).............)).......((((......)))).
1951;11;0;-4,649;0;0,00;11;15,00;0,000042;..((...))..((((...........))))..(.......)...........((((......)))).
1965;11;0;-4,645;0;0,00;14;13,00;0,000041;..(.....)..((((.(((....)))))))......((....))........(((.(.....)))).
1981;11;0;-4,644;0;0,00;13;7,00;0,000041;...(...)...((((.(((....)))))))......(...........)...((((......)))).
1982;11;0;-4,637;0;0,00;16;14,00;0,000041;..((...))..((((.(((....)))))))..(...)......((.....))((((......)))).
1991;11;0;-4,633;0;0,00;16;6,00;0,000040;..((...))..((((.(((....))))))).(...)....((.....))...((((......)))).
1992;11;0;-4,633;0;0,00;14;9,00;0,000041;..((...))..((((.(((....)))))))...(.......)..........((((......)))).
2046;11;0;-4,620;0;0,00;13;12,00;0,000040;..(.....)..((((.((......)))))).......((.....))......((((......)))).
2063;11;0;-4,611;0;0,00;15;12,00;0,000039;...((..(.(.((((.(((....)))))))....).).))............((((......)))).
2090;11;0;-4,599;0;0,00;13;16,00;0,000038;..((...))..((((.(((....)))))))......((....))........((..........)).
2109;11;0;-4,597;0;0,00;12;6,00;0,000038;........(..((((.(((....))))))).)....................((((......)))).
2112;11;0;-4,591;0;0,00;13;19,00;0,000038;..((...))..((((.(.....)...))))......((....))........((((......)))).
2115;11;0;-4,591;0;0,00;13;11,00;0,000038;..((...))..((((.(((....)))))))....(.....)...........(((........))).
2119;11;0;-4,592;0;0,00;13;8,00;0,000038;..((...))..(((..((......)).)))..........((.....))...((((......)))).
2130;11;0;-4,588;0;0,00;14;14,00;0,000037;..((...))..(((..(((....))).))).......((.....))......((((......)))).
2141;11;0;-4,584;0;0,00;13;22,00;0,000037;..((...))..((((.(((....)))))))......((....)).......((........))....
2159;11;0;-4,575;0;0,00;13;18,00;0,000037;..((...))..((((.(.......).))))......((....))........((((......)))).
2172;11;0;-4,573;0;0,00;15;15,00;0,000037;..((...))..((((.(((....)))))))......((....))........(((.(.....)))).
2174;11;0;-4,567;0;0,00;17;8,00;0,000036;..((...))..((((.(((....)))))))....((....((.....)).))((((......)))).
2175;11;0;-4,567;0;0,00;13;20,00;0,000036;..((...))..((((...........))))......((....))........((((.(...))))).
2176;11;0;-4,567;0;0,00;13;23,00;0,000036;..((...))..((((...........))))......((....))........(((.((...))))).
2191;11;0;-4,559;0;0,00;15;16,00;0,000036;..((...))..((((..((....)).))))...(..((....)).)......((((......)))).
2202;11;0;-4,562;0;0,00;14;14,00;0,000036;..((....((.(((..(((....))).)))..))))................((((......)))).
2219;11;0;-4,558;0;0,00;13;8,00;0,000036;..(.....)..((((.(((....)))))))........(......)......((((......)))).
2234;11;0;-4,549;0;0,00;14;14,00;0,000035;..(((....(.(((..(((....))).)))..))))................((((......)))).
2237;11;0;-4,549;0;0,00;13;12,00;0,000035;..(((......(((..(((....))).)))...)))................((((......)))).
2241;11;0;-4,549;0;0,00;14;14,00;0,000035;..((...))..((((.((......)))))).......((.....))......((((......)))).
2246;11;0;-4,543;0;0,00;15;8,00;0,000035;..(((......((((.(((....)))))))...)))....(.......)...((((......)))).
2249;11;0;-4,544;0;0,00;13;16,00;0,000035;..((...))..((((..((....)).))))......((....)).........(((......)))..
2251;11;0;-4,545;0;0,00;14;14,00;0,000035;..(((...(..(((..(((....))).))).).)))................((((......)))).
2260;11;0;-4,547;0;0,00;16;14,00;0,000035;...(....((.((((.(((....)))))))..))).((....))........((((......)))).
2276;11;0;-4,536;0;0,00;14;9,00;0,000034;...(...)...((((.(((....))))))).....((...........))..((((......)))).
2278;11;0;-4,537;0;0,00;16;18,00;0,000034;..((....((.((((..((....)).))))..))))((....))........((((......)))).
2285;11;0;-4,539;0;0,00;17;16,00;0,000035;..((....((.((((.(((....)))))))..)))).((.....))......((((......)))).
2286;11;0;-4,539;0;0,00;16;10,00;0,000035;..(((...(..((((.(((....))))))).).)))....(.......)...((((......)))).
2299;11;0;-4,529;0;0,00;16;14,00;0,000034;...((...(..((((.(((....))))))).).)).((....))........((((......)))).
2306;11;0;-4,524;0;0,00;14;14,00;0,000034;..((....((.((((.((......))))))..))))................((((......)))).
2320;11;0;-4,521;0;0,00;17;16,00;0,000034;..(((...(..((((.(((....))))))).).))).((.....))......((((......)))).
2324;11;0;-4,521;0;0,00;16;14,00;0,000034;...((.(.((.((((.(((....)))))))..))..).))............((((......)))).
2328;11;0;-4,523;0;0,00;9;26,00;0,000034;...((..(((..........)))..)).........................((((......)))).
2337;11;0;-4,516;0;0,00;12;28,00;0,000033;...((..(((.(......).)))..))......((.....))..........((((......)))).
2346;11;0;-4,519;0;0,00;16;18,00;0,000033;..(((...(..((((..((....)).)))).).)))((....))........((((......)))).
2358;11;0;-4,508;0;0,00;13;28,00;0,000033;...((..(((.((....)).)))..))......((.....))..........((((......)))).
2367;11;0;-4,510;0;0,00;14;14,00;0,000033;..(((....(.((((.((......))))))..))))................((((......)))).
2368;11;0;-4,511;0;0,00;13;12,00;0,000033;..(((......((((.((......))))))...)))................((((......)))).
2376;11;0;-4,505;0;0,00;14;14,00;0,000033;..((...))..((((.(((....))))))).............((.....)).(((......)))..
2379;11;0;-4,506;0;0,00;14;14,00;0,000033;..(((...(..((((.((......)))))).).)))................((((......)))).
2396;11;0;-4,503;0;0,00;13;15,00;0,000033;..((...))..((((.(((....)))))))......................((..((...)).)).
2405;11;0;-4,497;0;0,00;13;12,00;0,000032;..((...))..((((..((....)).))))......................((((.(...))))).
2406;11;0;-4,497;0;0,00;13;15,00;0,000032;..((...))..((((..((....)).))))......................(((.((...))))).
2440;11;0;-4,490;0;0,00;12;14,00;0,000032;..(.....)..((((.(........)))))......((....))........((((......)))).
2445;11;0;-4,491;0;0,00;13;23,00;0,000032;..((...))..((((.(((....)))))))......((....)).......((...)).........
2460;11;0;-4,487;0;0,00;14;10,00;0,000032;..((...))..((((.(((....)))))))........(......)......((((......)))).
2463;11;0;-4,481;0;0,00;11;20,00;0,000031;..((...))..(((((......)))...))......................((((......)))).
2485;11;0;-4,480;0;0,00;13;23,00;0,000031;..((...))..((((.(((....)))))))......((....))............((...))....
2498;11;0;-4,475;0;0,00;11;16,00;0,000031;..((...))..((((...........)))).......(....).........((((......)))).
2500;11;0;-4,476;0;0,00;14;14,00;0,000031;..((...))..((((.(((....))))))).......((.....))......(((........))).
2513;11;0;-4,471;0;0,00;12;22,00;0,000031;..((...))..((((.(((....)))))))....(((....................))).......
2551;11;0;-4,464;0;0,00;13;24,00;0,000030;......((((.(((..(((....))).)))....(((....................)))..)))).
2581;11;0;-4,450;0;0,00;14;14,00;0,000030;..((....((.((((.(((....)))))))..))))................(((........))).
2585;11;0;-4,452;0;0,00;11;8,00;0,000030;...(...)...(((..(((....))).)))......................((((......)))).
2592;11;0;-4,453;0;0,00;15;11,00;0,000030;..(.....)..((((.(((....)))))))..(..((...........)).)((((......)))).
2598;11;0;-4,446;0;0,00;13;4,00;0,000030;...(...)...((((.(((....)))))))..........(.......)...((((......)))).
2602;11;0;-4,447;0;0,00;12;29,00;0,000030;...((..(((.(......).)))..))..((...........))........((((......)))).
2617;11;0;-4,444;0;0,00;15;10,00;0,000029;..(.....)..((((.(((....)))))))...((.....))..........((((.(...))))).
2627;11;0;-4,439;0;0,00;13;29,00;0,000029;...((..(((.((....)).)))..))..((...........))........((((......)))).
2630;11;0;-4,441;0;0,00;16;14,00;0,000029;...((..(((.((((.(((....)))))))..))..).))............((((......)))).
2636;11;0;-4,437;0;0,00;13;20,00;0,000029;..((...))(.((((...........))))..)...((....))........((((......)))).
2640;11;0;-4,437;0;0,00;13;8,00;0,000029;..(.....)..((((.(((....))))))).........(...........)((((......)))).
2654;11;0;-4,433;0;0,00;14;14,00;0,000029;..((...))..(((..(((....))).))).............((.....))((((......)))).
2655;11;0;-4,433;0;0,00;14;14,00;0,000029;..(((...(..((((.(((....))))))).).)))................(((........))).
2659;11;0;-4,426;0;0,00;13;24,00;0,000029;......((((.((((.((......))))))....(((....................)))..)))).
2688;11;0;-4,426;0;0,00;16;18,00;0,000029;..((((..((.((((..((....)).))))..))..)).....)).......((((......)))).
2691;11;0;-4,419;0;0,00;13;16,00;0,000028;..((...))..((((.(........)))))......((....))........((((......)))).
2697;11;0;-4,421;0;0,00;14;6,00;0,000028;..((...))...(((.(((....))))))...........((.....))...((((......)))).
2702;11;0;-4,415;0;0,00;13;12,00;0,000028;..((...))..((((..((....)).)))).......(.......)......((((......)))).
2709;11;0;-4,416;0;0,00;14;10,00;0,000028;..((.....(.((((.(((....)))))))..).))................((((......)))).
2713;11;0;-4,418;0;0,00;16;14,00;0,000028;..((...))..((((.(((....)))))))......((....))(.....).((((......)))).
2728;11;0;-4,413;0;0,00;11;8,00;0,000028;...(...)...((((.((......))))))......................((((......)))).
2741;11;0;-4,407;0;0,00;12;25,00;0,000028;..((...))....(((......)))..(((.........)))..........((((......)))).
2760;11;0;-4,404;0;0,00;12;14,00;0,000028;..(.....)..(((..((......)).)))......((....))........((((......)))).
2762;11;0;-4,405;0;0,00;13;7,00;0,000028;..(.....)..((((.(((....))))))).......(...)..........((((......)))).
2782;11;0;-4,402;0;0,00;12;10,00;0,000027;..(.....)..(((..(((....))).)))......(......)........((((......)))).
2814;11;0;-4,394;0;0,00;14;14,00;0,000027;..((...))..((((.((......)))))).............((.....))((((......)))).
2821;11;0;-4,388;0;0,00;13;8,00;0,000027;..(.....)..((((.(((....)))))))..............(....)..((((......)))).
2844;11;0;-4,387;0;0,00;15;23,00;0,000027;......((((.((((.(((....)))))))....(((.(...............)..)))..)))).
2850;11;0;-4,381;0;0,00;13;8,00;0,000026;..(.....)..((((.(((....))))))).......(......).......((((......)))).
2854;11;0;-4,382;0;0,00;16;13,00;0,000026;..((...))..((((.(((....)))))))..(..((...........)).)((((......)))).
2860;11;0;-4,377;0;0,00;13;8,00;0,000026;...(...).(.((((.(((....)))))))..)...................((((......)))).
2879;11;0;-4,373;0;0,00;16;12,00;0,000026;..((...))..((((.(((....)))))))...((.....))..........((((.(...))))).
2880;11;0;-4,373;0;0,00;16;15,00;0,000026;..((...))..((((.(((....)))))))...((.....))..........(((.((...))))).
2903;11;0;-4,363;0;0,00;12;10,00;0,000026;..(.....)..((((.((......))))))......(......)........((((......)))).
2912;11;0;-4,366;0;0,00;14;10,00;0,000026;..((...))..((((.(((....))))))).........(...........)((((......)))).
2915;11;0;-4,367;0;0,00;13;12,00;0,000026;..((...))(.((((..((....)).))))..)...................((((......)))).
2953;11;0;-4,353;0;0,00;10;16,00;0,000025;..(.....)..((((.(((....))))))).....................((........))....
2976;11;0;-4,344;0;0,00;10;12,00;0,000025;..(.....)..((((.(.......).))))......................((((......)))).
2978;11;0;-4,344;0;0,00;12;10,00;0,000025;..(.....)..(((..(((....))).)))..(...)...............((((......)))).
2997;11;0;-4,342;0;0,00;12;9,00;0,000025;..(.....)..((((.(((....)))))))......................(((.(.....)))).
3012;11;0;-4,333;0;0,00;13;16,00;0,000024;..((...))..(((..((......)).)))......((....))........((((......)))).
3013;11;0;-4,333;0;0,00;12;9,00;0,000024;..(.....)..(((..(((....))).)))......(...........)...((((......)))).
3020;11;0;-4,334;0;0,00;14;9,00;0,000024;..((...))..((((.(((....))))))).......(...)..........((((......)))).
3031;11;0;-4,330;0;0,00;13;12,00;0,000024;..((...))..(((..(((....))).)))......(......)........((((......)))).
3033;11;0;-4,331;0;0,00;13;12,00;0,000024;..((...))..((((..((....)).))))..............(.....).((((......)))).
3042;11;0;-4,326;0;0,00;10;25,00;0,000024;..((...))....((((....))))...........................((((......)))).
3045;11;0;-4,326;0;0,00;13;20,00;0,000024;..((...))..((((...........))))...(..((....)).)......((((......)))).
3056;11;0;-4,321;0;0,00;14;14,00;0,000024;..((...))..((((.(((....))))))).............((.....))(((........))).
3069;11;0;-4,324;0;0,00;13;7,00;0,000024;..(.....)..((((.(((....))))))).(.........)..........((((......)))).
3071;11;0;-4,317;0;0,00;14;10,00;0,000024;..((...))..((((.(((....)))))))..............(....)..((((......)))).
3098;11;0;-4,316;0;0,00;14;14,00;0,000024;..((...))..((((..((....)).))))....((..............))((((......)))).
3099;11;0;-4,316;0;0,00;14;14,00;0,000024;..((....((.((((..((....)).))))..)).........)).......((((......)))).
3108;11;0;-4,310;0;0,00;14;10,00;0,000023;..((...))..((((.(((....))))))).......(......).......((((......)))).
3118;11;0;-4,312;0;0,00;11;20,00;0,000024;..((...))..((((...........))))......((....)).........(((......)))..
3127;11;0;-4,306;0;0,00;12;10,00;0,000023;..(.....)..((((.((......))))))..(...)...............((((......)))).
3148;11;0;-4,304;0;0,00;14;22,00;0,000023;..((....((.((((...........))))..))))((....))........((((......)))).
3159;11;0;-4,300;0;0,00;11;27,00;0,000023;...((..(((..........)))..)).((.........))...........((((......)))).
3168;11;0;-4,294;0;0,00;12;9,00;0,000023;..(.....)..((((.((......))))))......(...........)...((((......)))).
3180;11;0;-4,297;0;0,00;11;12,00;0,000023;..((...))..((((.(((....)))))))......................((..........)).
3189;11;0;-4,290;0;0,00;14;25,00;0,000023;..((...))..((((((....))))...)).......((.....))......((((......)))).
3201;11;0;-4,292;0;0,00;13;12,00;0,000023;..((...))..((((.((......))))))......(......)........((((......)))).
3214;11;0;-4,286;0;0,00;14;22,00;0,000023;..(((...(..((((...........)))).).)))((....))........((((......)))).
3223;11;0;-4,288;0;0,00;11;15,00;0,000023;..((...))..((((.(.....)...))))......................((((......)))).
3227;11;0;-4,282;0;0,00;11;18,00;0,000022;..((...))..((((.(((....))))))).....................((........))....
3244;11;0;-4,284;0;0,00;11;27,00;0,000022;...((..(((.(......).)))..)).......(.....)...........((((......)))).
3261;11;0;-4,274;0;0,00;13;7,00;0,000022;...(...)...((((.(((....)))))))..(.......)...........((((......)))).
3274;11;0;-4,276;0;0,00;12;27,00;0,000022;...((..(((.((....)).)))..)).......(.....)...........((((......)))).
3284;11;0;-4,271;0;0,00;13;11,00;0,000022;..((...))..((((.(((....)))))))......................(((.(.....)))).
3289;11;0;-4,273;0;0,00;11;14,00;0,000022;..((...))..((((.(.......).))))......................((((......)))).
3290;11;0;-4,273;0;0,00;13;12,00;0,000022;..((...))..(((..(((....))).)))..(...)...............((((......)))).
3298;11;0;-4,267;0;0,00;15;8,00;0,000022;..((...))..((((.(((....)))))))..(...)...(.......)...((((......)))).
3327;11;0;-4,265;0;0,00;11;16,00;0,000022;..((...))..((((...........))))......................((((.(...))))).
3328;11;0;-4,265;0;0,00;11;19,00;0,000022;..((...))..((((...........))))......................(((.((...))))).
3337;11;0;-4,259;0;0,00;13;16,00;0,000022;..((...))..(((..(((....))).)))......((....))........(((........))).
3346;11;0;-4,261;0;0,00;13;11,00;0,000022;..((...))..(((..(((....))).)))......(...........)...((((......)))).
3352;11;0;-4,255;0;0,00;16;13,00;0,000021;..((...))..((((.(((....)))))))..(.......)..((.....))((((......)))).
3376;11;0;-4,253;0;0,00;14;9,00;0,000021;..((...))..((((.(((....))))))).(.........)..........((((......)))).
3378;11;0;-4,253;0;0,00;14;9,00;0,000021;..(.....)..((((.(((....)))))))((.........)).........((((......)))).
3405;11;0;-4,249;0;0,00;15;16,00;0,000021;..((...))..((((.(((....)))))))......((....))........(((..(...).))).
3412;11;0;-4,244;0;0,00;17;14,00;0,000021;..((...))..((((.(((....)))))))((.((.....))..))......((((......)))).
3439;11;0;-4,242;0;0,00;11;12,00;0,000021;..((...))..((((..((....)).)))).......................(((......)))..
3440;11;0;-4,235;0;0,00;13;12,00;0,000021;..((...))..((((.((......))))))..(...)...............((((......)))).
3446;11;0;-4,236;0;0,00;15;12,00;0,000021;...(..(.((.((((.(((....)))))))..))..)..)............((((......)))).
3470;11;0;-4,233;0;0,00;13;12,00;0,000021;..(.....)...(((.(((....)))))).......((....))........((((......)))).
3473;11;0;-4,233;0;0,00;13;14,00;0,000021;..((...))..((((..(......).))))...((.....))..........((((......)))).
3501;11;0;-4,223;0;0,00;13;11,00;0,000020;..((...))..((((.((......))))))......(...........)...((((......)))).
3507;11;0;-4,224;0;0,00;13;11,00;0,000020;..(.....)..(((..(((....))).))).....((...........))..((((......)))).
3531;11;0;-4,221;0;0,00;13;16,00;0,000020;..((...))..((((.((......))))))......((....))........(((........))).
3553;11;0;-4,219;0;0,00;13;12,00;0,000020;..((...))..((((.(((....)))))))......(......)........(((........))).
3559;11;0;-4,212;0;0,00;14;9,00;0,000020;..(.....)..((((.(((....)))))))....(.....)...........((((.(...))))).
3569;11;0;-4,214;0;0,00;14;9,00;0,000020;..(.....)..((((.(((....)))))))...........((......)).((((......)))).
3583;11;0;-4,210;0;0,00;13;27,00;0,000020;..((...)).((((.....)).))...(((.........)))..........((((......)))).
3600;11;0;-4,206;0;0,00;14;6,00;0,000020;..((...))..((((.(.(....).)))))..........((.....))...((((......)))).
3602;11;0;-4,206;0;0,00;16;12,00;0,000020;..((...))..((((.(((....)))))))...((.....))..(.....).((((......)))).
3609;11;0;-4,201;0;0,00;15;39,00;0,000020;..((...))..(.((((((.(((....(((.........)))...........))).)).)))).).
3627;11;0;-4,198;0;0,00;13;16,00;0,000019;..((...))..((((...(....)..))))......((....))........((((......)))).
3640;11;0;-4,192;0;0,00;15;12,00;0,000019;...(...)...((((.(((....)))))))......((....))........((((.(...))))).
3647;11;0;-4,193;0;0,00;14;22,00;0,000019;..((((..((.((((...........))))..))..)).....)).......((((......)))).
3652;11;0;-4,194;0;0,00;16;14,00;0,000019;...(((..((.((((.(((....)))))))..))..)).....)........((((......)))).
3664;11;0;-4,188;0;0,00;10;10,00;0,000019;..(.....)..((((.(........)))))......................((((......)))).
3667;11;0;-4,189;0;0,00;11;19,00;0,000019;..((...))..((((.(((....))))))).....................((...)).........
3669;11;0;-4,189;0;0,00;13;10,00;0,000019;..(.....)..((((.(((....)))))))...((.....))...........(((......)))..
3685;11;0;-4,186;0;0,00;13;11,00;0,000019;..(.....)..((((.((......)))))).....((...........))..((((......)))).
3700;11;0;-4,181;0;0,00;14;9,00;0,000019;..(.....)..((((.(((....)))))))......(.(......)..)...((((......)))).
3701;11;0;-4,182;0;0,00;13;8,00;0,000019;..(.....)..((((.(((....))))))).....(.............)..((((......)))).
3703;11;0;-4,182;0;0,00;11;16,00;0,000019;..((...))..((((...........)))).......(.......)......((((......)))).
3704;11;0;-4,182;0;0,00;15;11,00;0,000019;..((...))..((((.(((....)))))))((.........)).........((((......)))).
3717;11;0;-4,177;0;0,00;11;19,00;0,000019;..((...))..((((.(((....)))))))..........................((...))....
3725;11;0;-4,179;0;0,00;17;16,00;0,000019;..((...))..((((.(((....)))))))......((....))((...)).((((......)))).
3745;11;0;-4,175;0;0,00;11;25,00;0,000019;..((...))....(((......)))...((.........))...........((((......)))).
3755;11;0;-4,169;0;0,00;12;30,00;0,000018;...((..(((.(......).)))..))..........((.....))......((((......)))).
3784;11;0;-4,167;0;0,00;11;26,00;0,000018;..((...)).(..((((....)))).).........................((((......)))).
3796;11;0;-4,161;0;0,00;13;30,00;0,000018;...((..(((.((....)).)))..))..........((.....))......((((......)))).
3797;11;0;-4,161;0;0,00;13;12,00;0,000018;..((...))..((((.(((....)))))))..(...)...............(((........))).
3798;11;0;-4,161;0;0,00;14;14,00;0,000018;..((...))...(((.(((....)))))).......((....))........((((......)))).
3822;11;0;-4,159;0;0,00;13;14,00;0,000018;..((...))..((((..((....)).))))...((.....))..........(((........))).
3826;11;0;-4,153;0;0,00;14;13,00;0,000018;..((...))..(((..(((....))).))).....((...........))..((((......)))).
3852;11;0;-4,150;0;0,00;13;11,00;0,000018;..((...))..((((.(((....)))))))......(...........)...(((........))).
3859;11;0;-4,151;0;0,00;12;27,00;0,000018;...((..(((..........)))..))(((.........)))..........((((......)))).
3877;11;0;-4,148;0;0,00;15;17,00;0,000018;..((...))...(((..((....)).)))((((.......))))........((((......)))).
3880;11;0;-4,141;0;0,00;15;11,00;0,000018;..((...))..((((.(((....)))))))....(.....)...........((((.(...))))).
3881;11;0;-4,141;0;0,00;15;14,00;0,000018;..((...))..((((.(((....)))))))....(.....)...........(((.((...))))).
3886;11;0;-4,142;0;0,00;14;21,00;0,000018;..((...))..((((..((....)).))))......((....))........((..((...)).)).
3890;11;0;-4,142;0;0,00;13;8,00;0,000018;..(.....)..((((.(((....))))))).(...)................((((......)))).
3891;11;0;-4,143;0;0,00;15;11,00;0,000018;..((...))..((((.(((....)))))))...........((......)).((((......)))).
3901;11;0;-4,138;0;0,00;13;4,00;0,000018;..(.....)..((((.(((....)))))))...........(.....)....((((......)))).
3914;11;0;-4,134;0;0,00;12;21,00;0,000017;..(.....)..((((.(((....)))))))....(((..(...............).))).......
3917;11;0;-4,134;0;0,00;11;16,00;0,000017;..((...))(.((((...........))))..)...................((((......)))).
3920;11;0;-4,134;0;0,00;12;6,00;0,000017;..(.....)..(((..(((....))).)))..........(.......)...((((......)))).
3923;11;0;-4,135;0;0,00;14;25,00;0,000017;..((...))..((((((....))))...)).............((.....))((((......)))).
3975;11;0;-4,124;0;0,00;16;6,00;0,000017;..((...))..((((.(((....)))))))(....)....((.....))...((((......)))).
3981;11;0;-4,118;0;0,00;14;12,00;0,000017;..((...))..((((.(((....)))))))...((.....))...........(((......)))..
3994;11;0;-4,114;0;0,00;13;8,00;0,000017;..(.....)..((((.(((....))))))).............(.......)((((......)))).
3998;11;0;-4,115;0;0,00;14;13,00;0,000017;..((...))..((((.((......)))))).....((...........))..((((......)))).
4008;11;0;-4,116;0;0,00;11;12,00;0,000017;..((...))..((((.(........)))))......................((((......)))).
4017;11;0;-4,110;0;0,00;15;12,00;0,000017;...(.(..((.((((.(((....)))))))..))..)..)............((((......)))).
4021;11;0;-4,110;0;0,00;15;11,00;0,000017;..((...))..((((.(((....)))))))......(.(......)..)...((((......)))).
4024;11;0;-4,110;0;0,00;14;10,00;0,000017;..((...))..((((.(((....))))))).....(.............)..((((......)))).
4047;11;0;-4,102;0;0,00;10;10,00;0,000017;..(.....)..(((..((......)).)))......................((((......)))).
4073;11;0;-4,098;0;0,00;11;16,00;0,000016;..((...))..((((...........))))..............(.....).((((......)))).
4078;11;0;-4,099;0;0,00;12;19,00;0,000016;..(.....)..((((.(((....)))))))......((....))....((....))...........
4085;11;0;-4,100;0;0,00;13;8,00;0,000016;...(...)...((((.(((....))))))).......(....).........((((......)))).
4093;11;0;-4,094;0;0,00;13;20,00;0,000016;..((...))..(((((......)...))))......((....))........((((......)))).
4101;11;0;-4,095;0;0,00;13;8,00;0,000016;..(.....)..((((.(((....)))))))........(...).........((((......)))).
4107;11;0;-4,096;0;0,00;12;6,00;0,000016;..(.....)..((((.((......))))))..........(.......)...((((......)))).
4113;11;0;-4,097;0;0,00;15;12,00;0,000016;..(.....)..((((.(((....))))))).......((.....))......((((.(...))))).
4127;11;0;-4,092;0;0,00;14;14,00;0,000016;..((...))..((((..((....)).))))..............((...)).((((......)))).
4142;11;0;-4,087;0;0,00;13;8,00;0,000016;..(.....)..((((.(((....)))))))....(................)((((......)))).
4173;11;0;-4,083;0;0,00;12;18,00;0,000016;..((...))..((((...........))))....((..............))((((......)))).
4175;11;0;-4,083;0;0,00;12;18,00;0,000016;..((....((.((((...........))))..)).........)).......((((......)))).
4179;11;0;-4,084;0;0,00;14;10,00;0,000016;...(....((.((((.(((....)))))))..)).........)........((((......)))).
4188;11;0;-4,079;0;0,00;17;16,00;0,000016;..((...))..((((.(((....)))))))....((((....))......))((((......)))).
4243;11;0;-4,071;0;0,00;14;10,00;0,000016;..((...))..((((.(((....))))))).(...)................((((......)))).
4245;11;0;-4,072;0;0,00;13;8,00;0,000016;..(.....)..((((.(((....)))))))...(...........)......((((......)))).
4255;11;0;-4,073;0;0,00;15;11,00;0,000016;..(.....)..((((.(((....))))))).....((.(......)..))..((((......)))).
4259;11;0;-4,067;0;0,00;14;6,00;0,000016;..((...))..((((.(((....)))))))...........(.....)....((((......)))).
4261;11;0;-4,067;0;0,00;15;12,00;0,000016;..(((.....(((((.(((....)))))))..))))................((((......)))).
4268;11;0;-4,069;0;0,00;15;8,00;0,000016;..((...))..(((..(((....))).)))..........((.....))...((((.(...))))).
4274;11;0;-4,070;0;0,00;13;29,00;0,000016;..((...))...(((((....)))).).........((....))........((((......)))).
4275;11;0;-4,070;0;0,00;13;29,00;0,000016;..((...))...(((((....))).)).........((....))........((((......)))).
4277;11;0;-4,063;0;0,00;13;23,00;0,000015;..((...))..((((.(((....)))))))....(((..(...............).))).......
4280;11;0;-4,063;0;0,00;13;8,00;0,000015;..((...))..(((..(((....))).)))..........(.......)...((((......)))).
4291;11;0;-4,064;0;0,00;14;30,00;0,000016;..(((.(.((...((((....)))).)).)...)))................((((......)))).
4333;11;0;-4,056;0;0,00;14;25,00;0,000015;......((((.(((..(((....))).)))....(((..(...............).)))..)))).
4346;11;0;-4,051;0;0,00;13;12,00;0,000015;..((...))..((((..((....)).))))........(.....).......((((......)))).
4360;11;0;-4,054;0;0,00;15;12,00;0,000015;..(.....).(((((.(((....)))))))..)...((....))........((((......)))).
4388;11;0;-4,051;0;0,00;12;22,00;0,000015;......((((.((((..((....)).))))....((......................))..)))).
4417;11;0;-4,040;0;0,00;11;25,00;0,000015;..((...)).((..........))...(((.........)))..........((((......)))).
4424;11;0;-4,041;0;0,00;14;13,00;0,000015;..((...))..((((.(((....))))))).....((...........))..(((........))).
4425;11;0;-4,042;0;0,00;11;20,00;0,000015;..((...))..((((.(((....)))))))......((....)).......................
4428;11;0;-4,042;0;0,00;14;10,00;0,000015;..((...))..((((.(((....))))))).............(.......)((((......)))).
4444;11;0;-4,037;0;0,00;15;12,00;0,000015;..(.....)..((((.(((....)))))))......((....)).(...)..((((......)))).
4448;11;0;-4,038;0;0,00;11;27,00;0,000015;.......(((.((....)).)))......((...........))........((((......)))).
4482;11;0;-4,028;0;0,00;13;21,00;0,000015;..((...))..((((.(((....)))))))......((....))....((....))...........
4498;11;0;-4,030;0;0,00;11;12,00;0,000015;..((...))..(((..((......)).)))......................((((......)))).
4502;11;0;-4,030;0;0,00;15;8,00;0,000015;..((...))..((((.((......))))))..........((.....))...((((.(...))))).
4507;11;0;-4,024;0;0,00;14;10,00;0,000014;..((...))..((((.(((....)))))))........(...).........((((......)))).
4521;11;0;-4,025;0;0,00;13;8,00;0,000015;..((...))..((((.((......))))))..........(.......)...((((......)))).
4524;11;0;-4,026;0;0,00;16;14,00;0,000015;..((...))..((((.(((....))))))).......((.....))......((((.(...))))).
4525;11;0;-4,026;0;0,00;16;17,00;0,000015;..((...))..((((.(((....))))))).......((.....))......(((.((...))))).
4561;11;0;-4,016;0;0,00;14;10,00;0,000014;..((...))..((((.(((....)))))))....(................)((((......)))).
4572;11;0;-4,018;0;0,00;14;25,00;0,000014;......((((.((((.((......))))))....(((..(...............).)))..)))).
4574;11;0;-4,018;0;0,00;13;12,00;0,000014;..(.....)..((((.(.(....).)))))......((....))........((((......)))).
4623;11;0;-4,009;0;0,00;9;16,00;0,000014;..((...))..((((...........)))).......................(((......)))..
4639;11;0;-4,005;0;0,00;13;23,00;0,000014;..((...))..((((.(((....))))))).............((.....))....((...))....
4658;11;0;-4,000;0;0,00;16;14,00;0,000014;..((....((.((((.(((....)))))))..))))................((((.(...))))).
4660;11;0;-4,001;0;0,00;14;10,00;0,000014;..((...))..((((.(((....)))))))...(...........)......((((......)))).
4662;11;0;-4,001;0;0,00;12;13,00;0,000014;..((...))..((((..(......).))))....(.....)...........((((......)))).
4666;11;0;-4,002;0;0,00;16;13,00;0,000014;..((...))..((((.(((....))))))).....((.(......)..))..((((......)))).
4729;11;0;-3,987;0;0,00;13;15,00;0,000014;..(.....)..((((.(((....)))))))......((....))........((..(.....).)).
4735;11;0;-3,987;0;0,00;16;14,00;0,000014;..(((....(.((((.(((....)))))))..))))................((((.(...))))).
4738;11;0;-3,987;0;0,00;15;12,00;0,000014;..(((......((((.(((....)))))))...)))................((((.(...))))).
4762;11;0;-3,983;0;0,00;16;14,00;0,000014;..(((...(..((((.(((....))))))).).)))................((((.(...))))).
4778;11;0;-3,981;0;0,00;15;8,00;0,000013;..((...))..((((.(((....)))))))..........(.(...).)...((((......)))).
4783;11;0;-3,982;0;0,00;16;14,00;0,000013;..((...)).(((((.(((....)))))))..)...((....))........((((......)))).
4801;11;0;-3,978;0;0,00;12;27,00;0,000013;..((...)).((((.....)).))....((.........))...........((((......)))).
4816;11;0;-3,973;0;0,00;16;25,00;0,000013;......((((.((((.(((....)))))))..(.(((..(...............).))).))))).
4817;11;0;-3,973;0;0,00;15;11,00;0,000013;..(.....)..((((.(((....)))))))......(((.....))..)...((((......)))).
4818;11;0;-3,973;0;0,00;15;16,00;0,000013;..((...))..((((..((....)).))))..(...)......((.....))((((......)))).
4822;11;0;-3,974;0;0,00;15;11,00;0,000013;..((...))..((((.(((....)))))))....(.....)...(.....).((((......)))).
4845;11;0;-3,969;0;0,00;15;8,00;0,000013;..((...))..((((..((....)).)))).(...)....((.....))...((((......)))).
4847;11;0;-3,970;0;0,00;13;11,00;0,000013;..((...))..((((..((....)).))))...(.......)..........((((......)))).
4848;11;0;-3,970;0;0,00;13;19,00;0,000013;..((...))..((((..(....)...))))......((....))........((((......)))).
4851;11;0;-3,967;0;0,00;13;7,00;0,000013;..(.....)..((((.(((....)))))))............(....)....((((......)))).
4854;11;0;-3,968;0;0,00;17;14,00;0,000013;..((...))..((((.(((....)))))))...((.....))..((...)).((((......)))).
4866;11;0;-3,966;0;0,00;16;14,00;0,000013;..((...))..((((.(((....)))))))......((....)).(...)..((((......)))).
4870;11;0;-3,966;0;0,00;15;12,00;0,000013;..(.....)(.((((.(((....)))))))..)....((.....))......((((......)))).
4879;11;0;-3,963;0;0,00;13;21,00;0,000013;..(.....)..((((.(((....)))))))......((....)).......(((.....).))....
4900;11;0;-3,962;0;0,00;13;27,00;0,000013;..((...))..((((((....))))...))......((....))........(((........))).
4911;11;0;-3,963;0;0,00;12;9,00;0,000013;..(.....)..(((..(((....))).)))..(.......)...........((((......)))).
4949;11;0;-3,957;0;0,00;11;12,00;0,000013;..((...))..(((..(((....))).)))......................(((........))).
4950;11;0;-3,957;0;0,00;12;9,00;0,000013;..(.....)..((((.(((....)))))))....(.....)............(((......)))..
4966;11;0;-3,951;0;0,00;13;29,00;0,000013;..(((...((...((((....)))).)).....)))................((((......)))).
4968;11;0;-3,951;0;0,00;13;8,00;0,000013;..((...))..((((.(((....)))))))..........(.......)...(((........))).
4974;11;0;-3,953;0;0,00;13;32,00;0,000013;...((..(((.((....)).)))..))..(((.........)))........(((........))).
4988;11;0;-3,951;0;0,00;15;12,00;0,000013;...(...)...((((.(((....)))))))...(..((....)).)......((((......)))).
5001;11;0;-3,946;0;0,00;13;7,00;0,000013;..(.....)..((((.(((....)))))))...........(....).....((((......)))).
5003;11;0;-3,947;0;0,00;14;14,00;0,000013;..((...))..((((.(.(....).)))))......((....))........((((......)))).
5004;11;0;-3,947;0;0,00;13;12,00;0,000013;..((...))..((((.(((....)))))))......................(((..(...).))).
5014;11;0;-3,944;0;0,00;13;27,00;0,000013;..((...)).(..((((....)))).).((.........))...........((((......)))).
5038;11;0;-3,940;0;0,00;17;14,00;0,000013;..((...))..((((.(((....))))))).((.......)).((.....))((((......)))).
5039;11;0;-3,940;0;0,00;14;24,00;0,000013;..((...))..((((.(((....)))))))......((....))....(..((...)).).......
5043;11;0;-3,941;0;0,00;14;6,00;0,000013;..((...))..((((.(((....)))))))..........((.....))...((.(......).)).
5058;11;0;-3,936;0;0,00;16;23,00;0,000012;......((((.((((.(((....)))))))....(((..((............).).)))..)))).
5063;11;0;-3,937;0;0,00;13;12,00;0,000012;...(...)...((((.(((....)))))))......((....)).........(((......)))..
5068;11;0;-3,937;0;0,00;14;22,00;0,000013;..((...))..((((.(((....)))))))......((....))....(..((........))..).
5071;11;0;-3,937;0;0,00;14;10,00;0,000013;..(.....((.((((.(((....)))))))..)).)................((((......)))).
5076;11;0;-3,935;0;0,00;12;18,00;0,000012;..((...))..((((..((....)).))))......((....))........((..........)).
5096;11;0;-3,930;0;0,00;11;8,00;0,000012;..(.....)...(((.(((....)))))).......................((((......)))).
5127;11;0;-3,927;0;0,00;12;13,00;0,000012;..((...))..((((..((....)).))))....(.....)...........(((........))).
5134;11;0;-3,924;0;0,00;12;9,00;0,000012;..(.....)..((((.((......))))))..(.......)...........((((......)))).
5153;11;0;-3,920;0;0,00;12;24,00;0,000012;..((...))..((((..((....)).))))......((....)).......((........))....
5161;11;0;-3,918;0;0,00;11;12,00;0,000012;..((...))..((((.((......))))))......................(((........))).
5183;11;0;-3,915;0;0,00;14;17,00;0,000012;..((...))..((((.(((....)))))))......((....))........((..(.....).)).
5215;11;0;-3,912;0;0,00;11;28,00;0,000012;...((..(((.(......).)))..)).........(......)........((((......)))).
5221;11;0;-3,909;0;0,00;12;25,00;0,000012;..((...))..((((...........))))......((....))........((..((...)).)).
5222;11;0;-3,910;0;0,00;14;17,00;0,000012;..((...))..((((..((....)).))))......((....))........(((.(.....)))).
5223;11;0;-3,910;0;0,00;15;10,00;0,000012;..(.....)..((((.(((....))))))).(.((.....))..).......((((......)))).
5247;11;0;-3,903;0;0,00;16;10,00;0,000012;..((...))..((((..((....)).))))....((....((.....)).))((((......)))).
5248;11;0;-3,904;0;0,00;12;28,00;0,000012;...((..(((.((....)).)))..)).........(......)........((((......)))).
5262;11;0;-3,902;0;0,00;16;13,00;0,000012;..((...))..((((.(((....)))))))......(((.....))..)...((((......)))).
5295;11;0;-3,895;0;0,00;16;14,00;0,000012;..((...))(.((((.(((....)))))))..)....((.....))......((((......)))).
5297;11;0;-3,895;0;0,00;11;12,00;0,000012;..((...))..((((...(....)..))))......................((((......)))).
5299;11;0;-3,896;0;0,00;14;9,00;0,000012;..((...))..((((.(((....)))))))............(....)....((((......)))).
5321;11;0;-3,891;0;0,00;13;11,00;0,000012;..((...))..(((..(((....))).)))..(.......)...........((((......)))).
5326;11;0;-3,892;0;0,00;14;23,00;0,000012;..((...))..((((.(((....)))))))......((....)).......(((.....).))....
5331;11;0;-3,890;0;0,00;13;8,00;0,000012;...(...)...((((.(((....)))))))......................((((.(...))))).
5343;11;0;-3,888;0;0,00;10;17,00;0,000012;..((...))..(((.............)))....(.....)...........((((......)))).
5358;11;0;-3,885;0;0,00;13;16,00;0,000011;..((...))..((((..(......).)))).......((.....))......((((......)))).
5359;11;0;-3,886;0;0,00;13;11,00;0,000011;..((...))..((((.(((....)))))))....(.....)............(((......)))..
5376;11;0;-3,884;0;0,00;13;29,00;0,000011;...((..(((.(......).)))..)).((..(...)..))...........((((......)))).
5405;11;0;-3,880;0;0,00;14;14,00;0,000011;..(.....)..(((..(((....))).)))......((....))........((((.(...))))).
5423;11;0;-3,875;0;0,00;15;12,00;0,000011;..(((...(..((((..((....)).)))).).)))....(.......)...((((......)))).
5426;11;0;-3,876;0;0,00;14;29,00;0,000011;...((..(((.((....)).)))..)).((..(...)..))...........((((......)))).
5447;11;0;-3,875;0;0,00;16;18,00;0,000011;..((....((.((((..((....)).))))..)))).((.....))......((((......)))).
5448;11;0;-3,875;0;0,00;14;9,00;0,000011;..((...))..((((.(((....)))))))...........(....).....((((......)))).
5467;11;0;-3,871;0;0,00;16;14,00;0,000011;..((...))..((((.(((....))))))).............((.....))((((.(...))))).
5468;11;0;-3,871;0;0,00;16;17,00;0,000011;..((...))..((((.(((....))))))).............((.....))(((.((...))))).
5486;11;0;-3,866;0;0,00;13;21,00;0,000011;.......(((.((((.(((....)))))))....(((....................)))..)))..
5499;11;0;-3,865;0;0,00;16;13,00;0,000011;..(.....)..((((.(((....))))))).....((((.....))..))..((((......)))).
5523;11;0;-3,860;0;0,00;13;16,00;0,000011;..((....((.((((..(......).))))..))))................((((......)))).
5544;11;0;-3,859;0;0,00;12;10,00;0,000011;..((...))...(((.(((....)))))).......................((((......)))).
5546;11;0;-3,859;0;0,00;12;18,00;0,000011;..((...))..((((...........))))..............((...)).((((......)))).
5554;11;0;-3,856;0;0,00;14;24,00;0,000011;..((...))..((((((....))))...)).....((...........))..((((......)))).
5562;11;0;-3,857;0;0,00;16;18,00;0,000011;..(((...(..((((..((....)).)))).).))).((.....))......((((......)))).
5567;11;0;-3,854;0;0,00;11;28,00;0,000011;...((..(((.(......).)))..)).....(...)...............((((......)))).
5583;11;0;-3,853;0;0,00;13;11,00;0,000011;..((...))..((((.((......))))))..(.......)...........((((......)))).
27;12;0;-7,387;1;0,00;11;26,00;0,004230;..............(((....))).....((((.......))))........((((......)))).
37;12;0;-7,186;0;0,00;13;27,00;0,003009;..........(..((((....)))).)..((((.......))))........((((......)))).
67;12;0;-6,872;0;0,00;14;31,00;0,001771;...((..(((.(......).)))..))..((((.......))))........((((......)))).
68;12;0;-6,864;0;0,00;15;31,00;0,001748;...((..(((.((....)).)))..))..((((.......))))........((((......)))).
78;12;1;-6,802;0;0,00;12;26,00;0,001576;.............((((....))))....((((.......))))........((((......)))).
118;12;0;-6,550;0;0,00;12;28,00;0,001028;..(.....).....(((....))).....((((.......))))........((((......)))).
135;12;0;-6,478;0;0,00;13;30,00;0,000912;..((...)).....(((....))).....((((.......))))........((((......)))).
137;12;0;-6,470;0;0,00;12;29,00;0,000900;.......(((.(......).)))......((((.......))))........((((......)))).
138;12;0;-6,462;0;0,00;13;29,00;0,000887;.......(((.((....)).)))......((((.......))))........((((......)))).
142;12;0;-6,443;0;0,00;10;25,00;0,000859;..............((......)).....((((.......))))........((((......)))).
143;12;0;-6,435;0;0,00;13;27,00;0,000847;.........(...((((....)))).)..((((.......))))........((((......)))).
179;12;0;-6,263;0;0,00;13;29,00;0,000634;...((.....))..(((....))).....((((.......))))........((((......)))).
186;12;0;-6,243;0;0,00;10;25,00;0,000613;..............(((....))).....(((.........)))........((((......)))).
187;12;0;-6,244;0;0,00;13;26,00;0,000614;............(((((....))).))..((((.......))))........((((......)))).
188;12;0;-6,244;0;0,00;13;26,00;0,000614;............(((((....)))).)..((((.......))))........((((......)))).
190;12;0;-6,241;0;0,00;12;26,00;0,000611;..........(..(((......))).)..((((.......))))........((((......)))).
206;12;0;-6,203;0;0,00;12;27,00;0,000573;..........((((.....)).)).....((((.......))))........((((......)))).
209;12;0;-6,192;0;0,00;14;28,00;0,000562;........((...((((....)))).)).((((.......))))........((((......)))).
216;12;0;-6,171;0;0,00;14;28,00;0,000543;...((........((((....))))))..((((.......))))........((((......)))).
240;12;0;-6,090;0;0,00;13;31,00;0,000473;...((..(((..........)))..))..((((.......))))........((((......)))).
260;12;0;-6,041;0;0,00;12;26,00;0,000436;..........(..((((....)))).)..(((.........)))........((((......)))).
262;12;0;-6,033;0;0,00;10;25,00;0,000430;..........((..........)).....((((.......))))........((((......)))).
278;12;0;-5,986;0;0,00;11;28,00;0,000397;...(((............)))........((((.......))))........((((......)))).
283;12;0;-5,977;0;0,00;14;29,00;0,000391;...((.....)).((((....))))....((((.......))))........((((......)))).
284;12;0;-5,978;0;0,00;12;28,00;0,000392;.....(....)...(((....))).....((((.......))))........((((......)))).
298;12;0;-5,965;0;0,00;13;28,00;0,000383;..(.....)....((((....))))....((((.......))))........((((......)))).
319;12;0;-5,921;0;0,00;11;26,00;0,000356;..........(..((((....)))).).........((....))........((((......)))).
330;12;0;-5,893;0;0,00;14;30,00;0,000340;..((...))....((((....))))....((((.......))))........((((......)))).
335;12;0;-5,880;0;0,00;12;27,00;0,000332;..........((.((.....)))).....((((.......))))........((((......)))).
351;12;0;-5,858;0;0,00;11;25,00;0,000320;.............(((......)))....((((.......))))........((((......)))).
368;12;0;-5,805;0;0,00;14;29,00;0,000293;..(.....).(..((((....)))).)..((((.......))))........((((......)))).
395;12;0;-5,754;0;0,00;12;27,00;0,000268;..............(((....)))...(.((((.......)))).)......((((......)))).
412;12;0;-5,734;0;0,00;15;31,00;0,000260;..((...)).(..((((....)))).)..((((.......))))........((((......)))).
413;12;0;-5,727;0;0,00;13;30,00;0,000257;...((..(((.(......).)))..))..(((.........)))........((((......)))).
451;12;0;-5,689;0;0,00;11;29,00;0,000240;.......(((..........)))......((((.......))))........((((......)))).
467;12;0;-5,658;0;0,00;11;25,00;0,000228;.............((((....))))....(((.........)))........((((......)))).
489;12;0;-5,621;0;0,00;10;28,00;0,000215;..............(((....))).....((((.......))))........(((........))).
490;12;0;-5,622;0;0,00;14;39,00;0,000215;...........(.((((((.(((......((((.......)))).........))).)).)))).).
509;12;0;-5,605;0;0,00;11;27,00;0,000209;..(.....).....((......)).....((((.......))))........((((......)))).
545;12;0;-5,537;0;0,00;10;25,00;0,000186;.............((((....))))...........((....))........((((......)))).
551;12;0;-5,534;0;0,00;12;29,00;0,000185;..((...)).....((......)).....((((.......))))........((((......)))).
589;12;0;-5,491;0;0,00;12;26,00;0,000172;.........(...(((......))).)..((((.......))))........((((......)))).
636;12;0;-5,441;0;0,00;11;26,00;0,000158;..........((..(.....).)).....((((.......))))........((((......)))).
653;12;0;-5,419;0;0,00;12;29,00;0,000153;..........(..((((....)))).)..((((.......))))........(((........))).
663;12;0;-5,406;0;0,00;14;28,00;0,000149;..(.....)...(((((....))).))..((((.......))))........((((......)))).
664;12;0;-5,406;0;0,00;14;28,00;0,000149;..(.....)...(((((....)))).)..((((.......))))........((((......)))).
670;12;0;-5,405;0;0,00;11;27,00;0,000149;..(.....).....(((....))).....(((.........)))........((((......)))).
683;12;0;-5,393;0;0,00;13;28,00;0,000146;.....(....)..((((....))))....((((.......))))........((((......)))).
701;12;0;-5,373;0;0,00;10;25,00;0,000141;..............(((....)))......(((.......))).........((((......)))).
715;12;0;-5,355;0;0,00;12;26,00;0,000137;............((.((....))..))..((((.......))))........((((......)))).
734;12;0;-5,334;0;0,00;12;29,00;0,000132;..((...)).....(((....))).....(((.........)))........((((......)))).
736;12;0;-5,335;0;0,00;15;30,00;0,000132;..((...))...(((((....)))).)..((((.......))))........((((......)))).
737;12;0;-5,335;0;0,00;15;30,00;0,000132;..((...))...(((((....))).))..((((.......))))........((((......)))).
739;12;0;-5,326;0;0,00;11;28,00;0,000130;.......(((.(......).)))......(((.........)))........((((......)))).
753;12;0;-5,318;0;0,00;12;28,00;0,000129;.......(((.((....)).)))......(((.........)))........((((......)))).
756;12;0;-5,318;0;0,00;12;26,00;0,000129;............(.(((....)))..)..((((.......))))........((((......)))).
757;12;0;-5,319;0;0,00;12;28,00;0,000129;...((.....))..((......)).....((((.......))))........((((......)))).
786;12;0;-5,299;0;0,00;9;24,00;0,000125;..............((......)).....(((.........)))........((((......)))).
787;12;0;-5,300;0;0,00;12;25,00;0,000125;............((((......))).)..((((.......))))........((((......)))).
788;12;0;-5,300;0;0,00;12;25,00;0,000125;............((((......)).))..((((.......))))........((((......)))).
794;12;0;-5,290;0;0,00;12;26,00;0,000123;.........(...((((....)))).)..(((.........)))........((((......)))).
834;12;0;-5,248;0;0,00;10;25,00;0,000114;............((.....))........((((.......))))........((((......)))).
835;12;0;-5,248;0;0,00;13;27,00;0,000114;........((...(((......))).)).((((.......))))........((((......)))).
860;12;0;-5,227;0;0,00;13;27,00;0,000110;...((........(((......)))))..((((.......))))........((((......)))).
895;12;0;-5,206;0;0,00;8;23,00;0,000106;.............................((((.......))))........((((......)))).
897;12;0;-5,207;0;0,00;12;28,00;0,000107;...(...)......(((....))).....((((.......))))........((((......)))).
904;12;0;-5,202;0;0,00;12;27,00;0,000106;......(.....).(((....))).....((((.......))))........((((......)))).
923;12;0;-5,181;0;0,00;11;26,00;0,000102;..........(..((.....)).).....((((.......))))........((((......)))).
941;12;0;-5,169;0;0,00;13;27,00;0,000100;.............((((....))))..(.((((.......)))).)......((((......)))).
942;12;0;-5,170;0;0,00;11;26,00;0,000100;.........(...((((....)))).).........((....))........((((......)))).
945;12;0;-5,171;0;0,00;12;28,00;0,000100;..............(((....))).....((((.......))))........((((.(...))))).
946;12;0;-5,171;0;0,00;12;31,00;0,000100;..............(((....))).....((((.......))))........(((.((...))))).
948;12;0;-5,172;0;0,00;12;26,00;0,000100;..........(..((((....)))).)...(((.......))).........((((......)))).
950;12;0;-5,172;0;0,00;12;27,00;0,000101;.......(....).(((....))).....((((.......))))........((((......)))).
1012;12;0;-5,119;0;0,00;12;28,00;0,000092;...((.....))..(((....))).....(((.........)))........((((......)))).
1036;12;0;-5,105;0;0,00;13;33,00;0,000090;...((..(((.(......).)))..))..((((.......))))........(((........))).
1039;12;0;-5,100;0;0,00;12;25,00;0,000089;............(((((....)))).)..(((.........)))........((((......)))).
1040;12;0;-5,100;0;0,00;12;25,00;0,000089;............(((((....))).))..(((.........)))........((((......)))).
1046;12;0;-5,097;0;0,00;11;25,00;0,000089;..........(..(((......))).)..(((.........)))........((((......)))).
1047;12;0;-5,097;0;0,00;14;33,00;0,000089;...((..(((.((....)).)))..))..((((.......))))........(((........))).
1050;12;0;-5,091;0;0,00;12;28,00;0,000088;.....(...)....(((....))).....((((.......))))........((((......)))).
1119;12;0;-5,059;0;0,00;11;26,00;0,000083;..........((((.....)).)).....(((.........)))........((((......)))).
1123;12;0;-5,048;0;0,00;13;27,00;0,000082;........((...((((....)))).)).(((.........)))........((((......)))).
1141;12;0;-5,036;0;0,00;11;28,00;0,000080;.............((((....))))....((((.......))))........(((........))).
1145;12;0;-5,033;0;0,00;13;28,00;0,000080;...((.....)).(((......)))....((((.......))))........((((......)))).
1147;12;0;-5,034;0;0,00;11;27,00;0,000080;.....(....)...((......)).....((((.......))))........((((......)))).
1159;12;0;-5,024;0;0,00;12;30,00;0,000078;...(((...(.....)..)))........((((.......))))........((((......)))).
1164;12;0;-5,027;0;0,00;13;27,00;0,000079;...((........((((....))))))..(((.........)))........((((......)))).
1167;12;0;-5,020;0;0,00;12;27,00;0,000078;..(.....)....(((......)))....((((.......))))........((((......)))).
1184;12;0;-5,005;0;0,00;14;29,00;0,000076;...(...)..(..((((....)))).)..((((.......))))........((((......)))).
1229;12;0;-4,979;0;0,00;11;25,00;0,000073;............(((((....)))).).........((....))........((((......)))).
1230;12;0;-4,979;0;0,00;11;25,00;0,000073;............(((((....))).)).........((....))........((((......)))).
1241;12;0;-4,977;0;0,00;10;25,00;0,000072;..........(..(((......))).).........((....))........((((......)))).
1243;12;0;-4,969;0;0,00;14;29,00;0,000071;..........(..((((....)))).)..((((.......))))........((((.(...))))).
1244;12;0;-4,969;0;0,00;14;32,00;0,000071;..........(..((((....)))).)..((((.......))))........(((.((...))))).
1256;12;0;-4,968;0;0,00;10;27,00;0,000071;...((..............))........((((.......))))........((((......)))).
1260;12;0;-4,963;0;0,00;9;24,00;0,000071;..............(((....))).....((...........))........((((......)))).
1277;12;0;-4,946;0;0,00;12;30,00;0,000069;...((..(((..........)))..))..(((.........)))........((((......)))).
1286;12;0;-4,949;0;0,00;13;29,00;0,000069;..((...))....(((......)))....((((.......))))........((((......)))).
1346;12;0;-4,916;0;0,00;10;28,00;0,000065;..............(((....))).....((((.......)))).........(((......)))..
1347;12;0;-4,916;0;0,00;13;27,00;0,000065;......(.....)((((....))))....((((.......))))........((((......)))).
1348;12;0;-4,916;0;0,00;13;29,00;0,000065;..(.....).....(((....)))...(.((((.......)))).)......((((......)))).
1358;12;0;-4,906;0;0,00;12;27,00;0,000064;...((........((((....)))))).........((....))........((((......)))).
1364;12;0;-4,909;0;0,00;12;27,00;0,000065;...(.......)..(((....))).....((((.......))))........((((......)))).
1402;12;0;-4,889;0;0,00;9;24,00;0,000062;..........((..........)).....(((.........)))........((((......)))).
1409;12;0;-4,886;0;0,00;13;27,00;0,000062;.......(....)((((....))))....((((.......))))........((((......)))).
1454;12;0;-4,861;0;0,00;13;28,00;0,000059;..(.....).(..(((......))).)..((((.......))))........((((......)))).
1464;12;0;-4,858;0;0,00;13;30,00;0,000059;...((..(((.(......).)))..))...(((.......))).........((((......)))).
1482;12;0;-4,845;0;0,00;14;31,00;0,000058;..((...)).....(((....)))...(.((((.......)))).)......((((......)))).
1491;12;0;-4,841;0;0,00;10;27,00;0,000058;...(((............)))........(((.........)))........((((......)))).
1498;12;0;-4,837;0;0,00;13;30,00;0,000057;.......(((.(......).)))....(.((((.......)))).)......((((......)))).
1505;12;0;-4,833;0;0,00;13;28,00;0,000057;...((.....)).((((....))))....(((.........)))........((((......)))).
1510;12;0;-4,834;0;0,00;11;27,00;0,000057;.....(....)...(((....))).....(((.........)))........((((......)))).
1518;12;0;-4,829;0;0,00;14;30,00;0,000056;.......(((.((....)).)))....(.((((.......)))).)......((((......)))).
1549;12;0;-4,823;0;0,00;13;29,00;0,000056;..(.....).((((.....)).)).....((((.......))))........((((......)))).
1557;12;0;-4,820;0;0,00;12;27,00;0,000056;..(.....)....((((....))))....(((.........)))........((((......)))).
1567;12;0;-4,810;0;0,00;11;26,00;0,000055;..............((......))...(.((((.......)))).)......((((......)))).
1569;12;0;-4,810;0;0,00;11;26,00;0,000055;..........((.(.....)..)).....((((.......))))........((((......)))).
1578;12;0;-4,806;0;0,00;13;23,00;0,000054;...((........((((....))))......)).......(((...)))...((((......)))).
1615;12;0;-4,790;0;0,00;14;30,00;0,000053;..((...)).(..(((......))).)..((((.......))))........((((......)))).
1626;12;0;-4,786;0;0,00;12;29,00;0,000052;...((........((((....))))......))...((....))........((((......)))).
1632;12;0;-4,788;0;0,00;11;25,00;0,000053;.............((((....)))).....(((.......))).........((((......)))).
1639;12;0;-4,783;0;0,00;11;30,00;0,000052;..(.....).....(((....))).....((((.......))))........(((........))).
1642;12;0;-4,784;0;0,00;15;41,00;0,000052;..(.....)..(.((((((.(((......((((.......)))).........))).)).)))).).
1654;12;0;-4,776;0;0,00;15;40,00;0,000051;...........(.((((((.((((.....((((.......)))).......).))).)).)))).).
1655;12;0;-4,776;0;0,00;15;40,00;0,000051;...........(.((((((.((((.....((((.......)))).......)).)).)).)))).).
1680;12;0;-4,761;0;0,00;11;25,00;0,000050;..........(..((((....)))).)..((...........))........((((......)))).
1695;12;0;-4,751;0;0,00;14;31,00;0,000049;..((...)).((((.....)).)).....((((.......))))........((((......)))).
1707;12;0;-4,749;0;0,00;13;29,00;0,000049;..((...))....((((....))))....(((.........)))........((((......)))).
1729;12;0;-4,735;0;0,00;11;26,00;0,000048;..........((.((.....)))).....(((.........)))........((((......)))).
1734;12;0;-4,736;0;0,00;14;31,00;0,000048;...(((...)))..(((....))).....((((.......))))........((((......)))).
1783;12;0;-4,712;0;0,00;12;32,00;0,000046;..((...)).....(((....))).....((((.......))))........(((........))).
1784;12;0;-4,712;0;0,00;12;28,00;0,000046;...((.....)).((((....))))...........((....))........((((......)))).
1785;12;0;-4,712;0;0,00;16;43,00;0,000046;..((...))..(.((((((.(((......((((.......)))).........))).)).)))).).
1789;12;0;-4,714;0;0,00;10;24,00;0,000046;.............(((......)))....(((.........)))........((((......)))).
1790;12;0;-4,714;0;0,00;11;26,00;0,000046;..........(.((.....))..).....((((.......))))........((((......)))).
1791;12;0;-4,714;0;0,00;13;31,00;0,000046;...(((...((....)).)))........((((.......))))........((((......)))).
1792;12;0;-4,714;0;0,00;12;29,00;0,000046;..........(..((((....)))).)..((((.......)))).........(((......)))..
1809;12;0;-4,704;0;0,00;12;28,00;0,000046;......(...)...(((....))).....((((.......))))........((((......)))).
1810;12;0;-4,704;0;0,00;11;31,00;0,000046;.......(((.(......).)))......((((.......))))........(((........))).
1816;12;0;-4,700;0;0,00;11;27,00;0,000045;..(.....)....((((....))))...........((....))........((((......)))).
1831;12;0;-4,696;0;0,00;12;31,00;0,000045;.......(((.((....)).)))......((((.......))))........(((........))).
1880;12;0;-4,677;0;0,00;9;27,00;0,000044;..............((......)).....((((.......))))........(((........))).
1881;12;0;-4,678;0;0,00;9;24,00;0,000044;..............(.....)........((((.......))))........((((......)))).
1898;12;0;-4,669;0;0,00;12;29,00;0,000043;.........(...((((....)))).)..((((.......))))........(((........))).
1906;12;0;-4,672;0;0,00;11;17,00;0,000043;................(((....)))...((((.......))))........((((......)))).
1922;12;0;-4,661;0;0,00;13;28,00;0,000042;..(.....).(..((((....)))).)..(((.........)))........((((......)))).
1940;12;0;-4,653;0;0,00;11;27,00;0,000042;..(.....).((..........)).....((((.......))))........((((......)))).
1946;12;0;-4,655;0;0,00;15;33,00;0,000042;...((..(((.(......).)))..))..((((.......))))........((((.(...))))).
1947;12;0;-4,655;0;0,00;15;36,00;0,000042;...((..(((.(......).)))..))..((((.......))))........(((.((...))))).
1971;12;0;-4,647;0;0,00;16;33,00;0,000041;...((..(((.((....)).)))..))..((((.......))))........((((.(...))))).
1972;12;0;-4,647;0;0,00;16;36,00;0,000041;...((..(((.((....)).)))..))..((((.......))))........(((.((...))))).
2004;12;0;-4,630;0;0,00;14;30,00;0,000040;...((.....))..(((....)))...(.((((.......)))).)......((((......)))).
2009;12;0;-4,632;0;0,00;13;27,00;0,000040;.........(...((((....))))...)((((.......))))........((((......)))).
2020;12;0;-4,628;0;0,00;12;29,00;0,000040;..((...))....((((....))))...........((....))........((((......)))).
2026;12;0;-4,622;0;0,00;13;28,00;0,000040;...(...).....((((....))))....((((.......))))........((((......)))).
2029;12;0;-4,623;0;0,00;13;27,00;0,000040;...(.......).((((....))))....((((.......))))........((((......)))).
2050;12;0;-4,615;0;0,00;10;26,00;0,000039;..........((.((.....))))............((....))........((((......)))).
2055;12;0;-4,617;0;0,00;14;23,00;0,000039;...((..(..(..((((....)))).)..).)).......((.....))...((((......)))).
2056;12;0;-4,609;0;0,00;11;26,00;0,000039;..............(((....)))...(.(((.........))).)......((((......)))).
2073;12;0;-4,606;0;0,00;14;28,00;0,000039;.....(....).(((((....))).))..((((.......))))........((((......)))).
2074;12;0;-4,606;0;0,00;14;28,00;0,000039;.....(....).(((((....)))).)..((((.......))))........((((......)))).
2097;12;0;-4,595;0;0,00;13;27,00;0,000038;..........(..((((....))))...)((((.......))))........((((......)))).
2122;12;0;-4,593;0;0,00;9;24,00;0,000038;.............(((......)))...........((....))........((((......)))).
2124;12;0;-4,586;0;0,00;13;28,00;0,000037;.............((((....))))....((((.......))))........((((.(...))))).
2125;12;0;-4,586;0;0,00;13;31,00;0,000037;.............((((....))))....((((.......))))........(((.((...))))).
2126;12;0;-4,586;0;0,00;12;29,00;0,000037;...(((.(......)...)))........((((.......))))........((((......)))).
2139;12;0;-4,590;0;0,00;14;30,00;0,000038;..((...)).(..((((....)))).)..(((.........)))........((((......)))).
2152;12;0;-4,582;0;0,00;12;29,00;0,000037;..((...)).((..........)).....((((.......))))........((((......)))).
2156;12;0;-4,575;0;0,00;13;38,00;0,000037;...........(.((((.(.(((......((((.......)))).........))).)..)))).).
2169;12;0;-4,571;0;0,00;12;27,00;0,000036;.....(......).(((....))).....((((.......))))........((((......)))).
2183;12;0;-4,570;0;0,00;13;28,00;0,000036;..........((((.....)).))...(.((((.......)))).)......((((......)))).
2248;12;0;-4,544;0;0,00;10;28,00;0,000035;.......(((..........)))......(((.........)))........((((......)))).
2250;12;0;-4,544;0;0,00;10;25,00;0,000035;.........(.(......).)........((((.......))))........((((......)))).
2266;12;0;-4,540;0;0,00;12;28,00;0,000035;..(.....).(..((((....)))).).........((....))........((((......)))).
2275;12;0;-4,536;0;0,00;11;27,00;0,000034;..(.....).....(((....)))......(((.......))).........((((......)))).
2277;12;0;-4,536;0;0,00;11;25,00;0,000034;.........(.((....)).)........((((.......))))........((((......)))).
2338;12;0;-4,517;0;0,00;12;15,00;0,000033;..............(.(((....))))..((((.......))))........((((......)))).
2339;12;0;-4,517;0;0,00;13;28,00;0,000033;..(.....)...((.((....))..))..((((.......))))........((((......)))).
2348;12;0;-4,512;0;0,00;15;40,00;0,000033;...........(.((((((.(((....(.((((.......)))).).......))).)).)))).).
2352;12;0;-4,513;0;0,00;11;33,00;0,000033;..............(((....))).....((((.......))))........((..((...)).)).
2374;12;0;-4,505;0;0,00;15;29,00;0,000033;...((.....))(((((....))).))..((((.......))))........((((......)))).
2375;12;0;-4,505;0;0,00;15;29,00;0,000033;...((.....))(((((....)))).)..((((.......))))........((((......)))).
2378;12;0;-4,506;0;0,00;13;28,00;0,000033;.....(...)...((((....))))....((((.......))))........((((......)))).
2384;12;0;-4,500;0;0,00;12;27,00;0,000032;.......(..(..((((....)))).)..)......((....))........((((......)))).
2390;12;0;-4,501;0;0,00;11;26,00;0,000032;..........(((.......).)).....((((.......))))........((((......)))).
2403;12;0;-4,497;0;0,00;12;31,00;0,000032;...((.....))..(((....))).....((((.......))))........(((........))).
2414;12;0;-4,499;0;0,00;13;29,00;0,000032;..(.....).((.((.....)))).....((((.......))))........((((......)))).
2422;12;0;-4,493;0;0,00;14;31,00;0,000032;...((..(((..(....)..)))..))..((((.......))))........((((......)))).
2467;12;0;-4,483;0;0,00;10;25,00;0,000031;...((........((((....))))......))...................((((......)))).
2471;12;0;-4,477;0;0,00;9;27,00;0,000031;..............(((....))).....(((.........)))........(((........))).
2474;12;0;-4,477;0;0,00;13;38,00;0,000031;...........(.((((((.(((......(((.........))).........))).)).)))).).
2481;12;0;-4,478;0;0,00;12;28,00;0,000031;............(((((....)))).)..((((.......))))........(((........))).
2482;12;0;-4,478;0;0,00;12;28,00;0,000031;............(((((....))).))..((((.......))))........(((........))).
2490;12;0;-4,480;0;0,00;13;28,00;0,000031;..(.....)...(.(((....)))..)..((((.......))))........((((......)))).
2499;12;0;-4,475;0;0,00;11;28,00;0,000031;..........(..(((......))).)..((((.......))))........(((........))).
2501;12;0;-4,476;0;0,00;12;27,00;0,000031;........((...((((....)))).))........((....))........((((......)))).
2506;12;0;-4,469;0;0,00;13;30,00;0,000031;..((...)).(..((((....)))).).........((....))........((((......)))).
2509;12;0;-4,470;0;0,00;11;27,00;0,000031;........((.(......).)).......((((.......))))........((((......)))).
2510;12;0;-4,470;0;0,00;12;29,00;0,000031;...((..((............))..))..((((.......))))........((((......)))).
2535;12;0;-4,461;0;0,00;10;26,00;0,000030;..(.....).....((......)).....(((.........)))........((((......)))).
2536;12;0;-4,462;0;0,00;12;27,00;0,000030;........((.((....)).)).......((((.......))))........((((......)))).
2538;12;0;-4,462;0;0,00;13;27,00;0,000030;..(.....)...((((......))).)..((((.......))))........((((......)))).
2539;12;0;-4,462;0;0,00;13;27,00;0,000030;..(.....)...((((......)).))..((((.......))))........((((......)))).
2550;12;0;-4,464;0;0,00;12;29,00;0,000030;..((...)).....(((....)))......(((.......))).........((((......)))).
2554;12;0;-4,457;0;0,00;15;25,00;0,000030;...((...((...((((....)))).))...)).......(((...)))...((((......)))).
2560;12;0;-4,459;0;0,00;9;25,00;0,000030;.........(.....).............((((.......))))........((((......)))).
2576;12;0;-4,456;0;0,00;11;28,00;0,000030;.......(((.(......).))).......(((.......))).........((((......)))).
2580;12;0;-4,450;0;0,00;15;31,00;0,000030;...(((...))).((((....))))....((((.......))))........((((......)))).
2596;12;0;-4,446;0;0,00;14;30,00;0,000030;..((...))...((.((....))..))..((((.......))))........((((......)))).
2606;12;0;-4,448;0;0,00;12;28,00;0,000030;.......(((.((....)).))).......(((.......))).........((((......)))).
2608;12;0;-4,449;0;0,00;12;27,00;0,000030;.....(....)..(((......)))....((((.......))))........((((......)))).
2635;12;0;-4,436;0;0,00;14;31,00;0,000029;...((...((...((((....)))).))...))...((....))........((((......)))).
2639;12;0;-4,437;0;0,00;11;29,00;0,000029;..........((((.....)).)).....((((.......))))........(((........))).
2668;12;0;-4,428;0;0,00;14;31,00;0,000029;..((...)).((.((.....)))).....((((.......))))........((((......)))).
2672;12;0;-4,429;0;0,00;9;24,00;0,000029;..............((......))......(((.......))).........((((......)))).
2689;12;0;-4,426;0;0,00;13;30,00;0,000029;........((...((((....)))).)).((((.......))))........(((........))).
2694;12;0;-4,421;0;0,00;12;26,00;0,000028;.........(...((((....)))).)...(((.......))).........((((......)))).
2717;12;0;-4,411;0;0,00;13;28,00;0,000028;......(.((...((((....)))).)).)......((....))........((((......)))).
2718;12;0;-4,411;0;0,00;11;25,00;0,000028;............((.(......)..))..((((.......))))........((((......)))).
2750;12;0;-4,409;0;0,00;14;30,00;0,000028;..((...))...(.(((....)))..)..((((.......))))........((((......)))).
2755;12;0;-4,410;0;0,00;11;27,00;0,000028;..(.....)...((.....))........((((.......))))........((((......)))).
2763;12;0;-4,405;0;0,00;13;30,00;0,000028;...((........((((....))))))..((((.......))))........(((........))).
2769;12;0;-4,398;0;0,00;10;26,00;0,000027;...............((....))......((((.......))))........((((......)))).
2772;12;0;-4,400;0;0,00;11;26,00;0,000027;..........((..........))...(.((((.......)))).)......((((......)))).
2773;12;0;-4,400;0;0,00;13;33,00;0,000027;...((..(((.(......).)))..))..((((.......)))).........(((......)))..
2796;12;0;-4,398;0;0,00;10;23,00;0,000027;............((...........))..((((.......))))........((((......)))).
2800;12;0;-4,391;0;0,00;14;29,00;0,000027;..((...))...((((......)).))..((((.......))))........((((......)))).
2801;12;0;-4,391;0;0,00;14;29,00;0,000027;..((...))...((((......))).)..((((.......))))........((((......)))).
2804;12;0;-4,392;0;0,00;14;33,00;0,000027;...((..(((.((....)).)))..))..((((.......)))).........(((......)))..
2828;12;0;-4,390;0;0,00;11;28,00;0,000027;..((...)).....((......)).....(((.........)))........((((......)))).
2866;12;0;-4,378;0;0,00;10;24,00;0,000026;.............((((....))))....((...........))........((((......)))).
2867;12;0;-4,378;0;0,00;15;25,00;0,000026;...((..(..(..((((....)))).)..).)).......(((...)))...((((......)))).
2884;12;0;-4,374;0;0,00;11;25,00;0,000026;............(.((......))..)..((((.......))))........((((......)))).
2891;12;0;-4,368;0;0,00;9;25,00;0,000026;..(.....)....................((((.......))))........((((......)))).
2908;12;0;-4,364;0;0,00;13;28,00;0,000026;.....(..((...((((....)))).)).)......((....))........((((......)))).
2923;12;0;-4,361;0;0,00;13;38,00;0,000026;...........(.(((.((.(((......((((.......)))).........))).))..))).).
2942;12;0;-4,357;0;0,00;14;31,00;0,000025;...((..(..(..((((....)))).)..).))...((....))........((((......)))).
2950;12;0;-4,352;0;0,00;12;29,00;0,000025;...(((............)))......(.((((.......)))).)......((((......)))).
2981;12;0;-4,345;0;0,00;13;29,00;0,000025;.....(....)...(((....)))...(.((((.......)))).)......((((......)))).
2984;12;0;-4,346;0;0,00;11;25,00;0,000025;.........(...(((......))).)..(((.........)))........((((......)))).
2990;12;0;-4,340;0;0,00;11;38,00;0,000025;......((.(((.((..............((((.......))))....)).))).))..........
2992;12;0;-4,341;0;0,00;13;29,00;0,000025;...(.(....))..(((....))).....((((.......))))........((((......)))).
2998;12;0;-4,344;0;0,00;15;30,00;0,000025;...((.....)).((((....))))..(.((((.......)))).)......((((......)))).
3006;12;0;-4,339;0;0,00;12;29,00;0,000025;..((...))...((.....))........((((.......))))........((((......)))).
3009;12;0;-4,340;0;0,00;11;23,00;0,000025;...........(.((((....))))....)......((....))........((((......)))).
3015;12;0;-4,333;0;0,00;13;30,00;0,000024;..(.....).....(((....))).....((((.......))))........((((.(...))))).
3016;12;0;-4,333;0;0,00;13;33,00;0,000024;..(.....).....(((....))).....((((.......))))........(((.((...))))).
3034;12;0;-4,331;0;0,00;11;28,00;0,000024;.............((((....))))....((((.......)))).........(((......)))..
3036;12;0;-4,331;0;0,00;14;29,00;0,000024;..(.....)....((((....))))..(.((((.......)))).)......((((......)))).
3062;12;0;-4,322;0;0,00;9;23,00;0,000024;..............(((....))).......((.......))..........((((......)))).
3066;12;0;-4,324;0;0,00;12;33,00;0,000024;...((..(((..........)))..))..((((.......))))........(((........))).
3101;12;0;-4,316;0;0,00;9;21,00;0,000024;..................(....).....((((.......))))........((((......)))).
3116;12;0;-4,311;0;0,00;13;34,00;0,000024;..........(..((((....)))).)..((((.......))))........((..((...)).)).
3131;12;0;-4,307;0;0,00;9;30,00;0,000023;..............(((....))).....((((.......))))........((..........)).
3177;12;0;-4,297;0;0,00;10;27,00;0,000023;..((...))....................((((.......))))........((((......)))).
3178;12;0;-4,297;0;0,00;10;25,00;0,000023;..........((..(.....).)).....(((.........)))........((((......)))).
3194;12;0;-4,291;0;0,00;11;27,00;0,000023;..............(((....)))......((.((.....))..))......((((......)))).
3196;12;0;-4,291;0;0,00;9;36,00;0,000023;..............(((....))).....((((.......)))).......((........))....
3207;12;0;-4,285;0;0,00;13;27,00;0,000023;.....(......)((((....))))....((((.......))))........((((......)))).
3221;12;0;-4,288;0;0,00;11;26,00;0,000023;.........(..((.....))..).....((((.......))))........((((......)))).
3243;12;0;-4,284;0;0,00;13;21,00;0,000022;...........((((((....))))...))(((.......))).........((((......)))).
3249;12;0;-4,279;0;0,00;14;29,00;0,000022;..(.....)(...((((....)))).)..((((.......))))........((((......)))).
3258;12;0;-4,281;0;0,00;11;29,00;0,000022;..............(((....))).....((((.......))))........(((.(.....)))).
3268;12;0;-4,275;0;0,00;11;28,00;0,000022;..........(..((((....)))).)..(((.........)))........(((........))).
3283;12;0;-4,270;0;0,00;13;19,00;0,000022;...........((((((....)))...)))(((.......))).........((((......)))).
3296;12;0;-4,267;0;0,00;9;27,00;0,000022;..........((..........)).....((((.......))))........(((........))).
3311;12;0;-4,262;0;0,00;13;27,00;0,000022;..(.....)...(((((....))).))..(((.........)))........((((......)))).
3312;12;0;-4,262;0;0,00;13;27,00;0,000022;..(.....)...(((((....)))).)..(((.........)))........((((......)))).
3313;12;0;-4,262;0;0,00;14;32,00;0,000022;..((...)).....(((....))).....((((.......))))........((((.(...))))).
3314;12;0;-4,262;0;0,00;14;35,00;0,000022;..((...)).....(((....))).....((((.......))))........(((.((...))))).
3318;12;0;-4,263;0;0,00;11;27,00;0,000022;...(...)......((......)).....((((.......))))........((((......)))).
3335;12;0;-4,258;0;0,00;11;26,00;0,000021;......(.....).((......)).....((((.......))))........((((......)))).
3338;12;0;-4,260;0;0,00;15;31,00;0,000022;..((...))....((((....))))..(.((((.......)))).)......((((......)))).
3347;12;0;-4,254;0;0,00;13;31,00;0,000021;.......(((.(......).)))......((((.......))))........((((.(...))))).
3348;12;0;-4,254;0;0,00;13;34,00;0,000021;.......(((.(......).)))......((((.......))))........(((.((...))))).
3385;12;0;-4,246;0;0,00;13;28,00;0,000021;..........((.((.....))))...(.((((.......)))).)......((((......)))).
3399;12;0;-4,248;0;0,00;12;30,00;0,000021;...(((....(....)..)))........((((.......))))........((((......)))).
3403;12;0;-4,249;0;0,00;12;27,00;0,000021;.....(....)..((((....))))....(((.........)))........((((......)))).
3407;12;0;-4,249;0;0,00;12;28,00;0,000021;...((.....))..(((....)))......(((.......))).........((((......)))).
3419;12;0;-4,246;0;0,00;9;25,00;0,000021;..........(....).............((((.......))))........((((......)))).
3423;12;0;-4,246;0;0,00;14;31,00;0,000021;.......(((.((....)).)))......((((.......))))........((((.(...))))).
3424;12;0;-4,246;0;0,00;14;34,00;0,000021;.......(((.((....)).)))......((((.......))))........(((.((...))))).
3483;12;0;-4,227;0;0,00;11;27,00;0,000020;..............((......)).....((((.......))))........((((.(...))))).
3484;12;0;-4,227;0;0,00;11;30,00;0,000020;..............((......)).....((((.......))))........(((.((...))))).
3485;12;0;-4,227;0;0,00;11;25,00;0,000020;..........(..(((......))).)...(((.......))).........((((......)))).
3486;12;0;-4,228;0;0,00;11;26,00;0,000020;.......(....).((......)).....((((.......))))........((((......)))).
3488;12;0;-4,229;0;0,00;9;24,00;0,000020;..............(((....)))......((.........)).........((((......)))).
3497;12;0;-4,230;0;0,00;12;25,00;0,000021;............(((((....))).))...(((.......))).........((((......)))).
3498;12;0;-4,230;0;0,00;12;25,00;0,000021;............(((((....)))).)...(((.......))).........((((......)))).
3508;12;0;-4,225;0;0,00;12;26,00;0,000020;.............(((......)))..(.((((.......)))).)......((((......)))).
3516;12;0;-4,226;0;0,00;10;25,00;0,000020;.........(...(((......))).).........((....))........((((......)))).
3524;12;0;-4,219;0;0,00;10;30,00;0,000020;...(((............)))........((((.......))))........(((........))).
3551;12;0;-4,219;0;0,00;14;29,00;0,000020;.........(...((((....)))).)..((((.......))))........((((.(...))))).
3552;12;0;-4,219;0;0,00;14;32,00;0,000020;.........(...((((....)))).)..((((.......))))........(((.((...))))).
3557;12;0;-4,212;0;0,00;11;30,00;0,000020;.....(....)...(((....))).....((((.......))))........(((........))).
3575;12;0;-4,207;0;0,00;15;31,00;0,000020;..((...))(...((((....)))).)..((((.......))))........((((......)))).
3586;12;0;-4,211;0;0,00;11;25,00;0,000020;............((.((....))..))..(((.........)))........((((......)))).
3588;12;0;-4,211;0;0,00;13;31,00;0,000020;...((.....)).((((....))))....((((.......))))........(((........))).
3590;12;0;-4,204;0;0,00;13;40,00;0,000020;......((.(((.((((....))))....((((.......)))).......))).))..........
3632;12;0;-4,198;0;0,00;12;30,00;0,000019;..(.....)....((((....))))....((((.......))))........(((........))).
3634;12;0;-4,199;0;0,00;9;37,00;0,000019;..............(((....))).....((((.......)))).......((...)).........
3668;12;0;-4,189;0;0,00;11;26,00;0,000019;..........((((.....)).))......(((.......))).........((((......)))).
3676;12;0;-4,191;0;0,00;14;29,00;0,000019;..((...))...(((((....))).))..(((.........)))........((((......)))).
3677;12;0;-4,191;0;0,00;14;29,00;0,000019;..((...))...(((((....)))).)..(((.........)))........((((......)))).
3679;12;0;-4,191;0;0,00;13;28,00;0,000019;..............(((....)))...(((..(...)..))).((.....))((((......)))).
3690;12;0;-4,187;0;0,00;9;37,00;0,000019;..............(((....))).....((((.......))))............((...))....
3726;12;0;-4,180;0;0,00;12;27,00;0,000019;........((..((.....))..))....((((.......))))........((((......)))).
3737;12;0;-4,174;0;0,00;11;25,00;0,000019;............(.(((....)))..)..(((.........)))........((((......)))).
3742;12;0;-4,175;0;0,00;11;27,00;0,000019;...((.....))..((......)).....(((.........)))........((((......)))).
3817;12;0;-4,157;0;0,00;13;27,00;0,000018;...((........((((....))))))...(((.......))).........((((......)))).
3839;12;0;-4,154;0;0,00;10;28,00;0,000018;..........(..((((....)))).).........((....))........(((........))).
3843;12;0;-4,155;0;0,00;14;28,00;0,000018;..........(..((((....)))).)(.((((.......)))).)......((((......)))).
3845;12;0;-4,156;0;0,00;11;24,00;0,000018;............((((......))).)..(((.........)))........((((......)))).
3846;12;0;-4,156;0;0,00;11;24,00;0,000018;............((((......)).))..(((.........)))........((((......)))).
3851;12;0;-4,150;0;0,00;13;31,00;0,000018;..(((........((((....))))........)))((....))........((((......)))).
3867;12;0;-4,145;0;0,00;14;39,00;0,000018;...........(.((((((.(.((.....((((.......)))).......))..).)).)))).).
3873;12;0;-4,147;0;0,00;11;27,00;0,000018;.....(...)....((......)).....((((.......))))........((((......)))).
3883;12;0;-4,141;0;0,00;12;27,00;0,000018;..(.....)...(((((....))).)).........((....))........((((......)))).
3884;12;0;-4,141;0;0,00;12;27,00;0,000018;..(.....)...(((((....)))).).........((....))........((((......)))).
3915;12;0;-4,134;0;0,00;12;27,00;0,000017;...((...((...((((....)))).))...))...................((((......)))).
3916;12;0;-4,134;0;0,00;10;19,00;0,000017;.................((....))....((((.......))))........((((......)))).
3946;12;0;-4,125;0;0,00;10;26,00;0,000017;..(.....).....(((....))).....((...........))........((((......)))).
3948;12;0;-4,125;0;0,00;12;28,00;0,000017;..............(((....)))....((..(...)..))..((.....))((((......)))).
3950;12;0;-4,125;0;0,00;12;28,00;0,000017;..............(((....))).....((((.......))))(.....).((((......)))).
3954;12;0;-4,126;0;0,00;10;25,00;0,000017;.............((.....)).......((((.......))))........((((......)))).
3957;12;0;-4,127;0;0,00;13;32,00;0,000017;..((...))....((((....))))....((((.......))))........(((........))).
3958;12;0;-4,128;0;0,00;11;27,00;0,000017;.....(....)..((((....))))...........((....))........((((......)))).
3987;12;0;-4,119;0;0,00;13;28,00;0,000017;......(...)..((((....))))....((((.......))))........((((......)))).
3991;12;0;-4,121;0;0,00;11;24,00;0,000017;..........(..((((....)))).)....((.......))..........((((......)))).
3992;12;0;-4,113;0;0,00;11;29,00;0,000017;..........((.((.....)))).....((((.......))))........(((........))).
4037;12;0;-4,105;0;0,00;12;40,00;0,000017;......((.(((..(((....))).....((((.......)))).......))).))..........
4056;12;0;-4,103;0;0,00;9;24,00;0,000017;............((.....))........(((.........)))........((((......)))).
4057;12;0;-4,103;0;0,00;12;26,00;0,000017;........((...(((......))).)).(((.........)))........((((......)))).
4066;12;0;-4,105;0;0,00;11;31,00;0,000017;..........(..((((....)))).)..((((.......))))........((..........)).
4097;12;0;-4,095;0;0,00;10;26,00;0,000016;..((...........))............((((.......))))........((((......)))).
4116;12;0;-4,090;0;0,00;10;25,00;0,000016;............((.((....))..)).........((....))........((((......)))).
4119;12;0;-4,091;0;0,00;13;30,00;0,000016;...(...(((.(......).)))).....((((.......))))........((((......)))).
4124;12;0;-4,091;0;0,00;12;29,00;0,000016;.......(((..(....)..)))......((((.......))))........((((......)))).
4128;12;0;-4,092;0;0,00;10;27,00;0,000016;.............(((......)))....((((.......))))........(((........))).
4151;12;0;-4,088;0;0,00;12;27,00;0,000016;..............(((....)))...(.((((.......))))).......((((......)))).
4160;12;0;-4,089;0;0,00;13;28,00;0,000016;..........(..((((....)))).)...((.((.....))..))......((((......)))).
4163;12;0;-4,090;0;0,00;11;37,00;0,000016;..........(..((((....)))).)..((((.......)))).......((........))....
4167;12;0;-4,083;0;0,00;14;30,00;0,000016;...(...(((.((....)).)))).....((((.......))))........((((......)))).
4168;12;0;-4,083;0;0,00;12;26,00;0,000016;...((........(((......)))))..(((.........)))........((((......)))).
4192;12;0;-4,079;0;0,00;13;30,00;0,000016;..........(..((((....)))).)..((((.......))))........(((.(.....)))).
4206;12;0;-4,081;0;0,00;10;26,00;0,000016;...((.....)).................((((.......))))........((((......)))).
4225;12;0;-4,076;0;0,00;12;30,00;0,000016;...((..(((..........)))..))...(((.......))).........((((......)))).
4238;12;0;-4,078;0;0,00;11;30,00;0,000016;..(.....).....(((....))).....((((.......)))).........(((......)))..
4242;12;0;-4,071;0;0,00;9;23,00;0,000016;...........(......)..........((((.......))))........((((......)))).
4270;12;0;-4,069;0;0,00;10;27,00;0,000016;.......((............))......((((.......))))........((((......)))).
4281;12;0;-4,063;0;0,00;10;23,00;0,000015;...........((....))..........((((.......))))........((((......)))).
4283;12;0;-4,064;0;0,00;14;28,00;0,000015;...(...)....(((((....))).))..((((.......))))........((((......)))).
4284;12;0;-4,064;0;0,00;14;28,00;0,000015;...(...)....(((((....)))).)..((((.......))))........((((......)))).
4309;12;0;-4,061;0;0,00;12;28,00;0,000015;..(.....).((..(.....).)).....((((.......))))........((((......)))).
4311;12;0;-4,061;0;0,00;13;28,00;0,000015;...(...)..(..(((......))).)..((((.......))))........((((......)))).
4313;12;0;-4,061;0;0,00;7;22,00;0,000015;.............................(((.........)))........((((......)))).
4320;12;0;-4,062;0;0,00;11;27,00;0,000015;...(...)......(((....))).....(((.........)))........((((......)))).
4323;12;0;-4,055;0;0,00;12;27,00;0,000015;...((..(..(..((((....)))).)..).))...................((((......)))).
4326;12;0;-4,055;0;0,00;12;30,00;0,000015;.......(((..........)))....(.((((.......)))).)......((((......)))).
4341;12;0;-4,058;0;0,00;11;26,00;0,000015;......(.....).(((....))).....(((.........)))........((((......)))).
4362;12;0;-4,054;0;0,00;11;28,00;0,000015;..((...)).....(((....))).....((...........))........((((......)))).
4368;12;0;-4,055;0;0,00;14;29,00;0,000015;...(.(....)).((((....))))....((((.......))))........((((......)))).
4406;12;0;-4,046;0;0,00;10;27,00;0,000015;.......(((.(......).)))......((...........))........((((......)))).
4412;12;0;-4,047;0;0,00;14;31,00;0,000015;...((.....))..(((....))).....((((.......))))........((((.(...))))).
4413;12;0;-4,047;0;0,00;14;34,00;0,000015;...((.....))..(((....))).....((((.......))))........(((.((...))))).
4440;12;0;-4,037;0;0,00;10;25,00;0,000015;..........(..((.....)).).....(((.........)))........((((......)))).
4457;12;0;-4,039;0;0,00;13;31,00;0,000015;..(.....).(..((((....)))).)..((((.......))))........(((........))).
4476;12;0;-4,035;0;0,00;10;24,00;0,000015;............((((......)).)).........((....))........((((......)))).
4478;12;0;-4,027;0;0,00;11;26,00;0,000015;.......(....).(((....))).....(((.........)))........((((......)))).
4483;12;0;-4,028;0;0,00;14;28,00;0,000015;............(((((....))).))..((((.......))))........((((.(...))))).
4484;12;0;-4,028;0;0,00;14;28,00;0,000015;............(((((....)))).)..((((.......))))........((((.(...))))).
4485;12;0;-4,028;0;0,00;14;31,00;0,000015;............(((((....))).))..((((.......))))........(((.((...))))).
4486;12;0;-4,028;0;0,00;14;31,00;0,000015;............(((((....)))).)..((((.......))))........(((.((...))))).
4519;12;0;-4,024;0;0,00;12;26,00;0,000014;.............((((....))))..(.(((.........))).)......((((......)))).
4522;12;0;-4,025;0;0,00;13;28,00;0,000015;..........(..(((......))).)..((((.......))))........((((.(...))))).
4523;12;0;-4,025;0;0,00;13;31,00;0,000015;..........(..(((......))).)..((((.......))))........(((.((...))))).
4533;12;0;-4,027;0;0,00;11;27,00;0,000015;..............(((....))).....(((.........)))........((((.(...))))).
4534;12;0;-4,027;0;0,00;11;30,00;0,000015;..............(((....))).....(((.........)))........(((.((...))))).
4536;12;0;-4,027;0;0,00;11;25,00;0,000015;..........(..((((....)))).)...((.........)).........((((......)))).
4549;12;0;-4,022;0;0,00;13;29,00;0,000014;...(...)..((((.....)).)).....((((.......))))........((((......)))).
4580;12;0;-4,019;0;0,00;8;23,00;0,000014;..............((......)).....((...........))........((((......)))).
4581;12;0;-4,019;0;0,00;12;27,00;0,000014;..........(...(((....)))..)..((((.......))))........((((......)))).
4584;12;0;-4,019;0;0,00;9;24,00;0,000014;..........((..........))......(((.......))).........((((......)))).
4630;12;0;-4,010;0;0,00;11;25,00;0,000014;.........(...((((....)))).)..((...........))........((((......)))).
4649;12;0;-4,007;0;0,00;12;32,00;0,000014;..((...)).....(((....))).....((((.......)))).........(((......)))..
4681;12;0;-3,999;0;0,00;11;31,00;0,000014;.......(((.(......).)))......((((.......)))).........(((......)))..
4685;12;0;-3,997;0;0,00;11;38,00;0,000014;..........(..((((....)))).)..((((.......)))).......((...)).........
4690;12;0;-3,997;0;0,00;14;38,00;0,000014;...((..(((.(......).)))..))..((((.......))))........((..((...)).)).
4714;12;0;-3,991;0;0,00;12;31,00;0,000014;.......(((.((....)).)))......((((.......)))).........(((......)))..
4725;12;0;-3,989;0;0,00;13;30,00;0,000014;..((...)).((..(.....).)).....((((.......))))........((((......)))).
4726;12;0;-3,989;0;0,00;15;38,00;0,000014;...((..(((.((....)).)))..))..((((.......))))........((..((...)).)).
4732;12;0;-3,987;0;0,00;13;29,00;0,000014;..........((((.....)).)).....((((.......))))........((((.(...))))).
4733;12;0;-3,987;0;0,00;13;32,00;0,000014;..........((((.....)).)).....((((.......))))........(((.((...))))).
4740;12;0;-3,987;0;0,00;13;28,00;0,000014;.......(((...((((....)))).)).)......((....))........((((......)))).
4743;12;0;-3,988;0;0,00;11;29,00;0,000014;..............(((....)))...(.((((.......)))).)......(((........))).
4745;12;0;-3,988;0;0,00;12;27,00;0,000014;...............((((..........((((.......))))....))))((((......)))).
4753;12;0;-3,985;0;0,00;11;38,00;0,000014;..........(..((((....)))).)..((((.......))))............((...))....
4760;12;0;-3,982;0;0,00;14;24,00;0,000014;...((.....(..((((....)))).)....)).......(((...)))...((((......)))).
4784;12;0;-3,982;0;0,00;11;26,00;0,000014;.........(...((((....))))...).......((....))........((((......)))).
4786;12;0;-3,979;0;0,00;12;27,00;0,000013;..............(((....))).(...((((.......)))).)......((((......)))).
4813;12;0;-3,976;0;0,00;15;30,00;0,000013;........((...((((....)))).)).((((.......))))........((((.(...))))).
4814;12;0;-3,976;0;0,00;15;33,00;0,000013;........((...((((....)))).)).((((.......))))........(((.((...))))).
4834;12;0;-3,972;0;0,00;10;27,00;0,000013;...(((............))).........(((.......))).........((((......)))).
4835;12;0;-3,972;0;0,00;9;27,00;0,000013;..............((......)).....((((.......)))).........(((......)))..
4837;12;0;-3,972;0;0,00;12;26,00;0,000013;......(.....)(((......)))....((((.......))))........((((......)))).
4838;12;0;-3,972;0;0,00;12;28,00;0,000013;..(.....).....((......))...(.((((.......)))).)......((((......)))).
4856;12;0;-3,968;0;0,00;14;33,00;0,000013;..((...)).(..((((....)))).)..((((.......))))........(((........))).
4861;12;0;-3,965;0;0,00;11;26,00;0,000013;...(.......)..((......)).....((((.......))))........((((......)))).
4875;12;0;-3,963;0;0,00;13;28,00;0,000013;...((.....)).((((....)))).....(((.......))).........((((......)))).
4878;12;0;-3,963;0;0,00;12;29,00;0,000013;.........(...((((....)))).)..((((.......)))).........(((......)))..
4889;12;0;-3,964;0;0,00;11;27,00;0,000013;.....(....)...(((....)))......(((.......))).........((((......)))).
4894;12;0;-3,961;0;0,00;12;32,00;0,000013;...((..(((.(......).)))..))..(((.........)))........(((........))).
4898;12;0;-3,962;0;0,00;14;40,00;0,000013;......((((....(((((...(.....)((((.......))))....))))).........)))).
4899;12;0;-3,962;0;0,00;13;30,00;0,000013;...((.....(..((((....)))).)....))...((....))........((((......)))).
4904;12;0;-3,962;0;0,00;11;26,00;0,000013;...((........(((......))))).........((....))........((((......)))).
4938;12;0;-3,955;0;0,00;12;38,00;0,000013;...........(.((((((.(((.............((....)).........))).)).)))).).
4947;12;0;-3,957;0;0,00;11;30,00;0,000013;..............(((....))).....((((.......))))........(((..(...).))).
4963;12;0;-3,955;0;0,00;15;30,00;0,000013;...((........((((....))))))..((((.......))))........((((.(...))))).
4964;12;0;-3,955;0;0,00;15;33,00;0,000013;...((........((((....))))))..((((.......))))........(((.((...))))).
4971;12;0;-3,952;0;0,00;14;30,00;0,000013;..............(((....)))...(((..(...)..))).(((...)))((((......)))).
4984;12;0;-3,951;0;0,00;12;27,00;0,000013;..(.....)....((((....)))).....(((.......))).........((((......)))).
4993;12;0;-3,948;0;0,00;14;28,00;0,000013;.....(...)..(((((....))).))..((((.......))))........((((......)))).
4994;12;0;-3,948;0;0,00;14;28,00;0,000013;.....(...)..(((((....)))).)..((((.......))))........((((......)))).
5005;12;0;-3,947;0;0,00;11;27,00;0,000013;.....(...)....(((....))).....(((.........)))........((((......)))).
5018;12;0;-3,945;0;0,00;10;25,00;0,000013;.............((((....))))..................((.....))((((......)))).
5023;12;0;-3,945;0;0,00;11;26,00;0,000013;..........(..((((....))))...).......((....))........((((......)))).
5025;12;0;-3,942;0;0,00;12;26,00;0,000013;.......(....)(((......)))....((((.......))))........((((......)))).
5047;12;0;-3,938;0;0,00;16;42,00;0,000013;..(.....)..(.((((((.((((.....((((.......)))).......).))).)).)))).).
5048;12;0;-3,938;0;0,00;16;42,00;0,000013;..(.....)..(.((((((.((((.....((((.......)))).......)).)).)).)))).).
5069;12;0;-3,937;0;0,00;12;29,00;0,000013;..............(((((..........((((.......))))....)))))(((......)))..
5105;12;0;-3,928;0;0,00;12;33,00;0,000012;.............((((....))))....((((.......))))........((..((...)).)).
5141;12;0;-3,922;0;0,00;10;31,00;0,000012;.......(((..........)))......((((.......))))........(((........))).
5151;12;0;-3,924;0;0,00;14;29,00;0,000012;..........(..((((....)))).)..((((.......))))(.....).((((......)))).
5172;12;0;-3,917;0;0,00;14;39,00;0,000012;...........(.((((((.((.(.....((((.......)))).......)..)).)).)))).).
5192;12;0;-3,916;0;0,00;9;25,00;0,000012;..........(..((.....)).)............((....))........((((......)))).
5253;12;0;-3,901;0;0,00;13;30,00;0,000012;..((...)).....((......))...(.((((.......)))).)......((((......)))).
5277;12;0;-3,897;0;0,00;12;29,00;0,000012;...(((...(......).)))........((((.......))))........((((......)))).
5325;12;0;-3,892;0;0,00;10;27,00;0,000012;.............((((....))))....(((.........)))........(((........))).
5334;12;0;-3,890;0;0,00;10;26,00;0,000012;.....(....)...((......)).....(((.........)))........((((......)))).
5350;12;0;-3,888;0;0,00;12;27,00;0,000012;...((.....)).(((......)))....(((.........)))........((((......)))).
5366;12;0;-3,887;0;0,00;13;30,00;0,000011;..............(((....)))....((..(...)..))..(((...)))((((......)))).
5368;12;0;-3,887;0;0,00;13;30,00;0,000011;..............(((....))).....((((.......))))((...)).((((......)))).
5396;12;0;-3,879;0;0,00;13;29,00;0,000011;..((...))....((((....)))).....(((.......))).........((((......)))).
5400;12;0;-3,880;0;0,00;11;29,00;0,000011;...(((...(.....)..)))........(((.........)))........((((......)))).
5416;12;0;-3,878;0;0,00;11;26,00;0,000011;..............(((....))).....((..((.....))))........((((......)))).
5421;12;0;-3,879;0;0,00;9;23,00;0,000011;..............(........).....((((.......))))........((((......)))).
5422;12;0;-3,875;0;0,00;10;25,00;0,000011;...((....................))..((((.......))))........((((......)))).
5427;12;0;-3,876;0;0,00;11;26,00;0,000011;..(.....)....(((......)))....(((.........)))........((((......)))).
5437;12;0;-3,874;0;0,00;14;33,00;0,000011;...((..(((..........)))..))..((((.......))))........((((.(...))))).
5438;12;0;-3,874;0;0,00;14;36,00;0,000011;...((..(((..........)))..))..((((.......))))........(((.((...))))).
5478;12;0;-3,866;0;0,00;11;26,00;0,000011;..........((.((.....))))......(((.......))).........((((......)))).
5484;12;0;-3,866;0;0,00;17;44,00;0,000011;..((...))..(.((((((.((((.....((((.......)))).......).))).)).)))).).
5485;12;0;-3,866;0;0,00;17;44,00;0,000011;..((...))..(.((((((.((((.....((((.......)))).......)).)).)).)))).).
5489;12;0;-3,863;0;0,00;11;27,00;0,000011;..(((.........)))............((((.......))))........((((......)))).
5501;12;0;-3,865;0;0,00;16;26,00;0,000011;...((..(((...((((....)))).)).).)).......(((...)))...((((......)))).
5510;12;0;-3,862;0;0,00;12;22,00;0,000011;...((........(((......)))......)).......(((...)))...((((......)))).
5527;12;0;-3,861;0;0,00;13;28,00;0,000011;...(...)..(..((((....)))).)..(((.........)))........((((......)))).
5580;12;0;-3,853;0;0,00;11;27,00;0,000011;...(...)..((..........)).....((((.......))))........((((......)))).
5582;12;0;-3,853;0;0,00;11;17,00;0,000011;..............(..((....)).)..((((.......))))........((((......)))).
