,Suboptimal proxy structure,Base pair,Energy (kcal/mol),MFE distance,Probability
0,...........((((.(((....)))))))..........((.....))...((((......)))).,13,-8.849,0,0.049811
1,...........((((.(((....)))))))..........(((...)))...((((......)))).,14,-8.61,2,0.033286
2,...........((((.(((....)))))))......((....))........((((......)))).,13,-8.589,8,0.032142
3,...........((((.(((....)))))))......................((((......)))).,11,-8.287,4,0.019293
4,...........((((..((....)).))))..........((.....))...((((......)))).,12,-8.185,2,0.016247
5,.......(((.(..(((((........(((.........)))......)))))..).))).......,12,-8.054,37,0.013027
6,..(.....)..((((.(((....)))))))..........((.....))...((((......)))).,14,-8.011,2,0.012111
7,...........((((...........))))..........((.....))...((((......)))).,10,-7.952,6,0.010971
8,...........((((..((....)).))))..........(((...)))...((((......)))).,13,-7.946,4,0.010857
9,..((...))..((((.(((....)))))))..........((.....))...((((......)))).,15,-7.939,4,0.010738
10,...........((((..((....)).))))......((....))........((((......)))).,12,-7.925,10,0.010484
11,.........(.((((.(((....)))))))..).......((.....))...((((......)))).,14,-7.82,2,0.008781
12,.......(((.(..(((((..........((((.......))))....)))))..).))).......,13,-7.796,41,0.008436
13,..(.....)..((((.(((....)))))))..........(((...)))...((((......)))).,15,-7.772,4,0.008093
14,..(.....)..((((.(((....)))))))......((....))........((((......)))).,14,-7.751,10,0.007815
15,...........((((...........))))..........(((...)))...((((......)))).,11,-7.713,8,0.007331
16,..((...))..((((.(((....)))))))..........(((...)))...((((......)))).,16,-7.701,6,0.007176
17,...........((((...........))))......((....))........((((......)))).,10,-7.693,14,0.007079
18,..((...))..((((.(((....)))))))......((....))........((((......)))).,15,-7.68,12,0.006929
19,...........((((..((....)).))))......................((((......)))).,10,-7.623,6,0.006293
20,.........(.((((.(((....)))))))..).......(((...)))...((((......)))).,15,-7.581,4,0.005868
21,.........(.((((.(((....)))))))..)...((....))........((((......)))).,14,-7.561,10,0.005666
22,...........((((.(((....)))))))...((.....))..........((((......)))).,13,-7.499,6,0.005102
23,.......(((.((.(((((........(((.........)))......))))).)).))).......,13,-7.46,37,0.004782
24,..(.....)..((((.(((....)))))))......................((((......)))).,12,-7.449,6,0.004691
25,...........((((.(((....)))))))..(...)...((.....))...((((......)))).,14,-7.398,2,0.004309
26,...........((((...........))))......................((((......)))).,8,-7.39,10,0.004249
27,..............(((....))).....((((.......))))........((((......)))).,11,-7.387,26,0.004230
28,..((...))..((((.(((....)))))))......................((((......)))).,13,-7.377,8,0.004159
29,..(.....)..((((..((....)).))))..........((.....))...((((......)))).,13,-7.347,4,0.003950
30,..((...))..((((..((....)).))))..........((.....))...((((......)))).,14,-7.276,6,0.003502
31,...........((((.(((....)))))))....(.....)...........((((......)))).,12,-7.266,5,0.003449
32,.........(.((((.(((....)))))))..)...................((((......)))).,12,-7.258,6,0.003401
33,.....(..((.((((.(((....)))))))..))..)...((.....))...((((......)))).,16,-7.206,6,0.003115
34,.......(((.((.(((((..........((((.......))))....))))).)).))).......,14,-7.203,41,0.003097
35,...........(((..(((....))).)))..........((.....))...((((......)))).,12,-7.194,2,0.003052
36,..........(..((((....)))).)..((((.......))))........((((......)))).,13,-7.186,27,0.003009
37,......(.((.((((.(((....)))))))..))..)...((.....))...((((......)))).,16,-7.164,6,0.002901
38,...........((((.(((....)))))))..(...)...(((...)))...((((......)))).,15,-7.16,4,0.002879
39,.........(.((((..((....)).))))..).......((.....))...((((......)))).,13,-7.156,4,0.002864
40,...........((((.((......))))))..........((.....))...((((......)))).,12,-7.156,2,0.002861
41,...........((((.(((....))))))).......((.....))......((((......)))).,13,-7.151,8,0.002838
42,........((.((((.(((....)))))))..))......((.....))...((((......)))).,15,-7.126,4,0.002722
43,..(.....)..((((...........))))..........((.....))...((((......)))).,11,-7.114,8,0.002667
44,..(.....)..((((..((....)).))))..........(((...)))...((((......)))).,14,-7.108,6,0.002640
45,..(.....)..((((..((....)).))))......((....))........((((......)))).,13,-7.087,12,0.002549
46,.......(((.(..(((((..((....(((.........))).))...)))))..).))).......,14,-7.084,41,0.002534
47,...........((((.(((....)))))))..........((.....))...(((........))).,12,-7.082,2,0.002527
48,..((...))..((((...........))))..........((.....))...((((......)))).,12,-7.043,10,0.002365
49,..((...))..((((..((....)).))))..........(((...)))...((((......)))).,15,-7.037,8,0.002340
50,..((...))..((((..((....)).))))......((....))........((((......)))).,14,-7.016,14,0.002260
51,...........((((.(((....))))))).............((.....))((((......)))).,13,-6.996,8,0.002185
52,.....(..((.((((.(((....)))))))..))..)...(((...)))...((((......)))).,17,-6.967,8,0.002081
53,...........(((..(((....))).)))..........(((...)))...((((......)))).,13,-6.955,4,0.002040
54,...........(((..(((....))).)))......((....))........((((......)))).,12,-6.935,10,0.001970
55,......(.((.((((.(((....)))))))..))..)...(((...)))...((((......)))).,17,-6.925,8,0.001938
56,.........(.((((...........))))..).......((.....))...((((......)))).,11,-6.924,8,0.001934
57,.........(.((((..((....)).))))..).......(((...)))...((((......)))).,14,-6.918,6,0.001914
58,...........((((.((......))))))..........(((...)))...((((......)))).,13,-6.917,4,0.001912
59,.........(.((((..((....)).))))..)...((....))........((((......)))).,13,-6.897,12,0.001848
60,...........((((((....))))...))..........((.....))...((((......)))).,12,-6.897,13,0.001848
61,...........((((.((......))))))......((....))........((((......)))).,12,-6.896,10,0.001846
62,...........((((.(((....)))))))......(......)........((((......)))).,12,-6.894,6,0.001839
63,........((.((((.(((....)))))))..))......(((...)))...((((......)))).,16,-6.887,6,0.001819
64,...........((((((....)))...)))..........((.....))...((((......)))).,12,-6.883,11,0.001806
65,..(.....)..((((...........))))..........(((...)))...((((......)))).,12,-6.875,10,0.001783
66,...((..(((.(......).)))..))..((((.......))))........((((......)))).,14,-6.872,31,0.001771
67,........((.((((.(((....)))))))..))..((....))........((((......)))).,15,-6.867,12,0.001756
68,...((..(((.((....)).)))..))..((((.......))))........((((......)))).,15,-6.864,31,0.001748
69,.......(((.(..(((((........(((..(...)..)))......)))))..).))).......,13,-6.856,39,0.001725
70,..(.....)..((((...........))))......((....))........((((......)))).,11,-6.855,16,0.001721
71,..............(((....)))...(((.........)))..........((((......)))).,10,-6.846,22,0.001695
72,...........((((.(((....)))))))..........(((...)))...(((........))).,13,-6.843,4,0.001689
73,...........((((.(((....)))))))..(...)...............((((......)))).,12,-6.836,6,0.001669
74,...........((((..((....)).))))...((.....))..........((((......)))).,12,-6.835,8,0.001664
75,...........((((.(((....)))))))......(...........)...((((......)))).,12,-6.825,5,0.001637
76,...........((((.(((....)))))))......((....))........(((........))).,12,-6.823,10,0.001631
77,..((...))..((((...........))))..........(((...)))...((((......)))).,13,-6.804,12,0.001580
78,.............((((....))))....((((.......))))........((((......)))).,12,-6.802,26,0.001576
79,..(.....)..((((..((....)).))))......................((((......)))).,11,-6.785,8,0.001530
80,..((...))..((((...........))))......((....))........((((......)))).,12,-6.783,18,0.001526
81,.......(((.(..(((((.....((.(((.........)))..))..)))))..).))).......,14,-6.779,39,0.001515
82,..((....((.((((.(((....)))))))..))))....((.....))...((((......)))).,17,-6.779,8,0.001514
83,..(((......((((.(((....)))))))...)))....((.....))...((((......)))).,16,-6.765,6,0.001480
84,..(((....(.((((.(((....)))))))..))))....((.....))...((((......)))).,17,-6.765,8,0.001480
85,..(((...(..((((.(((....))))))).).)))....((.....))...((((......)))).,17,-6.761,8,0.001469
86,...........((((.(((....))))))).............(((...)))((((......)))).,14,-6.757,10,0.001460
87,...........((((..((....)).))))..(...)...((.....))...((((......)))).,13,-6.735,4,0.001405
88,...........((((.(((....))))))).....((...........))..((((......)))).,13,-6.717,7,0.001364
89,..((...))..((((..((....)).))))......................((((......)))).,12,-6.714,10,0.001357
90,.........(.((((...........))))..).......(((...)))...((((......)))).,12,-6.685,10,0.001292
91,...(...)...((((.(((....)))))))..........((.....))...((((......)))).,14,-6.668,2,0.001256
92,.........(.((((...........))))..)...((....))........((((......)))).,11,-6.664,16,0.001248
93,.....(((((.(..(((((........(((.........)))......)))))..).)))....)).,14,-6.663,39,0.001244
94,..(.....)..((((.(((....)))))))...((.....))..........((((......)))).,14,-6.661,8,0.001241
95,...........((((((....))))...))..........(((...)))...((((......)))).,13,-6.658,15,0.001235
96,.......(((.(..(((((..........(((.........)))....)))))..).))).......,12,-6.652,40,0.001222
97,...........((((((....)))...)))..........(((...)))...((((......)))).,13,-6.644,13,0.001207
98,.....(..((.((((.(((....)))))))..))..)...............((((......)))).,14,-6.644,10,0.001206
99,...........((((((....))))...))......((....))........((((......)))).,12,-6.637,21,0.001192
100,...........((((.(((....)))))))..........((.....))...(((.((...))))).,14,-6.632,5,0.001182
101,...........((((.(((....)))))))..........((.....))...((((.(...))))).,14,-6.632,2,0.001182
102,...........(((..(((....))).)))......................((((......)))).,10,-6.632,6,0.001182
103,...........((((.(((....)))))))..........(.......)...((((......)))).,12,-6.627,2,0.001171
104,...........((((((....)))...)))......((....))........((((......)))).,12,-6.624,19,0.001166
105,..............(((....)))....((.........))...........((((......)))).,9,-6.614,22,0.001146
106,...........((((..((....)).))))....(.....)...........((((......)))).,11,-6.603,7,0.001125
107,...........((((...........))))...((.....))..........((((......)))).,10,-6.602,12,0.001124
108,......(.((.((((.(((....)))))))..))..)...............((((......)))).,14,-6.602,10,0.001123
109,.........(.((((..((....)).))))..)...................((((......)))).,11,-6.594,8,0.001109
110,...........((((.((......))))))......................((((......)))).,10,-6.594,6,0.001108
111,..((...))..((((.(((....)))))))...((.....))..........((((......)))).,15,-6.589,10,0.001100
112,....((..((.((((.(((....)))))))..))..))..((.....))...((((......)))).,17,-6.58,8,0.001082
113,...((..(((.(..(((((........(((.........)))......)))))..).))).))....,14,-6.573,40,0.001070
114,........((.((((.(((....)))))))..))..................((((......)))).,13,-6.564,8,0.001054
115,..(.....)..((((.(((....)))))))..(...)...((.....))...((((......)))).,15,-6.561,4,0.001048
116,..(.....)..((((...........))))......................((((......)))).,9,-6.552,12,0.001033
117,..(.....).....(((....))).....((((.......))))........((((......)))).,12,-6.55,28,0.001028
118,.....(..((.((((..((....)).))))..))..)...((.....))...((((......)))).,15,-6.542,8,0.001016
119,..((....((.((((.(((....)))))))..))))....(((...)))...((((......)))).,18,-6.54,10,0.001012
120,.......(((.(..(((((.....(((.............))).....)))))..).))).......,12,-6.539,37,0.001010
121,..(((......((((.(((....)))))))...)))....(((...)))...((((......)))).,17,-6.526,8,0.000989
122,..(((....(.((((.(((....)))))))..))))....(((...)))...((((......)))).,18,-6.526,10,0.000989
123,..(((...(..((((.(((....))))))).).)))....(((...)))...((((......)))).,18,-6.522,10,0.000982
124,...........((((.(((....)))))))......................(((........))).,10,-6.52,6,0.000979
125,...........((((...........))))..(...)...((.....))...((((......)))).,11,-6.502,8,0.000949
126,......(.((.((((..((....)).))))..))..)...((.....))...((((......)))).,15,-6.5,8,0.000946
127,...........((((..((....)).))))..(...)...(((...)))...((((......)))).,14,-6.496,6,0.000939
128,...........((((..(......).))))..........((.....))...((((......)))).,11,-6.492,4,0.000933
129,.......(((.((.(((((..((....(((.........))).))...))))).)).))).......,15,-6.49,41,0.000930
130,..((...))..((((.(((....)))))))..(...)...((.....))...((((......)))).,16,-6.489,6,0.000929
131,...........((((..((....)).)))).......((.....))......((((......)))).,12,-6.487,10,0.000926
132,.......(((.((..((((........(((.........)))......))))..)).))).......,12,-6.486,37,0.000924
133,..((...))..((((...........))))......................((((......)))).,10,-6.481,14,0.000916
134,..((...)).....(((....))).....((((.......))))........((((......)))).,13,-6.478,30,0.000912
135,......((((.((((.(((....)))))))....(((..((..((.....))..)).)))..)))).,18,-6.474,27,0.000906
136,.......(((.(......).)))......((((.......))))........((((......)))).,12,-6.47,29,0.000900
137,........((.((((..((....)).))))..))......((.....))...((((......)))).,14,-6.462,6,0.000888
138,.......(((.((....)).)))......((((.......))))........((((......)))).,13,-6.462,29,0.000887
139,...........((((.(((....)))))))..(.......)...........((((......)))).,12,-6.455,5,0.000876
140,.......(((.(..(((((...(.....)((((.......))))....)))))..).))).......,14,-6.447,42,0.000865
141,..............((......)).....((((.......))))........((((......)))).,10,-6.443,25,0.000859
142,.........(...((((....)))).)..((((.......))))........((((......)))).,13,-6.435,27,0.000847
143,...(...)...((((.(((....)))))))..........(((...)))...((((......)))).,15,-6.429,4,0.000839
144,..(.....)..((((.(((....)))))))....(.....)...........((((......)))).,13,-6.429,7,0.000838
145,.......(((.(..(((((.............................)))))..).))).......,9,-6.427,36,0.000836
146,...........((((..((....)).))))..........((.....))...(((........))).,11,-6.418,4,0.000824
147,...(...)...((((.(((....)))))))......((....))........((((......)))).,14,-6.408,10,0.000810
148,.....(((((.(..(((((..........((((.......))))....)))))..).)))....)).,15,-6.405,43,0.000806
149,...........((((.(((....)))))))..........(((...)))...(((.((...))))).,15,-6.393,7,0.000790
150,...........((((.(((....)))))))..........(((...)))...((((.(...))))).,15,-6.393,4,0.000790
151,..............(((....)))................((.....))...((((......)))).,9,-6.382,17,0.000775
152,...........(((.............)))..........((.....))...((((......)))).,9,-6.379,8,0.000771
153,...........((((.(((....)))))))..........((.....))....(((......)))..,12,-6.377,2,0.000768
154,...........((((.(((....)))))))......((....))........(((.((...))))).,14,-6.373,13,0.000763
155,...........((((.(((....)))))))......((....))........((((.(...))))).,14,-6.373,10,0.000763
156,...........((((...........))))....(.....)...........((((......)))).,9,-6.37,11,0.000760
157,.........(.((((...........))))..)...................((((......)))).,9,-6.362,12,0.000749
158,..((...))..((((.(((....)))))))....(.....)...........((((......)))).,14,-6.357,9,0.000743
159,..(.....)..(((..(((....))).)))..........((.....))...((((......)))).,13,-6.356,4,0.000742
160,....((..((.((((.(((....)))))))..))..))..(((...)))...((((......)))).,18,-6.341,10,0.000723
161,...........((((((....))))...))......................((((......)))).,10,-6.335,17,0.000716
162,...........((((..((....)).)))).............((.....))((((......)))).,12,-6.332,10,0.000713
163,..(.....)..((((.(((....)))))))..(...)...(((...)))...((((......)))).,16,-6.322,6,0.000700
164,...........((((((....)))...)))......................((((......)))).,10,-6.321,15,0.000700
165,.....(....)((((.(((....)))))))..........((.....))...((((......)))).,14,-6.321,2,0.000699
166,..(.....)..((((.((......))))))..........((.....))...((((......)))).,13,-6.318,4,0.000696
167,...((..(((.(..(((((..........((((.......))))....)))))..).))).))....,15,-6.316,44,0.000693
168,..(.....)..((((.(((....))))))).......((.....))......((((......)))).,14,-6.313,10,0.000690
169,.....(..((.((((...........))))..))..)...((.....))...((((......)))).,13,-6.31,12,0.000686
170,...........((((.(((....))))))).((.......))..........((((......)))).,13,-6.306,6,0.000682
171,.....(..((.((((..((....)).))))..))..)...(((...)))...((((......)))).,16,-6.304,10,0.000679
172,.......(((.(..(((((...(...)..((((.......))))....)))))..).))).......,14,-6.299,42,0.000673
173,..((...))..(((..(((....))).)))..........((.....))...((((......)))).,14,-6.285,6,0.000658
174,...........((((.(((....))))))).......(....).........((((......)))).,12,-6.281,6,0.000653
175,......(.((.((((...........))))..))..)...((.....))...((((......)))).,13,-6.267,12,0.000639
176,...((.....))..(((....))).....((((.......))))........((((......)))).,13,-6.263,29,0.000634
177,...........((((...........))))..(...)...(((...)))...((((......)))).,12,-6.263,10,0.000634
178,.......(((.((.(((((........(((..(...)..)))......))))).)).))).......,14,-6.262,39,0.000633
179,......(.((.((((..((....)).))))..))..)...(((...)))...((((......)))).,16,-6.261,10,0.000632
180,.............((((....))))..(((.........)))..........((((......)))).,11,-6.261,22,0.000632
181,...........((((...........)))).......((.....))......((((......)))).,10,-6.255,14,0.000625
182,...........((((..(......).))))..........(((...)))...((((......)))).,12,-6.253,6,0.000624
183,..((...))..((((.(((....)))))))..(...)...(((...)))...((((......)))).,17,-6.25,8,0.000621
184,..((...))..((((.((......))))))..........((.....))...((((......)))).,14,-6.247,6,0.000617
185,..(.....)..((((.(((....)))))))..........((.....))...(((........))).,13,-6.244,4,0.000614
186,............(((((....)))).)..((((.......))))........((((......)))).,13,-6.244,26,0.000614
187,............(((((....))).))..((((.......))))........((((......)))).,13,-6.244,26,0.000614
188,..............(((....))).....(((.........)))........((((......)))).,10,-6.243,25,0.000613
189,..((...))..((((.(((....))))))).......((.....))......((((......)))).,15,-6.242,12,0.000612
190,..........(..(((......))).)..((((.......))))........((((......)))).,12,-6.241,26,0.000611
191,...........((((.(((....)))))))(((.......))).........((((......)))).,14,-6.236,8,0.000605
192,......((((.((((.(((....)))))))....(((..((..(((...)))..)).)))..)))).,19,-6.236,29,0.000605
193,.......(((.((.(((((........(((.........)))......)))))).).))).......,13,-6.233,37,0.000603
194,...........((((..(......).))))......((....))........((((......)))).,11,-6.232,12,0.000602
195,...........((((..((....)).))))......(......)........((((......)))).,11,-6.23,8,0.000600
196,........((.((((...........))))..))......((.....))...((((......)))).,12,-6.23,10,0.000599
197,.......(((.((..((((..........((((.......))))....))))..)).))).......,13,-6.229,41,0.000598
198,........((.((((..((....)).))))..))......(((...)))...((((......)))).,15,-6.224,8,0.000593
199,.......(((.(..(((((..(.....(((.........)))...)..)))))..).))).......,13,-6.218,39,0.000588
200,..((....((.((((.(((....)))))))..))))................((((......)))).,15,-6.217,12,0.000586
201,...........((((((....))...))))..........((.....))...((((......)))).,12,-6.207,9,0.000577
202,..(((......((((.(((....)))))))...)))................((((......)))).,14,-6.203,10,0.000573
203,..(((....(.((((.(((....)))))))..))))................((((......)))).,15,-6.203,12,0.000573
204,..........((((.....)).)).....((((.......))))........((((......)))).,12,-6.203,27,0.000573
205,........((.((((..((....)).))))..))..((....))........((((......)))).,14,-6.203,14,0.000573
206,.......(.(.((((.(((....)))))))....).)...((.....))...((((......)))).,15,-6.199,4,0.000569
207,..(((...(..((((.(((....))))))).).)))................((((......)))).,15,-6.199,12,0.000569
208,........((...((((....)))).)).((((.......))))........((((......)))).,14,-6.192,28,0.000562
209,...........((((...........))))..........((.....))...(((........))).,9,-6.186,8,0.000557
210,.......(((.((.(((((.....((.(((.........)))..))..))))).)).))).......,15,-6.186,39,0.000556
211,..........(..((((....)))).).............((.....))...((((......)))).,11,-6.18,18,0.000551
212,...........((((..((....)).))))..........(((...)))...(((........))).,12,-6.18,6,0.000551
213,..((...))..((((.(((....)))))))..........((.....))...(((........))).,14,-6.173,6,0.000545
214,...........((((..((....)).))))..(...)...............((((......)))).,11,-6.173,8,0.000544
215,...((........((((....))))))..((((.......))))........((((......)))).,14,-6.171,28,0.000543
216,.........(.(((..(((....))).)))..).......((.....))...((((......)))).,13,-6.166,4,0.000538
217,...........((((..((....)).))))......(...........)...((((......)))).,11,-6.161,7,0.000534
218,...........((((..((....)).))))......((....))........(((........))).,11,-6.159,12,0.000532
219,..(.....)..((((.(((....))))))).............((.....))((((......)))).,14,-6.158,10,0.000531
220,..............(((....)))................(((...)))...((((......)))).,10,-6.143,19,0.000518
221,...........(((.............)))..........(((...)))...((((......)))).,10,-6.14,10,0.000515
222,...........((((.(((....)))))))..........(((...)))....(((......)))..,13,-6.138,4,0.000513
223,...........((((.(((....)))))))...(..((....)).)......((((......)))).,14,-6.132,10,0.000508
224,.........(.((((.((......))))))..).......((.....))...((((......)))).,13,-6.127,4,0.000504
225,.......(((.(..(((((.........((.........)).......)))))..).))).......,11,-6.124,37,0.000501
226,.........(.((((.(((....)))))))..)....((.....))......((((......)))).,14,-6.123,10,0.000500
227,..............(((....)))............((....))........((((......)))).,9,-6.122,25,0.000500
228,...........(((.............)))......((....))........((((......)))).,9,-6.119,16,0.000497
229,......((((.((((.(((....)))))))....(((....................)))..)))).,14,-6.119,22,0.000497
230,..(.....)..(((..(((....))).)))..........(((...)))...((((......)))).,14,-6.117,6,0.000496
231,...........((((.(((....)))))))......((....)).........(((......)))..,12,-6.117,10,0.000496
232,..((....((.((((..((....)).))))..))))....((.....))...((((......)))).,16,-6.115,10,0.000494
233,...(...)...((((.(((....)))))))......................((((......)))).,12,-6.106,6,0.000486
234,..(((......((((..((....)).))))...)))....((.....))...((((......)))).,15,-6.102,8,0.000483
235,..(((....(.((((..((....)).))))..))))....((.....))...((((......)))).,16,-6.101,10,0.000483
236,...........((((...........)))).............((.....))((((......)))).,10,-6.1,14,0.000481
237,..(((...(..((((..((....)).)))).).)))....((.....))...((((......)))).,16,-6.097,10,0.000479
238,..(.....)..(((..(((....))).)))......((....))........((((......)))).,13,-6.097,12,0.000479
239,...........((((..((....)).)))).............(((...)))((((......)))).,13,-6.094,12,0.000476
240,...((..(((..........)))..))..((((.......))))........((((......)))).,13,-6.09,31,0.000473
241,..((...))..((((.(((....))))))).............((.....))((((......)))).,15,-6.087,12,0.000471
242,.....(....)((((.(((....)))))))..........(((...)))...((((......)))).,15,-6.082,4,0.000467
243,..(.....)..((((.((......))))))..........(((...)))...((((......)))).,14,-6.079,6,0.000465
244,.....(..((.((((...........))))..))..)...(((...)))...((((......)))).,14,-6.071,14,0.000458
245,...........((((.(((....)))))))......................(((.((...))))).,12,-6.07,9,0.000458
246,...........((((.(((....)))))))......................((((.(...))))).,12,-6.07,6,0.000458
247,.....(((((.((.(((((........(((.........)))......))))).)).)))....)).,15,-6.069,39,0.000457
248,.......(((.(..(((((.....(..(((.........)))..)...)))))..).))).......,13,-6.068,38,0.000456
249,.......(((.(..(((((..((.(((.............)))))...)))))..).))).......,14,-6.065,41,0.000454
250,.....(....)((((.(((....)))))))......((....))........((((......)))).,14,-6.062,10,0.000451
251,..(.....)..((((((....))))...))..........((.....))...((((......)))).,13,-6.059,15,0.000449
252,..(.....)..((((.((......))))))......((....))........((((......)))).,13,-6.058,12,0.000449
253,.......(((.((.(((((..........(((.........)))....))))).)).))).......,13,-6.058,40,0.000449
254,..(.....)..((((.(((....)))))))......(......)........((((......)))).,13,-6.056,8,0.000447
255,.........(.((((.(((....)))))))..).......((.....))...(((........))).,13,-6.054,4,0.000446
256,...........((((..((....)).)))).....((...........))..((((......)))).,12,-6.053,9,0.000445
257,..((...))..(((..(((....))).)))..........(((...)))...((((......)))).,15,-6.046,8,0.000440
258,..(.....)..((((((....)))...)))..........((.....))...((((......)))).,13,-6.045,13,0.000439
259,...........((((.(((....)))))))...((.....)).((.....))((((......)))).,15,-6.042,10,0.000436
260,..........(..((((....)))).)..(((.........)))........((((......)))).,12,-6.041,26,0.000436
261,..........((..........)).....((((.......))))........((((......)))).,10,-6.033,25,0.000430
262,.......(((.((((.(((....)))))))..))..)...((.....))...((((......)))).,16,-6.03,6,0.000428
263,......(.((.((((...........))))..))..)...(((...)))...((((......)))).,14,-6.029,14,0.000427
264,.............((((....))))...((.........))...........((((......)))).,10,-6.029,22,0.000427
265,..((...))..(((..(((....))).)))......((....))........((((......)))).,14,-6.025,14,0.000425
266,....((..((.((((.(((....)))))))..))..))..............((((......)))).,15,-6.018,12,0.000419
267,..(.....).....(((....)))...(((.........)))..........((((......)))).,11,-6.008,24,0.000412
268,..((...))..((((.((......))))))..........(((...)))...((((......)))).,15,-6.008,8,0.000412
269,..(.....)..((((.(((....)))))))..........(((...)))...(((........))).,14,-6.006,6,0.000411
270,...(...)...((((..((....)).))))..........((.....))...((((......)))).,13,-6.004,4,0.000410
271,..(.....)..((((.(((....)))))))..(...)...............((((......)))).,13,-5.999,8,0.000406
272,...........((((...........))))......(......)........((((......)))).,9,-5.998,12,0.000405
273,..(.....)..((((..((....)).))))...((.....))..........((((......)))).,13,-5.997,10,0.000405
274,........((.((((...........))))..))......(((...)))...((((......)))).,13,-5.991,12,0.000401
275,..((...))..((((((....))))...))..........((.....))...((((......)))).,14,-5.988,17,0.000398
276,...........((((.(((....))))))).......(.......)......((((......)))).,12,-5.988,6,0.000398
277,..(.....)..((((.(((....)))))))......(...........)...((((......)))).,13,-5.987,7,0.000398
278,..((...))..((((.((......))))))......((....))........((((......)))).,14,-5.987,14,0.000398
279,...(((............)))........((((.......))))........((((......)))).,11,-5.986,28,0.000397
280,..(.....)..((((.(((....)))))))......((....))........(((........))).,13,-5.985,12,0.000396
281,..((...))..((((.(((....)))))))......(......)........((((......)))).,14,-5.985,10,0.000396
282,.....(..((.((((..((....)).))))..))..)...............((((......)))).,13,-5.98,12,0.000393
283,...((..(((.((.(((((........(((.........)))......))))).)).))).))....,15,-5.979,40,0.000393
284,.....(...).((((.(((....)))))))..........((.....))...((((......)))).,14,-5.978,2,0.000392
285,.....(....)...(((....))).....((((.......))))........((((......)))).,12,-5.978,28,0.000392
286,...((.....)).((((....))))....((((.......))))........((((......)))).,14,-5.977,29,0.000391
287,...........((((.(((....)))))))....(.....)..((.....))((((......)))).,14,-5.976,9,0.000391
288,.......(((.((.(((((..........((((.......))))....)))))).).))).......,14,-5.976,41,0.000390
289,...........((((.(((....)))))))..........((.....))...((..((...)).)).,13,-5.974,7,0.000389
290,..((...))..((((((....)))...)))..........((.....))...((((......)))).,14,-5.974,15,0.000389
291,........((.((((...........))))..))..((....))........((((......)))).,12,-5.97,18,0.000387
292,...........((((..((....)).))))..........((.....))...(((.((...))))).,13,-5.968,7,0.000386
293,...........((((..((....)).))))..........((.....))...((((.(...))))).,13,-5.968,4,0.000386
294,...........((((((....))...))))..........(((...)))...((((......)))).,13,-5.968,11,0.000385
295,.........(.((((.(((....)))))))..)..........((.....))((((......)))).,14,-5.968,10,0.000385
296,..(.....)....((((....))))....((((.......))))........((((......)))).,13,-5.965,28,0.000383
297,...........((((..((....)).))))..........(.......)...((((......)))).,11,-5.963,4,0.000382
298,.......(.(.((((.(((....)))))))....).)...(((...)))...((((......)))).,16,-5.96,6,0.000380
299,...........(((((......)))...))..........((.....))...((((......)))).,11,-5.953,12,0.000375
300,...........((((((....))...))))......((....))........((((......)))).,12,-5.947,17,0.000372
301,...........((((...........))))..........(((...)))...(((........))).,10,-5.947,10,0.000372
302,.......(((.((.(((((.....(((.............))).....))))).)).))).......,13,-5.945,37,0.000371
303,..........(..((((....)))).).............(((...)))...((((......)))).,12,-5.941,20,0.000368
304,...........((((...........))))..(...)...............((((......)))).,9,-5.94,12,0.000368
305,...........(((((......))...)))..........((.....))...((((......)))).,11,-5.939,10,0.000367
306,......(.((.((((..((....)).))))..))..)...............((((......)))).,13,-5.938,12,0.000366
307,..((...)).....(((....)))...(((.........)))..........((((......)))).,12,-5.937,26,0.000365
308,..((...))..((((.(((....)))))))..........(((...)))...(((........))).,15,-5.934,8,0.000364
309,...........((((..(......).))))......................((((......)))).,9,-5.93,8,0.000361
310,.......(((.(......).)))....(((.........)))..........((((......)))).,11,-5.929,25,0.000361
311,...........((((...........))))......(...........)...((((......)))).,9,-5.929,11,0.000361
312,..((...))..((((.(((....)))))))..(...)...............((((......)))).,14,-5.927,10,0.000360
313,.........(.(((..(((....))).)))..).......(((...)))...((((......)))).,14,-5.927,6,0.000360
314,...........((((...........))))......((....))........(((........))).,9,-5.926,16,0.000359
315,..((...))..((((..((....)).))))...((.....))..........((((......)))).,14,-5.926,12,0.000359
316,..........(..((((....)))).).........((....))........((((......)))).,11,-5.921,26,0.000356
317,.......(((.((....)).)))....(((.........)))..........((((......)))).,12,-5.921,25,0.000356
318,..(.....)..((((.(((....))))))).............(((...)))((((......)))).,15,-5.92,12,0.000355
319,....((..((.((((..((....)).))))..))..))..((.....))...((((......)))).,16,-5.916,10,0.000353
320,..((...))..((((.(((....)))))))......(...........)...((((......)))).,14,-5.916,9,0.000353
321,..((...))..((((.(((....)))))))......((....))........(((........))).,14,-5.914,14,0.000352
322,.........(.(((..(((....))).)))..)...((....))........((((......)))).,13,-5.906,12,0.000347
323,...........((((.(((....)))))))..............(.....).((((......)))).,12,-5.904,6,0.000346
324,......((((.((((.(((....)))))))....(((......((.....)).....)))..)))).,16,-5.902,26,0.000345
325,....((((((.(..(((((........(((.........)))......)))))..).)))....))),15,-5.902,41,0.000344
326,..............((......))...(((.........)))..........((((......)))).,9,-5.902,21,0.000344
327,........((.((((..((....)).))))..))..................((((......)))).,12,-5.901,10,0.000344
328,..(.....)..((((..((....)).))))..(...)...((.....))...((((......)))).,14,-5.897,6,0.000342
329,..((...))....((((....))))....((((.......))))........((((......)))).,14,-5.893,30,0.000340
330,.........(.((((.((......))))))..).......(((...)))...((((......)))).,14,-5.889,6,0.000337
331,...........((((.(((....)))))))....((..............))((((......)))).,13,-5.889,8,0.000337
332,.......(((.(..(((((..((....(((..(...)..))).))...)))))..).))).......,15,-5.886,43,0.000335
333,..((....((.((((...........))))..))))....((.....))...((((......)))).,14,-5.882,14,0.000333
334,.......(((.(..(((((......(.(((.........)))).....)))))..).))).......,13,-5.881,38,0.000333
335,..........((.((.....)))).....((((.......))))........((((......)))).,12,-5.88,27,0.000332
336,..............(((....)))..((.......))...((.....))...((((......)))).,11,-5.879,19,0.000332
337,..(.....)..((((.(((....))))))).....((...........))..((((......)))).,14,-5.879,9,0.000332
338,..((....((.((((..((....)).))))..))))....(((...)))...((((......)))).,17,-5.876,12,0.000330
339,..(((......((((...........))))...)))....((.....))...((((......)))).,13,-5.869,12,0.000326
340,..(((....(.((((...........))))..))))....((.....))...((((......)))).,14,-5.869,14,0.000326
341,.........(.((((((....))))...))..).......((.....))...((((......)))).,13,-5.868,15,0.000326
342,.........(.((((.((......))))))..)...((....))........((((......)))).,13,-5.868,12,0.000325
343,...((..(((.(......).)))..)).............((.....))...((((......)))).,12,-5.866,22,0.000325
344,.........(.((((.(((....)))))))..)...(......)........((((......)))).,13,-5.866,8,0.000324
345,..(((...(..((((...........)))).).)))....((.....))...((((......)))).,14,-5.864,14,0.000324
346,..(((......((((..((....)).))))...)))....(((...)))...((((......)))).,16,-5.863,10,0.000323
347,..(((....(.((((..((....)).))))..))))....(((...)))...((((......)))).,17,-5.863,12,0.000323
348,...........((((...........)))).............(((...)))((((......)))).,11,-5.861,16,0.000322
349,...((..(((.((....)).)))..)).............((.....))...((((......)))).,13,-5.858,22,0.000320
350,..(((...(..((((..((....)).)))).).)))....(((...)))...((((......)))).,17,-5.858,12,0.000320
351,.............(((......)))....((((.......))))........((((......)))).,11,-5.858,25,0.000320
352,...........((((..((....)).))))......................(((........))).,9,-5.857,8,0.000319
353,.........(.((((((....)))...)))..).......((.....))...((((......)))).,13,-5.855,13,0.000318
354,.......(((.((.(((((...(.....)((((.......))))....))))).)).))).......,15,-5.853,42,0.000317
355,..((...))..((((.(((....))))))).............(((...)))((((......)))).,16,-5.848,14,0.000315
356,...........(((..(((....))).)))...((.....))..........((((......)))).,12,-5.844,8,0.000313
357,.......(((.((.(((((.............................))))).)).))).......,10,-5.833,36,0.000307
358,..((...))..((((..((....)).))))..(...)...((.....))...((((......)))).,15,-5.825,8,0.000303
359,...........((((...........)))).....((...........))..((((......)))).,10,-5.82,13,0.000300
360,..(.....)..((((((....))))...))..........(((...)))...((((......)))).,14,-5.82,17,0.000300
361,..............(((....)))............................((((......)))).,7,-5.82,21,0.000300
362,...........(((.............)))......................((((......)))).,7,-5.817,12,0.000299
363,.........(.((((.(((....)))))))..).......(((...)))...(((........))).,14,-5.815,6,0.000298
364,...........((((.(((....))))))).......................(((......)))..,10,-5.815,6,0.000298
365,.....(((((.((.(((((..........((((.......))))....))))).)).)))....)).,16,-5.811,43,0.000296
366,......((((.((((..((....)).))))....(((..((..((.....))..)).)))..)))).,17,-5.811,29,0.000295
367,..((...))..((((.(((....))))))).....((...........))..((((......)))).,15,-5.808,11,0.000294
368,..(.....)..((((((....)))...)))..........(((...)))...((((......)))).,14,-5.807,15,0.000293
369,...........((((.((......))))))...((.....))..........((((......)))).,12,-5.806,8,0.000293
370,..(.....).(..((((....)))).)..((((.......))))........((((......)))).,14,-5.805,29,0.000293
371,...........((((.(((....)))))))...((.....)).(((...)))((((......)))).,16,-5.803,12,0.000292
372,..(.....)..((((((....))))...))......((....))........((((......)))).,13,-5.799,23,0.000290
373,.............((((....))))...............((.....))...((((......)))).,10,-5.797,17,0.000289
374,.........(.((((.(((....)))))))..)...(...........)...((((......)))).,13,-5.797,7,0.000289
375,..(.....)..((((.(((....)))))))..........((.....))...(((.((...))))).,15,-5.794,7,0.000287
376,..(.....)..((((.(((....)))))))..........((.....))...((((.(...))))).,15,-5.794,4,0.000287
377,.........(.((((.(((....)))))))..)...((....))........(((........))).,13,-5.794,12,0.000287
378,..(.....)..(((..(((....))).)))......................((((......)))).,11,-5.794,8,0.000287
379,...........((((..((....)).))))..(.......)...........((((......)))).,11,-5.791,7,0.000286
380,.......(((.((((.(((....)))))))..))..)...(((...)))...((((......)))).,17,-5.791,8,0.000286
381,..(.....)..((((.(((....)))))))..........(.......)...((((......)))).,13,-5.789,4,0.000285
382,..(.....)..((((((....)))...)))......((....))........((((......)))).,13,-5.786,21,0.000283
383,..(.....).....(((....)))....((.........))...........((((......)))).,10,-5.776,24,0.000279
384,....................(((...........)))...((.....))...((((......)))).,9,-5.774,20,0.000278
385,...(...)...((((...........))))..........((.....))...((((......)))).,11,-5.771,8,0.000277
386,...........((.(((....)))....))..........((.....))...((((......)))).,11,-5.769,13,0.000276
387,...........((((.(((....)))))))..........((.....))...((..........)).,11,-5.768,4,0.000275
388,...(...)...((((..((....)).))))..........(((...)))...((((......)))).,14,-5.765,6,0.000274
389,..(.....)..((((..((....)).))))....(.....)...........((((......)))).,12,-5.765,9,0.000273
390,..(.....)..((((...........))))...((.....))..........((((......)))).,11,-5.764,14,0.000273
391,.......(((.(..(((((..(..(((.............)))..)..)))))..).))).......,13,-5.764,39,0.000273
392,...........((((.(.....)...))))..........((.....))...((((......)))).,11,-5.759,7,0.000271
393,.....(....)((((.(((....)))))))......................((((......)))).,12,-5.759,6,0.000271
394,..(.....)..((((.((......))))))......................((((......)))).,11,-5.756,8,0.000269
395,..............(((....)))...(.((((.......)))).)......((((......)))).,12,-5.754,27,0.000268
396,...........((((.(((....)))))))..........((.....))..((........))....,11,-5.753,10,0.000268
397,..((...))..((((((....))))...))..........(((...)))...((((......)))).,15,-5.749,19,0.000266
398,.....(..((.((((...........))))..))..)...............((((......)))).,11,-5.748,16,0.000266
399,...(...)...((((..((....)).))))......((....))........((((......)))).,13,-5.745,12,0.000264
400,...........(((..(((....))).)))..(...)...((.....))...((((......)))).,13,-5.744,4,0.000264
401,...........((((.(.......).))))..........((.....))...((((......)))).,11,-5.744,6,0.000264
402,...........((((.(((....)))))))..........((.....))...(((.(.....)))).,13,-5.742,3,0.000263
403,.....(...).((((.(((....)))))))..........(((...)))...((((......)))).,15,-5.74,4,0.000262
404,...........((((.(((....)))))))....(.....)..(((...)))((((......)))).,15,-5.737,11,0.000261
405,...........((((...........))))..........((.....))...(((.((...))))).,11,-5.736,11,0.000260
406,...........((((...........))))..........((.....))...((((.(...))))).,11,-5.736,8,0.000260
407,...........((((.(((....)))))))....(((..((..((.....))..)).))).......,14,-5.736,23,0.000260
408,...........((((.(((....)))))))..........(((...)))...((..((...)).)).,14,-5.735,9,0.000260
409,..((...))..((((((....)))...)))..........(((...)))...((((......)))).,15,-5.735,17,0.000260
410,..((...)).(..((((....)))).)..((((.......))))........((((......)))).,15,-5.734,31,0.000260
411,...........((((.(((....)))))))...((.....))..........(((........))).,12,-5.732,8,0.000259
412,...........((((...........))))..........(.......)...((((......)))).,9,-5.73,8,0.000258
413,...........((((..((....)).))))..........(((...)))...(((.((...))))).,14,-5.73,9,0.000258
414,...........((((..((....)).))))..........(((...)))...((((.(...))))).,14,-5.73,6,0.000258
415,.........(.((((.(((....)))))))..)..........(((...)))((((......)))).,15,-5.729,12,0.000257
416,..((...))..((((((....))))...))......((....))........((((......)))).,14,-5.728,25,0.000257
417,..(((........((((....))))........)))....((.....))...((((......)))).,13,-5.728,23,0.000257
418,...((..(((.(......).)))..))..(((.........)))........((((......)))).,13,-5.727,30,0.000257
419,..((...))..((((.(((....)))))))..........((.....))...(((.((...))))).,16,-5.723,9,0.000255
420,..((...))..((((.(((....)))))))..........((.....))...((((.(...))))).,16,-5.723,6,0.000255
421,..((...))..(((..(((....))).)))......................((((......)))).,12,-5.723,10,0.000255
422,...((..(((.((.(((((..........((((.......))))....))))).)).))).))....,16,-5.722,44,0.000254
423,...((.....))..(((....)))...(((.........)))..........((((......)))).,12,-5.721,25,0.000254
424,............(((.(((....))))))((((.......))))........((((......)))).,14,-5.72,11,0.000254
425,...((..(((.((....)).)))..))..(((.........)))........((((......)))).,14,-5.719,30,0.000253
426,.....(...).((((.(((....)))))))......((....))........((((......)))).,14,-5.719,10,0.000253
427,.......(((.(..(((((........((...........))......)))))..).))).......,11,-5.718,36,0.000253
428,..((...))..((((.(((....)))))))..........(.......)...((((......)))).,14,-5.718,6,0.000253
429,...........((((.(((....)))))))......((....))........((..((...)).)).,13,-5.715,15,0.000251
430,..((...))..((((((....)))...)))......((....))........((((......)))).,14,-5.715,23,0.000251
431,...........(((((......)))...))..........(((...)))...((((......)))).,12,-5.714,14,0.000251
432,...........((((..((....)).))))..........((.....))....(((......)))..,11,-5.713,4,0.000251
433,......((((.((((.(((....)))))))....(((..(...............).)))..)))).,15,-5.71,23,0.000249
434,..............(((....)))....((.....))...((.....))...((((......)))).,11,-5.709,19,0.000249
435,...........((((..((....)).))))......((....))........(((.((...))))).,13,-5.709,15,0.000249
436,...........((((..((....)).))))......((....))........((((.(...))))).,13,-5.709,12,0.000249
437,...........((((.((......))))))..(...)...((.....))...((((......)))).,13,-5.706,4,0.000247
438,......(.((.((((...........))))..))..)...............((((......)))).,11,-5.706,16,0.000247
439,.......(((.((.(((((...(...)..((((.......))))....))))).)).))).......,15,-5.705,42,0.000247
440,..((...)).....(((....)))....((.........))...........((((......)))).,11,-5.705,26,0.000247
441,...........(((((......))...)))..........(((...)))...((((......)))).,12,-5.7,12,0.000245
442,.......(((.(......).))).....((.........))...........((((......)))).,10,-5.697,25,0.000244
443,..((...))..((((..((....)).))))....(.....)...........((((......)))).,13,-5.694,11,0.000242
444,..........(((((.(((....)))))))..).......((.....))...((((......)))).,14,-5.694,2,0.000242
445,...........(((((......)))...))......((....))........((((......)))).,11,-5.693,20,0.000242
446,..((...))..((((...........))))...((.....))..........((((......)))).,12,-5.693,16,0.000242
447,.....(((((.(..(((((..((....(((.........))).))...)))))..).)))....)).,16,-5.692,43,0.000242
448,.......(((..........)))......((((.......))))........((((......)))).,11,-5.689,29,0.000240
449,.......(((.((....)).))).....((.........))...........((((......)))).,11,-5.689,25,0.000240
450,.........(.((((.(((....)))))))..)..((...........))..((((......)))).,14,-5.688,9,0.000240
451,......((((.((((.(((....)))))))....(((..(...((.....))...).)))..)))).,17,-5.686,27,0.000239
452,..((...))..((((.((......))))))......................((((......)))).,12,-5.685,10,0.000239
453,....((..((.((((...........))))..))..))..((.....))...((((......)))).,14,-5.683,14,0.000238
454,..(.....)..((((.(((....)))))))......................(((........))).,11,-5.682,8,0.000238
455,...........(((((......))...)))......((....))........((((......)))).,11,-5.68,18,0.000237
456,....((..((.((((..((....)).))))..))..))..(((...)))...((((......)))).,17,-5.677,12,0.000236
457,..............((......))....((.........))...........((((......)))).,8,-5.669,21,0.000233
458,........((.((((...........))))..))..................((((......)))).,10,-5.668,14,0.000232
459,...........((((.(((....)))))))..............((...)).((((......)))).,13,-5.665,8,0.000231
460,..(.....)..((((...........))))..(...)...((.....))...((((......)))).,12,-5.664,10,0.000231
461,..(.....)(.((((.(((....)))))))..).......((.....))...((((......)))).,15,-5.664,4,0.000231
462,......((((.((((.(((....)))))))....(((......(((...))).....)))..)))).,17,-5.663,28,0.000230
463,..........((((.....)).))...(((.........)))..........((((......)))).,11,-5.661,23,0.000230
464,...........((((.(((....)))))))..........((.....))..((...)).........,11,-5.66,11,0.000229
465,.............((((....))))....(((.........)))........((((......)))).,11,-5.658,25,0.000228
466,..(.....)..((((..((....)).))))..(...)...(((...)))...((((......)))).,15,-5.658,8,0.000228
467,.....(....)((((..((....)).))))..........((.....))...((((......)))).,13,-5.657,4,0.000228
468,.......(((.(..(((((...........(((.......))).....)))))..).))).......,12,-5.654,40,0.000227
469,..(.....)..((((..(......).))))..........((.....))...((((......)))).,12,-5.654,6,0.000227
470,...(...(((.(..(((((........(((.........)))......)))))..).)))..)....,13,-5.651,38,0.000226
471,......((((((..(((((........(((.........)))......)))))...))....)))).,14,-5.65,38,0.000225
472,..(.....)..((((..((....)).)))).......((.....))......((((......)))).,13,-5.649,12,0.000225
473,...........((((.(((....)))))))..........((.....)).......((...))....,11,-5.648,11,0.000225
474,..............(((....)))...(((..(...)..)))..........((((......)))).,11,-5.648,24,0.000224
475,...........((((((....))...))))......................((((......)))).,10,-5.645,13,0.000223
476,....((((((.(..(((((..........((((.......))))....)))))..).)))....))),16,-5.644,45,0.000223
477,..((....((.((((...........))))..))))....(((...)))...((((......)))).,15,-5.643,16,0.000223
478,...........((((..((....)).)))).((.......))..........((((......)))).,12,-5.643,8,0.000222
479,.........(.((((.(((....)))))))....).....((.....))...((((......)))).,14,-5.641,2,0.000222
480,..............(((....)))..((.......))...(((...)))...((((......)))).,12,-5.641,21,0.000222
481,.......(.(.((((.(((....)))))))....).)...............((((......)))).,13,-5.637,8,0.000221
482,...........((((.(((....)))))))..(...)...((.....))...(((........))).,13,-5.632,4,0.000219
483,..(((......((((...........))))...)))....(((...)))...((((......)))).,14,-5.63,14,0.000218
484,..(((....(.((((...........))))..))))....(((...)))...((((......)))).,15,-5.63,16,0.000218
485,.........(.((((((....))))...))..).......(((...)))...((((......)))).,14,-5.63,17,0.000218
486,...((..(((.(......).)))..)).............(((...)))...((((......)))).,13,-5.627,24,0.000217
487,..(((...(..((((...........)))).).)))....(((...)))...((((......)))).,15,-5.626,16,0.000216
488,.......(((.((.(((((..(.....(((.........)))...)..))))).)).))).......,14,-5.624,39,0.000216
489,...........((((.(((....)))))))........(.....).......((((......)))).,12,-5.624,6,0.000216
490,...........((((...........))))......................(((........))).,7,-5.624,12,0.000216
491,...........(.((((((.(((......((((.......)))).........))).)).)))).).,14,-5.622,39,0.000215
492,..............(((....))).....((((.......))))........(((........))).,10,-5.621,28,0.000215
493,...((..(((.((....)).)))..)).............(((...)))...((((......)))).,14,-5.619,24,0.000214
494,..........(..((((....)))).).........................((((......)))).,9,-5.618,22,0.000214
495,.......(((.(..(((((.(((...........)))((.....))..)))))..).))).......,14,-5.618,46,0.000214
496,.......(((.(..(((((..((......((((.......))))))..)))))..).))).......,15,-5.617,45,0.000213
497,..(.....)..((((.(((....)))))))..(.......)...........((((......)))).,13,-5.617,7,0.000213
498,...........((((..((....)).)))).......(....).........((((......)))).,11,-5.617,8,0.000213
499,.........(.((((((....)))...)))..).......(((...)))...((((......)))).,14,-5.616,15,0.000213
500,...........(((..(((....))).)))....(.....)...........((((......)))).,11,-5.612,7,0.000211
501,..((...))..((((.(((....)))))))......................(((........))).,12,-5.611,10,0.000211
502,.........(.((((((....))))...))..)...((....))........((((......)))).,13,-5.609,23,0.000210
503,...((..(((.(......).)))..)).........((....))........((((......)))).,12,-5.607,30,0.000209
504,..(.....).....((......)).....((((.......))))........((((......)))).,11,-5.605,27,0.000209
505,.........(.((((.(((....)))))))..).......((.....))...(((.((...))))).,15,-5.604,7,0.000208
506,.........(.((((.(((....)))))))..).......((.....))...((((.(...))))).,15,-5.604,4,0.000208
507,.........(.(((..(((....))).)))..)...................((((......)))).,11,-5.604,8,0.000208
508,...((..(((.(..(((((..((....(((.........))).))...)))))..).))).))....,16,-5.603,44,0.000208
509,...((..(((.((....)).)))..)).........((....))........((((......)))).,13,-5.599,30,0.000207
510,.........(.((((.(((....)))))))..).......(.......)...((((......)))).,13,-5.598,4,0.000206
511,.........(.((((((....)))...)))..)...((....))........((((......)))).,13,-5.595,21,0.000205
512,..((...))..((((...........))))..(...)...((.....))...((((......)))).,13,-5.593,12,0.000205
513,..((...))(.((((.(((....)))))))..).......((.....))...((((......)))).,16,-5.593,6,0.000204
514,.......(((.(..(((((.....((...((((.......))))))..)))))..).))).......,15,-5.591,43,0.000204
515,...........((((.(........)))))..........((.....))...((((......)))).,11,-5.587,4,0.000203
516,..((...))..((((..((....)).))))..(...)...(((...)))...((((......)))).,16,-5.587,10,0.000202
517,..((...))..((((..(......).))))..........((.....))...((((......)))).,13,-5.583,8,0.000201
518,.......(((.(..(((((.....((.(((..(...)..)))..))..)))))..).))).......,15,-5.581,41,0.000201
519,..(.....)..((((..((....)).))))..........((.....))...(((........))).,12,-5.581,6,0.000200
520,..((...))..((((..((....)).)))).......((.....))......((((......)))).,14,-5.578,14,0.000200
521,......((((.((((...........))))....(((..((..((.....))..)).)))..)))).,15,-5.578,33,0.000199
522,...........((((.((......))))))....(.....)...........((((......)))).,11,-5.574,7,0.000198
523,...........((((..((....)).))))(((.......))).........((((......)))).,13,-5.572,10,0.000197
524,......((((.((((..((....)).))))....(((..((..(((...)))..)).)))..)))).,18,-5.572,31,0.000197
525,......((((....(((((........(((.........)))......))))).........)))).,12,-5.569,35,0.000196
526,.........(.((((.((......))))))..)...................((((......)))).,11,-5.565,8,0.000195
527,...........((((...........))))..(.......)...........((((......)))).,9,-5.558,11,0.000193
528,.............((((....))))...............(((...)))...((((......)))).,11,-5.558,19,0.000193
529,..(.....)..((((.(((....)))))))..........(((...)))...(((.((...))))).,16,-5.556,9,0.000192
530,..(.....)..((((.(((....)))))))..........(((...)))...((((.(...))))).,16,-5.556,6,0.000192
531,.......(((.(..(((((.................((....))....)))))..).))).......,11,-5.553,40,0.000191
532,..((....((.((((..((....)).))))..))))................((((......)))).,14,-5.553,14,0.000191
533,.....(..((.(((..(((....))).)))..))..)...((.....))...((((......)))).,15,-5.552,8,0.000191
534,...........((((((....))))...))...((.....))..........((((......)))).,12,-5.547,19,0.000189
535,...........((((.(((....)))))))..(...)......((.....))((((......)))).,14,-5.546,10,0.000189
536,..((...))..((((.(((....)))))))..(.......)...........((((......)))).,14,-5.546,9,0.000189
537,..(.....).....(((....)))................((.....))...((((......)))).,10,-5.544,19,0.000188
538,...........((((.(((....)))))))...(.......)..........((((......)))).,12,-5.542,5,0.000188
539,...........((((.(((....))))))).(...)....((.....))...((((......)))).,14,-5.542,2,0.000188
540,..(.....)..(((.............)))..........((.....))...((((......)))).,10,-5.541,10,0.000187
541,..(((......((((..((....)).))))...)))................((((......)))).,13,-5.54,12,0.000187
542,..(((....(.((((..((....)).))))..))))................((((......)))).,14,-5.539,14,0.000187
543,..(.....)..((((.(((....)))))))..........((.....))....(((......)))..,13,-5.539,4,0.000187
544,.............((((....))))...........((....))........((((......)))).,10,-5.537,25,0.000186
545,.......(.(.((((..((....)).))))....).)...((.....))...((((......)))).,14,-5.535,6,0.000186
546,..(((...(..((((..((....)).)))).).)))................((((......)))).,14,-5.535,14,0.000186
547,....................(((...........)))...(((...)))...((((......)))).,10,-5.535,22,0.000186
548,..(.....)..((((.(((....)))))))......((....))........(((.((...))))).,15,-5.535,15,0.000185
549,..(.....)..((((.(((....)))))))......((....))........((((.(...))))).,15,-5.535,12,0.000185
550,..((...)).....((......)).....((((.......))))........((((......)))).,12,-5.534,29,0.000185
551,...........((((((....)))...)))...((.....))..........((((......)))).,12,-5.533,17,0.000185
552,.......(((.(..(((((........(.((((.......)))).)..)))))..).))).......,14,-5.533,42,0.000185
553,...(...)...((((...........))))..........(((...)))...((((......)))).,12,-5.533,10,0.000185
554,..(.....)..((((...........))))....(.....)...........((((......)))).,10,-5.532,13,0.000185
555,...........((.(((....)))....))..........(((...)))...((((......)))).,12,-5.531,15,0.000184
556,.......(((.((.(((((.........((.........)).......))))).)).))).......,12,-5.53,37,0.000184
557,...........((((.(((....)))))))..........(((...)))...((..........)).,12,-5.529,6,0.000184
558,...........((((.(.....)...))))..........(((...)))...((((......)))).,12,-5.52,9,0.000181
559,.......(((.((..((((..((....(((.........))).))...))))..)).))).......,14,-5.516,41,0.000180
560,...((......((((.(((....))))))).)).......((.....))...((((......)))).,15,-5.514,4,0.000179
561,...........((((.(((....)))))))..........(((...)))..((........))....,12,-5.514,12,0.000179
562,.....(..((.((((.((......))))))..))..)...((.....))...((((......)))).,15,-5.513,8,0.000179
563,...(...)...((((...........))))......((....))........((((......)))).,11,-5.512,16,0.000178
564,...........((.(((....)))....))......((....))........((((......)))).,11,-5.51,21,0.000178
565,......(.((.(((..(((....))).)))..))..)...((.....))...((((......)))).,15,-5.51,8,0.000178
566,..((...))..((((..((....)).))))..........((.....))...(((........))).,13,-5.509,8,0.000178
567,...........((((.(((....)))))))......((....))........((..........)).,11,-5.508,12,0.000177
568,...(....((.((((.(((....)))))))..))).....((.....))...((((......)))).,16,-5.507,6,0.000177
569,...........(((..(((....))).)))..(...)...(((...)))...((((......)))).,14,-5.505,6,0.000176
570,...........((((.(.......).))))..........(((...)))...((((......)))).,12,-5.505,8,0.000176
571,...........((((.(((....)))))))..........(((...)))...(((.(.....)))).,14,-5.503,5,0.000176
572,...........(((..((......)).)))..........((.....))...((((......)))).,11,-5.501,4,0.000175
573,...........((((.(((....)))))))....(.....)...........(((........))).,11,-5.5,7,0.000175
574,...........((((.(.....)...))))......((....))........((((......)))).,11,-5.5,15,0.000175
575,...........((((...........))))..........(((...)))...(((.((...))))).,12,-5.497,13,0.000174
576,...........((((...........))))..........(((...)))...((((.(...))))).,12,-5.497,10,0.000174
577,..(.....)..((((((....))))...))......................((((......)))).,11,-5.497,19,0.000174
578,...........((((.(((....)))))))....(((..((..(((...)))..)).))).......,15,-5.497,25,0.000174
579,...........(((..(((....))).))).......((.....))......((((......)))).,12,-5.497,10,0.000174
580,..(.....)..((((..((....)).)))).............((.....))((((......)))).,13,-5.495,12,0.000173
581,.......(((.(..(((((..((....................))...)))))..).))).......,11,-5.494,40,0.000173
582,...((......((((.(((....)))))))...)).....((.....))...((((......)))).,15,-5.494,4,0.000173
583,...((....(.((((.(((....)))))))..))).....((.....))...((((......)))).,16,-5.494,6,0.000173
584,...........((((.(((....)))))))......((....)).......((........))....,11,-5.493,18,0.000173
585,.........(.((((.(((....)))))))..)...................(((........))).,11,-5.492,8,0.000173
586,..........((..........))...(((.........)))..........((((......)))).,9,-5.492,21,0.000172
587,.........(...(((......))).)..((((.......))))........((((......)))).,12,-5.491,26,0.000172
588,...((.....))..(((....)))....((.........))...........((((......)))).,11,-5.489,25,0.000172
589,...((...(..((((.(((....))))))).).)).....((.....))...((((......)))).,16,-5.489,6,0.000172
590,..(((........((((....))))........)))....(((...)))...((((......)))).,14,-5.489,25,0.000172
591,..((...))..((((.(((....)))))))..........(((...)))...(((.((...))))).,17,-5.484,11,0.000170
592,..((...))..((((.(((....)))))))..........(((...)))...((((.(...))))).,17,-5.484,8,0.000170
593,...........((((.(.......).))))......((....))........((((......)))).,11,-5.484,14,0.000170
594,..(.....)..((((((....)))...)))......................((((......)))).,11,-5.483,17,0.000170
595,...........((((.(((....)))))))......((....))........(((.(.....)))).,13,-5.482,11,0.000170
596,...........((((...........))))..........((.....))....(((......)))..,9,-5.48,8,0.000169
597,...........((((...........))))......((....))........(((.((...))))).,11,-5.476,19,0.000168
598,...........((((...........))))......((....))........((((.(...))))).,11,-5.476,16,0.000168
599,...........((((.(((....)))))))....((....((.....)).))((((......)))).,15,-5.476,4,0.000168
600,.......(((.((.(((((.....(..(((.........)))..)...))))).)).))).......,14,-5.474,38,0.000168
601,...........((((..((....)).))))..........(((...)))....(((......)))..,12,-5.474,6,0.000167
602,..((...)).....(((....)))................((.....))...((((......)))).,11,-5.473,21,0.000167
603,........((.(((..(((....))).)))..))......((.....))...((((......)))).,14,-5.472,6,0.000167
604,.......(((.((.(((((..((.(((.............)))))...))))).)).))).......,15,-5.471,41,0.000167
605,......(.((.((((.((......))))))..))..)...((.....))...((((......)))).,15,-5.471,8,0.000167
606,..............(((....)))....((.....))...(((...)))...((((......)))).,12,-5.47,21,0.000166
607,..((...))..(((.............)))..........((.....))...((((......)))).,11,-5.47,12,0.000166
608,..(.....)..((((.(((....))))))).((.......))..........((((......)))).,14,-5.469,8,0.000166
609,...........((((..((....)).))))...(..((....)).)......((((......)))).,13,-5.468,12,0.000166
610,..((...))..((((.(((....)))))))..........((.....))....(((......)))..,14,-5.468,6,0.000166
611,.......(((.((((.(((....)))))))..))..)...............((((......)))).,14,-5.468,10,0.000166
612,...........((((.((......))))))..(...)...(((...)))...((((......)))).,14,-5.467,6,0.000165
613,.......(((.(......).))).................((.....))...((((......)))).,10,-5.465,20,0.000165
614,.....(((((.(..(((((........(((..(...)..)))......)))))..).)))....)).,15,-5.465,41,0.000165
615,.........(.((((..(......).))))..).......((.....))...((((......)))).,12,-5.464,6,0.000165
616,..((...))..((((.(((....)))))))......((....))........(((.((...))))).,16,-5.464,17,0.000164
617,..((...))..((((.(((....)))))))......((....))........((((.(...))))).,16,-5.464,14,0.000164
618,..((...))..((((...........))))....(.....)...........((((......)))).,11,-5.461,15,0.000164
619,.........(.((((..((....)).))))..)....((.....))......((((......)))).,13,-5.459,12,0.000163
620,...........((((.((......)))))).......((.....))......((((......)))).,12,-5.458,10,0.000163
621,.......(((.((....)).))).................((.....))...((((......)))).,11,-5.457,20,0.000163
622,......((((.((((..((....)).))))....(((....................)))..)))).,13,-5.455,24,0.000162
623,..........(((((.(((....)))))))..).......(((...)))...((((......)))).,15,-5.455,4,0.000162
624,...........((((..((....)).))))......((....)).........(((......)))..,11,-5.454,12,0.000162
625,.......(((.(..(((((..((..((.............)).))...)))))..).))).......,13,-5.447,40,0.000160
626,......((((.((((.(((....)))))))....(((..(...(((...)))...).)))..)))).,18,-5.447,29,0.000160
627,...........((((((....))))...))..(...)...((.....))...((((......)))).,13,-5.447,15,0.000160
628,........((.((((.(((....)))))))..)).((...........))..((((......)))).,15,-5.445,11,0.000160
629,....((..((.((((...........))))..))..))..(((...)))...((((......)))).,15,-5.445,16,0.000159
630,...(((............)))......(((.........)))..........((((......)))).,10,-5.444,24,0.000159
631,..(.....)..((((.(((....))))))).......(....).........((((......)))).,13,-5.443,8,0.000159
632,...(...)...((((..((....)).))))......................((((......)))).,11,-5.442,8,0.000159
633,..........((..(.....).)).....((((.......))))........((((......)))).,11,-5.441,26,0.000158
634,.....(..((.((((.(((....)))))))..))..)...((.....))...(((........))).,15,-5.44,8,0.000158
635,..............((......))................((.....))...((((......)))).,8,-5.438,16,0.000157
636,.....(....)...(((....)))...(((.........)))..........((((......)))).,11,-5.437,24,0.000157
637,...((.....)).((((....))))..(((.........)))..........((((......)))).,13,-5.435,25,0.000157
638,..........(((((.(((....)))))))..)...((....))........((((......)))).,14,-5.434,10,0.000156
639,........((.((((.((......))))))..))......((.....))...((((......)))).,14,-5.433,6,0.000156
640,...........((((((....)))...)))..(...)...((.....))...((((......)))).,13,-5.433,13,0.000156
641,.........(...((((....)))).).............((.....))...((((......)))).,11,-5.43,18,0.000155
642,..........((((.....)).))....((.........))...........((((......)))).,10,-5.429,23,0.000155
643,........((.((((.(((....)))))))..))...((.....))......((((......)))).,15,-5.429,12,0.000155
644,...........(((..(((....))).)))..........((.....))...(((........))).,11,-5.428,4,0.000155
645,..((...))..((((((....))))...))......................((((......)))).,12,-5.426,21,0.000154
646,..(.....)..((((...........))))..(...)...(((...)))...((((......)))).,13,-5.425,12,0.000154
647,..(.....)(.((((.(((....)))))))..).......(((...)))...((((......)))).,16,-5.425,6,0.000154
648,.....(....)((((...........))))..........((.....))...((((......)))).,11,-5.425,8,0.000154
649,..((...))..((((..((....)).)))).............((.....))((((......)))).,14,-5.423,14,0.000154
650,..(.....)....((((....))))..(((.........)))..........((((......)))).,12,-5.423,24,0.000154
651,...........((((.(((....)))))))..........(((...)))..((...)).........,12,-5.421,13,0.000153
652,..........(..((((....)))).)..((((.......))))........(((........))).,12,-5.419,29,0.000153
653,.....(....)((((..((....)).))))..........(((...)))...((((......)))).,14,-5.419,6,0.000152
654,...........((((.(((....)))))))..........((.....))...(((..(...).))).,13,-5.418,4,0.000152
655,..(.....)..((((...........)))).......((.....))......((((......)))).,11,-5.417,16,0.000152
656,.....(...).((((.(((....)))))))......................((((......)))).,12,-5.416,6,0.000152
657,..............(((....)))....((..(...)..))...........((((......)))).,10,-5.416,24,0.000152
658,..(.....)..((((..(......).))))..........(((...)))...((((......)))).,13,-5.415,8,0.000152
659,...........((((.(((....))))))).............((.....)).(((......)))..,12,-5.414,10,0.000151
660,...........((((.(((....)))))))......................((..((...)).)).,11,-5.412,11,0.000151
661,..((...))..((((((....)))...)))......................((((......)))).,12,-5.412,19,0.000151
662,...........((((...........)))).((.......))..........((((......)))).,10,-5.41,12,0.000150
663,...........((((.(((....)))))))..........(((...))).......((...))....,12,-5.409,13,0.000150
664,...........((((..((....)).))))......................(((.((...))))).,11,-5.406,11,0.000149
665,...........((((..((....)).))))......................((((.(...))))).,11,-5.406,8,0.000149
666,..(.....)...(((((....)))).)..((((.......))))........((((......)))).,14,-5.406,28,0.000149
667,..(.....)...(((((....))).))..((((.......))))........((((......)))).,14,-5.406,28,0.000149
668,..(.....).....(((....))).....(((.........)))........((((......)))).,11,-5.405,27,0.000149
669,..(.....)(.((((.(((....)))))))..)...((....))........((((......)))).,15,-5.404,12,0.000149
670,.........(.((((.(((....)))))))....).....(((...)))...((((......)))).,15,-5.402,4,0.000148
671,...........((((.(((....)))))))......((....)).......((...)).........,11,-5.4,19,0.000148
672,..(.....)..((((.(((....)))))))(((.......))).........((((......)))).,15,-5.398,10,0.000147
673,.....(....)((((..((....)).))))......((....))........((((......)))).,13,-5.398,12,0.000147
674,......(.((.((((.(((....)))))))..))..)...((.....))...(((........))).,15,-5.398,8,0.000147
675,..((...))..((((.(((....))))))).((.......))..........((((......)))).,15,-5.397,10,0.000147
676,...........((((.(((....)))))))........(......)......((((......)))).,12,-5.396,6,0.000147
677,..........(..((((....)))).).((.........))...........((((......)))).,11,-5.395,23,0.000147
678,..(.....)..((((..(......).))))......((....))........((((......)))).,12,-5.395,14,0.000146
679,...(...(((.(..(((((..........((((.......))))....)))))..).)))..)....,14,-5.393,42,0.000146
680,...........((((.(((....)))))))..(...)...(((...)))...(((........))).,14,-5.393,6,0.000146
681,.....(....)..((((....))))....((((.......))))........((((......)))).,13,-5.393,28,0.000146
682,......((((((..(((((..........((((.......))))....)))))...))....)))).,15,-5.393,42,0.000146
683,..(.....)..((((..((....)).))))......(......)........((((......)))).,12,-5.392,10,0.000146
684,.........(.(..(((((........(((.........)))......)))))..).).........,10,-5.391,33,0.000146
685,...........(((((......)))...))......................((((......)))).,9,-5.391,16,0.000145
686,.........(.((((..((....)).))))..).......((.....))...(((........))).,12,-5.39,6,0.000145
687,...........((((.((......))))))..........((.....))...(((........))).,11,-5.39,4,0.000145
688,..............(((....)))...(((.........))).((.....))((((......)))).,12,-5.389,26,0.000145
689,...........((((.(((....)))))))......((....))............((...))....,11,-5.389,19,0.000145
690,.....(((((.(..(((((.....((.(((.........)))..))..)))))..).)))....)).,16,-5.388,41,0.000145
691,...........((((.(((....))))))).......((.....))......(((........))).,12,-5.385,10,0.000144
692,...........((((...........)))).......(....).........((((......)))).,9,-5.384,12,0.000144
693,...........((((.(((....)))))))....(((....................))).......,10,-5.38,18,0.000143
694,.....(.(((.(..(((((........(((.........)))......)))))..).))).).....,13,-5.379,39,0.000143
695,...........((((..((....)).))))...((.....)).((.....))((((......)))).,14,-5.378,12,0.000142
696,...........(((((......))...)))......................((((......)))).,9,-5.377,14,0.000142
697,...((..(((.(..(((((........(((..(...)..)))......)))))..).))).))....,15,-5.375,42,0.000142
698,.......(((.(..(((((..............((.....))......)))))..).))).......,11,-5.375,38,0.000142
699,..............(((....)))......(((.......))).........((((......)))).,10,-5.373,25,0.000141
700,.......(((.(..(((((..........((...........))....)))))..).))).......,11,-5.372,39,0.000141
701,..((...))..((((.(((....))))))).......(....).........((((......)))).,14,-5.371,10,0.000141
702,..(.....)..((((((....))...))))..........((.....))...((((......)))).,13,-5.369,11,0.000140
703,...........((((...(....)..))))..........((.....))...((((......)))).,11,-5.366,4,0.000140
704,.......(((.((((..((....)).))))..))..)...((.....))...((((......)))).,15,-5.366,8,0.000139
705,.........(.((((.(((....)))))))..).......(((...)))...(((.((...))))).,16,-5.365,9,0.000139
706,.........(.((((.(((....)))))))..).......(((...)))...((((.(...))))).,16,-5.365,6,0.000139
707,........((.((((.(((....)))))))..))......((.....))...(((........))).,14,-5.36,6,0.000138
708,..............(((....)))..(.........)...((.....))...((((......)))).,10,-5.356,18,0.000137
709,.......(.(.((((.(((....)))))))..)...)...((.....))...((((......)))).,15,-5.355,4,0.000137
710,............((.((....))..))..((((.......))))........((((......)))).,12,-5.355,26,0.000137
711,....((..((.((((..((....)).))))..))..))..............((((......)))).,14,-5.354,14,0.000137
712,..((...))..((((...........))))..(...)...(((...)))...((((......)))).,14,-5.354,14,0.000137
713,.....(..((.((((.(((....)))))))..))..)......((.....))((((......)))).,16,-5.354,14,0.000137
714,..((...))(.((((.(((....)))))))..).......(((...)))...((((......)))).,17,-5.354,8,0.000137
715,..((...))....((((....))))..(((.........)))..........((((......)))).,13,-5.352,26,0.000136
716,..((.......((((.(((....)))))))....))....((.....))...((((......)))).,15,-5.351,4,0.000136
717,.........(.(((.............)))..).......((.....))...((((......)))).,10,-5.35,10,0.000136
718,.........(.((((.(((....)))))))..).......((.....))....(((......)))..,13,-5.349,4,0.000135
719,...........((((.(........)))))..........(((...)))...((((......)))).,12,-5.348,6,0.000135
720,..(.....)..((((...........))))..........((.....))...(((........))).,10,-5.348,10,0.000135
721,..((...))..((((...........)))).......((.....))......((((......)))).,12,-5.346,18,0.000135
722,.........(.((((.(((....)))))))..)...((....))........(((.((...))))).,15,-5.344,15,0.000134
723,.........(.((((.(((....)))))))..)...((....))........((((.(...))))).,15,-5.344,12,0.000134
724,..((...))..((((..(......).))))..........(((...)))...((((......)))).,14,-5.344,10,0.000134
725,.......(((.(..(((((.....(((.((.....))...))).....)))))..).))).......,14,-5.343,39,0.000134
726,..(.....)..((((..((....)).))))..........(((...)))...(((........))).,13,-5.342,8,0.000134
727,...........(((..(((....))).))).............((.....))((((......)))).,12,-5.342,10,0.000134
728,...........((((...........))))(((.......))).........((((......)))).,11,-5.339,14,0.000133
729,......((((.((((...........))))....(((..((..(((...)))..)).)))..)))).,16,-5.339,35,0.000133
730,..........((.((.....))))...(((.........)))..........((((......)))).,11,-5.338,23,0.000133
731,..((...))...(((((....))).))..((((.......))))........((((......)))).,15,-5.335,30,0.000132
732,..((...))...(((((....)))).)..((((.......))))........((((......)))).,15,-5.335,30,0.000132
733,..(.....)..((((..((....)).))))..(...)...............((((......)))).,12,-5.335,10,0.000132
734,..((...)).....(((....))).....(((.........)))........((((......)))).,12,-5.334,29,0.000132
735,..((...))(.((((.(((....)))))))..)...((....))........((((......)))).,16,-5.333,14,0.000132
736,......((((.(..(((((........(((.........)))......)))))..).))).).....,13,-5.332,39,0.000132
737,............(((.(((....))))))...........((.....))...((((......)))).,12,-5.33,2,0.000131
738,...........((((.(........)))))......((....))........((((......)))).,11,-5.328,12,0.000131
739,...........((((.(((....)))))))......((....))(.....).((((......)))).,14,-5.327,10,0.000131
740,..((...))..((((.(((....)))))))(((.......))).........((((......)))).,16,-5.327,12,0.000131
741,.......(((.(......).)))......(((.........)))........((((......)))).,11,-5.326,28,0.000130
742,...........((((..((....)).)))).......(.......)......((((......)))).,11,-5.324,8,0.000130
743,..(.....)..((((..((....)).))))......(...........)...((((......)))).,12,-5.323,9,0.000130
744,..((...))..((((..(......).))))......((....))........((((......)))).,13,-5.323,16,0.000130
745,..............(((....)))....((.........))..((.....))((((......)))).,11,-5.323,26,0.000130
746,.......(((.(..(((((...(......((((.......)))))...)))))..).))).......,14,-5.323,43,0.000130
747,..(.....)..((((..((....)).))))......((....))........(((........))).,12,-5.321,14,0.000129
748,..((...))..((((..((....)).))))......(......)........((((......)))).,13,-5.321,12,0.000129
749,..((....((.((((...........))))..))))................((((......)))).,12,-5.32,18,0.000129
750,...((.....))..((......)).....((((.......))))........((((......)))).,12,-5.319,28,0.000129
751,............(.(((....)))..)..((((.......))))........((((......)))).,12,-5.318,26,0.000129
752,......((((.((((.(((....)))))))....(((..((.............)).)))..)))).,16,-5.318,23,0.000129
753,...(...)...((((.(((....)))))))...((.....))..........((((......)))).,14,-5.318,8,0.000129
754,.......(((.((....)).)))......(((.........)))........((((......)))).,12,-5.318,28,0.000129
755,..............(((....)))..((.......))...............((((......)))).,9,-5.317,23,0.000129
756,........((.(..(((((........(((.........)))......)))))..).))........,11,-5.317,35,0.000128
757,.............(((......)))..(((.........)))..........((((......)))).,10,-5.317,21,0.000128
758,...........((((((....))))...))....(.....)...........((((......)))).,11,-5.315,18,0.000128
759,.....(...).((((..((....)).))))..........((.....))...((((......)))).,13,-5.315,4,0.000128
760,.....(.....((((.(((....)))))))......)...((.....))...((((......)))).,14,-5.313,2,0.000128
761,.....(..((.(((..(((....))).)))..))..)...(((...)))...((((......)))).,16,-5.313,10,0.000128
762,...........((((..((....)).))))....(.....)..((.....))((((......)))).,13,-5.312,11,0.000127
763,......(.((.((((.(((....)))))))..))..)......((.....))((((......)))).,16,-5.312,14,0.000127
764,......((((....(((((..........((((.......))))....))))).........)))).,13,-5.311,39,0.000127
765,...........((((..((....)).))))..........((.....))...((..((...)).)).,12,-5.31,9,0.000127
766,....((((((.((.(((((........(((.........)))......))))).)).)))....))),16,-5.308,41,0.000126
767,...........((((.(((....)))))))..(...)......(((...)))((((......)))).,15,-5.307,12,0.000126
768,..(((......((((...........))))...)))................((((......)))).,11,-5.307,16,0.000126
769,..(((....(.((((...........))))..))))................((((......)))).,12,-5.307,18,0.000126
770,.........(.((((((....))))...))..)...................((((......)))).,11,-5.306,19,0.000126
771,..(.....).....(((....)))................(((...)))...((((......)))).,11,-5.305,21,0.000126
772,...((..(((.(......).)))..)).........................((((......)))).,10,-5.304,26,0.000126
773,.........(.((((..((....)).))))..)..........((.....))((((......)))).,13,-5.304,12,0.000126
774,...........((((.(((....))))))).(...)....(((...)))...((((......)))).,15,-5.303,4,0.000126
775,...........((((.((......)))))).............((.....))((((......)))).,12,-5.303,10,0.000126
776,(.......)..((((.(((....)))))))..........((.....))...((((......)))).,14,-5.303,2,0.000125
777,.......(.(.((((...........))))....).)...((.....))...((((......)))).,12,-5.303,10,0.000125
778,..(((...(..((((...........)))).).)))................((((......)))).,12,-5.303,18,0.000125
779,.......(((.(..(((((...(.....)(((.........)))....)))))..).))).......,13,-5.302,41,0.000125
780,..(.....)..(((.............)))..........(((...)))...((((......)))).,11,-5.302,12,0.000125
781,...........((((((....)))...)))....(.....)...........((((......)))).,11,-5.301,16,0.000125
782,..(.....)..((((.(((....)))))))..........(((...)))....(((......)))..,14,-5.3,6,0.000125
783,............((((......))).)..((((.......))))........((((......)))).,12,-5.3,25,0.000125
784,............((((......)).))..((((.......))))........((((......)))).,12,-5.3,25,0.000125
785,..............((......)).....(((.........)))........((((......)))).,9,-5.299,24,0.000125
786,...((..(((.(..(((((.....((.(((.........)))..))..)))))..).))).))....,16,-5.298,42,0.000124
787,.......(((.(..(((((.....((...............)).....)))))..).))).......,11,-5.298,37,0.000124
788,..((...))..((((((....))...))))..........((.....))...((((......)))).,14,-5.298,13,0.000124
789,.......(.(.((((..((....)).))))....).)...(((...)))...((((......)))).,15,-5.297,8,0.000124
790,...((..(((.((....)).)))..)).........................((((......)))).,11,-5.296,26,0.000124
791,..(.....)..((((.(((....)))))))...(..((....)).)......((((......)))).,15,-5.294,12,0.000124
792,.........(.((((((....)))...)))..)...................((((......)))).,11,-5.293,17,0.000123
793,.......(((.((.(((((..((....(((..(...)..))).))...))))).)).))).......,16,-5.292,43,0.000123
794,...........((((.(((....)))))))..(..((...........)).)((((......)))).,14,-5.291,9,0.000123
795,.........(...((((....)))).)..(((.........)))........((((......)))).,12,-5.29,26,0.000123
796,.......(((.((..((((........(((..(...)..)))......))))..)).))).......,13,-5.288,39,0.000122
797,.......(((.((.(((((......(.(((.........)))).....))))).)).))).......,14,-5.287,38,0.000122
798,..(.....).....(((....)))............((....))........((((......)))).,10,-5.285,27,0.000122
799,...........((((.(((....)))))))...((.....))..........(((.((...))))).,14,-5.282,11,0.000121
800,...........((((.(((....)))))))...((.....))..........((((.(...))))).,14,-5.282,8,0.000121
801,..(.....)..(((.............)))......((....))........((((......)))).,10,-5.281,18,0.000121
802,..(.....)..((((.(((....)))))))......((....)).........(((......)))..,13,-5.279,12,0.000121
803,..((...))..((((...........))))..........((.....))...(((........))).,11,-5.277,12,0.000120
804,...((......((((.(((....))))))).)).......(((...)))...((((......)))).,16,-5.276,6,0.000120
805,...........((((.(((....))))))).........(...........)((((......)))).,12,-5.275,6,0.000120
806,.....(..((.((((.((......))))))..))..)...(((...)))...((((......)))).,16,-5.275,10,0.000120
807,........((.((((.(((....)))))))..)).........((.....))((((......)))).,15,-5.274,12,0.000119
808,.......(((.(..(((((.......((.......))...........)))))..).))).......,11,-5.274,38,0.000119
809,......(.((.(((..(((....))).)))..))..)...(((...)))...((((......)))).,16,-5.271,10,0.000119
810,..((...))..((((..((....)).))))..........(((...)))...(((........))).,14,-5.271,10,0.000119
811,...(....((.((((.(((....)))))))..))).....(((...)))...((((......)))).,17,-5.268,8,0.000118
812,..((...))..((((..((....)).))))..(...)...............((((......)))).,13,-5.264,12,0.000117
813,.......(((.((.(((((..((....(((.........))).))...)))))).).))).......,15,-5.263,41,0.000117
814,...........(((..((......)).)))..........(((...)))...((((......)))).,12,-5.263,6,0.000117
815,...........(((((......)...))))..........((.....))...((((......)))).,11,-5.263,8,0.000117
816,..(.....)..((((...........)))).............((.....))((((......)))).,11,-5.262,16,0.000117
817,.....(((((.(..(((((..........(((.........)))....)))))..).)))....)).,14,-5.261,42,0.000117
818,......((((.((((.(((....)))))))....(((...((.....))........)))..)))).,16,-5.26,18,0.000117
819,..........((..........))....((.........))...........((((......)))).,8,-5.26,21,0.000117
820,.......(((.(..((((.........(((.........))).......))))..).))).......,11,-5.259,37,0.000117
821,...((.....))..(((....)))................((.....))...((((......)))).,11,-5.258,20,0.000116
822,...((...((.((((.(((....)))))))..))....))............((((......)))).,15,-5.257,12,0.000116
823,.......(((.(..((((..(((...........)))...((.....))))))..).))).......,13,-5.257,38,0.000116
824,..(.....)..((((..((....)).)))).............(((...)))((((......)))).,14,-5.256,14,0.000116
825,...((......((((.(((....)))))))...)).....(((...)))...((((......)))).,16,-5.255,6,0.000116
826,...((....(.((((.(((....)))))))..))).....(((...)))...((((......)))).,17,-5.255,8,0.000116
827,...((......((((.(((....))))))).))...((....))........((((......)))).,15,-5.255,12,0.000116
828,.....(..((.((((((....))))...))..))..)...((.....))...((((......)))).,15,-5.254,19,0.000116
829,.........(.((((.(((....)))))))..)....(....).........((((......)))).,13,-5.252,8,0.000115
830,..((...))..((((..((....)).))))......(...........)...((((......)))).,13,-5.252,11,0.000115
831,...((...(..((((.(((....))))))).).)).....(((...)))...((((......)))).,17,-5.251,8,0.000115
832,..((...))..((((..((....)).))))......((....))........(((........))).,13,-5.25,16,0.000115
833,.......(((.(..(((((....(.....)......((....))....)))))..).))).......,12,-5.249,40,0.000114
834,........((...(((......))).)).((((.......))))........((((......)))).,13,-5.248,27,0.000114
835,............((.....))........((((.......))))........((((......)))).,10,-5.248,25,0.000114
836,..........(..((((....)))).)(((.........)))..........((((......)))).,12,-5.247,23,0.000114
837,.......(((.(..(((((......(.(((.........)))..)...)))))..).))).......,13,-5.245,38,0.000114
838,...........((((.(((....))))))).......(...)..........((((......)))).,12,-5.243,5,0.000113
839,...........(((..((......)).)))......((....))........((((......)))).,11,-5.242,12,0.000113
840,...........((((...........))))..........(((...)))....(((......)))..,10,-5.242,10,0.000113
841,.....(..((.((((((....)))...)))..))..)...((.....))...((((......)))).,15,-5.241,17,0.000113
842,...........((((..((....)).))))..............(.....).((((......)))).,11,-5.24,8,0.000113
843,...........(((..(((....))).)))......(......)........((((......)))).,11,-5.24,8,0.000113
844,............(((((....))).)).............((.....))...((((......)))).,11,-5.239,17,0.000113
845,............(((((....)))).).............((.....))...((((......)))).,11,-5.239,17,0.000113
846,......((((.((((..((....)).))))....(((......((.....)).....)))..)))).,15,-5.238,28,0.000112
847,...........((((.(((....)))))))....((....(((...))).))((((......)))).,16,-5.237,6,0.000112
848,..............(((....)))....(.......)...((.....))...((((......)))).,10,-5.236,18,0.000112
849,..........(..(((......))).).............((.....))...((((......)))).,10,-5.236,17,0.000112
850,...........((((...........))))...(..((....)).)......((((......)))).,11,-5.235,16,0.000112
851,.............((((....))))...........................((((......)))).,8,-5.235,21,0.000112
852,.......(((.(..(((((.(((...........)))...........)))))..).))).......,12,-5.235,42,0.000112
853,..((...)).....(((....)))................(((...)))...((((......)))).,12,-5.234,23,0.000112
854,........((.(((..(((....))).)))..))......(((...)))...((((......)))).,15,-5.233,8,0.000111
855,..(.....)..((((.(((....)))))))......................(((.((...))))).,13,-5.232,11,0.000111
856,..(.....)..((((.(((....)))))))......................((((.(...))))).,13,-5.232,8,0.000111
857,......(.((.((((.((......))))))..))..)...(((...)))...((((......)))).,16,-5.232,10,0.000111
858,..((...))..(((.............)))..........(((...)))...((((......)))).,12,-5.231,14,0.000111
859,...........((((.(((....))))))).............((.....))(((........))).,12,-5.23,10,0.000111
860,..((...))..((((.(((....)))))))..........(((...)))....(((......)))..,15,-5.229,8,0.000111
861,...((........(((......)))))..((((.......))))........((((......)))).,13,-5.227,27,0.000110
862,.........(.((((...........))))..)....((.....))......((((......)))).,11,-5.226,16,0.000110
863,...........((((.(((....)))))))..............(....)..((((......)))).,12,-5.226,6,0.000110
864,.......(((.(......).))).................(((...)))...((((......)))).,11,-5.226,22,0.000110
865,.........(.((((..(......).))))..).......(((...)))...((((......)))).,13,-5.225,8,0.000110
866,...........((((..((....)).))))....((..............))((((......)))).,12,-5.225,10,0.000110
867,...........((((.(((....)))))))....(((...((.....))..((...))....)))..,14,-5.224,14,0.000110
868,..((...))..((((.(((....)))))))...(..((....)).)......((((......)))).,16,-5.223,14,0.000110
869,......((((.((((...........))))....(((....................)))..)))).,11,-5.222,28,0.000109
870,.........(.((((.(((....)))))))..).(.....)...........((((......)))).,13,-5.222,7,0.000109
871,...........((((...........))))......((....)).........(((......)))..,9,-5.221,16,0.000109
872,...........((((.(((....))))))).......(......).......((((......)))).,12,-5.219,6,0.000109
873,.......(((.((....)).))).................(((...)))...((((......)))).,12,-5.218,22,0.000109
874,...(...)...((((.(((....)))))))..(...)...((.....))...((((......)))).,15,-5.218,4,0.000109
875,..(.....)..((((..((....)).)))).....((...........))..((((......)))).,13,-5.215,11,0.000108
876,..((...)).....(((....)))............((....))........((((......)))).,11,-5.213,29,0.000108
877,........((.(((..(((....))).)))..))..((....))........((((......)))).,14,-5.212,14,0.000108
878,......(.((.((((((....))))...))..))..)...((.....))...((((......)))).,15,-5.212,19,0.000108
879,....................(((...........)))...............((((......)))).,7,-5.212,24,0.000108
880,...(((............))).......((.........))...........((((......)))).,9,-5.212,24,0.000108
881,.......(((.((..((((.....((.(((.........)))..))..))))..)).))).......,14,-5.211,39,0.000107
882,...........((((.(((....)))))))..........((.....))..................,9,-5.21,8,0.000107
883,..((...))..(((.............)))......((....))........((((......)))).,11,-5.21,20,0.000107
884,...(...)...((((...........))))......................((((......)))).,9,-5.21,12,0.000107
885,..((...))..((((.(((....)))))))......((....)).........(((......)))..,14,-5.208,14,0.000107
886,...........((((((....))))...))..(...)...(((...)))...((((......)))).,14,-5.208,17,0.000107
887,...........((.(((....)))....))......................((((......)))).,9,-5.207,17,0.000107
888,...(...)......(((....))).....((((.......))))........((((......)))).,12,-5.207,28,0.000107
889,...........((((.(((....)))))))......................((..........)).,9,-5.206,8,0.000106
890,.............................((((.......))))........((((......)))).,8,-5.206,23,0.000106
891,.......(((.(......).))).............((....))........((((......)))).,10,-5.205,28,0.000106
892,.....(....)...(((....)))....((.........))...........((((......)))).,10,-5.205,24,0.000106
893,.........(.((((..(......).))))..)...((....))........((((......)))).,12,-5.204,14,0.000106
894,...((...((.((((.(((....)))))))..))....))((.....))...((((......)))).,17,-5.204,8,0.000106
895,..(.....)..((((.(((....)))))))...((.....)).((.....))((((......)))).,16,-5.204,12,0.000106
896,...((.....)).((((....))))...((.........))...........((((......)))).,12,-5.203,25,0.000106
897,......(.....).(((....))).....((((.......))))........((((......)))).,12,-5.202,27,0.000106
898,.........(.((((..((....)).))))..)...(......)........((((......)))).,12,-5.202,10,0.000106
899,...........((((.((......))))))......(......)........((((......)))).,11,-5.201,8,0.000106
900,.....(..((.((((.(((....)))))))..))..)...(((...)))...(((........))).,16,-5.201,10,0.000106
901,..((....((.((((.(((....)))))))..))))((....))........((((......)))).,17,-5.201,16,0.000106
902,.......(((.(..(((((.........((.....))...........)))))..).))).......,11,-5.199,38,0.000105
903,...........((((((....))))...)).......((.....))......((((......)))).,12,-5.199,21,0.000105
904,..............((......))................(((...)))...((((......)))).,9,-5.199,18,0.000105
905,......(.((.((((((....)))...)))..))..)...((.....))...((((......)))).,15,-5.199,17,0.000105
906,..........((((.....)).))................((.....))...((((......)))).,10,-5.198,18,0.000105
907,...........((((.(.....)...))))......................((((......)))).,9,-5.197,11,0.000105
908,.......(((.((....)).))).............((....))........((((......)))).,11,-5.197,28,0.000105
909,........((.((((.((......))))))..))......(((...)))...((((......)))).,15,-5.195,8,0.000104
910,...........((((((....)))...)))..(...)...(((...)))...((((......)))).,14,-5.194,15,0.000104
911,..(.....)....((((....))))...((.........))...........((((......)))).,11,-5.191,24,0.000104
912,.........(...((((....)))).).............(((...)))...((((......)))).,12,-5.191,20,0.000104
913,..((...))..((((...........)))).............((.....))((((......)))).,12,-5.191,18,0.000104
914,...........((((.(((....))))))).....................((........))....,9,-5.191,14,0.000104
915,...........(((..(((....))).)))..........(((...)))...(((........))).,12,-5.189,6,0.000103
916,..(((......((((.(((....)))))))...)))((....))........((((......)))).,16,-5.187,14,0.000103
917,..(((....(.((((.(((....)))))))..))))((....))........((((......)))).,17,-5.187,16,0.000103
918,.....(....)((((...........))))..........(((...)))...((((......)))).,12,-5.186,10,0.000103
919,...........((((((....)))...))).......((.....))......((((......)))).,12,-5.186,19,0.000103
920,..((...))..((((..((....)).)))).............(((...)))((((......)))).,15,-5.184,16,0.000103
921,..(((...(..((((.(((....))))))).).)))((....))........((((......)))).,17,-5.183,16,0.000102
922,.......(((.(..(((((......((.............))......)))))..).))).......,11,-5.182,36,0.000102
923,...........((((.(((....)))))))..(...)...((.....))...(((.((...))))).,15,-5.182,7,0.000102
924,...........((((.(((....)))))))..(...)...((.....))...((((.(...))))).,15,-5.182,4,0.000102
925,...........(((..(((....))).)))..(...)...............((((......)))).,11,-5.182,8,0.000102
926,...........((((.(.......).))))......................((((......)))).,9,-5.182,10,0.000102
927,..........(..((.....)).).....((((.......))))........((((......)))).,11,-5.181,26,0.000102
928,...........((((.(((....)))))))......................(((.(.....)))).,11,-5.18,7,0.000102
929,...........((((.(((....)))))))..........(((...)))...(((..(...).))).,14,-5.179,6,0.000102
930,.........(.((((((....))...))))..).......((.....))...((((......)))).,13,-5.178,11,0.000102
931,..............((......))............((....))........((((......)))).,8,-5.178,24,0.000102
932,...........((((.(((....)))))))..(...)...(.......)...((((......)))).,13,-5.177,4,0.000101
933,...........((((.(((....))))))).............(((...))).(((......)))..,13,-5.175,12,0.000101
934,......(....((((.(((....)))))))......)...((.....))...((((......)))).,14,-5.175,2,0.000101
935,........((.((((((....))))...))..))......((.....))...((((......)))).,14,-5.174,17,0.000101
936,........((.((((.((......))))))..))..((....))........((((......)))).,14,-5.174,14,0.000101
937,...........((((...........))))......................(((.((...))))).,9,-5.174,15,0.000101
938,...........((((...........))))......................((((.(...))))).,9,-5.174,12,0.000101
939,.......(....).(((....))).....((((.......))))........((((......)))).,12,-5.172,27,0.000101
940,........((.((((.(((....)))))))..))..(......)........((((......)))).,14,-5.172,10,0.000101
941,..........(..((((....)))).)...(((.......))).........((((......)))).,12,-5.172,26,0.000100
942,...((..(((.(..(((((..........(((.........)))....)))))..).))).))....,14,-5.171,43,0.000100
943,..............(((....))).....((((.......))))........(((.((...))))).,12,-5.171,31,0.000100
944,..............(((....))).....((((.......))))........((((.(...))))).,12,-5.171,28,0.000100
945,...........(((..(((....))).)))......(...........)...((((......)))).,11,-5.171,7,0.000100
946,.......(((.((.(((((..(..(((.............)))..)..))))).)).))).......,14,-5.17,39,0.000100
947,.........(...((((....)))).).........((....))........((((......)))).,11,-5.17,26,0.000100
948,.............((((....))))..(.((((.......)))).)......((((......)))).,13,-5.169,27,0.000100
949,...........(((..(((....))).)))......((....))........(((........))).,11,-5.168,12,0.000100
950,...((........((((....)))))).............((.....))...((((......)))).,12,-5.166,19,0.000100
951,..(((........((((....))))........)))................((((......)))).,11,-5.166,27,0.000099
952,.....(....)((((...........))))......((....))........((((......)))).,11,-5.165,16,0.000099
953,...........((((.(((....)))))))..(.......)..((.....))((((......)))).,14,-5.164,9,0.000099
954,...........((((.(((....)))))))....(((......((.....)).....))).......,12,-5.163,22,0.000099
955,...........((((.(((....))))))).(.........)..........((((......)))).,12,-5.162,5,0.000099
956,.......(((.((..((((........(((.........)))......)))).).).))).......,12,-5.162,37,0.000099
957,..((...))..((((.(((....)))))))......................(((.((...))))).,14,-5.161,13,0.000099
958,..((...))..((((.(((....)))))))......................((((.(...))))).,14,-5.161,10,0.000099
959,........((.((((((....)))...)))..))......((.....))...((((......)))).,14,-5.161,15,0.000099
960,..(.....)..((((...........))))......(......)........((((......)))).,10,-5.16,14,0.000098
961,.............((((....)))).((.......))...((.....))...((((......)))).,12,-5.16,19,0.000098
962,........(..((((.(((....))))))).)........((.....))...((((......)))).,14,-5.159,2,0.000098
963,.......(((.(..(((((......(..((.........)).).....)))))..).))).......,12,-5.159,38,0.000098
964,......(.((.((((.(((....)))))))..))..)...(((...)))...(((........))).,16,-5.159,10,0.000098
965,...........((((.(((....)))))))......((....))........(((..(...).))).,13,-5.158,12,0.000098
966,.........(.((((...........))))..).......((.....))...(((........))).,10,-5.158,10,0.000098
967,.......(((.(..(((((...(...)..(((.........)))....)))))..).))).......,13,-5.154,41,0.000098
968,...........((((.(((....)))))))((.((.....))..))......((((......)))).,15,-5.153,10,0.000097
969,.........(.((((..((....)).))))..).......(((...)))...(((........))).,13,-5.151,8,0.000097
970,...........((((..((....)).)))).......................(((......)))..,9,-5.151,8,0.000097
971,...........((((.((......))))))..........(((...)))...(((........))).,12,-5.151,6,0.000097
972,......((((.((((.(((....)))))))....(((..((..((.....)).).).)))..)))).,18,-5.15,27,0.000097
973,..............(((....)))...(((.........))).(((...)))((((......)))).,13,-5.15,28,0.000097
974,..(.....)..((((.(((....))))))).......(.......)......((((......)))).,13,-5.15,8,0.000097
975,.....(((((.(..(((((.....(((.............))).....)))))..).)))....)).,14,-5.148,39,0.000096
976,..............(((....)))....((.....))...............((((......)))).,9,-5.147,23,0.000096
977,.......(((..........)))....(((.........)))..........((((......)))).,10,-5.147,25,0.000096
978,...........((((...........))))...((.....)).((.....))((((......)))).,12,-5.145,16,0.000096
979,..((...))..((((..((....)).)))).....((...........))..((((......)))).,14,-5.144,13,0.000096
980,...........((((.((......))))))..(...)...............((((......)))).,11,-5.144,8,0.000096
981,...........((((..(......).))))...((.....))..........((((......)))).,11,-5.142,10,0.000096
982,.......(((.(..(((((...(.........)...((....))....)))))..).))).......,12,-5.142,42,0.000096
983,...........((((..((....)).))))...((.....)).(((...)))((((......)))).,15,-5.139,14,0.000095
984,...........((((..(....)...))))..........((.....))...((((......)))).,11,-5.139,7,0.000095
985,..(.....)..((((.(((....)))))))....(.....)..((.....))((((......)))).,15,-5.138,11,0.000095
986,..(.....)..((((.(((....)))))))..........((.....))...((..((...)).)).,14,-5.136,9,0.000095
987,.........(.(..(((((..........((((.......))))....)))))..).).........,11,-5.134,37,0.000094
988,.......(((.((((...........))))..))..)...((.....))...((((......)))).,13,-5.133,12,0.000094
989,.........(.((((..((....)).))))..)...(...........)...((((......)))).,12,-5.133,9,0.000094
990,..((...))..((((.(((....)))))))...((.....)).((.....))((((......)))).,17,-5.132,14,0.000094
991,...........((((.((......))))))......(...........)...((((......)))).,11,-5.132,7,0.000094
992,..........(((((.(((....)))))))..)...................((((......)))).,12,-5.132,6,0.000094
993,.......(((.(..(((((.....(..(((.........)))).....)))))..).))).......,13,-5.132,38,0.000094
994,..(.....)..((((..((....)).))))..........((.....))...(((.((...))))).,14,-5.131,9,0.000094
995,..(.....)..((((..((....)).))))..........((.....))...((((.(...))))).,14,-5.131,6,0.000094
996,.........(.((((..((....)).))))..)...((....))........(((........))).,12,-5.131,14,0.000094
997,...........((((((....))))...))..........((.....))...(((........))).,11,-5.131,15,0.000094
998,..(.....)..((((((....))...))))..........(((...)))...((((......)))).,14,-5.13,13,0.000094
999,...........((((.((......))))))......((....))........(((........))).,11,-5.13,12,0.000094
1000,...........((((.(((....)))))))......(......)........(((........))).,11,-5.128,8,0.000093
1001,...........((((...(....)..))))..........(((...)))...((((......)))).,12,-5.128,6,0.000093
1002,.......(((.((((..((....)).))))..))..)...(((...)))...((((......)))).,16,-5.127,10,0.000093
1003,..(.....)..((((..((....)).))))..........(.......)...((((......)))).,12,-5.125,6,0.000093
1004,.......(((.((.(((((........((...........))......))))).)).))).......,12,-5.124,36,0.000093
1005,..((....((.(((..(((....))).)))..))))....((.....))...((((......)))).,16,-5.124,10,0.000093
1006,.............((((....))))...((.....))...((.....))...((((......)))).,12,-5.124,19,0.000093
1007,....((..((.((((...........))))..))..))..............((((......)))).,12,-5.121,18,0.000092
1008,.....(.(((.(..(((((..........((((.......))))....)))))..).))).).....,14,-5.121,43,0.000092
1009,........((.((((.(((....)))))))..))......(((...)))...(((........))).,15,-5.121,8,0.000092
1010,..((...))....((((....))))...((.........))...........((((......)))).,12,-5.12,26,0.000092
1011,...((.....))..(((....))).....(((.........)))........((((......)))).,12,-5.119,28,0.000092
1012,..............(((....)))..(.........)...(((...)))...((((......)))).,11,-5.117,20,0.000092
1013,...........((((((....)))...)))..........((.....))...(((........))).,11,-5.117,13,0.000092
1014,.......(.(.((((.(((....)))))))..)...)...(((...)))...((((......)))).,16,-5.116,6,0.000092
1015,...........((((.(((....)))))))...((.....))..(.....).((((......)))).,14,-5.116,8,0.000091
1016,...........((((.(.(....).)))))..........((.....))...((((......)))).,12,-5.115,2,0.000091
1017,.....(..((.((((.(((....)))))))..))..)......(((...)))((((......)))).,17,-5.115,16,0.000091
1018,..(.....)..(((((......)))...))..........((.....))...((((......)))).,12,-5.115,14,0.000091
1019,..((.......((((.(((....)))))))....))....(((...)))...((((......)))).,16,-5.112,6,0.000091
1020,.........(.(((.............)))..).......(((...)))...((((......)))).,11,-5.112,12,0.000091
1021,..(((......(((..(((....))).)))...)))....((.....))...((((......)))).,15,-5.111,8,0.000091
1022,..(((....(.(((..(((....))).)))..))))....((.....))...((((......)))).,16,-5.111,10,0.000091
1023,...........(.((((((.(((....(((.........)))...........))).)).)))).).,13,-5.11,35,0.000091
1024,.........(.((((.(((....)))))))..).......(((...)))....(((......)))..,14,-5.11,6,0.000091
1025,..(.....)..((((((....))...))))......((....))........((((......)))).,13,-5.109,19,0.000090
1026,..(.....)..((((...........))))..........(((...)))...(((........))).,11,-5.109,12,0.000090
1027,...........((((...(....)..))))......((....))........((((......)))).,11,-5.107,12,0.000090
1028,..(((...(..(((..(((....))).))).).)))....((.....))...((((......)))).,16,-5.106,10,0.000090
1029,..........((.((.....))))....((.........))...........((((......)))).,10,-5.106,23,0.000090
1030,...((..(((.(......).)))..))..((((.......))))........(((........))).,13,-5.105,33,0.000090
1031,...........((((..((....)).))))..........((.....))...((..........)).,10,-5.104,6,0.000090
1032,...........(((..(((....))).))).............(((...)))((((......)))).,13,-5.103,12,0.000089
1033,........((.((((.(((....)))))))..))..(...........)...((((......)))).,14,-5.103,9,0.000089
1034,..(.....)..((((...........))))..(...)...............((((......)))).,10,-5.102,14,0.000089
1035,..(.....)(.((((.(((....)))))))..)...................((((......)))).,13,-5.102,8,0.000089
1036,..(.....)..(((((......))...)))..........((.....))...((((......)))).,12,-5.101,12,0.000089
1037,........((.((((.(((....)))))))..))..((....))........(((........))).,14,-5.1,14,0.000089
1038,............(((((....)))).)..(((.........)))........((((......)))).,12,-5.1,25,0.000089
1039,............(((((....))).))..(((.........)))........((((......)))).,12,-5.1,25,0.000089
1040,.....(((((.((.(((((..((....(((.........))).))...))))).)).)))....)).,17,-5.099,43,0.000089
1041,...........((((.(((....))))))).....................((...)).........,9,-5.098,15,0.000089
1042,...((..(((.((....)).)))..))..((((.......))))........(((........))).,14,-5.097,33,0.000089
1043,..........(..(((......))).)..(((.........)))........((((......)))).,11,-5.097,25,0.000089
1044,.....(....)((((..((....)).))))......................((((......)))).,11,-5.095,8,0.000088
1045,.......(...((((.(((....)))))))......)...((.....))...((((......)))).,14,-5.095,2,0.000088
1046,.....(((((.((..((((........(((.........)))......))))..)).)))....)).,14,-5.095,39,0.000088
1047,..(.....)..((((..(......).))))......................((((......)))).,10,-5.092,10,0.000088
1048,............(((.(((....))))))...........(((...)))...((((......)))).,13,-5.091,4,0.000088
1049,...........((((.(((....)))))))((.........)).........((((......)))).,13,-5.091,7,0.000088
1050,...........((((...........)))).......(.......)......((((......)))).,9,-5.091,12,0.000088
1051,.....(...)....(((....))).....((((.......))))........((((......)))).,12,-5.091,28,0.000088
1052,.........(.(((.............)))..)...((....))........((((......)))).,10,-5.091,18,0.000088
1053,..(.....)..((((...........))))......(...........)...((((......)))).,10,-5.091,13,0.000088
1054,..........(((((.(((....)))))))....).....((.....))...((((......)))).,14,-5.09,2,0.000088
1055,..((((..((.((((.(((....)))))))..))..)).....)).......((((......)))).,17,-5.089,16,0.000087
1056,.........(.((((.(((....)))))))..)...((....)).........(((......)))..,13,-5.089,12,0.000087
1057,...........((((..((....)).))))..........((.....))..((........))....,10,-5.089,12,0.000087
1058,..(.....)..((((...........))))......((....))........(((........))).,10,-5.088,18,0.000087
1059,..((...))..((((...........))))......(......)........((((......)))).,11,-5.088,16,0.000087
1060,...........((((.(((....)))))))......((....))((...)).((((......)))).,15,-5.088,12,0.000087
1061,...........((((.(((....)))))))..........................((...))....,9,-5.086,15,0.000087
1062,..((....((.((((.((......))))))..))))....((.....))...((((......)))).,16,-5.086,10,0.000087
1063,...(...)...((((.(((....)))))))....(.....)...........((((......)))).,13,-5.086,7,0.000087
1064,...((..(((..........)))..)).............((.....))...((((......)))).,11,-5.085,22,0.000087
1065,..............(((....)))....((.........))..(((...)))((((......)))).,12,-5.084,28,0.000087
1066,.............(((......)))...((.........))...........((((......)))).,9,-5.084,21,0.000087
1067,.......(((.((..((((..........(((.........)))....))))..)).))).......,12,-5.084,40,0.000087
1068,...........((((.(((....)))))))..........((.....))...((..(.....).)).,12,-5.084,5,0.000087
1069,.....(...).((((...........))))..........((.....))...((((......)))).,11,-5.082,8,0.000086
1070,...((..(((.(......).)))..)).((.........))...........((((......)))).,12,-5.081,27,0.000086
1071,...........((((...........))))....(.....)..((.....))((((......)))).,11,-5.08,15,0.000086
1072,..............(((....)))...(((.........)))..........(((........))).,9,-5.079,24,0.000086
1073,.........(.((((.(((....)))))))....).................((((......)))).,12,-5.079,6,0.000086
1074,..((...))..((((.(((....))))))).......(.......)......((((......)))).,14,-5.078,10,0.000086
1075,...........((((..((....)).))))..........((.....))...(((.(.....)))).,12,-5.078,5,0.000086
1076,...........((((...........))))..........((.....))...((..((...)).)).,10,-5.078,13,0.000086
1077,......((((.(..(((((........(((.........)))......)))))..).)).....)).,13,-5.077,37,0.000086
1078,.....(...).((((..((....)).))))..........(((...)))...((((......)))).,14,-5.076,6,0.000085
1079,......((((.(..(((((..........((((.......))))....)))))..).))).).....,14,-5.075,43,0.000085
1080,.....(.....((((.(((....)))))))......)...(((...)))...((((......)))).,15,-5.075,4,0.000085
1081,...........((((..((....)).))))....(.....)..(((...)))((((......)))).,14,-5.073,13,0.000085
1082,...((..(((.((....)).)))..)).((.........))...........((((......)))).,13,-5.073,27,0.000085
1083,.........(.((((.(((....)))))))..)((.....))..........((((......)))).,14,-5.073,8,0.000085
1084,......(.((.((((.(((....)))))))..))..)......(((...)))((((......)))).,17,-5.073,16,0.000085
1085,..(((......((((.((......))))))...)))....((.....))...((((......)))).,15,-5.073,8,0.000085
1086,..(((....(.((((.((......))))))..))))....((.....))...((((......)))).,16,-5.072,10,0.000085
1087,...........((((..((....)).))))....(((..((..((.....))..)).))).......,13,-5.072,25,0.000085
1088,...........((((..((....)).))))..........(((...)))...((..((...)).)).,13,-5.072,11,0.000085
1089,.........(.((((...........))))..)..........((.....))((((......)))).,11,-5.071,16,0.000085
1090,.......(((.(..(((((..(.......................)..)))))..).))).......,10,-5.071,38,0.000085
1091,............(((.(((....)))))).......((....))........((((......)))).,12,-5.071,10,0.000085
1092,.......(((.(..(((((..((....(((.........)))..))..)))))..).))).......,14,-5.07,41,0.000085
1093,...........((((.(((....)))))))..(...)...............(((........))).,11,-5.07,8,0.000085
1094,...........((((..((....)).))))...((.....))..........(((........))).,11,-5.068,10,0.000084
1095,..(((...(..((((.((......)))))).).)))....((.....))...((((......)))).,16,-5.068,10,0.000084
1096,..((...))..((((.(((....)))))))....(.....)..((.....))((((......)))).,16,-5.067,13,0.000084
1097,..(.....)..((((.(((....)))))))..............(.....).((((......)))).,13,-5.066,8,0.000084
1098,.........(.((((..((....)).))))..)..........(((...)))((((......)))).,14,-5.065,14,0.000084
1099,..((...))..((((.(((....)))))))..........((.....))...((..((...)).)).,15,-5.065,11,0.000084
1100,...........((((.((......)))))).............(((...)))((((......)))).,13,-5.065,12,0.000084
1101,(.......)..((((.(((....)))))))..........(((...)))...((((......)))).,15,-5.064,4,0.000084
1102,.......(.(.((((...........))))....).)...(((...)))...((((......)))).,13,-5.064,12,0.000084
1103,..(.....).....((......))...(((.........)))..........((((......)))).,10,-5.064,23,0.000084
1104,.............((((....))))..(((..(...)..)))..........((((......)))).,12,-5.063,24,0.000084
1105,...........(((..(((....))).))).....((...........))..((((......)))).,12,-5.062,9,0.000084
1106,.......(((.((.(((((...........(((.......))).....))))).)).))).......,13,-5.061,40,0.000083
1107,...........((((.(((....)))))))..........((.....))..(((.....).))....,12,-5.061,11,0.000083
1108,..((...))..((((..((....)).))))..........((.....))...(((.((...))))).,15,-5.059,11,0.000083
1109,..((...))..((((..((....)).))))..........((.....))...((((.(...))))).,15,-5.059,8,0.000083
1110,........((.(..(((((..........((((.......))))....)))))..).))........,12,-5.059,39,0.000083
1111,..((...))..((((((....))...))))..........(((...)))...((((......)))).,15,-5.059,15,0.000083
1112,...........((((.(((....)))))))......(...........)...(((........))).,11,-5.059,7,0.000083
1113,..........((((.....)).)).....(((.........)))........((((......)))).,11,-5.059,26,0.000083
1114,...((..(((.(..(((((.....(((.............))).....)))))..).))).))....,14,-5.058,40,0.000083
1115,...(...(((.((.(((((........(((.........)))......))))).)).)))..)....,14,-5.057,38,0.000083
1116,............(((..((....)).)))((((.......))))........((((......)))).,13,-5.057,13,0.000083
1117,.....(((((.(..(((((...(.....)((((.......))))....)))))..).)))....)).,16,-5.056,44,0.000083
1118,.....(...).((((..((....)).))))......((....))........((((......)))).,13,-5.055,12,0.000083
1119,..((...))..((((..((....)).))))..........(.......)...((((......)))).,13,-5.054,8,0.000082
1120,...........((((.(((....)))))))...........((......)).((((......)))).,13,-5.052,7,0.000082
1121,...........((((..((....)).))))......((....))........((..((...)).)).,12,-5.051,17,0.000082
1122,..(.....)..((((.(((....)))))))....((..............))((((......)))).,14,-5.051,10,0.000082
1123,....((((((.((.(((((..........((((.......))))....))))).)).)))....))),17,-5.05,45,0.000082
1124,...........((((.(((....)))))))....(.....)...........(((.((...))))).,13,-5.05,10,0.000082
1125,...........((((.(((....)))))))....(.....)...........((((.(...))))).,13,-5.05,7,0.000082
1126,.......(((.(..(((((..(..(..(((.........)))..))..)))))..).))).......,14,-5.049,40,0.000082
1127,........((...((((....)))).)).(((.........)))........((((......)))).,13,-5.048,27,0.000082
1128,......(...)((((.(((....)))))))..........((.....))...((((......)))).,14,-5.047,2,0.000081
1129,......((((.((((..((....)).))))....(((..(...............).)))..)))).,14,-5.047,25,0.000081
1130,...((........((((....))))......)).......((.....))...((((......)))).,12,-5.045,21,0.000081
1131,...........((((((....))))...)).............((.....))((((......)))).,12,-5.044,21,0.000081
1132,(.......)..((((.(((....)))))))......((....))........((((......)))).,14,-5.044,10,0.000081
1133,..((...))..(((((......)))...))..........((.....))...((((......)))).,13,-5.043,16,0.000081
1134,.........(.((((.(((....)))))))..)...................(((.((...))))).,13,-5.042,11,0.000081
1135,.........(.((((.(((....)))))))..)...................((((.(...))))).,13,-5.042,8,0.000081
1136,...........((((..(......).))))..(...)...((.....))...((((......)))).,12,-5.042,6,0.000081
1137,..(.....).....(((....)))..((.......))...((.....))...((((......)))).,12,-5.041,21,0.000081
1138,..((...))..((((((....))...))))......((....))........((((......)))).,14,-5.038,21,0.000080
1139,..((...))..((((...........))))..........(((...)))...(((........))).,12,-5.038,14,0.000080
1140,.............((((....))))....((((.......))))........(((........))).,11,-5.036,28,0.000080
1141,.....(((((.(..(((((.............................)))))..).)))....)).,11,-5.035,38,0.000080
1142,.......(((.((.(((((........(((..(...)..)))......)))))).).))).......,14,-5.035,39,0.000080
1143,........((.((((.(((....)))))))..)).........(((...)))((((......)))).,16,-5.035,14,0.000080
1144,.....(....)...((......)).....((((.......))))........((((......)))).,11,-5.034,27,0.000080
1145,...........((((.(((....)))))))(....)....((.....))...((((......)))).,14,-5.033,2,0.000080
1146,...((.....)).(((......)))....((((.......))))........((((......)))).,13,-5.033,28,0.000080
1147,..............(((....))).........((.....))..........((((......)))).,9,-5.032,23,0.000079
1148,...........((((((....)))...))).............((.....))((((......)))).,12,-5.031,19,0.000079
1149,..((...))..((((...........))))..(...)...............((((......)))).,11,-5.031,16,0.000079
1150,..((...))(.((((.(((....)))))))..)...................((((......)))).,14,-5.031,10,0.000079
1151,..((...))..(((((......))...)))..........((.....))...((((......)))).,13,-5.03,14,0.000079
1152,..........(((((..((....)).))))..).......((.....))...((((......)))).,13,-5.03,4,0.000079
1153,...........(((.............)))...((.....))..........((((......)))).,9,-5.029,14,0.000079
1154,..........((..........))................((.....))...((((......)))).,8,-5.028,16,0.000079
1155,.........(.....)....(((...........)))...((.....))...((((......)))).,10,-5.027,22,0.000079
1156,...((........((((....))))))..(((.........)))........((((......)))).,13,-5.027,27,0.000079
1157,...........((((.(((....)))))))...((.....))...........(((......)))..,12,-5.027,8,0.000079
1158,...........((((.(........)))))......................((((......)))).,9,-5.025,8,0.000079
1159,.........(.((((..((....)).))))..)..((...........))..((((......)))).,13,-5.025,11,0.000078
1160,.......(((.((.(((((.(((...........)))((.....))..))))).)).))).......,15,-5.025,46,0.000078
1161,...(((...(.....)..)))........((((.......))))........((((......)))).,12,-5.024,30,0.000078
1162,...........((((.((......)))))).....((...........))..((((......)))).,12,-5.024,9,0.000078
1163,...........(((((......)...))))..........(((...)))...((((......)))).,12,-5.024,10,0.000078
1164,.......(((.((.(((((..((......((((.......))))))..))))).)).))).......,16,-5.024,45,0.000078
1165,..(.....)..((((...........)))).............(((...)))((((......)))).,12,-5.023,18,0.000078
1166,......((((.((((..((....)).))))....(((..(...((.....))...).)))..)))).,16,-5.022,29,0.000078
1167,......((((.((((.(((....)))))))....(((...(((...)))........)))..)))).,17,-5.021,20,0.000078
1168,..((...))..((((..(......).))))......................((((......)))).,11,-5.021,12,0.000078
1169,..(.....)....(((......)))....((((.......))))........((((......)))).,12,-5.02,27,0.000078
1170,.......(((.(..(((((..(.....(((..(...)..)))...)..)))))..).))).......,14,-5.02,41,0.000078
1171,...........((((.(((....))))))).....(.............)..((((......)))).,12,-5.02,6,0.000078
1172,..((...))..((((...........))))......(...........)...((((......)))).,11,-5.019,15,0.000078
1173,...........((((.(((....)))))))......(.(......)..)...((((......)))).,13,-5.019,7,0.000078
1174,...((.....))..(((....)))................(((...)))...((((......)))).,12,-5.019,22,0.000078
1175,..(.....)..((((..((....)).))))......................(((........))).,10,-5.019,10,0.000078
1176,.......(((.(..((((..(((...........)))...(((...)))))))..).))).......,14,-5.018,40,0.000078
1177,..((...))..((((...........))))......((....))........(((........))).,11,-5.017,20,0.000077
1178,.....(..((.((((((....))))...))..))..)...(((...)))...((((......)))).,16,-5.016,21,0.000077
1179,...(...)...(((..(((....))).)))..........((.....))...((((......)))).,13,-5.013,4,0.000077
1180,..((....((.((((.(((....)))))))..))))....((.....))...(((........))).,16,-5.012,10,0.000077
1181,(...)......((((.(((....)))))))..........((.....))...((((......)))).,14,-5.012,2,0.000077
1182,...((..(((.((.(((((..((....(((.........))).))...))))).)).))).))....,17,-5.009,44,0.000076
1183,.......(((.(..(((((......(...((((.......)))).)..)))))..).))).......,14,-5.007,42,0.000076
1184,...........((((...........))))..............(.....).((((......)))).,9,-5.007,12,0.000076
1185,..(.....)..(((..(((....))).)))...((.....))..........((((......)))).,13,-5.006,10,0.000076
1186,......((((.((((...........))))....(((......((.....)).....)))..)))).,13,-5.006,32,0.000076
1187,...((..(((.((..((((........(((.........)))......))))..)).))).))....,14,-5.005,40,0.000076
1188,...(...)..(..((((....)))).)..((((.......))))........((((......)))).,14,-5.005,29,0.000076
1189,...........(((((......)...))))......((....))........((((......)))).,11,-5.003,16,0.000076
1190,.....(..((.((((((....)))...)))..))..)...(((...)))...((((......)))).,16,-5.002,19,0.000075
1191,.......(((.(..((((...........((((.......)))).....))))..).))).......,12,-5.002,41,0.000075
1192,...........((((..((....)).))))..............((...)).((((......)))).,12,-5.001,10,0.000075
1193,..(.....)(.((((..((....)).))))..).......((.....))...((((......)))).,14,-5.0,6,0.000075
1194,............(((((....))).)).............(((...)))...((((......)))).,12,-5.0,19,0.000075
1195,............(((((....)))).).............(((...)))...((((......)))).,12,-5.0,19,0.000075
1196,......((((.((((..((....)).))))....(((......(((...))).....)))..)))).,16,-5.0,30,0.000075
1197,.......(((.(..(((((..(.......((((.......)))).)..)))))..).))).......,14,-4.999,43,0.000075
1198,..(((......((((.(((....)))))))...)))....((.....))...(((........))).,15,-4.999,8,0.000075
1199,..(((....(.((((.(((....)))))))..))))....((.....))...(((........))).,16,-4.999,10,0.000075
1200,...((.....))..(((....)))............((....))........((((......)))).,11,-4.998,28,0.000075
1201,.......(((.((.(((((.....((...((((.......))))))..))))).)).))).......,16,-4.998,43,0.000075
1202,..............(((....)))....(.......)...(((...)))...((((......)))).,11,-4.997,20,0.000075
1203,..........(..(((......))).).............(((...)))...((((......)))).,11,-4.997,19,0.000075
1204,.......(((.(..(((((....((..........))...........)))))..).))).......,11,-4.996,38,0.000075
1205,...........((((..((....)).))))..........((.....))..((...)).........,10,-4.996,13,0.000075
1206,..(((...(..((((.(((....))))))).).)))....((.....))...(((........))).,16,-4.995,10,0.000075
1207,..((...))..((((.(((....)))))))..............(.....).((((......)))).,14,-4.994,10,0.000075
1208,..((...)).....((......))...(((.........)))..........((((......)))).,11,-4.992,25,0.000074
1209,...........((((...........))))....((..............))((((......)))).,10,-4.992,14,0.000074
1210,...........((((.(((....))))))).............(((...)))(((........))).,13,-4.991,12,0.000074
1211,.....(..((.((((.(((....)))))))..))..)...((.....))...(((.((...))))).,17,-4.99,11,0.000074
1212,.....(..((.((((.(((....)))))))..))..)...((.....))...((((.(...))))).,17,-4.99,8,0.000074
1213,.....(..((.(((..(((....))).)))..))..)...............((((......)))).,13,-4.99,12,0.000074
1214,...........((((.(((....)))))))....((((....))......))((((......)))).,15,-4.988,12,0.000074
1215,.......(((.((.(((((.....((.(((..(...)..)))..))..))))).)).))).......,16,-4.988,41,0.000074
1216,...........((((.(((....)))))))....(((...(((...)))..((...))....)))..,15,-4.985,16,0.000073
1217,...........((((..((....)).))))..........((.....)).......((...))....,10,-4.984,13,0.000073
1218,.....(..((.((((.(((....)))))))..))..)...(.......)...((((......)))).,15,-4.984,8,0.000073
1219,..(.....)..((((...........)))).....((...........))..((((......)))).,11,-4.982,15,0.000073
1220,..(.....).....(((....)))............................((((......)))).,8,-4.982,23,0.000073
1221,...........((((.(((....))))))).(...)................((((......)))).,12,-4.98,6,0.000073
1222,...(((............)))...................((.....))...((((......)))).,9,-4.98,19,0.000073
1223,..((....((.((((.(((....)))))))..)).........)).......((((......)))).,15,-4.98,12,0.000073
1224,..((...))..((((.(((....)))))))....((..............))((((......)))).,15,-4.979,12,0.000073
1225,............(((((....)))).).........((....))........((((......)))).,11,-4.979,25,0.000073
1226,............(((((....))).)).........((....))........((((......)))).,11,-4.979,25,0.000073
1227,..(.....)..(((.............)))......................((((......)))).,8,-4.979,14,0.000073
1228,...(...)...((((.(((....)))))))..(...)...(((...)))...((((......)))).,16,-4.979,6,0.000073
1229,..((.....(.((((.(((....)))))))..).))....((.....))...((((......)))).,16,-4.978,6,0.000073
1230,...........(((..(((....))).)))..........((.....))...(((.((...))))).,13,-4.978,7,0.000072
1231,...........(((..(((....))).)))..........((.....))...((((.(...))))).,13,-4.978,4,0.000072
1232,..(.....)..((((.(((....))))))).......................(((......)))..,11,-4.977,8,0.000072
1233,.........(.((((..((....)).))))....).....((.....))...((((......)))).,13,-4.977,4,0.000072
1234,..........(..(((......))).).........((....))........((((......)))).,10,-4.977,25,0.000072
1235,.......(((.(..(((((..(.......((((.......)))))...)))))..).))).......,14,-4.976,43,0.000072
1236,...........((((.(((....)))))))...........(.....)....((((......)))).,12,-4.976,2,0.000072
1237,...(...)...((((.((......))))))..........((.....))...((((......)))).,13,-4.975,4,0.000072
1238,.......(.(.((((..((....)).))))....).)...............((((......)))).,12,-4.973,10,0.000072
1239,......(.((.((((((....))))...))..))..)...(((...)))...((((......)))).,16,-4.973,21,0.000072
1240,.....(....)...(((....)))................((.....))...((((......)))).,10,-4.973,19,0.000072
1241,...........(((..(((....))).)))..........(.......)...((((......)))).,11,-4.972,4,0.000072
1242,...........((((.(((....)))))))....(((..(...............).))).......,11,-4.972,19,0.000072
1243,...((.....)).((((....))))...............((.....))...((((......)))).,12,-4.972,20,0.000072
1244,...........((((.(((....)))))))..........(((...)))..................,10,-4.971,10,0.000072
1245,.....(....)((((.(((....)))))))...((.....))..........((((......)))).,14,-4.971,8,0.000072
1246,.......(((.((..((((.....(((.............))).....))))..)).))).......,12,-4.971,37,0.000072
1247,...(...)...((((.(((....))))))).......((.....))......((((......)))).,14,-4.97,10,0.000072
1248,..((...)).....(((....)))..((.......))...((.....))...((((......)))).,13,-4.97,23,0.000072
1249,..........(..((((....)))).)..((((.......))))........(((.((...))))).,14,-4.969,32,0.000071
1250,..........(..((((....)))).)..((((.......))))........((((.(...))))).,14,-4.969,29,0.000071
1251,.........(.((((...........))))..)...(......)........((((......)))).,10,-4.969,14,0.000071
1252,...........((((..((....)).))))..(...)...((.....))...(((........))).,12,-4.968,6,0.000071
1253,..(.....)..((((.((......))))))...((.....))..........((((......)))).,13,-4.968,10,0.000071
1254,...((..............))........((((.......))))........((((......)))).,10,-4.968,27,0.000071
1255,...((..(((.(..(((((...(.....)((((.......))))....)))))..).))).))....,16,-4.966,45,0.000071
1256,...((...((.((((.(((....)))))))..))....))(((...)))...((((......)))).,18,-4.965,10,0.000071
1257,..(.....)..((((.(((....)))))))...((.....)).(((...)))((((......)))).,17,-4.965,14,0.000071
1258,..............(((....))).....((...........))........((((......)))).,9,-4.963,24,0.000071
1259,.......(((.(......).)))...((.......))...((.....))...((((......)))).,12,-4.962,22,0.000071
1260,...........((((..((....)).))))........(.....).......((((......)))).,11,-4.96,8,0.000070
1261,......(.((.((((((....)))...)))..))..)...(((...)))...((((......)))).,16,-4.96,19,0.000070
1262,.......(((.((.(((((.................((....))....))))).)).))).......,12,-4.959,40,0.000070
1263,.........(.((((.(((....)))))))..)....(.......)......((((......)))).,13,-4.959,8,0.000070
1264,..(.....)....((((....))))...............((.....))...((((......)))).,11,-4.959,19,0.000070
1265,..........((((.....)).))................(((...)))...((((......)))).,11,-4.959,20,0.000070
1266,.......(((.((.(((((.....((.(((.........)))..))..)))))).).))).......,15,-4.958,39,0.000070
1267,.......(((.((....)).)))...((.......))...((.....))...((((......)))).,13,-4.954,22,0.000070
1268,..(.....)..((((..((....)).))))..(.......)...........((((......)))).,12,-4.953,9,0.000070
1269,...((......((((.(((....))))))).))...................((((......)))).,13,-4.952,8,0.000069
1270,.......(((.(..(((((...(....(((.........)))...)..)))))..).))).......,13,-4.952,39,0.000069
1271,..((...))..((((...........)))).............(((...)))((((......)))).,13,-4.952,20,0.000069
1272,.....(..((.((((.((......))))))..))..)...............((((......)))).,13,-4.951,12,0.000069
1273,...........((((.(((....))))))).............(.......)((((......)))).,12,-4.951,6,0.000069
1274,...........((((.(((....)))))))......((....)).......................,9,-4.951,16,0.000069
1275,...........((((.(((....))))))).....((...........))..(((........))).,12,-4.95,9,0.000069
1276,..((...))....(((......)))....((((.......))))........((((......)))).,13,-4.949,29,0.000069
1277,......(.((.((((.(((....)))))))..))..)...((.....))...(((.((...))))).,17,-4.948,11,0.000069
1278,......(.((.((((.(((....)))))))..))..)...((.....))...((((.(...))))).,17,-4.948,8,0.000069
1279,......(.((.(((..(((....))).)))..))..)...............((((......)))).,13,-4.948,12,0.000069
1280,...........((((.(((....)))))))....(((..(...((.....))...).))).......,13,-4.947,23,0.000069
1281,..((...))..((((..((....)).))))......................(((........))).,11,-4.947,12,0.000069
1282,.......(((.(..(((((...(....(((.........))).)....)))))..).))).......,13,-4.946,39,0.000069
1283,...((..(((.(..(((((.............................)))))..).))).))....,11,-4.946,39,0.000069
1284,.........(.((((.(((....)))))))..).......((.....))...((..((...)).)).,14,-4.946,9,0.000069
1285,...((..(((..........)))..))..(((.........)))........((((......)))).,12,-4.946,30,0.000069
1286,...(....((.((((.(((....)))))))..))).................((((......)))).,14,-4.945,10,0.000069
1287,...........((((.(((....)))))))..(...)...(((...)))...(((.((...))))).,16,-4.943,9,0.000068
1288,...........((((.(((....)))))))..(...)...(((...)))...((((.(...))))).,16,-4.943,6,0.000068
1289,...........((((((....))))...))......(......)........((((......)))).,11,-4.942,19,0.000068
1290,......(.((.((((.(((....)))))))..))..)...(.......)...((((......)))).,15,-4.942,8,0.000068
1291,.......(((.(..(((((..((.......(((.......)))))...)))))..).))).......,14,-4.942,44,0.000068
1292,.........(.((((..((....)).))))..).......((.....))...(((.((...))))).,14,-4.94,9,0.000068
1293,.........(.((((..((....)).))))..).......((.....))...((((.(...))))).,14,-4.94,6,0.000068
1294,.........(.((((((....))...))))..).......(((...)))...((((......)))).,14,-4.94,13,0.000068
1295,...........((((.((......))))))..........((.....))...(((.((...))))).,13,-4.939,7,0.000068
1296,...........((((.((......))))))..........((.....))...((((.(...))))).,13,-4.939,4,0.000068
1297,...........(((..((......)).)))......................((((......)))).,9,-4.939,8,0.000068
1298,.......(((.((.(((((........(.((((.......)))).)..))))).)).))).......,15,-4.939,42,0.000068
1299,...(...).(.((((.(((....)))))))..).......((.....))...((((......)))).,15,-4.938,4,0.000068
1300,..........((((.....)).))............((....))........((((......)))).,10,-4.938,26,0.000068
1301,...........((((.(((....)))))))......((....))....((....))...........,11,-4.937,17,0.000068
1302,......(....((((.(((....)))))))......)...(((...)))...((((......)))).,15,-4.936,4,0.000068
1303,..(.....)...........(((...........)))...((.....))...((((......)))).,10,-4.936,22,0.000068
1304,........((.((((((....))))...))..))......(((...)))...((((......)))).,15,-4.936,19,0.000067
1305,..............((......))..((.......))...((.....))...((((......)))).,10,-4.935,18,0.000067
1306,..((...))..(((..(((....))).)))...((.....))..........((((......)))).,14,-4.935,12,0.000067
1307,...........((((.(((....))))))).......((.....))......(((.((...))))).,14,-4.935,13,0.000067
1308,...........((((.(((....))))))).......((.....))......((((.(...))))).,14,-4.935,10,0.000067
1309,.........(.((((..((....)).))))..).......(.......)...((((......)))).,12,-4.935,6,0.000067
1310,...........((((.((......))))))..........(.......)...((((......)))).,11,-4.934,4,0.000067
1311,...((..(((.(......).)))..))(((.........)))..........((((......)))).,13,-4.933,27,0.000067
1312,...........((((.(((....)))))))........(...).........((((......)))).,12,-4.933,6,0.000067
1313,...((......((((.(((....)))))))...)).................((((......)))).,13,-4.932,8,0.000067
1314,..............(((....)))........(...)...((.....))...((((......)))).,10,-4.932,19,0.000067
1315,...((....(.((((.(((....)))))))..))).................((((......)))).,14,-4.932,10,0.000067
1316,..(.....)..((.(((....)))....))..........((.....))...((((......)))).,12,-4.932,15,0.000067
1317,....((((((.(..(((((..((....(((.........))).))...)))))..).)))....))),17,-4.932,45,0.000067
1318,..(.....)..((((.(((....)))))))..........((.....))...((..........)).,12,-4.93,6,0.000067
1319,...........((((((....)))...)))......(......)........((((......)))).,11,-4.929,17,0.000067
1320,..((...))(.((((..((....)).))))..).......((.....))...((((......)))).,15,-4.929,8,0.000067
1321,...........(((.............)))..(...)...((.....))...((((......)))).,10,-4.929,10,0.000067
1322,...((...(..((((.(((....))))))).).)).................((((......)))).,14,-4.927,10,0.000067
1323,...((........((((....)))))).............(((...)))...((((......)))).,13,-4.927,21,0.000067
1324,...........((((.(((....)))))))..(...)...((.....))....(((......)))..,13,-4.927,4,0.000066
1325,..((....((.((((.(((....)))))))..)))).......((.....))((((......)))).,17,-4.926,16,0.000066
1326,.......(((.(..(((((.........((..(...)..)).......)))))..).))).......,12,-4.926,39,0.000066
1327,...........((((.(((....)))))))..(.......)..(((...)))((((......)))).,15,-4.926,11,0.000066
1328,....((..((.(((..(((....))).)))..))..))..((.....))...((((......)))).,16,-4.925,10,0.000066
1329,...........((((.(((....)))))))....(................)((((......)))).,12,-4.925,6,0.000066
1330,...((..(((.((....)).)))..))(((.........)))..........((((......)))).,14,-4.925,27,0.000066
1331,...........((((.(((....)))))))....(((......(((...))).....))).......,13,-4.925,24,0.000066
1332,.........(.(((((......)))...))..).......((.....))...((((......)))).,12,-4.924,14,0.000066
1333,.......(((.(..(((((........(((.(...)...)))......)))))..).))).......,13,-4.923,39,0.000066
1334,........((.((((((....)))...)))..))......(((...)))...((((......)))).,15,-4.922,17,0.000066
1335,..(.....)..((((.(.....)...))))..........((.....))...((((......)))).,12,-4.921,9,0.000066
1336,.............((((....)))).((.......))...(((...)))...((((......)))).,13,-4.921,21,0.000066
1337,........(..((((.(((....))))))).)........(((...)))...((((......)))).,15,-4.921,4,0.000066
1338,.........(.((((((....))...))))..)...((....))........((((......)))).,13,-4.919,19,0.000066
1339,.........(.((((...........))))..).......(((...)))...(((........))).,11,-4.919,12,0.000066
1340,...........((((...........)))).......................(((......)))..,7,-4.919,12,0.000066
1341,..(.....).....(((....)))...(.((((.......)))).)......((((......)))).,13,-4.916,29,0.000065
1342,......(.....)((((....))))....((((.......))))........((((......)))).,13,-4.916,27,0.000065
1343,..............(((....))).....((((.......)))).........(((......)))..,10,-4.916,28,0.000065
1344,........((.((((((....))))...))..))..((....))........((((......)))).,14,-4.915,25,0.000065
1345,.......(((..........))).....((.........))...........((((......)))).,9,-4.915,25,0.000065
1346,..(.....)..((((.(((....)))))))..........((.....))..((........))....,12,-4.915,12,0.000065
1347,...........((((.(((....))))))).............((.....))....((...))....,11,-4.914,19,0.000065
1348,..(((......((((.(((....)))))))...))).......((.....))((((......)))).,16,-4.913,14,0.000065
1349,.......(((.(..(((((((...................))......)))))..).))).......,11,-4.913,38,0.000065
1350,..(((....(.((((.(((....)))))))..)))).......((.....))((((......)))).,17,-4.913,16,0.000065
1351,......((((.((((.(((....)))))))....(((..((..(((...))).).).)))..)))).,19,-4.911,29,0.000065
1352,..((...))..((((...........)))).....((...........))..((((......)))).,12,-4.911,17,0.000065
1353,...........((((.(((....))))))).....((.(......)..))..((((......)))).,14,-4.911,9,0.000065
1354,..((...)).....(((....)))............................((((......)))).,9,-4.911,25,0.000065
1355,.........(.(((((......))...)))..).......((.....))...((((......)))).,12,-4.911,12,0.000065
1356,........((.((((.(((....)))))))..))......((.....))...(((.((...))))).,16,-4.91,9,0.000065
1357,........((.((((.(((....)))))))..))......((.....))...((((.(...))))).,16,-4.91,6,0.000065
1358,...........((((..(......).))))....(.....)...........((((......)))).,10,-4.91,9,0.000065
1359,........((.(((..(((....))).)))..))..................((((......)))).,12,-4.91,10,0.000065
1360,...........((((.(((....)))))))...(...........)......((((......)))).,12,-4.91,6,0.000065
1361,...(.......)..(((....))).....((((.......))))........((((......)))).,12,-4.909,27,0.000065
1362,......(.((.((((.((......))))))..))..)...............((((......)))).,13,-4.909,12,0.000065
1363,.......(((.(..(((((..(..(((.............))).)...)))))..).))).......,13,-4.909,39,0.000064
1364,..(((...(..((((.(((....))))))).).))).......((.....))((((......)))).,17,-4.909,16,0.000064
1365,..((...))..(((.............)))......................((((......)))).,9,-4.908,16,0.000064
1366,.....(((((.(..(((((...(...)..((((.......))))....)))))..).)))....)).,16,-4.907,44,0.000064
1367,...((........((((....)))))).........((....))........((((......)))).,12,-4.906,27,0.000064
1368,...........((((...........))))...((.....)).(((...)))((((......)))).,13,-4.906,18,0.000064
1369,..(.....)..(((..(((....))).)))..(...)...((.....))...((((......)))).,14,-4.906,6,0.000064
1370,..(.....)..((((.(.......).))))..........((.....))...((((......)))).,12,-4.906,8,0.000064
1371,..((...))..((((.(((....))))))).......................(((......)))..,12,-4.906,10,0.000064
1372,.......(((.((..((((..........((((.......))))....)))).).).))).......,13,-4.904,41,0.000064
1373,........((.((((.(((....)))))))..))......(.......)...((((......)))).,14,-4.904,6,0.000064
1374,..(.....)..((((.(((....)))))))..........((.....))...(((.(.....)))).,14,-4.904,5,0.000064
1375,.......(((.(......).))).............................((((......)))).,8,-4.903,24,0.000064
1376,.........(.((((..(......).))))..)...................((((......)))).,10,-4.902,10,0.000064
1377,...(...)...((((.(((....)))))))..........((.....))...(((........))).,13,-4.902,4,0.000064
1378,........((.((((((....)))...)))..))..((....))........((((......)))).,14,-4.901,23,0.000064
1379,.......(((.((.(((((..((....................))...))))).)).))).......,12,-4.9,40,0.000064
1380,.........(.((((...........))))..)...(...........)...((((......)))).,10,-4.9,13,0.000064
1381,...........((((..(....)...))))..........(((...)))...((((......)))).,12,-4.9,9,0.000064
1382,........(..((((.(((....))))))).)....((....))........((((......)))).,14,-4.9,10,0.000064
1383,..(.....)..((((.(((....)))))))....(.....)..(((...)))((((......)))).,16,-4.899,13,0.000063
1384,..........((..(.....).))...(((.........)))..........((((......)))).,10,-4.899,22,0.000063
1385,..(.....)..((((...........))))..........((.....))...(((.((...))))).,12,-4.898,13,0.000063
1386,..(.....)..((((...........))))..........((.....))...((((.(...))))).,12,-4.898,10,0.000063
1387,.........(.((((...........))))..)...((....))........(((........))).,10,-4.898,18,0.000063
1388,..(.....)..((((.(((....)))))))....(((..((..((.....))..)).))).......,15,-4.898,25,0.000063
1389,..(.....)..((((.(((....)))))))..........(((...)))...((..((...)).)).,15,-4.898,11,0.000063
1390,..((...))..((((.((......))))))...((.....))..........((((......)))).,14,-4.897,12,0.000063
1391,.......(((.((....)).))).............................((((......)))).,9,-4.895,24,0.000063
1392,..(.....)..((((.(((....)))))))...((.....))..........(((........))).,13,-4.894,10,0.000063
1393,.......(((.((((...........))))..))..)...(((...)))...((((......)))).,14,-4.894,14,0.000063
1394,..((...))..((((.(((....)))))))...((.....)).(((...)))((((......)))).,18,-4.894,16,0.000063
1395,..(.....)..((((...........))))..........(.......)...((((......)))).,10,-4.892,10,0.000063
1396,..(.....)..((((..((....)).))))..........(((...)))...(((.((...))))).,15,-4.892,11,0.000063
1397,..(.....)..((((..((....)).))))..........(((...)))...((((.(...))))).,15,-4.892,8,0.000063
1398,...........((((((....))))...))..........(((...)))...(((........))).,12,-4.892,17,0.000063
1399,...........((((.(((....)))))))..........(.(...).)...((((......)))).,13,-4.89,4,0.000062
1400,..........((..........)).....(((.........)))........((((......)))).,9,-4.889,24,0.000062
1401,..((...))....((((....))))...............((.....))...((((......)))).,12,-4.888,21,0.000062
1402,....((..((.((((.((......))))))..))..))..((.....))...((((......)))).,16,-4.887,10,0.000062
1403,......((((.(..(((((........(((.........)))......)))))..).).....))).,13,-4.886,36,0.000062
1404,.......(....)((((....))))....((((.......))))........((((......)))).,13,-4.886,27,0.000062
1405,..((....((.(((..(((....))).)))..))))....(((...)))...((((......)))).,17,-4.885,12,0.000062
1406,.............((((....))))...((.....))...(((...)))...((((......)))).,13,-4.885,21,0.000062
1407,...........((((((....))))...))..(...)...............((((......)))).,11,-4.885,19,0.000062
1408,...........((((.(((....)))))))....(.....)...(.....).((((......)))).,13,-4.883,7,0.000062
1409,.......(((.(..(((((..((...........))((....))....)))))..).))).......,13,-4.883,44,0.000062
1410,..(.....)...(((.(((....))))))((((.......))))........((((......)))).,15,-4.883,13,0.000062
1411,...........((((..((....)).))))..(...)......((.....))((((......)))).,13,-4.882,12,0.000062
1412,..((...))..((((..((....)).))))..(.......)...........((((......)))).,13,-4.882,11,0.000062
1413,...........((((..(....)...))))......((....))........((((......)))).,11,-4.879,15,0.000061
1414,.......(((.((..((((...(.....)((((.......))))....))))..)).))).......,14,-4.879,42,0.000061
1415,...........((((..((....)).))))...(.......)..........((((......)))).,11,-4.879,7,0.000061
1416,...........((((..((....)).)))).(...)....((.....))...((((......)))).,13,-4.879,4,0.000061
1417,...........((((((....)))...)))..........(((...)))...(((........))).,12,-4.878,15,0.000061
1418,.....(..((.((((.(((....)))))))..))..)...............(((........))).,13,-4.878,12,0.000061
1419,..(.....)..((((.(((....)))))))......((....))........((..((...)).)).,14,-4.877,17,0.000061
1420,...........((((.(((....)))))))...((.....))..((...)).((((......)))).,15,-4.877,10,0.000061
1421,...........((((.(.(....).)))))..........(((...)))...((((......)))).,13,-4.876,4,0.000061
1422,..(.....)..(((((......)))...))..........(((...)))...((((......)))).,13,-4.876,16,0.000061
1423,..............((......))............................((((......)))).,6,-4.876,20,0.000061
1424,..(.....)..((((..((....)).))))..........((.....))....(((......)))..,12,-4.875,6,0.000061
1425,.........(.((((.(((....)))))))..)...........(.....).((((......)))).,13,-4.875,8,0.000061
1426,...........((((.(((....)))))))......((....)).(...)..((((......)))).,14,-4.875,10,0.000061
1427,..........((.((.....))))................((.....))...((((......)))).,10,-4.874,18,0.000061
1428,...........((((((....))))...))......(...........)...((((......)))).,11,-4.873,18,0.000061
1429,..(((......(((..(((....))).)))...)))....(((...)))...((((......)))).,16,-4.872,10,0.000061
1430,..(((....(.(((..(((....))).)))..))))....(((...)))...((((......)))).,17,-4.872,12,0.000061
1431,........((.((((.((......))))))..))..................((((......)))).,12,-4.872,10,0.000061
1432,...........((((...........))))..........((.....))...((..........)).,8,-4.871,10,0.000061
1433,...........((((((....)))...)))..(...)...............((((......)))).,11,-4.871,17,0.000061
1434,..(.....).....(((....)))....((.....))...((.....))...((((......)))).,12,-4.871,21,0.000061
1435,..(.....)..((((..((....)).))))......((....))........(((.((...))))).,14,-4.871,17,0.000061
1436,..(.....)..((((..((....)).))))......((....))........((((.(...))))).,14,-4.871,14,0.000061
1437,...........((((((....))))...))......((....))........(((........))).,11,-4.871,23,0.000060
1438,.....(((((.((.(((((........(((..(...)..)))......))))).)).)))....)).,16,-4.871,41,0.000060
1439,.....(....)((((.(((....)))))))..(...)...((.....))...((((......)))).,15,-4.871,4,0.000060
1440,.......(((.(..(((((.....(..(((..(...)..)))..)...)))))..).))).......,14,-4.87,40,0.000060
1441,.......(((.(..(((((.....(((.(.......)...))).....)))))..).))).......,13,-4.87,38,0.000060
1442,.......(((.(..(((((..((.(((.((.....))...)))))...)))))..).))).......,16,-4.869,43,0.000060
1443,..(.....)..((((.((......))))))..(...)...((.....))...((((......)))).,14,-4.868,6,0.000060
1444,..(((...(..(((..(((....))).))).).)))....(((...)))...((((......)))).,17,-4.868,12,0.000060
1445,.........(...((((....)))).).........................((((......)))).,9,-4.868,22,0.000060
1446,...........(((..(((....))).)))......................(((........))).,9,-4.866,8,0.000060
1447,...........((((..((....)).))))..........(((...)))...((..........)).,11,-4.865,8,0.000060
1448,..((...))...........(((...........)))...((.....))...((((......)))).,11,-4.865,24,0.000060
1449,...........((((.(....)....))))..........((.....))...((((......)))).,11,-4.864,7,0.000060
1450,.....(....)((((...........))))......................((((......)))).,9,-4.863,12,0.000060
1451,..(.....)..(((((......))...)))..........(((...)))...((((......)))).,13,-4.862,14,0.000060
1452,..(.....).(..(((......))).)..((((.......))))........((((......)))).,13,-4.861,28,0.000059
1453,...........((((.(((....)))))))..........(.......)...(((........))).,11,-4.86,4,0.000059
1454,..((...))..((.(((....)))....))..........((.....))...((((......)))).,13,-4.86,17,0.000059
1455,...........((((((....)))...)))......(...........)...((((......)))).,11,-4.86,16,0.000059
1456,.......(((.((..((((.............................))))..)).))).......,9,-4.859,36,0.000059
1457,..((...))..((((.(((....)))))))..........((.....))...((..........)).,13,-4.859,8,0.000059
1458,...((..(((.(......).)))..))...(((.......))).........((((......)))).,13,-4.858,30,0.000059
1459,...........((((((....)))...)))......((....))........(((........))).,11,-4.857,21,0.000059
1460,...........((((((....))...))))...((.....))..........((((......)))).,12,-4.857,15,0.000059
1461,...........((((.(((....)))))))..........((.....))..((((...)).))....,13,-4.856,12,0.000059
1462,...........((((...........))))..........((.....))..((........))....,8,-4.856,16,0.000059
1463,.......(...((((.(((....)))))))......)...(((...)))...((((......)))).,15,-4.856,4,0.000059
1464,...........((((.(((....)))))))......................(((..(...).))).,11,-4.856,8,0.000059
1465,...........((((.(.(....).)))))......((....))........((((......)))).,12,-4.856,10,0.000059
1466,..(.....)..(((((......)))...))......((....))........((((......)))).,12,-4.855,22,0.000059
1467,......((((.((((.(((....)))))))....(((..(((.....))......).)))..)))).,17,-4.854,19,0.000059
1468,.......(((.((.(((((..((..((.............)).))...))))).)).))).......,14,-4.854,40,0.000059
1469,.............(((......)))...............((.....))...((((......)))).,9,-4.853,16,0.000059
1470,.....(....)..((((....))))..(((.........)))..........((((......)))).,12,-4.852,24,0.000059
1471,..........(((((.(((....)))))))....).....(((...)))...((((......)))).,15,-4.851,4,0.000058
1472,...((......((((..((....)).)))).)).......((.....))...((((......)))).,14,-4.851,6,0.000058
1473,..((...))..((((.(.....)...))))..........((.....))...((((......)))).,13,-4.85,11,0.000058
1474,...........((((..((....)).))))..........(((...)))..((........))....,11,-4.85,14,0.000058
1475,...........((((.(((....)))))))..........((.....))...((.(......).)).,12,-4.85,2,0.000058
1476,...((..(((.((....)).)))..))...(((.......))).........((((......)))).,14,-4.85,30,0.000058
1477,.....(..((.((((..(......).))))..))..)...((.....))...((((......)))).,14,-4.85,10,0.000058
1478,...........((((.(((....)))))))......((....))....(..((...)).).......,12,-4.849,20,0.000058
1479,...........((((.(((....))))))).((.......)).((.....))((((......)))).,15,-4.849,10,0.000058
1480,..............(((....)))....((.........))...........(((........))).,8,-4.847,24,0.000058
1481,..((....((.((((.((......))))))..))))....(((...)))...((((......)))).,17,-4.847,12,0.000058
1482,...........((((.(((....)))))))......((....))....(..((........))..).,12,-4.846,18,0.000058
1483,.......(((.(..(((((......(.(((.........)))...)..)))))..).))).......,13,-4.846,38,0.000058
1484,...((..(((..........)))..)).............(((...)))...((((......)))).,12,-4.846,24,0.000058
1485,...........((((...........))))..........((.....))...(((.(.....)))).,10,-4.846,9,0.000058
1486,...........((((.(((....)))))))..........(((...)))...((..(.....).)).,13,-4.845,7,0.000058
1487,..((...)).....(((....)))...(.((((.......)))).)......((((......)))).,14,-4.845,31,0.000058
1488,...........((((..((....)).))))......((....))........((..........)).,10,-4.845,14,0.000058
1489,..((...))..((((.(((....)))))))..........((.....))..((........))....,13,-4.843,14,0.000058
1490,...(....((.((((..((....)).))))..))).....((.....))...((((......)))).,15,-4.843,8,0.000058
1491,.....(...).((((...........))))..........(((...)))...((((......)))).,12,-4.843,10,0.000058
1492,.....(((((.((.(((((........(((.........)))......)))))).).)))....)).,15,-4.842,39,0.000058
1493,..(.....)..(((((......))...)))......((....))........((((......)))).,12,-4.842,20,0.000058
1494,...(((............)))........(((.........)))........((((......)))).,10,-4.841,27,0.000058
1495,...........((((...........))))....(.....)..(((...)))((((......)))).,12,-4.841,17,0.000057
1496,...........((((..((....)).))))..........(((...)))...(((.(.....)))).,13,-4.839,7,0.000057
1497,...........((((...........))))....(((..((..((.....))..)).))).......,11,-4.839,29,0.000057
1498,...........((((...........))))..........(((...)))...((..((...)).)).,11,-4.839,15,0.000057
1499,.....(((((.((..((((..........((((.......))))....))))..)).)))....)).,15,-4.837,43,0.000057
1500,.......(((.(......).)))....(.((((.......)))).)......((((......)))).,13,-4.837,30,0.000057
1501,...........((((..((....)).))))....(.....)...........(((........))).,10,-4.836,9,0.000057
1502,...........((((...........))))...((.....))..........(((........))).,9,-4.836,14,0.000057
1503,......(.((.((((.(((....)))))))..))..)...............(((........))).,13,-4.836,12,0.000057
1504,..((...))..(((..(((....))).)))..(...)...((.....))...((((......)))).,15,-4.835,8,0.000057
1505,..((...))..((((.(.......).))))..........((.....))...((((......)))).,13,-4.835,10,0.000057
1506,.....(....)...(((....))).....(((.........)))........((((......)))).,11,-4.834,27,0.000057
1507,..(((......((((.((......))))))...)))....(((...)))...((((......)))).,16,-4.834,10,0.000057
1508,..(((....(.((((.((......))))))..))))....(((...)))...((((......)))).,17,-4.834,12,0.000057
1509,...........((((..((....)).))))....(((..((..(((...)))..)).))).......,14,-4.833,27,0.000057
1510,..((...))..((((.(((....)))))))..........((.....))...(((.(.....)))).,15,-4.833,7,0.000057
1511,...((.....)).((((....))))....(((.........)))........((((......)))).,13,-4.833,28,0.000057
1512,.........(.((((...........))))..)..........(((...)))((((......)))).,12,-4.833,18,0.000057
1513,......((((.((((.(((....)))))))....(((...(..((.....)).)...)))..)))).,17,-4.833,26,0.000057
1514,..(.....).....((......))....((.........))...........((((......)))).,9,-4.832,23,0.000057
1515,.......(((.((.(((((..........(((.........)))....)))))).).))).......,13,-4.831,40,0.000057
1516,.............((((....))))...((..(...)..))...........((((......)))).,11,-4.831,24,0.000057
1517,..........(..((((....)))).)......((.....))..........((((......)))).,11,-4.83,24,0.000056
1518,...((......((((..((....)).))))...)).....((.....))...((((......)))).,14,-4.83,6,0.000056
1519,...((......((((.(((....)))))))........))............((((......)))).,13,-4.83,8,0.000056
1520,...((....(.((((..((....)).))))..))).....((.....))...((((......)))).,15,-4.83,8,0.000056
1521,..(((...(..((((.((......)))))).).)))....(((...)))...((((......)))).,17,-4.829,12,0.000056
1522,...........((((..((....)).))))......((....)).......((........))....,10,-4.829,20,0.000056
1523,.......(((.((....)).)))....(.((((.......)))).)......((((......)))).,14,-4.829,30,0.000056
1524,........((.((((.(((....)))))))..))(.....)...........((((......)))).,14,-4.829,9,0.000056
1525,.......(((.(..(((((.(((...........))).(.....)...)))))..).))).......,13,-4.828,44,0.000056
1526,.........(.((((..((....)).))))..)...................(((........))).,10,-4.828,10,0.000056
1527,..((...))..((((.(((....)))))))....(.....)..(((...)))((((......)))).,17,-4.828,15,0.000056
1528,...........((((.((......))))))......................(((........))).,9,-4.828,8,0.000056
1529,..(.....)..((((.(((....)))))))..............((...)).((((......)))).,14,-4.827,10,0.000056
1530,..((....((.((((((....))))...))..))))....((.....))...((((......)))).,16,-4.827,21,0.000056
1531,..((...))..((((...........))))..........((.....))...(((.((...))))).,13,-4.827,15,0.000056
1532,..((...))..((((...........))))..........((.....))...((((.(...))))).,13,-4.827,12,0.000056
1533,.....(((((.(..(((((..(.....(((.........)))...)..)))))..).)))....)).,15,-4.827,41,0.000056
1534,..((...))..((((.(((....)))))))....(((..((..((.....))..)).))).......,16,-4.826,27,0.000056
1535,..((...))..((((.(((....)))))))..........(((...)))...((..((...)).)).,16,-4.826,13,0.000056
1536,...((...(..((((..((....)).)))).).)).....((.....))...((((......)))).,15,-4.826,8,0.000056
1537,...........((.((......))....))..........((.....))...((((......)))).,10,-4.825,12,0.000056
1538,...((..(((..........)))..)).........((....))........((((......)))).,11,-4.825,30,0.000056
1539,.......(((.(..(((((..((.((...............))))...)))))..).))).......,13,-4.824,41,0.000056
1540,...........((((.(((....)))))))......((....))........((..(.....).)).,12,-4.824,13,0.000056
1541,............(((...........)))((((.......))))........((((......)))).,11,-4.824,17,0.000056
1542,..((...))..((((.(((....)))))))...((.....))..........(((........))).,14,-4.823,12,0.000056
1543,..(.....).((((.....)).)).....((((.......))))........((((......)))).,13,-4.823,29,0.000056
1544,.....(...).((((...........))))......((....))........((((......)))).,11,-4.822,16,0.000056
1545,.......(((.(..(((((.....((..((.........)))).....)))))..).))).......,13,-4.822,38,0.000056
1546,..(.....)..((((.(((....)))))))..........((.....))..((...)).........,12,-4.822,13,0.000056
1547,...........((((.(((....)))))))..........(((...)))..(((.....).))....,13,-4.822,13,0.000056
1548,..((...))..((((...........))))..........(.......)...((((......)))).,11,-4.821,12,0.000056
1549,..((...))..((((..((....)).))))..........(((...)))...(((.((...))))).,16,-4.821,13,0.000056
1550,..((...))..((((..((....)).))))..........(((...)))...((((.(...))))).,16,-4.821,10,0.000056
1551,..(.....)....((((....))))....(((.........)))........((((......)))).,12,-4.82,27,0.000056
1552,......((((.(((..(((....))).)))....(((..((..((.....))..)).)))..)))).,17,-4.82,29,0.000056
1553,......((((.(..(((((..........((((.......))))....)))))..).)).....)).,14,-4.819,41,0.000055
1554,...........((((..((....)).))))......((....))........(((.(.....)))).,12,-4.819,13,0.000055
1555,...........((((...........))))......((....))........((..((...)).)).,10,-4.818,21,0.000055
1556,...((..(((.(..(((((...(...)..((((.......))))....)))))..).))).))....,16,-4.818,45,0.000055
1557,...(...)...((((.(((....))))))).............((.....))((((......)))).,14,-4.816,10,0.000055
1558,.......(((.(..(((((........(.((((.......)))))...)))))..).))).......,14,-4.815,42,0.000055
1559,......((((.((((...........))))....(((..(...............).)))..)))).,12,-4.814,29,0.000055
1560,..........(....)....(((...........)))...((.....))...((((......)))).,10,-4.814,22,0.000055
1561,....((..((.((((.(((....)))))))..))..))..((.....))...(((........))).,16,-4.814,10,0.000055
1562,..(((......((((((....))))...))...)))....((.....))...((((......)))).,15,-4.814,19,0.000055
1563,..(((....(.((((((....))))...))..))))....((.....))...((((......)))).,16,-4.813,21,0.000055
1564,..((....((.((((((....)))...)))..))))....((.....))...((((......)))).,16,-4.813,19,0.000055
1565,...........((((..((....)).))))....((....((.....)).))((((......)))).,14,-4.812,6,0.000055
1566,..((...))...(((.(((....))))))((((.......))))........((((......)))).,16,-4.811,15,0.000055
1567,...........((((.(((....)))))))......(((.....))..)...((((......)))).,14,-4.811,9,0.000055
1568,..(.....)..((((.(((....)))))))..........((.....)).......((...))....,12,-4.81,13,0.000055
1569,..........((.(.....)..)).....((((.......))))........((((......)))).,11,-4.81,26,0.000055
1570,..(.....).....(((....)))...(((..(...)..)))..........((((......)))).,12,-4.81,26,0.000055
1571,..............((......))...(.((((.......)))).)......((((......)))).,11,-4.81,26,0.000055
1572,..(((...(..((((((....))))...)).).)))....((.....))...((((......)))).,16,-4.809,21,0.000054
1573,......(...)((((.(((....)))))))..........(((...)))...((((......)))).,15,-4.808,4,0.000054
1574,..(((.....(..((((....)))).)......)))....((.....))...((((......)))).,14,-4.808,24,0.000054
1575,......(.((.((((..(......).))))..))..)...((.....))...((((......)))).,14,-4.807,10,0.000054
1576,..(.....)..((((((....))...))))......................((((......)))).,11,-4.807,15,0.000054
1577,...((........((((....))))......)).......(((...)))...((((......)))).,13,-4.806,23,0.000054
1578,...........((((((....))))...)).............(((...)))((((......)))).,13,-4.806,23,0.000054
1579,..((...))..((((.(((....)))))))......((....))........((..((...)).)).,15,-4.806,19,0.000054
1580,...........((((.(((....)))))))............(....)....((((......)))).,12,-4.805,5,0.000054
1581,..(.....)..((((..((....)).)))).((.......))..........((((......)))).,13,-4.805,10,0.000054
1582,..((...))..(((((......)))...))..........(((...)))...((((......)))).,14,-4.805,18,0.000054
1583,...........((((...(....)..))))......................((((......)))).,9,-4.804,8,0.000054
1584,..((...))..((((..((....)).))))..........((.....))....(((......)))..,13,-4.804,8,0.000054
1585,.......(((.((((..((....)).))))..))..)...............((((......)))).,13,-4.804,12,0.000054
1586,.............((((....))))..(((.........))).((.....))((((......)))).,13,-4.804,26,0.000054
1587,...........((((..(......).))))..(...)...(((...)))...((((......)))).,13,-4.803,8,0.000054
1588,..(.....).....(((....)))..((.......))...(((...)))...((((......)))).,13,-4.803,23,0.000054
1589,...........((((.(((....)))))))......((....)).......(((.....).))....,12,-4.801,19,0.000054
1590,...........(((..(((....))).)))..(.......)...........((((......)))).,11,-4.8,7,0.000054
1591,..(((......((((((....)))...)))...)))....((.....))...((((......)))).,15,-4.8,17,0.000054
1592,..(((....(.((((((....)))...)))..))))....((.....))...((((......)))).,16,-4.8,19,0.000054
1593,..............(((....)))..........(.....)...........((((......)))).,8,-4.8,22,0.000054
1594,..(.....).(..((((....)))).).............((.....))...((((......)))).,12,-4.8,20,0.000054
1595,..((...)).....(((....)))....((.....))...((.....))...((((......)))).,13,-4.8,23,0.000054
1596,..((...))..((((..((....)).))))......((....))........(((.((...))))).,15,-4.8,19,0.000054
1597,..((...))..((((..((....)).))))......((....))........((((.(...))))).,15,-4.8,16,0.000054
1598,...(...(((.((.(((((..........((((.......))))....))))).)).)))..)....,15,-4.8,42,0.000054
1599,........((.((((.(((....)))))))..))..................(((........))).,12,-4.798,10,0.000053
1600,.........(.((.(((((........(((.........)))......))))).)).).........,11,-4.798,33,0.000053
1601,..........(((((...........))))..).......((.....))...((((......)))).,11,-4.797,8,0.000053
1602,...........(((.............)))....(.....)...........((((......)))).,8,-4.797,13,0.000053
1603,..((...))..((((.((......))))))..(...)...((.....))...((((......)))).,15,-4.797,8,0.000053
1604,...(((..((.((((.(((....)))))))..))..).))............((((......)))).,16,-4.796,14,0.000053
1605,...(((..((.((((.(((....)))))))..))..)).)............((((......)))).,16,-4.796,14,0.000053
1606,..(((...(..((((((....)))...))).).)))....((.....))...((((......)))).,16,-4.796,19,0.000053
1607,...........((((.(((....)))))))....(.....)............(((......)))..,11,-4.795,7,0.000053
1608,...........((((..(......).)))).......((.....))......((((......)))).,11,-4.795,12,0.000053
1609,..............(((....)))..(.........)...............((((......)))).,8,-4.794,22,0.000053
1610,..(.....)..((((.(((....)))))))..(...)...((.....))...(((........))).,14,-4.794,6,0.000053
1611,...........((((.(((....)))))))(....)....(((...)))...((((......)))).,15,-4.794,4,0.000053
1612,.....(((((.((.(((((.....((.(((.........)))..))..))))).)).)))....)).,17,-4.794,41,0.000053
1613,.......(.(.((((.(((....)))))))..)...)...............((((......)))).,13,-4.793,8,0.000053
1614,.......(((.(..(((((.(((...........))).(......)..)))))..).))).......,13,-4.793,44,0.000053
1615,...........((((((....)))...))).............(((...)))((((......)))).,13,-4.792,21,0.000053
1616,.........(.((((...........))))..)..((...........))..((((......)))).,11,-4.792,15,0.000053
1617,.......(((.(......).))).....((.....))...((.....))...((((......)))).,12,-4.792,22,0.000053
1618,.......(((.(..((((...............................))))..).))).......,8,-4.792,36,0.000053
1619,..((...))..(((((......))...)))..........(((...)))...((((......)))).,14,-4.791,16,0.000053
1620,...........((...............))..........((.....))...((((......)))).,8,-4.791,10,0.000053
1621,..........(((((..((....)).))))..).......(((...)))...((((......)))).,14,-4.791,6,0.000053
1622,......((((.((((...........))))....(((..(...((.....))...).)))..)))).,14,-4.79,33,0.000053
1623,..((...)).(..(((......))).)..((((.......))))........((((......)))).,14,-4.79,30,0.000053
1624,..........((..........))................(((...)))...((((......)))).,9,-4.789,18,0.000053
1625,..((.......((((.(((....)))))))....))................((((......)))).,13,-4.789,8,0.000053
1626,.........(.(((.............)))..)...................((((......)))).,8,-4.788,14,0.000053
1627,.............((((....)))).....(((.......))).........((((......)))).,11,-4.788,25,0.000053
1628,.........(.....)....(((...........)))...(((...)))...((((......)))).,11,-4.788,24,0.000053
1629,......(...)((((.(((....)))))))......((....))........((((......)))).,14,-4.787,10,0.000053
1630,.........(.((((.(((....)))))))..)....................(((......)))..,11,-4.787,8,0.000052
1631,..(.....)..((((.(((....)))))))........(.....).......((((......)))).,13,-4.786,8,0.000052
1632,..(.....)..((((...........))))......................(((........))).,8,-4.786,14,0.000052
1633,...((........((((....))))......))...((....))........((((......)))).,12,-4.786,29,0.000052
1634,.....(.(((.((.(((((........(((.........)))......))))).)).))).).....,14,-4.785,39,0.000052
1635,...........((((.(((....)))))))...........(....).....((((......)))).,12,-4.784,5,0.000052
1636,..((...))..(((((......)))...))......((....))........((((......)))).,13,-4.784,24,0.000052
1637,.......(((.((....)).))).....((.....))...((.....))...((((......)))).,13,-4.784,22,0.000052
1638,..(.....)..(.((((((.(((......((((.......)))).........))).)).)))).).,15,-4.784,41,0.000052
1639,......((((.((((..((....)).))))....(((..(...(((...)))...).)))..)))).,17,-4.784,31,0.000052
1640,..(((........(((......)))........)))....((.....))...((((......)))).,12,-4.783,22,0.000052
1641,..(.....).....(((....))).....((((.......))))........(((........))).,11,-4.783,30,0.000052
1642,........((.((((..((....)).))))..)).((...........))..((((......)))).,14,-4.782,13,0.000052
1643,......((((.((((.((......))))))....(((..((..((.....))..)).)))..)))).,17,-4.782,29,0.000052
1644,...((..(((.((.(((((........(((..(...)..)))......))))).)).))).))....,16,-4.782,42,0.000052
1645,.......(((.((.(((((..............((.....))......))))).)).))).......,12,-4.781,38,0.000052
1646,...........((((.(((....))))))).............((.....))(((.((...))))).,14,-4.78,13,0.000052
1647,...........((((.(((....))))))).............((.....))((((.(...))))).,14,-4.78,10,0.000052
1648,..(.....)..((((..((....)).)))).......(....).........((((......)))).,12,-4.779,10,0.000052
1649,.......(((.((.(((((..........((...........))....))))).)).))).......,12,-4.778,39,0.000052
1650,...((.....))..((......))...(((.........)))..........((((......)))).,11,-4.777,24,0.000052
1651,...((......((((.(((....)))))))........))((.....))...((((......)))).,15,-4.777,4,0.000052
1652,.....(..((.((((..((....)).))))..))..)...((.....))...(((........))).,14,-4.776,10,0.000052
1653,.......(((.(..(((((...(....(((.........)))..)...)))))..).))).......,13,-4.776,39,0.000052
1654,...........(.((((((.((((.....((((.......)))).......)).)).)).)))).).,15,-4.776,40,0.000051
1655,...........(.((((((.((((.....((((.......)))).......).))).)).)))).).,15,-4.776,40,0.000051
1656,...(...)...(((..(((....))).)))..........(((...)))...((((......)))).,14,-4.775,6,0.000051
1657,..(.....)..(((..(((....))).)))....(.....)...........((((......)))).,12,-4.774,9,0.000051
1658,..((....((.((((.(((....)))))))..))))....(((...)))...(((........))).,17,-4.774,12,0.000051
1659,(...)......((((.(((....)))))))..........(((...)))...((((......)))).,15,-4.773,4,0.000051
1660,..((...))..(((((......))...)))......((....))........((((......)))).,13,-4.77,22,0.000051
1661,..........(((((..((....)).))))..)...((....))........((((......)))).,13,-4.77,12,0.000051
1662,........((.((((..(......).))))..))......((.....))...((((......)))).,13,-4.77,8,0.000051
1663,...........((((.(((....)))))))..........((.....))..(.....).........,10,-4.769,10,0.000051
1664,...........((((...........))))..............((...)).((((......)))).,10,-4.768,14,0.000051
1665,..........((..........))............((....))........((((......)))).,8,-4.768,24,0.000051
1666,............(((.(((....)))))).......................((((......)))).,10,-4.768,6,0.000051
1667,..(.....)(.((((...........))))..).......((.....))...((((......)))).,12,-4.767,10,0.000051
1668,......((((.((((...........))))....(((......(((...))).....)))..)))).,14,-4.767,34,0.000051
1669,........((.((((..((....)).))))..))...((.....))......((((......)))).,14,-4.765,14,0.000051
1670,...........((((((....))))...)).....((...........))..((((......)))).,12,-4.765,20,0.000051
1671,..............((......))....((.....))...((.....))...((((......)))).,10,-4.765,18,0.000051
1672,...........((((...........))))..........((.....))..((...)).........,8,-4.763,17,0.000050
1673,...........((((.((......))))))..(.......)...........((((......)))).,11,-4.762,7,0.000050
1674,..(.....)(.((((..((....)).))))..).......(((...)))...((((......)))).,15,-4.761,8,0.000050
1675,..........(..((((....)))).)..((...........))........((((......)))).,11,-4.761,25,0.000050
1676,..((...)).....((......))....((.........))...........((((......)))).,10,-4.76,25,0.000050
1677,..(((......((((.(((....)))))))...)))....(((...)))...(((........))).,16,-4.76,10,0.000050
1678,..(((....(.((((.(((....)))))))..))))....(((...)))...(((........))).,17,-4.76,12,0.000050
1679,.......(..(..((((....)))).)..)..........((.....))...((((......)))).,12,-4.76,19,0.000050
1680,...........((((.(((....)))))))..........((.....)).......(.....)....,10,-4.758,9,0.000050
1681,...........((((..((....)).))))..........(((...)))..((...)).........,11,-4.757,15,0.000050
1682,...........((((((....))...))))..(...)...((.....))...((((......)))).,13,-4.757,11,0.000050
1683,..(((...(..((((.(((....))))))).).)))....(((...)))...(((........))).,17,-4.756,12,0.000050
1684,..((...))..((((.(((....)))))))..............((...)).((((......)))).,15,-4.756,12,0.000050
1685,...((.....))..(((....)))..((.......))...((.....))...((((......)))).,13,-4.755,22,0.000050
1686,...........((((..((....)).))))..........((.....))...(((..(...).))).,12,-4.754,6,0.000050
1687,...(...)...(((..(((....))).)))......((....))........((((......)))).,13,-4.754,12,0.000050
1688,.....(...).((((..((....)).))))......................((((......)))).,11,-4.753,8,0.000050
1689,(...)......((((.(((....)))))))......((....))........((((......)))).,14,-4.753,10,0.000050
1690,...((..(((.((.(((((........(((.........)))......)))))).).))).))....,15,-4.752,40,0.000050
1691,...........((((...........))))..........((.....)).......((...))....,8,-4.752,17,0.000049
1692,...........((((((....)))...))).....((...........))..((((......)))).,12,-4.751,18,0.000049
1693,.....(.....((((.(((....)))))))......)...............((((......)))).,12,-4.751,6,0.000049
1694,..((...)).((((.....)).)).....((((.......))))........((((......)))).,14,-4.751,31,0.000049
1695,.....(..((.((((.(((....)))))))..))..)...(((...)))...(((.((...))))).,18,-4.751,13,0.000049
1696,.....(..((.((((.(((....)))))))..))..)...(((...)))...((((.(...))))).,18,-4.751,10,0.000049
1697,.....(.(((.(..(((((........(((.........)))......)))))..).)))....)..,13,-4.751,38,0.000049
1698,..((...))..((((.(((....)))))))..........((.....))..((...)).........,13,-4.751,15,0.000049
1699,.......(((.(..(((((.......(.........)...........)))))..).))).......,10,-4.75,37,0.000049
1700,...........((((..((....)).)))).............((.....)).(((......)))..,11,-4.75,12,0.000049
1701,..(.....)..((((.(........)))))..........((.....))...((((......)))).,12,-4.749,6,0.000049
1702,.......(((.((.(((((.....(((.((.....))...))).....))))).)).))).......,15,-4.749,39,0.000049
1703,..((...))....((((....))))....(((.........)))........((((......)))).,13,-4.749,29,0.000049
1704,...........((((..((....)).))))......................((..((...)).)).,10,-4.748,13,0.000049
1705,.......(((.(..(((((..((....((...........)).))...)))))..).))).......,13,-4.748,40,0.000049
1706,...((..(((.((..((((..........((((.......))))....))))..)).))).))....,15,-4.748,44,0.000049
1707,...........((((.(((....))))))).(.((.....))..).......((((......)))).,14,-4.748,8,0.000049
1708,.......(((.(..(((((..((.(((.............))).))..)))))..).))).......,14,-4.747,41,0.000049
1709,...........((((..((....)).))))..........(((...))).......((...))....,11,-4.746,15,0.000049
1710,.......(((.(..(((((...(.(((.............)))..)..)))))..).))).......,13,-4.745,39,0.000049
1711,.........(.((((...........))))....).....((.....))...((((......)))).,11,-4.744,8,0.000049
1712,...(((..((.((((.(((....)))))))..))..).))((.....))...((((......)))).,18,-4.743,10,0.000049
1713,...(((..((.((((.(((....)))))))..))..)).)((.....))...((((......)))).,18,-4.743,10,0.000049
1714,...(((............)))...................(((...)))...((((......)))).,10,-4.741,21,0.000049
1715,(.......)..((((.(((....)))))))......................((((......)))).,12,-4.741,6,0.000049
1716,.........(.((.(((....)))....))..).......((.....))...((((......)))).,12,-4.741,15,0.000049
1717,.......(.(.((((...........))))....).)...............((((......)))).,10,-4.741,14,0.000049
1718,..(.....)(.((((..((....)).))))..)...((....))........((((......)))).,14,-4.74,14,0.000049
1719,..((.....(.((((.(((....)))))))..).))....(((...)))...((((......)))).,17,-4.74,8,0.000048
1720,.........(.((((.(((....)))))))..).......((.....))...((..........)).,12,-4.74,6,0.000048
1721,..((...))..((((.(((....)))))))..........((.....)).......((...))....,13,-4.739,15,0.000048
1722,.....(....)((((.(((....)))))))....(.....)...........((((......)))).,13,-4.739,7,0.000048
1723,...........(((..(((....))).)))..........(((...)))...(((.((...))))).,14,-4.739,9,0.000048
1724,...........(((..(((....))).)))..........(((...)))...((((.(...))))).,14,-4.739,6,0.000048
1725,..((...)).....(((....)))...(((..(...)..)))..........((((......)))).,13,-4.739,28,0.000048
1726,......((((.((.(((((........(((.........)))......))))).)).))).).....,14,-4.739,39,0.000048
1727,.............((((....))))...((.........))..((.....))((((......)))).,12,-4.738,26,0.000048
1728,.........(.((((..((....)).))))....).....(((...)))...((((......)))).,14,-4.738,6,0.000048
1729,...((..(((.(..(((((..(.....(((.........)))...)..)))))..).))).))....,15,-4.737,42,0.000048
1730,...........((((.(((....)))))))...........((...))....((((......)))).,13,-4.737,4,0.000048
1731,......((((.((((.(((....)))))))..(.(((..((..((.....))..)).))).))))).,19,-4.737,29,0.000048
1732,...........((((..((....)).))))......((....)).......((...)).........,10,-4.736,21,0.000048
1733,...(...)...((((.((......))))))..........(((...)))...((((......)))).,14,-4.736,6,0.000048
1734,.....(..((.(((.............)))..))..)...((.....))...((((......)))).,12,-4.736,14,0.000048
1735,...(((...)))..(((....))).....((((.......))))........((((......)))).,14,-4.736,31,0.000048
1736,..(.....)..((((.((......))))))....(.....)...........((((......)))).,12,-4.736,9,0.000048
1737,...........((((...........))))..(...)...((.....))...(((........))).,10,-4.736,10,0.000048
1738,..((...))..((((((....))...))))......................((((......)))).,12,-4.736,17,0.000048
1739,........((...((((....)))).))............((.....))...((((......)))).,12,-4.736,19,0.000048
1740,..........((.((.....)))).....(((.........)))........((((......)))).,11,-4.735,26,0.000048
1741,.....(..((.((((.(((....)))))))..))..)...((.....))....(((......)))..,15,-4.734,8,0.000048
1742,..(.....)..((((..((....)).))))(((.......))).........((((......)))).,14,-4.734,12,0.000048
1743,.....(....)...(((....)))................(((...)))...((((......)))).,11,-4.734,21,0.000048
1744,......(.((.((((..((....)).))))..))..)...((.....))...(((........))).,14,-4.734,10,0.000048
1745,..((...))..((((..((....)).)))).((.......))..........((((......)))).,14,-4.733,12,0.000048
1746,...((.....)).((((....))))...............(((...)))...((((......)))).,13,-4.733,22,0.000048
1747,.....(((((.(..(((((.........((.........)).......)))))..).)))....)).,13,-4.732,39,0.000048
1748,...........((((..((....)).))))........(......)......((((......)))).,11,-4.732,8,0.000048
1749,..((...)).....(((....)))..((.......))...(((...)))...((((......)))).,14,-4.731,25,0.000048
1750,.........(.((((.(.....)...))))..).......((.....))...((((......)))).,12,-4.731,9,0.000048
1751,.......(((.((..((((...(...)..((((.......))))....))))..)).))).......,14,-4.731,42,0.000048
1752,.......(((.(......).)))....(((..(...)..)))..........((((......)))).,12,-4.731,27,0.000048
1753,...........((((.(.(....)).))))..........((.....))...((((......)))).,12,-4.73,4,0.000048
1754,..........(..((((....)))).).....(...)...((.....))...((((......)))).,12,-4.73,20,0.000048
1755,...........((((..((....)).))))..(...)...(((...)))...(((........))).,13,-4.73,8,0.000048
1756,.......(((.((.(((((...(......((((.......)))))...))))).)).))).......,15,-4.729,43,0.000048
1757,..((...)).(..((((....)))).).............((.....))...((((......)))).,13,-4.729,22,0.000048
1758,....((..((.((((.(((....)))))))..))..)).....((.....))((((......)))).,17,-4.728,16,0.000047
1759,...........((((...........))))........(.....).......((((......)))).,9,-4.728,12,0.000047
1760,.......(((.(..(((((.........(.......)...........)))))..).))).......,10,-4.727,37,0.000047
1761,...........((((..(......).))))..........((.....))...(((........))).,10,-4.726,6,0.000047
1762,...........((((..((....)).))))......((....))............((...))....,10,-4.725,21,0.000047
1763,.........(.((((.(((....)))))))..).......((.....))..((........))....,12,-4.724,12,0.000047
1764,.......(((.(......).)))...((.......))...(((...)))...((((......)))).,13,-4.723,24,0.000047
1765,..((...))..((((.(((....)))))))..(...)...((.....))...(((........))).,15,-4.723,8,0.000047
1766,........((.((.(((((........(((.........)))......))))).)).))........,12,-4.723,35,0.000047
1767,.......(((.((....)).)))....(((..(...)..)))..........((((......)))).,13,-4.723,27,0.000047
1768,...........(((..(((....))).)))..........((.....))....(((......)))..,11,-4.722,4,0.000047
1769,...........((((((....))))..............))...........((((......)))).,10,-4.722,22,0.000047
1770,...........((((..((....)).)))).......((.....))......(((........))).,11,-4.721,12,0.000047
1771,..(.....)..((((...........))))..(.......)...........((((......)))).,10,-4.721,13,0.000047
1772,...(((............)))...............((....))........((((......)))).,9,-4.721,27,0.000047
1773,..(.....)....((((....))))...............(((...)))...((((......)))).,12,-4.72,21,0.000047
1774,...........(((..(((....))).)))......((....))........(((.((...))))).,13,-4.718,15,0.000047
1775,...........(((..(((....))).)))......((....))........((((.(...))))).,13,-4.718,12,0.000047
1776,.......(((.((.(((((.....(((.............))).....)))))).).))).......,13,-4.718,37,0.000047
1777,...........((((..((....)).))))....(((....................))).......,9,-4.716,20,0.000047
1778,...(...)...((((((....))))...))..........((.....))...((((......)))).,13,-4.716,15,0.000047
1779,...(...)...((((.((......))))))......((....))........((((......)))).,13,-4.716,12,0.000047
1780,.......(((.((....)).)))...((.......))...(((...)))...((((......)))).,14,-4.715,24,0.000047
1781,.........(.((((.(.......).))))..).......((.....))...((((......)))).,12,-4.715,8,0.000047
1782,..((...))..((((.(((....)))))))........(.....).......((((......)))).,14,-4.715,10,0.000046
1783,..((...))..((((...........))))......................(((........))).,9,-4.715,16,0.000046
1784,......((((.((((.(((....)))))))....((......................))..)))).,13,-4.714,20,0.000046
1785,..........(..((((....)))).)..((((.......)))).........(((......)))..,12,-4.714,29,0.000046
1786,...(((...((....)).)))........((((.......))))........((((......)))).,13,-4.714,31,0.000046
1787,..........(.((.....))..).....((((.......))))........((((......)))).,11,-4.714,26,0.000046
1788,.............(((......)))....(((.........)))........((((......)))).,10,-4.714,24,0.000046
1789,.........(.((((.(((....)))))))..).......((.....))...(((.(.....)))).,14,-4.714,5,0.000046
1790,...(...)...((((.(((....)))))))......(......)........((((......)))).,13,-4.713,8,0.000046
1791,.....(....)...(((....)))............((....))........((((......)))).,10,-4.713,27,0.000046
1792,..((...))..(.((((((.(((......((((.......)))).........))).)).)))).).,16,-4.712,43,0.000046
1793,...((.....)).((((....))))...........((....))........((((......)))).,12,-4.712,28,0.000046
1794,..((...)).....(((....))).....((((.......))))........(((........))).,12,-4.712,32,0.000046
1795,..(.....)..((((((....))))...))...((.....))..........((((......)))).,13,-4.709,21,0.000046
1796,......(.((.((((.(((....)))))))..))..)...(((...)))...(((.((...))))).,18,-4.709,13,0.000046
1797,......(.((.((((.(((....)))))))..))..)...(((...)))...((((.(...))))).,18,-4.709,10,0.000046
1798,...........((((((....)))..............)))...........((((......)))).,10,-4.709,23,0.000046
1799,.......(((.((.(((((...(.....)(((.........)))....))))).)).))).......,14,-4.709,41,0.000046
1800,...........((((.(((....)))))))....(((..(...(((...)))...).))).......,14,-4.709,25,0.000046
1801,..(.....)..((((.(((....)))))))..(...)......((.....))((((......)))).,15,-4.708,12,0.000046
1802,..((...))..((((..((....)).)))).......(....).........((((......)))).,13,-4.708,12,0.000046
1803,.........(.((((...........))))..).......((.....))...(((.((...))))).,12,-4.707,13,0.000046
1804,.........(.((((...........))))..).......((.....))...((((.(...))))).,12,-4.707,10,0.000046
1805,.........(.((((.(((....)))))))..).......(((...)))...((..((...)).)).,15,-4.707,11,0.000046
1806,............((.....))......(((.........)))..........((((......)))).,9,-4.706,21,0.000046
1807,...((..(((.((.(((((.....((.(((.........)))..))..))))).)).))).))....,17,-4.705,42,0.000046
1808,.......(((.((.(((((.....((...............)).....))))).)).))).......,12,-4.705,37,0.000046
1809,..(.....)..((((.(((....)))))))...(.......)..........((((......)))).,13,-4.705,7,0.000046
1810,..(.....)..((((.(((....))))))).(...)....((.....))...((((......)))).,15,-4.704,4,0.000046
1811,.......(((.(......).)))......((((.......))))........(((........))).,11,-4.704,31,0.000046
1812,......(...)...(((....))).....((((.......))))........((((......)))).,12,-4.704,28,0.000046
1813,....((((((.(..(((((........(((..(...)..)))......)))))..).)))....))),16,-4.704,43,0.000046
1814,..............((......))...(((..(...)..)))..........((((......)))).,10,-4.704,23,0.000046
1815,..((...))..(((..(((....))).)))....(.....)...........((((......)))).,13,-4.703,11,0.000046
1816,...(...)...((((((....)))...)))..........((.....))...((((......)))).,13,-4.703,13,0.000046
1817,...........((((.(((....))))))).....((((.....))..))..((((......)))).,15,-4.703,11,0.000046
1818,.........(.((((...........))))..).......(.......)...((((......)))).,10,-4.702,10,0.000045
1819,.........(.((((..((....)).))))..).......(((...)))...(((.((...))))).,15,-4.701,11,0.000045
1820,.........(.((((..((....)).))))..).......(((...)))...((((.(...))))).,15,-4.701,8,0.000045
1821,...........((((.((......))))))..........(((...)))...(((.((...))))).,14,-4.701,9,0.000045
1822,...........((((.((......))))))..........(((...)))...((((.(...))))).,14,-4.701,6,0.000045
1823,...........(((((......)...))))......................((((......)))).,9,-4.701,12,0.000045
1824,.......(((.(......).))).((.(((.........)))..))......((((......)))).,13,-4.701,27,0.000045
1825,...(...).(.((((.(((....)))))))..).......(((...)))...((((......)))).,16,-4.7,6,0.000045
1826,..(.....)....((((....))))...........((....))........((((......)))).,11,-4.7,27,0.000045
1827,..(.....)...........(((...........)))...(((...)))...((((......)))).,11,-4.697,24,0.000045
1828,..............((......))..((.......))...(((...)))...((((......)))).,11,-4.696,20,0.000045
1829,........((.((((..((....)).))))..))......((.....))...(((........))).,13,-4.696,8,0.000045
1830,..((...))(.((((...........))))..).......((.....))...((((......)))).,13,-4.696,12,0.000045
1831,.......(((.((....)).)))......((((.......))))........(((........))).,12,-4.696,31,0.000045
1832,...((...((...((((....)))).))...)).......((.....))...((((......)))).,14,-4.696,23,0.000045
1833,...((.....))..(((....)))............................((((......)))).,9,-4.696,24,0.000045
1834,..(.....)..((((((....)))...)))...((.....))..........((((......)))).,13,-4.695,19,0.000045
1835,..........((((.....)).))..((.......))...((.....))...((((......)))).,12,-4.695,20,0.000045
1836,......(.((.(((.............)))..))..)...((.....))...((((......)))).,12,-4.694,14,0.000045
1837,..............(((....)))........(...)...(((...)))...((((......)))).,11,-4.693,21,0.000045
1838,..(.....)..((.(((....)))....))..........(((...)))...((((......)))).,13,-4.693,17,0.000045
1839,.......(((.((....)).))).((.(((.........)))..))......((((......)))).,14,-4.693,27,0.000045
1840,.....(..((.((((((....))))...))..))..)...............((((......)))).,13,-4.692,23,0.000045
1841,......(.((.((((.(((....)))))))..))..)...((.....))....(((......)))..,15,-4.692,8,0.000045
1842,.......(.(.((((..((....)).))))..)...)...((.....))...((((......)))).,14,-4.691,6,0.000045
1843,..(.....)..((((.(((....)))))))..........(((...)))...((..........)).,13,-4.691,8,0.000045
1844,.....(..((.((((..((....)).))))..))..)......((.....))((((......)))).,15,-4.69,16,0.000045
1845,..((...))(.((((..((....)).))))..).......(((...)))...((((......)))).,16,-4.69,10,0.000045
1846,...........(((.............)))..(...)...(((...)))...((((......)))).,11,-4.69,12,0.000045
1847,...........((((.(((....)))))))..(.......)...........(((........))).,11,-4.689,7,0.000044
1848,...........((((.(((....)))))))..(...)...(((...)))....(((......)))..,14,-4.688,6,0.000044
1849,..((....((.((((.(((....)))))))..)))).......(((...)))((((......)))).,18,-4.688,18,0.000044
1850,....((.....((((.(((....)))))))......))..((.....))...((((......)))).,15,-4.687,4,0.000044
1851,..((.......((((..((....)).))))....))....((.....))...((((......)))).,14,-4.687,6,0.000044
1852,....((..((.(((..(((....))).)))..))..))..(((...)))...((((......)))).,17,-4.687,12,0.000044
1853,.........(.((((.(((....)))))))..)...((....))........((..((...)).)).,14,-4.686,17,0.000044
1854,.........(.(((((......)))...))..).......(((...)))...((((......)))).,13,-4.685,16,0.000044
1855,.........(.((((..((....)).))))..).......((.....))....(((......)))..,12,-4.685,6,0.000044
1856,..............(((....))).............((.....))......((((......)))).,9,-4.685,25,0.000044
1857,...........((((.((......))))))..........((.....))....(((......)))..,11,-4.684,4,0.000044
1858,...........((((.(((....))))))).....(..........).....((((......)))).,12,-4.684,6,0.000044
1859,.......(((..........))).................((.....))...((((......)))).,9,-4.683,20,0.000044
1860,.......(((.(..(((((......(.(((..(...)..)))).....)))))..).))).......,14,-4.683,40,0.000044
1861,..(.....)..((((.(.....)...))))..........(((...)))...((((......)))).,13,-4.683,11,0.000044
1862,...........(((.............))).......((.....))......((((......)))).,9,-4.681,16,0.000044
1863,...(...(((.(..(((((..((....(((.........))).))...)))))..).)))..)....,15,-4.681,42,0.000044
1864,.........(.((((..((....)).))))..)...((....))........(((.((...))))).,14,-4.681,17,0.000044
1865,.........(.((((..((....)).))))..)...((....))........((((.(...))))).,14,-4.681,14,0.000044
1866,...........((((((....))))...))..........((.....))...(((.((...))))).,13,-4.68,18,0.000044
1867,...........((((((....))))...))..........((.....))...((((.(...))))).,13,-4.68,15,0.000044
1868,.........(.((((.(((....)))))))....).((....))........((((......)))).,14,-4.68,10,0.000044
1869,...........((((.((......))))))......((....))........(((.((...))))).,13,-4.68,15,0.000044
1870,...........((((.((......))))))......((....))........((((.(...))))).,13,-4.68,12,0.000044
1871,......((((((..(((((..((....(((.........))).))...)))))...))....)))).,16,-4.68,42,0.000044
1872,.......(((.((.(((((.......((.......))...........))))).)).))).......,12,-4.68,38,0.000044
1873,...........((((.(((....))))))).......((.....)).......(((......)))..,12,-4.679,10,0.000044
1874,.....(..((.((((((....)))...)))..))..)...............((((......)))).,13,-4.679,21,0.000044
1875,...(...).(.((((.(((....)))))))..)...((....))........((((......)))).,15,-4.679,12,0.000044
1876,..((...))..((((.(........)))))..........((.....))...((((......)))).,13,-4.678,8,0.000044
1877,...........((((.(((....)))))))......(......)........(((.((...))))).,13,-4.678,11,0.000044
1878,...........((((.(((....)))))))......(......)........((((.(...))))).,13,-4.678,8,0.000044
1879,..............(.....)........((((.......))))........((((......)))).,9,-4.678,24,0.000044
1880,..............((......)).....((((.......))))........(((........))).,9,-4.677,27,0.000044
1881,.....(((((.(..(((((.....(..(((.........)))..)...)))))..).)))....)).,15,-4.677,40,0.000044
1882,............(((((....)))).).........................((((......)))).,9,-4.677,21,0.000044
1883,............(((((....))).)).........................((((......)))).,9,-4.677,21,0.000044
1884,...........((((.(((....)))))))...............(...)..((((......)))).,12,-4.676,6,0.000044
1885,...........((((.(((....)))))))............(...).....((((......)))).,12,-4.676,6,0.000044
1886,..(.....)..((((.(((....)))))))..........(((...)))..((........))....,13,-4.676,14,0.000044
1887,...........((((.(((....))))))).............(((...)))....((...))....,12,-4.675,21,0.000043
1888,...........((((((....))))...))..........(.......)...((((......)))).,11,-4.675,15,0.000043
1889,..............(((....)))....(.......)...............((((......)))).,8,-4.674,22,0.000043
1890,..(((......((((.(((....)))))))...))).......(((...)))((((......)))).,17,-4.674,16,0.000043
1891,..........(..(((......))).).........................((((......)))).,8,-4.674,21,0.000043
1892,..(((....(.((((.(((....)))))))..)))).......(((...)))((((......)))).,18,-4.674,18,0.000043
1893,.....(((((.(..(((((..((.(((.............)))))...)))))..).)))....)).,16,-4.674,43,0.000043
1894,...........((.(.(((....)))).))..........((.....))...((((......)))).,12,-4.673,2,0.000043
1895,..(.....)..((.(((....)))....))......((....))........((((......)))).,12,-4.672,23,0.000043
1896,.........(.(((((......))...)))..).......(((...)))...((((......)))).,13,-4.672,14,0.000043
1897,................(((....)))...((((.......))))........((((......)))).,11,-4.672,17,0.000043
1898,........((.((((.(((....)))))))..))......(((...)))...(((.((...))))).,17,-4.671,11,0.000043
1899,........((.((((.(((....)))))))..))......(((...)))...((((.(...))))).,17,-4.671,8,0.000043
1900,..(.....)..((((.(((....)))))))......((....))........((..........)).,12,-4.67,14,0.000043
1901,......(.((...((((....)))).)).)..........((.....))...((((......)))).,13,-4.67,20,0.000043
1902,......((((.((((.(((....)))))))....(((...(..((.....))..)..)))..)))).,17,-4.67,26,0.000043
1903,..(((...(..((((.(((....))))))).).))).......(((...)))((((......)))).,18,-4.67,18,0.000043
1904,..((...))(.((((..((....)).))))..)...((....))........((((......)))).,15,-4.669,16,0.000043
1905,.........(...((((....)))).)..((((.......))))........(((........))).,12,-4.669,29,0.000043
1906,..(.....)..(((..(((....))).)))..(...)...(((...)))...((((......)))).,15,-4.667,8,0.000043
1907,..........((..(.....).))....((.........))...........((((......)))).,9,-4.667,22,0.000043
1908,...........((((((....)))...)))..........((.....))...(((.((...))))).,13,-4.667,16,0.000043
1909,...........((((((....)))...)))..........((.....))...((((.(...))))).,13,-4.667,13,0.000043
1910,..(.....)..((((.(.......).))))..........(((...)))...((((......)))).,13,-4.667,10,0.000043
1911,.....(((((.((.(((((..........(((.........)))....))))).)).)))....)).,15,-4.667,42,0.000043
1912,.....(....)(((..(((....))).)))..........((.....))...((((......)))).,13,-4.667,4,0.000043
1913,............(((..((....)).)))...........((.....))...((((......)))).,11,-4.666,4,0.000043
1914,.......(((.((.((((.........(((.........))).......)))).)).))).......,12,-4.666,37,0.000043
1915,..(.....)..((((.(((....)))))))..........(((...)))...(((.(.....)))).,15,-4.665,7,0.000043
1916,...(...)......(((....)))...(((.........)))..........((((......)))).,11,-4.665,24,0.000043
1917,.........(.(((((......)))...))..)...((....))........((((......)))).,12,-4.665,22,0.000043
1918,.......(((.(..(((((..(...(.(((.........)))..))..)))))..).))).......,14,-4.665,40,0.000043
1919,..((...))..((((.((......))))))....(.....)...........((((......)))).,13,-4.665,11,0.000043
1920,...........................(((.........)))..........((((......)))).,7,-4.664,19,0.000043
1921,......((((.(..(((((........(((.........)))......)))))..).))).....).,13,-4.664,38,0.000043
1922,..(.....)..(((..((......)).)))..........((.....))...((((......)))).,12,-4.664,6,0.000043
1923,...........((((..((....)).))))......((....))(.....).((((......)))).,13,-4.663,12,0.000043
1924,.......(((.((.((((..(((...........)))...((.....)))))).)).))).......,14,-4.663,38,0.000043
1925,..((...........))...(((...........)))...((.....))...((((......)))).,11,-4.663,23,0.000043
1926,...(...)...((((.(((....)))))))..........(((...)))...(((........))).,14,-4.663,6,0.000043
1927,..((...))..((((..((....)).))))(((.......))).........((((......)))).,15,-4.663,14,0.000043
1928,..(.....)..((((.(((....)))))))....(.....)...........(((........))).,12,-4.662,9,0.000043
1929,..(.....)..((((.(.....)...))))......((....))........((((......)))).,12,-4.662,17,0.000043
1930,...........((((((....)))...)))..........(.......)...((((......)))).,11,-4.661,13,0.000042
1931,..(.....).(..((((....)))).)..(((.........)))........((((......)))).,13,-4.661,28,0.000042
1932,......(.....).(((....)))...(((.........)))..........((((......)))).,11,-4.661,23,0.000042
1933,..(.....)..((((...........))))..........(((...)))...(((.((...))))).,13,-4.659,15,0.000042
1934,..(.....)..((((...........))))..........(((...)))...((((.(...))))).,13,-4.659,12,0.000042
1935,..(.....)..((((.(((....)))))))....(((..((..(((...)))..)).))).......,16,-4.659,27,0.000042
1936,..(.....)..(((..(((....))).))).......((.....))......((((......)))).,13,-4.659,12,0.000042
1937,.......(((.(..(((((..((.(..(((.........))))))...)))))..).))).......,15,-4.658,42,0.000042
1938,........((.(((.............)))..))......((.....))...((((......)))).,11,-4.656,12,0.000042
1939,...(...)...((((.(((....)))))))..(...)...............((((......)))).,13,-4.656,8,0.000042
1940,...((..(((.(......).)))..))..((((.......))))........(((.((...))))).,15,-4.655,36,0.000042
1941,...((..(((.(......).)))..))..((((.......))))........((((.(...))))).,15,-4.655,33,0.000042
1942,..(.....)..((((.(((....)))))))......((....)).......((........))....,12,-4.655,20,0.000042
1943,.......(((.((.(((((....(.....)......((....))....))))).)).))).......,13,-4.655,40,0.000042
1944,........((.((((.(((....)))))))..))......((.....))....(((......)))..,14,-4.655,6,0.000042
1945,......((((.((((..((....)).))))....(((..((.............)).)))..)))).,15,-4.654,25,0.000042
1946,...(...)...((((..((....)).))))...((.....))..........((((......)))).,13,-4.654,10,0.000042
1947,..(.....).((..........)).....((((.......))))........((((......)))).,11,-4.653,27,0.000042
1948,...........(((..(((....))).))).((.......))..........((((......)))).,12,-4.652,8,0.000042
1949,.............((((....))))...(.......)...((.....))...((((......)))).,11,-4.651,18,0.000042
1950,.......(((.((.(((((......(.(((.........)))..)...))))).)).))).......,14,-4.651,38,0.000042
1951,.........(.(((((......))...)))..)...((....))........((((......)))).,12,-4.651,20,0.000042
1952,........((.((((.(((....)))))))..))..((....))........(((.((...))))).,16,-4.65,17,0.000042
1953,........((.((((.(((....)))))))..))..((....))........((((.(...))))).,16,-4.65,14,0.000042
1954,......(.((.((((((....))))...))..))..)...............((((......)))).,13,-4.65,23,0.000042
1955,.......(((.((..((((..(.....(((.........)))...)..))))..)).))).......,13,-4.65,39,0.000042
1956,...((.....))........(((...........)))...((.....))...((((......)))).,11,-4.65,23,0.000042
1957,...........((((...........))))..(...)......((.....))((((......)))).,11,-4.65,16,0.000042
1958,.....(.....((((..((....)).))))......)...((.....))...((((......)))).,13,-4.65,4,0.000042
1959,...........((((.(((....)))))))......((....))(....)..((((......)))).,14,-4.65,10,0.000042
1960,...........((((.(((....)))))))..........((.....))....(.....).......,10,-4.649,9,0.000042
1961,..((...))..((((...........))))..(.......)...........((((......)))).,11,-4.649,15,0.000042
1962,..((...))....((((....))))...............(((...)))...((((......)))).,13,-4.649,23,0.000042
1963,..((.......((((.(((....))))))).............)).......((((......)))).,13,-4.649,8,0.000042
1964,....((..((.((((.((......))))))..))..))..(((...)))...((((......)))).,17,-4.648,12,0.000042
1965,...........((((.(((....))))))).....................................,7,-4.648,12,0.000042
1966,......(.((.((((..((....)).))))..))..)......((.....))((((......)))).,15,-4.648,16,0.000042
1967,...((..(((.((....)).)))..))..((((.......))))........(((.((...))))).,16,-4.647,36,0.000041
1968,...((..(((.((....)).)))..))..((((.......))))........((((.(...))))).,16,-4.647,33,0.000041
1969,..(.....)..((((.(.......).))))......((....))........((((......)))).,12,-4.646,16,0.000041
1970,...........((((...........))))...(.......)..........((((......)))).,9,-4.646,11,0.000041
1971,...........((((...........)))).(...)....((.....))...((((......)))).,11,-4.646,8,0.000041
1972,...........((((.(((....)))))))....(.....)...((...)).((((......)))).,14,-4.645,9,0.000041
1973,.........(...((((....)))).).((.........))...........((((......)))).,11,-4.645,23,0.000041
1974,..(.....)..((((.(((....)))))))......((....))........(((.(.....)))).,14,-4.645,13,0.000041
1975,...(...)...((((.(((....)))))))......(...........)...((((......)))).,13,-4.644,7,0.000041
1976,...........((((..((....)).))))..(...)......(((...)))((((......)))).,14,-4.643,14,0.000041
1977,...((..(((.(..(((((.........((.........)).......)))))..).))).))....,13,-4.643,40,0.000041
1978,..(.....)..((((...........))))..........((.....))....(((......)))..,10,-4.643,10,0.000041
1979,...(...)...((((.(((....)))))))......((....))........(((........))).,13,-4.642,12,0.000041
1980,.......(((.((.(((((.(((...........)))...........))))).)).))).......,13,-4.641,42,0.000041
1981,...........((((..((....)).)))).(...)....(((...)))...((((......)))).,14,-4.64,6,0.000041
1982,...........((((..(......).)))).............((.....))((((......)))).,11,-4.64,12,0.000041
1983,(.......)..((((..((....)).))))..........((.....))...((((......)))).,13,-4.639,4,0.000041
1984,..........(..((.....)).)...(((.........)))..........((((......)))).,10,-4.639,22,0.000041
1985,..(.....)..((((...........))))......((....))........(((.((...))))).,12,-4.638,21,0.000041
1986,..(.....)..((((...........))))......((....))........((((.(...))))).,12,-4.638,18,0.000041
1987,..(.....)..((((.(((....)))))))....((....((.....)).))((((......)))).,16,-4.638,6,0.000041
1988,..((...))..((((((....))))...))...((.....))..........((((......)))).,14,-4.638,23,0.000041
1989,..((...))..((((.(((....)))))))..(...)......((.....))((((......)))).,16,-4.637,14,0.000041
1990,......(.((.((((((....)))...)))..))..)...............((((......)))).,13,-4.637,21,0.000041
1991,.............((((....)))).(.........)...((.....))...((((......)))).,11,-4.637,18,0.000041
1992,..(.....)..((((..((....)).))))..........(((...)))....(((......)))..,13,-4.636,8,0.000041
1993,.........(.((((.(((....)))))))..)...........((...)).((((......)))).,14,-4.636,10,0.000041
1994,..........((((.....)).))............................((((......)))).,8,-4.636,22,0.000041
1995,..........((.((.....))))................(((...)))...((((......)))).,11,-4.635,20,0.000041
1996,...........((((.(((....)))))))..................((....))...........,9,-4.634,13,0.000041
1997,..((...))..((((.(((....)))))))...(.......)..........((((......)))).,14,-4.633,9,0.000041
1998,..((...))..((((.(((....))))))).(...)....((.....))...((((......)))).,16,-4.633,6,0.000040
1999,...........((((...........))))..........(((...)))...((..........)).,9,-4.633,12,0.000040
2000,..(.....).....(((....)))....((.....))...(((...)))...((((......)))).,13,-4.632,23,0.000040
2001,.........(...((((....))))...)((((.......))))........((((......)))).,13,-4.632,27,0.000040
2002,.....(....)((((.(((....)))))))..(...)...(((...)))...((((......)))).,16,-4.632,6,0.000040
2003,.........(.((((.(((....)))))))..).......((.....))..((...)).........,12,-4.631,13,0.000040
2004,.......(....).(((....)))...(((.........)))..........((((......)))).,11,-4.63,23,0.000040
2005,..(.....)..((((..((....)).))))...(..((....)).)......((((......)))).,14,-4.63,14,0.000040
2006,...((.....))..(((....)))...(.((((.......)))).)......((((......)))).,14,-4.63,30,0.000040
2007,..............(((....)))...(((.........)))..........(((.((...))))).,11,-4.629,27,0.000040
2008,..............(((....)))...(((.........)))..........((((.(...))))).,11,-4.629,24,0.000040
2009,..(((.....(((((.(((....)))))))..))))....((.....))...((((......)))).,17,-4.629,8,0.000040
2010,..(.....)..((((.((......))))))..(...)...(((...)))...((((......)))).,15,-4.629,8,0.000040
2011,......((((.(..(((((..........((((.......))))....)))))..).).....))).,14,-4.629,40,0.000040
2012,.....(...).((((.(((....)))))))...((.....))..........((((......)))).,14,-4.628,8,0.000040
2013,.....(....)((((.((......))))))..........((.....))...((((......)))).,13,-4.628,4,0.000040
2014,..((...))....((((....))))...........((....))........((((......)))).,12,-4.628,29,0.000040
2015,....((..((.((((((....))))...))..))..))..((.....))...((((......)))).,16,-4.628,21,0.000040
2016,...........((((..((....)).))))..(..((...........)).)((((......)))).,13,-4.627,11,0.000040
2017,....((((((.(..(((((.....((.(((.........)))..))..)))))..).)))....))),17,-4.627,43,0.000040
2018,..(((.(.((...((((....)))).)).)...)))....((.....))...((((......)))).,16,-4.626,26,0.000040
2019,.......(((.(..(((((..((....(((.........))).).)..)))))..).))).......,14,-4.626,41,0.000040
2020,...........(((..(((....))).))).......(....).........((((......)))).,11,-4.626,8,0.000040
2021,.......(((.((.(((((...(.....)((((.......))))....)))))).).))).......,15,-4.626,42,0.000040
2022,..((...))...........(((...........)))...(((...)))...((((......)))).,12,-4.626,26,0.000040
2023,...........((((.(....)....))))..........(((...)))...((((......)))).,12,-4.625,9,0.000040
2024,...........((((((....))...))))....(.....)...........((((......)))).,11,-4.625,14,0.000040
2025,...(.(.(((.(..(((((........(((.........)))......)))))..).))).))....,14,-4.624,40,0.000040
2026,...........((((.(((....)))))))...((.....))..........((..((...)).)).,13,-4.624,13,0.000040
2027,..((...))..((((((....)))...)))...((.....))..........((((......)))).,14,-4.624,21,0.000040
2028,.....(....)((((.(((....))))))).......((.....))......((((......)))).,14,-4.624,10,0.000040
2029,...(.......).((((....))))....((((.......))))........((((......)))).,13,-4.623,27,0.000040
2030,.....(..((...((((....)))).)).)..........((.....))...((((......)))).,13,-4.623,20,0.000040
2031,...........((((.(((....))))))).........(((.....))..)((((......)))).,14,-4.622,2,0.000040
2032,...(...).....((((....))))....((((.......))))........((((......)))).,13,-4.622,28,0.000040
2033,.......(((.(..(((((........((((....)...)))......)))))..).))).......,13,-4.622,39,0.000040
2034,..((...))..((.(((....)))....))..........(((...)))...((((......)))).,14,-4.621,19,0.000040
2035,..(.....)..((((.((......)))))).......((.....))......((((......)))).,13,-4.62,12,0.000040
2036,...........((((.(((....)))))))..(...)...............(((.((...))))).,13,-4.62,11,0.000040
2037,...........((((.(((....)))))))..(...)...............((((.(...))))).,13,-4.62,8,0.000040
2038,.........(.((((.(((....)))))))..).......((.....)).......((...))....,12,-4.62,13,0.000040
2039,..((...))..((((.(((....)))))))..........(((...)))...((..........)).,14,-4.62,10,0.000040
2040,.....(....)..((((....))))...((.........))...........((((......)))).,11,-4.62,24,0.000040
2041,...........((((..((....)).))))...((.....))..........(((.((...))))).,13,-4.618,13,0.000040
2042,...........((((..((....)).))))...((.....))..........((((.(...))))).,13,-4.618,10,0.000040
2043,...((......((((...........)))).)).......((.....))...((((......)))).,12,-4.618,10,0.000039
2044,...........((((.(((....)))))))..........(((...)))..((((...)).))....,14,-4.617,14,0.000039
2045,...........((((...........))))..........(((...)))..((........))....,9,-4.617,18,0.000039
2046,...((..(..(..((((....)))).)..).)).......((.....))...((((......)))).,14,-4.617,23,0.000039
2047,.........(.((((((....))...))))..)...................((((......)))).,11,-4.616,15,0.000039
2048,..............(((....)))................((.....))...(((........))).,8,-4.616,19,0.000039
2049,..(.....)..((((..((....)).))))......((....)).........(((......)))..,12,-4.616,14,0.000039
2050,......((((.((((.(((....)))))))....(((..((((...)))......).)))..)))).,18,-4.615,21,0.000039
2051,..........((.((.....))))............((....))........((((......)))).,10,-4.615,26,0.000039
2052,....((..((.((((((....)))...)))..))..))..((.....))...((((......)))).,16,-4.615,19,0.000039
2053,.............(((......)))...............(((...)))...((((......)))).,10,-4.614,18,0.000039
2054,...........((((.((......)))))).((.......))..........((((......)))).,12,-4.614,8,0.000039
2055,......(....((((.(((....)))))))......)...............((((......)))).,12,-4.613,6,0.000039
2056,........((.((((((....))))...))..))..................((((......)))).,12,-4.613,21,0.000039
2057,...........(((.............)))..........((.....))...(((........))).,8,-4.612,10,0.000039
2058,...........((((...........))))......((....))........((..........)).,8,-4.612,18,0.000039
2059,...((......((((..((....)).)))).)).......(((...)))...((((......)))).,15,-4.612,8,0.000039
2060,..((...))..((((.(.....)...))))..........(((...)))...((((......)))).,14,-4.611,13,0.000039
2061,...........((((.(((....)))))))..........(((...)))...((.(......).)).,13,-4.611,4,0.000039
2062,...((..(.(.((((.(((....)))))))....).).))............((((......)))).,15,-4.611,12,0.000039
2063,...........((((..((....)).)))).........(...........)((((......)))).,11,-4.611,8,0.000039
2064,.....(..((.((((..(......).))))..))..)...(((...)))...((((......)))).,15,-4.611,12,0.000039
2065,...(....((.((((...........))))..))).....((.....))...((((......)))).,13,-4.611,12,0.000039
2066,...........((((.(((....)))))))..........((.....))....((........))..,11,-4.611,4,0.000039
2067,...........((((.(((....))))))).((.......)).(((...)))((((......)))).,16,-4.611,12,0.000039
2068,........((.((((..((....)).))))..)).........((.....))((((......)))).,14,-4.61,14,0.000039
2069,..............(((....)))...(.(((.........))).)......((((......)))).,11,-4.609,26,0.000039
2070,...........((((.(((....)))))))..(..................)((((......)))).,12,-4.609,6,0.000039
2071,..(.....)..((((((....))))...))..(...)...((.....))...((((......)))).,14,-4.609,17,0.000039
2072,...........((((.(((....)))))))......(...........)...(((.((...))))).,13,-4.609,10,0.000039
2073,...........((((.(((....)))))))......(...........)...((((.(...))))).,13,-4.609,7,0.000039
2074,...........((((...........))))..........(((...)))...(((.(.....)))).,11,-4.607,11,0.000039
2075,.....(....).(((((....))).))..((((.......))))........((((......)))).,14,-4.606,28,0.000039
2076,.....(....).(((((....)))).)..((((.......))))........((((......)))).,14,-4.606,28,0.000039
2077,.......(((.((.(((((.............................)))))).).))).......,10,-4.606,36,0.000039
2078,.......(((.((.(((((.........((.....))...........))))).)).))).......,12,-4.606,38,0.000039
2079,..((...))..((((.(((....)))))))..........(((...)))..((........))....,14,-4.605,16,0.000039
2080,...(....((.((((..((....)).))))..))).....(((...)))...((((......)))).,16,-4.605,10,0.000039
2081,...........((((.(....)....))))......((....))........((((......)))).,11,-4.604,15,0.000039
2082,...((........((((....)))))).........................((((......)))).,10,-4.604,23,0.000039
2083,...........((((...........))))....(.....)...........(((........))).,8,-4.604,13,0.000039
2084,...........(((((......)))...))...((.....))..........((((......)))).,11,-4.603,18,0.000038
2085,..((...))..((.(((....)))....))......((....))........((((......)))).,13,-4.601,25,0.000038
2086,...........((((...........))))....(((..((..(((...)))..)).))).......,12,-4.6,31,0.000038
2087,..(.....).....((......))................((.....))...((((......)))).,9,-4.6,18,0.000038
2088,...........(.((((....))))....)..........((.....))...((((......)))).,11,-4.599,15,0.000038
2089,..((...))..((((.(((....)))))))......((....))........((..........)).,13,-4.599,16,0.000038
2090,........((.((((((....)))...)))..))..................((((......)))).,12,-4.599,19,0.000038
2091,......((((....(((((..((....(((.........))).))...))))).........)))).,14,-4.599,39,0.000038
2092,..........(..((((....)))).).......(.....)...........((((......)))).,10,-4.598,23,0.000038
2093,.............((((....)))).((.......))...............((((......)))).,10,-4.598,23,0.000038
2094,........(..((((.(((....))))))).)....................((((......)))).,12,-4.597,6,0.000038
2095,......((.(((.((............(((.........)))......)).))).))..........,10,-4.597,34,0.000038
2096,...((......((((...........))))...)).....((.....))...((((......)))).,12,-4.597,10,0.000038
2097,...((....(.((((...........))))..))).....((.....))...((((......)))).,13,-4.597,12,0.000038
2098,...........((((.(((....)))))))......((....)).......((((...)).))....,13,-4.597,20,0.000038
2099,...........((((...........))))......((....)).......((........))....,8,-4.597,24,0.000038
2100,......((((.((((..((....)).))))....(((...((.....))........)))..)))).,15,-4.596,20,0.000038
2101,..((...))..(((..(((....))).)))..(...)...(((...)))...((((......)))).,16,-4.596,10,0.000038
2102,..((...))..((((.(.......).))))..........(((...)))...((((......)))).,14,-4.596,12,0.000038
2103,.........(.((((.(((....)))))))..).....(.....).......((((......)))).,13,-4.596,8,0.000038
2104,.........(.((((...........))))..)...................(((........))).,8,-4.596,14,0.000038
2105,..(.....)..((((((....)))...)))..(...)...((.....))...((((......)))).,14,-4.595,15,0.000038
2106,..........(..((((....))))...)((((.......))))........((((......)))).,13,-4.595,27,0.000038
2107,..((...))..((((.(((....)))))))..........(((...)))...(((.(.....)))).,16,-4.594,9,0.000038
2108,......((((.((((.(((....)))))))....(((...(..(((...))).)...)))..)))).,18,-4.594,28,0.000038
2109,.............(((......)))...........((....))........((((......)))).,9,-4.593,24,0.000038
2110,...((...((.((((..((....)).))))..))....))............((((......)))).,14,-4.593,14,0.000038
2111,...((...(..((((...........)))).).)).....((.....))...((((......)))).,13,-4.593,12,0.000038
2112,..((...))..(((..((......)).)))..........((.....))...((((......)))).,13,-4.592,8,0.000038
2113,.......(((.(..(((((.....(....((((.......)))))...)))))..).))).......,14,-4.592,42,0.000038
2114,...((......((((..((....)).))))...)).....(((...)))...((((......)))).,15,-4.591,8,0.000038
2115,...((....(.((((..((....)).))))..))).....(((...)))...((((......)))).,16,-4.591,10,0.000038
2116,..((...))..((((.(((....)))))))....(.....)...........(((........))).,13,-4.591,11,0.000038
2117,...((......((((..((....)).)))).))...((....))........((((......)))).,14,-4.591,14,0.000038
2118,.......(((.(..(((((..........(.....)............)))))..).))).......,10,-4.591,37,0.000038
2119,..((...))..((((.(.....)...))))......((....))........((((......)))).,13,-4.591,19,0.000038
2120,...........((((.(((....)))))))......((....))........((.(......).)).,12,-4.59,10,0.000038
2121,..(.....)..(((..(((....))).)))..........((.....))...(((........))).,12,-4.59,6,0.000038
2122,..((...)).(..((((....)))).)..(((.........)))........((((......)))).,14,-4.59,30,0.000038
2123,...........(((((......))...)))...((.....))..........((((......)))).,11,-4.589,16,0.000038
2124,.........(.((((..((....)).))))..)....(....).........((((......)))).,12,-4.588,10,0.000038
2125,.......(((.((.(((((......((.............))......))))).)).))).......,12,-4.588,36,0.000038
2126,..((....((.((((((....))))...))..))))....(((...)))...((((......)))).,17,-4.588,23,0.000038
2127,..((...))..((((...........))))..........(((...)))...(((.((...))))).,14,-4.588,17,0.000038
2128,..((...))..((((...........))))..........(((...)))...((((.(...))))).,14,-4.588,14,0.000038
2129,...........((((.((......)))))).......(....).........((((......)))).,11,-4.588,8,0.000038
2130,..((...))..((((.(((....)))))))....(((..((..(((...)))..)).))).......,17,-4.588,29,0.000037
2131,..((...))..(((..(((....))).))).......((.....))......((((......)))).,14,-4.588,14,0.000037
2132,...((..(((.(..(((((.....(..(((.........)))..)...)))))..).))).))....,15,-4.587,41,0.000037
2133,...((...(..((((..((....)).)))).).)).....(((...)))...((((......)))).,16,-4.587,10,0.000037
2134,...........((.((......))....))..........(((...)))...((((......)))).,11,-4.586,14,0.000037
2135,...(((.(......)...)))........((((.......))))........((((......)))).,12,-4.586,29,0.000037
2136,.............((((....))))....((((.......))))........(((.((...))))).,13,-4.586,31,0.000037
2137,.............((((....))))....((((.......))))........((((.(...))))).,13,-4.586,28,0.000037
2138,...........((((...........))))......((....))........(((.(.....)))).,10,-4.586,17,0.000037
2139,...((.....))..(((....)))....((.....))...((.....))...((((......)))).,13,-4.585,22,0.000037
2140,.....(((((.((.(((((..........((((.......))))....)))))).).)))....)).,16,-4.584,43,0.000037
2141,...((..(((.(..(((((..((.(((.............)))))...)))))..).))).))....,16,-4.584,44,0.000037
2142,..((...))..((((.(((....)))))))......((....)).......((........))....,13,-4.584,22,0.000037
2143,..(.....)..((((.(((....)))))))..........(((...)))..((...)).........,13,-4.583,15,0.000037
2144,..((...)).((..........)).....((((.......))))........((((......)))).,12,-4.582,29,0.000037
2145,...........(((..(((....))).)))(((.......))).........((((......)))).,13,-4.581,10,0.000037
2146,......((((.(((..(((....))).)))....(((..((..(((...)))..)).)))..)))).,18,-4.581,31,0.000037
2147,................(((....))).(((.........)))..........((((......)))).,10,-4.581,13,0.000037
2148,..(.....)..((((.(((....)))))))..........((.....))...(((..(...).))).,14,-4.58,6,0.000037
2149,...........((((...........))))....((....((.....)).))((((......)))).,12,-4.58,10,0.000037
2150,...........((((.(((....)))))))....(((..((.............)).))).......,12,-4.579,19,0.000037
2151,...........((((..((....)).)))).......(...)..........((((......)))).,11,-4.579,7,0.000037
2152,..(.....).....(((....)))....((..(...)..))...........((((......)))).,11,-4.578,26,0.000037
2153,...((..(((.((.(((((..........(((.........)))....))))).)).))).))....,15,-4.578,43,0.000037
2154,...........((((..(....)...))))......................((((......)))).,9,-4.577,11,0.000037
2155,...(...)...((((.(((....))))))).............(((...)))((((......)))).,15,-4.577,12,0.000037
2156,..(.....)..((((.(((....))))))).............((.....)).(((......)))..,13,-4.576,12,0.000037
2157,............(((.(((....))))))(((.........)))........((((......)))).,13,-4.576,10,0.000037
2158,..........(....)....(((...........)))...(((...)))...((((......)))).,11,-4.575,24,0.000037
2159,..((...))..((((.(.......).))))......((....))........((((......)))).,13,-4.575,18,0.000037
2160,....((..((.((((.(((....)))))))..))..))..(((...)))...(((........))).,17,-4.575,12,0.000037
2161,..(((......((((((....))))...))...)))....(((...)))...((((......)))).,16,-4.575,21,0.000037
2162,...........(.((((.(.(((......((((.......)))).........))).)..)))).).,13,-4.575,38,0.000037
2163,..(((....(.((((((....))))...))..))))....(((...)))...((((......)))).,17,-4.575,23,0.000037
2164,..((....((.((((((....)))...)))..))))....(((...)))...((((......)))).,17,-4.575,21,0.000037
2165,..(.....)..((((.(((....)))))))......................((..((...)).)).,12,-4.574,13,0.000037
2166,...........((((..((....)).))))....((....(((...))).))((((......)))).,15,-4.574,8,0.000037
2167,..((...))..((((.(((....)))))))......((....))........(((.(.....)))).,15,-4.573,15,0.000037
2168,..(.....)..((((...........)))).((.......))..........((((......)))).,11,-4.572,14,0.000037
2169,..(.....)..((((.(((....)))))))..........(((...))).......((...))....,13,-4.572,15,0.000036
2170,.....(......).(((....))).....((((.......))))........((((......)))).,12,-4.571,27,0.000036
2171,..((...))..((((...........))))..........((.....))....(((......)))..,11,-4.571,12,0.000036
2172,.......(((.((((...........))))..))..)...............((((......)))).,11,-4.571,16,0.000036
2173,..(((...(..((((((....))))...)).).)))....(((...)))...((((......)))).,17,-4.57,23,0.000036
2174,..........((((.....)).))...(.((((.......)))).)......((((......)))).,13,-4.57,28,0.000036
2175,..(((.....(..((((....)))).)......)))....(((...)))...((((......)))).,15,-4.569,26,0.000036
2176,..(.....)..((((..((....)).))))......................(((.((...))))).,12,-4.569,13,0.000036
2177,..(.....)..((((..((....)).))))......................((((.(...))))).,12,-4.569,10,0.000036
2178,......(.((.((((..(......).))))..))..)...(((...)))...((((......)))).,15,-4.569,12,0.000036
2179,...........((((((....))))...))......................(((........))).,9,-4.569,19,0.000036
2180,.......(((.(..(((((..(..(((.((.....))...)))..)..)))))..).))).......,15,-4.567,41,0.000036
2181,..((...))..((((...........))))......((....))........(((.((...))))).,13,-4.567,23,0.000036
2182,..((...))..((((...........))))......((....))........((((.(...))))).,13,-4.567,20,0.000036
2183,..((...))..((((.(((....)))))))....((....((.....)).))((((......)))).,17,-4.567,8,0.000036
2184,...........((((..((....)).)))).............((.....))(((........))).,11,-4.566,12,0.000036
2185,...........((.((......))....))......((....))........((((......)))).,10,-4.566,20,0.000036
2186,.......(((.((.(((((......(..((.........)).).....))))).)).))).......,13,-4.565,38,0.000036
2187,..((...))..((((..((....)).))))..........(((...)))....(((......)))..,14,-4.565,10,0.000036
2188,.............((((....))))..(((.........))).(((...)))((((......)))).,14,-4.565,28,0.000036
2189,.....(..((.((((((....))...))))..))..)...((.....))...((((......)))).,15,-4.564,15,0.000036
2190,..((....((.((((.(((....)))))))..))))....((.....))...(((.((...))))).,18,-4.562,13,0.000036
2191,..((....((.((((.(((....)))))))..))))....((.....))...((((.(...))))).,18,-4.562,10,0.000036
2192,..(.....)..((((.(((....)))))))......((....)).......((...)).........,12,-4.562,21,0.000036
2193,..((....((.(((..(((....))).)))..))))................((((......)))).,14,-4.562,14,0.000036
2194,...........((((..((....)).))))..............(....)..((((......)))).,11,-4.562,8,0.000036
2195,.............((((....))))...((.....))...............((((......)))).,10,-4.562,23,0.000036
2196,..(((......((((((....)))...)))...)))....(((...)))...((((......)))).,16,-4.561,19,0.000036
2197,..(((....(.((((((....)))...)))..))))....(((...)))...((((......)))).,17,-4.561,21,0.000036
2198,..(.....).(..((((....)))).).............(((...)))...((((......)))).,13,-4.561,22,0.000036
2199,..((...)).....(((....)))....((.....))...(((...)))...((((......)))).,14,-4.561,25,0.000036
2200,...........((((.(((....)))))))...(..........).......((((......)))).,12,-4.561,6,0.000036
2201,.......(((.((.(((((...(...)..(((.........)))....))))).)).))).......,14,-4.56,41,0.000036
2202,...........((((..((....)).))))....(((...((.....))..((...))....)))..,13,-4.56,16,0.000036
2203,.........(.((((.(........)))))..).......((.....))...((((......)))).,12,-4.559,6,0.000036
2204,..((...))..((((..((....)).))))...(..((....)).)......((((......)))).,15,-4.559,16,0.000036
2205,..(.....)..((((.(((....)))))))........(......)......((((......)))).,13,-4.558,8,0.000036
2206,..........(((((...........))))..).......(((...)))...((((......)))).,12,-4.558,10,0.000036
2207,........((.((((.(((....)))))))..))...(....).........((((......)))).,14,-4.558,10,0.000036
2208,...((..(.(.((((.(((....)))))))....).).))((.....))...((((......)))).,17,-4.558,8,0.000036
2209,.........(.((((..((....)).))))..).(.....)...........((((......)))).,12,-4.558,9,0.000036
2210,...........(((.((....))....)))..........((.....))...((((......)))).,11,-4.558,11,0.000036
2211,..((...))..((((.((......))))))..(...)...(((...)))...((((......)))).,16,-4.558,10,0.000036
2212,..((....((.((((.(((....)))))))..))))....(.......)...((((......)))).,16,-4.557,10,0.000036
2213,..(((...(..((((((....)))...))).).)))....(((...)))...((((......)))).,17,-4.557,21,0.000036
2214,.......(((.((..((((.........((.........)).......))))..)).))).......,11,-4.556,37,0.000036
2215,..(.....)..((((.(((....)))))))..(...)...(((...)))...(((........))).,15,-4.555,8,0.000036
2216,...........((((((....)))...)))......................(((........))).,9,-4.555,17,0.000035
2217,...........((((..((....)).)))).......(......).......((((......)))).,11,-4.555,8,0.000035
2218,.....(....)((((.(((....)))))))..........((.....))...(((........))).,13,-4.555,4,0.000035
2219,...........((((.(((....)))))))......((....)).(....).((((......)))).,14,-4.555,10,0.000035
2220,...(...)...((((..((....)).))))..(...)...((.....))...((((......)))).,14,-4.554,6,0.000035
2221,.....(((((.((.(((((.....(((.............))).....))))).)).)))....)).,15,-4.554,39,0.000035
2222,...........((((.(.(....).)))))......................((((......)))).,10,-4.553,6,0.000035
2223,.......(((.(......).))).....((.....))...(((...)))...((((......)))).,13,-4.553,24,0.000035
2224,..(.....)..(((((......)))...))......................((((......)))).,10,-4.553,18,0.000035
2225,...........((...............))..........(((...)))...((((......)))).,9,-4.552,12,0.000035
2226,..(.....)..((((.((......))))))..........((.....))...(((........))).,12,-4.552,6,0.000035
2227,......((((.((((...........))))....(((..(...(((...)))...).)))..)))).,15,-4.551,35,0.000035
2228,..(.....).....(((....)))...(((.........))).((.....))((((......)))).,13,-4.551,28,0.000035
2229,..(.....)..((((.(((....)))))))......((....))............((...))....,12,-4.551,21,0.000035
2230,...........((((.(((....)))))))......((....))....(..((........)).)..,12,-4.551,18,0.000035
2231,.....(...)....(((....)))...(((.........)))..........((((......)))).,11,-4.55,24,0.000035
2232,..((...))..((((.((......)))))).......((.....))......((((......)))).,14,-4.549,14,0.000035
2233,........((.((((...........))))..)).((...........))..((((......)))).,12,-4.549,17,0.000035
2234,..(((......((((.(((....)))))))...)))....((.....))...(((.((...))))).,17,-4.549,11,0.000035
2235,..(((......((((.(((....)))))))...)))....((.....))...((((.(...))))).,17,-4.549,8,0.000035
2236,..(((......(((..(((....))).)))...)))................((((......)))).,13,-4.549,12,0.000035
2237,..(((....(.((((.(((....)))))))..))))....((.....))...(((.((...))))).,18,-4.549,13,0.000035
2238,..(((....(.((((.(((....)))))))..))))....((.....))...((((.(...))))).,18,-4.549,10,0.000035
2239,..(((....(.(((..(((....))).)))..))))................((((......)))).,14,-4.549,14,0.000035
2240,.......(((.((.(((((...(.........)...((....))....))))).)).))).......,13,-4.548,42,0.000035
2241,...........((((.(((....)))))))..................(..((...)).).......,10,-4.547,16,0.000035
2242,..(.....)..((((.(((....))))))).......((.....))......(((........))).,13,-4.547,12,0.000035
2243,...(....((.((((.(((....)))))))..))).((....))........((((......)))).,16,-4.547,14,0.000035
2244,...........((((..((....)).))))..........((.....))..................,8,-4.546,10,0.000035
2245,..(.....)..((((...........)))).......(....).........((((......)))).,10,-4.546,14,0.000035
2246,...((.....))..((......))....((.........))...........((((......)))).,10,-4.545,24,0.000035
2247,.......(((.((....)).))).....((.....))...(((...)))...((((......)))).,14,-4.545,24,0.000035
2248,.......(.(.(((..(((....))).)))....).)...((.....))...((((......)))).,14,-4.545,6,0.000035
2249,..(((........(((......)))........)))....(((...)))...((((......)))).,13,-4.545,24,0.000035
2250,..(((...(..((((.(((....))))))).).)))....((.....))...(((.((...))))).,18,-4.545,13,0.000035
2251,..(((...(..((((.(((....))))))).).)))....((.....))...((((.(...))))).,18,-4.545,10,0.000035
2252,..(((...(..(((..(((....))).))).).)))................((((......)))).,14,-4.545,14,0.000035
2253,.........(.(......).)........((((.......))))........((((......)))).,10,-4.544,25,0.000035
2254,..((...))..((((..((....)).))))......((....)).........(((......)))..,13,-4.544,16,0.000035
2255,.......(((..........)))......(((.........)))........((((......)))).,10,-4.544,28,0.000035
2256,...........((((.(((....)))))))..................(..((........))..).,10,-4.544,14,0.000035
2257,..(((......((((.(((....)))))))...)))....(.......)...((((......)))).,15,-4.543,8,0.000035
2258,.....(..((.((((...........))))..))..)...((.....))...(((........))).,12,-4.543,14,0.000035
2259,..(((....(.((((.(((....)))))))..))))....(.......)...((((......)))).,16,-4.543,10,0.000035
2260,...........((((.((......))))))(((.......))).........((((......)))).,13,-4.543,10,0.000035
2261,......((((.((((.((......))))))....(((..((..(((...)))..)).)))..)))).,18,-4.543,31,0.000035
2262,..(.....)..((((.(((....)))))))....(((....................))).......,11,-4.542,20,0.000035
2263,...........((((..((....)).))))......................((..........)).,8,-4.542,10,0.000035
2264,...........((((.(((....))))))).............(((...)))(((.((...))))).,15,-4.541,15,0.000035
2265,...........((((.(((....))))))).............(((...)))((((.(...))))).,15,-4.541,12,0.000035
2266,...........((((.(((....)))))))............(......)..((((......)))).,12,-4.54,6,0.000035
2267,..(.....).(..((((....)))).).........((....))........((((......)))).,12,-4.54,28,0.000035
2268,.........(.((.(((((..........((((.......))))....))))).)).).........,12,-4.54,37,0.000035
2269,...........((((.(((....))))))).((.......))..........(((........))).,12,-4.54,8,0.000035
2270,...((...((.((((..((....)).))))..))....))((.....))...((((......)))).,16,-4.54,10,0.000035
2271,..(.....)..((((..((....)).))))...((.....)).((.....))((((......)))).,15,-4.54,14,0.000035
2272,..(.....)..(((((......))...)))......................((((......)))).,10,-4.539,16,0.000035
2273,..(((...(..((((.(((....))))))).).)))....(.......)...((((......)))).,16,-4.539,10,0.000035
2274,..((....((.((((.(((....)))))))..)))).((.....))......((((......)))).,17,-4.539,16,0.000035
2275,...((......((((.(((....)))))))........))(((...)))...((((......)))).,16,-4.538,6,0.000034
2276,.......(((.((.(((((.....(..(((.........)))).....))))).)).))).......,14,-4.538,38,0.000034
2277,..........(((((...........))))..)...((....))........((((......)))).,11,-4.538,16,0.000034
2278,...........((((..(......).))))......(......)........((((......)))).,10,-4.537,10,0.000034
2279,..((...))..((((((....))))...))..(...)...((.....))...((((......)))).,15,-4.537,19,0.000034
2280,.....(..((.((((..((....)).))))..))..)...(((...)))...(((........))).,15,-4.537,12,0.000034
2281,..((....((.((((..((....)).))))..))))((....))........((((......)))).,16,-4.537,18,0.000034
2282,.........(.((....)).)........((((.......))))........((((......)))).,11,-4.536,25,0.000034
2283,...(...)...((((.(((....))))))).....((...........))..((((......)))).,14,-4.536,9,0.000034
2284,..(.....).....(((....)))......(((.......))).........((((......)))).,11,-4.536,27,0.000034
2285,.......(((.(..(((((...(....(((.........)))).....)))))..).))).......,13,-4.535,39,0.000034
2286,..............(((((........(((.........)))......)))))...((...))....,10,-4.535,34,0.000034
2287,...((......((((.(((....)))))))...)).((....))........((((......)))).,15,-4.533,12,0.000034
2288,...((....(.((((.(((....)))))))..))).((....))........((((......)))).,16,-4.533,14,0.000034
2289,.......(...((((.(((....)))))))......)...............((((......)))).,12,-4.533,6,0.000034
2290,........((.((((...........))))..))...((.....))......((((......)))).,12,-4.532,18,0.000034
2291,...........((...............))......((....))........((((......)))).,8,-4.532,18,0.000034
2292,........((.((((..(......).))))..))......(((...)))...((((......)))).,14,-4.531,10,0.000034
2293,...........((((.(((....)))))))..........(((...)))..(.....).........,11,-4.531,12,0.000034
2294,.......(((.(..(((((...(.....).(((.......))).....)))))..).))).......,13,-4.53,41,0.000034
2295,...........((((.(((....)))))))...(........).........((((......)))).,12,-4.53,6,0.000034
2296,..............(((....)))...................((.....))((((......)))).,9,-4.53,25,0.000034
2297,...((...(..((((.(((....))))))).).)).((....))........((((......)))).,16,-4.529,14,0.000034
2298,..((...)).....((......))................((.....))...((((......)))).,10,-4.529,20,0.000034
2299,..(.....)..((((...(....)..))))..........((.....))...((((......)))).,12,-4.529,6,0.000034
2300,..(.....)(.((((...........))))..).......(((...)))...((((......)))).,13,-4.529,12,0.000034
2301,.....(...).((((.(((....)))))))..(...)...((.....))...((((......)))).,15,-4.528,4,0.000034
2302,.....(.(((.((.(((((..........((((.......))))....))))).)).))).).....,15,-4.528,43,0.000034
2303,..........(((((.(((....)))))))....).................((((......)))).,12,-4.528,6,0.000034
2304,...........((((..((....)).)))).....................((........))....,8,-4.527,16,0.000034
2305,...........(((.............))).............((.....))((((......)))).,9,-4.526,16,0.000034
2306,..............((......))....((.....))...(((...)))...((((......)))).,11,-4.526,20,0.000034
2307,.......(((.(..(((((..(...(.(((.........))))..)..)))))..).))).......,14,-4.526,40,0.000034
2308,..(((......((((.(((....)))))))...))).((.....))......((((......)))).,16,-4.525,14,0.000034
2309,..........((..........))..((.......))...((.....))...((((......)))).,10,-4.525,18,0.000034
2310,..(((....(.((((.(((....)))))))..)))).((.....))......((((......)))).,17,-4.525,16,0.000034
2311,..........((((.....)).))....((.....))...((.....))...((((......)))).,12,-4.525,20,0.000034
2312,...........((((...........))))..........(((...)))..((...)).........,9,-4.525,19,0.000034
2313,...........((((.(((....)))))))..(...)...((.....))...((..((...)).)).,14,-4.524,9,0.000034
2314,..((...))..((((((....)))...)))..(...)...((.....))...((((......)))).,15,-4.524,17,0.000034
2315,..((....((.((((.((......))))))..))))................((((......)))).,14,-4.524,14,0.000034
2316,...((.....))..(((....)))...(((..(...)..)))..........((((......)))).,13,-4.524,27,0.000034
2317,..(((......((((..((....)).))))...)))((....))........((((......)))).,15,-4.523,16,0.000034
2318,..(((....(.((((..((....)).))))..))))((....))........((((......)))).,16,-4.523,18,0.000034
2319,.......(((.(..(((((..(..((...............))..)..)))))..).))).......,12,-4.523,39,0.000034
2320,.......(((.(..(((((.....(....((((.......)))).)..)))))..).))).......,14,-4.523,42,0.000034
2321,.....((.((.(..(((((........(((.........)))......)))))..).)).....)).,13,-4.523,37,0.000034
2322,...((..(((..........)))..)).........................((((......)))).,9,-4.523,26,0.000034
2323,......((((.((((((....))))...))....(((..((..((.....))..)).)))..)))).,17,-4.523,40,0.000034
2324,......(.((.((((((....))...))))..))..)...((.....))...((((......)))).,15,-4.522,15,0.000034
2325,...........((((.(((....)))))))......................((..(.....).)).,10,-4.522,9,0.000034
2326,...((.(.((.((((.(((....)))))))..))..).))............((((......)))).,16,-4.521,14,0.000034
2327,...........((((...........))))..........((.....))...(((..(...).))).,10,-4.521,10,0.000034
2328,...........((((.(((....)))))))....(((...((.....))........))).......,12,-4.521,14,0.000034
2329,.......(..(..((((....)))).)..)..........(((...)))...((((......)))).,13,-4.521,21,0.000034
2330,..(((...(..((((.(((....))))))).).))).((.....))......((((......)))).,17,-4.521,16,0.000034
2331,............(((.................))).....((.....))...((((......)))).,9,-4.521,17,0.000033
2332,.....(...).((((...........))))......................((((......)))).,9,-4.52,12,0.000033
2333,...........((((.(((....)))))))..........(((...))).......(.....)....,11,-4.519,11,0.000033
2334,..(((...(..((((..((....)).)))).).)))((....))........((((......)))).,16,-4.519,18,0.000033
2335,..((...))..(((..(((....))).)))..........((.....))...(((........))).,13,-4.519,8,0.000033
2336,..(.....).....(((....)))..(.........)...((.....))...((((......)))).,11,-4.518,20,0.000033
2337,...........((((..((....)).))))..(...)...((.....))...(((.((...))))).,14,-4.518,9,0.000033
2338,...........((((..((....)).))))..(...)...((.....))...((((.(...))))).,14,-4.518,6,0.000033
2339,...........((((((....))...))))..(...)...(((...)))...((((......)))).,14,-4.518,13,0.000033
2340,...........((((...........)))).............((.....)).(((......)))..,9,-4.518,16,0.000033
2341,..(.....)...((.((....))..))..((((.......))))........((((......)))).,13,-4.517,28,0.000033
2342,..............(.(((....))))..((((.......))))........((((......)))).,12,-4.517,15,0.000033
2343,...((..(((.(......).)))..))......((.....))..........((((......)))).,12,-4.516,28,0.000033
2344,...((.....))..(((....)))..((.......))...(((...)))...((((......)))).,14,-4.516,24,0.000033
2345,...........((((..((....)).))))......................(((.(.....)))).,10,-4.516,9,0.000033
2346,...........((((...........))))......................((..((...)).)).,8,-4.516,17,0.000033
2347,...........((((..((....)).))))..........(((...)))...(((..(...).))).,13,-4.515,8,0.000033
2348,...........((((.(((....))))))).......(....).........(((........))).,11,-4.514,8,0.000033
2349,..(((...((...((((....)))).)).....)))....((.....))...((((......)))).,15,-4.513,25,0.000033
2350,..............(((....))).....((((.......))))........((..((...)).)).,11,-4.513,33,0.000033
2351,...........((((...........))))..........(((...))).......((...))....,9,-4.513,19,0.000033
2352,...........((((..((....)).))))..(...)...(.......)...((((......)))).,12,-4.513,6,0.000033
2353,..((...))..((((.(((....)))))))..........(((...)))..((...)).........,14,-4.512,17,0.000033
2354,...........(.((((((.(((....(.((((.......)))).).......))).)).)))).).,15,-4.512,40,0.000033
2355,...........((((..((....)).)))).............(((...))).(((......)))..,12,-4.511,14,0.000033
2356,......(....((((..((....)).))))......)...((.....))...((((......)))).,13,-4.511,4,0.000033
2357,.......(((.(..((.((........(((.........)))......)).))..).))).......,11,-4.511,36,0.000033
2358,..(.....)..((((.(........)))))..........(((...)))...((((......)))).,13,-4.511,8,0.000033
2359,..(((......((((.((......))))))...)))................((((......)))).,13,-4.511,12,0.000033
2360,..(((....(.((((.((......))))))..))))................((((......)))).,14,-4.51,14,0.000033
2361,........((.((((..(......).))))..))..((....))........((((......)))).,13,-4.51,16,0.000033
2362,.......(((.(..(((((...........((.........)).....)))))..).))).......,11,-4.51,39,0.000033
2363,..............(((....)))...((...........))..........((((......)))).,9,-4.51,21,0.000033
2364,...........((((.(((....)))))))......((....)).......(.....).........,10,-4.51,18,0.000033
2365,...........((((((....))...)))).......((.....))......((((......)))).,12,-4.509,17,0.000033
2366,.......(((.(..(((((............((.......))......)))))..).))).......,11,-4.509,38,0.000033
2367,......((((.((((((....)))...)))....(((..((..((.....))..)).)))..)))).,17,-4.509,38,0.000033
2368,..((...))..((((.(((....)))))))..........((.....))...(((..(...).))).,15,-4.509,8,0.000033
2369,...((..(((.((....)).)))..))......((.....))..........((((......)))).,13,-4.508,28,0.000033
2370,........((.((((..((....)).))))..))..(......)........((((......)))).,13,-4.508,12,0.000033
2371,..(.....)(.((((...........))))..)...((....))........((((......)))).,12,-4.508,18,0.000033
2372,..((...)).....(((....)))....((..(...)..))...........((((......)))).,12,-4.507,28,0.000033
2373,.......(.(.((((.((......))))))....).)...((.....))...((((......)))).,14,-4.506,6,0.000033
2374,..(((...(..((((.((......)))))).).)))................((((......)))).,14,-4.506,14,0.000033
2375,.....(...)...((((....))))....((((.......))))........((((......)))).,13,-4.506,28,0.000033
2376,.........(.((((...........))))....).....(((...)))...((((......)))).,12,-4.505,10,0.000033
2377,..((...))..((((.(((....))))))).............((.....)).(((......)))..,14,-4.505,14,0.000033
2378,...((.....))(((((....))).))..((((.......))))........((((......)))).,15,-4.505,29,0.000033
2379,...((.....))(((((....)))).)..((((.......))))........((((......)))).,15,-4.505,29,0.000033
2380,..(.....)..(((..(((....))).))).............((.....))((((......)))).,13,-4.504,12,0.000033
2381,...........((((...........))))......((....)).......((...)).........,8,-4.504,25,0.000033
2382,...(((..((.((((.(((....)))))))..))..).))(((...)))...((((......)))).,19,-4.504,12,0.000033
2383,...(((..((.((((.(((....)))))))..))..)).)(((...)))...((((......)))).,19,-4.504,12,0.000033
2384,..((...))..((((.(((....)))))))......................((..((...)).)).,13,-4.503,15,0.000033
2385,...........((((((....))))...))..(.......)...........((((......)))).,11,-4.503,18,0.000033
2386,...........(((((......)))...))..(...)...((.....))...((((......)))).,12,-4.502,14,0.000032
2387,.........(.((.(((....)))....))..).......(((...)))...((((......)))).,13,-4.502,17,0.000032
2388,..(.....)..((((...........))))(((.......))).........((((......)))).,12,-4.501,16,0.000032
2389,......(.((.((((...........))))..))..)...((.....))...(((........))).,12,-4.501,14,0.000032
2390,..........(((.......).)).....((((.......))))........((((......)))).,11,-4.501,26,0.000032
2391,..((...))..((((...........)))).((.......))..........((((......)))).,12,-4.501,16,0.000032
2392,...........((((..((....)).))))..(.......)..((.....))((((......)))).,13,-4.501,11,0.000032
2393,.........(.((((.(((....)))))))..).......(((...)))...((..........)).,13,-4.501,8,0.000032
2394,...........((((.(((....))))))).....((...........))..(((.((...))))).,14,-4.5,12,0.000032
2395,...........((((.(((....))))))).....((...........))..((((.(...))))).,14,-4.5,9,0.000032
2396,.......(..(..((((....)))).)..)......((....))........((((......)))).,12,-4.5,27,0.000032
2397,..((...))..((((.(((....)))))))..........(((...))).......((...))....,14,-4.5,17,0.000032
2398,.......(((.((..((((.....(..(((.........)))..)...))))..)).))).......,13,-4.5,38,0.000032
2399,...........((((...........))))........(......)......((((......)))).,9,-4.5,12,0.000032
2400,...........((((..((....)).))))....(((......((.....)).....))).......,11,-4.5,24,0.000032
2401,....((((((.(..(((((..........(((.........)))....)))))..).)))....))),15,-4.5,44,0.000032
2402,.............((((....))))...((.........))..(((...)))((((......)))).,13,-4.499,28,0.000032
2403,..(.....).((.((.....)))).....((((.......))))........((((......)))).,13,-4.499,29,0.000032
2404,..(.....((.((((.(((....)))))))..)).)....((.....))...((((......)))).,16,-4.499,6,0.000032
2405,...........((((.(((....))))))).....................(((.....).))....,10,-4.499,15,0.000032
2406,.......(((.(......).))).....((..(...)..))...........((((......)))).,11,-4.499,27,0.000032
2407,...........((((.(((....)))))))......((....))............(.....)....,10,-4.498,17,0.000032
2408,...........((((..((....)).)))).(.........)..........((((......)))).,11,-4.498,7,0.000032
2409,......((((.((((.(((....)))))))..(.(((..((..(((...)))..)).))).))))).,20,-4.498,31,0.000032
2410,.....(..((.(((.............)))..))..)...(((...)))...((((......)))).,13,-4.497,16,0.000032
2411,..((...))..((((..((....)).))))......................(((.((...))))).,13,-4.497,15,0.000032
2412,..((...))..((((..((....)).))))......................((((.(...))))).,13,-4.497,12,0.000032
2413,.......(((.((..((((..((.(((.............)))))...))))..)).))).......,14,-4.497,41,0.000032
2414,...((.....))..(((....))).....((((.......))))........(((........))).,12,-4.497,31,0.000032
2415,...........((((...........))))..(...)...(((...)))...(((........))).,11,-4.497,12,0.000032
2416,........((...((((....)))).))............(((...)))...((((......)))).,13,-4.497,21,0.000032
2417,.........(...((((....)))).)(((.........)))..........((((......)))).,12,-4.496,23,0.000032
2418,.....(..((.((((.(((....)))))))..))..)...(((...)))....(((......)))..,16,-4.496,10,0.000032
2419,........(..((((..((....)).)))).)........((.....))...((((......)))).,13,-4.496,4,0.000032
2420,......(.((.((((..((....)).))))..))..)...(((...)))...(((........))).,15,-4.495,12,0.000032
2421,...((..(((.((.(((((..........((((.......))))....)))))).).))).))....,16,-4.495,44,0.000032
2422,.....(((((.(..(((((..((....(((..(...)..))).))...)))))..).)))....)).,17,-4.495,45,0.000032
2423,.............((((....))))..(((.........)))..........(((........))).,10,-4.494,24,0.000032
2424,...........((((.(((....)))))))..........((.....))...(.((......)).).,12,-4.494,2,0.000032
2425,...........((((..((....)).))))......((....))........(((..(...).))).,12,-4.494,14,0.000032
2426,.....(.(((.(..(((((..........((((.......))))....)))))..).)))....)..,14,-4.493,42,0.000032
2427,...((..(((..(....)..)))..))..((((.......))))........((((......)))).,14,-4.493,31,0.000032
2428,.....(....)...((......))...(((.........)))..........((((......)))).,10,-4.492,23,0.000032
2429,...........((((...........))))......((....))............((...))....,8,-4.492,25,0.000032
2430,..(.....)...(((.(((....))))))...........((.....))...((((......)))).,13,-4.492,4,0.000032
2431,.........(.((((.(.....)...))))..).......(((...)))...((((......)))).,13,-4.492,11,0.000032
2432,...........((((.(.(....)).))))..........(((...)))...((((......)))).,13,-4.492,6,0.000032
2433,..........(..((((....)))).).....(...)...(((...)))...((((......)))).,13,-4.491,22,0.000032
2434,...((.....)).(((......)))..(((.........)))..........((((......)))).,12,-4.491,24,0.000032
2435,..((...))..((((.(((....)))))))......((....)).......((...)).........,13,-4.491,23,0.000032
2436,.......(((.(..(((((..((..(.(((.........))))))...)))))..).))).......,15,-4.491,42,0.000032
2437,..........(..((((....)))).).((.....))...((.....))...((((......)))).,13,-4.491,20,0.000032
2438,.......(((.((....)).))).....((..(...)..))...........((((......)))).,12,-4.491,27,0.000032
2439,...........((((..(.......)))))..........((.....))...((((......)))).,11,-4.49,6,0.000032
2440,..(.....)..((((.(........)))))......((....))........((((......)))).,12,-4.49,14,0.000032
2441,..((...)).(..((((....)))).).............(((...)))...((((......)))).,14,-4.49,24,0.000032
2442,.....(((((.(..(((((......(.(((.........)))).....)))))..).)))....)).,15,-4.49,40,0.000032
2443,...........((((((....)))...)))..(.......)...........((((......)))).,11,-4.49,16,0.000032
2444,...........((((..((....)).))))((.((.....))..))......((((......)))).,14,-4.489,12,0.000032
2445,..(.....)..((((.(((....)))))))......((....))(.....).((((......)))).,15,-4.489,12,0.000032
2446,...........(((((......))...)))..(...)...((.....))...((((......)))).,12,-4.489,12,0.000032
2447,....((..((.((((.(((....)))))))..))..)).....(((...)))((((......)))).,18,-4.489,18,0.000032
2448,...........((((...........)))).......((.....))......(((........))).,9,-4.488,16,0.000032
2449,..((...))..((((.(((....)))))))........(......)......((((......)))).,14,-4.487,10,0.000032
2450,...........((((.(((....)))))))............(.......).((((......)))).,12,-4.487,6,0.000032
2451,...........((((..(......).))))..........(((...)))...(((........))).,11,-4.487,8,0.000032
2452,......((((.((((..((....)).))))....(((..((..((.....)).).).)))..)))).,17,-4.486,29,0.000032
2453,..(.....)..((((..((....)).)))).......(.......)......((((......)))).,12,-4.486,10,0.000032
2454,..(.....).....(((....)))....((.........))..((.....))((((......)))).,12,-4.485,28,0.000032
2455,.........(.((((.(((....)))))))..).......(((...)))..((........))....,13,-4.485,14,0.000032
2456,.........(...(((......))).).............((.....))...((((......)))).,10,-4.485,17,0.000032
2457,......(((..((((.(((....)))))))....(((..((..((.....))..)).)))...))).,17,-4.485,26,0.000032
2458,......(...)((((.(((....)))))))......................((((......)))).,12,-4.485,6,0.000032
2459,........((.((((((....))...))))..))......((.....))...((((......)))).,14,-4.484,13,0.000032
2460,..((...))..((((.(((....)))))))..(...)...(((...)))...(((........))).,16,-4.484,10,0.000031
2461,...........(((..(((....))).)))..........(((...)))....(((......)))..,12,-4.484,6,0.000031
2462,...........((((...........))))....(((....................))).......,7,-4.484,24,0.000031
2463,...((........((((....))))......))...................((((......)))).,10,-4.483,25,0.000031
2464,......((((.((.(((((........(((.........)))......))))).)).)).....)).,14,-4.483,37,0.000031
2465,..........(..((((....)))).)..........((.....))......((((......)))).,11,-4.483,26,0.000031
2466,...(((...(.....)..)))......(((.........)))..........((((......)))).,11,-4.483,26,0.000031
2467,..((...))..(((((......)))...))......................((((......)))).,11,-4.481,20,0.000031
2468,.........(.((.(((....)))....))..)...((....))........((((......)))).,12,-4.481,23,0.000031
2469,......((((.((.(((((..........((((.......))))....))))).)).))).).....,15,-4.481,43,0.000031
2470,..((...))..((((.((......))))))..........((.....))...(((........))).,13,-4.48,8,0.000031
2471,..(.....)...(.(((....)))..)..((((.......))))........((((......)))).,13,-4.48,28,0.000031
2472,.......(((.(..(((((..(......((.........))....)..)))))..).))).......,12,-4.48,39,0.000031
2473,.........(.((((.(((....)))))))..)...((....))........((..........)).,12,-4.48,14,0.000031
2474,...........((((..(......).))))..(...)...............((((......)))).,10,-4.48,10,0.000031
2475,..((...)).....(((....)))...(((.........))).((.....))((((......)))).,14,-4.48,30,0.000031
2476,..((...))..((((.(((....)))))))......((....))............((...))....,13,-4.48,23,0.000031
2477,..(.....).....(((....)))..((.......))...............((((......)))).,10,-4.48,25,0.000031
2478,..(.....)....(((......)))..(((.........)))..........((((......)))).,11,-4.479,23,0.000031
2479,............(((((....))).))..((((.......))))........(((........))).,12,-4.478,28,0.000031
2480,............(((((....)))).)..((((.......))))........(((........))).,12,-4.478,28,0.000031
2481,.......(((.((.(((((...(...)..((((.......))))....)))))).).))).......,15,-4.478,42,0.000031
2482,.......(((.((.(((((..(.......................)..))))).)).))).......,11,-4.478,38,0.000031
2483,...(((............))).....((.......))...((.....))...((((......)))).,11,-4.477,21,0.000031
2484,...........(((..(((....))).)))...(..((....)).)......((((......)))).,13,-4.477,12,0.000031
2485,...(...)...((((((....))))...))..........(((...)))...((((......)))).,14,-4.477,17,0.000031
2486,.......(((....(((((........(((.........)))......)))))....))).......,11,-4.477,37,0.000031
2487,...........(.((((((.(((......(((.........))).........))).)).)))).).,13,-4.477,38,0.000031
2488,..(.....)..((((((....))))...))....(.....)...........((((......)))).,12,-4.477,20,0.000031
2489,.......(((.((.(((((..((....(((.........)))..))..))))).)).))).......,15,-4.477,41,0.000031
2490,..............(((....))).....(((.........)))........(((........))).,9,-4.477,27,0.000031
2491,.........(.((((.(.......).))))..).......(((...)))...((((......)))).,13,-4.476,10,0.000031
2492,...........((((.(((....))))))).............((.....))...............,9,-4.476,16,0.000031
2493,...........((((.(((....)))))))..........((.....))....((.....)).....,11,-4.476,10,0.000031
2494,........((...((((....)))).))........((....))........((((......)))).,12,-4.476,27,0.000031
2495,..((...))..((((.(((....))))))).......((.....))......(((........))).,14,-4.476,14,0.000031
2496,..........(..(((......))).)..((((.......))))........(((........))).,11,-4.475,28,0.000031
2497,..((...))..((((...........)))).......(....).........((((......)))).,11,-4.475,16,0.000031
2498,.........(.((((.(((....)))))))..).......(((...)))...(((.(.....)))).,15,-4.475,7,0.000031
2499,..(.....)..((((..((....)).))))....(.....)..((.....))((((......)))).,14,-4.474,13,0.000031
2500,............((.....)).......((.........))...........((((......)))).,8,-4.474,21,0.000031
2501,.........(.(((..((......)).)))..).......((.....))...((((......)))).,12,-4.473,6,0.000031
2502,.......(((.(..(((((..((......(((.........)))))..)))))..).))).......,14,-4.473,44,0.000031
2503,...........((((.(((....)))))))....(((..(...................)..)))..,11,-4.473,17,0.000031
2504,..(.....)..((((..((....)).))))..........((.....))...((..((...)).)).,13,-4.473,11,0.000031
2505,.......(((.(......).)))....(((.........))).((.....))((((......)))).,13,-4.472,29,0.000031
2506,..............((......))....((..(...)..))...........((((......)))).,9,-4.472,23,0.000031
2507,.........(.((((.(.....)...))))..)...((....))........((((......)))).,12,-4.471,17,0.000031
2508,...........((((.(((....)))))))(....)................((((......)))).,12,-4.471,6,0.000031
2509,...........((((.(.(....)).))))......((....))........((((......)))).,12,-4.471,12,0.000031
2510,..((...))..((((.(((....)))))))....(((....................))).......,12,-4.471,22,0.000031
2511,...........((((.(((....))))))).(.((.....))...)......((((......)))).,14,-4.47,8,0.000031
2512,.....(....)...(((....)))..((.......))...((.....))...((((......)))).,12,-4.47,21,0.000031
2513,...((..((............))..))..((((.......))))........((((......)))).,12,-4.47,29,0.000031
2514,........((.(......).)).......((((.......))))........((((......)))).,11,-4.47,27,0.000031
2515,...........((((.(((....)))))))(((.......))).........(((........))).,13,-4.469,10,0.000031
2516,..(.....)..((((.(((....)))))))..(...)......(((...)))((((......)))).,16,-4.469,14,0.000031
2517,..((...)).(..((((....)))).).........((....))........((((......)))).,13,-4.469,30,0.000031
2518,.....(....)((((.(((....))))))).............((.....))((((......)))).,14,-4.469,10,0.000031
2519,..((...))..((((..((....)).))))...((.....)).((.....))((((......)))).,16,-4.469,16,0.000031
2520,.........(.((((...........))))..).......(((...)))...(((.((...))))).,13,-4.469,15,0.000031
2521,.........(.((((...........))))..).......(((...)))...((((.(...))))).,13,-4.469,12,0.000031
2522,...........((((..(......).))))......(...........)...((((......)))).,10,-4.468,9,0.000031
2523,...((.(.((.((((.(((....)))))))..))..).))((.....))...((((......)))).,18,-4.468,10,0.000031
2524,.........(.(((..(((....))).)))..)....((.....))......((((......)))).,13,-4.468,12,0.000031
2525,..((...))..(((((......))...)))......................((((......)))).,11,-4.468,18,0.000031
2526,..........(((((..((....)).))))..)...................((((......)))).,11,-4.468,8,0.000031
2527,...........((((..(......).))))......((....))........(((........))).,10,-4.466,14,0.000031
2528,..........((..........))............................((((......)))).,6,-4.466,20,0.000031
2529,..(.....)..((((.(((....))))))).(...)....(((...)))...((((......)))).,16,-4.466,6,0.000031
2530,..(.....)..((((.((......)))))).............((.....))((((......)))).,13,-4.466,12,0.000031
2531,...........((((.(((....)))))))...........(........).((((......)))).,12,-4.465,5,0.000031
2532,........((.((.(((((..........((((.......))))....))))).)).))........,13,-4.465,39,0.000031
2533,.........(.....)....(((...........)))...............((((......)))).,8,-4.465,26,0.000030
2534,.........(.((((.(((....)))))))..)...((....)).......((........))....,12,-4.465,20,0.000030
2535,...((..(((.((.(((((.....(((.............))).....))))).)).))).))....,15,-4.464,40,0.000030
2536,......((((.(((..(((....))).)))....(((....................)))..)))).,13,-4.464,24,0.000030
2537,..((...)).....(((....)))......(((.......))).........((((......)))).,12,-4.464,29,0.000030
2538,...........((((..((....)).))))......(......)........(((........))).,10,-4.464,10,0.000030
2539,...(...)...((((((....)))...)))..........(((...)))...((((......)))).,14,-4.464,15,0.000030
2540,.......(((.((....)).)))....(((.........))).((.....))((((......)))).,14,-4.464,29,0.000030
2541,.......(((.(..(((...(((...........)))...((.....)).)))..).))).......,12,-4.464,37,0.000030
2542,........((.((((...........))))..))......((.....))...(((........))).,11,-4.464,12,0.000030
2543,..........((((.....)).))...(((..(...)..)))..........((((......)))).,12,-4.463,25,0.000030
2544,..(.....)..((((((....)))...)))....(.....)...........((((......)))).,12,-4.463,18,0.000030
2545,...........(((..(((....))).)))......((....)).........(((......)))..,11,-4.463,12,0.000030
2546,..............(((....)))...(((.........)))..(.....).((((......)))).,11,-4.463,24,0.000030
2547,...........((((.(((....)))))))..........((.....))....((.((...)).)).,13,-4.463,11,0.000030
2548,..(.....)...((((......))).)..((((.......))))........((((......)))).,13,-4.462,27,0.000030
2549,..(.....)...((((......)).))..((((.......))))........((((......)))).,13,-4.462,27,0.000030
2550,.....(((((.((.(((((...(.....)((((.......))))....))))).)).)))....)).,17,-4.462,44,0.000030
2551,........((.((....)).)).......((((.......))))........((((......)))).,12,-4.462,27,0.000030
2552,..(.....).....((......)).....(((.........)))........((((......)))).,10,-4.461,26,0.000030
2553,...........((((.(((....)))))))...((.....)).((.....)).(((......)))..,14,-4.459,12,0.000030
2554,.........(.....).............((((.......))))........((((......)))).,9,-4.459,25,0.000030
2555,.......(.(.((((...........))))..)...)...((.....))...((((......)))).,12,-4.459,10,0.000030
2556,........((.((((..((....)).))))..))......(((...)))...(((........))).,14,-4.457,10,0.000030
2557,.....(..((.((((...........))))..))..)......((.....))((((......)))).,13,-4.457,20,0.000030
2558,..((...))..((((...(....)..))))..........((.....))...((((......)))).,13,-4.457,8,0.000030
2559,..((...))(.((((...........))))..).......(((...)))...((((......)))).,14,-4.457,14,0.000030
2560,...((...((...((((....)))).))...)).......(((...)))...((((......)))).,15,-4.457,25,0.000030
2561,...(...)...((((((....))))...))......((....))........((((......)))).,13,-4.457,23,0.000030
2562,.......(((.(......).))).......(((.......))).........((((......)))).,11,-4.456,28,0.000030
2563,..........((((.....)).))..((.......))...(((...)))...((((......)))).,13,-4.456,22,0.000030
2564,...((........((((....))))........)).....((.....))...((((......)))).,12,-4.456,21,0.000030
2565,.........(.((((.(.......).))))..)...((....))........((((......)))).,12,-4.456,16,0.000030
2566,.......(((.((.(((((..(..(..(((.........)))..))..))))).)).))).......,15,-4.455,40,0.000030
2567,......(.((.(((.............)))..))..)...(((...)))...((((......)))).,13,-4.455,16,0.000030
2568,.......(((.(..(((((.(((...........)))(.......)..)))))..).))).......,13,-4.455,44,0.000030
2569,...........(.((((((.(((....(((.........))).((.....)).))).)).)))).).,15,-4.455,39,0.000030
2570,.......(((.(..(((((.....(...((.........)).).....)))))..).))).......,12,-4.455,38,0.000030
2571,..((.......((((...........))))....))....((.....))...((((......)))).,12,-4.454,10,0.000030
2572,.........(.((((.(((....)))))))..)...((....))........(((.(.....)))).,14,-4.454,13,0.000030
2573,............(((((....)))).).((.........))...........((((......)))).,11,-4.454,22,0.000030
2574,............(((((....))).)).((.........))...........((((......)))).,11,-4.454,22,0.000030
2575,......(.((.((((.(((....)))))))..))..)...(((...)))....(((......)))..,16,-4.453,10,0.000030
2576,...........((((.(((....)))))))..(...).......(.....).((((......)))).,13,-4.453,8,0.000030
2577,...(...(((.(..(((((........(((..(...)..)))......)))))..).)))..)....,14,-4.453,40,0.000030
2578,.......(((.(..(((((...(.(((.............))).)...)))))..).))).......,13,-4.453,39,0.000030
2579,..(.....)..((((.(((....)))))))..(..((...........)).)((((......)))).,15,-4.453,11,0.000030
2580,.......(.(.((((..((....)).))))..)...)...(((...)))...((((......)))).,15,-4.453,8,0.000030
2581,.........(.((((...........))))..).......((.....))....(((......)))..,10,-4.452,10,0.000030
2582,......((((((..(((((........(((..(...)..)))......)))))...))....)))).,15,-4.452,40,0.000030
2583,...........((((..((....)).))))...((.....))..(.....).((((......)))).,13,-4.452,10,0.000030
2584,...(...)...((((.(((....)))))))..........((.....))...(((.((...))))).,15,-4.452,7,0.000030
2585,...(...)...((((.(((....)))))))..........((.....))...((((.(...))))).,15,-4.452,4,0.000030
2586,...(...)...(((..(((....))).)))......................((((......)))).,11,-4.452,8,0.000030
2587,.....(..((.((((..((....)).))))..))..)......(((...)))((((......)))).,16,-4.451,18,0.000030
2588,..........(..(((......))).).((.........))...........((((......)))).,10,-4.451,22,0.000030
2589,.......(((.(..(((((...(.....).......((....))....)))))..).))).......,12,-4.451,41,0.000030
2590,..((....((.((((.(((....)))))))..))))................(((........))).,14,-4.45,14,0.000030
2591,...(((...))).((((....))))....((((.......))))........((((......)))).,15,-4.45,31,0.000030
2592,(...)......((((.(((....)))))))......................((((......)))).,12,-4.45,6,0.000030
2593,..............(((....)))((.(((.........)))..))......((((......)))).,12,-4.449,24,0.000030
2594,......(..(.((((.(((....)))))))....).)...((.....))...((((......)))).,15,-4.449,4,0.000030
2595,.....(....)..(((......)))....((((.......))))........((((......)))).,12,-4.449,27,0.000030
2596,....((.....((((.(((....)))))))......))..(((...)))...((((......)))).,16,-4.448,6,0.000030
2597,.......(((.((....)).))).......(((.......))).........((((......)))).,12,-4.448,28,0.000030
2598,..((.......((((..((....)).))))....))....(((...)))...((((......)))).,15,-4.448,8,0.000030
2599,.........(.((((...........))))..)...((....))........(((.((...))))).,12,-4.448,21,0.000030
2600,.........(.((((...........))))..)...((....))........((((.(...))))).,12,-4.448,18,0.000030
2601,...((..(((.(......).)))..))..((...........))........((((......)))).,12,-4.447,29,0.000030
2602,..((...)).....(((....)))..(.........)...((.....))...((((......)))).,12,-4.447,22,0.000030
2603,.............((((....))))........((.....))..........((((......)))).,10,-4.447,23,0.000030
2604,.......(((.(..(((((.....((...(((.........)))))..)))))..).))).......,14,-4.447,42,0.000030
2605,...(...)...((((.(((....)))))))..........(.......)...((((......)))).,13,-4.446,4,0.000030
2606,.........(.((((..((....)).))))..).......(((...)))....(((......)))..,13,-4.446,8,0.000030
2607,..((...))...((.((....))..))..((((.......))))........((((......)))).,14,-4.446,30,0.000030
2608,...........((((.((......))))))..........(((...)))....(((......)))..,12,-4.445,6,0.000029
2609,...........((((.(((....)))))))..........((.....))....((...)).......,11,-4.445,10,0.000029
2610,...(((............)))...((.(((.........)))..))......((((......)))).,12,-4.445,26,0.000029
2611,..............((......))...(((.........))).((.....))((((......)))).,11,-4.445,25,0.000029
2612,..(.....)..((((.(((....)))))))...((.....))..........(((.((...))))).,15,-4.444,13,0.000029
2613,..(.....)..((((.(((....)))))))...((.....))..........((((.(...))))).,15,-4.444,10,0.000029
2614,.......(((..........))).................(((...)))...((((......)))).,10,-4.444,22,0.000029
2615,..(.((..((.((((.(((....)))))))..))..))...)..........((((......)))).,16,-4.444,13,0.000029
2616,.......(((.(..(((((.....((.((...........))..))..)))))..).))).......,13,-4.443,38,0.000029
2617,...(...)...((((((....)))...)))......((....))........((((......)))).,13,-4.443,21,0.000029
2618,...........((((((....))))...))..........(((...)))...(((.((...))))).,14,-4.442,20,0.000029
2619,...........((((((....))))...))..........(((...)))...((((.(...))))).,14,-4.442,17,0.000029
2620,.....(((((.((.(((((.............................))))).)).)))....)).,12,-4.442,38,0.000029
2621,...((..(((.((((.(((....)))))))..))..).))............((((......)))).,16,-4.441,14,0.000029
2622,...........((((((....))...))))..........((.....))...(((........))).,11,-4.44,11,0.000029
2623,..((...))..((((.(........)))))..........(((...)))...((((......)))).,14,-4.439,10,0.000029
2624,...((..(((.((....)).)))..))..((...........))........((((......)))).,13,-4.439,29,0.000029
2625,.......(((.(......).)))...(.........)...((.....))...((((......)))).,11,-4.439,21,0.000029
2626,...........((((.((......))))))...(..((....)).)......((((......)))).,13,-4.439,12,0.000029
2627,........((.((((..((....)).))))..))..(...........)...((((......)))).,13,-4.439,11,0.000029
2628,..(.....)(.((((..((....)).))))..)...................((((......)))).,12,-4.438,10,0.000029
2629,...........((((.(((....)))))))...((.....))..(....)..((((......)))).,14,-4.438,8,0.000029
2630,..(((......((((.(((....)))))))...)))................(((........))).,13,-4.437,12,0.000029
2631,..(((....(.((((.(((....)))))))..))))................(((........))).,14,-4.437,14,0.000029
2632,..(.....)..((((.(((....))))))).........(...........)((((......)))).,13,-4.437,8,0.000029
2633,..........((((.....)).)).....((((.......))))........(((........))).,11,-4.437,29,0.000029
2634,...........((((.(((....)))))))...(..(......).)......((((......)))).,13,-4.437,8,0.000029
2635,........((.((((..((....)).))))..))..((....))........(((........))).,13,-4.437,16,0.000029
2636,..((...))(.((((...........))))..)...((....))........((((......)))).,13,-4.437,20,0.000029
2637,...((...((...((((....)))).))...))...((....))........((((......)))).,14,-4.436,31,0.000029
2638,..........((..(.....).))................((.....))...((((......)))).,9,-4.436,17,0.000029
2639,...........((.(.(((....)))).))..........(((...)))...((((......)))).,13,-4.434,4,0.000029
2640,...........((((..((....)).)))).....................((...)).........,8,-4.434,17,0.000029
2641,............(((...........)))...........((.....))...((((......)))).,9,-4.434,8,0.000029
2642,...(...)......(((....)))....((.........))...........((((......)))).,10,-4.433,24,0.000029
2643,.......(.(.((((.(((....)))))))....).)...((.....))...(((........))).,14,-4.433,6,0.000029
2644,..(((...(..((((.(((....))))))).).)))................(((........))).,14,-4.433,14,0.000029
2645,..((...))..(((..(((....))).))).............((.....))((((......)))).,14,-4.433,14,0.000029
2646,............................((.........))...........((((......)))).,6,-4.432,19,0.000029
2647,.......(((.((((.(((....)))))))..))......)...........((((......)))).,14,-4.432,9,0.000029
2648,..(((.........)))...(((...........)))...((.....))...((((......)))).,12,-4.432,24,0.000029
2649,......(.((...((((....)))).)).)..........(((...)))...((((......)))).,14,-4.431,22,0.000029
2650,......((((.((((.(((....)))))))....(((...(..(((...)))..)..)))..)))).,18,-4.431,28,0.000029
2651,.......(...((((..((....)).))))......)...((.....))...((((......)))).,13,-4.431,4,0.000029
2652,.......(((.((....)).)))...(.........)...((.....))...((((......)))).,12,-4.431,21,0.000029
2653,...........((((...........))))......((....))(.....).((((......)))).,11,-4.431,16,0.000029
2654,..((...))..((((...........))))(((.......))).........((((......)))).,13,-4.43,18,0.000029
2655,.........(.((((.((......))))))..)....((.....))......((((......)))).,13,-4.43,12,0.000029
2656,...........((((.(((....)))))))..........(.(....))...((((......)))).,13,-4.43,3,0.000029
2657,......((((.((((.(((....)))))))....(((..((..(.......)..)).)))..)))).,17,-4.43,25,0.000029
2658,..............((......))......(((.......))).........((((......)))).,9,-4.429,24,0.000029
2659,......(.....).(((....)))....((.........))...........((((......)))).,10,-4.428,23,0.000029
2660,...........((((((....)))...)))..........(((...)))...(((.((...))))).,14,-4.428,18,0.000029
2661,...........((((((....)))...)))..........(((...)))...((((.(...))))).,14,-4.428,15,0.000029
2662,..((...)).((.((.....)))).....((((.......))))........((((......)))).,14,-4.428,31,0.000029
2663,.....(....)(((..(((....))).)))..........(((...)))...((((......)))).,14,-4.428,6,0.000029
2664,.....(..((.((((.(((....)))))))..))..)...............(((.((...))))).,15,-4.428,15,0.000029
2665,.....(..((.((((.(((....)))))))..))..)...............((((.(...))))).,15,-4.428,12,0.000029
2666,............(((..((....)).)))...........(((...)))...((((......)))).,12,-4.428,6,0.000029
2667,..............(((....)))............(......)........((((......)))).,8,-4.427,23,0.000029
2668,...........((((..((....)).))))((.........)).........((((......)))).,12,-4.427,9,0.000029
2669,.......(((.((.(((((..(.....(((..(...)..)))...)..))))).)).))).......,15,-4.426,41,0.000029
2670,...((..............))......(((.........)))..........((((......)))).,9,-4.426,23,0.000029
2671,......((((.((((.((......))))))....(((....................)))..)))).,13,-4.426,24,0.000029
2672,..........(((((..((....)).))))....).....((.....))...((((......)))).,13,-4.426,4,0.000029
2673,........((...((((....)))).)).((((.......))))........(((........))).,13,-4.426,30,0.000029
2674,..((((..((.((((..((....)).))))..))..)).....)).......((((......)))).,16,-4.426,18,0.000029
2675,.........(.((((..((....)).))))..)...((....)).........(((......)))..,12,-4.425,14,0.000029
2676,...........((((((....))))...))..........((.....))....(((......)))..,11,-4.425,15,0.000029
2677,..(.....)..(((..((......)).)))..........(((...)))...((((......)))).,13,-4.425,8,0.000028
2678,..(.....)..(((((......)...))))..........((.....))...((((......)))).,12,-4.425,10,0.000028
2679,...........((((.((......))))))......((....)).........(((......)))..,11,-4.425,12,0.000028
2680,...........((((..((....)).))))......((....))((...)).((((......)))).,14,-4.424,14,0.000028
2681,...........(((.............)))......(......)........((((......)))).,8,-4.424,14,0.000028
2682,.......(((.((.((((..(((...........)))...(((...))))))).)).))).......,15,-4.424,40,0.000028
2683,..((...........))...(((...........)))...(((...)))...((((......)))).,12,-4.424,25,0.000028
2684,.......(((..........))).............((....))........((((......)))).,9,-4.424,28,0.000028
2685,...........((((..((....)).))))..........................((...))....,8,-4.423,17,0.000028
2686,...........((((.(((....)))))))......(......).........(((......)))..,11,-4.422,8,0.000028
2687,..((....((.((((..(......).))))..))))....((.....))...((((......)))).,15,-4.422,12,0.000028
2688,...(...)...((((..((....)).))))....(.....)...........((((......)))).,12,-4.422,9,0.000028
2689,......((((.((((...........))))....(((..((.............)).)))..)))).,13,-4.422,29,0.000028
2690,...(...)...((((...........))))...((.....))..........((((......)))).,11,-4.421,14,0.000028
2691,.........(.(..(((((..((....(((.........))).))...)))))..).).........,12,-4.421,37,0.000028
2692,..((...))...(((.(((....))))))...........((.....))...((((......)))).,14,-4.421,6,0.000028
2693,...........((((((....))))...))......((....))........(((.((...))))).,13,-4.421,26,0.000028
2694,...........((((((....))))...))......((....))........((((.(...))))).,13,-4.421,23,0.000028
2695,.........(...((((....)))).)...(((.......))).........((((......)))).,12,-4.421,26,0.000028
2696,...........((((..((....)).))))..........((.....))...((..(.....).)).,11,-4.42,7,0.000028
2697,...........((.(((....)))....))...((.....))..........((((......)))).,11,-4.419,19,0.000028
2698,..((...))..((((.(........)))))......((....))........((((......)))).,13,-4.419,16,0.000028
2699,...(((............)))...............................((((......)))).,7,-4.418,23,0.000028
2700,..((...))..((((.(((....)))))))......((....))(.....).((((......)))).,16,-4.418,14,0.000028
2701,...........((((.(((....)))))))...((.....))..........((..........)).,11,-4.418,10,0.000028
2702,........((.(((.............)))..))......(((...)))...((((......)))).,12,-4.418,14,0.000028
2703,.....(.....((((...........))))......)...((.....))...((((......)))).,11,-4.417,8,0.000028
2704,..((.....(.((((.(((....)))))))..).))................((((......)))).,14,-4.416,10,0.000028
2705,...((..(((.(......).)))..)).....(...)...((.....))...((((......)))).,13,-4.416,24,0.000028
2706,...........(((..(((....))).)))......................(((.((...))))).,11,-4.416,11,0.000028
2707,...........(((..(((....))).)))......................((((.(...))))).,11,-4.416,8,0.000028
2708,........((.((((.(((....)))))))..))......(((...)))....(((......)))..,15,-4.416,8,0.000028
2709,......(.((.((((...........))))..))..)......((.....))((((......)))).,13,-4.415,20,0.000028
2710,.........(.((((..((....)).))))....).................((((......)))).,11,-4.415,8,0.000028
2711,..((...))..((((..((....)).)))).......(.......)......((((......)))).,13,-4.415,12,0.000028
2712,..((...)).....(((....)))....((.........))..((.....))((((......)))).,13,-4.414,30,0.000028
2713,..........(..((((....)))).).............((.....))...(((........))).,10,-4.414,20,0.000028
2714,.......(((.(..(((((...(...........).((....))....)))))..).))).......,12,-4.414,42,0.000028
2715,.......(((.((.(((((......(...((((.......)))).)..))))).)).))).......,15,-4.414,42,0.000028
2716,.......(((.(..(((((..((...........)).((.....))..)))))..).))).......,13,-4.414,44,0.000028
2717,...........((.(.(((....)))).))......((....))........((((......)))).,12,-4.413,10,0.000028
2718,...(...)...((((.((......))))))......................((((......)))).,11,-4.413,8,0.000028
2719,.............((((....))))...(.......)...(((...)))...((((......)))).,12,-4.412,20,0.000028
2720,..............((......))..(.........)...((.....))...((((......)))).,9,-4.412,17,0.000028
2721,...........((((((....)))...)))..........((.....))....(((......)))..,11,-4.412,13,0.000028
2722,...........((((.(((....)))))))....(((..((..((.....)).).).))).......,14,-4.411,23,0.000028
2723,...........((((.(((....)))))))....(((.........................)))..,10,-4.411,15,0.000028
2724,.....(....)...(((....)))............................((((......)))).,8,-4.411,23,0.000028
2725,...((.....))........(((...........)))...(((...)))...((((......)))).,12,-4.411,25,0.000028
2726,...........((((...........))))..(...)......(((...)))((((......)))).,12,-4.411,18,0.000028
2727,.....(.....((((..((....)).))))......)...(((...)))...((((......)))).,14,-4.411,6,0.000028
2728,............((.(......)..))..((((.......))))........((((......)))).,11,-4.411,25,0.000028
2729,......(.((...((((....)))).)).)......((....))........((((......)))).,13,-4.411,28,0.000028
2730,...........((((.(((....)))))))..........(((...)))....(.....).......,11,-4.41,11,0.000028
2731,...........((((.(((....)))))))..........(.......)...(((.((...))))).,13,-4.41,7,0.000028
2732,...........((((.(((....)))))))..........(.......)...((((.(...))))).,13,-4.41,4,0.000028
2733,..(.....)...((.....))........((((.......))))........((((......)))).,11,-4.41,27,0.000028
2734,...((.....)).((((....))))...........................((((......)))).,10,-4.41,24,0.000028
2735,.........(.((((..((....)).))))..)((.....))..........((((......)))).,13,-4.409,10,0.000028
2736,...........((((.(.....)...))))...((.....))..........((((......)))).,11,-4.409,13,0.000028
2737,......(.((.((((..((....)).))))..))..)......(((...)))((((......)))).,16,-4.409,18,0.000028
2738,..((...))...(.(((....)))..)..((((.......))))........((((......)))).,14,-4.409,30,0.000028
2739,.....(.(((.(..(((((..((....(((.........))).))...)))))..).))).).....,15,-4.409,43,0.000028
2740,..(((......((((..(......).))))...)))....((.....))...((((......)))).,14,-4.409,10,0.000028
2741,..(((....(.((((..(......).))))..))))....((.....))...((((......)))).,15,-4.409,12,0.000028
2742,..((...)).....(((....)))..((.......))...............((((......)))).,11,-4.408,27,0.000028
2743,.......(((.((.((((...........((((.......)))).....)))).)).))).......,13,-4.408,41,0.000028
2744,...((..(((.((....)).)))..)).....(...)...((.....))...((((......)))).,14,-4.408,24,0.000028
2745,...........((((((....)))...)))......((....))........(((.((...))))).,13,-4.407,24,0.000028
2746,...........((((((....)))...)))......((....))........((((.(...))))).,13,-4.407,21,0.000028
2747,..((...))....(((......)))..(((.........)))..........((((......)))).,12,-4.407,25,0.000028
2748,..........(..((.....)).)....((.........))...........((((......)))).,9,-4.407,22,0.000028
2749,.....(....)(((..(((....))).)))......((....))........((((......)))).,13,-4.407,12,0.000028
2750,...........((((...........)))).(...)....(((...)))...((((......)))).,12,-4.407,10,0.000028
2751,............(((..((....)).))).......((....))........((((......)))).,11,-4.407,12,0.000028
2752,(.......)..((((...........))))..........((.....))...((((......)))).,11,-4.407,8,0.000028
2753,...........((((..((....)).))))..(...)...............(((........))).,10,-4.406,10,0.000028
2754,......((((.(..(((((..........((((.......))))....)))))..).))).....).,14,-4.406,42,0.000028
2755,.......(((.(......).))).....((.........))..((.....))((((......)))).,12,-4.406,29,0.000028
2756,..((...))..((((((....))))...))....(.....)...........((((......)))).,13,-4.406,22,0.000028
2757,.......(((.((.(((((..(.......((((.......)))).)..))))).)).))).......,15,-4.405,43,0.000028
2758,...((..(((.(..(((((..((....(((..(...)..))).))...)))))..).))).))....,17,-4.405,46,0.000028
2759,...((........((((....))))))..((((.......))))........(((........))).,13,-4.405,30,0.000028
2760,..(.....)..((((.(((....))))))).......(...)..........((((......)))).,13,-4.405,7,0.000028
2761,..(((...(..((((..(......).)))).).)))....((.....))...((((......)))).,15,-4.404,12,0.000028
2762,..(.....)..(((..((......)).)))......((....))........((((......)))).,12,-4.404,14,0.000028
2763,..(.....)..((((...........))))..........(((...)))....(((......)))..,11,-4.404,12,0.000027
2764,..((...))..((((..((....)).))))....(.....)..((.....))((((......)))).,15,-4.403,15,0.000027
2765,...........((((.(((....)))))))...((.....)).........((........))....,11,-4.403,16,0.000027
2766,.......(((.((.(((((....((..........))...........))))).)).))).......,12,-4.402,38,0.000027
2767,..(.....)..((((..((....)).))))..............(.....).((((......)))).,12,-4.402,10,0.000027
2768,..(.....)..(((..(((....))).)))......(......)........((((......)))).,12,-4.402,10,0.000027
2769,..((...))..((((..((....)).))))..........((.....))...((..((...)).)).,14,-4.401,13,0.000027
2770,..(.....)...(((((....)))).).............((.....))...((((......)))).,12,-4.401,19,0.000027
2771,..(.....)...(((((....))).)).............((.....))...((((......)))).,12,-4.401,19,0.000027
2772,.......(((.(..(((((........(((.........)))......)))).).).))).......,12,-4.401,37,0.000027
2773,...........((((..(......).)))).............(((...)))((((......)))).,12,-4.401,14,0.000027
2774,(.......)..((((..((....)).))))..........(((...)))...((((......)))).,14,-4.401,6,0.000027
2775,.......(((.(......).)))...((.......))...............((((......)))).,10,-4.4,26,0.000027
2776,...((..(((.(..(((((......(.(((.........)))).....)))))..).))).))....,15,-4.4,41,0.000027
2777,...((..(((.(......).)))..))..((((.......)))).........(((......)))..,13,-4.4,33,0.000027
2778,..........((..........))...(.((((.......)))).)......((((......)))).,11,-4.4,26,0.000027
2779,.........(.(((..(((....))).)))..).......((.....))...(((........))).,12,-4.4,6,0.000027
2780,..(.....)..((((.(((....)))))))....((....(((...))).))((((......)))).,17,-4.4,8,0.000027
2781,...............((....))......((((.......))))........((((......)))).,10,-4.398,26,0.000027
2782,..(.....).....(((....)))....(.......)...((.....))...((((......)))).,11,-4.398,20,0.000027
2783,.......(((.((....)).))).....((.........))..((.....))((((......)))).,13,-4.398,29,0.000027
2784,.......(....).(((....)))....((.........))...........((((......)))).,10,-4.398,23,0.000027
2785,..((...))..((((.(((....)))))))..(...)......(((...)))((((......)))).,17,-4.398,16,0.000027
2786,............((...........))..((((.......))))........((((......)))).,10,-4.398,23,0.000027
2787,.............((((....)))).(.........)...(((...)))...((((......)))).,12,-4.398,20,0.000027
2788,..(.....)..((((...........))))...(..((....)).)......((((......)))).,12,-4.397,18,0.000027
2789,..............(((....)))....((.........))...........(((.((...))))).,10,-4.397,27,0.000027
2790,..............(((....)))....((.........))...........((((.(...))))).,10,-4.397,24,0.000027
2791,..(.....)....((((....))))...........................((((......)))).,9,-4.397,23,0.000027
2792,.......(((.((.(((((..(.....(((.........)))...)..)))))).).))).......,14,-4.397,39,0.000027
2793,...........((((..((....)).))))..........((.....))..(((.....).))....,11,-4.397,13,0.000027
2794,........((.(((.............)))..))..((....))........((((......)))).,11,-4.397,20,0.000027
2795,.....(...).((((.(((....)))))))....(.....)...........((((......)))).,13,-4.396,7,0.000027
2796,.......(((.(..(((((..((.(((.(.......)...)))))...)))))..).))).......,15,-4.396,42,0.000027
2797,........((.((((.(((....)))))))..))..((....)).........(((......)))..,14,-4.395,14,0.000027
2798,...........((((..((....)).))))......(...........)...(((........))).,10,-4.395,9,0.000027
2799,..((...))..((((.(((....))))))).(...)....(((...)))...((((......)))).,17,-4.394,8,0.000027
2800,..((...))..((((.((......)))))).............((.....))((((......)))).,14,-4.394,14,0.000027
2801,...........((((...........))))..(..((...........)).)((((......)))).,11,-4.394,15,0.000027
2802,...........((((.(((....)))))))....(.....)..((.....)).(((......)))..,13,-4.394,11,0.000027
2803,...........((((.(.......).))))...((.....))..........((((......)))).,11,-4.394,12,0.000027
2804,...........((((.(((....)))))))((............))......((((......)))).,13,-4.393,8,0.000027
2805,.........(.((((.(((....)))))))..).......(((...)))..((...)).........,13,-4.393,15,0.000027
2806,.......(((.((....)).)))...((.......))...............((((......)))).,11,-4.392,26,0.000027
2807,...........((((.(((....)))))))....(.....)...........((..((...)).)).,12,-4.392,12,0.000027
2808,..(.....)..((((.(((....))))))).............((.....))(((........))).,13,-4.392,12,0.000027
2809,..((...))..((((((....)))...)))....(.....)...........((((......)))).,13,-4.392,20,0.000027
2810,...((..(((.((....)).)))..))..((((.......)))).........(((......)))..,14,-4.392,33,0.000027
2811,...........((((.(((....)))))))...((.....))..........(((.(.....)))).,13,-4.392,9,0.000027
2812,....................((.............))...((.....))...((((......)))).,8,-4.391,18,0.000027
2813,..((...))...((((......))).)..((((.......))))........((((......)))).,14,-4.391,29,0.000027
2814,..((...))...((((......)).))..((((.......))))........((((......)))).,14,-4.391,29,0.000027
2815,..(((.....(((((.(((....)))))))..))))....(((...)))...((((......)))).,18,-4.39,10,0.000027
2816,...........((((.(((....)))))))......((....)).........(.....).......,10,-4.39,17,0.000027
2817,..((...)).....((......)).....(((.........)))........((((......)))).,11,-4.39,28,0.000027
2818,.....(....)((((.((......))))))..........(((...)))...((((......)))).,14,-4.39,6,0.000027
2819,.........(.((((.(((....)))))))..).......((.....))...(((..(...).))).,14,-4.389,6,0.000027
2820,....((..((.((((((....))))...))..))..))..(((...)))...((((......)))).,17,-4.389,23,0.000027
2821,.......(((.(..(((((........(.(((.........))).)..)))))..).))).......,13,-4.389,41,0.000027
2822,...........((((..((....)).))))...........((......)).((((......)))).,12,-4.388,9,0.000027
2823,...((..(((.((((.(((....)))))))..))..).))((.....))...((((......)))).,18,-4.388,10,0.000027
2824,..(.....)..((((.(((....)))))))..............(....)..((((......)))).,13,-4.388,8,0.000027
2825,.....(....)..((((....))))...............((.....))...((((......)))).,11,-4.388,19,0.000027
2826,..(((.(.((...((((....)))).)).)...)))....(((...)))...((((......)))).,17,-4.388,28,0.000027
2827,...........(((..(((....))).)))...((.....)).((.....))((((......)))).,14,-4.387,12,0.000027
2828,...........((((.(((....)))))))...(..((....))).......((((......)))).,14,-4.387,10,0.000027
2829,..(.....)..((((..((....)).))))....((..............))((((......)))).,13,-4.387,12,0.000027
2830,....((((((.(..(((((.....(((.............))).....)))))..).)))....))),15,-4.387,41,0.000027
2831,......((((.((((.(((....)))))))....(((.(...............)..)))..)))).,15,-4.387,23,0.000027
2832,...........((((..((....)).))))....(.....)...........(((.((...))))).,12,-4.386,12,0.000027
2833,...........((((..((....)).))))....(.....)...........((((.(...))))).,12,-4.386,9,0.000027
2834,..(.....)..((((.(((....)))))))....(((...((.....))..((...))....)))..,15,-4.386,16,0.000027
2835,...........((((...........))))...((.....))..........(((.((...))))).,11,-4.386,17,0.000027
2836,...........((((...........))))...((.....))..........((((.(...))))).,11,-4.386,14,0.000027
2837,.........(.((((.(((....)))))))..)..........((.....)).(((......)))..,13,-4.386,12,0.000027
2838,......(.((.((((.(((....)))))))..))..)...............(((.((...))))).,15,-4.386,15,0.000027
2839,......(.((.((((.(((....)))))))..))..)...............((((.(...))))).,15,-4.386,12,0.000027
2840,.....(..((...((((....)))).)).)..........(((...)))...((((......)))).,14,-4.384,22,0.000027
2841,.........(.((((.(((....)))))))..)...................((..((...)).)).,12,-4.384,13,0.000027
2842,..(.....)..((((...........))))......((....)).........(((......)))..,10,-4.383,18,0.000027
2843,...........((((.(((....))))))).........((((...)))..)((((......)))).,15,-4.383,4,0.000027
2844,......(...)((((..((....)).))))..........((.....))...((((......)))).,13,-4.383,4,0.000027
2845,.......(((.((.(((((..(.......((((.......)))))...))))).)).))).......,15,-4.383,43,0.000027
2846,..((...))..((((.(((....)))))))..(..((...........)).)((((......)))).,16,-4.382,13,0.000026
2847,......((((.((((.(((....)))))))..(.(((....................))).))))).,15,-4.381,24,0.000026
2848,.........(.((((.(((....)))))))..).......(((...))).......((...))....,13,-4.381,15,0.000026
2849,...((........((((....)))))).((.........))...........((((......)))).,12,-4.381,24,0.000026
2850,..(.....)..((((.(((....))))))).......(......).......((((......)))).,13,-4.381,8,0.000026
2851,.......(((.(..(((((..(......................)...)))))..).))).......,10,-4.38,38,0.000026
2852,(.......)..((((..((....)).))))......((....))........((((......)))).,13,-4.38,12,0.000026
2853,...((......((((...........)))).)).......(((...)))...((((......)))).,13,-4.379,12,0.000026
2854,..............((......))....((.........))..((.....))((((......)))).,10,-4.379,25,0.000026
2855,...........((((...........)))).........(...........)((((......)))).,9,-4.378,12,0.000026
2856,.........(.((((..((....)).))))..)...................(((.((...))))).,12,-4.378,13,0.000026
2857,.........(.((((..((....)).))))..)...................((((.(...))))).,12,-4.378,10,0.000026
2858,...((..(..(..((((....)))).)..).)).......(((...)))...((((......)))).,15,-4.378,25,0.000026
2859,.............((((....))))....((...........))........((((......)))).,10,-4.378,24,0.000026
2860,.......(((.(..(((((.(((...........)))..).........))))..).))).......,12,-4.378,43,0.000026
2861,...........((((.((......))))))......................(((.((...))))).,11,-4.378,11,0.000026
2862,...........((((.((......))))))......................((((.(...))))).,11,-4.378,8,0.000026
2863,........((.((((...........))))..)).........((.....))((((......)))).,12,-4.377,18,0.000026
2864,..............(((....)))................(((...)))...(((........))).,9,-4.377,21,0.000026
2865,...(...).(.((((.(((....)))))))..)...................((((......)))).,13,-4.377,8,0.000026
2866,...(...(((.(..(((((.....((.(((.........)))..))..)))))..).)))..)....,15,-4.376,40,0.000026
2867,....((..((.((((((....)))...)))..))..))..(((...)))...((((......)))).,17,-4.376,21,0.000026
2868,......((((((..(((((.....((.(((.........)))..))..)))))...))....)))).,16,-4.375,40,0.000026
2869,.......(((.(((..(((....))).)))..))..)...((.....))...((((......)))).,15,-4.375,8,0.000026
2870,......(.....)((((....))))..(((.........)))..........((((......)))).,12,-4.374,23,0.000026
2871,..(.....)...........(((...........)))...............((((......)))).,8,-4.374,26,0.000026
2872,..............(((....)))...(((.........)))...........(((......)))..,9,-4.374,24,0.000026
2873,......((.(((.((.....(((...........)))...........)).))).))..........,10,-4.374,39,0.000026
2874,............(.((......))..)..((((.......))))........((((......)))).,11,-4.374,25,0.000026
2875,...........(((.............)))..........(((...)))...(((........))).,9,-4.374,12,0.000026
2876,.....(.(((.(..(((((........(((.........)))......)))))..).))).....).,13,-4.373,38,0.000026
2877,..............((......))..((.......))...............((((......)))).,8,-4.373,22,0.000026
2878,..((...))..((((.(((....)))))))...((.....))..........(((.((...))))).,16,-4.373,15,0.000026
2879,..((...))..((((.(((....)))))))...((.....))..........((((.(...))))).,16,-4.373,12,0.000026
2880,..(.....)..((((.(((....)))))))..........((.....))..................,10,-4.372,10,0.000026
2881,...((..(((.((.(((((...(.....)((((.......))))....))))).)).))).))....,17,-4.372,45,0.000026
2882,.....(((((.(..(((((..(..(((.............)))..)..)))))..).)))....)).,15,-4.372,41,0.000026
2883,...(....((.((((...........))))..))).....(((...)))...((((......)))).,14,-4.372,14,0.000026
2884,.........(.((((.(((....)))))))..)...((....)).......((...)).........,12,-4.372,21,0.000026
2885,...........((((.(((....)))))))..........(((...)))....((........))..,12,-4.372,6,0.000026
2886,..........((.((.....))))..((.......))...((.....))...((((......)))).,12,-4.372,20,0.000026
2887,........((.((((..((....)).))))..)).........(((...)))((((......)))).,15,-4.371,16,0.000026
2888,......((((....(((((........(((..(...)..)))......))))).........)))).,13,-4.371,37,0.000026
2889,...........(((((......)))...))....(.....)...........((((......)))).,10,-4.37,17,0.000026
2890,..(.....)..((((((....))))...))..(...)...(((...)))...((((......)))).,15,-4.37,19,0.000026
2891,..............(((....)))........(...)...............((((......)))).,8,-4.37,23,0.000026
2892,..(.....)..((.(((....)))....))......................((((......)))).,10,-4.37,19,0.000026
2893,.....(....)((((((....))))...))..........((.....))...((((......)))).,13,-4.369,15,0.000026
2894,...........((((..((....)).))))(....)....((.....))...((((......)))).,13,-4.369,4,0.000026
2895,.....(....)((((.((......))))))......((....))........((((......)))).,13,-4.369,12,0.000026
2896,......((((.(..(((((........(((.........)))......)))))..).)))....)..,13,-4.368,38,0.000026
2897,..(.....)..((((.(((....)))))))......................((..........)).,10,-4.368,10,0.000026
2898,.........(.((((.(((....)))))))..).....(......)......((((......)))).,13,-4.368,8,0.000026
2899,..(.....)....................((((.......))))........((((......)))).,9,-4.368,25,0.000026
2900,...(.......)..(((....)))...(((.........)))..........((((......)))).,11,-4.368,23,0.000026
2901,...((......((((.(((....))))))).................))...((((......)))).,13,-4.367,6,0.000026
2902,...(.(.(((.(..(((((..........((((.......))))....)))))..).))).))....,15,-4.367,44,0.000026
2903,..((...))(.((((..((....)).))))..)...................((((......)))).,13,-4.367,12,0.000026
2904,...........(((.............)))..(...)...............((((......)))).,8,-4.367,14,0.000026
2905,.....(....)((((.(((....)))))))......(......)........((((......)))).,13,-4.367,8,0.000026
2906,..((...))..((((.(((....))))))).........(...........)((((......)))).,14,-4.366,10,0.000026
2907,...........((((.(((....)))))))...(..((....)).)......(((........))).,13,-4.365,12,0.000026
2908,.....(....).........(((...........)))...((.....))...((((......)))).,10,-4.365,22,0.000026
2909,...........((((.(((....)))))))..(...)................(((......)))..,11,-4.365,8,0.000026
2910,.....(..((...((((....)))).)).)......((....))........((((......)))).,13,-4.364,28,0.000026
2911,....((..((.((((.(((....)))))))..))..))..((.....))...(((.((...))))).,18,-4.364,13,0.000026
2912,....((..((.((((.(((....)))))))..))..))..((.....))...((((.(...))))).,18,-4.364,10,0.000026
2913,......((((.((((...........))))....(((...((.....))........)))..)))).,13,-4.364,24,0.000026
2914,....((..((.(((..(((....))).)))..))..))..............((((......)))).,14,-4.363,14,0.000026
2915,..(.....)..((((.((......))))))......(......)........((((......)))).,12,-4.363,10,0.000026
2916,...........((((..((....)).))))...((.....))...........(((......)))..,11,-4.363,10,0.000026
2917,.......(((.(..((((((.......(((.........)))).....)))))..).))).......,13,-4.362,39,0.000026
2918,.........(.(((((......)))...))..)...................((((......)))).,10,-4.362,18,0.000026
2919,......((((.(..(((((..((....(((.........))).))...)))))..).))).).....,15,-4.362,43,0.000026
2920,..(.....)..((((((....))))...)).......((.....))......((((......)))).,13,-4.361,23,0.000026
2921,.........(.((((.((......))))))..).......((.....))...(((........))).,12,-4.361,6,0.000026
2922,..(.....).....((......))................(((...)))...((((......)))).,10,-4.361,20,0.000026
2923,...........(((.(.((.............))..).)))...........((((......)))).,10,-4.361,24,0.000026
2924,...........(.(((.((.(((......((((.......)))).........))).))..))).).,13,-4.361,38,0.000026
2925,...((...((.((((...........))))..))....))............((((......)))).,12,-4.361,18,0.000026
2926,...........(.((((....))))....)..........(((...)))...((((......)))).,12,-4.36,17,0.000026
2927,.........(.((((.(((....)))))))..)...((....))............((...))....,12,-4.36,21,0.000026
2928,...........((((..(......).)))).....((...........))..((((......)))).,11,-4.36,11,0.000026
2929,.......(((.(..(((((...(...)(((.........)))......)))))..).))).......,13,-4.36,38,0.000026
2930,..(.....)..((((.(.....)...))))......................((((......)))).,10,-4.359,13,0.000026
2931,...((......((((...........))))...)).....(((...)))...((((......)))).,13,-4.359,12,0.000025
2932,...((....(.((((...........))))..))).....(((...)))...((((......)))).,14,-4.358,14,0.000025
2933,..............(((....)))............(...........)...((((......)))).,8,-4.358,22,0.000025
2934,.......(((.((.(((((...(....(((.........)))...)..))))).)).))).......,14,-4.358,39,0.000025
2935,...((......((((...........)))).))...((....))........((((......)))).,12,-4.358,18,0.000025
2936,....((..((.((((.(((....)))))))..))..))..(.......)...((((......)))).,16,-4.358,10,0.000025
2937,......((((.((((..((....)).))))....(((...(((...)))........)))..)))).,16,-4.357,22,0.000025
2938,...((..(..(..((((....)))).)..).))...((....))........((((......)))).,14,-4.357,31,0.000025
2939,...........(((((......))...)))....(.....)...........((((......)))).,10,-4.357,15,0.000025
2940,..(.....)..((((((....)))...)))..(...)...(((...)))...((((......)))).,15,-4.356,17,0.000025
2941,.........(.((((.(((....)))))))..)....((.....))......(((........))).,13,-4.356,12,0.000025
2942,.......(((.(..(((((..(..(..(((.........))))..)..)))))..).))).......,14,-4.356,40,0.000025
2943,..............(((....)))............((....))........(((........))).,8,-4.356,27,0.000025
2944,...........((((.(((....)))))))...............(....).((((......)))).,12,-4.356,6,0.000025
2945,.....(....)((((((....)))...)))..........((.....))...((((......)))).,13,-4.356,13,0.000025
2946,.........(.((((...........))))..)....(....).........((((......)))).,10,-4.356,14,0.000025
2947,...........((((..((....)).)))).....(.............)..((((......)))).,11,-4.356,8,0.000025
2948,...........((((..((....)).))))......(.(......)..)...((((......)))).,12,-4.356,9,0.000025
2949,...........(((.............)))......(...........)...((((......)))).,8,-4.355,13,0.000025
2950,..........((..........))....((.....))...((.....))...((((......)))).,10,-4.355,18,0.000025
2951,...........((((((....))))...)).((.......))..........((((......)))).,12,-4.355,19,0.000025
2952,...........((((((....))...)))).............((.....))((((......)))).,12,-4.354,17,0.000025
2953,...((...(..((((...........)))).).)).....(((...)))...((((......)))).,14,-4.354,14,0.000025
2954,..((...))..(((..((......)).)))..........(((...)))...((((......)))).,14,-4.353,10,0.000025
2955,..((...))..(((((......)...))))..........((.....))...((((......)))).,13,-4.353,12,0.000025
2956,...........((((.(((....)))))))......(...........)....(((......)))..,11,-4.353,7,0.000025
2957,...........(((.............)))......((....))........(((........))).,8,-4.353,18,0.000025
2958,..(.....)..((((.(((....))))))).....................((........))....,10,-4.353,16,0.000025
2959,.......(((.((.(((((...(....(((.........))).)....))))).)).))).......,14,-4.352,39,0.000025
2960,...((..(((.((.(((((.............................))))).)).))).))....,12,-4.352,39,0.000025
2961,...(((............)))......(.((((.......)))).)......((((......)))).,12,-4.352,29,0.000025
2962,..(.....)..(((..(((....))).)))..........(((...)))...(((........))).,13,-4.351,8,0.000025
2963,...........((((.(((....)))))))......((....)).........((........))..,11,-4.351,12,0.000025
2964,.......(((.(..(((((....(.....)...((.....))......)))))..).))).......,12,-4.351,38,0.000025
2965,............((.((....))..)).............((.....))...((((......)))).,10,-4.35,17,0.000025
2966,...........((((.((......))))))...((.....)).((.....))((((......)))).,14,-4.349,12,0.000025
2967,.........(.(((((......))...)))..)...................((((......)))).,10,-4.349,16,0.000025
2968,..((....((.((((..((....)).))))..))))....((.....))...(((........))).,15,-4.349,12,0.000025
2969,.......(((.(..(((((..((.((..((.........))))))...)))))..).))).......,15,-4.348,42,0.000025
2970,(...)......((((..((....)).))))..........((.....))...((((......)))).,13,-4.348,4,0.000025
2971,........((.((((.(((....)))))))..))..................(((.((...))))).,14,-4.348,13,0.000025
2972,........((.((((.(((....)))))))..))..................((((.(...))))).,14,-4.348,10,0.000025
2973,..(.....)..((((((....)))...))).......((.....))......((((......)))).,13,-4.348,21,0.000025
2974,.......(((.((.(((((..((.......(((.......)))))...))))).)).))).......,15,-4.348,44,0.000025
2975,...........((((.(((....)))))))..(.(((..((..((.....))..)).))).).....,15,-4.347,25,0.000025
2976,.......(.(.((((.(((....)))))))....).)......((.....))((((......)))).,15,-4.347,12,0.000025
2977,.............((((....)))).......(...)...((.....))...((((......)))).,11,-4.347,19,0.000025
2978,........((.(..(((((..((....(((.........))).))...)))))..).))........,13,-4.347,39,0.000025
2979,...........((((...........)))).......(...)..........((((......)))).,9,-4.347,11,0.000025
2980,.........(...(((......))).)..(((.........)))........((((......)))).,11,-4.346,25,0.000025
2981,...((.....))..(((....)))....((.....))...(((...)))...((((......)))).,14,-4.346,24,0.000025
2982,.......(((.(..(((((....(................).......)))))..).))).......,10,-4.345,36,0.000025
2983,.....(....)...(((....)))...(.((((.......)))).)......((((......)))).,13,-4.345,29,0.000025
2984,..(.....)..((((.(((....)))))))..(...)...((.....))...(((.((...))))).,16,-4.344,9,0.000025
2985,..(.....)..((((.(((....)))))))..(...)...((.....))...((((.(...))))).,16,-4.344,6,0.000025
2986,..(.....)..(((..(((....))).)))..(...)...............((((......)))).,12,-4.344,10,0.000025
2987,.......(....)((((....))))..(((.........)))..........((((......)))).,12,-4.344,23,0.000025
2988,..(.....)..((((.(.......).))))......................((((......)))).,10,-4.344,12,0.000025
2989,...((.....)).((((....))))..(.((((.......)))).)......((((......)))).,15,-4.344,30,0.000025
2990,..(.....)..((((.(((....)))))))......................(((.(.....)))).,12,-4.342,9,0.000025
2991,...........((((.(((....))))))).....(..............).((((......)))).,12,-4.342,6,0.000025
2992,...........((((((....)))...))).((.......))..........((((......)))).,12,-4.341,17,0.000025
2993,..(.....)..((((.(((....)))))))..........(((...)))...(((..(...).))).,15,-4.341,8,0.000025
2994,...........((((...........))))....((....(((...))).))((((......)))).,13,-4.341,12,0.000025
2995,...(.(....))..(((....))).....((((.......))))........((((......)))).,13,-4.341,29,0.000025
2996,..(.....).....((......))............((....))........((((......)))).,9,-4.34,26,0.000025
2997,......((.(((.((..............((((.......))))....)).))).))..........,11,-4.34,38,0.000025
2998,...........(.((((....))))....)......((....))........((((......)))).,11,-4.34,23,0.000025
2999,...(...)...((((.(((....)))))))......................(((........))).,11,-4.34,8,0.000025
3000,..(.....)..((((.(((....)))))))..(...)...(.......)...((((......)))).,14,-4.339,6,0.000025
3001,..((...))...((.....))........((((.......))))........((((......)))).,12,-4.339,29,0.000025
3002,.........(.((((...(....)..))))..).......((.....))...((((......)))).,12,-4.338,6,0.000025
3003,....((((((.((.(((((..((....(((.........))).))...))))).)).)))....))),18,-4.338,45,0.000025
3004,..(.....)..((((.(((....))))))).............(((...))).(((......)))..,14,-4.337,14,0.000025
3005,...........((((.(((....))))))).(.............)......((((......)))).,12,-4.337,6,0.000025
3006,.......(((.((((.((......))))))..))..)...((.....))...((((......)))).,15,-4.337,8,0.000025
3007,..(.....)..((((...........))))......................(((.((...))))).,10,-4.336,17,0.000025
3008,..(.....)..((((...........))))......................((((.(...))))).,10,-4.336,14,0.000025
3009,..(((......((((..((....)).))))...)))....((.....))...(((........))).,14,-4.335,10,0.000024
3010,..(((....(.((((..((....)).))))..))))....((.....))...(((........))).,15,-4.335,12,0.000024
3011,...((.....)).((((....)))).((.......))...((.....))...((((......)))).,14,-4.334,22,0.000024
3012,..........((..(((((........(((.........)))......)))))...)).........,10,-4.334,34,0.000024
3013,..((...))..((((.(((....))))))).......(...)..........((((......)))).,14,-4.334,9,0.000024
3014,....((((((.((..((((........(((.........)))......))))..)).)))....))),15,-4.334,41,0.000024
3015,...........((((.(((....)))))))....(((...((.....))..(.....)....)))..,13,-4.334,13,0.000024
3016,...........((((...........)))).............((.....))(((........))).,9,-4.334,16,0.000024
3017,..(.....).....(((....))).....((((.......))))........(((.((...))))).,13,-4.333,33,0.000024
3018,..(.....).....(((....))).....((((.......))))........((((.(...))))).,13,-4.333,30,0.000024
3019,...........(((..(((....))).))).......(.......)......((((......)))).,11,-4.333,8,0.000024
3020,..(.....)..(((..(((....))).)))......(...........)...((((......)))).,12,-4.333,9,0.000024
3021,..((...))..(((..((......)).)))......((....))........((((......)))).,13,-4.333,16,0.000024
3022,..((...))..((((...........))))..........(((...)))....(((......)))..,12,-4.333,14,0.000024
3023,.......(((.((.(((((.........((..(...)..)).......))))).)).))).......,13,-4.332,39,0.000024
3024,.....(..((.((((.(((....)))))))..))..)...((.....))...((..((...)).)).,16,-4.332,13,0.000024
3025,..(.....)....((((....))))..(.((((.......)))).)......((((......)))).,14,-4.331,29,0.000024
3026,..(((...(..((((..((....)).)))).).)))....((.....))...(((........))).,15,-4.331,12,0.000024
3027,.............((((....))))....((((.......)))).........(((......)))..,11,-4.331,28,0.000024
3028,..((...))..((((..((....)).))))..............(.....).((((......)))).,13,-4.331,12,0.000024
3029,..(.....)..(((..(((....))).)))......((....))........(((........))).,12,-4.33,14,0.000024
3030,..((...))..(((..(((....))).)))......(......)........((((......)))).,13,-4.33,12,0.000024
3031,.......(((.((.(((((........(((.(...)...)))......))))).)).))).......,14,-4.33,39,0.000024
3032,...........((((...........))))..............(....)..((((......)))).,9,-4.33,12,0.000024
3033,..((...))...(((((....)))).).............((.....))...((((......)))).,13,-4.33,21,0.000024
3034,..((...))...(((((....))).)).............((.....))...((((......)))).,13,-4.33,21,0.000024
3035,...........((((((....))))...)).......(....).........((((......)))).,11,-4.329,19,0.000024
3036,..((...))..((((.(((....)))))))....((....(((...))).))((((......)))).,18,-4.328,10,0.000024
3037,..........(..((((....)))).)................((.....))((((......)))).,11,-4.328,26,0.000024
3038,...........((((.(((....)))))))......(.(.....)...)...((((......)))).,13,-4.328,7,0.000024
3039,...........((((...........))))....(((...((.....))..((...))....)))..,11,-4.327,20,0.000024
3040,...........((((..((....)).)))).............(((...)))(((........))).,12,-4.327,14,0.000024
3041,..((...)).....(((....)))....(.......)...((.....))...((((......)))).,12,-4.327,22,0.000024
3042,.....(((((.(..(((((........((...........))......)))))..).)))....)).,13,-4.327,38,0.000024
3043,..(.....)..((((.(((....)))))))..(.......)..((.....))((((......)))).,15,-4.327,11,0.000024
3044,..((...))..((((...........))))...(..((....)).)......((((......)))).,13,-4.326,20,0.000024
3045,.....(..((.((((..((....)).))))..))..)...((.....))...(((.((...))))).,16,-4.326,13,0.000024
3046,.....(..((.((((..((....)).))))..))..)...((.....))...((((.(...))))).,16,-4.326,10,0.000024
3047,..((...))....((((....))))...........................((((......)))).,10,-4.326,25,0.000024
3048,..(.....)..((((.(((....)))))))....(((......((.....)).....))).......,13,-4.326,24,0.000024
3049,.....(..((.((((((....))...))))..))..)...(((...)))...((((......)))).,16,-4.326,17,0.000024
3050,....((..((.((((.((......))))))..))..))..............((((......)))).,14,-4.325,14,0.000024
3051,.........(.((((...........))))..).(.....)...........((((......)))).,10,-4.325,13,0.000024
3052,..(.....)..((((.(((....))))))).(.........)..........((((......)))).,13,-4.324,7,0.000024
3053,...........((((..((....)).))))....((((....))......))((((......)))).,14,-4.324,14,0.000024
3054,.....(...).(((..(((....))).)))..........((.....))...((((......)))).,13,-4.324,4,0.000024
3055,...((..(((..........)))..))..((((.......))))........(((........))).,12,-4.324,33,0.000024
3056,..((((....)((((.(((....)))))))...)))....((.....))...((((......)))).,17,-4.324,8,0.000024
3057,..((....((.((((.(((....)))))))..))))....(((...)))...(((.((...))))).,19,-4.324,15,0.000024
3058,..((....((.((((.(((....)))))))..))))....(((...)))...((((.(...))))).,19,-4.324,12,0.000024
3059,..............(((....))).......((.......))..........((((......)))).,9,-4.322,23,0.000024
3060,...........((((...........)))).......(......).......((((......)))).,9,-4.322,12,0.000024
3061,..(.....)....((((....)))).((.......))...((.....))...((((......)))).,13,-4.322,21,0.000024
3062,...........(((..(((....))).)))....(.....)..((.....))((((......)))).,13,-4.322,11,0.000024
3063,...(...)...((((...........))))..(...)...((.....))...((((......)))).,12,-4.321,10,0.000024
3064,...........((((..((....)).))))....(((...(((...)))..((...))....)))..,14,-4.321,18,0.000024
3065,..((...))..((((.(((....))))))).............((.....))(((........))).,14,-4.321,14,0.000024
3066,.......(((.(..(((.(........(((.........)))......).)))..).))).......,11,-4.321,36,0.000024
3067,.....(..((.((((..((....)).))))..))..)...(.......)...((((......)))).,14,-4.321,10,0.000024
3068,..(.....)..((((.(((....)))))))......((....))........(((..(...).))).,14,-4.32,14,0.000024
3069,.........(.((((.(........)))))..).......(((...)))...((((......)))).,13,-4.32,8,0.000024
3070,...........(((..(((....))).)))..........((.....))...((..((...)).)).,12,-4.32,9,0.000024
3071,...........((.(((....)))....))..(...)...((.....))...((((......)))).,12,-4.319,15,0.000024
3072,.......(((.((.(((((((...................))......))))).)).))).......,12,-4.319,38,0.000024
3073,.......(((.(......).))).....(.......)...((.....))...((((......)))).,11,-4.319,21,0.000024
3074,...((..(.(.((((.(((....)))))))....).).))(((...)))...((((......)))).,18,-4.319,10,0.000024
3075,...........(((.((....))....)))..........(((...)))...((((......)))).,12,-4.319,13,0.000024
3076,.......(((.((..((((..((....(((..(...)..))).))...))))..)).))).......,15,-4.318,43,0.000024
3077,...........((((.(((....)))))))..(...)...((.....))...((..........)).,12,-4.318,6,0.000024
3078,.....(...)....(((....)))....((.........))...........((((......)))).,10,-4.317,24,0.000024
3079,..((...))..((((.(((....)))))))..............(....)..((((......)))).,14,-4.317,10,0.000024
3080,...........((((..((....)).)))).(...)................((((......)))).,11,-4.317,8,0.000024
3081,.......(((.(..(((((..((..(.(((.........)))).))..)))))..).))).......,15,-4.316,42,0.000024
3082,..................(....).....((((.......))))........((((......)))).,9,-4.316,21,0.000024
3083,.....(....)((((.(((....)))))))..........(((...)))...(((........))).,14,-4.316,6,0.000024
3084,..((....((.((((..((....)).))))..)).........)).......((((......)))).,14,-4.316,14,0.000024
3085,..((...))..((((..((....)).))))....((..............))((((......)))).,14,-4.316,14,0.000024
3086,...........((((((....)))...))).......(....).........((((......)))).,11,-4.315,17,0.000024
3087,..(.....)..((((.(((....)))))))((.((.....))..))......((((......)))).,16,-4.315,12,0.000024
3088,...(...)...((((..((....)).))))..(...)...(((...)))...((((......)))).,15,-4.315,8,0.000024
3089,.......(((.((.(((((..(..(((.............))).)...))))).)).))).......,14,-4.315,39,0.000024
3090,..((...))..((((.(((....)))))))....(((...((.....))..((...))....)))..,16,-4.315,18,0.000024
3091,..((.....(.((((..((....)).))))..).))....((.....))...((((......)))).,15,-4.315,8,0.000024
3092,...........((((...........))))..........((.....))..................,6,-4.314,14,0.000024
3093,...((.....))..((......))................((.....))...((((......)))).,10,-4.314,19,0.000024
3094,.....(((((.((.(((((...(...)..((((.......))))....))))).)).)))....)).,17,-4.314,44,0.000024
3095,.........(.(((..(((....))).)))..)..........((.....))((((......)))).,13,-4.313,12,0.000024
3096,..(.....)..((((..((....)).)))).......................(((......)))..,10,-4.313,10,0.000024
3097,..(.....).(((((.(((....)))))))..).......((.....))...((((......)))).,15,-4.313,4,0.000024
3098,.......(((.((..((((......(.(((.........)))).....))))..)).))).......,13,-4.313,38,0.000024
3099,..(.....)..((((.((......))))))..........(((...)))...(((........))).,13,-4.313,8,0.000024
3100,.........(.((((.(((....)))))))......((....))....)...((((......)))).,14,-4.313,9,0.000024
3101,............(.(((....)))..).............((.....))...((((......)))).,10,-4.313,17,0.000024
3102,..........((.((.....))))............................((((......)))).,8,-4.312,22,0.000024
3103,..(.....).....(((....)))...(((.........))).(((...)))((((......)))).,14,-4.312,30,0.000024
3104,...........((((..((....)).))))...........(.....)....((((......)))).,11,-4.312,4,0.000024
3105,...(((............)))..((..........))...((.....))...((((......)))).,11,-4.312,21,0.000024
3106,..((...))..((((...........))))......((....)).........(((......)))..,11,-4.312,20,0.000024
3107,...(...)...((((..(......).))))..........((.....))...((((......)))).,12,-4.311,6,0.000024
3108,..........(..((((....)))).)..((((.......))))........((..((...)).)).,13,-4.311,34,0.000024
3109,.......(((.((....)).))).....(.......)...((.....))...((((......)))).,12,-4.311,21,0.000024
3110,..(((......((((.(((....)))))))...)))....(((...)))...(((.((...))))).,18,-4.31,13,0.000023
3111,..(((......((((.(((....)))))))...)))....(((...)))...((((.(...))))).,18,-4.31,10,0.000023
3112,.....(..((.(((((......)))...))..))..)...((.....))...((((......)))).,14,-4.31,18,0.000023
3113,..(((....(.((((.(((....)))))))..))))....(((...)))...(((.((...))))).,19,-4.31,15,0.000023
3114,..(((....(.((((.(((....)))))))..))))....(((...)))...((((.(...))))).,19,-4.31,12,0.000023
3115,...........((((.(((....)))))))...((.....)).........((...)).........,11,-4.31,17,0.000023
3116,..((...))..((((.(((....))))))).......(......).......((((......)))).,14,-4.31,10,0.000023
3117,...........((((...........))))......................((..........)).,6,-4.309,14,0.000023
3118,..(.....).....(((....)))....((.....))...............((((......)))).,10,-4.309,25,0.000023
3119,...........((((.(.....)...))))..(...)...((.....))...((((......)))).,12,-4.309,9,0.000023
3120,.....(....)((((.(((....)))))))..(...)...............((((......)))).,13,-4.309,8,0.000023
3121,..((....((.(((.............)))..))))....((.....))...((((......)))).,13,-4.309,16,0.000023
3122,...........((((..((....)).))))....(((..(...............).))).......,10,-4.308,21,0.000023
3123,...........((((..((....)).))))..........(((...)))..................,9,-4.308,12,0.000023
3124,...((...((.((((...........))))..))....))((.....))...((((......)))).,14,-4.307,14,0.000023
3125,..(.....)..((((...........))))...((.....)).((.....))((((......)))).,13,-4.307,18,0.000023
3126,.....(....)((((..((....)).))))...((.....))..........((((......)))).,13,-4.307,10,0.000023
3127,...(((............))).......((.....))...((.....))...((((......)))).,11,-4.307,21,0.000023
3128,..((....((.((((.(((....)))))))..))))....((.....))....(((......)))..,16,-4.307,10,0.000023
3129,..............(((....))).....((((.......))))........((..........)).,9,-4.307,30,0.000023
3130,...(...)...((((..((....)).)))).......((.....))......((((......)))).,13,-4.307,12,0.000023
3131,...........((((.(((....)))))))....((..............)).(((......)))..,12,-4.306,10,0.000023
3132,.......(.(.(((..(((....))).)))....).)...(((...)))...((((......)))).,15,-4.306,8,0.000023
3133,..(.....)..((((.((......))))))..(...)...............((((......)))).,12,-4.306,10,0.000023
3134,..(((...(..((((.(((....))))))).).)))....(((...)))...(((.((...))))).,19,-4.306,15,0.000023
3135,..(((...(..((((.(((....))))))).).)))....(((...)))...((((.(...))))).,19,-4.306,12,0.000023
3136,............(((((....))).))(((.........)))..........((((......)))).,12,-4.305,22,0.000023
3137,............(((((....)))).)(((.........)))..........((((......)))).,12,-4.305,22,0.000023
3138,.....(..((.((((...........))))..))..)...(((...)))...(((........))).,13,-4.305,16,0.000023
3139,..(.....)..((((..(......).))))...((.....))..........((((......)))).,12,-4.304,12,0.000023
3140,..((....((.((((...........))))..))))((....))........((((......)))).,14,-4.304,22,0.000023
3141,.......(((.((.(((((.........((.........)).......)))))).).))).......,12,-4.303,37,0.000023
3142,..((...))...........(((...........)))...............((((......)))).,9,-4.303,28,0.000023
3143,..........(..(((......))).)(((.........)))..........((((......)))).,11,-4.303,22,0.000023
3144,...........((((.(((....)))))))..(...)...((.....))..((........))....,12,-4.302,12,0.000023
3145,...........((((.(....)....))))......................((((......)))).,9,-4.302,11,0.000023
3146,...((...((.((((..((....)).))))..))....))(((...)))...((((......)))).,17,-4.301,12,0.000023
3147,..(.....)..((((..((....)).))))...((.....)).(((...)))((((......)))).,16,-4.301,16,0.000023
3148,..((...))..((((.(((....)))))))..........((.....))..................,11,-4.301,12,0.000023
3149,..(.....)..((((..(....)...))))..........((.....))...((((......)))).,12,-4.301,9,0.000023
3150,.....(....)...(((....)))....((.....))...((.....))...((((......)))).,12,-4.3,21,0.000023
3151,...((..(((..........)))..)).((.........))...........((((......)))).,11,-4.3,27,0.000023
3152,.........(.((((.(........)))))..)...((....))........((((......)))).,12,-4.299,14,0.000023
3153,.........(.((((.(((....)))))))..)...((....))(.....).((((......)))).,15,-4.299,12,0.000023
3154,..((...))..((((((....))))...))..(...)...(((...)))...((((......)))).,16,-4.299,21,0.000023
3155,...((.....)).((((....))))...((.....))...((.....))...((((......)))).,14,-4.299,22,0.000023
3156,..((...))..((.(((....)))....))......................((((......)))).,11,-4.298,21,0.000023
3157,...........((((.(((....)))))))...((.....))..............((...))....,11,-4.298,17,0.000023
3158,...........(((.((....))....)))......((....))........((((......)))).,11,-4.298,19,0.000023
3159,.....(....)((((.(((....)))))))......(...........)...((((......)))).,13,-4.298,7,0.000023
3160,...........(((...((....))..)))..........((.....))...((((......)))).,11,-4.297,4,0.000023
3161,..((...))..((((.(((....)))))))......................((..........)).,11,-4.297,12,0.000023
3162,.....(..((.(((((......))...)))..))..)...((.....))...((((......)))).,14,-4.297,16,0.000023
3163,..........((..(.....).)).....(((.........)))........((((......)))).,10,-4.297,25,0.000023
3164,..((...))....................((((.......))))........((((......)))).,10,-4.297,27,0.000023
3165,..(((......(((.............)))...)))....((.....))...((((......)))).,12,-4.296,14,0.000023
3166,.........(.((((..((....)).))))..)....(.......)......((((......)))).,12,-4.296,10,0.000023
3167,..(((....(.(((.............)))..))))....((.....))...((((......)))).,13,-4.295,16,0.000023
3168,.....(....)((((.(((....)))))))......((....))........(((........))).,13,-4.295,12,0.000023
3169,...........((((.((......)))))).......(.......)......((((......)))).,11,-4.295,8,0.000023
3170,............((((......)).)).............((.....))...((((......)))).,10,-4.295,16,0.000023
3171,............((((......))).).............((.....))...((((......)))).,10,-4.295,16,0.000023
3172,....((((((.(..(((((...(.....)((((.......))))....)))))..).)))....))),17,-4.295,46,0.000023
3173,..(.....)..((((.((......))))))......(...........)...((((......)))).,12,-4.294,9,0.000023
3174,...........((((.(((....))))))).....................((((...)).))....,11,-4.294,16,0.000023
3175,...........((((...........)))).....................((........))....,6,-4.294,20,0.000023
3176,......((((....(((((.....((.(((.........)))..))..))))).........)))).,14,-4.294,37,0.000023
3177,..........((..........))...(((..(...)..)))..........((((......)))).,10,-4.294,23,0.000023
3178,..(((......((((.(((....)))))))...)))....((.....))....(((......)))..,15,-4.294,8,0.000023
3179,..(((....(.((((.(((....)))))))..))))....((.....))....(((......)))..,16,-4.294,10,0.000023
3180,...........((((.(.......).))))..(...)...((.....))...((((......)))).,12,-4.293,8,0.000023
3181,..(.....)..((((((....))))...))..........((.....))...(((........))).,12,-4.293,17,0.000023
3182,......((((.((.(((((........(((.........)))......))))).)).).....))).,14,-4.292,36,0.000023
3183,..(.....)..((((.((......))))))......((....))........(((........))).,12,-4.292,14,0.000023
3184,..((...))..((((.((......))))))......(......)........((((......)))).,13,-4.292,12,0.000023
3185,..............((......))....(.......)...((.....))...((((......)))).,9,-4.292,17,0.000023
3186,...........((((.(((....)))))))..(...)...((.....))...(((.(.....)))).,14,-4.292,5,0.000023
3187,...((.....))..(((....)))....((..(...)..))...........((((......)))).,12,-4.292,27,0.000023
3188,...(((............)))..(.....)..........((.....))...((((......)))).,10,-4.292,19,0.000023
3189,..............(((....))).....((((.......)))).......((........))....,9,-4.291,36,0.000023
3190,..(((...(..(((.............))).).)))....((.....))...((((......)))).,13,-4.291,16,0.000023
3191,..............(((....)))......((.((.....))..))......((((......)))).,11,-4.291,27,0.000023
3192,..............(((....)))...................(((...)))((((......)))).,10,-4.291,27,0.000023
3193,.............(((......)))...........................((((......)))).,7,-4.291,20,0.000023
3194,..(((......((((...........))))...)))((....))........((((......)))).,13,-4.291,20,0.000023
3195,..(((....(.((((...........))))..))))((....))........((((......)))).,14,-4.291,22,0.000023
3196,..((...))..((((((....))))...)).......((.....))......((((......)))).,14,-4.29,25,0.000023
3197,..(.....)..((((.(((....)))))))......(......)........(((........))).,12,-4.29,10,0.000023
3198,..((...)).....((......))................(((...)))...((((......)))).,11,-4.29,22,0.000023
3199,..(.....)..((((...(....)..))))..........(((...)))...((((......)))).,13,-4.29,8,0.000023
3200,.......(((.((.(((((..((...........))((....))....))))).)).))).......,14,-4.29,44,0.000023
3201,......(.((.((((.(((....)))))))..))..)...((.....))...((..((...)).)).,16,-4.29,13,0.000023
3202,.....(...).((((.(((....)))))))..(...)...(((...)))...((((......)))).,16,-4.289,6,0.000023
3203,..(((...(..((((.(((....))))))).).)))....((.....))....(((......)))..,16,-4.289,10,0.000023
3204,...((......((((..((....)).)))).))...................((((......)))).,12,-4.289,10,0.000023
3205,..((...))..((((.(.....)...))))......................((((......)))).,11,-4.288,15,0.000023
3206,...........((((.(((....)))))))......................((.(......).)).,10,-4.288,6,0.000023
3207,.........(..((.....))..).....((((.......))))........((((......)))).,11,-4.288,26,0.000023
3208,.....(..((.((((..(......).))))..))..)...............((((......)))).,12,-4.288,14,0.000023
3209,...........((((..((....)).)))).............(.......)((((......)))).,11,-4.288,8,0.000023
3210,...........(((.............))).............(((...)))((((......)))).,10,-4.288,18,0.000023
3211,...........((((..((....)).))))......((....)).......................,8,-4.287,18,0.000023
3212,.......(((.(..(((((..........((..((.....))))....)))))..).))).......,13,-4.287,41,0.000023
3213,...........((((..((....)).)))).....((...........))..(((........))).,11,-4.287,11,0.000023
3214,..(((...(..((((...........)))).).)))((....))........((((......)))).,14,-4.286,22,0.000023
3215,..........((..........))..((.......))...(((...)))...((((......)))).,11,-4.286,20,0.000023
3216,..(.....)....((((....))))...((.....))...((.....))...((((......)))).,13,-4.286,21,0.000023
3217,..........((((.....)).))....((.....))...(((...)))...((((......)))).,13,-4.286,22,0.000023
3218,.....(...).((((.((......))))))..........((.....))...((((......)))).,13,-4.286,4,0.000023
3219,...........((((...........))))..(...)...((.....))...(((.((...))))).,12,-4.286,13,0.000023
3220,...........((((...........))))..(...)...((.....))...((((.(...))))).,12,-4.286,10,0.000023
3221,.....(......)((((....))))....((((.......))))........((((......)))).,13,-4.285,27,0.000023
3222,...........((((.(((....)))))))..(...)...(((...)))...((..((...)).)).,15,-4.285,11,0.000023
3223,..((...))..((((((....)))...)))..(...)...(((...)))...((((......)))).,16,-4.285,19,0.000023
3224,...((..(((.(......).)))..)).......(.....)...........((((......)))).,11,-4.284,27,0.000022
3225,...........((((((....))))...))(((.......))).........((((......)))).,13,-4.284,21,0.000022
3226,......(.((.((((..((....)).))))..))..)...((.....))...(((.((...))))).,16,-4.284,13,0.000022
3227,......(.((.((((..((....)).))))..))..)...((.....))...((((.(...))))).,16,-4.284,10,0.000022
3228,......((((.((((((....))))...))....(((..((..(((...)))..)).)))..)))).,18,-4.284,42,0.000022
3229,...........((((.(((....)))))))....(((...........)).)((((......)))).,14,-4.284,9,0.000022
3230,...........((((.(((....)))))))....(((...........).))((((......)))).,14,-4.284,9,0.000022
3231,...........((((..((....)).))))....(((..(...((.....))...).))).......,12,-4.284,25,0.000022
3232,......((((.((((.(((....)))))))..........((.....))..((...))....)))).,15,-4.284,15,0.000022
3233,...........((((...........))))......................(((.(.....)))).,8,-4.284,13,0.000022
3234,...........((((.((......))))))....(.....)..((.....))((((......)))).,13,-4.283,11,0.000022
3235,......(.((.((((((....))...))))..))..)...(((...)))...((((......)))).,16,-4.283,17,0.000022
3236,...((..(((.(..(((((..(..(((.............)))..)..)))))..).))).))....,15,-4.283,42,0.000022
3237,...........((((...........))))..........(((...)))...(((..(...).))).,11,-4.282,12,0.000022
3238,...........((((.(((....)))))))....(((...(((...)))........))).......,13,-4.282,16,0.000022
3239,.........(.((((..((....)).))))..).......((.....))...((..((...)).)).,13,-4.282,11,0.000022
3240,............(((.................))).....(((...)))...((((......)))).,10,-4.282,19,0.000022
3241,..((...))..((((.(((....))))))).....................((........))....,11,-4.282,18,0.000022
3242,...........((((.((......))))))..........((.....))...((..((...)).)).,12,-4.281,9,0.000022
3243,...(....((.((((..((....)).))))..))).................((((......)))).,13,-4.281,12,0.000022
3244,..(.....).((((.....)).))...(((.........)))..........((((......)))).,12,-4.281,25,0.000022
3245,.....(...).((((.(((....))))))).......((.....))......((((......)))).,14,-4.281,10,0.000022
3246,..............(((....))).....((((.......))))........(((.(.....)))).,11,-4.281,29,0.000022
3247,...........((((...........))))..(...)...(.......)...((((......)))).,10,-4.28,10,0.000022
3248,..((...))..(((..(((....))).)))..........(((...)))...(((........))).,14,-4.28,10,0.000022
3249,..(.....).....(((....)))..(.........)...(((...)))...((((......)))).,12,-4.28,22,0.000022
3250,...........((((..((....)).))))..(...)...(((...)))...(((.((...))))).,15,-4.279,11,0.000022
3251,...........((((..((....)).))))..(...)...(((...)))...((((.(...))))).,15,-4.279,8,0.000022
3252,..(.....)..((((((....)))...)))..........((.....))...(((........))).,12,-4.279,15,0.000022
3253,...........((((...........)))).............(((...))).(((......)))..,10,-4.279,18,0.000022
3254,......(....((((...........))))......)...((.....))...((((......)))).,11,-4.279,8,0.000022
3255,..(.....)(...((((....)))).)..((((.......))))........((((......)))).,14,-4.279,29,0.000022
3256,......(.((.((((..((....)).))))..))..)...(.......)...((((......)))).,14,-4.278,10,0.000022
3257,..............(((....)))....(...........)...........((((......)))).,8,-4.278,21,0.000022
3258,..(.....)..((((.(((....)))))))...((.....))..(.....).((((......)))).,15,-4.278,10,0.000022
3259,..(.....)..((((.(.(....).)))))..........((.....))...((((......)))).,13,-4.277,4,0.000022
3260,..............(((((..........((((.......))))....)))))...((...))....,11,-4.277,38,0.000022
3261,...........((((.(((....))))))).......((.....))......((..((...)).)).,13,-4.277,15,0.000022
3262,..((...))..((((((....)))...))).......((.....))......((((......)))).,14,-4.277,23,0.000022
3263,.......(((.((.(((((.....(..(((..(...)..)))..)...))))).)).))).......,15,-4.277,40,0.000022
3264,.......(((.((.(((((.....(((.(.......)...))).....))))).)).))).......,14,-4.276,38,0.000022
3265,...((..(((.((....)).)))..)).......(.....)...........((((......)))).,12,-4.276,27,0.000022
3266,...........((((..(......).))))..........((.....))...(((.((...))))).,12,-4.276,9,0.000022
3267,...........((((..(......).))))..........((.....))...((((.(...))))).,12,-4.276,6,0.000022
3268,...........((((.(((....)))))))...((.....)).((.....))(((........))).,14,-4.275,12,0.000022
3269,........((.((((...........))))..))..(......)........((((......)))).,11,-4.275,16,0.000022
3270,.........(.((((.((......))))))..)..........((.....))((((......)))).,13,-4.275,12,0.000022
3271,..........(..((((....)))).)..(((.........)))........(((........))).,11,-4.275,28,0.000022
3272,.......(((.((.(((((..((.(((.((.....))...)))))...))))).)).))).......,17,-4.275,43,0.000022
3273,...(...).(.((((..((....)).))))..).......((.....))...((((......)))).,14,-4.275,6,0.000022
3274,...........((((.(((....))))))).....(.((.....)).)....((((......)))).,14,-4.275,9,0.000022
3275,...........((((.(((....))))))).........(.(.......).)((((......)))).,13,-4.275,7,0.000022
3276,..(((...((...((((....)))).)).....)))....(((...)))...((((......)))).,16,-4.274,27,0.000022
3277,....((((((.(..(((((.............................)))))..).)))....))),12,-4.274,40,0.000022
3278,...(...)...((((.(((....)))))))..(.......)...........((((......)))).,13,-4.274,7,0.000022
3279,...........((((..((....)).))))......((....))....((....))...........,10,-4.273,19,0.000022
3280,..((...))..((((.(((....)))))))..(...)...((.....))...(((.((...))))).,17,-4.273,11,0.000022
3281,..((...))..((((.(((....)))))))..(...)...((.....))...((((.(...))))).,17,-4.273,8,0.000022
3282,..((...))..(((..(((....))).)))..(...)...............((((......)))).,13,-4.273,12,0.000022
3283,..((...))..((((.(.......).))))......................((((......)))).,11,-4.273,14,0.000022
3284,......(....((((..((....)).))))......)...(((...)))...((((......)))).,14,-4.272,6,0.000022
3285,..(.....)..(.((((((.(((....(((.........)))...........))).)).)))).).,14,-4.272,37,0.000022
3286,...........((((..((....)).)))).......((.....))......(((.((...))))).,13,-4.271,15,0.000022
3287,...........((((..((....)).)))).......((.....))......((((.(...))))).,13,-4.271,12,0.000022
3288,..((...))..((((.(((....)))))))......................(((.(.....)))).,13,-4.271,11,0.000022
3289,...........((((((....)))...)))(((.......))).........((((......)))).,13,-4.27,19,0.000022
3290,......((((.((((((....)))...)))....(((..((..(((...)))..)).)))..)))).,18,-4.27,40,0.000022
3291,...........((((..(......).))))..........(.......)...((((......)))).,10,-4.27,6,0.000022
3292,..((...))..((((.(((....)))))))..........(((...)))...(((..(...).))).,16,-4.27,10,0.000022
3293,..((...)).....((......))............((....))........((((......)))).,10,-4.269,28,0.000022
3294,..(.....)..((((...(....)..))))......((....))........((((......)))).,12,-4.269,14,0.000022
3295,...........((((..((....)).))))........(...).........((((......)))).,11,-4.269,8,0.000022
3296,.......(((.(..((((((.........((((.......)))))...)))))..).))).......,14,-4.268,43,0.000022
3297,..........((.(.....)..))...(((.........)))..........((((......)))).,10,-4.268,22,0.000022
3298,...((......((((..((....)).))))...)).................((((......)))).,12,-4.268,10,0.000022
3299,...........((((...........))))..(.......)..((.....))((((......)))).,11,-4.268,15,0.000022
3300,......(.((.(((((......)))...))..))..)...((.....))...((((......)))).,14,-4.268,18,0.000022
3301,...((....(.((((..((....)).))))..))).................((((......)))).,13,-4.268,12,0.000022
3302,.......(.(.((((.((......))))))....).)...(((...)))...((((......)))).,15,-4.268,8,0.000022
3303,..((...))..((((.(((....)))))))..(...)...(.......)...((((......)))).,15,-4.267,8,0.000022
3304,...........((((...........))))....(((......((.....)).....))).......,9,-4.267,28,0.000022
3305,..........((..........)).....((((.......))))........(((........))).,9,-4.267,27,0.000022
3306,..(.....)..((((..((....)).))))..........((.....))...((..........)).,11,-4.266,8,0.000022
3307,..((...))..((((.(((....))))))).............(((...))).(((......)))..,15,-4.266,16,0.000022
3308,...........((((...........)))).(.........)..........((((......)))).,9,-4.266,11,0.000022
3309,...........((((.(((....))))))).......(....)((.....))((((......)))).,14,-4.265,10,0.000022
3310,.....((.((.(..(((((..........((((.......))))....)))))..).)).....)).,14,-4.265,41,0.000022
3311,........((.((((.(((....)))))))..))...(.......)......((((......)))).,14,-4.265,10,0.000022
3312,..(.....)..(((..(((....))).))).............(((...)))((((......)))).,14,-4.265,14,0.000022
3313,..((....((.((((((....))))...))..))))................((((......)))).,14,-4.265,25,0.000022
3314,..((...))..((((...........))))......................(((.((...))))).,11,-4.265,19,0.000022
3315,..((...))..((((...........))))......................((((.(...))))).,11,-4.265,16,0.000022
3316,...((.....))..(((....)))...(((.........))).((.....))((((......)))).,14,-4.265,29,0.000022
3317,...((...(..((((..((....)).)))).).)).................((((......)))).,13,-4.264,12,0.000022
3318,...........(((((......)))...))..(...)...(((...)))...((((......)))).,13,-4.264,16,0.000022
3319,.......(((.((((.(((....)))))))..))..)...((.....))...(((........))).,15,-4.263,8,0.000022
3320,...........((.((......))....))......................((((......)))).,8,-4.263,16,0.000022
3321,.....(((((.(..(((((...........(((.......))).....)))))..).)))....)).,14,-4.263,42,0.000022
3322,........(..((((...........)))).)........((.....))...((((......)))).,11,-4.263,8,0.000022
3323,...........((((..((....)).))))..(...)...((.....))....(((......)))..,12,-4.263,6,0.000022
3324,...(...)......((......)).....((((.......))))........((((......)))).,11,-4.263,27,0.000022
3325,..((....((.((((..((....)).))))..)))).......((.....))((((......)))).,16,-4.263,18,0.000022
3326,......(.((.((((...........))))..))..)...(((...)))...(((........))).,13,-4.262,16,0.000022
3327,.............((((....))))...((.........))...........(((........))).,9,-4.262,24,0.000022
3328,..((...)).....(((....))).....((((.......))))........(((.((...))))).,14,-4.262,35,0.000022
3329,..((...)).....(((....))).....((((.......))))........((((.(...))))).,14,-4.262,32,0.000022
3330,..(.....)...(((((....)))).)..(((.........)))........((((......)))).,13,-4.262,27,0.000022
3331,..(.....)...(((((....))).))..(((.........)))........((((......)))).,13,-4.262,27,0.000022
3332,...........((((..((....)).))))..(.......)..(((...)))((((......)))).,14,-4.262,13,0.000022
3333,...........((((...........))))......((....))........(((..(...).))).,10,-4.262,18,0.000022
3334,..((...))..(((..(((....))).)))......(...........)...((((......)))).,13,-4.261,11,0.000022
3335,...........((((..((....)).))))....(................)((((......)))).,11,-4.261,8,0.000022
3336,.....(..((.((((.(((....)))))))..))..).......(.....).((((......)))).,15,-4.261,12,0.000022
3337,...........((((..((....)).))))....(((......(((...))).....))).......,12,-4.261,26,0.000022
3338,........(..((((.(((....))))))).).((.....))..........((((......)))).,14,-4.26,8,0.000022
3339,..(.....((.((((.(((....)))))))..)).)....(((...)))...((((......)))).,17,-4.26,8,0.000022
3340,.....(....)...((......))....((.........))...........((((......)))).,9,-4.26,23,0.000022
3341,..(.....)..((((.(((....))))))).....................((...)).........,10,-4.26,17,0.000022
3342,..((...))....((((....))))..(.((((.......)))).)......((((......)))).,15,-4.26,31,0.000022
3343,..((...))..(((..(((....))).)))......((....))........(((........))).,13,-4.259,16,0.000022
3344,...((.....)).(((......)))...((.........))...........((((......)))).,11,-4.259,24,0.000022
3345,......(.....).((......)).....((((.......))))........((((......)))).,11,-4.258,26,0.000021
3346,........(..((((..((....)).)))).)........(((...)))...((((......)))).,14,-4.257,6,0.000021
3347,...........((((...........))))((.((.....))..))......((((......)))).,12,-4.257,16,0.000021
3348,...........((((.(((....)))))))..........(((...)))...(.((......)).).,13,-4.256,4,0.000021
3349,..((...))..((((.(((....)))))))..(.......)..((.....))((((......)))).,16,-4.255,13,0.000021
3350,...........(((((......)))...)).......((.....))......((((......)))).,11,-4.255,20,0.000021
3351,......(.((.(((((......))...)))..))..)...((.....))...((((......)))).,14,-4.254,16,0.000021
3352,..((...))..((((.(((....)))))))....(((......((.....)).....))).......,14,-4.254,26,0.000021
3353,.......(((.(......).)))......((((.......))))........(((.((...))))).,13,-4.254,34,0.000021
3354,.......(((.(......).)))......((((.......))))........((((.(...))))).,13,-4.254,31,0.000021
3355,......((((.((((...........))))....(((..((..((.....)).).).)))..)))).,15,-4.254,33,0.000021
3356,.......(((.(..((.((..........((((.......))))....)).))..).))).......,12,-4.254,40,0.000021
3357,..(.....)...(((.(((....))))))...........(((...)))...((((......)))).,14,-4.253,6,0.000021
3358,..(.....)..((((.(((....)))))))((.........)).........((((......)))).,14,-4.253,9,0.000021
3359,..(.....)..((((...........)))).......(.......)......((((......)))).,10,-4.253,14,0.000021
3360,..((...))..((((.(((....))))))).(.........)..........((((......)))).,14,-4.253,9,0.000021
3361,...........((((..(...)....))))..........((.....))...((((......)))).,11,-4.253,7,0.000021
3362,.......(((.((.(((((......(.(((.........)))...)..))))).)).))).......,14,-4.252,38,0.000021
3363,...........((((((....))...))))......(......)........((((......)))).,11,-4.252,15,0.000021
3364,..........(....)....(((...........)))...............((((......)))).,8,-4.252,26,0.000021
3365,........((.((((.(((....)))))))..))......((.....))...((..((...)).)).,15,-4.252,11,0.000021
3366,..........(..((((....)))).).((.....))...(((...)))...((((......)))).,14,-4.252,22,0.000021
3367,....((..((.((((.(((....)))))))..))..))..............(((........))).,14,-4.252,14,0.000021
3368,........((...((((....)))).))((.........))...........((((......)))).,12,-4.252,24,0.000021
3369,..(((......((((((....))))...))...)))................((((......)))).,13,-4.252,23,0.000021
3370,..(((....(.((((((....))))...))..))))................((((......)))).,14,-4.251,25,0.000021
3371,..((....((.((((((....)))...)))..))))................((((......)))).,14,-4.251,23,0.000021
3372,...........((((..(.......)))))..........(((...)))...((((......)))).,12,-4.251,8,0.000021
3373,.......(((.(..(((((..((..((.((.....))...)).))...)))))..).))).......,15,-4.251,42,0.000021
3374,..(.....)..((((..((....)).))))..........((.....))..((........))....,11,-4.251,14,0.000021
3375,...(((...(.....)..))).......((.........))...........((((......)))).,10,-4.251,26,0.000021
3376,..((...))....((((....)))).((.......))...((.....))...((((......)))).,14,-4.25,23,0.000021
3377,...........((((..((....)).)))).............((.....))....((...))....,10,-4.25,21,0.000021
3378,..(.....)..((((.(((....)))))))......((....))((...)).((((......)))).,16,-4.25,14,0.000021
3379,..............(((....)))...........((...........))..((((......)))).,9,-4.25,24,0.000021
3380,...........(((((......))...)))..(...)...(((...)))...((((......)))).,13,-4.25,14,0.000021
3381,..(((......((((..((....)).))))...))).......((.....))((((......)))).,15,-4.249,16,0.000021
3382,...........(((..(((....))).)))..............(.....).((((......)))).,11,-4.249,8,0.000021
3383,...((.....))..(((....)))......(((.......))).........((((......)))).,12,-4.249,28,0.000021
3384,..(((....(.((((..((....)).))))..)))).......((.....))((((......)))).,16,-4.249,18,0.000021
3385,..((...))..((((.(((....)))))))......((....))........(((..(...).))).,15,-4.249,16,0.000021
3386,...(...(((.(..(((((..........(((.........)))....)))))..).)))..)....,13,-4.249,41,0.000021
3387,.....(....)..((((....))))....(((.........)))........((((......)))).,12,-4.249,27,0.000021
3388,..(.....)..((((.(((....)))))))..........................((...))....,10,-4.248,17,0.000021
3389,...........((((.(((....)))))))..................(..((........)).)..,10,-4.248,14,0.000021
3390,......((((((..(((((..........(((.........)))....)))))...))....)))).,14,-4.248,41,0.000021
3391,...(((....(....)..)))........((((.......))))........((((......)))).,12,-4.248,30,0.000021
3392,......((((.(((..(((....))).)))....(((......((.....)).....)))..)))).,15,-4.248,28,0.000021
3393,......((((.((((..((....)).))))....(((..((..(((...))).).).)))..)))).,18,-4.248,31,0.000021
3394,.......(((.((.(((((.....(..(((.........)))..)...)))))).).))).......,14,-4.247,38,0.000021
3395,.......(.(.((((((....))))...))....).)...((.....))...((((......)))).,14,-4.247,17,0.000021
3396,...........((((..((....)).)))).....((.(......)..))..((((......)))).,13,-4.247,11,0.000021
3397,..(((...(..((((((....))))...)).).)))................((((......)))).,14,-4.247,25,0.000021
3398,...........(((.............))).....((...........))..((((......)))).,9,-4.247,15,0.000021
3399,.......(((...((((....)))).)).)..........((.....))...((((......)))).,13,-4.247,20,0.000021
3400,..(.....).....(((....)))....((.........))..(((...)))((((......)))).,13,-4.247,30,0.000021
3401,..(.....)....(((......)))...((.........))...........((((......)))).,10,-4.247,23,0.000021
3402,.........(...(((......))).).............(((...)))...((((......)))).,11,-4.247,19,0.000021
3403,......(((..((((.(((....)))))))....(((..((..(((...)))..)).)))...))).,18,-4.246,28,0.000021
3404,.........(.((((.(((....)))))))..)......(...........)((((......)))).,13,-4.246,8,0.000021
3405,..........((.((.....))))...(.((((.......)))).)......((((......)))).,13,-4.246,28,0.000021
3406,........((.((((..((....)).))))..))......((.....))...(((.((...))))).,15,-4.246,11,0.000021
3407,........((.((((..((....)).))))..))......((.....))...((((.(...))))).,15,-4.246,8,0.000021
3408,..(.....)..((((.(((....)))))))..........((.....))...((..(.....).)).,13,-4.246,7,0.000021
3409,.......(((.((....)).)))......((((.......))))........(((.((...))))).,14,-4.246,34,0.000021
3410,.......(((.((....)).)))......((((.......))))........((((.(...))))).,14,-4.246,31,0.000021
3411,...(((............)))......(((..(...)..)))..........((((......)))).,11,-4.246,26,0.000021
3412,...........((((..((....)).))))...(...........)......((((......)))).,11,-4.246,8,0.000021
3413,..(((.....(..((((....)))).)......)))................((((......)))).,12,-4.246,28,0.000021
3414,..........(....).............((((.......))))........((((......)))).,9,-4.246,25,0.000021
3415,...............((((........(((.........)))......))))((((......)))).,11,-4.246,23,0.000021
3416,........((.((((((....))...))))..))......(((...)))...((((......)))).,15,-4.246,15,0.000021
3417,......(.((.((((..(......).))))..))..)...............((((......)))).,12,-4.245,14,0.000021
3418,...........((((.(((....))))))).....((...........))...(((......)))..,12,-4.245,9,0.000021
3419,..(((...(..((((..((....)).)))).).))).......((.....))((((......)))).,16,-4.245,18,0.000021
3420,.......(((.((.(((((..((.(((.............)))))...)))))).).))).......,15,-4.244,41,0.000021
3421,..((...))..((((.(((....)))))))((.((.....))..))......((((......)))).,17,-4.244,14,0.000021
3422,......((((.((((.(((....)))))))......((....))....(..((...)).)..)))).,16,-4.242,24,0.000021
3423,............((.....))...................((.....))...((((......)))).,8,-4.242,16,0.000021
3424,..((...))..((((..((....)).)))).......................(((......)))..,11,-4.242,12,0.000021
3425,.........(...((((....))))...)...........((.....))...((((......)))).,11,-4.242,18,0.000021
3426,..((...)).(((((.(((....)))))))..).......((.....))...((((......)))).,16,-4.242,6,0.000021
3427,..(.....)..((((...........))))....(.....)..((.....))((((......)))).,12,-4.242,17,0.000021
3428,..(.....).....(((....)))...(((.........)))..........(((........))).,10,-4.242,26,0.000021
3429,...........(((((......))...))).......((.....))......((((......)))).,11,-4.242,18,0.000021
3430,..((...))..((((.((......))))))..........(((...)))...(((........))).,14,-4.242,10,0.000021
3431,..((...)).....(((....)))...(((.........))).(((...)))((((......)))).,15,-4.241,32,0.000021
3432,........((.((((..((....)).))))..))......(.......)...((((......)))).,13,-4.241,8,0.000021
3433,..(.....)..((((..((....)).))))..........((.....))...(((.(.....)))).,13,-4.24,7,0.000021
3434,..(.....)..((((...........))))..........((.....))...((..((...)).)).,11,-4.24,15,0.000021
3435,.....(....)...(((....)))...(((..(...)..)))..........((((......)))).,12,-4.239,26,0.000021
3436,...(((............))).....((.......))...(((...)))...((((......)))).,12,-4.239,23,0.000021
3437,...........((((.(((....)))))))..(.......)...........(((.((...))))).,13,-4.239,10,0.000021
3438,...........((((.(((....)))))))..(.......)...........((((.(...))))).,13,-4.239,7,0.000021
3439,..(((......((((((....)))...)))...)))................((((......)))).,13,-4.238,21,0.000021
3440,..(((....(.((((((....)))...)))..))))................((((......)))).,14,-4.238,23,0.000021
3441,..(.....).(..((((....)))).).........................((((......)))).,10,-4.238,24,0.000021
3442,..((...)).....(((....)))....((.....))...............((((......)))).,11,-4.238,27,0.000021
3443,...(...)...((((..((....)).))))..........((.....))...(((........))).,12,-4.238,6,0.000021
3444,...((.....)).((((....))))..(((..(...)..)))..........((((......)))).,14,-4.238,27,0.000021
3445,...........((((.(((....))))))).............(((...)))...............,10,-4.237,18,0.000021
3446,...((..(((.(..(((((........((...........))......)))))..).))).))....,13,-4.237,39,0.000021
3447,...........((((.(........)))))...((.....))..........((((......)))).,11,-4.237,10,0.000021
3448,...........((((.(((....)))))))..........(((...)))....((.....)).....,12,-4.237,12,0.000021
3449,..........(.(((.(((....))))))...).......((.....))...((((......)))).,13,-4.236,4,0.000021
3450,........(..((((..((....)).)))).)....((....))........((((......)))).,13,-4.236,12,0.000021
3451,..((...))..((((...........))))...((.....)).((.....))((((......)))).,14,-4.236,20,0.000021
3452,...(..(.((.((((.(((....)))))))..))..)..)............((((......)))).,15,-4.236,12,0.000021
3453,..(.....)..((((..((....)).))))....(.....)..(((...)))((((......)))).,15,-4.236,15,0.000021
3454,.......(((.(..(((((.((.............))((.....))..)))))..).))).......,13,-4.235,44,0.000021
3455,..........(((((...........))))..)...................((((......)))).,9,-4.235,12,0.000021
3456,...........((((.(((....)))))))......((....))........(.((......)).).,12,-4.235,10,0.000021
3457,.......(((.((.(((((.(((...........))).(.....)...))))).)).))).......,14,-4.235,44,0.000021
3458,..((...))..((((.((......))))))..(...)...............((((......)))).,13,-4.235,12,0.000021
3459,.........(.(((..((......)).)))..).......(((...)))...((((......)))).,13,-4.234,8,0.000021
3460,.........(.(((((......)...))))..).......((.....))...((((......)))).,12,-4.234,10,0.000021
3461,...........(((..(((....))).)))....((..............))((((......)))).,12,-4.234,10,0.000021
3462,..(.....)..((((..((....)).))))....(((..((..((.....))..)).))).......,14,-4.234,27,0.000021
3463,.......(.(.((((((....)))...)))....).)...((.....))...((((......)))).,14,-4.234,15,0.000021
3464,..(.....)..((((..((....)).))))..........(((...)))...((..((...)).)).,14,-4.234,13,0.000021
3465,..(((...(..((((((....)))...))).).)))................((((......)))).,14,-4.234,23,0.000021
3466,..((...))..((((..(......).))))...((.....))..........((((......)))).,13,-4.233,14,0.000021
3467,.....(((((.((.(((((..(.....(((.........)))...)..))))).)).)))....)).,16,-4.233,41,0.000021
3468,.......(((.(......).)))....(((.........))).(((...)))((((......)))).,14,-4.233,31,0.000021
3469,..(.....)...(((.(((....)))))).......((....))........((((......)))).,13,-4.233,12,0.000021
3470,...((........((((....))))))(((.........)))..........((((......)))).,13,-4.233,24,0.000021
3471,..(.....)..((((.(((....)))))))..(...)...............(((........))).,12,-4.232,10,0.000021
3472,...((.....))..(((....)))..(.........)...((.....))...((((......)))).,12,-4.232,21,0.000021
3473,.....(....)...(((....)))..((.......))...(((...)))...((((......)))).,13,-4.231,23,0.000021
3474,..........((((.....)).))....((..(...)..))...........((((......)))).,11,-4.231,25,0.000021
3475,...........((((...........))))......(......)........(((........))).,8,-4.231,14,0.000021
3476,.......(((.((.(((((..((.((...............))))...))))).)).))).......,14,-4.231,41,0.000021
3477,..............(((....)))....((.........))...(.....).((((......)))).,10,-4.231,24,0.000021
3478,..(.....)..((((..((....)).))))...((.....))..........(((........))).,12,-4.231,12,0.000021
3479,...........((((..(.......)))))......((....))........((((......)))).,11,-4.231,14,0.000021
3480,........((.(((((......)))...))..))......((.....))...((((......)))).,13,-4.23,16,0.000021
3481,............(((((....))).))...(((.......))).........((((......)))).,12,-4.23,25,0.000021
3482,............(((((....)))).)...(((.......))).........((((......)))).,12,-4.23,25,0.000021
3483,.....(....)((((.(((....))))))).............(((...)))((((......)))).,15,-4.23,12,0.000021
3484,.......(((.(..(((((.............(...)...........)))))..).))).......,10,-4.23,38,0.000021
3485,.......(((.(......).))).....((.....))...............((((......)))).,10,-4.23,26,0.000021
3486,.......(((.(..(((((..((.....((.........))..))...)))))..).))).......,13,-4.23,41,0.000021
3487,..((...))..((((..((....)).))))...((.....)).(((...)))((((......)))).,17,-4.23,18,0.000021
3488,..((...))..((((..(....)...))))..........((.....))...((((......)))).,13,-4.23,11,0.000020
3489,...((.(.((.((((.(((....)))))))..))..).))(((...)))...((((......)))).,19,-4.23,12,0.000020
3490,...........((...............))......................((((......)))).,6,-4.229,14,0.000020
3491,..............(((....)))......((.........)).........((((......)))).,9,-4.229,24,0.000020
3492,.......(((.((.(((((.....((..((.........)))).....))))).)).))).......,14,-4.229,38,0.000020
3493,.......(....).((......)).....((((.......))))........((((......)))).,11,-4.228,26,0.000020
3494,..........(..(((......))).)...(((.......))).........((((......)))).,11,-4.227,25,0.000020
3495,..............((......)).....((((.......))))........(((.((...))))).,11,-4.227,30,0.000020
3496,..............((......)).....((((.......))))........((((.(...))))).,11,-4.227,27,0.000020
3497,.....(((((.(..(((((.(((...........)))((.....))..)))))..).)))....)).,16,-4.227,48,0.000020
3498,..(.....)..((((.((......)))))).............(((...)))((((......)))).,14,-4.227,14,0.000020
3499,...........((((..((....)).))))..........(.(...).)...((((......)))).,12,-4.226,6,0.000020
3500,.....(((((.(..(((((..((......((((.......))))))..)))))..).)))....)).,17,-4.226,47,0.000020
3501,...........((((.(((....)))))))..........((....).)...((((......)))).,13,-4.226,3,0.000020
3502,.........(...(((......))).).........((....))........((((......)))).,10,-4.226,25,0.000020
3503,..........(..((((....)))).).........(......)........((((......)))).,10,-4.226,24,0.000020
3504,......((((.((.(((((..........((((.......))))....))))).)).)).....)).,15,-4.225,41,0.000020
3505,..(.....)....((((....))))..(((..(...)..)))..........((((......)))).,13,-4.225,26,0.000020
3506,........((.((((((....))...))))..))..((....))........((((......)))).,14,-4.225,21,0.000020
3507,.......(((.((....)).)))....(((.........))).(((...)))((((......)))).,15,-4.225,31,0.000020
3508,.......(((.(..(((...(((...........)))...(((...))).)))..).))).......,13,-4.225,39,0.000020
3509,........((.((((...........))))..))......(((...)))...(((........))).,12,-4.225,14,0.000020
3510,.............(((......)))..(.((((.......)))).)......((((......)))).,12,-4.225,26,0.000020
3511,..(.....)..(((..(((....))).))).....((...........))..((((......)))).,13,-4.224,11,0.000020
3512,...........((((.(((....)))))))......(....(.....))...((((......)))).,13,-4.224,3,0.000020
3513,...((..(((.((.(((((...(...)..((((.......))))....))))).)).))).))....,17,-4.224,45,0.000020
3514,..............(((....)))...(((.........)))..((...)).((((......)))).,12,-4.224,26,0.000020
3515,...........((((.(((....)))))))..........(((...)))....((.((...)).)).,14,-4.224,13,0.000020
3516,....((..((.((((..(......).))))..))..))..((.....))...((((......)))).,15,-4.223,12,0.000020
3517,..((...))..((((.((......))))))......(...........)...((((......)))).,13,-4.223,11,0.000020
3518,..(.....)..((((.(((....)))))))..........((.....))..(((.....).))....,13,-4.223,13,0.000020
3519,.......(((.((((.(((....)))))))....(((..((..((.....))..)).)))..)))..,17,-4.222,26,0.000020
3520,.......(((.((....)).))).....((.....))...............((((......)))).,11,-4.222,26,0.000020
3521,...((........(((......))))).............((.....))...((((......)))).,11,-4.222,18,0.000020
3522,.......(((.((.(((((........(.((((.......)))))...))))).)).))).......,15,-4.222,42,0.000020
3523,..(((........(((......)))........)))................((((......)))).,10,-4.221,26,0.000020
3524,..((...))..((((((....))))...))..........((.....))...(((........))).,13,-4.221,19,0.000020
3525,...........((((.(((....))))))).......(.......)......(((........))).,11,-4.221,8,0.000020
3526,...((.....(..((((....)))).)....)).......((.....))...((((......)))).,13,-4.221,22,0.000020
3527,..(.....)..((((.(((....)))))))......(...........)...(((........))).,12,-4.221,9,0.000020
3528,..((...))..((((.((......))))))......((....))........(((........))).,13,-4.221,16,0.000020
3529,...........((((.(((....)))))))...((.....)).(((...))).(((......)))..,15,-4.221,14,0.000020
3530,...........((((.(((....)))))))(((.......)))((.....))((((......)))).,16,-4.221,12,0.000020
3531,.......(.(.((((...........))))..)...)...(((...)))...((((......)))).,13,-4.22,12,0.000020
3532,.......(((....(((((..........((((.......))))....)))))....))).......,12,-4.22,41,0.000020
3533,...........((((..((....)).))))....(.....)...(.....).((((......)))).,12,-4.22,9,0.000020
3534,...........((((.(((....))))))).....((.(.....)...))..((((......)))).,14,-4.219,9,0.000020
3535,...(((............)))........((((.......))))........(((........))).,10,-4.219,30,0.000020
3536,...........((((...........))))...((.....))..(.....).((((......)))).,11,-4.219,14,0.000020
3537,.......(((.(..(((((..........(.((.......)).)....)))))..).))).......,12,-4.219,39,0.000020
3538,......(.((.((((.(((....)))))))..))..).......(.....).((((......)))).,15,-4.219,12,0.000020
3539,..(.....)...(((..((....)).)))((((.......))))........((((......)))).,14,-4.219,15,0.000020
3540,..((...))..((((.(((....)))))))......(......)........(((........))).,13,-4.219,12,0.000020
3541,.........(...((((....)))).)..((((.......))))........(((.((...))))).,14,-4.219,32,0.000020
3542,.........(...((((....)))).)..((((.......))))........((((.(...))))).,14,-4.219,29,0.000020
3543,.....(..((.((((...........))))..))..)......(((...)))((((......)))).,14,-4.219,22,0.000020
3544,..((...))..((((...(....)..))))..........(((...)))...((((......)))).,14,-4.218,10,0.000020
3545,(...)..(((.(..(((((........(((.........)))......)))))..).))).......,13,-4.217,39,0.000020
3546,...((........((((....))))........)).....(((...)))...((((......)))).,13,-4.217,23,0.000020
3547,........((.(((((......))...)))..))......((.....))...((((......)))).,13,-4.217,14,0.000020
3548,...........((((.(((....)))))))......((....)).........((.....)).....,11,-4.216,18,0.000020
3549,...........(.((((((.(((....(((.........))).(((...))).))).)).)))).).,16,-4.216,41,0.000020
3550,.............(((......))).((.......))...((.....))...((((......)))).,11,-4.215,18,0.000020
3551,..((.......((((...........))))....))....(((...)))...((((......)))).,13,-4.215,12,0.000020
3552,.............((((....)))).........(.....)...........((((......)))).,9,-4.215,22,0.000020
3553,..((...))....((((....))))...((.....))...((.....))...((((......)))).,14,-4.215,23,0.000020
3554,...........((((.(((....)))))))..(...).......((...)).((((......)))).,14,-4.215,10,0.000020
3555,.........(.((((.(((....)))))))..)....(...)..........((((......)))).,13,-4.215,7,0.000020
3556,..(.....)..((((.(((....)))))))...........((......)).((((......)))).,14,-4.214,9,0.000020
3557,.....(..((.((((..((....)).))))..))..)...............(((........))).,12,-4.214,14,0.000020
3558,.........(.(((..((......)).)))..)...((....))........((((......)))).,12,-4.213,14,0.000020
3559,...........((((.(((....)))))))....(((...((.....))....(.....)..)))..,13,-4.213,12,0.000020
3560,.........(.((((...........))))..).......(((...)))....(((......)))..,11,-4.213,12,0.000020
3561,..(.....)..((((..((....)).))))......((....))........((..((...)).)).,13,-4.213,19,0.000020
3562,...........((((..((....)).))))...((.....))..((...)).((((......)))).,14,-4.213,12,0.000020
3563,...(...)...((((.(((....)))))))..........(((...)))...(((.((...))))).,16,-4.213,9,0.000020
3564,...(...)...((((.(((....)))))))..........(((...)))...((((.(...))))).,16,-4.213,6,0.000020
3565,..(.....)..((((.(((....)))))))....(.....)...........(((.((...))))).,14,-4.212,12,0.000020
3566,..(.....)..((((.(((....)))))))....(.....)...........((((.(...))))).,14,-4.212,9,0.000020
3567,.....(...).((((.(((....)))))))..........((.....))...(((........))).,13,-4.212,4,0.000020
3568,.....(....)...(((....))).....((((.......))))........(((........))).,11,-4.212,30,0.000020
3569,.........(.((((..((....)).))))..)...........(.....).((((......)))).,12,-4.211,10,0.000020
3570,.........(.(((..(((....))).)))..)...(......)........((((......)))).,12,-4.211,10,0.000020
3571,...........((((..((....)).))))......((....)).(...)..((((......)))).,13,-4.211,12,0.000020
3572,...........((((.((......))))))..............(.....).((((......)))).,11,-4.211,8,0.000020
3573,...((.....)).((((....))))....((((.......))))........(((........))).,13,-4.211,31,0.000020
3574,......((((.(..(((((........(((.........)))......)))))......)..)))).,13,-4.211,36,0.000020
3575,............((.((....))..))..(((.........)))........((((......)))).,11,-4.211,25,0.000020
3576,......(..(.((((.(((....)))))))....).)...(((...)))...((((......)))).,16,-4.21,6,0.000020
3577,...........((((.(((....)))))))....(.....)..((.....))(((........))).,13,-4.21,11,0.000020
3578,..((...)).((((.....)).))...(((.........)))..........((((......)))).,13,-4.21,27,0.000020
3579,...........((((.(((....)))))))..(...)...((.....))..((...)).........,12,-4.21,13,0.000020
3580,......((((.((((.((......))))))....(((......((.....)).....)))..)))).,15,-4.21,28,0.000020
3581,......(.((.(..(((((........(((.........)))......)))))..).))).......,12,-4.209,37,0.000020
3582,..((...)).....(((....)))..(.........)...(((...)))...((((......)))).,13,-4.208,24,0.000020
3583,..((...))..((((((....)))...)))..........((.....))...(((........))).,13,-4.208,17,0.000020
3584,........((.((((..(......).))))..))..................((((......)))).,11,-4.208,12,0.000020
3585,...........((((.(((....))))))).....................(.....).........,8,-4.208,14,0.000020
3586,..((...))(...((((....)))).)..((((.......))))........((((......)))).,15,-4.207,31,0.000020
3587,.....(....)((((..((....)).))))..(...)...((.....))...((((......)))).,14,-4.207,6,0.000020
3588,...........((((.(((....))))))).....((........)).....((((......)))).,13,-4.207,8,0.000020
3589,.......(((.(..(((((..((..(...............).))...)))))..).))).......,12,-4.207,40,0.000020
3590,..(.....)..((((((....))))...)).............((.....))((((......)))).,13,-4.207,23,0.000020
3591,.......(((.(..((((((.......(((.........))))).....))))..).))).......,13,-4.207,40,0.000020
3592,..((...))..((((.(((....)))))))...((.....))..(.....).((((......)))).,16,-4.206,12,0.000020
3593,........((.((((...........))))..))..(...........)...((((......)))).,11,-4.206,15,0.000020
3594,..((...))..((((.(.(....).)))))..........((.....))...((((......)))).,14,-4.206,6,0.000020
3595,...........((((.(((....)))))))..........(((...)))....((...)).......,12,-4.206,12,0.000020
3596,...........((((.(((....)))))))....(.....)...(....)..((((......)))).,13,-4.206,7,0.000020
3597,..............((......))...(((.........))).(((...)))((((......)))).,12,-4.206,27,0.000020
3598,..(.....)(.((((...........))))..)...................((((......)))).,10,-4.205,14,0.000020
3599,..........(..((((....))))...)...........((.....))...((((......)))).,11,-4.205,18,0.000020
3600,........((.((((.(((....)))))))......((....))....))..((((......)))).,15,-4.204,11,0.000020
3601,..........((((.....)).))...(((.........))).((.....))((((......)))).,13,-4.204,27,0.000020
3602,........((.((((...........))))..))..((....))........(((........))).,11,-4.204,20,0.000020
3603,..(.....)..((((..(......).))))..(...)...((.....))...((((......)))).,13,-4.204,8,0.000020
3604,......((.(((.((((....))))....((((.......)))).......))).))..........,13,-4.204,40,0.000020
3605,...........((((.(((....)))))))......((....)).........((.((...)).)).,13,-4.203,19,0.000020
3606,..............((......))....((.....))...............((((......)))).,8,-4.203,22,0.000020
3607,..(((...(..((((.(((....))))))))..)))....((.....))...((((......)))).,17,-4.203,8,0.000020
3608,...........((((((....))...))))..........(((...)))...(((........))).,12,-4.202,13,0.000020
3609,.........(.((((.(((....)))))))..)..........((.....))(((........))).,13,-4.202,12,0.000020
3610,...........((((...........)))).....................((...)).........,6,-4.201,21,0.000020
3611,...(...)......(((....)))................((.....))...((((......)))).,10,-4.201,19,0.000020
3612,..........((.((.....))))....((.....))...((.....))...((((......)))).,12,-4.201,20,0.000020
3613,..((...))..(.((((((.(((....(((.........)))...........))).)).)))).).,15,-4.201,39,0.000020
3614,.......(((.(......).)))...(.........)...(((...)))...((((......)))).,12,-4.2,23,0.000020
3615,........................................((.....))...((((......)))).,6,-4.2,14,0.000020
3616,.....(((((.(..(((((.....((...((((.......))))))..)))))..).)))....)).,17,-4.2,45,0.000019
3617,.......(((.((.(((((.(((...........))).(......)..))))).)).))).......,14,-4.199,44,0.000019
3618,...((.....))..(((....)))....((.........))..((.....))((((......)))).,13,-4.199,29,0.000019
3619,..............(((....))).....((((.......)))).......((...)).........,9,-4.199,37,0.000019
3620,.......(...((((...........))))......)...((.....))...((((......)))).,11,-4.199,8,0.000019
3621,..(.....)....((((....))))....((((.......))))........(((........))).,12,-4.198,30,0.000019
3622,...........((((.(((....)))))))..(...)...((.....)).......((...))....,12,-4.198,13,0.000019
3623,...(...)...(((.............)))..........((.....))...((((......)))).,10,-4.198,10,0.000019
3624,.......(..(..((((....)))).)..)......................((((......)))).,10,-4.198,23,0.000019
3625,.......(((.((.((((...............................)))).)).))).......,9,-4.198,36,0.000019
3626,..((...))..((((...(....)..))))......((....))........((((......)))).,13,-4.198,16,0.000019
3627,.........(.((((.(((....)))))))..)...........(....)..((((......)))).,13,-4.198,8,0.000019
3628,..........(..((((....)))).).((..(...)..))...........((((......)))).,12,-4.197,25,0.000019
3629,......(.....).(((....)))................((.....))...((((......)))).,10,-4.197,18,0.000019
3630,..........((..(.....).))................(((...)))...((((......)))).,10,-4.197,19,0.000019
3631,...........((((..((....)).))))..........(.......)...(((........))).,10,-4.197,6,0.000019
3632,...(...)...((((.(((....)))))))..........((.....))....(((......)))..,13,-4.196,4,0.000019
3633,...........((((.(((....)))))))..........................(.....)....,8,-4.196,13,0.000019
3634,...........((((.((......))))))....((..............))((((......)))).,12,-4.196,10,0.000019
3635,.......(((.((..((((..(..(((.............)))..)..))))..)).))).......,13,-4.196,39,0.000019
3636,..(.....)..((((.(((....)))))))(....)....((.....))...((((......)))).,15,-4.195,4,0.000019
3637,..((...))..((((..((....)).))))..........((.....))...((..........)).,12,-4.195,10,0.000019
3638,............(((...........)))...........(((...)))...((((......)))).,10,-4.195,10,0.000019
3639,...........((((...........))))((.........)).........((((......)))).,10,-4.195,13,0.000019
3640,...........((((((....))...))))..(...)...............((((......)))).,11,-4.195,15,0.000019
3641,...(((...)))..(((....)))...(((.........)))..........((((......)))).,13,-4.195,27,0.000019
3642,..............(((((........(((.........)))......)))))(((......)))..,11,-4.195,25,0.000019
3643,...((..............)).......((.........))...........((((......)))).,8,-4.194,23,0.000019
3644,..(.....).....(((....))).........((.....))..........((((......)))).,10,-4.194,25,0.000019
3645,.......(.(.((((.(((....)))))))....).)...(((...)))...(((........))).,15,-4.194,8,0.000019
3646,..((...))..(((..(((....))).))).............(((...)))((((......)))).,15,-4.194,16,0.000019
3647,...(((..((.((((.(((....)))))))..))..)).....)........((((......)))).,16,-4.194,14,0.000019
3648,.........(.(..(((((........(((..(...)..)))......)))))..).).........,11,-4.193,35,0.000019
3649,..........(((((...........))))....).....((.....))...((((......)))).,11,-4.193,8,0.000019
3650,...((.....))..(((....)))..((.......))...............((((......)))).,11,-4.193,26,0.000019
3651,..(.....)..((((((....)))...))).............((.....))((((......)))).,13,-4.193,21,0.000019
3652,..((((..((.((((...........))))..))..)).....)).......((((......)))).,14,-4.193,22,0.000019
3653,..(((.........)))...(((...........)))...(((...)))...((((......)))).,13,-4.193,26,0.000019
3654,.........(.((((...........))))..)...((....)).........(((......)))..,10,-4.193,18,0.000019
3655,...........((((..((....)).))))..........((.....))..((((...)).))....,12,-4.192,14,0.000019
3656,.......(...((((..((....)).))))......)...(((...)))...((((......)))).,14,-4.192,6,0.000019
3657,.......(((.((....)).)))...(.........)...(((...)))...((((......)))).,13,-4.192,23,0.000019
3658,...(...)...((((.(((....)))))))......((....))........(((.((...))))).,15,-4.192,15,0.000019
3659,...(...)...((((.(((....)))))))......((....))........((((.(...))))).,15,-4.192,12,0.000019
3660,...........((((..((....)).))))......................(((..(...).))).,10,-4.192,10,0.000019
3661,...........((((...........))))......((....))((...)).((((......)))).,12,-4.192,18,0.000019
3662,.......(((.((..((((..((....(((.........))).))...)))).).).))).......,14,-4.192,41,0.000019
3663,..............(((....)))...(((..(...)..))).((.....))((((......)))).,13,-4.191,28,0.000019
3664,..(.....)..(((.............)))...((.....))..........((((......)))).,10,-4.191,16,0.000019
3665,..((...))...(((((....))).))..(((.........)))........((((......)))).,14,-4.191,29,0.000019
3666,..((...))...(((((....)))).)..(((.........)))........((((......)))).,14,-4.191,29,0.000019
3667,......((((.((((..((....)).))))....(((..(((.....))......).)))..)))).,16,-4.191,21,0.000019
3668,.........(.((((.(((....)))))))..)....(......).......((((......)))).,13,-4.19,8,0.000019
3669,.....(((((.(..(((((.....((.(((..(...)..)))..))..)))))..).)))....)).,17,-4.19,43,0.000019
3670,...........((((...........))))..........................((...))....,6,-4.19,21,0.000019
3671,...(...)...((((...........))))....(.....)...........((((......)))).,10,-4.189,13,0.000019
3672,.....(....)((((.(((....))))))).....((...........))..((((......)))).,14,-4.189,9,0.000019
3673,..(.....)..((((.(((....)))))))...((.....))...........(((......)))..,13,-4.189,10,0.000019
3674,..........((((.....)).))......(((.......))).........((((......)))).,11,-4.189,26,0.000019
3675,..((...))..((((.(((....))))))).....................((...)).........,11,-4.189,19,0.000019
3676,............(((.(((....)))))).(((.......))).........((((......)))).,13,-4.188,10,0.000019
3677,...........((((...........))))..........((.....))...((..(.....).)).,9,-4.188,11,0.000019
3678,..(.....)..((((.(........)))))......................((((......)))).,10,-4.188,10,0.000019
3679,...........((.(((....)))....))....(.....)...........((((......)))).,10,-4.187,18,0.000019
3680,..............(((....))).....((((.......))))............((...))....,9,-4.187,37,0.000019
3681,..........(((((..((....)).))))....).....(((...)))...((((......)))).,14,-4.187,6,0.000019
3682,...........(((((......)))...))..........((.....))...(((........))).,10,-4.186,14,0.000019
3683,...........((((((....))))...))..........(((...)))....(((......)))..,12,-4.186,17,0.000019
3684,...........((((..((....)).))))..........((.....))...((.(......).)).,11,-4.186,4,0.000019
3685,..(.....)..((((.((......)))))).....((...........))..((((......)))).,13,-4.186,11,0.000019
3686,..(.....)..(((((......)...))))..........(((...)))...((((......)))).,13,-4.186,12,0.000019
3687,...........((((.(((....)))))))....(.....)...........((..........)).,10,-4.186,9,0.000019
3688,...........((((..((....)).))))......((....))....(..((...)).).......,11,-4.186,22,0.000019
3689,...........((((..((....)).)))).((.......)).((.....))((((......)))).,14,-4.186,12,0.000019
3690,...........((((.(((....)))))))......((....)).........((...)).......,11,-4.185,18,0.000019
3691,..((....((.((((..(......).))))..))))....(((...)))...((((......)))).,16,-4.183,14,0.000019
3692,...........((((((....))...))))......(...........)...((((......)))).,11,-4.183,14,0.000019
3693,...(..(.((.((((.(((....)))))))..))..)..)((.....))...((((......)))).,17,-4.183,8,0.000019
3694,...........((((..((....)).))))......((....))....(..((........))..).,11,-4.182,20,0.000019
3695,.........(.((((...........))))....).................((((......)))).,9,-4.182,12,0.000019
3696,.......(((.((.(((((...(....(((.........)))..)...))))).)).))).......,14,-4.182,39,0.000019
3697,..((...))...(((.(((....))))))...........(((...)))...((((......)))).,15,-4.182,8,0.000019
3698,..((...))..((((.(((....)))))))((.........)).........((((......)))).,15,-4.182,11,0.000019
3699,..((...))..((((...........)))).......(.......)......((((......)))).,11,-4.182,16,0.000019
3700,.........(.((((.(((....)))))))..).......((.....))..................,10,-4.182,10,0.000019
3701,..(.....)..((((.(((....))))))).....(.............)..((((......)))).,13,-4.182,8,0.000019
3702,..(.....)..((((.(((....)))))))......(.(......)..)...((((......)))).,14,-4.181,9,0.000019
3703,...........((((..((....)).))))..........(((...)))...((..(.....).)).,12,-4.181,9,0.000019
3704,........((.((((.(((....)))))))..))..........(.....).((((......)))).,14,-4.181,10,0.000019
3705,.....(.(((.(..(((((........(((..(...)..)))......)))))..).))).).....,14,-4.181,41,0.000019
3706,...........((((((....))...))))......((....))........(((........))).,11,-4.181,19,0.000019
3707,.......(((..........)))...((.......))...((.....))...((((......)))).,11,-4.18,22,0.000019
3708,...........((((((....))))...))...(..((....)).)......((((......)))).,13,-4.18,23,0.000019
3709,.............(((......)))...((.....))...((.....))...((((......)))).,11,-4.18,18,0.000019
3710,..((...))..((((..((....)).))))..........((.....))..((........))....,12,-4.18,16,0.000019
3711,........((..((.....))..))....((((.......))))........((((......)))).,12,-4.18,27,0.000019
3712,..((...))..((((.(((....)))))))......((....))((...)).((((......)))).,17,-4.179,16,0.000019
3713,.........(.((.(((....)))....))..)...................((((......)))).,10,-4.179,19,0.000019
3714,.......(((.(..(((((...(......(((.........))))...)))))..).))).......,13,-4.178,42,0.000019
3715,.....(.....((((...........))))......)...(((...)))...((((......)))).,12,-4.178,10,0.000019
3716,.........(.((((.(((....)))))))..)...................((..........)).,10,-4.178,10,0.000019
3717,...((..(((.(......).)))..)).....(...)...(((...)))...((((......)))).,14,-4.177,26,0.000019
3718,.......(((.((((.(((....)))))))..))..)......((.....))((((......)))).,16,-4.177,14,0.000019
3719,...........((((.(.....)...))))....(.....)...........((((......)))).,10,-4.177,12,0.000019
3720,..((...))..((((.(((....)))))))..........................((...))....,11,-4.177,19,0.000019
3721,...((..(((.(......).)))..)).((.....))...((.....))...((((......)))).,14,-4.177,24,0.000019
3722,.........(.((((...........))))..)((.....))..........((((......)))).,11,-4.177,14,0.000019
3723,......(.((.((((...........))))..))..)......(((...)))((((......)))).,14,-4.176,22,0.000019
3724,..........((..(.....).))............((....))........((((......)))).,9,-4.176,25,0.000019
3725,.......(((.(..(((((.(........)......((....))....)))))..).))).......,12,-4.176,41,0.000019
3726,..............(((....))).....(....).....((.....))...((((......)))).,10,-4.176,18,0.000019
3727,..........(..((.....)).)................((.....))...((((......)))).,9,-4.176,17,0.000019
3728,..((...)).....(((....)))....((.........))..(((...)))((((......)))).,14,-4.175,32,0.000019
3729,..((...))....(((......)))...((.........))...........((((......)))).,11,-4.175,25,0.000019
3730,..........(..((((....)))).).............(((...)))...(((........))).,11,-4.175,22,0.000019
3731,..((...))..((((.(((....)))))))..........((.....))...((..(.....).)).,14,-4.175,9,0.000019
3732,...((.....))..((......)).....(((.........)))........((((......)))).,11,-4.175,27,0.000019
3733,.....(..((.(((.............)))..))..)...............((((......)))).,10,-4.174,18,0.000019
3734,............(((...........))).......((....))........((((......)))).,9,-4.174,16,0.000019
3735,...........((((...........))))..(...)...............(((........))).,8,-4.174,14,0.000019
3736,...((..(((.(..(((((...........(((.......))).....)))))..).))).))....,14,-4.174,43,0.000019
3737,............(.(((....)))..)..(((.........)))........((((......)))).,11,-4.174,25,0.000019
3738,........((...((((....)))).))........................((((......)))).,10,-4.174,23,0.000019
3739,..............((......))..(.........)...(((...)))...((((......)))).,10,-4.173,19,0.000019
3740,.........(.((((.((......))))))..)...(......)........((((......)))).,12,-4.173,10,0.000019
3741,...........(((((......))...)))..........((.....))...(((........))).,10,-4.173,12,0.000019
3742,...........((((((....)))...)))..........(((...)))....(((......)))..,12,-4.173,15,0.000019
3743,...........((((.(((....)))))))....(((..((..(((...))).).).))).......,15,-4.173,25,0.000019
3744,.....(..((.((((.(((....)))))))..))..)................(((......)))..,13,-4.173,12,0.000019
3745,...(((...((....)).)))......(((.........)))..........((((......)))).,12,-4.172,27,0.000019
3746,..........(.((.....))..)...(((.........)))..........((((......)))).,10,-4.172,22,0.000019
3747,......(.((.((((..((....)).))))..))..)...............(((........))).,12,-4.172,14,0.000019
3748,..........((((.....)).))..(.........)...((.....))...((((......)))).,11,-4.172,19,0.000019
3749,.......(((.(..(((((.(((...........)))(....).....)))))..).))).......,13,-4.171,44,0.000019
3750,.........(.((((((....))))...))..)....((.....))......((((......)))).,13,-4.171,23,0.000019
3751,..............(((....)))......(....)....((.....))...((((......)))).,10,-4.171,19,0.000019
3752,..((...))..((((...........))))....(.....)..((.....))((((......)))).,13,-4.171,19,0.000019
3753,...........((((.(((....)))))))....(.....)..........((........))....,10,-4.171,15,0.000019
3754,..((...)).....(((....)))...(((.........)))..........(((........))).,11,-4.17,28,0.000019
3755,.......(((.(..(((((..(.....(((.........)))).....)))))..).))).......,13,-4.17,39,0.000019
3756,..(((......((((..(......).))))...)))....(((...)))...((((......)))).,15,-4.17,12,0.000019
3757,..(((....(.((((..(......).))))..))))....(((...)))...((((......)))).,16,-4.17,14,0.000019
3758,..(.....)..((((...........))))..............(.....).((((......)))).,10,-4.169,14,0.000019
3759,...((..(((.((....)).)))..)).....(...)...(((...)))...((((......)))).,15,-4.169,26,0.000019
3760,.......(((.(..(((((....(............)...........)))))..).))).......,10,-4.169,37,0.000019
3761,..((...))..((((..((....)).))))..........((.....))...(((.(.....)))).,14,-4.169,9,0.000019
3762,.........(.((((.(.....)...))))..)...................((((......)))).,10,-4.169,13,0.000018
3763,......((((.((((..((....)).))))....(((...(..((.....)).)...)))..)))).,16,-4.169,28,0.000018
3764,...((..(((.(......).)))..))..........((.....))......((((......)))).,12,-4.169,30,0.000018
3765,.......(((.(..(((((.....(((..(.........)))).....)))))..).))).......,13,-4.169,38,0.000018
3766,...((..(((.((....)).)))..)).((.....))...((.....))...((((......)))).,15,-4.169,24,0.000018
3767,.....(..((.(..(((((........(((.........)))......)))))..).))..).....,12,-4.169,37,0.000018
3768,..((...))..((((...........))))..........((.....))...((..((...)).)).,12,-4.169,17,0.000018
3769,...........((((.(.(....)).))))......................((((......)))).,10,-4.168,8,0.000018
3770,..........(..((((....)))).).....(...)...............((((......)))).,10,-4.168,24,0.000018
3771,(.......)..((((...........))))..........(((...)))...((((......)))).,12,-4.168,10,0.000018
3772,...........((((.(((....))))))).(.((.....))).........((((......)))).,14,-4.168,8,0.000018
3773,.......(((.(......).))).....((.........))..(((...)))((((......)))).,13,-4.167,31,0.000018
3774,......((((.((((((....))))...))....(((....................)))..)))).,13,-4.167,35,0.000018
3775,......((((....(((((..........(((.........)))....))))).........)))).,12,-4.167,38,0.000018
3776,..((...)).(..((((....)))).).........................((((......)))).,11,-4.167,26,0.000018
3777,...........((((((....)))...)))...(..((....)).)......((((......)))).,13,-4.166,21,0.000018
3778,.......(....).(((....)))................((.....))...((((......)))).,10,-4.166,18,0.000018
3779,...((......((((..((....)).))))........))............((((......)))).,12,-4.166,10,0.000018
3780,..............(((....)))................((.....))...(((.((...))))).,10,-4.166,22,0.000018
3781,..............(((....)))................((.....))...((((.(...))))).,10,-4.166,19,0.000018
3782,...........((((((....))))...))......((....)).........(((......)))..,11,-4.166,23,0.000018
3783,..(((...(..((((..(......).)))).).)))....(((...)))...((((......)))).,16,-4.166,14,0.000018
3784,..(.....)..(((((......)...))))......((....))........((((......)))).,12,-4.165,18,0.000018
3785,........((.((((..((....)).))))..))(.....)...........((((......)))).,13,-4.165,11,0.000018
3786,......((((.((((.(((....)))))))..(.(((......((.....)).....))).))))).,17,-4.165,28,0.000018
3787,..((...))..((((..((....)).))))....(.....)..(((...)))((((......)))).,16,-4.164,17,0.000018
3788,...........((((...........))))..........((.....))..(((.....).))....,9,-4.164,17,0.000018
3789,...........((((..(......).))))......................(((........))).,8,-4.164,10,0.000018
3790,..(.....)..((((..((....)).))))..............((...)).((((......)))).,13,-4.163,12,0.000018
3791,..((...))..((((..((....)).))))....(((..((..((.....))..)).))).......,15,-4.163,29,0.000018
3792,..((...))..((((..((....)).))))..........(((...)))...((..((...)).)).,15,-4.162,15,0.000018
3793,...........(((.............)))..........((.....))...(((.((...))))).,10,-4.162,13,0.000018
3794,...........(((.............)))..........((.....))...((((.(...))))).,10,-4.162,10,0.000018
3795,.......(((.(......).)))....(((.........)))..........(((........))).,10,-4.162,27,0.000018
3796,.........(.((((.(((....)))))))..)..................((........))....,10,-4.162,16,0.000018
3797,...........((((...........))))......(...........)...(((........))).,8,-4.162,13,0.000018
3798,......(...)...(((....)))...(((.........)))..........((((......)))).,11,-4.162,24,0.000018
3799,..(.....)...(((((....)))).).............(((...)))...((((......)))).,13,-4.162,21,0.000018
3800,..(.....)...(((((....))).)).............(((...)))...((((......)))).,13,-4.162,21,0.000018
3801,.....(((((.(..(((((.................((....))....)))))..).)))....)).,13,-4.162,42,0.000018
3802,...........((((.(.......).))))....(.....)...........((((......)))).,10,-4.162,11,0.000018
3803,..((...))...(((.(((....)))))).......((....))........((((......)))).,14,-4.161,14,0.000018
3804,..((...))..((((.(((....)))))))..(...)...............(((........))).,13,-4.161,12,0.000018
3805,...((..(((.((....)).)))..))..........((.....))......((((......)))).,13,-4.161,30,0.000018
3806,.........(.(((..(((....))).)))..).......(((...)))...(((........))).,13,-4.161,8,0.000018
3807,...........((((..((....)).))))......((....))........((..(.....).)).,11,-4.161,15,0.000018
3808,...........((((.(((....)))))))..........((.....))....((.((...))))..,13,-4.161,7,0.000018
3809,...........((((.(((....)))))))..........((.....))....(((.(...))))..,13,-4.161,4,0.000018
3810,...........(((..(((....))).))).......................(((......)))..,9,-4.161,8,0.000018
3811,..............(((....)))................(.......)...((((......)))).,8,-4.16,19,0.000018
3812,...........((((.(((....)))))))....(.....)...........(((.(.....)))).,12,-4.16,8,0.000018
3813,..(.....).....(((....)))....(.......)...(((...)))...((((......)))).,12,-4.16,22,0.000018
3814,..((...))..((((..((....)).))))...((.....))..........(((........))).,13,-4.159,14,0.000018
3815,.......(((.((....)).))).....((.........))..(((...)))((((......)))).,14,-4.159,31,0.000018
3816,..(.....)..((((..((....)).))))..........((.....))..((...)).........,11,-4.158,15,0.000018
3817,...........((((..((....)).))))..........(((...)))..(((.....).))....,12,-4.158,15,0.000018
3818,.........(.((((((....)))...)))..)....((.....))......((((......)))).,13,-4.157,21,0.000018
3819,...((........((((....))))))...(((.......))).........((((......)))).,13,-4.157,27,0.000018
3820,.....(.(((.((.(((((........(((.........)))......))))).)).)))....)..,14,-4.157,38,0.000018
3821,...........(((.............)))..........(.......)...((((......)))).,8,-4.157,10,0.000018
3822,.......(((.((.(((((.......(.........)...........))))).)).))).......,11,-4.157,37,0.000018
3823,..........(..((((....)))).).........(...........)...((((......)))).,10,-4.157,23,0.000018
3824,...........((((...........))))...........((......)).((((......)))).,10,-4.156,13,0.000018
3825,............((((......))).)..(((.........)))........((((......)))).,11,-4.156,24,0.000018
3826,............((((......)).))..(((.........)))........((((......)))).,11,-4.156,24,0.000018
3827,..((...))..((((.((......)))))).............(((...)))((((......)))).,15,-4.156,16,0.000018
3828,..........(..((((....)))).)(.((((.......)))).)......((((......)))).,14,-4.155,28,0.000018
3829,...........((((.(((....)))))))....(.....)..(((...))).(((......)))..,14,-4.155,13,0.000018
3830,...........((((.(((....)))))))..........(.......)....(((......)))..,11,-4.155,4,0.000018
3831,...((......((((.(((....)))))))......((....))...))...((((......)))).,15,-4.155,10,0.000018
3832,..........(..((((....)))).).........((....))........(((........))).,10,-4.154,28,0.000018
3833,.......(((.((....)).)))....(((.........)))..........(((........))).,11,-4.154,27,0.000018
3834,.......(((.((.(((((..((....((...........)).))...))))).)).))).......,14,-4.154,40,0.000018
3835,..(.....)..((((...........))))....((..............))((((......)))).,11,-4.154,16,0.000018
3836,...........((((.(((....)))))))......((....))....(..(((.....).))..).,13,-4.154,19,0.000018
3837,...(...)...((((((....))))...))......................((((......)))).,11,-4.154,19,0.000018
3838,.......(((.((.(((((..((.(((.............))).))..))))).)).))).......,15,-4.154,41,0.000018
3839,...........((((...........))))....(.....)...........(((.((...))))).,10,-4.154,16,0.000018
3840,...........((((...........))))....(.....)...........((((.(...))))).,10,-4.154,13,0.000018
3841,..((...))....((((....))))..(((..(...)..)))..........((((......)))).,14,-4.154,28,0.000018
3842,......((((.((((((....)))...)))....(((....................)))..)))).,13,-4.154,33,0.000018
3843,.........(.((((.(.......).))))..)...................((((......)))).,10,-4.153,12,0.000018
3844,..(.....)..((((.(((....))))))).............(((...)))(((........))).,14,-4.153,14,0.000018
3845,..((...))..(((..(((....))).))).....((...........))..((((......)))).,14,-4.153,13,0.000018
3846,...........((((.(((....))))))).....(((....))..).....((((......)))).,14,-4.152,10,0.000018
3847,....................((.............))...(((...)))...((((......)))).,9,-4.152,20,0.000018
3848,...........((((((....)))...)))......((....)).........(((......)))..,11,-4.152,21,0.000018
3849,...(...)...((((..((....)).)))).............((.....))((((......)))).,13,-4.152,12,0.000018
3850,.........(.((((.(((....)))))))..)...................(((.(.....)))).,12,-4.152,9,0.000018
3851,..((...))..((((.(((....)))))))..........((.....))..(((.....).))....,14,-4.152,15,0.000018
3852,......((.(((.((.(((....)))...((((.......))))....)).))).))..........,14,-4.151,32,0.000018
3853,...........(((..((......)).)))...((.....))..........((((......)))).,11,-4.151,10,0.000018
3854,...((..(((..........)))..))(((.........)))..........((((......)))).,12,-4.151,27,0.000018
3855,.......(((.((.(((((...(.(((.............)))..)..))))).)).))).......,14,-4.151,39,0.000018
3856,.........(.((((.(((....)))))))..).......(((...)))...(((..(...).))).,15,-4.151,8,0.000018
3857,......(...)((((...........))))..........((.....))...((((......)))).,11,-4.15,8,0.000018
3858,.......(((.((..((((........((...........))......))))..)).))).......,11,-4.15,36,0.000018
3859,..(.....)..((((.(((....)))))))....((((....))......))((((......)))).,16,-4.15,14,0.000018
3860,....((..((.((((..((....)).))))..))..))..((.....))...(((........))).,15,-4.15,12,0.000018
3861,..((...))..((((.(((....)))))))......(...........)...(((........))).,13,-4.15,11,0.000018
3862,..(((........((((....))))........)))((....))........((((......)))).,13,-4.15,31,0.000018
3863,...((..(((.((((.(((....)))))))..))..).))(((...)))...((((......)))).,19,-4.149,12,0.000018
3864,...........((((.(((....))))))).(..........).........((((......)))).,12,-4.149,6,0.000018
3865,.....(....)..((((....))))...............(((...)))...((((......)))).,12,-4.149,21,0.000018
3866,...........(((..(((....))).)))...((.....)).(((...)))((((......)))).,15,-4.148,14,0.000018
3867,..((...))...(((..((....)).)))((((.......))))........((((......)))).,15,-4.148,17,0.000018
3868,(.......)..((((...........))))......((....))........((((......)))).,11,-4.147,16,0.000018
3869,..(.....)..((((.(((....)))))))....(((...(((...)))..((...))....)))..,16,-4.147,18,0.000018
3870,...........((((..((....)).))))......(((.....))..)...((((......)))).,13,-4.147,11,0.000018
3871,.....(...)....((......)).....((((.......))))........((((......)))).,11,-4.147,27,0.000018
3872,.........(.((((.(((....)))))))..)..........(((...))).(((......)))..,14,-4.147,14,0.000018
3873,..(.....)..((((..((....)).))))..........((.....)).......((...))....,11,-4.147,15,0.000018
3874,....((((((.(..(((((...(...)..((((.......))))....)))))..).)))....))),17,-4.146,46,0.000018
3875,.........(.((((...........))))..)...................(((.((...))))).,10,-4.146,17,0.000018
3876,.........(.((((...........))))..)...................((((.(...))))).,10,-4.146,14,0.000018
3877,...........(.((((((.(.((.....((((.......)))).......))..).)).)))).).,14,-4.145,39,0.000018
3878,......(...)((((..((....)).))))..........(((...)))...((((......)))).,14,-4.144,6,0.000018
3879,.......(((.(..(((((.(((...........)))....(....).)))))..).))).......,13,-4.144,43,0.000018
3880,.......(((.(..(((((..........((((.......))))....)))).).).))).......,13,-4.143,41,0.000018
3881,...((..(((.((.(((((..(.....(((.........)))...)..))))).)).))).))....,16,-4.143,42,0.000018
3882,..((...))..((((.(((....)))))))...........((......)).((((......)))).,15,-4.143,11,0.000018
3883,..(.....)..((((.(((....))))))).(...)................((((......)))).,13,-4.142,8,0.000018
3884,......(.....)((((....))))...((.........))...........((((......)))).,11,-4.142,23,0.000018
3885,.........(.(((..(((....))).)))..)...(...........)...((((......)))).,12,-4.142,9,0.000018
3886,..............(((....)))....((.........))............(((......)))..,8,-4.142,24,0.000018
3887,..((...))..((((..((....)).))))......((....))........((..((...)).)).,14,-4.142,21,0.000018
3888,.....(((((.(..(((((........(.((((.......)))).)..)))))..).)))....)).,16,-4.142,44,0.000018
3889,..(.....)...(((((....))).)).........((....))........((((......)))).,12,-4.141,27,0.000018
3890,..(.....)...(((((....)))).).........((....))........((((......)))).,12,-4.141,27,0.000018
3891,...........((((..((....)).))))............(....)....((((......)))).,11,-4.141,7,0.000018
3892,..((...))..((((.(((....)))))))....(.....)...........(((.((...))))).,15,-4.141,14,0.000018
3893,..((...))..((((.(((....)))))))....(.....)...........((((.(...))))).,15,-4.141,11,0.000018
3894,...(...)...((((((....)))...)))......................((((......)))).,11,-4.141,17,0.000018
3895,..............((......))....((.........))..(((...)))((((......)))).,11,-4.14,27,0.000018
3896,..........((.((.....))))...(((..(...)..)))..........((((......)))).,12,-4.14,25,0.000018
3897,..(.....)..(((..(((....))).)))..........((.....))...(((.((...))))).,14,-4.14,9,0.000018
3898,..(.....)..(((..(((....))).)))..........((.....))...((((.(...))))).,14,-4.14,6,0.000018
3899,.........(.(((..(((....))).)))..)...((....))........(((........))).,12,-4.14,14,0.000018
3900,..........((((.....)).))....((.........))..((.....))((((......)))).,12,-4.139,27,0.000018
3901,.....(((((.((.(((((.........((.........)).......))))).)).)))....)).,14,-4.139,39,0.000018
3902,........((.((((...........))))..)).........(((...)))((((......)))).,13,-4.139,20,0.000018
3903,..(.....)..((((.(((....)))))))...........(.....)....((((......)))).,13,-4.138,4,0.000018
3904,...((..(((.(..(((((.(((...........)))((.....))..)))))..).))).))....,16,-4.137,49,0.000018
3905,...........((((..((....)).))))......((....)).......(((.....).))....,11,-4.137,21,0.000018
3906,...........((((.(((....)))))))..............(.....).(((........))).,11,-4.137,8,0.000018
3907,...........((((.(........)))))..(...)...((.....))...((((......)))).,12,-4.137,6,0.000018
3908,..((....((.((((((....))...))))..))))....((.....))...((((......)))).,16,-4.137,17,0.000018
3909,...........((((...........))))(....)....((.....))...((((......)))).,11,-4.137,8,0.000018
3910,...((..(((.(..(((((..((......((((.......))))))..)))))..).))).))....,17,-4.137,48,0.000018
3911,.......(((.(((..(((....))).)))..))..)...(((...)))...((((......)))).,16,-4.136,10,0.000018
3912,..............(.....)......(((.........)))..........((((......)))).,8,-4.136,20,0.000017
3913,...(...(((.(..(((((.....(((.............))).....)))))..).)))..)....,13,-4.136,38,0.000017
3914,...(.......)..(((....)))....((.........))...........((((......)))).,10,-4.136,23,0.000017
3915,..((...))..((((((....))))...)).............((.....))((((......)))).,14,-4.135,25,0.000017
3916,..............((......))...(((.........)))..........(((........))).,8,-4.135,23,0.000017
3917,......((((((..(((((.....(((.............))).....)))))...))....)))).,14,-4.135,38,0.000017
3918,..(.....)..(((..(((....))).)))..........(.......)...((((......)))).,12,-4.134,6,0.000017
3919,......((((.(..(((((........(((..(...)..)))......)))))..).))).).....,14,-4.134,41,0.000017
3920,........((.((((..((....)).))))..))..................(((........))).,11,-4.134,12,0.000017
3921,..((...))(.((((...........))))..)...................((((......)))).,11,-4.134,16,0.000017
3922,.................((....))....((((.......))))........((((......)))).,10,-4.134,19,0.000017
3923,...((...((...((((....)))).))...))...................((((......)))).,12,-4.134,27,0.000017
3924,..(.....)..((((.(((....)))))))....(((..(...............).))).......,12,-4.134,21,0.000017
3925,..(.....)..((((.(((....)))))))..........(((...)))..................,11,-4.134,12,0.000017
3926,.......(((.(..((....(((...........)))...((.....))..))..).))).......,11,-4.133,36,0.000017
3927,..........((((.....)).))..((.......))...............((((......)))).,10,-4.133,24,0.000017
3928,.......(((.((.(((((.........(.......)...........))))).)).))).......,11,-4.133,37,0.000017
3929,..........((.((.....))))..((.......))...(((...)))...((((......)))).,13,-4.133,22,0.000017
3930,..((...))..((((..(......).))))..(...)...((.....))...((((......)))).,14,-4.133,10,0.000017
3931,......(.((.(((.............)))..))..)...............((((......)))).,10,-4.132,18,0.000017
3932,...(((..((.((((..((....)).))))..))..).))............((((......)))).,15,-4.132,16,0.000017
3933,...(((..((.((((..((....)).))))..))..)).)............((((......)))).,15,-4.132,16,0.000017
3934,...........((((..((....)).))))....(.....)............(((......)))..,10,-4.131,9,0.000017
3935,.....(....)((((((....))))...))..........(((...)))...((((......)))).,14,-4.131,17,0.000017
3936,..(.....)..((((..((....)).))))..(...)...((.....))...(((........))).,13,-4.131,8,0.000017
3937,...........((((...........))))...((.....))...........(((......)))..,9,-4.13,14,0.000017
3938,...........((((..((....)).))))(....)....(((...)))...((((......)))).,14,-4.13,6,0.000017
3939,......(.((.((((.(((....)))))))..))..)................(((......)))..,13,-4.13,12,0.000017
3940,.......(((.(..(((((...((................))......)))))..).))).......,11,-4.13,37,0.000017
3941,.........(.((((.(((....)))))))..)...((....))........(((..(...).))).,14,-4.13,14,0.000017
3942,......(((..((((.(((....)))))))....(((....................)))...))).,13,-4.13,21,0.000017
3943,.......(.(.((((..((....)).))))..)...)...............((((......)))).,12,-4.129,10,0.000017
3944,..........(((((.(((....)))))))....).((....))........((((......)))).,14,-4.129,10,0.000017
3945,.....(....)..((((....))))...........((....))........((((......)))).,11,-4.128,27,0.000017
3946,..((...))....((((....))))....((((.......))))........(((........))).,13,-4.127,32,0.000017
3947,.....(..((.((.(((....)))....))..))..)...((.....))...((((......)))).,14,-4.127,19,0.000017
3948,......(.((.(..(((((........(((.........)))......)))))..).))..).....,12,-4.126,37,0.000017
3949,.............((.....)).......((((.......))))........((((......)))).,10,-4.126,25,0.000017
3950,.....(...).((((.(((....))))))).............((.....))((((......)))).,14,-4.126,10,0.000017
3951,.....(....).........(((...........)))...(((...)))...((((......)))).,11,-4.126,24,0.000017
3952,...(...)...((((.(((....))))))).((.......))..........((((......)))).,14,-4.126,8,0.000017
3953,..............(((....))).....((((.......))))(.....).((((......)))).,12,-4.125,28,0.000017
3954,.....(..((.((((.(((....)))))))..))..)...((.....))...((..........)).,14,-4.125,10,0.000017
3955,..............(((....)))....((..(...)..))..((.....))((((......)))).,12,-4.125,28,0.000017
3956,....((.....((((.(((....)))))))......))..............((((......)))).,13,-4.125,8,0.000017
3957,..(.....).....(((....))).....((...........))........((((......)))).,10,-4.125,26,0.000017
3958,..((.......((((..((....)).))))....))................((((......)))).,12,-4.125,10,0.000017
3959,....((..((.((((.(((....)))))))..))..))..(((...)))...(((.((...))))).,19,-4.125,15,0.000017
3960,....((..((.((((.(((....)))))))..))..))..(((...)))...((((.(...))))).,19,-4.125,12,0.000017
3961,......((((.((((...........))))....(((...(((...)))........)))..)))).,14,-4.125,26,0.000017
3962,.....(((((.((..((((..((....(((.........))).))...))))..)).)))....)).,16,-4.125,43,0.000017
3963,..((...))..((((.(((....)))))))(....)....((.....))...((((......)))).,16,-4.124,6,0.000017
3964,.......(((.(..(((((...(...).((.........)).......)))))..).))).......,12,-4.124,38,0.000017
3965,..(((......((((((....))...))))...)))....((.....))...((((......)))).,15,-4.124,15,0.000017
3966,...........((((.(((....)))))))((....((....))))......((((......)))).,15,-4.123,12,0.000017
3967,......(...)((((..((....)).))))......((....))........((((......)))).,13,-4.123,12,0.000017
3968,..(((....(.((((((....))...))))..))))....((.....))...((((......)))).,16,-4.123,17,0.000017
3969,...........((((...........)))).....(.............)..((((......)))).,9,-4.123,12,0.000017
3970,...........((((...........))))......(.(......)..)...((((......)))).,10,-4.123,13,0.000017
3971,..((...)).....(((....))).........((.....))..........((((......)))).,11,-4.123,27,0.000017
3972,.........(.((((..((....)).))))..)....................(((......)))..,10,-4.123,10,0.000017
3973,.........(.((((.((......))))))..).......(((...)))...(((........))).,13,-4.122,8,0.000017
3974,...........((((.(((....)))))))....((..............))(((........))).,12,-4.122,10,0.000017
3975,..(.....)..((((..((....)).))))........(.....).......((((......)))).,12,-4.122,10,0.000017
3976,...........((((.((......)))))).......................(((......)))..,9,-4.122,8,0.000017
3977,...........((((.(((....))))))).............((.....))((..((...)).)).,13,-4.122,15,0.000017
3978,..((...))..((((((....)))...))).............((.....))((((......)))).,14,-4.122,23,0.000017
3979,.......(((..........))).............................((((......)))).,7,-4.121,24,0.000017
3980,..........(..((((....)))).)....((.......))..........((((......)))).,11,-4.121,24,0.000017
3981,...........((((..((....)).))))...........(....).....((((......)))).,11,-4.12,7,0.000017
3982,..((...))..(((.............)))...((.....))..........((((......)))).,11,-4.12,18,0.000017
3983,..(((...(..((((((....))...)))).).)))....((.....))...((((......)))).,16,-4.119,17,0.000017
3984,......(...)..((((....))))....((((.......))))........((((......)))).,13,-4.119,28,0.000017
3985,........((.(..(((((........(((..(...)..)))......)))))..).))........,12,-4.119,37,0.000017
3986,.............(((......)))..(((..(...)..)))..........((((......)))).,11,-4.119,23,0.000017
3987,...........((((((....))))...))......................(((.((...))))).,11,-4.119,22,0.000017
3988,...........((((((....))))...))......................((((.(...))))).,11,-4.119,19,0.000017
3989,......((((.((((..(......).))))....(((..((..((.....))..)).)))..)))).,16,-4.118,31,0.000017
3990,..((...))..((((.(((....)))))))...((.....))...........(((......)))..,14,-4.118,12,0.000017
3991,.....(....)((((((....)))...)))..........(((...)))...((((......)))).,14,-4.117,15,0.000017
3992,...........((((.(((....))))))).(....((....)).)......((((......)))).,14,-4.117,10,0.000017
3993,.....(..((.((((.(.....)...))))..))..)...((.....))...((((......)))).,14,-4.117,13,0.000017
3994,.........(.(..(((((.....((.(((.........)))..))..)))))..).).........,12,-4.117,35,0.000017
3995,..((...))..((((.(........)))))......................((((......)))).,11,-4.116,12,0.000017
3996,...........((((..((....)).)))).............((.....))(((.((...))))).,13,-4.116,15,0.000017
3997,...........((((..((....)).)))).............((.....))((((.(...))))).,13,-4.116,12,0.000017
3998,.....(.(((.(..(((((..........((((.......))))....)))))..).))).....).,14,-4.116,42,0.000017
3999,..((....((.((((...........))))..))))....((.....))...(((........))).,13,-4.116,16,0.000017
4000,...........((((.(((....))))))).....((....(.....)))..((((......)))).,14,-4.116,5,0.000017
4001,..........((..........))....((.....))...(((...)))...((((......)))).,11,-4.116,20,0.000017
4002,(...)......((((...........))))..........((.....))...((((......)))).,11,-4.116,8,0.000017
4003,...........((((((....))...)))).............(((...)))((((......)))).,13,-4.116,19,0.000017
4004,...........((((.(((....)))))))....(((..(((.....))......).))).......,13,-4.116,15,0.000017
4005,..((...))..((((.((......)))))).....((...........))..((((......)))).,14,-4.115,13,0.000017
4006,.......(((.(......).)))..........((.....))..........((((......)))).,10,-4.115,26,0.000017
4007,..((...))..(((((......)...))))..........(((...)))...((((......)))).,14,-4.115,14,0.000017
4008,.......(((.(..(((..........(((.........)))........)))..).))).......,10,-4.114,36,0.000017
4009,..(.....)..((((.(((....))))))).............(.......)((((......)))).,13,-4.114,8,0.000017
4010,...........(((..(((....))).)))..........((.....))...((..........)).,10,-4.113,6,0.000017
4011,..........((.((.....)))).....((((.......))))........(((........))).,11,-4.113,29,0.000017
4012,...((......((((..((....)).))))........))((.....))...((((......)))).,14,-4.113,6,0.000017
4013,..............(((....)))..((.......))...((.....))...(((........))).,10,-4.113,21,0.000017
4014,..(.....)..((((.(((....)))))))......((....)).......................,10,-4.113,18,0.000017
4015,..(.....)..((((.(((....))))))).....((...........))..(((........))).,13,-4.113,11,0.000017
4016,...((.....))..(((....)))....(.......)...((.....))...((((......)))).,12,-4.112,21,0.000017
4017,.......(....)((((....))))...((.........))...........((((......)))).,11,-4.112,23,0.000017
4018,...........((((.(((....)))))))......((....))....((....))((...))....,13,-4.112,20,0.000017
4019,..(.....).((..........))...(((.........)))..........((((......)))).,10,-4.111,23,0.000017
4020,...........((.(.(((....)))).))......................((((......)))).,10,-4.111,6,0.000017
4021,............((.((....))..)).............(((...)))...((((......)))).,11,-4.111,19,0.000017
4022,......((((.(..(((((..........((((.......))))....)))))..).)))....)..,14,-4.111,42,0.000017
4023,...((..(((.(..(((((.....((...((((.......))))))..)))))..).))).))....,17,-4.11,46,0.000017
4024,..((...))..((((.(((....))))))).....(.............)..((((......)))).,14,-4.11,10,0.000017
4025,.........(.((((..(....)...))))..).......((.....))...((((......)))).,12,-4.11,9,0.000017
4026,.....(..((.((((.(((....)))))))..))..)...((.....))..((........))....,14,-4.11,16,0.000017
4027,..((...))..((((.(((....)))))))......(.(......)..)...((((......)))).,15,-4.11,11,0.000017
4028,....((..((.(((.............)))..))..))..((.....))...((((......)))).,13,-4.11,16,0.000017
4029,...........((((.((......))))))...((.....)).(((...)))((((......)))).,15,-4.11,14,0.000017
4030,....((((((.((.(((((........(((..(...)..)))......))))).)).)))....))),17,-4.11,43,0.000017
4031,...(.(..((.((((.(((....)))))))..))..)..)............((((......)))).,15,-4.11,12,0.000017
4032,..((....((.((((..((....)).))))..))))....(((...)))...(((........))).,16,-4.11,14,0.000017
4033,.....(....)((((((....))))...))......((....))........((((......)))).,13,-4.11,23,0.000017
4034,..(.....)..((((.(((....)))))))....(((..(...((.....))...).))).......,14,-4.11,25,0.000017
4035,(...)......((((..((....)).))))..........(((...)))...((((......)))).,14,-4.11,6,0.000017
4036,...........((((.(((....)))))))..(.(((..((..(((...)))..)).))).).....,16,-4.108,27,0.000017
4037,......(.((...((((....)))).)).)......................((((......)))).,11,-4.108,24,0.000017
4038,....((..((.((((.(((....)))))))..))..))..((.....))....(((......)))..,16,-4.108,10,0.000017
4039,.......(.(.((((.(((....)))))))....).)......(((...)))((((......)))).,16,-4.108,14,0.000017
4040,.............((((....)))).......(...)...(((...)))...((((......)))).,12,-4.108,21,0.000017
4041,.......(((.((....)).)))..........((.....))..........((((......)))).,11,-4.107,26,0.000017
4042,......((((.(..(((((..((....(((.........))).))...)))))..).)).....)).,15,-4.107,41,0.000017
4043,...........((((.(((....)))))))..........((.....))......(......)....,10,-4.106,6,0.000017
4044,...........((((..((....)).))))..........((.....))..(.....).........,9,-4.106,12,0.000017
4045,......((.(((..(((....))).....((((.......)))).......))).))..........,12,-4.105,40,0.000017
4046,..(.....)..((((.(((....)))))))..(...)...(((...)))...(((.((...))))).,17,-4.105,11,0.000017
4047,..(.....)..((((.(((....)))))))..(...)...(((...)))...((((.(...))))).,17,-4.105,8,0.000017
4048,...........((((((....)))...)))......................(((.((...))))).,11,-4.105,20,0.000017
4049,...........((((((....)))...)))......................((((.(...))))).,11,-4.105,17,0.000017
4050,..........(..((((....)))).).((.........))..((.....))((((......)))).,13,-4.105,27,0.000017
4051,..........(..((((....)))).)..((((.......))))........((..........)).,11,-4.105,31,0.000017
4052,.....(....)((((.(((....)))))))..........((.....))...(((.((...))))).,15,-4.105,7,0.000017
4053,.....(....)((((.(((....)))))))..........((.....))...((((.(...))))).,15,-4.105,4,0.000017
4054,.....(....)(((..(((....))).)))......................((((......)))).,11,-4.105,8,0.000017
4055,..(.....)..((((((....))))...))......(......)........((((......)))).,12,-4.104,21,0.000017
4056,............(((..((....)).))).......................((((......)))).,9,-4.104,8,0.000017
4057,.....(.(((.(..(((((.....((.(((.........)))..))..)))))..).))).).....,15,-4.104,41,0.000017
4058,.........(.((((.((......))))))..)...(...........)...((((......)))).,12,-4.104,9,0.000017
4059,...((..(((...((((....)))).)).).)).......((.....))...((((......)))).,15,-4.104,24,0.000017
4060,........((...(((......))).)).(((.........)))........((((......)))).,12,-4.103,26,0.000017
4061,............((.....))........(((.........)))........((((......)))).,9,-4.103,24,0.000017
4062,.....(((((.(..(((((..((....................))...)))))..).)))....)).,13,-4.103,42,0.000017
4063,..(((......((((...........))))...)))....((.....))...(((........))).,12,-4.103,14,0.000017
4064,..(((....(.((((...........))))..))))....((.....))...(((........))).,13,-4.103,16,0.000017
4065,...........((((.(((....))))))).....(....((.....)))..((((......)))).,14,-4.103,2,0.000017
4066,.........(.((((((....))))...))..).......((.....))...(((........))).,12,-4.102,17,0.000017
4067,..(.....)..((((.((......))))))..........((.....))...(((.((...))))).,14,-4.102,9,0.000017
4068,..(.....)..((((.((......))))))..........((.....))...((((.(...))))).,14,-4.102,6,0.000017
4069,.........(.((((.((......))))))..)...((....))........(((........))).,12,-4.102,14,0.000017
4070,..(.....)..(((..((......)).)))......................((((......)))).,10,-4.102,10,0.000017
4071,.....(..((.((((.(.......).))))..))..)...((.....))...((((......)))).,14,-4.101,12,0.000017
4072,..((...........))...(((...........)))...............((((......)))).,9,-4.101,27,0.000016
4073,...((........(((......)))......)).......((.....))...((((......)))).,11,-4.101,20,0.000016
4074,...((..(((.(..(((((.....((.(((..(...)..)))..))..)))))..).))).))....,17,-4.101,44,0.000016
4075,...........(((((......)))...)).............((.....))((((......)))).,11,-4.1,20,0.000016
4076,...((..(((.(......).)))..)).............((.....))...(((........))).,11,-4.1,24,0.000016
4077,...(...)...((((.(((....))))))).......(....).........((((......)))).,13,-4.1,8,0.000016
4078,.....(..((.((((.(((....)))))))..))..)...((.....))...(((.(.....)))).,16,-4.1,9,0.000016
4079,.............((((....))))............((.....))......((((......)))).,10,-4.1,25,0.000016
4080,..............(((....)))..((.(....)))...((.....))...((((......)))).,12,-4.099,20,0.000016
4081,.........(.((((.(((....)))))))..)...(......)........(((........))).,12,-4.099,10,0.000016
4082,.....(....)((((.(((....)))))))..........(.......)...((((......)))).,13,-4.099,4,0.000016
4083,.........(.((((...(....)..))))..).......(((...)))...((((......)))).,13,-4.099,8,0.000016
4084,..(.....)..((((.(((....)))))))......((....))....((....))...........,12,-4.099,19,0.000016
4085,...........((((.(((....)))))))....(((......((.....))..........)))..,12,-4.099,19,0.000016
4086,...........((((..(......).))))..(.......)...........((((......)))).,10,-4.098,9,0.000016
4087,..(((...(..((((...........)))).).)))....((.....))...(((........))).,13,-4.098,16,0.000016
4088,...........(((..(((....))).)))..........((.....))..((........))....,10,-4.098,12,0.000016
4089,..((...))..((((...........))))..............(.....).((((......)))).,11,-4.098,16,0.000016
4090,.......(((.((((.((......))))))..))..)...(((...)))...((((......)))).,16,-4.098,10,0.000016
4091,..(.....).....((......))..((.......))...((.....))...((((......)))).,11,-4.097,20,0.000016
4092,..(.....)..((((.(((....))))))).......((.....))......(((.((...))))).,15,-4.097,15,0.000016
4093,..(.....)..((((.(((....))))))).......((.....))......((((.(...))))).,15,-4.097,12,0.000016
4094,...........((((.(((....)))))))..(...)((.....))......((((......)))).,14,-4.097,10,0.000016
4095,..............(((((........(((.........)))......)))))..............,8,-4.097,31,0.000016
4096,..(((......((((..((....)).))))...)))....(((...)))...(((........))).,15,-4.096,12,0.000016
4097,..(((....(.((((..((....)).))))..))))....(((...)))...(((........))).,16,-4.096,14,0.000016
4098,.....(....)((((((....)))...)))......((....))........((((......)))).,13,-4.096,21,0.000016
4099,..(.....)..((((.((......))))))..........(.......)...((((......)))).,12,-4.096,6,0.000016
4100,.......(((.(...((((........(((.........)))......))))...).))).......,11,-4.096,37,0.000016
4101,...((.....)).((((....)))).((.......))...(((...)))...((((......)))).,15,-4.095,24,0.000016
4102,......(.....).......(((...........)))...((.....))...((((......)))).,10,-4.095,21,0.000016
4103,...........((((.(((....)))))))(..............)......((((......)))).,12,-4.095,6,0.000016
4104,..............(((....))).(.(((.........)))..).......((((......)))).,11,-4.095,23,0.000016
4105,..(.....)..((((.(((....)))))))........(...).........((((......)))).,13,-4.095,8,0.000016
4106,...........((((.(((....)))))))....(((...(((...)))..(.....)....)))..,14,-4.095,15,0.000016
4107,...........((((...........)))).............(((...)))(((........))).,10,-4.095,18,0.000016
4108,.......(((.(..(((((..(..(((.(.......)...)))..)..)))))..).))).......,14,-4.095,40,0.000016
4109,..((...........))............((((.......))))........((((......)))).,10,-4.095,26,0.000016
4110,........((.(((.............)))..))..................((((......)))).,9,-4.094,16,0.000016
4111,...........((((..((....)).))))..........((.....)).......(.....)....,9,-4.094,11,0.000016
4112,..(.....).....(((....)))........(...)...((.....))...((((......)))).,11,-4.094,21,0.000016
4113,..((...))..(((((......)...))))......((....))........((((......)))).,13,-4.094,20,0.000016
4114,...........((((.(((....)))))))....(((...(..((.....)).)...))).......,13,-4.094,22,0.000016
4115,.....(..((.((((...........))))..))..)...((.....))...(((.((...))))).,14,-4.093,17,0.000016
4116,.....(..((.((((...........))))..))..)...((.....))...((((.(...))))).,14,-4.093,14,0.000016
4117,...........((((.(((....)))))))..........(((((.............)))))....,12,-4.093,19,0.000016
4118,.....(..((.((((.(((....)))))))..))..)...(((...)))...((..((...)).)).,17,-4.093,15,0.000016
4119,........((.((((.(((....)))))))..))...................(((......)))..,12,-4.093,10,0.000016
4120,...((..(((.((....)).)))..)).............((.....))...(((........))).,12,-4.092,24,0.000016
4121,..(((...(..((((..((....)).)))).).)))....(((...)))...(((........))).,16,-4.092,14,0.000016
4122,.............(((......)))....((((.......))))........(((........))).,10,-4.092,27,0.000016
4123,..((...))..((((..((....)).))))..............((...)).((((......)))).,14,-4.092,14,0.000016
4124,...........((((...........))))....((((....))......))((((......)))).,12,-4.091,18,0.000016
4125,.......(((.(..(((((.....(..(((.........)))...)..)))))..).))).......,13,-4.091,38,0.000016
4126,.......(((..(....)..)))......((((.......))))........((((......)))).,12,-4.091,29,0.000016
4127,..(.....)..((((((....)))...)))......(......)........((((......)))).,12,-4.091,19,0.000016
4128,..((...))...(((((....))).)).............(((...)))...((((......)))).,14,-4.091,23,0.000016
4129,..((...))...(((((....)))).).............(((...)))...((((......)))).,14,-4.091,23,0.000016
4130,..(.....)..(((.............)))..(...)...((.....))...((((......)))).,11,-4.091,12,0.000016
4131,...(...(((.(......).)))).....((((.......))))........((((......)))).,13,-4.091,30,0.000016
4132,...........((((.(((....))))))).((.......))..........(((.((...))))).,14,-4.09,11,0.000016
4133,...........((((.(((....))))))).((.......))..........((((.(...))))).,14,-4.09,8,0.000016
4134,............((.((....))..)).........((....))........((((......)))).,10,-4.09,25,0.000016
4135,...........((((((....))))...))...((.....)).((.....))((((......)))).,14,-4.09,23,0.000016
4136,..........(..((((....)))).)..((((.......)))).......((........))....,11,-4.09,37,0.000016
4137,.......(((.((.(((((......(.(((..(...)..)))).....))))).)).))).......,15,-4.089,40,0.000016
4138,.............((((....))))...(.......)...............((((......)))).,9,-4.089,22,0.000016
4139,..........(..((((....)))).)...((.((.....))..))......((((......)))).,13,-4.089,28,0.000016
4140,..........(..((((....)))).)................(((...)))((((......)))).,12,-4.089,28,0.000016
4141,..(.....)..((((.(((....)))))))..(...)...((.....))....(((......)))..,14,-4.089,6,0.000016
4142,(...)......((((..((....)).))))......((....))........((((......)))).,13,-4.089,12,0.000016
4143,.........(.((((((....)))...)))..).......((.....))...(((........))).,12,-4.089,15,0.000016
4144,...........((((...........))))....(((...(((...)))..((...))....)))..,12,-4.089,22,0.000016
4145,..((...)).....(((....)))....(.......)...(((...)))...((((......)))).,13,-4.088,24,0.000016
4146,...((....(.((((.(((....)))))))..)...((....))...))...((((......)))).,16,-4.088,12,0.000016
4147,.....(..((.((((...........))))..))..)...(.......)...((((......)))).,12,-4.088,14,0.000016
4148,..............(((....)))...(.((((.......))))).......((((......)))).,12,-4.088,27,0.000016
4149,..(.....)..((((.(((....)))))))..(.......)..(((...)))((((......)))).,16,-4.088,13,0.000016
4150,..............((......)).........((.....))..........((((......)))).,8,-4.088,22,0.000016
4151,...((.....))........(((...........)))...............((((......)))).,9,-4.088,27,0.000016
4152,.....(.....((((..((....)).))))......)...............((((......)))).,11,-4.088,8,0.000016
4153,...........(((..(((....))).)))..........((.....))...(((.(.....)))).,12,-4.088,5,0.000016
4154,...........((((.(((....))))))).......................(.....).......,8,-4.087,13,0.000016
4155,.....(..((.((((..((....)).))))..))..)...(((...)))...(((.((...))))).,17,-4.087,15,0.000016
4156,.....(..((.((((..((....)).))))..))..)...(((...)))...((((.(...))))).,17,-4.087,12,0.000016
4157,..(.....)..((((.(((....)))))))....(................)((((......)))).,13,-4.087,8,0.000016
4158,...(...(((.((.(((((..((....(((.........))).))...))))).)).)))..)....,16,-4.087,42,0.000016
4159,.........(.((((.(.(....).)))))..).......((.....))...((((......)))).,13,-4.087,4,0.000016
4160,..((...))..((((..((....)).))))..........((.....))..((...)).........,12,-4.087,17,0.000016
4161,..(.....)..((((.(((....)))))))....(((......(((...))).....))).......,14,-4.087,26,0.000016
4162,...........(((((......))...))).............((.....))((((......)))).,11,-4.087,18,0.000016
4163,.......(((.((..((((...........(((.......))).....))))..)).))).......,12,-4.087,40,0.000016
4164,.....(...)....(((....)))................((.....))...((((......)))).,10,-4.086,19,0.000016
4165,...........((((.(((....)))))))..........((.....))..(.(.....)..)....,11,-4.086,10,0.000016
4166,...........((((.(((....)))))))...(.......).((.....))((((......)))).,14,-4.086,9,0.000016
4167,.....(...).(((..(((....))).)))..........(((...)))...((((......)))).,14,-4.085,6,0.000016
4168,......(.((.((.(((....)))....))..))..)...((.....))...((((......)))).,14,-4.085,19,0.000016
4169,..((((....)((((.(((....)))))))...)))....(((...)))...((((......)))).,18,-4.085,10,0.000016
4170,.......(((.(..(((((..(.....(.((((.......))))))..)))))..).))).......,15,-4.085,44,0.000016
4171,...(....((.((((.(((....)))))))..)).........)........((((......)))).,14,-4.084,10,0.000016
4172,...........((((..((....)).)))).(.((.....))..).......((((......)))).,13,-4.084,10,0.000016
4173,...........((((...........)))).(...)................((((......)))).,9,-4.084,12,0.000016
4174,......(.((.((((.(((....)))))))..))..)...((.....))...((..........)).,14,-4.083,10,0.000016
4175,..((....((.((((...........))))..)).........)).......((((......)))).,12,-4.083,18,0.000016
4176,.....(((((.((.(((((.....(..(((.........)))..)...))))).)).)))....)).,16,-4.083,40,0.000016
4177,..((...))..((((...........))))....((..............))((((......)))).,12,-4.083,18,0.000016
4178,...(...(((.((..((((........(((.........)))......))))..)).)))..)....,13,-4.083,38,0.000016
4179,..(.....)....((((....)))).((.......))...(((...)))...((((......)))).,14,-4.083,23,0.000016
4180,...........((((.(((....))))))).....(...........)....((((......)))).,12,-4.083,5,0.000016
4181,...........(((..(((....))).)))....(.....)..(((...)))((((......)))).,14,-4.083,13,0.000016
4182,...((........(((......)))))..(((.........)))........((((......)))).,12,-4.083,26,0.000016
4183,...(...(((.((....)).)))).....((((.......))))........((((......)))).,14,-4.083,30,0.000016
4184,.....(....).(((.(((....))))))((((.......))))........((((......)))).,15,-4.083,13,0.000016
4185,...(...)...((((...........))))..(...)...(((...)))...((((......)))).,13,-4.082,12,0.000016
4186,..((...))..((((.(((....))))))).............(((...)))(((........))).,15,-4.082,16,0.000016
4187,..((.....(.((((...........))))..).))....((.....))...((((......)))).,13,-4.082,12,0.000016
4188,...(.......).((((....))))..(((.........)))..........((((......)))).,12,-4.082,23,0.000016
4189,...((.....)).................((((.......))))........((((......)))).,10,-4.081,26,0.000016
4190,...........(((..(((....))).)))....(((..((..((.....))..)).))).......,13,-4.081,25,0.000016
4191,...........(((..(((....))).)))..........(((...)))...((..((...)).)).,13,-4.081,11,0.000016
4192,....((((((.((.(((((........(((.........)))......)))))).).)))....))),16,-4.081,41,0.000016
4193,.......(((.(..((((......((.(((.........)))..))...))))..).))).......,13,-4.081,39,0.000016
4194,..(.....)..((((...........)))).......................(((......)))..,8,-4.081,14,0.000016
4195,...........((.(((....)))....))..(...)...(((...)))...((((......)))).,13,-4.08,17,0.000016
4196,.......(((.(......).))).....(.......)...(((...)))...((((......)))).,12,-4.08,23,0.000016
4197,...(...).....((((....))))..(((.........)))..........((((......)))).,12,-4.08,24,0.000016
4198,.....(((((.((.(((((..((.(((.............)))))...))))).)).)))....)).,17,-4.08,43,0.000016
4199,.........(...((((....)))).)......((.....))..........((((......)))).,11,-4.08,24,0.000016
4200,...........((((...........))))...........(.....)....((((......)))).,9,-4.079,8,0.000016
4201,..((.(....)((((.(((....)))))))....))....((.....))...((((......)))).,16,-4.079,6,0.000016
4202,...(.......((((.(((....)))))))....).....((.....))...((((......)))).,14,-4.079,2,0.000016
4203,..........(..((((....)))).)..((((.......))))........(((.(.....)))).,13,-4.079,30,0.000016
4204,...........((((.(((....)))))))..(...)...(((...)))...((..........)).,13,-4.079,8,0.000016
4205,...(((..((.((((..((....)).))))..))..).))((.....))...((((......)))).,17,-4.079,12,0.000016
4206,...(((..((.((((..((....)).))))..))..)).)((.....))...((((......)))).,17,-4.079,12,0.000016
4207,..((...))..((((.(((....)))))))....((((....))......))((((......)))).,17,-4.079,16,0.000016
4208,.........(.((((...(....)..))))..)...((....))........((((......)))).,12,-4.079,14,0.000016
4209,..(.....).....(((....))).....((((.......)))).........(((......)))..,11,-4.078,30,0.000016
4210,...........(((..(((....))).)))...((.....))..........(((........))).,11,-4.078,10,0.000016
4211,.......(((.((((((....))))...))..))..)...((.....))...((((......)))).,15,-4.078,19,0.000016
4212,......(..(.((((.(((....)))))))..)...)...((.....))...((((......)))).,15,-4.078,4,0.000016
4213,.......(((.(..(((((........(((.........)).).....)))))..).))).......,12,-4.078,38,0.000016
4214,...........((((.(((....)))))))....(.....)..........((...)).........,10,-4.078,16,0.000016
4215,(.......)..((((..((....)).))))......................((((......)))).,11,-4.077,8,0.000016
4216,..........((..(((((..........((((.......))))....)))))...)).........,11,-4.077,38,0.000016
4217,.......(((.(..(((((..........((.(.......).))....)))))..).))).......,12,-4.077,40,0.000016
4218,...........((.(((....)))..((.......))..))...........((((......)))).,11,-4.077,24,0.000016
4219,..(.....)..((((.(((....))))))).............((.....))....((...))....,12,-4.076,21,0.000016
4220,...........((((((....)))...)))...((.....)).((.....))((((......)))).,14,-4.076,21,0.000016
4221,....((((((.((..((((..........((((.......))))....))))..)).)))....))),16,-4.076,45,0.000016
4222,...((..(((..........)))..))...(((.......))).........((((......)))).,12,-4.076,30,0.000016
4223,..((...))..((((.(((....)))))))....(((...(((...)))..((...))....)))..,17,-4.076,20,0.000016
4224,..((.....(.((((..((....)).))))..).))....(((...)))...((((......)))).,16,-4.076,10,0.000016
4225,.........(.((((..((....)).))))..).......((.....))...((..........)).,11,-4.076,8,0.000016
4226,..((...))..((((..((....)).))))..........((.....)).......((...))....,12,-4.075,17,0.000016
4227,...........((((...........))))....(((..(...............).))).......,8,-4.075,25,0.000016
4228,.....(....)((((..((....)).))))....(.....)...........((((......)))).,12,-4.075,9,0.000016
4229,...........((((.((......))))))..........((.....))...((..........)).,10,-4.075,6,0.000016
4230,...........((((...........))))..........(((...)))..................,7,-4.075,16,0.000016
4231,...........((((((....))...)))).....((...........))..((((......)))).,12,-4.075,16,0.000016
4232,...((.....))..((......))................(((...)))...((((......)))).,11,-4.075,21,0.000016
4233,.....(....)((((...........))))...((.....))..........((((......)))).,11,-4.075,14,0.000016
4234,......(.((.((((.(.....)...))))..))..)...((.....))...((((......)))).,14,-4.075,13,0.000016
4235,.........(.(((..(((....))).)))..)..........(((...)))((((......)))).,14,-4.075,14,0.000016
4236,.............((((....)))).(.........)...............((((......)))).,9,-4.075,22,0.000016
4237,..(.....).(((((.(((....)))))))..).......(((...)))...((((......)))).,16,-4.074,6,0.000016
4238,...(...)...((((...........)))).......((.....))......((((......)))).,11,-4.074,16,0.000016
4239,............(.(((....)))..).............(((...)))...((((......)))).,11,-4.074,19,0.000016
4240,..(.....)..((((.(((....))))))).....((.(......)..))..((((......)))).,15,-4.073,11,0.000016
4241,...........((((..((....)).))))...........((...))....((((......)))).,12,-4.073,6,0.000016
4242,...(((............)))..((..........))...(((...)))...((((......)))).,12,-4.073,23,0.000016
4243,......((((.((((..((....)).))))..(.(((..((..((.....))..)).))).))))).,18,-4.073,31,0.000016
4244,...(...)...((((..(......).))))..........(((...)))...((((......)))).,13,-4.073,8,0.000016
4245,...((..(((.(..(((((.................((....))....)))))..).))).))....,13,-4.072,43,0.000016
4246,.......(((.((....)).))).....(.......)...(((...)))...((((......)))).,13,-4.072,23,0.000016
4247,..(.....)..((((..(......).))))....(.....)...........((((......)))).,11,-4.072,11,0.000016
4248,...........((.(((....)))....)).......((.....))......((((......)))).,11,-4.072,21,0.000016
4249,...........((((.(((....)))))))..(.......)...(.....).((((......)))).,13,-4.072,7,0.000016
4250,..(.....)..((((.(((....)))))))...(...........)......((((......)))).,13,-4.072,8,0.000016
4251,.....(..((.(((((......)))...))..))..)...(((...)))...((((......)))).,15,-4.071,20,0.000016
4252,..((...))..((((.(((....))))))).(...)................((((......)))).,14,-4.071,10,0.000016
4253,...........(......)..........((((.......))))........((((......)))).,9,-4.071,23,0.000016
4254,.......(((.((.(((((..(...(.(((.........)))..))..))))).)).))).......,15,-4.071,40,0.000016
4255,.....(..((.((((..((....)).))))..))..)...((.....))....(((......)))..,14,-4.071,10,0.000016
4256,...........((((.(((....))))))).......((.....))......((..........)).,11,-4.07,12,0.000016
4257,...........((((.(.....)...))))..(...)...(((...)))...((((......)))).,13,-4.07,11,0.000016
4258,..((...))...(((((....)))).).........((....))........((((......)))).,13,-4.07,29,0.000016
4259,..((...))...(((((....))).)).........((....))........((((......)))).,13,-4.07,29,0.000016
4260,..((....((.(((.............)))..))))....(((...)))...((((......)))).,14,-4.07,18,0.000016
4261,......((((.((.(((((........(((.........)))......))))).)).))).....).,14,-4.07,38,0.000016
4262,.........(.((((.(((....)))))))..)..................((...)).........,10,-4.069,17,0.000016
4263,.......((............))......((((.......))))........((((......)))).,10,-4.069,27,0.000016
4264,..((...))..(((..(((....))).)))..........((.....))...(((.((...))))).,15,-4.069,11,0.000016
4265,..((...))..(((..(((....))).)))..........((.....))...((((.(...))))).,15,-4.069,8,0.000016
4266,...((...((.((((...........))))..))....))(((...)))...((((......)))).,15,-4.069,16,0.000016
4267,..(.....)..((((...........))))...((.....)).(((...)))((((......)))).,14,-4.068,20,0.000016
4268,...(((............))).......((.....))...(((...)))...((((......)))).,12,-4.068,23,0.000016
4269,..((....((.((((.(((....)))))))..))))....(((...)))....(((......)))..,17,-4.068,12,0.000016
4270,......(.((.((((.(((....)))))))..))..)...((.....))..((........))....,14,-4.068,16,0.000016
4271,...........((((.(((....)))))))...((.....))..........(((..(...).))).,13,-4.068,10,0.000016
4272,..(((.....(((((.(((....)))))))..))))................((((......)))).,15,-4.067,12,0.000016
4273,...(...)((.((((.(((....)))))))..))......((.....))...((((......)))).,16,-4.067,6,0.000016
4274,..((...))..((((.(((....)))))))...........(.....)....((((......)))).,14,-4.067,6,0.000016
4275,.....(....)((((.((......))))))......................((((......)))).,11,-4.066,8,0.000016
4276,...........((((.(((....)))))))....(.....)...............((...))....,10,-4.066,16,0.000016
4277,....((..((.((((((....))))...))..))..))..............((((......)))).,14,-4.066,25,0.000016
4278,............((..(((....))).))((((.......))))........((((......)))).,13,-4.066,13,0.000016
4279,...........((...(((....)))..))..........((.....))...((((......)))).,11,-4.066,4,0.000016
4280,....((((((.(..(((((..(.....(((.........)))...)..)))))..).)))....))),16,-4.066,43,0.000016
4281,.......(((.((.(((((..((....(((..(...)..))).))...)))))).).))).......,16,-4.065,43,0.000016
4282,.......(....).......(((...........)))...((.....))...((((......)))).,10,-4.065,21,0.000016
4283,.(..((..((.((((.(((....)))))))..))..))).((.....))...((((......)))).,18,-4.065,10,0.000016
4284,.....(...).(((..(((....))).)))......((....))........((((......)))).,13,-4.064,12,0.000016
4285,..(((.(.((...((((....)))).)).)...)))................((((......)))).,14,-4.064,30,0.000016
4286,.......(((.((((((....)))...)))..))..)...((.....))...((((......)))).,15,-4.064,17,0.000016
4287,...........((((.(((....))))))).......(....).........(((.((...))))).,13,-4.064,11,0.000016
4288,...........((((.(((....))))))).......(....).........((((.(...))))).,13,-4.064,8,0.000016
4289,.......(((.((.(((((..((.(..(((.........))))))...))))).)).))).......,16,-4.064,42,0.000015
4290,....((..((.((((..((....)).))))..))..)).....((.....))((((......)))).,16,-4.064,18,0.000015
4291,...........((((.(((....)))))))..(...)...(((...)))..((........))....,13,-4.064,14,0.000015
4292,...(...)....(((((....)))).)..((((.......))))........((((......)))).,14,-4.064,28,0.000015
4293,...(...)....(((((....))).))..((((.......))))........((((......)))).,14,-4.064,28,0.000015
4294,.......(((.(..(((.(..........((((.......))))....).)))..).))).......,12,-4.063,40,0.000015
4295,...........((....))..........((((.......))))........((((......)))).,10,-4.063,23,0.000015
4296,..((...))..(((..(((....))).)))..........(.......)...((((......)))).,13,-4.063,8,0.000015
4297,...........(.((((.(.(((....(((.........)))...........))).)..)))).).,12,-4.063,34,0.000015
4298,.........(.((((...........))))..)....(.......)......((((......)))).,10,-4.063,14,0.000015
4299,..((...))..((((.(((....)))))))....(((..(...............).))).......,13,-4.063,23,0.000015
4300,...(...)......(((....))).....(((.........)))........((((......)))).,11,-4.062,27,0.000015
4301,..((...))..((((.(((....)))))))..........(((...)))..................,12,-4.062,14,0.000015
4302,..(.....)..((((..(....)...))))..........(((...)))...((((......)))).,13,-4.062,11,0.000015
4303,...........((((.(.....)...)))).......((.....))......((((......)))).,11,-4.062,15,0.000015
4304,..........((..........))....((..(...)..))...........((((......)))).,9,-4.062,23,0.000015
4305,.......(((.(..((((.........(((..(...)..))).......))))..).))).......,12,-4.061,39,0.000015
4306,.....(..((...((((....)))).)).)......................((((......)))).,11,-4.061,24,0.000015
4307,.............................(((.........)))........((((......)))).,7,-4.061,22,0.000015
4308,.....(....)...(((....)))....((.....))...(((...)))...((((......)))).,13,-4.061,23,0.000015
4309,...(...)..(..(((......))).)..((((.......))))........((((......)))).,13,-4.061,28,0.000015
4310,......((.(((.((.(((....))).(((.........)))......)).))).))..........,13,-4.061,28,0.000015
4311,..(.....).((..(.....).)).....((((.......))))........((((......)))).,12,-4.061,28,0.000015
4312,.........(.((((..((....)).))))..).......((.....))..((........))....,11,-4.06,14,0.000015
4313,.......(((.((.(((((......(.(((.........)))).....)))))).).))).......,14,-4.06,38,0.000015
4314,...........(((..(((....))).)))......((....))........((..((...)).)).,12,-4.06,17,0.000015
4315,.........(.((((.(((....)))))))..)...((....))((...)).((((......)))).,16,-4.06,14,0.000015
4316,...........((((.((......))))))..........((.....))..((........))....,10,-4.06,12,0.000015
4317,...((.....)).((((....))))...((.....))...(((...)))...((((......)))).,15,-4.06,24,0.000015
4318,..((...))..((((..((....)).))))..(...)...((.....))...(((........))).,14,-4.059,10,0.000015
4319,......(.((.((((.(.......).))))..))..)...((.....))...((((......)))).,14,-4.059,12,0.000015
4320,.........(.((((.(((....)))))))..).......................((...))....,10,-4.058,17,0.000015
4321,...........(((...((....))..)))..........(((...)))...((((......)))).,12,-4.058,6,0.000015
4322,.....(..((.(((((......))...)))..))..)...(((...)))...((((......)))).,15,-4.058,18,0.000015
4323,......(.....).(((....))).....(((.........)))........((((......)))).,11,-4.058,26,0.000015
4324,......((((.(..(((((.....((.(((.........)))..))..)))))..).))).).....,15,-4.058,41,0.000015
4325,......(.((.((((.(((....)))))))..))..)...((.....))...(((.(.....)))).,16,-4.057,9,0.000015
4326,.......(((.(..(((((......(...((((.......)))))...)))))..).))).......,14,-4.057,42,0.000015
4327,...(.(..((.((((.(((....)))))))..))..)..)((.....))...((((......)))).,17,-4.057,8,0.000015
4328,..(((......(((.............)))...)))....(((...)))...((((......)))).,13,-4.057,16,0.000015
4329,..(((....(.(((.............)))..))))....(((...)))...((((......)))).,14,-4.057,18,0.000015
4330,.....(((((.(..(((((..((..((.............)).))...)))))..).)))....)).,15,-4.056,42,0.000015
4331,......((((.(((..(((....))).)))....(((..(...............).)))..)))).,14,-4.056,25,0.000015
4332,...((......((((...........)))).))...................((((......)))).,10,-4.056,14,0.000015
4333,............((((......))).).............(((...)))...((((......)))).,11,-4.056,18,0.000015
4334,............((((......)).)).............(((...)))...((((......)))).,11,-4.056,18,0.000015
4335,.........(.((((.(((....)))))))..).......((.....))...((..(.....).)).,13,-4.056,7,0.000015
4336,.......(.(.(..(((((........(((.........)))......)))))..).).).......,11,-4.055,35,0.000015
4337,...........((((.(((....))))))).......((.....)).....((........))....,11,-4.055,18,0.000015
4338,.......(((..........)))....(.((((.......)))).)......((((......)))).,12,-4.055,30,0.000015
4339,...(...)...((((.(((....)))))))(((.......))).........((((......)))).,15,-4.055,10,0.000015
4340,...........((((...........)))).............(.......)((((......)))).,9,-4.055,12,0.000015
4341,...((..(..(..((((....)))).)..).))...................((((......)))).,12,-4.055,27,0.000015
4342,..(((......((((.(((....)))))))...)))....(((...)))....(((......)))..,16,-4.055,10,0.000015
4343,..(((....(.((((.(((....)))))))..))))....(((...)))....(((......)))..,17,-4.055,12,0.000015
4344,...........((((.(.......).))))..(...)...(((...)))...((((......)))).,13,-4.055,10,0.000015
4345,...(.(....)).((((....))))....((((.......))))........((((......)))).,14,-4.055,29,0.000015
4346,...........((((...........))))......((....)).......................,6,-4.054,22,0.000015
4347,...........((((...........)))).....((...........))..(((........))).,9,-4.054,15,0.000015
4348,...((.....))..((......))............((....))........((((......)))).,10,-4.054,27,0.000015
4349,..(.....)..((((((....))))...))..........(((...)))...(((........))).,13,-4.054,19,0.000015
4350,..............(((....)))............................(((........))).,6,-4.054,23,0.000015
4351,..((...)).....(((....))).....((...........))........((((......)))).,11,-4.054,28,0.000015
4352,......((((....(((((.....(((.............))).....))))).........)))).,12,-4.054,35,0.000015
4353,..(.....).(((((.(((....)))))))..)...((....))........((((......)))).,15,-4.054,12,0.000015
4354,..............((......))....(.......)...(((...)))...((((......)))).,10,-4.053,19,0.000015
4355,............(.(((....)))..).........((....))........((((......)))).,10,-4.053,25,0.000015
4356,...........((((.(((....)))))))..(...)...(((...)))...(((.(.....)))).,15,-4.053,7,0.000015
4357,...(((............)))..(.....)..........(((...)))...((((......)))).,11,-4.053,21,0.000015
4358,....((..((.((((((....)))...)))..))..))..............((((......)))).,14,-4.053,23,0.000015
4359,..(((...(..(((.............))).).)))....(((...)))...((((......)))).,14,-4.052,18,0.000015
4360,...((..(((.(..(((((........(.((((.......)))).)..)))))..).))).))....,16,-4.052,45,0.000015
4361,..(.....)..((((.(((....)))))))..........(.(...).)...((((......)))).,14,-4.052,6,0.000015
4362,..........((((.....)).))....(.......)...((.....))...((((......)))).,11,-4.052,19,0.000015
4363,...(...)...((((..(......).))))......((....))........((((......)))).,12,-4.052,14,0.000015
4364,...........(((..((......)).)))..(...)...((.....))...((((......)))).,12,-4.051,6,0.000015
4365,......(.((.((((...........))))..))..)...((.....))...(((.((...))))).,14,-4.051,17,0.000015
4366,......(.((.((((...........))))..))..)...((.....))...((((.(...))))).,14,-4.051,14,0.000015
4367,..((...))..((((..((....)).))))........(.....).......((((......)))).,13,-4.051,12,0.000015
4368,...........((((...........))))....(((..(...((.....))...).))).......,10,-4.051,29,0.000015
4369,......(.((.((((.(((....)))))))..))..)...(((...)))...((..((...)).)).,17,-4.051,15,0.000015
4370,......((((.((((..((....)).))))....((......................))..)))).,12,-4.051,22,0.000015
4371,...........(((.............)))......................(((........))).,6,-4.051,14,0.000015
4372,..(((...(..((((.(((....))))))).).)))....(((...)))....(((......)))..,17,-4.05,12,0.000015
4373,.......(((.((..((((.(((...........)))((.....))..))))..)).))).......,14,-4.05,46,0.000015
4374,.........(.((((..((....)).))))..).......((.....))...(((.(.....)))).,13,-4.05,7,0.000015
4375,...(...)...((((..((....)).))))......(......)........((((......)))).,12,-4.05,10,0.000015
4376,.......(((.((..((((..((......((((.......))))))..))))..)).))).......,15,-4.049,45,0.000015
4377,.........(.((((...........))))..).......((.....))...((..((...)).)).,11,-4.049,15,0.000015
4378,...((..(((.((.(((((.........((.........)).......))))).)).))).))....,14,-4.049,40,0.000015
4379,...........((((.((......))))))..........((.....))...(((.(.....)))).,12,-4.049,5,0.000015
4380,..........(..((((....)))).)(((..(...)..)))..........((((......)))).,13,-4.049,25,0.000015
4381,..(.....).((((.....)).))....((.........))...........((((......)))).,11,-4.049,25,0.000015
4382,...(....((.((((...........))))..))).................((((......)))).,11,-4.049,16,0.000015
4383,...........((((.(((....))))))).......................((........))..,9,-4.049,8,0.000015
4384,..........(..((((....)))).)........((...........))..((((......)))).,11,-4.048,25,0.000015
4385,..(.....)....((((....))))...((.....))...(((...)))...((((......)))).,14,-4.047,23,0.000015
4386,.......(((.(..(((((..(..((..((.........))))..)..)))))..).))).......,14,-4.047,40,0.000015
4387,........((.((.(((....)))....))..))......((.....))...((((......)))).,13,-4.047,17,0.000015
4388,.......(((.(..(((((......(.(((..(...)..)))..)...)))))..).))).......,14,-4.047,40,0.000015
4389,...((.....))..(((....))).....((((.......))))........(((.((...))))).,14,-4.047,34,0.000015
4390,...((.....))..(((....))).....((((.......))))........((((.(...))))).,14,-4.047,31,0.000015
4391,.....(...).((((.((......))))))..........(((...)))...((((......)))).,14,-4.047,6,0.000015
4392,...........((((...........))))..(...)...(((...)))...(((.((...))))).,13,-4.047,15,0.000015
4393,...........((((...........))))..(...)...(((...)))...((((.(...))))).,13,-4.047,12,0.000015
4394,..(.....)..((((((....))))...))..(...)...............((((......)))).,12,-4.047,21,0.000015
4395,...........((((.(.......).)))).......((.....))......((((......)))).,11,-4.046,14,0.000015
4396,.......(((.(......).)))......((...........))........((((......)))).,10,-4.046,27,0.000015
4397,......(.((.((((...........))))..))..)...(.......)...((((......)))).,12,-4.046,14,0.000015
4398,..(.....)..((((.(((....)))))))....(.....)...(.....).((((......)))).,14,-4.046,9,0.000015
4399,........((.((((.(((....)))))))..))......((.....))...((..........)).,13,-4.046,8,0.000015
4400,......(.((.((((..((....)).))))..))..)...(((...)))...(((.((...))))).,17,-4.045,15,0.000015
4401,......(.((.((((..((....)).))))..))..)...(((...)))...((((.(...))))).,17,-4.045,12,0.000015
4402,...........((((..((....)).))))....(((..(...(((...)))...).))).......,13,-4.045,27,0.000015
4403,......((((.((((.(((....)))))))..........(((...)))..((...))....)))).,16,-4.045,17,0.000015
4404,...........((((.((......))))))....(.....)..(((...)))((((......)))).,14,-4.045,13,0.000015
4405,...........((((.(((....))))))).......((.....))......(((.(.....)))).,13,-4.044,11,0.000015
4406,...(((.(......)...)))......(((.........)))..........((((......)))).,11,-4.044,25,0.000015
4407,.............((((....))))..(((.........)))..........(((.((...))))).,12,-4.044,27,0.000015
4408,.............((((....))))..(((.........)))..........((((.(...))))).,12,-4.044,24,0.000015
4409,..(.....)..((((..((....)).))))..(...)......((.....))((((......)))).,14,-4.044,14,0.000015
4410,...(...(((.(..(((((...(.....)((((.......))))....)))))..).)))..)....,15,-4.044,43,0.000015
4411,.........(.((((..((....)).))))..).......(((...)))...((..((...)).)).,14,-4.043,13,0.000015
4412,......((((((..(((((...(.....)((((.......))))....)))))...))....)))).,16,-4.043,43,0.000015
4413,...........((((.((......))))))....(((..((..((.....))..)).))).......,13,-4.043,25,0.000015
4414,...........((((.((......))))))..........(((...)))...((..((...)).)).,13,-4.043,11,0.000015
4415,..((...))..((((.(((....))))))).............(.......)((((......)))).,14,-4.042,10,0.000015
4416,...(...).(.((((...........))))..).......((.....))...((((......)))).,12,-4.042,10,0.000015
4417,........((.(..(((((.....((.(((.........)))..))..)))))..).))........,13,-4.042,37,0.000015
4418,..((...))..((((.(((....)))))))......((....)).......................,11,-4.042,20,0.000015
4419,..((...))..((((.(((....))))))).....((...........))..(((........))).,14,-4.041,13,0.000015
4420,..(.....)..((((..(....)...))))......((....))........((((......)))).,12,-4.041,17,0.000015
4421,..(.....)..((((..((....)).))))...(.......)..........((((......)))).,12,-4.041,9,0.000015
4422,..(.....)..((((..((....)).)))).(...)....((.....))...((((......)))).,14,-4.041,6,0.000015
4423,...........((((...........))))......((....))....((....))...........,8,-4.04,23,0.000015
4424,...........((((((....)))).((.......))..))...........((((......)))).,12,-4.04,24,0.000015
4425,..(.....)..((((((....)))...)))..........(((...)))...(((........))).,13,-4.04,17,0.000015
4426,..((...)).((..........))...(((.........)))..........((((......)))).,11,-4.04,25,0.000015
4427,......(....((((...........))))......)...(((...)))...((((......)))).,12,-4.04,10,0.000015
4428,...........((((.((......))))))...((.....))..........(((........))).,11,-4.04,10,0.000015
4429,..........((((..(((....))).)))..).......((.....))...((((......)))).,13,-4.039,4,0.000015
4430,..(.....).(..((((....)))).)..((((.......))))........(((........))).,13,-4.039,31,0.000015
4431,..(.....)..((((.(((....)))))))...((.....))..((...)).((((......)))).,16,-4.039,12,0.000015
4432,...........((((..((....)).)))).....((((.....))..))..((((......)))).,14,-4.039,13,0.000015
4433,..(.....)..((((.(.(....).)))))..........(((...)))...((((......)))).,14,-4.039,6,0.000015
4434,.......(.((((((.(((....)))))))..).).)...((.....))...((((......)))).,16,-4.039,6,0.000015
4435,...........((((...........)))).......((.....))......(((.((...))))).,11,-4.038,19,0.000015
4436,...........((((...........)))).......((.....))......((((.(...))))).,11,-4.038,16,0.000015
4437,..((...))..((((.(((....)))))))....(((..(...((.....))...).))).......,15,-4.038,27,0.000015
4438,..(.....).....((......))............................((((......)))).,7,-4.038,22,0.000015
4439,.......(((.((....)).)))......((...........))........((((......)))).,11,-4.038,27,0.000015
4440,...........(.((((....))))....)......................((((......)))).,9,-4.037,19,0.000015
4441,...........(((...((....))..)))......((....))........((((......)))).,11,-4.037,12,0.000015
4442,.......(((.(..(((((...(...)(.((((.......)))).)..)))))..).))).......,15,-4.037,43,0.000015
4443,..(.....)..((((.(((....)))))))......((....)).(...)..((((......)))).,15,-4.037,12,0.000015
4444,........((.((((.(.....)...))))..))......((.....))...((((......)))).,13,-4.037,11,0.000015
4445,...........((((..(......).))))..........(((...)))...(((.((...))))).,13,-4.037,11,0.000015
4446,...........((((..(......).))))..........(((...)))...((((.(...))))).,13,-4.037,8,0.000015
4447,..........(..((.....)).).....(((.........)))........((((......)))).,10,-4.037,25,0.000015
4448,...........((((.(((....)))))))...((.....)).(((...)))(((........))).,15,-4.036,14,0.000015
4449,..........((.(.....)..))....((.........))...........((((......)))).,9,-4.036,22,0.000015
4450,...........((((...........))))........(...).........((((......)))).,9,-4.036,12,0.000015
4451,.........(.((((.((......))))))..)..........(((...)))((((......)))).,14,-4.036,14,0.000015
4452,...(...).(.((((..((....)).))))..).......(((...)))...((((......)))).,15,-4.036,8,0.000015
4453,...........((((((....))))...)).......(.......)......((((......)))).,11,-4.036,19,0.000015
4454,...((......((((...........))))...)).................((((......)))).,10,-4.035,14,0.000015
4455,..(.....)..((((((....))))...))......(...........)...((((......)))).,12,-4.035,20,0.000015
4456,...((....(.((((...........))))..))).................((((......)))).,11,-4.035,16,0.000015
4457,...((..(((.((..((((..((....(((.........))).))...))))..)).))).))....,16,-4.035,44,0.000015
4458,............((((......)).)).........((....))........((((......)))).,10,-4.035,24,0.000015
4459,............((((......))).).........((....))........((((......)))).,10,-4.035,24,0.000015
4460,......((((.((.(((((..........((((.......))))....))))).)).).....))).,15,-4.035,40,0.000015
4461,..........((..........))...(((.........))).((.....))((((......)))).,11,-4.035,25,0.000015
4462,..((...))..((((.(((....)))))))..(...)...(((...)))...(((.((...))))).,18,-4.034,13,0.000015
4463,..((...))..((((.(((....)))))))..(...)...(((...)))...((((.(...))))).,18,-4.034,10,0.000015
4464,.........(.(((..(((....))).)))..)..((...........))..((((......)))).,13,-4.034,11,0.000015
4465,........(..((((.(((....)))))))).........((.....))...((((......)))).,14,-4.034,2,0.000015
4466,..(.....)..((((...........))))..........((.....))...((..........)).,9,-4.034,12,0.000015
4467,..(.....)..((((((....)))...)))..(...)...............((((......)))).,12,-4.033,19,0.000015
4468,....((((((.((.(((((.....((.(((.........)))..))..))))).)).)))....))),18,-4.033,43,0.000015
4469,..(.....)..((((((....))))...))......((....))........(((........))).,12,-4.033,25,0.000015
4470,..((...))..((((((....))))...))......(......)........((((......)))).,13,-4.033,23,0.000015
4471,.......(((.((.(((((..((....(((.........))).).)..))))).)).))).......,15,-4.033,41,0.000015
4472,.........(.((((.(((....)))))))..).......((.....))..(((.....).))....,13,-4.032,13,0.000015
4473,...........((((.(((....)))))))......((....).....)...((((......)))).,13,-4.032,7,0.000015
4474,...(((............)))..(.....)......((....))........((((......)))).,10,-4.032,27,0.000015
4475,......((((.(((..(((....))).)))....(((..(...((.....))...).)))..)))).,16,-4.032,29,0.000015
4476,...........((((.(((....)))))))..........((.....)).....((......))...,11,-4.031,4,0.000015
4477,...((...(..((((...........)))).).)).................((((......)))).,11,-4.031,16,0.000015
4478,...(.(.(((.((.(((((........(((.........)))......))))).)).))).))....,15,-4.031,40,0.000015
4479,.............((((....))))...............((.....))...(((........))).,9,-4.031,19,0.000015
4480,..((...))..((((.((......))))))..........((.....))...(((.((...))))).,15,-4.03,11,0.000015
4481,..((...))..((((.((......))))))..........((.....))...((((.(...))))).,15,-4.03,8,0.000015
4482,.........(.((((.(((....)))))))..)...(...........)...(((........))).,12,-4.03,9,0.000015
4483,........((.((((.(((....)))))))..))......((.....))..((........))....,13,-4.03,14,0.000015
4484,...........((((...........))))..(...)...((.....))....(((......)))..,10,-4.03,10,0.000015
4485,..((...))..(((..((......)).)))......................((((......)))).,11,-4.03,12,0.000015
4486,.......(((.(..(((((.....(((..(.....)....))).....)))))..).))).......,13,-4.03,38,0.000015
4487,..((....((.((((...........))))..)))).......((.....))((((......)))).,14,-4.03,22,0.000015
4488,.....(......).(((....)))...(((.........)))..........((((......)))).,11,-4.03,23,0.000015
4489,...........((((...........))))..(.......)..(((...)))((((......)))).,12,-4.029,17,0.000015
4490,......(.((.(((((......)))...))..))..)...(((...)))...((((......)))).,15,-4.029,20,0.000015
4491,.....(....)...((......))................((.....))...((((......)))).,9,-4.029,18,0.000015
4492,...........((((...........))))....(................)((((......)))).,9,-4.029,12,0.000015
4493,......(.((.((((..((....)).))))..))..)...((.....))....(((......)))..,14,-4.029,10,0.000015
4494,...........((((...........))))....(((......(((...))).....))).......,10,-4.028,30,0.000015
4495,..(.....)..(((..(((....))).)))......................(((........))).,10,-4.028,10,0.000015
4496,.......(((.((.(((((........((((....)...)))......))))).)).))).......,14,-4.028,39,0.000015
4497,............(((((....)))).)..((((.......))))........(((.((...))))).,14,-4.028,31,0.000015
4498,............(((((....))).))..((((.......))))........(((.((...))))).,14,-4.028,31,0.000015
4499,............(((((....)))).)..((((.......))))........((((.(...))))).,14,-4.028,28,0.000015
4500,............(((((....))).))..((((.......))))........((((.(...))))).,14,-4.028,28,0.000015
4501,..((...))..((((.(((....)))))))......((....))....((....))...........,13,-4.028,21,0.000015
4502,............(((.((......)))))((((.......))))........((((......)))).,13,-4.028,13,0.000015
4503,...((.....)).(((......)))...............((.....))...((((......)))).,11,-4.027,19,0.000015
4504,..(.....)..((((..((....)).))))..........(((...)))...((..........)).,12,-4.027,10,0.000015
4505,.......(....).(((....))).....(((.........)))........((((......)))).,11,-4.027,26,0.000015
4506,..........(..((((....)))).)...((.........)).........((((......)))).,11,-4.027,25,0.000015
4507,..............(((....)))..((.......))......((.....))((((......)))).,11,-4.027,27,0.000015
4508,..............(((....))).....(((.........)))........(((.((...))))).,11,-4.027,30,0.000015
4509,..............(((....))).....(((.........)))........((((.(...))))).,11,-4.027,27,0.000015
4510,.....(...).((((((....))))...))..........((.....))...((((......)))).,13,-4.027,15,0.000015
4511,...........((((.(((....))))))).......(....)(((...)))((((......)))).,15,-4.027,12,0.000015
4512,.....(...).((((.((......))))))......((....))........((((......)))).,13,-4.026,12,0.000015
4513,...(...)...((((((....))...))))..........((.....))...((((......)))).,13,-4.026,11,0.000015
4514,..((...)).....((......))..((.......))...((.....))...((((......)))).,12,-4.026,22,0.000015
4515,..(.....)..((((.(....)....))))..........((.....))...((((......)))).,12,-4.026,9,0.000015
4516,...((.....))..(((....)))...(((.........))).(((...)))((((......)))).,15,-4.026,31,0.000015
4517,..((...))..((((.(((....))))))).......((.....))......(((.((...))))).,16,-4.026,17,0.000015
4518,..((...))..((((.(((....))))))).......((.....))......((((.(...))))).,16,-4.026,14,0.000015
4519,..........(..(((......))).)..((((.......))))........(((.((...))))).,13,-4.025,31,0.000015
4520,..........(..(((......))).)..((((.......))))........((((.(...))))).,13,-4.025,28,0.000015
4521,..((...))..((((.((......))))))..........(.......)...((((......)))).,13,-4.025,8,0.000015
4522,...........((((..((....)).))))..(.......)...........(((........))).,10,-4.025,9,0.000015
4523,.............((((....))))..(.(((.........))).)......((((......)))).,12,-4.024,26,0.000014
4524,.......(((.((((.(((....)))))))..))..)...(((...)))...(((........))).,16,-4.024,10,0.000014
4525,...........((((((....))))...))....(.....)..((.....))((((......)))).,13,-4.024,22,0.000014
4526,.......(((.(..(((((...(.....).((.((.....))..))..)))))..).))).......,14,-4.024,43,0.000014
4527,........(..((((...........)))).)........(((...)))...((((......)))).,12,-4.024,10,0.000014
4528,...........((((..((....)).))))..(...)...(((...)))....(((......)))..,13,-4.024,8,0.000014
4529,...........((((.(((....))))))).............((.....))....(.....)....,10,-4.024,17,0.000014
4530,.....(...).((((.(((....)))))))......(......)........((((......)))).,13,-4.024,8,0.000014
4531,.....(...(.((((.(((....)))))))..)...)...((.....))...((((......)))).,15,-4.024,4,0.000014
4532,.........(.((((.(((....)))))))..)........((......)).((((......)))).,14,-4.024,9,0.000014
4533,..((....((.((((..((....)).))))..)))).......(((...)))((((......)))).,17,-4.024,20,0.000014
4534,...(...(((.(..(((((.............................)))))..).)))..)....,10,-4.024,37,0.000014
4535,..((...))..((((.(((....)))))))........(...).........((((......)))).,14,-4.024,10,0.000014
4536,.......(((.((..((((.....((...((((.......))))))..))))..)).))).......,15,-4.023,43,0.000014
4537,....((.....((((..((....)).))))......))..((.....))...((((......)))).,14,-4.023,6,0.000014
4538,...((.....))..(((....)))....((.....))...............((((......)))).,11,-4.023,26,0.000014
4539,......((((((..(((((.............................)))))...))....)))).,11,-4.023,37,0.000014
4540,..((...)).....(((....)))........(...)...((.....))...((((......)))).,12,-4.023,23,0.000014
4541,..(.....)..((((.(((....)))))))..........(.......)...(((........))).,12,-4.023,6,0.000014
4542,.........(.((((..((....)).))))..)...((....))........((..((...)).)).,13,-4.023,19,0.000014
4543,...........((((((....))))...))..........((.....))...((..((...)).)).,12,-4.022,20,0.000014
4544,...........((((((....)))...))).......(.......)......((((......)))).,11,-4.022,17,0.000014
4545,...(...)..((((.....)).)).....((((.......))))........((((......)))).,13,-4.022,29,0.000014
4546,.......(((.(..(((((...(.....)((...........))....)))))..).))).......,12,-4.022,40,0.000014
4547,.....(..((.((((.(((....)))))))..))..).......((...)).((((......)))).,16,-4.022,14,0.000014
4548,...........((((.((......))))))......((....))........((..((...)).)).,12,-4.022,17,0.000014
4549,..(.....)..((((((....)))...)))......(...........)...((((......)))).,12,-4.022,18,0.000014
4550,.......(((.(..(((((...(..(.(((.........)))).)...)))))..).))).......,14,-4.022,40,0.000014
4551,........((.((((.(.......).))))..))......((.....))...((((......)))).,13,-4.021,10,0.000014
4552,...........((((..(......).))))..........((.....))....(((......)))..,10,-4.02,6,0.000014
4553,...........((((..((....)).)))).....(..........).....((((......)))).,11,-4.02,8,0.000014
4554,........((.((((.(((....)))))))..))......((.....))...(((.(.....)))).,15,-4.02,7,0.000014
4555,...........((((.(((....)))))))......(......)........((..((...)).)).,12,-4.02,13,0.000014
4556,..(.....)..((((((....)))...)))......((....))........(((........))).,12,-4.02,23,0.000014
4557,..((...))..((((((....)))...)))......(......)........((((......)))).,13,-4.02,21,0.000014
4558,..((...))..(((.............)))..(...)...((.....))...((((......)))).,12,-4.019,14,0.000014
4559,...........((((.(((....)))))))(((.......))).........(((.((...))))).,15,-4.019,13,0.000014
4560,...........((((.(((....)))))))(((.......))).........((((.(...))))).,15,-4.019,10,0.000014
4561,..........((..........))......(((.......))).........((((......)))).,9,-4.019,24,0.000014
4562,..(.....)..((((((....))...))))...((.....))..........((((......)))).,13,-4.019,17,0.000014
4563,...(((...(.....)..)))...................((.....))...((((......)))).,10,-4.019,21,0.000014
4564,..........(...(((....)))..)..((((.......))))........((((......)))).,12,-4.019,27,0.000014
4565,..............((......)).....((...........))........((((......)))).,8,-4.019,23,0.000014
4566,..(.....)..((((.(((....)))))))..........((.....))..((((...)).))....,14,-4.018,14,0.000014
4567,..(.....)..((((...........))))..........((.....))..((........))....,9,-4.018,18,0.000014
4568,.......(((.(..(((((......................(.....))))))..).))).......,10,-4.018,34,0.000014
4569,..........(..((((....)))).).(.......)...((.....))...((((......)))).,12,-4.018,19,0.000014
4570,..(.....)..((((.(((....)))))))......................(((..(...).))).,12,-4.018,10,0.000014
4571,..(.....)..((((.(.(....).)))))......((....))........((((......)))).,13,-4.018,12,0.000014
4572,...........((((...........)))).............((.....))....((...))....,8,-4.018,25,0.000014
4573,......((((.((((.((......))))))....(((..(...............).)))..)))).,14,-4.018,25,0.000014
4574,..((...))..((((.(((....)))))))..(...)...((.....))....(((......)))..,15,-4.018,8,0.000014
4575,.....(..((.((((.(((....)))))))..))..)...((.....))..((...)).........,14,-4.017,17,0.000014
4576,..(((......((((...........))))...))).......((.....))((((......)))).,13,-4.017,20,0.000014
4577,..((...))..((((.(((....)))))))..(.......)..(((...)))((((......)))).,17,-4.017,15,0.000014
4578,..(((....(.((((...........))))..)))).......((.....))((((......)))).,14,-4.016,22,0.000014
4579,...........((((...(....)..))))...((.....))..........((((......)))).,11,-4.016,10,0.000014
4580,.........(.((((..((....)).))))....).((....))........((((......)))).,13,-4.016,12,0.000014
4581,...........((((..(......).))))......((....))........(((.((...))))).,12,-4.016,17,0.000014
4582,...........((((..(......).))))......((....))........((((.(...))))).,12,-4.016,14,0.000014
4583,.........(.((((((....))))...))..)..........((.....))((((......)))).,13,-4.016,23,0.000014
4584,..((...))..((((.(((....)))))))....(................)((((......)))).,14,-4.016,10,0.000014
4585,......(.((.(((((......))...)))..))..)...(((...)))...((((......)))).,15,-4.016,18,0.000014
4586,...........((((..((....)).)))).......((.....)).......(((......)))..,11,-4.016,12,0.000014
4587,..((...))..((((.(((....)))))))....(((......(((...))).....))).......,15,-4.016,28,0.000014
4588,...(...).(.((((..((....)).))))..)...((....))........((((......)))).,14,-4.015,14,0.000014
4589,.......(((.(..(((((...(................)........)))))..).))).......,10,-4.015,38,0.000014
4590,......((((.((((...........))))....(((..((..(((...))).).).)))..)))).,16,-4.015,35,0.000014
4591,..(.....).(..((((....)))).).((.........))...........((((......)))).,12,-4.015,25,0.000014
4592,..(.....)....(((......)))...............((.....))...((((......)))).,10,-4.015,18,0.000014
4593,.......(((.(......).))).........(...)...((.....))...((((......)))).,11,-4.015,22,0.000014
4594,...........((((...........)))).....((.(......)..))..((((......)))).,11,-4.015,15,0.000014
4595,...((..(((.(......).)))..))................((.....))((((......)))).,12,-4.014,30,0.000014
4596,...........((((..((....)).))))......(......)........(((.((...))))).,12,-4.014,13,0.000014
4597,...........((((..((....)).))))......(......)........((((.(...))))).,12,-4.014,10,0.000014
4598,...(((............))).......((..(...)..))...........((((......)))).,10,-4.014,26,0.000014
4599,...........((((..(...)....))))..........(((...)))...((((......)))).,12,-4.014,9,0.000014
4600,........((.((((...........))))..))......((.....))...(((.((...))))).,13,-4.014,15,0.000014
4601,........((.((((...........))))..))......((.....))...((((.(...))))).,13,-4.014,12,0.000014
4602,.......(((.((..((((.....((.(((..(...)..)))..))..))))..)).))).......,15,-4.013,41,0.000014
4603,...((..(((.(..(((((..((....................))...)))))..).))).))....,13,-4.013,43,0.000014
4604,...........((((...........))))...(...........)......((((......)))).,9,-4.013,12,0.000014
4605,.....(...).((((((....)))...)))..........((.....))...((((......)))).,13,-4.013,13,0.000014
4606,........((.((((.(((....)))))))..))......(((...)))...((..((...)).)).,16,-4.013,13,0.000014
4607,...........((((((....))))..........))...((.....))...((((......)))).,12,-4.013,19,0.000014
4608,...........((((..((....)).))))............(...).....((((......)))).,11,-4.013,8,0.000014
4609,...........((((..((....)).))))...............(...)..((((......)))).,11,-4.013,8,0.000014
4610,..(.....)..((((..((....)).))))..........(((...)))..((........))....,12,-4.012,16,0.000014
4611,..(.....)..((((.(((....)))))))..........((.....))...((.(......).)).,13,-4.012,4,0.000014
4612,..(((...(..((((...........)))).).))).......((.....))((((......)))).,14,-4.012,22,0.000014
4613,..((...))....((((....)))).((.......))...(((...)))...((((......)))).,15,-4.012,25,0.000014
4614,...........((((..((....)).)))).............(((...)))....((...))....,11,-4.012,23,0.000014
4615,..(.....)..((((.(((....)))))))......((....))....(..((...)).).......,13,-4.012,22,0.000014
4616,..(.....)..((((.(((....))))))).((.......)).((.....))((((......)))).,16,-4.012,12,0.000014
4617,...........((((((....)))...)))....(.....)..((.....))((((......)))).,13,-4.011,20,0.000014
4618,.........(...((((....)))).)..((...........))........((((......)))).,11,-4.01,25,0.000014
4619,..(((......((((..((....)).))))...))).......(((...)))((((......)))).,16,-4.01,18,0.000014
4620,...........(((..(((....))).)))..............((...)).((((......)))).,12,-4.01,10,0.000014
4621,..(((....(.((((..((....)).))))..)))).......(((...)))((((......)))).,17,-4.01,20,0.000014
4622,.......(((.(..(((((...(......((((.......)))).)..)))))..).))).......,14,-4.01,43,0.000014
4623,.......(((..........))).....((.....))...((.....))...((((......)))).,11,-4.01,22,0.000014
4624,..(.....).....(((....)))....((.........))...........(((........))).,9,-4.01,26,0.000014
4625,..((...))..((((...........)))).......................(((......)))..,9,-4.009,16,0.000014
4626,..(.....)(.(((..(((....))).)))..).......((.....))...((((......)))).,14,-4.009,6,0.000014
4627,...........((.(..((....)).).))..........((.....))...((((......)))).,11,-4.009,4,0.000014
4628,......((((.(((..(((....))).)))....(((......(((...))).....)))..)))).,16,-4.009,30,0.000014
4629,...........((((((....)))...)))..........((.....))...((..((...)).)).,12,-4.009,18,0.000014
4630,...........((((.(((....)))))))....(((...((.....))....((...))..)))..,14,-4.009,13,0.000014
4631,.......(.(.((((((....))))...))....).)...(((...)))...((((......)))).,15,-4.009,19,0.000014
4632,..(.....)..((((.(((....)))))))......((....))....(..((........))..).,13,-4.008,20,0.000014
4633,.......(((...((((....)))).)).)..........(((...)))...((((......)))).,14,-4.008,22,0.000014
4634,........((.((((...........))))..))......(.......)...((((......)))).,11,-4.008,12,0.000014
4635,..(.....)..((((...........))))..........((.....))...(((.(.....)))).,11,-4.008,11,0.000014
4636,....................(((...........)))...((.....))...(((........))).,8,-4.008,22,0.000014
4637,........((.((((..((....)).))))..))......(((...)))...(((.((...))))).,16,-4.007,13,0.000014
4638,........((.((((..((....)).))))..))......(((...)))...((((.(...))))).,16,-4.007,10,0.000014
4639,..(.....)..((((.(((....)))))))..........(((...)))...((..(.....).)).,14,-4.007,9,0.000014
4640,.......(((.((....)).))).........(...)...((.....))...((((......)))).,12,-4.007,22,0.000014
4641,..(.....)..((((..((....)).))))......((....))........((..........)).,11,-4.007,16,0.000014
4642,.....(....)...(((....)))....((..(...)..))...........((((......)))).,11,-4.007,26,0.000014
4643,..((...)).....(((....))).....((((.......)))).........(((......)))..,12,-4.007,32,0.000014
4644,......((((.((((..((....)).))))....(((...(..((.....))..)..)))..)))).,16,-4.006,28,0.000014
4645,...((..(((.((....)).)))..))................((.....))((((......)))).,13,-4.006,30,0.000014
4646,..(((...(..((((..((....)).)))).).))).......(((...)))((((......)))).,17,-4.006,20,0.000014
4647,.....(..((.((((.(((....)))))))..))..)...((.....)).......((...))....,14,-4.006,17,0.000014
4648,.......(((.(..(((((...(..(.(((.........))))..)..)))))..).))).......,14,-4.006,40,0.000014
4649,...((.....)).((((....))))...((..(...)..))...........((((......)))).,13,-4.005,27,0.000014
4650,...........(((..(((....))).)))..........((.....))..((...)).........,10,-4.005,13,0.000014
4651,...(...)...((((...........))))..........((.....))...(((........))).,10,-4.005,10,0.000014
4652,...........((((.(........)))))....(.....)...........((((......)))).,10,-4.005,9,0.000014
4653,..((...))..((((.(((....))))))).............((.....))....((...))....,13,-4.005,23,0.000014
4654,...........(.((((((.(((.....((.........))..((.....)).))).)).)))).).,14,-4.005,39,0.000014
4655,.......(((.(..((((......................((.....))))))..).))).......,10,-4.005,32,0.000014
4656,......((((.(((.............)))....(((..((..((.....))..)).)))..)))).,14,-4.005,35,0.000014
4657,........(..((((...........)))).)....((....))........((((......)))).,11,-4.003,16,0.000014
4658,............((.....))...................(((...)))...((((......)))).,9,-4.003,18,0.000014
4659,.......(((.(..(((((....(.....).......((.....))..)))))..).))).......,12,-4.003,40,0.000014
4660,...........((.(((....)))....))..........((.....))...(((........))).,10,-4.003,15,0.000014
4661,.........(...((((....))))...)...........(((...)))...((((......)))).,12,-4.003,20,0.000014
4662,..((...)).(((((.(((....)))))))..).......(((...)))...((((......)))).,17,-4.003,8,0.000014
4663,..(.....)..((((...........))))....(.....)..(((...)))((((......)))).,13,-4.003,19,0.000014
4664,.........(.(......).)......(((.........)))..........((((......)))).,9,-4.003,21,0.000014
4665,.........(.((((((....)))...)))..)..........((.....))((((......)))).,13,-4.003,21,0.000014
4666,.....(..((.((((((....))...))))..))..)...............((((......)))).,13,-4.002,19,0.000014
4667,..........((..........))..(.........)...((.....))...((((......)))).,9,-4.002,17,0.000014
4668,..((...))..((((.(((....))))))).....((.(......)..))..((((......)))).,16,-4.002,13,0.000014
4669,..(.....)..((((..((....)).))))..........(((...)))...(((.(.....)))).,14,-4.002,9,0.000014
4670,..(.....)..((((...........))))....(((..((..((.....))..)).))).......,12,-4.001,31,0.000014
4671,..(.....)..((((...........))))..........(((...)))...((..((...)).)).,12,-4.001,17,0.000014
4672,..((...))..((((..(......).))))....(.....)...........((((......)))).,12,-4.001,13,0.000014
4673,..........(((((.((......))))))..).......((.....))...((((......)))).,13,-4.001,4,0.000014
4674,..((...))..((((.(((....)))))))...(...........)......((((......)))).,14,-4.001,10,0.000014
4675,..((....((.((((.(((....)))))))..))))................(((.((...))))).,16,-4.0,17,0.000014
4676,..((....((.((((.(((....)))))))..))))................((((.(...))))).,16,-4.0,14,0.000014
4677,...(...)..(..((((....)))).).............((.....))...((((......)))).,12,-4.0,20,0.000014
4678,...(...)...((((..((....)).))))..........(((...)))...(((........))).,13,-3.999,8,0.000014
4679,.......(((.(......).)))......((((.......)))).........(((......)))..,11,-3.999,31,0.000014
4680,..(.....)..((((..((....)).))))....(.....)...........(((........))).,11,-3.999,11,0.000014
4681,.......(((.((.(((((.....(....((((.......)))))...))))).)).))).......,15,-3.998,42,0.000014
4682,...........(((((......)))...))......(......)........((((......)))).,10,-3.998,18,0.000014
4683,..(.....)..((((...........))))...((.....))..........(((........))).,10,-3.998,16,0.000014
4684,..........(.(((.(((....))))))...).......(((...)))...((((......)))).,14,-3.998,6,0.000014
4685,...((..(((.(......).)))..))..((((.......))))........((..((...)).)).,14,-3.997,38,0.000014
4686,..((...))..((((...........))))...((.....)).(((...)))((((......)))).,15,-3.997,22,0.000014
4687,.........(.((((.(........)))))..)...................((((......)))).,10,-3.997,10,0.000014
4688,.......(((.((.(((((..........(.....)............))))).)).))).......,11,-3.997,37,0.000014
4689,....((..((...((((....)))).)).)).........((.....))...((((......)))).,14,-3.997,22,0.000014
4690,..........(..((((....)))).)..((((.......)))).......((...)).........,11,-3.997,38,0.000014
4691,...........((((.(((....)))))))...((.....)).(.......)((((......)))).,14,-3.997,8,0.000014
4692,..........(((((.(((....)))))))..)....((.....))......((((......)))).,14,-3.996,10,0.000014
4693,...........(((.((....))....)))......................((((......)))).,9,-3.996,15,0.000014
4694,.......(((.(..(((((........(.............)......)))))..).))).......,10,-3.996,36,0.000014
4695,.........(.((((.((......))))))..)..((...........))..((((......)))).,13,-3.996,11,0.000014
4696,.........(.(((((......)...))))..).......(((...)))...((((......)))).,13,-3.995,12,0.000014
4697,..(.....)..((((..((....)).))))....(((..((..(((...)))..)).))).......,15,-3.995,29,0.000014
4698,.......(.(.((((((....)))...)))....).)...(((...)))...((((......)))).,15,-3.995,17,0.000014
4699,.........(.((....)).)......(((.........)))..........((((......)))).,10,-3.995,21,0.000014
4700,...........(((..(((....))).)))..........((.....)).......((...))....,10,-3.994,13,0.000014
4701,...((..(((.((.(((((.....(..(((.........)))..)...))))).)).))).))....,16,-3.994,41,0.000014
4702,...........((((...........))))..........(.(...).)...((((......)))).,10,-3.994,10,0.000014
4703,......((((.((((.((......))))))....(((..(...((.....))...).)))..)))).,16,-3.993,29,0.000014
4704,...((.....))..(((....)))..(.........)...(((...)))...((((......)))).,13,-3.993,23,0.000014
4705,...........((((.(.....)...))))..........((.....))...(((........))).,10,-3.993,9,0.000014
4706,...........((((..(...)....))))......((....))........((((......)))).,11,-3.993,15,0.000014
4707,..(.....)....((((....))))...((..(...)..))...........((((......)))).,12,-3.993,26,0.000014
4708,.....(....)((((.(((....)))))))......................(((........))).,11,-3.993,8,0.000014
4709,........((.((((.(((....)))))))..))..((....))........((..((...)).)).,15,-3.992,19,0.000014
4710,...(...)...((((..((....)).))))..(...)...............((((......)))).,12,-3.992,10,0.000014
4711,..............(((....)))....((.........))...((...)).((((......)))).,11,-3.992,26,0.000014
4712,...........((((.(((....)))))))..(.(((....................))).).....,11,-3.992,20,0.000014
4713,........((.(((((......)))...))..))......(((...)))...((((......)))).,14,-3.991,18,0.000014
4714,..(.....)..((((..((....)).))))......((....)).......((........))....,11,-3.991,22,0.000014
4715,.........(.((((.(((....)))))))..)..(.............)..((((......)))).,13,-3.991,8,0.000014
4716,.........(.((((.(((....)))))))..)...(.(......)..)...((((......)))).,14,-3.991,9,0.000014
4717,........((.((((..((....)).))))..))......((.....))....(((......)))..,13,-3.991,8,0.000014
4718,..((...))..((((..(....)...))))..........(((...)))...((((......)))).,14,-3.991,13,0.000014
4719,.......(((.((....)).)))......((((.......)))).........(((......)))..,12,-3.991,31,0.000014
4720,...((..(((.((.(((((..((.(((.............)))))...))))).)).))).))....,17,-3.991,44,0.000014
4721,...........((((((....))...))))..........((.....))...(((.((...))))).,13,-3.99,14,0.000014
4722,...........((((((....))...))))..........((.....))...((((.(...))))).,13,-3.99,11,0.000014
4723,..(.....)..((((.((......))))))......................(((........))).,10,-3.99,10,0.000014
4724,.........(.(..(((((..........(((.........)))....)))))..).).........,10,-3.989,36,0.000014
4725,...((..(((.((....)).)))..))..((((.......))))........((..((...)).)).,15,-3.989,38,0.000014
4726,..((...)).((..(.....).)).....((((.......))))........((((......)))).,13,-3.989,30,0.000014
4727,..............(((....)))........(.......)...........((((......)))).,8,-3.988,22,0.000014
4728,...............((((..........((((.......))))....))))((((......)))).,12,-3.988,27,0.000014
4729,...........((((.(((....))))))).(............).......((((......)))).,12,-3.988,6,0.000014
4730,..............(((....)))...(.((((.......)))).)......(((........))).,11,-3.988,29,0.000014
4731,..............((......))........(...)...((.....))...((((......)))).,9,-3.988,18,0.000014
4732,..(.....)..((.((......))....))..........((.....))...((((......)))).,11,-3.987,14,0.000014
4733,.......(((...((((....)))).)).)......((....))........((((......)))).,13,-3.987,28,0.000014
4734,..(((......((((.(((....)))))))...)))................(((.((...))))).,15,-3.987,15,0.000014
4735,..(((......((((.(((....)))))))...)))................((((.(...))))).,15,-3.987,12,0.000014
4736,...........((((...........))))....(.....)...(.....).((((......)))).,10,-3.987,13,0.000014
4737,..(((....(.((((.(((....)))))))..))))................(((.((...))))).,16,-3.987,17,0.000014
4738,..(((....(.((((.(((....)))))))..))))................((((.(...))))).,16,-3.987,14,0.000014
4739,...(((............)))......(((.........))).((.....))((((......)))).,12,-3.987,28,0.000014
4740,..........((((.....)).)).....((((.......))))........(((.((...))))).,13,-3.987,32,0.000014
4741,..........((((.....)).)).....((((.......))))........((((.(...))))).,13,-3.987,29,0.000014
4742,........((.((((..((....)).))))..))..((....))........(((.((...))))).,15,-3.987,19,0.000014
4743,........((.((((..((....)).))))..))..((....))........((((.(...))))).,15,-3.987,16,0.000014
4744,..(.....)..((((.(((....)))))))......((....))........((..(.....).)).,13,-3.987,15,0.000014
4745,.........(.(((..(((....))).)))....).....((.....))...((((......)))).,13,-3.986,4,0.000014
4746,..(.....)...(((...........)))((((.......))))........((((......)))).,12,-3.986,19,0.000014
4747,...........((((..((....)).))))......((....))(....)..((((......)))).,13,-3.986,12,0.000014
4748,.......(((.(..(((((......((.((.....))...))......)))))..).))).......,13,-3.986,38,0.000014
4749,...........((((..((....)).))))..........((.....))....(.....).......,9,-3.986,11,0.000014
4750,...........((((.(((....)))))))......(....((...)))...((((......)))).,14,-3.985,5,0.000014
4751,..........(..((((....)))).)..((((.......))))............((...))....,11,-3.985,38,0.000014
4752,.......(((.((..((((.................((....))....))))..)).))).......,11,-3.985,40,0.000014
4753,...........(((.............)))..(.......)...........((((......)))).,8,-3.985,13,0.000014
4754,..((.......((((..((....)).)))).............)).......((((......)))).,12,-3.985,10,0.000014
4755,...........((((((....))...))))..........(.......)...((((......)))).,11,-3.985,11,0.000014
4756,...........(((((......))...)))......(......)........((((......)))).,10,-3.985,16,0.000014
4757,....((..((.((((..(......).))))..))..))..(((...)))...((((......)))).,16,-3.985,14,0.000014
4758,...........((((..((....)).)))).....................................,6,-3.985,14,0.000014
4759,..(.....)..((((.(((....)))))))..........(((...)))..(((.....).))....,14,-3.984,15,0.000014
4760,(...)....(.((((.(((....)))))))..).......((.....))...((((......)))).,15,-3.984,4,0.000014
4761,.....(((((.(..(((((..............((.....))......)))))..).)))....)).,13,-3.984,40,0.000014
4762,.......(((.((((.(((....)))))))....(((..((..(((...)))..)).)))..)))..,18,-3.983,28,0.000014
4763,...........((((.(((....)))))))..(.......)............(((......)))..,11,-3.983,7,0.000014
4764,.......(.(.((((.(((....)))))))....).)...((.....))...(((.((...))))).,16,-3.983,9,0.000014
4765,.......(.(.((((.(((....)))))))....).)...((.....))...((((.(...))))).,16,-3.983,6,0.000014
4766,...((........(((......))))).............(((...)))...((((......)))).,12,-3.983,20,0.000014
4767,.......(.(.(((..(((....))).)))....).)...............((((......)))).,12,-3.983,10,0.000014
4768,............((.....))...............((....))........((((......)))).,8,-3.983,24,0.000014
4769,..(((...(..((((.(((....))))))).).)))................(((.((...))))).,16,-3.983,17,0.000014
4770,..(((...(..((((.(((....))))))).).)))................((((.(...))))).,16,-3.983,14,0.000014
4771,..((...))..((((((....))))...))..........(((...)))...(((........))).,14,-3.983,21,0.000014
4772,...((.....(..((((....)))).)....)).......(((...)))...((((......)))).,14,-3.982,24,0.000014
4773,.........(...((((....))))...).......((....))........((((......)))).,11,-3.982,26,0.000014
4774,..((...)).(((((.(((....)))))))..)...((....))........((((......)))).,16,-3.982,14,0.000013
4775,...........((((.(((....)))))))(((.......)))(((...)))((((......)))).,17,-3.982,14,0.000013
4776,.....(..((.((((...........))))..))..)...............(((........))).,10,-3.982,18,0.000013
4777,...((.....))(((.(((....))))))((((.......))))........((((......)))).,16,-3.981,14,0.000013
4778,...........((((..((....)).))))....(.....)...((...)).((((......)))).,13,-3.981,11,0.000013
4779,..((...))..((((.(((....)))))))..........(.(...).)...((((......)))).,15,-3.981,8,0.000013
4780,..(.....)..((((..((....)).))))......((....))........(((.(.....)))).,13,-3.981,15,0.000013
4781,.......(((.(..(((((..((.(...((.........)).)))...)))))..).))).......,14,-3.981,42,0.000013
4782,.....(((((.(..(((((..........((...........))....)))))..).)))....)).,13,-3.981,41,0.000013
4783,...(...)...((((..((....)).))))......(...........)...((((......)))).,12,-3.981,9,0.000013
4784,..(.....)..((((...........))))......((....))........((..((...)).)).,11,-3.98,23,0.000013
4785,...........((((...........))))...((.....))..((...)).((((......)))).,12,-3.98,16,0.000013
4786,...........((((.(((....)))))))...........(.......)..((((......)))).,12,-3.98,5,0.000013
4787,......(.((.((((.(((....)))))))..))..).......((...)).((((......)))).,16,-3.98,14,0.000013
4788,............(((.(((....))))))....((.....))..........((((......)))).,12,-3.98,8,0.000013
4789,.....(....)...(((....)))...(((.........))).((.....))((((......)))).,13,-3.98,28,0.000013
4790,.........(...((((....)))).).....(...)...((.....))...((((......)))).,12,-3.979,20,0.000013
4791,.........(.((((...........))))..)...........(.....).((((......)))).,10,-3.979,14,0.000013
4792,..............(((....))).(...((((.......)))).)......((((......)))).,12,-3.979,27,0.000013
4793,...(((..((.((((.(((....)))))))..))..)..........))...((((......)))).,16,-3.979,12,0.000013
4794,...........((((...........))))......((....)).(...)..((((......)))).,11,-3.978,16,0.000013
4795,...((.....)).((((....))))..(((.........))).((.....))((((......)))).,15,-3.978,29,0.000013
4796,.......(((.(..(((((..((.....((.....))......))...)))))..).))).......,13,-3.978,42,0.000013
4797,...(...)...((((..((....)).))))......((....))........(((........))).,12,-3.978,14,0.000013
4798,........((.(((((......))...)))..))......(((...)))...((((......)))).,14,-3.978,16,0.000013
4799,.......(((.(..(((((..........(((..(.....))))....)))))..).))).......,13,-3.978,41,0.000013
4800,...........(((..(((....))).)))..(...)...((.....))...(((........))).,12,-3.978,6,0.000013
4801,..((...)).((((.....)).))....((.........))...........((((......)))).,12,-3.978,27,0.000013
4802,.......(.(.((((.(((....)))))))....).)...(.......)...((((......)))).,14,-3.977,6,0.000013
4803,...........((((.(.......).))))..........((.....))...(((........))).,10,-3.977,8,0.000013
4804,.....(.(((.(..(((((..........(((.........)))....)))))..).))).).....,13,-3.977,42,0.000013
4805,..........(.(((.(((....))))))...)...((....))........((((......)))).,13,-3.977,12,0.000013
4806,..(((..(..(..((((....)))).)..)...)))....((.....))...((((......)))).,15,-3.977,25,0.000013
4807,.............(((......))).((.......))...(((...)))...((((......)))).,12,-3.977,20,0.000013
4808,..((...))....((((....))))...((.....))...(((...)))...((((......)))).,15,-3.976,25,0.000013
4809,........((...((((....)))).)).((((.......))))........(((.((...))))).,15,-3.976,33,0.000013
4810,........((...((((....)))).)).((((.......))))........((((.(...))))).,15,-3.976,30,0.000013
4811,...........((((.(((....)))))))....((......................)).......,9,-3.976,16,0.000013
4812,..((...))..((((((....))))...))..(...)...............((((......)))).,13,-3.976,23,0.000013
4813,......(.((.((((.(((....)))))))..))..)...((.....))..((...)).........,14,-3.975,17,0.000013
4814,.........(.(((((......)...))))..)...((....))........((((......)))).,12,-3.975,18,0.000013
4815,...........((((.(((....)))))))....(((...(((...)))....(.....)..)))..,14,-3.975,14,0.000013
4816,..(.....)..((((..((....)).))))....((....((.....)).))((((......)))).,15,-3.975,8,0.000013
4817,.....(....)((((...........))))..(...)...((.....))...((((......)))).,12,-3.975,10,0.000013
4818,...........((((.(((....)))))))(..((.....))..).......((((......)))).,14,-3.974,8,0.000013
4819,..((...))..((((.(((....)))))))....(.....)...(.....).((((......)))).,15,-3.974,11,0.000013
4820,..........(..((((....)))).)..(....).....((.....))...((((......)))).,12,-3.974,19,0.000013
4821,.......(((.((.(((((..(..(((.((.....))...)))..)..))))).)).))).......,16,-3.974,41,0.000013
4822,.....(...).((((.(((....)))))))..........(((...)))...(((........))).,14,-3.973,6,0.000013
4823,..((...))..((((..((....)).))))..(...)......((.....))((((......)))).,15,-3.973,16,0.000013
4824,..(.....)..((((.(((....)))))))......(((.....))..)...((((......)))).,15,-3.973,11,0.000013
4825,......((((.((((.(((....)))))))..(.(((..(...............).))).))))).,16,-3.973,25,0.000013
4826,.........(.((((..((....)).))))..)...........((...)).((((......)))).,13,-3.973,12,0.000013
4827,.......(.....((((....))))....)..........((.....))...((((......)))).,11,-3.972,18,0.000013
4828,...........((((.((......))))))..............((...)).((((......)))).,12,-3.972,10,0.000013
4829,..(.....).....((......))...(.((((.......)))).)......((((......)))).,12,-3.972,28,0.000013
4830,......(.....)(((......)))....((((.......))))........((((......)))).,12,-3.972,26,0.000013
4831,......((((....(((((........(((.........)))......)))))(.....)..)))).,13,-3.972,36,0.000013
4832,..............((......)).....((((.......)))).........(((......)))..,9,-3.972,27,0.000013
4833,...(((............))).........(((.......))).........((((......)))).,10,-3.972,27,0.000013
4834,....((((((.(..(((((.........((.........)).......)))))..).)))....))),14,-3.971,41,0.000013
4835,..............(((....)))...(((.........)))..........((..((...)).)).,10,-3.971,29,0.000013
4836,..(.....)(.((((.((......))))))..).......((.....))...((((......)))).,14,-3.971,6,0.000013
4837,...........((((.(((....)))))))....(.....)..(((...)))(((........))).,14,-3.971,13,0.000013
4838,...........((((.(((....)))))))..(...)...(((...)))..((...)).........,13,-3.971,15,0.000013
4839,........((.(((((......)))...))..))..((....))........((((......)))).,13,-3.971,24,0.000013
4840,...........((((..((....)).))))..................((....))...........,8,-3.971,15,0.000013
4841,......((((.((((.((......))))))....(((......(((...))).....)))..)))).,16,-3.971,30,0.000013
4842,..((...))..((((..(....)...))))......((....))........((((......)))).,13,-3.97,19,0.000013
4843,..((...))..((((..((....)).))))...(.......)..........((((......)))).,13,-3.97,11,0.000013
4844,...........(((..(((....))).)))........(.....).......((((......)))).,11,-3.97,8,0.000013
4845,..((...))..((((..((....)).)))).(...)....((.....))...((((......)))).,15,-3.969,8,0.000013
4846,..........((..........))....((.........))..((.....))((((......)))).,10,-3.969,25,0.000013
4847,..((...))..((((((....)))...)))..........(((...)))...(((........))).,14,-3.969,19,0.000013
4848,..........(..((((....)))).)...(....)....((.....))...((((......)))).,12,-3.969,20,0.000013
4849,.....(....)((((..((....)).))))..(...)...(((...)))...((((......)))).,15,-3.968,8,0.000013
4850,...........(((.(....................).)))...........((((......)))).,8,-3.968,22,0.000013
4851,..(.....)..((((((....))))...)).............(((...)))((((......)))).,14,-3.968,25,0.000013
4852,..((...)).(..((((....)))).)..((((.......))))........(((........))).,14,-3.968,33,0.000013
4853,.........(.((((..((....)).))))..).......((.....))..((...)).........,11,-3.968,15,0.000013
4854,..((...))..((((.(((....)))))))...((.....))..((...)).((((......)))).,17,-3.968,14,0.000013
4855,...........((((.(((....)))))))..(...)...((.....))...(((..(...).))).,14,-3.968,6,0.000013
4856,..((...))..((((.(.(....).)))))..........(((...)))...((((......)))).,15,-3.967,8,0.000013
4857,..(.....)..((((.(((....)))))))............(....)....((((......)))).,13,-3.967,7,0.000013
4858,...........((((.((......))))))..........((.....))..((...)).........,10,-3.967,13,0.000013
4859,..((...)).....((......))............................((((......)))).,8,-3.967,24,0.000013
4860,...((..(((.(..(((((..((..((.............)).))...)))))..).))).))....,15,-3.967,43,0.000013
4861,..(.....)..((((...(....)..))))......................((((......)))).,10,-3.967,10,0.000013
4862,...((...((.((((.(((....)))))))..))....))...((.....))((((......)))).,17,-3.967,16,0.000013
4863,..(.....)(.((((.(((....)))))))..)....((.....))......((((......)))).,15,-3.966,12,0.000013
4864,.....(...).((((.(((....)))))))..(...)...............((((......)))).,13,-3.966,8,0.000013
4865,..........(..((((....))))...)...........(((...)))...((((......)))).,12,-3.966,20,0.000013
4866,..(.....)....((((....))))..(((.........))).((.....))((((......)))).,14,-3.966,28,0.000013
4867,..((...))..((((.(((....)))))))......((....)).(...)..((((......)))).,16,-3.966,14,0.000013
4868,..........((((.....)).))...(((.........))).(((...)))((((......)))).,14,-3.966,29,0.000013
4869,..(((.....(((((..((....)).))))..))))....((.....))...((((......)))).,16,-3.965,10,0.000013
4870,.......(((.(..(((((..........(.............)....)))))..).))).......,10,-3.965,37,0.000013
4871,..(.....)..((((..(......).))))..(...)...(((...)))...((((......)))).,14,-3.965,10,0.000013
4872,...(.......)..((......)).....((((.......))))........((((......)))).,11,-3.965,26,0.000013
4873,.......(((.((..((((........(.((((.......)))).)..))))..)).))).......,14,-3.965,42,0.000013
4874,.....(...).((((..((....)).))))...((.....))..........((((......)))).,13,-3.965,10,0.000013
4875,.....(....)((((..(......).))))..........((.....))...((((......)))).,12,-3.965,6,0.000013
4876,.....(...)...((((....))))..(((.........)))..........((((......)))).,12,-3.964,24,0.000013
4877,.......(((.(..((((((.((....(((.........))).)))..)))))..).))).......,15,-3.964,43,0.000013
4878,.....(....)...(((....)))......(((.......))).........((((......)))).,11,-3.964,27,0.000013
4879,...........((((.(((....))))))).(...)((....))........((((......)))).,14,-3.964,10,0.000013
4880,..((...))..((((((....))))...))......(...........)...((((......)))).,13,-3.964,22,0.000013
4881,...........((((...........))))..........(.......)...(((........))).,8,-3.964,10,0.000013
4882,.......(((.((..((((........(((..(...)..)))......)))).).).))).......,13,-3.964,39,0.000013
4883,..........(..((((....)))).).............((.....))...(((.((...))))).,12,-3.964,23,0.000013
4884,..........(..((((....)))).).............((.....))...((((.(...))))).,12,-3.964,20,0.000013
4885,...........((((.(((....)))))))..(...)......((.....)).(((......)))..,13,-3.964,12,0.000013
4886,..(((...(..((((.(((....))))))))..)))....(((...)))...((((......)))).,18,-3.964,10,0.000013
4887,......(.((.((((.(((....)))))))..))..)...((.....)).......((...))....,14,-3.964,17,0.000013
4888,..(.....)..((((.(((....)))))))......((....)).......(((.....).))....,13,-3.963,21,0.000013
4889,.........(...((((....)))).)..((((.......)))).........(((......)))..,12,-3.963,29,0.000013
4890,..........((..........))..((.......))...............((((......)))).,8,-3.963,22,0.000013
4891,.......(((.(..(((((((..((..........))...))......)))))..).))).......,13,-3.963,40,0.000013
4892,...((.....)).((((....)))).....(((.......))).........((((......)))).,13,-3.963,28,0.000013
4893,.......(((.(..(((((........(..(((.......))).)...)))))..).))).......,13,-3.963,41,0.000013
4894,.........(.((((.(((....)))))))..)..........(((...)))(((........))).,14,-3.963,14,0.000013
4895,..........((((.....)).))....((.....))...............((((......)))).,10,-3.963,24,0.000013
4896,..(.....)..(((..(((....))).)))..(.......)...........((((......)))).,12,-3.963,9,0.000013
4897,...(...)......(((....)))................(((...)))...((((......)))).,11,-3.963,21,0.000013
4898,...((..............))...................((.....))...((((......)))).,8,-3.963,18,0.000013
4899,...(((...)))..(((....)))....((.........))...........((((......)))).,12,-3.963,27,0.000013
4900,..........((.((.....))))....((.....))...(((...)))...((((......)))).,13,-3.962,22,0.000013
4901,..((...))..((((...........))))..........((.....))...((..........)).,10,-3.962,14,0.000013
4902,...........((((.(((....))))))).......((.....)).....((...)).........,11,-3.962,19,0.000013
4903,...((........(((......))))).........((....))........((((......)))).,11,-3.962,26,0.000013
4904,...........((((.(((....)))))))..(...)...............((..((...)).)).,12,-3.962,13,0.000013
4905,..(.....).....(((....)))..........(.....)...........((((......)))).,9,-3.962,24,0.000013
4906,..((...))..((((((....)))...)))..(...)...............((((......)))).,13,-3.962,21,0.000013
4907,..((...))..((((((....))))...))......((....))........(((........))).,13,-3.962,27,0.000013
4908,...((.....(..((((....)))).)....))...((....))........((((......)))).,13,-3.962,30,0.000013
4909,......((((....(((((...(.....)((((.......))))....))))).........)))).,14,-3.962,40,0.000013
4910,........................................(((...)))...((((......)))).,7,-3.961,16,0.000013
4911,..(((........((((....))))........)))....((.....))...(((........))).,12,-3.961,25,0.000013
4912,.......(((.(..(((((......(..((..(...)..)).).....)))))..).))).......,13,-3.961,40,0.000013
4913,...((..(((.(......).)))..))..(((.........)))........(((........))).,12,-3.961,32,0.000013
4914,...........((((..((....)).))))...((.....))..........((..((...)).)).,12,-3.96,15,0.000013
4915,...((.....))..(((....)))....((.........))..(((...)))((((......)))).,14,-3.96,31,0.000013
4916,......(.((.((((((....))...))))..))..)...............((((......)))).,13,-3.96,19,0.000013
4917,(...)..(((.(..(((((..........((((.......))))....)))))..).))).......,14,-3.96,43,0.000013
4918,.....(....)((((..((....)).)))).......((.....))......((((......)))).,13,-3.96,12,0.000013
4919,...........((((...........))))..........((.....))..((((...)).))....,10,-3.96,18,0.000013
4920,.......(...((((...........))))......)...(((...)))...((((......)))).,12,-3.96,10,0.000013
4921,...........((((.(((....)))))))...((.....)).((.....))....((...))....,13,-3.96,21,0.000013
4922,..........(((.......).))...(((.........)))..........((((......)))).,10,-3.959,22,0.000013
4923,...........((((...........))))......................(((..(...).))).,8,-3.959,14,0.000013
4924,...........((((.(((....)))))))..(...)...(((...))).......((...))....,13,-3.959,15,0.000013
4925,...(...)...(((.............)))..........(((...)))...((((......)))).,11,-3.959,12,0.000013
4926,...........((((.(((....)))))))......((....))....(..(.....).).......,11,-3.959,19,0.000013
4927,..(.....)..(((.............)))....(.....)...........((((......)))).,9,-3.959,15,0.000013
4928,............(((.................))).................((((......)))).,7,-3.959,21,0.000013
4929,..........(..((((....)))).).............(.......)...((((......)))).,10,-3.958,20,0.000013
4930,...........((((..((....)).)))).........(((.....))..)((((......)))).,13,-3.958,4,0.000013
4931,......(.....).(((....)))................(((...)))...((((......)))).,11,-3.958,20,0.000013
4932,......((((.((((...........))))....(((..(((.....))......).)))..)))).,14,-3.958,25,0.000013
4933,..(.....).((.((.....))))...(((.........)))..........((((......)))).,12,-3.958,25,0.000013
4934,.......(((.(..((((....(.((.(((.........)))..))..)))))..).))).......,14,-3.957,40,0.000013
4935,...(...)...((((.(((....)))))))..........(((...)))....(((......)))..,14,-3.957,6,0.000013
4936,........((.(((((......))...)))..))..((....))........((((......)))).,13,-3.957,22,0.000013
4937,..(.....)..((((.(((....)))))))....(.....)............(((......)))..,12,-3.957,9,0.000013
4938,..((...))..(((..(((....))).)))......................(((........))).,11,-3.957,12,0.000013
4939,..(.....)..((((..(......).)))).......((.....))......((((......)))).,12,-3.957,14,0.000013
4940,..............(((....))).....((((.......))))........(((..(...).))).,11,-3.957,30,0.000013
4941,..(.....).....(((....)))..(.........)...............((((......)))).,9,-3.956,24,0.000013
4942,..(.....)..((((.(((....)))))))(....)....(((...)))...((((......)))).,16,-3.956,6,0.000013
4943,...........((((..((....)).))))..(...)...............(((.((...))))).,12,-3.956,13,0.000013
4944,...........((((..((....)).))))..(...)...............((((.(...))))).,12,-3.956,10,0.000013
4945,.........(.((((..((....)).))))..).......((.....)).......((...))....,11,-3.956,15,0.000013
4946,..((...))..((((..((....)).))))..........(((...)))...((..........)).,13,-3.956,12,0.000013
4947,...........((((.((......))))))..........((.....)).......((...))....,10,-3.956,13,0.000013
4948,...((.....))..(((....)))...(((.........)))..........(((........))).,11,-3.955,27,0.000013
4949,...........(.((((((.(((.............((....)).........))).)).)))).).,12,-3.955,38,0.000013
4950,...((........((((....))))))..((((.......))))........(((.((...))))).,15,-3.955,33,0.000013
4951,...((........((((....))))))..((((.......))))........((((.(...))))).,15,-3.955,30,0.000013
4952,.....(...).((((.(((....)))))))......(...........)...((((......)))).,13,-3.955,7,0.000013
4953,..((...))..((((.(....)....))))..........((.....))...((((......)))).,13,-3.955,11,0.000013
4954,..........(((((...........))))....).....(((...)))...((((......)))).,12,-3.954,10,0.000013
4955,...(((............))).....(.........)...((.....))...((((......)))).,10,-3.954,20,0.000013
4956,..(.....)..((((((....)))...))).............(((...)))((((......)))).,14,-3.954,23,0.000013
4957,............(((.(((....))))))((((.......))))........(((........))).,13,-3.954,13,0.000013
4958,...........((((..((....)).))))..........(((...)))..((((...)).))....,13,-3.954,16,0.000013
4959,...........((((...........))))..........((.....))...((.(......).)).,9,-3.954,8,0.000013
4960,.......(((.(..(((((..((....(((.(...)...))).))...)))))..).))).......,15,-3.953,43,0.000013
4961,..(.....)..((...............))..........((.....))...((((......)))).,9,-3.953,12,0.000013
4962,......((((.(..(((((..........((((.......))))....)))))......)..)))).,14,-3.953,40,0.000013
4963,(.......)..((((.(((....)))))))...((.....))..........((((......)))).,14,-3.953,8,0.000013
4964,...........((((...........))))......((....))....(..((...)).).......,9,-3.953,26,0.000013
4965,...((..(((.((....)).)))..))..(((.........)))........(((........))).,13,-3.953,32,0.000013
4966,...........((((...........)))).((.......)).((.....))((((......)))).,12,-3.953,16,0.000013
4967,.....(...).((((.(((....)))))))......((....))........(((........))).,13,-3.953,12,0.000013
4968,..............(((....)))...(((..(...)..))).(((...)))((((......)))).,14,-3.952,30,0.000013
4969,...........((((((....))))...))..............(.....).((((......)))).,11,-3.952,19,0.000013
4970,......((((.((((..((....)).))))....(((..((((...)))......).)))..)))).,17,-3.952,23,0.000013
4971,..((...))..((((.(((....)))))))..........(.......)...(((........))).,13,-3.951,8,0.000013
4972,.....(((((.(..(((((.....(((.((.....))...))).....)))))..).)))....)).,16,-3.951,41,0.000013
4973,..(((...((...((((....)))).)).....)))................((((......)))).,13,-3.951,29,0.000013
4974,......(.((.(..(((((..........((((.......))))....)))))..).))).......,13,-3.951,41,0.000013
4975,...(...)...((((.(((....)))))))...(..((....)).)......((((......)))).,15,-3.951,12,0.000013
4976,...........((((.(((....))))))).......((.....))..........((...))....,11,-3.951,19,0.000013
4977,...........((((.(((....)))))))......(...........)...((..((...)).)).,12,-3.951,12,0.000013
4978,..((...))..((((((....)))...)))......(...........)...((((......)))).,13,-3.951,20,0.000013
4979,..(.....)....((((....)))).....(((.......))).........((((......)))).,12,-3.951,27,0.000013
4980,......((((.((((((....))))...))....(((......((.....)).....)))..)))).,15,-3.95,39,0.000013
4981,..(((....(...((((....))))...)....)))....((.....))...((((......)))).,14,-3.95,24,0.000013
4982,...........((((..(......).)))).((.......))..........((((......)))).,11,-3.95,10,0.000013
4983,...........((((.(((....)))))))......((....))....(..((((...)).))..).,14,-3.95,20,0.000013
4984,...........((((...........))))......((....))....(..((........))..).,9,-3.95,24,0.000013
4985,.........(.(((..(((....))).)))..).......((.....))...(((.((...))))).,14,-3.949,9,0.000013
4986,.........(.(((..(((....))).)))..).......((.....))...((((.(...))))).,14,-3.949,6,0.000013
4987,......(....((((..((....)).))))......)...............((((......)))).,11,-3.949,8,0.000013
4988,.......(((..........)))....(((..(...)..)))..........((((......)))).,11,-3.949,27,0.000013
4989,.......(((.(..(((((..(.....(((.........)))..)...)))))..).))).......,13,-3.949,39,0.000013
4990,...........((((...........))))..........(((...)))...((..(.....).)).,10,-3.949,13,0.000013
4991,......((((.((((.(((....)))))))..(.(((..(...((.....))...).))).))))).,18,-3.949,29,0.000013
4992,..((...))..((((((....)))...)))......((....))........(((........))).,13,-3.948,25,0.000013
4993,.........(.((((.((......))))))....).....((.....))...((((......)))).,13,-3.948,4,0.000013
4994,.....(...)..(((((....)))).)..((((.......))))........((((......)))).,14,-3.948,28,0.000013
4995,.....(...)..(((((....))).))..((((.......))))........((((......)))).,14,-3.948,28,0.000013
4996,..((...))..((((((....))...))))...((.....))..........((((......)))).,14,-3.948,19,0.000013
4997,...........(((((......)))...))..........(((...)))...(((........))).,11,-3.948,16,0.000013
4998,.........(.((((.(((....)))))))..)........(.....)....((((......)))).,13,-3.947,4,0.000013
4999,...........((((..((....)).))))..........(((...)))...((.(......).)).,12,-3.947,6,0.000013
5000,...((..(.(.((((..((....)).))))....).).))............((((......)))).,14,-3.947,14,0.000013
5001,.....(....)...(((....)))..(.........)...((.....))...((((......)))).,11,-3.947,20,0.000013
5002,..((...))..((((.(((....)))))))..........((.....))..((((...)).))....,15,-3.947,16,0.000013
5003,.......(((.(..(((((.(((...........)))....(.....))))))..).))).......,13,-3.947,40,0.000013
5004,..((...))..((((...........))))..........((.....))..((........))....,10,-3.947,20,0.000013
5005,...........((((..((....)).))))..........((.....))....((........))..,10,-3.947,6,0.000013
5006,...........((((..((....)).)))).((.......)).(((...)))((((......)))).,15,-3.947,14,0.000013
5007,.....(...)....(((....))).....(((.........)))........((((......)))).,11,-3.947,27,0.000013
5008,..((...))..((((.(((....)))))))......................(((..(...).))).,13,-3.947,12,0.000013
5009,..((...))..((((.(.(....).)))))......((....))........((((......)))).,14,-3.947,14,0.000013
5010,.......(((.(..(((((..((..((.............))..))..)))))..).))).......,13,-3.946,40,0.000013
5011,..(.....)..((((.(((....)))))))...........(....).....((((......)))).,13,-3.946,7,0.000013
5012,..........(..((((....))))...).......((....))........((((......)))).,11,-3.945,26,0.000013
5013,...........((((..((....)).))))..(..................)((((......)))).,11,-3.945,8,0.000013
5014,.....(..((.((((.(........)))))..))..)...((.....))...((((......)))).,14,-3.945,10,0.000013
5015,...........((((..((....)).))))......(...........)...(((.((...))))).,12,-3.945,12,0.000013
5016,...........((((..((....)).))))......(...........)...((((.(...))))).,12,-3.945,9,0.000013
5017,.............((((....))))..................((.....))((((......)))).,10,-3.945,25,0.000013
5018,.......(.(.((((.((......))))))....).)...............((((......)))).,12,-3.945,10,0.000013
5019,.........(.(((..(((....))).)))..).......(.......)...((((......)))).,12,-3.944,6,0.000013
5020,...(..(.((.((((.(((....)))))))..))..)..)(((...)))...((((......)))).,18,-3.944,10,0.000013
5021,..((...)).(..((((....)))).).((.........))...........((((......)))).,13,-3.944,27,0.000013
5022,..((...))....(((......)))...............((.....))...((((......)))).,11,-3.944,20,0.000013
5023,.........(.((((.(((....)))))))....)..((.....))......((((......)))).,14,-3.943,10,0.000013
5024,.........(.((((.(((....)))))))..).......(((...)))..................,11,-3.943,12,0.000013
5025,.......(((.((.(((((..(..(((.............)))..)..)))))).).))).......,14,-3.943,39,0.000013
5026,..............(((....)))....((.....))...((.....))...(((........))).,10,-3.943,21,0.000013
5027,........((.((((.(((....)))))))..))..........((...)).((((......)))).,15,-3.942,12,0.000013
5028,..(.....)..((((.(((....))))))).............((.....))(((.((...))))).,15,-3.942,15,0.000013
5029,..(.....)..((((.(((....))))))).............((.....))((((.(...))))).,15,-3.942,12,0.000013
5030,...(...)......(((....)))............((....))........((((......)))).,10,-3.942,27,0.000013
5031,.......(((.((.(((((...(....(((.........)))).....))))).)).))).......,14,-3.942,39,0.000013
5032,.......(((..........)))...((.......))...(((...)))...((((......)))).,12,-3.942,24,0.000013
5033,.......(....)(((......)))....((((.......))))........((((......)))).,12,-3.942,26,0.000013
5034,.......(((.(..(((((......(...............)......)))))..).))).......,10,-3.942,36,0.000013
5035,......((((....(((((.............................))))).........)))).,9,-3.941,34,0.000013
5036,.............(((......)))...((.....))...(((...)))...((((......)))).,12,-3.941,20,0.000013
5037,..((...))..((((..((....)).))))..........(((...)))..((........))....,13,-3.941,18,0.000013
5038,..((...))..((((.(((....)))))))..........((.....))...((.(......).)).,14,-3.941,6,0.000013
5039,.......(((.(..(((((..((.(...((.........))).))...)))))..).))).......,14,-3.941,41,0.000013
5040,....................................((....))........((((......)))).,6,-3.941,22,0.000013
5041,...........(((((......)))...))..(...)...............((((......)))).,10,-3.94,18,0.000013
5042,..((...))..((((.(((....)))))))......((....))....(..((...)).).......,14,-3.94,24,0.000013
5043,..((...))..((((.(((....))))))).((.......)).((.....))((((......)))).,17,-3.94,14,0.000013
5044,...(((...((....)).))).......((.........))...........((((......)))).,11,-3.94,27,0.000013
5045,..........(.((.....))..)....((.........))...........((((......)))).,9,-3.94,22,0.000013
5046,...........((((.((......))))))..(...)...((.....))...(((........))).,12,-3.939,6,0.000013
5047,......(.((.((((...........))))..))..)...............(((........))).,10,-3.939,18,0.000013
5048,...(...)...(((.............)))......((....))........((((......)))).,10,-3.939,18,0.000013
5049,.......(((.((((.(((....)))))))..))..)......(((...)))((((......)))).,17,-3.938,16,0.000013
5050,...........((((((....)))...)))..............(.....).((((......)))).,11,-3.938,17,0.000013
5051,..((...)).....(((....)))....((.........))...........(((........))).,10,-3.938,28,0.000013
5052,..((...))(.(((..(((....))).)))..).......((.....))...((((......)))).,15,-3.938,8,0.000013
5053,....((..((.((((((....))...))))..))..))..((.....))...((((......)))).,16,-3.938,17,0.000013
5054,...((..(((.(......).)))..)).((.....))...(((...)))...((((......)))).,15,-3.938,26,0.000013
5055,..(.....)..(.((((((.((((.....((((.......)))).......)).)).)).)))).).,16,-3.938,42,0.000013
5056,..(.....)..(.((((((.((((.....((((.......)))).......).))).)).)))).).,16,-3.938,42,0.000013
5057,........((.((((.(((....)))))))..))......((.....))..((...)).........,13,-3.937,15,0.000013
5058,..(.....((.((((.(((....)))))))..)).)................((((......)))).,14,-3.937,10,0.000013
5059,......(.....).(((....)))............((....))........((((......)))).,10,-3.937,26,0.000013
5060,..............(((((..........((((.......))))....)))))(((......)))..,12,-3.937,29,0.000013
5061,..((...))..((((.(((....)))))))......((....))....(..((........))..).,14,-3.937,22,0.000013
5062,......((((.((((((....)))...)))....(((......((.....)).....)))..)))).,15,-3.937,37,0.000013
5063,..............(((....))).....(....).....(((...)))...((((......)))).,11,-3.937,20,0.000013
5064,...........((((((....))))...))....((..............))((((......)))).,12,-3.937,21,0.000013
5065,..........(..((.....)).)................(((...)))...((((......)))).,10,-3.937,19,0.000013
5066,...(...)...((((.(((....)))))))......((....)).........(((......)))..,13,-3.937,12,0.000012
5067,..((...))..((((...........))))..........((.....))...(((.(.....)))).,12,-3.936,13,0.000012
5068,.......(((.((.(((((...(.....).(((.......))).....))))).)).))).......,14,-3.936,41,0.000012
5069,......((((.((((...........))))....(((...(..((.....)).)...)))..)))).,14,-3.936,32,0.000012
5070,..((...))..((((.(((....)))))))..........(((...)))...((..(.....).)).,15,-3.936,11,0.000012
5071,......((((.((((.(((....)))))))....(((..((............).).)))..)))).,16,-3.936,23,0.000012
5072,..((...))..((((..((....)).))))......((....))........((..........)).,12,-3.935,18,0.000012
5073,...........(((((......))...)))..........(((...)))...(((........))).,11,-3.934,14,0.000012
5074,.......(((.(..(((((.....(..(((..(...)..)))).....)))))..).))).......,14,-3.934,40,0.000012
5075,........(..((((..((....)).)))).)....................((((......)))).,11,-3.934,8,0.000012
5076,...((......((((...........))))........))............((((......)))).,10,-3.934,14,0.000012
5077,..........((((.....)).))..(.........)...(((...)))...((((......)))).,12,-3.933,21,0.000012
5078,..........((..(.....).))..((.......))...((.....))...((((......)))).,11,-3.933,19,0.000012
5079,...........((((..((....)).))))......((....)).......((((...)).))....,12,-3.933,22,0.000012
5080,...........(((..(........).)))..........((.....))...((((......)))).,10,-3.933,6,0.000012
5081,...........((((.(((....)))))))......................(.((......)).).,10,-3.932,6,0.000012
5082,........((.((((...........))))..))(.....)...........((((......)))).,11,-3.932,15,0.000012
5083,.......(((.((.(((((..(...(.(((.........))))..)..))))).)).))).......,15,-3.932,40,0.000012
5084,..............(((....)))......(....)....(((...)))...((((......)))).,11,-3.932,21,0.000012
5085,.........(.((((..((....)).))))..).....(.....).......((((......)))).,12,-3.932,10,0.000012
5086,..((...))..((((...........))))....(.....)..(((...)))((((......)))).,14,-3.932,21,0.000012
5087,..(.....)..((((.(((....)))))))..........((.....))..(.....).........,11,-3.932,12,0.000012
5088,.....(((((.(..(((((...(......((((.......)))))...)))))..).)))....)).,16,-3.931,45,0.000012
5089,...........((((.(((....)))))))....(((...(..((.....))..)..))).......,13,-3.931,22,0.000012
5090,...........((((.(((....)))))))....(.....)..(.......)((((......)))).,13,-3.931,7,0.000012
5091,...........((((.((......))))))........(.....).......((((......)))).,11,-3.931,8,0.000012
5092,.........(.((((.(((....)))))))..).(.....)..((.....))((((......)))).,15,-3.931,11,0.000012
5093,..(.....)..((((...........))))..............((...)).((((......)))).,11,-3.931,16,0.000012
5094,......((((.(..(((((..........(((.........)))....)))))..).))).).....,13,-3.93,42,0.000012
5095,..(.....)...(((.(((....)))))).......................((((......)))).,11,-3.93,8,0.000012
5096,.......(((.(......).))).....((.........))...........(((........))).,9,-3.93,27,0.000012
5097,..((...))..((((..((....)).))))..........(((...)))...(((.(.....)))).,15,-3.93,11,0.000012
5098,......(...)...(((....)))....((.........))...........((((......)))).,10,-3.93,24,0.000012
5099,..((...))..((((...........))))....(((..((..((.....))..)).))).......,13,-3.93,33,0.000012
5100,......((((.((((..((....)).))))....(((...(..(((...))).)...)))..)))).,17,-3.93,30,0.000012
5101,...((..(((.((....)).)))..)).((.....))...(((...)))...((((......)))).,16,-3.93,26,0.000012
5102,..((...))..((((...........))))..........(((...)))...((..((...)).)).,13,-3.93,19,0.000012
5103,.......(((.((.(((((..(..((...............))..)..))))).)).))).......,13,-3.929,39,0.000012
5104,...........((((.(((....))))))).....(....((.....)).).((((......)))).,14,-3.929,2,0.000012
5105,.......(((.((.(((((.....(....((((.......)))).)..))))).)).))).......,15,-3.929,42,0.000012
5106,.....((.((.((.(((((........(((.........)))......))))).)).)).....)).,14,-3.929,37,0.000012
5107,...........(((((......)))...))......(...........)...((((......)))).,10,-3.929,17,0.000012
5108,..........(..((((....)))).).((.....))...............((((......)))).,11,-3.929,24,0.000012
5109,..((.........((((....)))).........))....((.....))...((((......)))).,12,-3.928,21,0.000012
5110,...........((((..(.......)))))......................((((......)))).,9,-3.928,10,0.000012
5111,........((.(......).)).....(((.........)))..........((((......)))).,10,-3.928,23,0.000012
5112,.............((((....))))....((((.......))))........((..((...)).)).,12,-3.928,33,0.000012
5113,...........((((...........))))......((....))........((..(.....).)).,9,-3.928,19,0.000012
5114,.......(....).(((....)))................(((...)))...((((......)))).,11,-3.928,20,0.000012
5115,.....(....)((((.(((....)))))))..(.......)...........((((......)))).,13,-3.927,7,0.000012
5116,.......(((.(..(((((...(.(((.............))))....)))))..).))).......,13,-3.927,39,0.000012
5117,..((...))..((((..((....)).))))....(.....)...........(((........))).,12,-3.927,13,0.000012
5118,..........(((((.(((....)))))))..).......((.....))...(((........))).,13,-3.927,4,0.000012
5119,..(.....)..((((((....))))...)).....((...........))..((((......)))).,13,-3.927,22,0.000012
5120,...........(((((......))...)))..(...)...............((((......)))).,10,-3.927,16,0.000012
5121,..(.....).....((......))....((.....))...((.....))...((((......)))).,11,-3.927,20,0.000012
5122,..............(((....)))................(((...)))...(((.((...))))).,11,-3.927,24,0.000012
5123,..............(((....)))................(((...)))...((((.(...))))).,11,-3.927,21,0.000012
5124,...........(((((......)))...))......((....))........(((........))).,10,-3.927,22,0.000012
5125,..((...))..((((...........))))...((.....))..........(((........))).,11,-3.927,18,0.000012
5126,...........((((..((....)).))))......((....))........((.(......).)).,11,-3.927,12,0.000012
5127,.......(((.((..((((..((....................))...))))..)).))).......,11,-3.926,40,0.000012
5128,........((.((((.(((....)))))))..))......((.....)).......((...))....,13,-3.926,15,0.000012
5129,......((((.((((.(((....)))))))..(.(((......(((...))).....))).))))).,18,-3.926,30,0.000012
5130,..(.....)..((((...........))))..........((.....))..((...)).........,9,-3.926,19,0.000012
5131,...........((((...........))))..........(((...)))..(((.....).))....,10,-3.925,19,0.000012
5132,.............((((....))))..((...........))..........((((......)))).,10,-3.925,21,0.000012
5133,..(.....)..((((.((......))))))..(.......)...........((((......)))).,12,-3.924,9,0.000012
5134,...........((((..(......).)))).......(....).........((((......)))).,10,-3.924,10,0.000012
5135,.......(((.(..(((((..((.....................))..)))))..).))).......,11,-3.924,40,0.000012
5136,..((...))..((((..((....)).))))....(((..((..(((...)))..)).))).......,16,-3.924,31,0.000012
5137,..........(..((((....)))).)..((((.......))))(.....).((((......)))).,14,-3.924,29,0.000012
5138,...........((((.(((....))))))).....(((....).....))..((((......)))).,14,-3.924,9,0.000012
5139,...........(((.............)))..........(((...)))...(((.((...))))).,11,-3.924,15,0.000012
5140,...........(((.............)))..........(((...)))...((((.(...))))).,11,-3.924,12,0.000012
5141,...........((((.(((....))))))).((.......))..(.....).((((......)))).,14,-3.923,8,0.000012
5142,.........(...(((......))).).........................((((......)))).,8,-3.923,21,0.000012
5143,...........((((((....)))...)))....((..............))((((......)))).,12,-3.923,19,0.000012
5144,.........(.((((.(((....)))))))..)..........(.......)((((......)))).,13,-3.923,8,0.000012
5145,........((.((((((....))...))))..))..................((((......)))).,12,-3.922,17,0.000012
5146,.........(.((((.(((....)))))))..)...((....)).......................,10,-3.922,18,0.000012
5147,.......(((..........)))......((((.......))))........(((........))).,10,-3.922,31,0.000012
5148,.......(((.((....)).))).....((.........))...........(((........))).,10,-3.922,27,0.000012
5149,.......(((.(..(((((.....(.................).....)))))..).))).......,10,-3.922,37,0.000012
5150,.........(.((((.(((....)))))))..)..((...........))..(((........))).,13,-3.922,11,0.000012
5151,...........((((.(((....)))))))..........(((...)))....((.((...))))..,14,-3.922,9,0.000012
5152,...........((((.(((....)))))))..........(((...)))....(((.(...))))..,14,-3.922,6,0.000012
5153,..((...))....((((....))))...((..(...)..))...........((((......)))).,13,-3.922,28,0.000012
5154,....................(((...........)))......((.....))((((......)))).,9,-3.922,28,0.000012
5155,...(((............))).......((.........))..((.....))((((......)))).,11,-3.921,28,0.000012
5156,..(.....)..((((.(((....)))))))..........((.....)).......(.....)....,11,-3.92,11,0.000012
5157,..((...))..((((..((....)).))))......((....)).......((........))....,12,-3.92,24,0.000012
5158,........((.((....)).)).....(((.........)))..........((((......)))).,11,-3.92,23,0.000012
5159,..(.....)..((((..((....)).))))..........(((...)))..((...)).........,12,-3.919,17,0.000012
5160,...........(((..((......)).)))....(.....)...........((((......)))).,10,-3.919,9,0.000012
5161,...(...)...((((...........)))).............((.....))((((......)))).,11,-3.919,16,0.000012
5162,.......(((..........))).((.(((.........)))..))......((((......)))).,12,-3.919,27,0.000012
5163,..(.....)..((((((....))...))))..(...)...((.....))...((((......)))).,14,-3.919,13,0.000012
5164,..((...))..((((.((......))))))......................(((........))).,11,-3.918,12,0.000012
5165,.......(((.(..(((((....(.....)..................)))))..).))).......,10,-3.918,36,0.000012
5166,.......(((.((.((.((........(((.........)))......)).)).)).))).......,12,-3.917,36,0.000012
5167,.........(.....)...........(((.........)))..........((((......)))).,8,-3.917,21,0.000012
5168,....((..((.((((...........))))..))..))..((.....))...(((........))).,13,-3.917,16,0.000012
5169,...........((.(((....)))....)).............((.....))((((......)))).,11,-3.917,21,0.000012
5170,......((((.((((.(((....)))))))....(((((.....))...........)))..)))).,16,-3.917,26,0.000012
5171,...........(.((((((.((.(.....((((.......)))).......)..)).)).)))).).,14,-3.917,39,0.000012
5172,.......(((.((.(((((...........((.........)).....))))).)).))).......,12,-3.916,39,0.000012
5173,...........((((...(....)..))))..(...)...((.....))...((((......)))).,12,-3.916,6,0.000012
5174,..(.....)..((((..((....)).))))..........((.....))...(((..(...).))).,13,-3.916,8,0.000012
5175,..((...))..((.((......))....))..........((.....))...((((......)))).,12,-3.916,16,0.000012
5176,......((((.(..(((((..((....(((.........))).))...)))))..).).....))).,15,-3.916,40,0.000012
5177,..........(..((.....)).)............((....))........((((......)))).,9,-3.916,25,0.000012
5178,....((((((.(..(((((.....(..(((.........)))..)...)))))..).)))....))),16,-3.916,42,0.000012
5179,...........(((((......))...)))......(...........)...((((......)))).,10,-3.916,15,0.000012
5180,...........((((.(((....))))))).............((.....))((..........)).,11,-3.916,12,0.000012
5181,...(((............))).....((.......))...............((((......)))).,9,-3.916,25,0.000012
5182,.......(((.((.(((((............((.......))......))))).)).))).......,12,-3.915,38,0.000012
5183,...........((((.(((....)))))))...(..((....)).)......(((.((...))))).,15,-3.915,15,0.000012
5184,...........((((.(((....)))))))...(..((....)).)......((((.(...))))).,15,-3.915,12,0.000012
5185,...........((((..((....)).))))....(((..((.............)).))).......,11,-3.915,21,0.000012
5186,..((...))..((((.(((....)))))))......((....))........((..(.....).)).,14,-3.915,17,0.000012
5187,..((...))...(((...........)))((((.......))))........((((......)))).,13,-3.915,21,0.000012
5188,........((.(..(((((..........(((.........)))....)))))..).))........,11,-3.915,38,0.000012
5189,...........((((...........))))......(((.....))..)...((((......)))).,11,-3.914,15,0.000012
5190,.....(....)...(((....)))....((.........))..((.....))((((......)))).,12,-3.914,28,0.000012
5191,...........((((.(((....))))))).......................((.....)).....,9,-3.914,14,0.000012
5192,..(.....)..((((...........))))..........((.....)).......((...))....,9,-3.914,19,0.000012
5193,.........(.((((((....))))...))..)...(......)........((((......)))).,12,-3.914,21,0.000012
5194,..(.....)..((((((....)))...))).....((...........))..((((......)))).,13,-3.914,20,0.000012
5195,...........(((((......))...)))......((....))........(((........))).,10,-3.913,20,0.000012
5196,......(((..((((.(((....)))))))....(((......((.....)).....)))...))).,15,-3.913,25,0.000012
5197,...((.....)).((((....))))...((.........))..((.....))((((......)))).,14,-3.913,29,0.000012
5198,...(...)...((((..((....)).)))).............(((...)))((((......)))).,14,-3.913,14,0.000012
5199,..((...))..((((.(((....)))))))..........(((...)))..(((.....).))....,15,-3.913,17,0.000012
5200,....((((((.(..(((((..((.(((.............)))))...)))))..).)))....))),17,-3.913,45,0.000012
5201,...........(((((......)...))))...((.....))..........((((......)))).,11,-3.913,14,0.000012
5202,..(.....)..((((..((....)).)))).............((.....)).(((......)))..,12,-3.912,14,0.000012
5203,............(((..((....)).)))(((.........)))........((((......)))).,12,-3.912,12,0.000012
5204,...........(.((((((.(((....(((..(...)..)))...........))).)).)))).).,14,-3.912,37,0.000012
5205,...((..(((.(......).)))..)).........(......)........((((......)))).,11,-3.912,28,0.000012
5206,......(...)((((...........))))..........(((...)))...((((......)))).,12,-3.912,10,0.000012
5207,.....(..((.(..(((((..........((((.......))))....)))))..).))..).....,13,-3.911,41,0.000012
5208,.........(.((((.((......))))))..).......((.....))...(((.((...))))).,14,-3.911,9,0.000012
5209,.........(.((((.((......))))))..).......((.....))...((((.(...))))).,14,-3.911,6,0.000012
5210,.....(((((.(..(((((...(.....)(((.........)))....)))))..).)))....)).,15,-3.911,43,0.000012
5211,.........(.(((..((......)).)))..)...................((((......)))).,10,-3.911,10,0.000012
5212,....((..((.((((..((....)).))))..))..))..(((...)))...(((........))).,16,-3.911,14,0.000012
5213,......(.....)((((....))))...............((.....))...((((......)))).,11,-3.911,18,0.000012
5214,..(.....)..((((..((....)).))))......................((..((...)).)).,11,-3.911,15,0.000012
5215,..............(((....)))................((.....))....(((......)))..,8,-3.91,19,0.000012
5216,..(.....)..((((.(((....))))))).(.((.....))..).......((((......)))).,15,-3.91,10,0.000012
5217,..((...))..((((..((....)).))))......((....))........(((.(.....)))).,14,-3.91,17,0.000012
5218,..((...))..((((...........))))......((....))........((..((...)).)).,12,-3.909,25,0.000012
5219,...........((((...........))))............(....)....((((......)))).,9,-3.909,11,0.000012
5220,.........(.((((.(((....)))))))..)...((....))....((....))...........,12,-3.909,19,0.000012
5221,...(((...))).((((....))))..(((.........)))..........((((......)))).,14,-3.909,27,0.000012
5222,.....(....)...(((....)))..((.......))...............((((......)))).,10,-3.908,25,0.000012
5223,..........((.((.....))))....((..(...)..))...........((((......)))).,11,-3.908,25,0.000012
5224,..(.....)..((((..((....)).))))..........(((...))).......((...))....,12,-3.908,17,0.000012
5225,...((.....))..(((....))).........((.....))..........((((......)))).,11,-3.908,26,0.000012
5226,.....(....)..(((......)))..(((.........)))..........((((......)))).,11,-3.907,23,0.000012
5227,...........(((.............)))..........((.....))....(((......)))..,8,-3.907,10,0.000012
5228,.....(((((.(..(((((.....((...............)).....)))))..).)))....)).,13,-3.907,39,0.000012
5229,...........((((.(.....)...)))).............((.....))((((......)))).,11,-3.907,15,0.000012
5230,.......(....).(((....)))............((....))........((((......)))).,10,-3.907,26,0.000012
5231,.........(.((((.(((....)))))))..)....((.....))......(((.((...))))).,15,-3.906,15,0.000012
5232,.........(.((((.(((....)))))))..)....((.....))......((((.(...))))).,15,-3.906,12,0.000012
5233,..............(((....)))............((....))........(((.((...))))).,10,-3.906,30,0.000012
5234,..............(((....)))............((....))........((((.(...))))).,10,-3.906,27,0.000012
5235,....((((((.((.(((((..........(((.........)))....))))).)).)))....))),16,-3.906,44,0.000012
5236,.........(.((((.((......))))))..).......(.......)...((((......)))).,12,-3.906,6,0.000012
5237,...........((((...........))))......((....)).......(((.....).))....,9,-3.905,25,0.000012
5238,.......(((.(..((((...((....(((.........))).))....))))..).))).......,13,-3.905,41,0.000012
5239,.....(..((.((((.(((....)))))))..))..)((.....))......((((......)))).,16,-3.904,14,0.000012
5240,.........(.((((.(((....)))))))..).....(...).........((((......)))).,13,-3.904,8,0.000012
5241,..((....((.((((.(((....)))))))..))))....((.....))...((..((...)).)).,17,-3.904,15,0.000012
5242,...(.......)..(((....)))................((.....))...((((......)))).,10,-3.904,18,0.000012
5243,..............(.....).......((.........))...........((((......)))).,7,-3.904,20,0.000012
5244,...((..(((.((....)).)))..)).........(......)........((((......)))).,12,-3.904,28,0.000012
5245,..((...))..((((..((....)).))))....((....((.....)).))((((......)))).,16,-3.903,10,0.000012
5246,..............((......))....((.........))...........(((........))).,7,-3.903,23,0.000012
5247,...........(((.............)))......((....))........(((.((...))))).,10,-3.903,21,0.000012
5248,...........(((.............)))......((....))........((((.(...))))).,10,-3.903,18,0.000012
5249,......(.((.((((.(........)))))..))..)...((.....))...((((......)))).,14,-3.903,10,0.000012
5250,...........((((.((...))...))))..........((.....))...((((......)))).,12,-3.902,8,0.000012
5251,..((...))..((((.(((....)))))))......(((.....))..)...((((......)))).,16,-3.902,13,0.000012
5252,........((.((((.(((....)))))))..))....(.....).......((((......)))).,14,-3.902,10,0.000012
5253,........((.((((...........))))..))..................(((........))).,9,-3.902,16,0.000012
5254,..(.....)..(((..(((....))).)))..........(((...)))...(((.((...))))).,15,-3.901,11,0.000012
5255,..(.....)..(((..(((....))).)))..........(((...)))...((((.(...))))).,15,-3.901,8,0.000012
5256,...........((((.(((....)))))))......((....)).........((.((...))))..,13,-3.901,15,0.000012
5257,...........((((.(((....)))))))......((....)).........(((.(...))))..,13,-3.901,12,0.000012
5258,.....(((((.((.(((((..((....(((..(...)..))).))...))))).)).)))....)).,18,-3.901,45,0.000012
5259,...........((((.(((....))))))).......................((.((...)).)).,11,-3.901,15,0.000012
5260,..((...)).....((......))...(.((((.......)))).)......((((......)))).,13,-3.901,30,0.000012
5261,..(.....)....((((....))))...((.........))..((.....))((((......)))).,13,-3.9,28,0.000012
5262,.........(.((((((....)))...)))..)...(......)........((((......)))).,12,-3.9,19,0.000012
5263,..........((((.....)).))....((.........))..(((...)))((((......)))).,13,-3.9,29,0.000012
5264,.......(((.(..(((((...(...)...(((.......))).....)))))..).))).......,13,-3.9,41,0.000012
5265,..((...))(.((((.((......))))))..).......((.....))...((((......)))).,15,-3.9,8,0.000012
5266,.....(.(((.((.(((((..........((((.......))))....))))).)).)))....)..,15,-3.9,42,0.000012
5267,...........(.((.(((....))))).)..........((.....))...((((......)))).,12,-3.9,2,0.000012
5268,...(((..((.((((...........))))..))..).))............((((......)))).,13,-3.899,20,0.000012
5269,...(((..((.((((...........))))..))..)).)............((((......)))).,13,-3.899,20,0.000012
5270,..(.....)..((((.(((....)))))))...........((...))....((((......)))).,14,-3.899,6,0.000012
5271,..((....((.((((..((....)).))))..))))....((.....))...(((.((...))))).,17,-3.899,15,0.000012
5272,..((....((.((((..((....)).))))..))))....((.....))...((((.(...))))).,17,-3.899,12,0.000012
5273,..(.....)..((((..((....)).))))......((....)).......((...)).........,11,-3.899,23,0.000012
5274,...........((((.(((....)))))))..............((...)).(((........))).,12,-3.899,10,0.000012
5275,...........((((...........))))....(.....)............(((......)))..,8,-3.898,13,0.000012
5276,.......(((.(..(((((...........(....)............)))))..).))).......,10,-3.898,38,0.000012
5277,...........((((.(........)))))..(...)...(((...)))...((((......)))).,13,-3.898,8,0.000012
5278,..((....((.((((((....))...))))..))))....(((...)))...((((......)))).,17,-3.898,19,0.000012
5279,..(.....)..((((...........))))..(...)...((.....))...(((........))).,11,-3.898,12,0.000012
5280,...........((((...........))))(....)....(((...)))...((((......)))).,12,-3.898,10,0.000012
5281,................(((....)))..((.........))...........((((......)))).,9,-3.898,13,0.000012
5282,..(.....)(.((((.(((....)))))))..).......((.....))...(((........))).,14,-3.898,6,0.000012
5283,.......(((.((.(((((........((...........))......)))))).).))).......,12,-3.897,36,0.000012
5284,.......(((.((.(((((..((..(.(((.........))))))...))))).)).))).......,16,-3.897,42,0.000012
5285,...........((((..((....)).))))...(..........).......((((......)))).,11,-3.897,8,0.000012
5286,.....(((((.((..((((........(((..(...)..)))......))))..)).)))....)).,15,-3.897,41,0.000012
5287,.......(.(.((((...........))))..)...)...............((((......)))).,10,-3.897,14,0.000012
5288,...(((...(......).)))........((((.......))))........((((......)))).,12,-3.897,29,0.000012
5289,..((...))..((((((....))))...)).............(((...)))((((......)))).,15,-3.896,27,0.000012
5290,.......(((.(..(((((...(.........)....((.....))..)))))..).))).......,12,-3.896,42,0.000012
5291,.....(((((.((.(((((......(.(((.........)))).....))))).)).)))....)).,16,-3.896,40,0.000012
5292,..((...))..((((.(((....)))))))............(....)....((((......)))).,14,-3.896,9,0.000012
5293,...(...(((.(..(((((...(...)..((((.......))))....)))))..).)))..)....,15,-3.896,43,0.000012
5294,..((...))..((((...(....)..))))......................((((......)))).,11,-3.895,12,0.000012
5295,..........((((.....)).))...(((.........)))..........(((........))).,10,-3.895,25,0.000012
5296,..((...))(.((((.(((....)))))))..)....((.....))......((((......)))).,16,-3.895,14,0.000012
5297,......((((((..(((((...(...)..((((.......))))....)))))...))....)))).,16,-3.895,43,0.000012
5298,..((...))....((((....))))..(((.........))).((.....))((((......)))).,15,-3.895,30,0.000012
5299,...........((((.(((....)))))))....((.((.....))....))((((......)))).,15,-3.895,12,0.000012
5300,..(.....)..((((..((....)).))))........(......)......((((......)))).,12,-3.895,10,0.000012
5301,........((.((((..((....)).))))..))...(....).........((((......)))).,13,-3.895,12,0.000012
5302,.......(((.(..((....(((...........)))...(((...)))..))..).))).......,12,-3.894,38,0.000012
5303,...((..(((.(..(((((..............((.....))......)))))..).))).))....,13,-3.894,41,0.000012
5304,...((..(.(.((((..((....)).))))....).).))((.....))...((((......)))).,16,-3.894,10,0.000012
5305,...((........((((....))))........)).................((((......)))).,10,-3.894,25,0.000012
5306,...........((((.(((....)))))))....(.....)..((.....))....((...))....,12,-3.894,20,0.000012
5307,...........((((.(((....)))))))....((....((.....)).)).(((......)))..,14,-3.894,6,0.000012
5308,..((...))..((((..(......).))))..(...)...(((...)))...((((......)))).,15,-3.894,12,0.000012
5309,......((((.((((((((........(((.........)))......)))))...)).)..)))).,15,-3.893,38,0.000012
5310,...........((((.(((....)))))))..........((.....))....(..((...))..).,12,-3.893,11,0.000012
5311,..((....((.((((..((....)).))))..))))....(.......)...((((......)))).,15,-3.893,12,0.000012
5312,..(.....)..((((.(.(....)).))))..........((.....))...((((......)))).,13,-3.893,6,0.000012
5313,..((.......((((...........))))....))................((((......)))).,10,-3.892,14,0.000012
5314,..((...))..((((.(((....)))))))......((....)).......(((.....).))....,14,-3.892,23,0.000012
5315,.............((((....))))....(((.........)))........(((........))).,10,-3.892,27,0.000012
5316,..(.....)..((((..((....)).))))..(...)...(((...)))...(((........))).,14,-3.892,10,0.000012
5317,...........(((..(((....))).)))..(...)......((.....))((((......)))).,13,-3.892,12,0.000012
5318,...........((((.(.......).)))).............((.....))((((......)))).,11,-3.891,14,0.000012
5319,..((...))..(((..(((....))).)))..(.......)...........((((......)))).,13,-3.891,11,0.000012
5320,...((..(((.(..(((((..........((...........))....)))))..).))).))....,13,-3.891,42,0.000012
5321,.....(....)((((..((....)).))))..........((.....))...(((........))).,12,-3.891,6,0.000012
5322,..(((......((((.(((....)))))))...)))....((.....))...((..((...)).)).,16,-3.891,13,0.000012
5323,..(((....(.((((.(((....)))))))..))))....((.....))...((..((...)).)).,17,-3.891,15,0.000012
5324,...........((((..((....)).))))......((....)).(....).((((......)))).,13,-3.891,12,0.000012
5325,..((...)).....(((....)))..........(.....)...........((((......)))).,10,-3.891,26,0.000012
5326,......(...)((((...........))))......((....))........((((......)))).,11,-3.891,16,0.000012
5327,.........(.((((...........))))..)....................(((......)))..,8,-3.89,14,0.000012
5328,...........((((.(........))))).......((.....))......((((......)))).,11,-3.89,12,0.000012
5329,..(.....)..((((...........))))........(.....).......((((......)))).,10,-3.89,14,0.000012
5330,.....(....)...((......)).....(((.........)))........((((......)))).,10,-3.89,26,0.000012
5331,...........((((.(((....))))))).............((.....))(((.(.....)))).,13,-3.89,11,0.000012
5332,...(...)...((((.(((....)))))))......................(((.((...))))).,13,-3.89,11,0.000012
5333,...(...)...((((.(((....)))))))......................((((.(...))))).,13,-3.89,8,0.000012
5334,.......(((.(..(((((..((.(................).))...)))))..).))).......,12,-3.889,40,0.000012
5335,............(((((....)))).)......((.....))..........((((......)))).,11,-3.889,23,0.000012
5336,............(((((....))).))......((.....))..........((((......)))).,11,-3.889,23,0.000012
5337,...((.....)).(((......)))....(((.........)))........((((......)))).,12,-3.888,27,0.000012
5338,...........((((.(((....)))))))...((.....))...(...)..((((......)))).,14,-3.888,8,0.000012
5339,.....(..((.((.(((....)))....))..))..)...(((...)))...((((......)))).,15,-3.888,21,0.000012
5340,...........(((..(((....))).)))...(.......)..........((((......)))).,11,-3.888,7,0.000012
5341,..(.....)..((((..(......).))))..........((.....))...(((........))).,11,-3.888,8,0.000012
5342,...........(((..(((....))).))).(...)....((.....))...((((......)))).,13,-3.888,4,0.000012
5343,...........((((...........))))...........(....).....((((......)))).,9,-3.888,11,0.000012
5344,..((...))..(((.............)))....(.....)...........((((......)))).,10,-3.888,17,0.000012
5345,.....(...).((((.(((....))))))).............(((...)))((((......)))).,15,-3.887,12,0.000011
5346,.......(((.((..((((.....((.(((.........)))..))..)))).).).))).......,14,-3.887,39,0.000011
5347,......(..(.((((.(((....)))))))....).)...............((((......)))).,13,-3.887,8,0.000011
5348,..(.....)..((((..((....)).))))......((....))............((...))....,11,-3.887,23,0.000011
5349,...........((((..((....)).))))......((....))....(..((........)).)..,11,-3.887,20,0.000011
5350,..............(((....))).....((((.......))))((...)).((((......)))).,13,-3.887,30,0.000011
5351,.....(..((.((((.(((....)))))))..))..)...(((...)))...((..........)).,15,-3.887,12,0.000011
5352,..............(((....)))....((..(...)..))..(((...)))((((......)))).,13,-3.887,30,0.000011
5353,.............(((......)))...((..(...)..))...........((((......)))).,10,-3.887,23,0.000011
5354,..(((...(..((((.(((....))))))).).)))....((.....))...((..((...)).)).,17,-3.887,15,0.000011
5355,..((...)).((.((.....))))...(((.........)))..........((((......)))).,13,-3.886,27,0.000011
5356,.......(((.((.(((((..(......((.........))....)..))))).)).))).......,13,-3.886,39,0.000011
5357,..........(..(((......))).)......((.....))..........((((......)))).,10,-3.886,23,0.000011
5358,.........(.((((.(((....)))))))..)..........((.....))....((...))....,12,-3.886,21,0.000011
5359,..((...))..((((.(((....)))))))....(.....)............(((......)))..,13,-3.886,11,0.000011
5360,..((...))..((((..(......).)))).......((.....))......((((......)))).,13,-3.885,16,0.000011
5361,..(((......((((..((....)).))))...)))....((.....))...(((.((...))))).,16,-3.885,13,0.000011
5362,..(((......((((..((....)).))))...)))....((.....))...((((.(...))))).,16,-3.885,10,0.000011
5363,...........((((.(((....))))))).......(....).(.....).((((......)))).,13,-3.885,8,0.000011
5364,..((...)).....(((....)))..(.........)...............((((......)))).,10,-3.885,26,0.000011
5365,..(((....(.((((..((....)).))))..))))....((.....))...(((.((...))))).,17,-3.885,15,0.000011
5366,..(((....(.((((..((....)).))))..))))....((.....))...((((.(...))))).,17,-3.885,12,0.000011
5367,..((...))..((((.(((....)))))))(....)....(((...)))...((((......)))).,17,-3.885,8,0.000011
5368,..(((......((((((....))...))))...)))....(((...)))...((((......)))).,16,-3.885,17,0.000011
5369,..(.....)..(((..(((....))).)))..........((.....))....(((......)))..,12,-3.885,6,0.000011
5370,..(((....(.((((((....))...))))..))))....(((...)))...((((......)))).,17,-3.885,19,0.000011
5371,..(.....)..((((((....))))..............))...........((((......)))).,11,-3.884,24,0.000011
5372,...((..(((.(......).)))..)).((..(...)..))...........((((......)))).,13,-3.884,29,0.000011
5373,...........((((...........)))).............((.....))(((.((...))))).,11,-3.883,19,0.000011
5374,...........((((...........)))).............((.....))((((.(...))))).,11,-3.883,16,0.000011
5375,...........((((..((....)).))))..................(..((...)).).......,9,-3.883,18,0.000011
5376,..(.....)..((((..((....)).)))).......((.....))......(((........))).,12,-3.883,14,0.000011
5377,...........((((.(((....))))))).............(((...)))((..((...)).)).,14,-3.883,17,0.000011
5378,..((...))..((((((....)))...))).............(((...)))((((......)))).,15,-3.883,25,0.000011
5379,...........((((.(((....))))))).......................((...)).......,9,-3.883,14,0.000011
5380,.......(((.(......).)))...........(.....)...........((((......)))).,9,-3.883,25,0.000011
5381,...(....((.((((..((....)).))))..))).((....))........((((......)))).,15,-3.883,16,0.000011
5382,.........(.((((.(((....)))))))..)..((.(......)..))..((((......)))).,15,-3.883,11,0.000011
5383,..((....((.(((((......)))...))..))))....((.....))...((((......)))).,15,-3.883,20,0.000011
5384,.....(((((.(..(((((.......((.......))...........)))))..).)))....)).,13,-3.882,40,0.000011
5385,..........((..........))....(.......)...((.....))...((((......)))).,9,-3.882,17,0.000011
5386,.......(((.(..(((((..(.....((...........))...)..)))))..).))).......,12,-3.882,38,0.000011
5387,..((...))..((...............))..........((.....))...((((......)))).,10,-3.882,14,0.000011
5388,..............(((....)))...(((..(...)..)))..........(((........))).,10,-3.882,26,0.000011
5389,...........((((.(((....)))))))..........((.....))..(.((...))..)....,12,-3.881,11,0.000011
5390,..........((.((.....))))...(((.........))).((.....))((((......)))).,13,-3.881,27,0.000011
5391,..(((...(..((((..((....)).)))).).)))....((.....))...(((.((...))))).,17,-3.881,15,0.000011
5392,..(((...(..((((..((....)).)))).).)))....((.....))...((((.(...))))).,17,-3.881,12,0.000011
5393,...((......((((...........))))........))((.....))...((((......)))).,12,-3.88,10,0.000011
5394,..(.....)..(((..(((....))).)))......((....))........(((.((...))))).,14,-3.88,17,0.000011
5395,..(.....)..(((..(((....))).)))......((....))........((((.(...))))).,14,-3.88,14,0.000011
5396,.......(....)((((....))))...............((.....))...((((......)))).,11,-3.88,18,0.000011
5397,..(((...(..((((((....))...)))).).)))....(((...)))...((((......)))).,17,-3.88,19,0.000011
5398,...........((((..((....)).))))..................(..((........))..).,9,-3.88,16,0.000011
5399,............(((.(((....))))))...(...)...((.....))...((((......)))).,13,-3.88,4,0.000011
5400,...(((...(.....)..)))........(((.........)))........((((......)))).,11,-3.88,29,0.000011
5401,..(((......((((..((....)).))))...)))....(.......)...((((......)))).,14,-3.88,10,0.000011
5402,..(((....(.((((..((....)).))))..))))....(.......)...((((......)))).,15,-3.88,12,0.000011
5403,.......(((.((..((((..((..((.............)).))...))))..)).))).......,13,-3.88,40,0.000011
5404,..((...))....((((....)))).....(((.......))).........((((......)))).,13,-3.879,29,0.000011
5405,.......(((.((.(((((..((......(((.........)))))..))))).)).))).......,15,-3.879,44,0.000011
5406,...........((((..(......).))))(((.......))).........((((......)))).,12,-3.879,12,0.000011
5407,..(.....).((..........))....((.........))...........((((......)))).,9,-3.879,23,0.000011
5408,......((((.((((..(......).))))....(((..((..(((...)))..)).)))..)))).,17,-3.879,33,0.000011
5409,..............(........).....((((.......))))........((((......)))).,9,-3.879,23,0.000011
5410,......((((.(..(((((........(((..(...)..)))......)))))..).)).....)).,14,-3.879,39,0.000011
5411,...........((((((....))...))))......................(((........))).,9,-3.879,15,0.000011
5412,..(.....)..((((..((....)).))))....(((....................))).......,10,-3.878,22,0.000011
5413,.....(..((.((((.(.....)...))))..))..)...(((...)))...((((......)))).,15,-3.878,15,0.000011
5414,..............(((....))).....((..((.....))))........((((......)))).,11,-3.878,26,0.000011
5415,.............((((....))))..(((.........)))..(.....).((((......)))).,12,-3.878,24,0.000011
5416,...........((((..((....)).)))).............(((...)))(((.((...))))).,14,-3.877,17,0.000011
5417,...........((((..((....)).)))).............(((...)))((((.(...))))).,14,-3.877,14,0.000011
5418,..((....((.((((...........))))..))))....(((...)))...(((........))).,14,-3.877,18,0.000011
5419,...........((((.(((....))))))).....((....((...))))..((((......)))).,15,-3.877,7,0.000011
5420,.......(((.(......).)))...(.........)...............((((......)))).,9,-3.877,25,0.000011
5421,(...)......((((...........))))..........(((...)))...((((......)))).,12,-3.877,10,0.000011
5422,...........((((((....)))..((.......)).)))...........((((......)))).,12,-3.877,25,0.000011
5423,...........((((.(((....)))))))....(((..((((...)))......).))).......,14,-3.877,17,0.000011
5424,...........((((..((....)).))))............(......)..((((......)))).,11,-3.877,8,0.000011
5425,.........(.(..(((((.....(((.............))).....)))))..).).........,10,-3.876,33,0.000011
5426,...........((((..((....)).)))).((.......))..........(((........))).,11,-3.876,10,0.000011
5427,..(.....)....(((......)))....(((.........)))........((((......)))).,11,-3.876,26,0.000011
5428,...((..(((.((....)).)))..)).((..(...)..))...........((((......)))).,14,-3.876,29,0.000011
5429,.........(...((((....)))).......).......((.....))...((((......)))).,11,-3.875,19,0.000011
5430,..(((........((((....))))........))).......((.....))((((......)))).,13,-3.875,31,0.000011
5431,..(((...(..((((..((....)).)))).).)))....(.......)...((((......)))).,15,-3.875,12,0.000011
5432,...((....................))..((((.......))))........((((......)))).,10,-3.875,25,0.000011
5433,..((...))..((((.(((....)))))))...........(....).....((((......)))).,14,-3.875,9,0.000011
5434,..((....((.((((..((....)).))))..)))).((.....))......((((......)))).,16,-3.875,18,0.000011
5435,.......(((.((....)).)))...........(.....)...........((((......)))).,10,-3.875,25,0.000011
5436,..(((.......(((.(((....))))))....)))....((.....))...((((......)))).,15,-3.875,8,0.000011
5437,...........(((..(((....))).)))..........(((...)))...((..........)).,11,-3.875,8,0.000011
5438,.........(.((((.(((....)))))))....).....((.....))...(((........))).,13,-3.874,4,0.000011
5439,...((......((((..((....)).))))........))(((...)))...((((......)))).,15,-3.874,8,0.000011
5440,..............(((....)))..((.......))...(((...)))...(((........))).,11,-3.874,23,0.000011
5441,.......(((.(..(((((...(...)..((...........))....)))))..).))).......,12,-3.874,40,0.000011
5442,.......(((.(..((((..((.............))...((.....))))))..).))).......,12,-3.874,36,0.000011
5443,...((..(((..........)))..))..((((.......))))........(((.((...))))).,14,-3.874,36,0.000011
5444,...((..(((..........)))..))..((((.......))))........((((.(...))))).,14,-3.874,33,0.000011
5445,..........((..(.....).))............................((((......)))).,7,-3.874,21,0.000011
5446,...((.....))..(((....)))....(.......)...(((...)))...((((......)))).,13,-3.873,23,0.000011
5447,...........((((...........))))..........((.....))..(.....).........,7,-3.873,16,0.000011
5448,.......(((.(..(((((..((....(((..(...)..)))..))..)))))..).))).......,15,-3.873,43,0.000011
5449,...(...)...((((..((....)).)))).....((...........))..((((......)))).,13,-3.872,11,0.000011
5450,.....(((((.((.(((((..((....(((.........))).))...)))))).).)))....)).,17,-3.872,43,0.000011
5451,............(((...........))).......................((((......)))).,7,-3.872,12,0.000011
5452,.........(.((((..(....)...))))..).......(((...)))...((((......)))).,13,-3.872,11,0.000011
5453,.....(..((.((((.(((....)))))))..))..)...(((...)))..((........))....,15,-3.871,18,0.000011
5454,....((..((.(((.............)))..))..))..(((...)))...((((......)))).,14,-3.871,18,0.000011
5455,.......(.(.((((.(((....)))))))....).)...............(((........))).,12,-3.871,10,0.000011
5456,..(.....)..((((((....)))..............)))...........((((......)))).,11,-3.871,25,0.000011
5457,..(.....)..((((.(((....)))))))....(((..(...(((...)))...).))).......,15,-3.871,27,0.000011
5458,..((...))..((((.(((....))))))).............((.....))(((.((...))))).,16,-3.871,17,0.000011
5459,..((...))..((((.(((....))))))).............((.....))((((.(...))))).,16,-3.871,14,0.000011
5460,.......(((.((.(((...(((...........)))...((.....)).))).)).))).......,13,-3.87,37,0.000011
5461,..(((.........)))...(((...........)))...............((((......)))).,10,-3.87,28,0.000011
5462,....((..((.((((.(((....)))))))..))..))..(((...)))....(((......)))..,17,-3.869,12,0.000011
5463,...((......((((..((....)).))))...)).((....))........((((......)))).,14,-3.869,14,0.000011
5464,..(((......(((((......)))...))...)))....((.....))...((((......)))).,14,-3.869,18,0.000011
5465,...((....(.((((..((....)).))))..))).((....))........((((......)))).,15,-3.869,16,0.000011
5466,.......(...((((..((....)).))))......)...............((((......)))).,11,-3.869,8,0.000011
5467,..(((....(.(((((......)))...))..))))....((.....))...((((......)))).,15,-3.869,20,0.000011
5468,..((....((.(((((......))...)))..))))....((.....))...((((......)))).,15,-3.869,18,0.000011
5469,.......(((.(..(((((...(...........)..((.....))..)))))..).))).......,12,-3.869,42,0.000011
5470,.......(((.((....)).)))...(.........)...............((((......)))).,10,-3.869,25,0.000011
5471,......(.((.(..(((((..........((((.......))))....)))))..).))..).....,13,-3.869,41,0.000011
5472,..(.....)...((.....))......(((.........)))..........((((......)))).,10,-3.868,23,0.000011
5473,.....(((((.(..((((.........(((.........))).......))))..).)))....)).,13,-3.868,39,0.000011
5474,...........(.((((((.(((..............................))).)).)))).).,10,-3.867,34,0.000011
5475,...........((((.(((....)))))))..........(((...)))......(......)....,11,-3.867,8,0.000011
5476,...........((((..((....)).))))..........(((...)))..(.....).........,10,-3.867,14,0.000011
5477,..(.....).(..((((....)))).)(((.........)))..........((((......)))).,13,-3.867,25,0.000011
5478,.......(((.((((.(((....)))))))....(((....................)))..)))..,13,-3.866,21,0.000011
5479,..((...))..(.((((((.((((.....((((.......)))).......)).)).)).)))).).,17,-3.866,44,0.000011
5480,..((...))..(.((((((.((((.....((((.......)))).......).))).)).)))).).,17,-3.866,44,0.000011
5481,..........(..((((....)))).).((.........))..(((...)))((((......)))).,14,-3.866,29,0.000011
5482,.....(....)((((.(((....)))))))..........(((...)))...(((.((...))))).,16,-3.866,9,0.000011
5483,.....(....)((((.(((....)))))))..........(((...)))...((((.(...))))).,16,-3.866,6,0.000011
5484,...........((((..((....)).))))...(........).........((((......)))).,11,-3.866,8,0.000011
5485,..(.....).....((......))...(((..(...)..)))..........((((......)))).,11,-3.866,25,0.000011
5486,..........((.((.....))))......(((.......))).........((((......)))).,11,-3.866,26,0.000011
5487,.....(((((.(..((((..(((...........)))...((.....))))))..).)))....)).,15,-3.865,40,0.000011
5488,........((.((((.(........)))))..))......((.....))...((((......)))).,13,-3.865,8,0.000011
5489,...((...(..((((..((....)).)))).).)).((....))........((((......)))).,15,-3.865,16,0.000011
5490,...((..(((...((((....)))).)).).)).......(((...)))...((((......)))).,16,-3.865,26,0.000011
5491,..(((...(..(((((......)))...)).).)))....((.....))...((((......)))).,15,-3.865,20,0.000011
5492,..(.....)..((((.(((....))))))).....((((.....))..))..((((......)))).,16,-3.865,13,0.000011
5493,.....(...).((((..((....)).))))..(...)...((.....))...((((......)))).,14,-3.864,6,0.000011
5494,...........((((.(((....)))))))..........((.....))...(......).......,10,-3.864,9,0.000011
5495,.....(.(((.(..(((((.....(((.............))).....)))))..).))).).....,13,-3.864,39,0.000011
5496,..........(((((..((....)).))))....).................((((......)))).,11,-3.864,8,0.000011
5497,..(((......((((...........))))...)))....(((...)))...(((........))).,13,-3.864,16,0.000011
5498,..(((....(.((((...........))))..))))....(((...)))...(((........))).,14,-3.864,18,0.000011
5499,...........((((.(((....))))))).....(....(((...))))..((((......)))).,15,-3.864,4,0.000011
5500,..(((.....(..(((......))).)......)))....((.....))...((((......)))).,13,-3.864,23,0.000011
5501,.........(.((((((....))))...))..).......(((...)))...(((........))).,13,-3.863,19,0.000011
5502,..(((.........)))............((((.......))))........((((......)))).,11,-3.863,27,0.000011
5503,...........((((((....))))...)).......................(((......)))..,9,-3.863,19,0.000011
5504,.......(((.(..(((((......(...(((.........))).)..)))))..).))).......,13,-3.863,41,0.000011
5505,..(.....)..((((.((......))))))..........(((...)))...(((.((...))))).,15,-3.863,11,0.000011
5506,..(.....)..((((.((......))))))..........(((...)))...((((.(...))))).,15,-3.863,8,0.000011
5507,..(.....)..(((((......)...))))......................((((......)))).,10,-3.863,14,0.000011
5508,.....(..((.((((.(.......).))))..))..)...(((...)))...((((......)))).,15,-3.862,14,0.000011
5509,......(.((.((((.(((....)))))))..))..)((.....))......((((......)))).,16,-3.862,14,0.000011
5510,...((........(((......)))......)).......(((...)))...((((......)))).,12,-3.862,22,0.000011
5511,...((..(((.(..(((((.....(((.((.....))...))).....)))))..).))).))....,16,-3.862,42,0.000011
5512,.........(.((((.(((....)))))))..).......(.(...).)...((((......)))).,14,-3.862,6,0.000011
5513,...........((((...........))))..........((.....)).......(.....)....,7,-3.862,15,0.000011
5514,..(((......((((..((....)).))))...))).((.....))......((((......)))).,15,-3.861,16,0.000011
5515,...........(((((......)))...)).............(((...)))((((......)))).,12,-3.861,22,0.000011
5516,..(((....(.((((..((....)).))))..)))).((.....))......((((......)))).,16,-3.861,18,0.000011
5517,...((..(((.(......).)))..)).............(((...)))...(((........))).,12,-3.861,26,0.000011
5518,.......(((.((.(((((.(((...........)))(.......)..))))).)).))).......,14,-3.861,44,0.000011
5519,.......(((.((.(((((.....(...((.........)).).....))))).)).))).......,13,-3.861,38,0.000011
5520,...(...)...((((.(((....)))))))...((.....)).((.....))((((......)))).,16,-3.861,12,0.000011
5521,.....(..((.((((.(((....)))))))..))..)...(((...)))...(((.(.....)))).,17,-3.861,11,0.000011
5522,..............(((....)))..((.(....)))...(((...)))...((((......)))).,13,-3.861,22,0.000011
5523,...(...)..(..((((....)))).)..(((.........)))........((((......)))).,13,-3.861,28,0.000011
5524,..((...))..((((.(((....)))))))..........((.....))..(.....).........,12,-3.86,14,0.000011
5525,...........((((..((....)).))))..(...)...((.....))...((..((...)).)).,13,-3.86,11,0.000011
5526,...........((((.(((....)))))))...((.....)).........................,9,-3.86,14,0.000011
5527,..((....((.((((..(......).))))..))))................((((......)))).,13,-3.86,16,0.000011
5528,...........((((.(((....)))))))....(((......(((...)))..........)))..,13,-3.86,21,0.000011
5529,...((......(((..(((....))).))).)).......((.....))...((((......)))).,14,-3.86,6,0.000011
5530,.............(((......)))..(((.........))).((.....))((((......)))).,12,-3.86,25,0.000011
5531,..(((...(..((((...........)))).).)))....(((...)))...(((........))).,14,-3.859,18,0.000011
5532,...........(((..(((....))).)))..........(((...)))..((........))....,11,-3.859,14,0.000011
5533,...(...(((.((.(((((........(((..(...)..)))......))))).)).)))..)....,15,-3.859,40,0.000011
5534,..((...))..((((...........))))..............((...)).((((......)))).,12,-3.859,18,0.000011
5535,.......(((.((.(((((...(.(((.............))).)...))))).)).))).......,14,-3.859,39,0.000011
5536,..((...))...(((.(((....)))))).......................((((......)))).,12,-3.859,10,0.000011
5537,.....(..((.(((..((......)).)))..))..)...((.....))...((((......)))).,14,-3.859,10,0.000011
5538,...........((((.(((....)))))))......((....))....(..(((.....).)).)..,13,-3.859,19,0.000011
5539,..(.....).....((......))..((.......))...(((...)))...((((......)))).,12,-3.858,22,0.000011
5540,...........((((..((....)).))))......................((..(.....).)).,9,-3.858,11,0.000011
5541,.......(((.(..(((((.................(......)....)))))..).))).......,10,-3.858,38,0.000011
5542,...((.(.((.((((..((....)).))))..))..).))............((((......)))).,15,-3.858,16,0.000011
5543,...........((((.(((....)))))))........(.....).......(((........))).,11,-3.858,8,0.000011
5544,.....(((((.(..(((((....(.....)......((....))....)))))..).)))....)).,14,-3.858,42,0.000011
5545,.......(((.(..((((...........(((.........))).....))))..).))).......,11,-3.857,40,0.000011
5546,......((((.((((.(((....)))))))....(((......(.......).....)))..)))).,15,-3.857,24,0.000011
5547,.......(((.((.(((((...(.....).......((....))....))))).)).))).......,13,-3.857,41,0.000011
5548,...........((((..((....)).))))....(((...((.....))........))).......,11,-3.857,16,0.000011
5549,..(((...(..((((..((....)).)))).).))).((.....))......((((......)))).,16,-3.857,18,0.000011
5550,.......(((.(..(((((....(.....)(((.......))).....)))))..).))).......,13,-3.857,40,0.000011
5551,...............((....))....(((.........)))..........((((......)))).,9,-3.857,22,0.000011
5552,.......(((.(..(((............((((.......))))......)))..).))).......,11,-3.857,40,0.000011
5553,..............(((....)))....((.....))......((.....))((((......)))).,11,-3.857,27,0.000011
5554,......(.....).......(((...........)))...(((...)))...((((......)))).,11,-3.857,23,0.000011
5555,(...)......((((...........))))......((....))........((((......)))).,11,-3.856,16,0.000011
5556,..(((......(((((......))...)))...)))....((.....))...((((......)))).,14,-3.856,16,0.000011
5557,..((...))..((((((....))))...)).....((...........))..((((......)))).,14,-3.856,24,0.000011
5558,...(....(..((((.(((....))))))).)).......((.....))...((((......)))).,15,-3.856,4,0.000011
5559,..(((....(.(((((......))...)))..))))....((.....))...((((......)))).,15,-3.856,18,0.000011
5560,..............((......))..........(.....)...........((((......)))).,7,-3.856,21,0.000011
5561,..(.....).(..(((......))).).............((.....))...((((......)))).,11,-3.856,19,0.000011
5562,..((...)).....((......))....((.....))...((.....))...((((......)))).,12,-3.856,22,0.000011
5563,......((((.((((.(((....)))))))....(((.(.((.....)).....)..)))..)))).,17,-3.855,19,0.000011
5564,...........((((..((....)).))))..........(((...))).......(.....)....,10,-3.855,13,0.000011
5565,..(.....).....(((....)))........(...)...(((...)))...((((......)))).,12,-3.855,23,0.000011
5566,...........((((.(((....)))))))....(((...(..(((...))).)...))).......,14,-3.855,24,0.000011
5567,.....(.....((((...........))))......)...............((((......)))).,9,-3.855,12,0.000011
5568,.......(((.(..(((((..(.......(((.........))).)..)))))..).))).......,13,-3.855,42,0.000011
5569,.....(..((.((((...........))))..))..)...(((...)))...(((.((...))))).,15,-3.855,19,0.000011
5570,.....(..((.((((...........))))..))..)...(((...)))...((((.(...))))).,15,-3.855,16,0.000011
5571,..((...))..((((...........))))..........((.....))..((...)).........,10,-3.854,21,0.000011
5572,...((..(((.(......).)))..)).....(...)...............((((......)))).,11,-3.854,28,0.000011
5573,...........(((..(((....))).)))......((....))........((..........)).,10,-3.854,14,0.000011
5574,.....(((((.(..(((((......(.(((.........)))..)...)))))..).)))....)).,15,-3.854,40,0.000011
5575,...........(((........................)))...........((((......)))).,7,-3.853,20,0.000011
5576,...........((((.((......))))))..(...)......((.....))((((......)))).,13,-3.853,12,0.000011
5577,...((..(((.((....)).)))..)).............(((...)))...(((........))).,13,-3.853,26,0.000011
5578,.......(((.((.(((((.....((...(((.........)))))..))))).)).))).......,15,-3.853,42,0.000011
5579,(.......)..((((.(((....)))))))..(...)...((.....))...((((......)))).,15,-3.853,4,0.000011
5580,..((...))..((((.((......))))))..(.......)...........((((......)))).,13,-3.853,11,0.000011
5581,..............(..((....)).)..((((.......))))........((((......)))).,11,-3.853,17,0.000011
5582,...(....((.(((..(((....))).)))..))).....((.....))...((((......)))).,15,-3.853,8,0.000011
5583,...(...)..((..........)).....((((.......))))........((((......)))).,11,-3.853,27,0.000011
5584,.......(((.(..(((((.((.............))...........)))))..).))).......,11,-3.852,40,0.000011
5585,..........(..((((....)))).).........................(((........))).,8,-3.852,24,0.000011
5586,..(.....)..(((.............)))..(...)...(((...)))...((((......)))).,12,-3.852,14,0.000011
5587,...........((((.(((....)))))))..................(..(((.....).))..).,11,-3.852,15,0.000011
5588,..(((...(..(((((......))...))).).)))....((.....))...((((......)))).,15,-3.851,18,0.000011
5589,...........((((...........)))).(.((.....))..).......((((......)))).,11,-3.851,14,0.000011
5590,.....(....)(((.............)))..........((.....))...((((......)))).,10,-3.851,10,0.000011
5591,.......(((.(..(((((..(..(..(((..(...)..)))..))..)))))..).))).......,15,-3.851,42,0.000011
5592,......(.(..((((.(((....))))))).)....)...((.....))...((((......)))).,15,-3.851,4,0.000011
5593,...........((((((....))))...))...((.....)).(((...)))((((......)))).,15,-3.851,25,0.000011
5594,.........(.((((..(....)...))))..)...((....))........((((......)))).,12,-3.851,17,0.000011
5595,..(.....)..((((.(((....)))))))..(.......)...........(((........))).,12,-3.851,9,0.000011
5596,...........((((..((....)).)))).......(....).........(((........))).,10,-3.851,10,0.000011
5597,..............((......))..(.........)...............((((......)))).,7,-3.85,21,0.000011
5598,..(.....)..((((.(((....)))))))..(...)...(((...)))....(((......)))..,15,-3.85,8,0.000011
5599,.........(.((((((....)))...)))..).......(((...)))...(((........))).,13,-3.85,17,0.000011
5600,.......(((.((.(((((.....((.((...........))..))..))))).)).))).......,14,-3.85,38,0.000011
5601,...........((((.((......))))))...(.......)..........((((......)))).,11,-3.85,7,0.000011
5602,...........((((((....)))...))).......................(((......)))..,9,-3.85,17,0.000011
5603,...........((((.((......)))))).(...)....((.....))...((((......)))).,13,-3.85,4,0.000011
5604,...(.......).((((....))))...((.........))...........((((......)))).,11,-3.85,23,0.000011
5605,.....(....)((((.(((....)))))))..........((.....))....(((......)))..,13,-3.849,4,0.000011
5606,...........(.(((.((.(((....(((.........)))...........))).))..))).).,12,-3.849,34,0.000011
5607,..((...))..((((.(((....)))))))..........((.....)).......(.....)....,12,-3.849,13,0.000011
5608,...........(((..(((....))).)))..........(((...)))...(((.(.....)))).,13,-3.849,7,0.000011
5609,..........((.((.....))))..(.........)...((.....))...((((......)))).,11,-3.849,19,0.000011
